Year,Year_Ceremony,Ceremony,Category_Globes,Film,Nominee,Win_Globe,Song_Title,Country
2024,2025,82,Best Performance in a Motion Picture – Drama – Actor,The Brutalist,Adrien Brody,TRUE,,
2024,2025,82,Best Performance in a Motion Picture – Drama – Actor,A Complete Unknown,Timothée Chalamet,FALSE,,
2024,2025,82,Best Performance in a Motion Picture – Drama – Actor,Queer,Daniel Craig,FALSE,,
2024,2025,82,Best Performance in a Motion Picture – Drama – Actor,Sing Sing,Colman Domingo,FALSE,,
2024,2025,82,Best Performance in a Motion Picture – Drama – Actor,Conclave,Ralph Fiennes,FALSE,,
2024,2025,82,Best Performance in a Motion Picture – Drama – Actor,The Apprentice,Sebastian Stan,FALSE,,
2024,2025,82,Best Performance in a Motion Picture – Drama – Actress,I'm Still Here,Fernanda Torres,TRUE,,
2024,2025,82,Best Performance in a Motion Picture – Drama – Actress,The Last Showgirl,Pamela Anderson,FALSE,,
2024,2025,82,Best Performance in a Motion Picture – Drama – Actress,Maria,Angelina Jolie,FALSE,,
2024,2025,82,Best Performance in a Motion Picture – Drama – Actress,Babygirl,Nicole Kidman,FALSE,,
2024,2025,82,Best Performance in a Motion Picture – Drama – Actress,The Room Next Door,Tilda Swinton,FALSE,,
2024,2025,82,Best Performance in a Motion Picture – Drama – Actress,Lee,Kate Winslet,FALSE,,
2024,2025,82,Best Performance in a Motion Picture – Musical or Comedy – Actor,A Different Man,Sebastian Stan,TRUE,,
2024,2025,82,Best Performance in a Motion Picture – Musical or Comedy – Actor,A Real Pain,Jesse Eisenberg,FALSE,,
2024,2025,82,Best Performance in a Motion Picture – Musical or Comedy – Actor,Heretic,Hugh Grant,FALSE,,
2024,2025,82,Best Performance in a Motion Picture – Musical or Comedy – Actor,Saturday Night,Gabriel LaBelle,FALSE,,
2024,2025,82,Best Performance in a Motion Picture – Musical or Comedy – Actor,Kinds of Kindness,Jesse Plemons,FALSE,,
2024,2025,82,Best Performance in a Motion Picture – Musical or Comedy – Actor,Hit Man,Glen Powell,FALSE,,
2024,2025,82,Best Performance in a Motion Picture – Musical or Comedy – Actress,The Substance,Demi Moore,TRUE,,
2024,2025,82,Best Performance in a Motion Picture – Musical or Comedy – Actress,Nightbitch,Amy Adams,FALSE,,
2024,2025,82,Best Performance in a Motion Picture – Musical or Comedy – Actress,Wicked,Cynthia Erivo,FALSE,,
2024,2025,82,Best Performance in a Motion Picture – Musical or Comedy – Actress,Emilia Pérez,Karla Sofía Gascón,FALSE,,
2024,2025,82,Best Performance in a Motion Picture – Musical or Comedy – Actress,Anora,Mikey Madison,FALSE,,
2024,2025,82,Best Performance in a Motion Picture – Musical or Comedy – Actress,Challengers,Zendaya,FALSE,,
2024,2025,82,Best Supporting Performance in a Motion Picture – Supporting Actor,A Real Pain,Kieran Culkin,TRUE,,
2024,2025,82,Best Supporting Performance in a Motion Picture – Supporting Actor,Anora,Yura Borisov,FALSE,,
2024,2025,82,Best Supporting Performance in a Motion Picture – Supporting Actor,A Complete Unknown,Edward Norton,FALSE,,
2024,2025,82,Best Supporting Performance in a Motion Picture – Supporting Actor,The Brutalist,Guy Pearce,FALSE,,
2024,2025,82,Best Supporting Performance in a Motion Picture – Supporting Actor,The Apprentice,Jeremy Strong,FALSE,,
2024,2025,82,Best Supporting Performance in a Motion Picture – Supporting Actor,Gladiator II,Denzel Washington,FALSE,,
2024,2025,82,Best Supporting Performance in a Motion Picture – Supporting Actress,Emilia Pérez,Zoe Saldaña,TRUE,,
2024,2025,82,Best Supporting Performance in a Motion Picture – Supporting Actress,Emilia Pérez,Selena Gomez,FALSE,,
2024,2025,82,Best Supporting Performance in a Motion Picture – Supporting Actress,Wicked,Ariana Grande,FALSE,,
2024,2025,82,Best Supporting Performance in a Motion Picture – Supporting Actress,The Brutalist,Felicity Jones,FALSE,,
2024,2025,82,Best Supporting Performance in a Motion Picture – Supporting Actress,The Substance,Margaret Qualley,FALSE,,
2024,2025,82,Best Supporting Performance in a Motion Picture – Supporting Actress,Conclave,Isabella Rossellini,FALSE,,
2024,2025,82,Best Director,The Brutalist,Brady Corbet,TRUE,,
2024,2025,82,Best Director,Emilia Pérez,Jacques Audiard,FALSE,,
2024,2025,82,Best Director,Anora,Sean Baker,FALSE,,
2024,2025,82,Best Director,Conclave,Edward Berger,FALSE,,
2024,2025,82,Best Director,The Substance,Coralie Fargeat,FALSE,,
2024,2025,82,Best Director,All We Imagine as Light,Payal Kapadia,FALSE,,
2024,2025,82,Best Screenplay,Conclave,Peter Straughan,TRUE,,
2024,2025,82,Best Screenplay,Emilia Pérez,Jacques Audiard,FALSE,,
2024,2025,82,Best Screenplay,Anora,Sean Baker,FALSE,,
2024,2025,82,Best Screenplay,The Brutalist,Brady Corbet,FALSE,,
2024,2025,82,Best Screenplay,The Brutalist,Mona Fastvold,FALSE,,
2024,2025,82,Best Screenplay,A Real Pain,Jesse Eisenberg,FALSE,,
2024,2025,82,Best Screenplay,The Substance,Coralie Fargeat,FALSE,,
2024,2025,82,Best Original Score,Challengers,Trent Reznor,TRUE,,
2024,2025,82,Best Original Score,Challengers,Atticus Ross,TRUE,,
2024,2025,82,Best Original Score,Conclave,Volker Bertelmann,FALSE,,
2024,2025,82,Best Original Score,The Brutalist,Daniel Blumberg,FALSE,,
2024,2025,82,Best Original Score,The Wild Robot,Kris Bowers,FALSE,,
2024,2025,82,Best Original Score,Emilia Pérez,Clément Ducol,FALSE,,
2024,2025,82,Best Original Score,Emilia Pérez,Camille,FALSE,,
2024,2025,82,Best Original Score,Dune: Part Two,Hans Zimmer,FALSE,,
2024,2025,82,Best Original Song,Emilia Pérez,Clément Ducol,TRUE,"""El Mal""",
2024,2025,82,Best Original Song,Emilia Pérez,Camille,TRUE,"""El Mal""",
2024,2025,82,Best Original Song,Emilia Pérez,Jacques Audiard,TRUE,"""El Mal""",
2024,2025,82,Best Original Song,The Last Showgirl,Andrew Wyatt,FALSE,"""Beautiful That Way""",
2024,2025,82,Best Original Song,The Last Showgirl,Miley Cyrus,FALSE,"""Beautiful That Way""",
2024,2025,82,Best Original Song,The Last Showgirl,Lykke Li,FALSE,"""Beautiful That Way""",
2024,2025,82,Best Original Song,Challengers,Trent Reznor,FALSE,"""Compress / Repress""",
2024,2025,82,Best Original Song,Challengers,Atticus Ross,FALSE,"""Compress / Repress""",
2024,2025,82,Best Original Song,Challengers,Luca Guadagnino,FALSE,"""Compress / Repress""",
2024,2025,82,Best Original Song,Better Man,Robbie Williams,FALSE,"""Forbidden Road""",
2024,2025,82,Best Original Song,Better Man,Freddy Wexler,FALSE,"""Forbidden Road""",
2024,2025,82,Best Original Song,Better Man,Sacha Skarbek,FALSE,"""Forbidden Road""",
2024,2025,82,Best Original Song,The Wild Robot,Delacey,FALSE,"""Kiss the Sky""",
2024,2025,82,Best Original Song,The Wild Robot,Jordan K. Johnson,FALSE,"""Kiss the Sky""",
2024,2025,82,Best Original Song,The Wild Robot,Stefan Johnson,FALSE,"""Kiss the Sky""",
2024,2025,82,Best Original Song,The Wild Robot,Maren Morris,FALSE,"""Kiss the Sky""",
2024,2025,82,Best Original Song,The Wild Robot,Michael Pollack,FALSE,"""Kiss the Sky""",
2024,2025,82,Best Original Song,The Wild Robot,Ali Tamposi,FALSE,"""Kiss the Sky""",
2024,2025,82,Best Original Song,Emilia Pérez,Clément Ducol,FALSE,"""Mi Camino""",
2024,2025,82,Best Original Song,Emilia Pérez,Camille,FALSE,"""Mi Camino""",
1943,1944,1,Best Performance by an Actor in a Supporting Role in any Motion Picture,For Whom The Bell Tolls,Akim Tamiroff,TRUE,,
1943,1944,1,Best Performance by an Actress in a Supporting Role in any Motion Picture,For Whom The Bell Tolls,Katina Paxinou,TRUE,,
1943,1944,1,Actress In A Leading Role,The Song Of Bernadette,Jennifer Jones,TRUE,,
1943,1944,1,Best Director - Motion Picture,The Song Of Bernadette,Henry King,TRUE,,
1943,1944,1,Picture,The Song Of Bernadette,,TRUE,,
1943,1944,1,Actor In A Leading Role,Watch On The Rhine,Paul Lukas,TRUE,,
1944,1945,2,Actress In A Leading Role,Gaslight,Ingrid Bergman,TRUE,,
1944,1945,2,Best Director - Motion Picture,Going My Way,Leo McCarey,TRUE,,
1944,1945,2,Best Performance by an Actor in a Supporting Role in any Motion Picture,Going My Way,Barry Fitzgerald,TRUE,,
1944,1945,2,Picture,Going My Way,,TRUE,,
1944,1945,2,Best Performance by an Actress in a Supporting Role in any Motion Picture,Mrs. Parkington,Agnes Moorehead,TRUE,,
1944,1945,2,Actor In A Leading Role,Wilson,Alexander Knox,TRUE,,
1945,1946,3,Best Performance by an Actor in a Supporting Role in any Motion Picture,A Medal For Benny,J. Carroll Naish,TRUE,,
1945,1946,3,Actress In A Leading Role,The Bells of St. Mary's,Ingrid Bergman,TRUE,,
1945,1946,3,Promoting International Understanding,The House I Live In,Frank Sinatra,TRUE,,
1945,1946,3,Actor In A Leading Role,The Lost Weekend,Ray Milland,TRUE,,
1945,1946,3,Best Director - Motion Picture,The Lost Weekend,Billy Wilder,TRUE,,
1945,1946,3,Picture,The Lost Weekend,,TRUE,,
1945,1946,3,Best Performance by an Actress in a Supporting Role in any Motion Picture,The Picture of Dorian Gray,Angela Lansbury,TRUE,,
1946,1947,4,Best Director - Motion Picture,It's A Wonderful Life,Frank Capra,TRUE,,
1946,1947,4,Actress In A Leading Role,Sister Kenny,Rosalind Russell,TRUE,,
1946,1947,4,Picture,The Best Years Of Our Lives,,TRUE,,
1946,1947,4,Special Achievement Award,The Best Years Of Our Lives,Harold Russell,FALSE,,
1946,1947,4,Promoting International Understanding,The Last Chance,Leopold Lindtberg,TRUE,,Switzerland
1946,1947,4,Best Performance by an Actor in a Supporting Role in any Motion Picture,The Razor's Edge,Clifton Webb,TRUE,,
1946,1947,4,Best Performance by an Actress in a Supporting Role in any Motion Picture,The Razor's Edge,Anne Baxter,TRUE,,
1946,1947,4,Actor In A Leading Role,The Yearling,Gregory Peck,TRUE,,
1947,1948,5,Actor In A Leading Role,A Double Life,Ronald Colman,TRUE,,
1947,1948,5,Special Achievement Award,Bambi,Walt Disney,FALSE,,
1947,1948,5,Cinematography,Black Narcissus,Jack Cardiff,TRUE,,
1947,1948,5,Best Director - Motion Picture,Gentleman's Agreement,Elia Kazan,TRUE,,
1947,1948,5,Best Performance by an Actress in a Supporting Role in any Motion Picture,Gentleman's Agreement,Celeste Holm,TRUE,,
1947,1948,5,Juvenile Performance,Gentleman's Agreement,Dean Stockwell,TRUE,,
1947,1948,5,Picture,Gentleman's Agreement,,TRUE,,
1947,1948,5,New Star Of The Year - Actor,Kiss Of Death,Richard Widmark,TRUE,,
1947,1948,5,Best Original Score - Motion Picture,Life With Father,Max Steiner,TRUE,,
1947,1948,5,Best Performance by an Actor in a Supporting Role in any Motion Picture,Miracle On 34th Street,Edmund Gwenn,TRUE,,
1947,1948,5,Best Screenplay - Motion Picture,Miracle On 34th Street,George Seaton,TRUE,,
1947,1948,5,Actress In A Leading Role,Mourning Becomes Electra,Rosalind Russell,TRUE,,
1947,1948,5,New Star Of The Year - Actress,That Hagen Girl,Lois Maxwell,TRUE,,
1948,1949,6,Actor In A Leading Role,Hamlet,Laurence Olivier,TRUE,,
1948,1949,6,Foreign Film - English Language,Hamlet,Laurence Olivier,TRUE,,United Kingdom
1948,1949,6,Best Performance by an Actress in a Supporting Role in any Motion Picture,I Remember Mama,Ellen Corby,TRUE,,
1948,1949,6,Actress In A Leading Role,Johnny Belinda,Jane Wyman,TRUE,,
1948,1949,6,Picture,Johnny Belinda,,TRUE,,
1948,1949,6,Cinematography,The Pearl,Gabriel Figueroa,TRUE,,
1948,1949,6,Best Original Score - Motion Picture,The Red Shoes,Brian Easdale,TRUE,,
1948,1949,6,Best Screenplay - Motion Picture,The Search,Richard Schweizer,TRUE,,
1948,1949,6,Juvenile Performance,The Search,Ivan Jandl,TRUE,,
1948,1949,6,Promoting International Understanding,The Search,Fred Zinnemann,TRUE,,
1948,1949,6,Best Director - Motion Picture,The Treasure of the Sierra Madre,John Huston,TRUE,,
1948,1949,6,Best Performance by an Actor in a Supporting Role in any Motion Picture,The Treasure of the Sierra Madre,Walter Huston,TRUE,,
1948,1949,6,Picture,The Treasure of the Sierra Madre,,TRUE,,
1949,1950,7,Actor In A Leading Role,All The King's Men,Broderick Crawford,TRUE,,
1949,1950,7,Best Director - Motion Picture,All The King's Men,Robert Rossen,TRUE,,
1949,1950,7,Best Original Score - Motion Picture,All The King's Men,George Duning,FALSE,,
1949,1950,7,Best Performance by an Actress in a Supporting Role in any Motion Picture,All The King's Men,Mercedes McCambridge,TRUE,,
1949,1950,7,Cinematography,All The King's Men,Burnett Guffey,FALSE,,
1949,1950,7,New Star Of The Year - Actress,All The King's Men,Mercedes McCambridge,TRUE,,
1949,1950,7,Picture,All The King's Men,,TRUE,,
1949,1950,7,Best Performance by an Actor in a Supporting Role in any Motion Picture,Battleground,James Whitmore,TRUE,,
1949,1950,7,Best Screenplay - Motion Picture,Battleground,Robert Pirosh,TRUE,,
1949,1950,7,Cinematography,Champion,Franz F. Planer,TRUE,,
1949,1950,7,New Star Of The Year - Actress,Champion,Ruth Roman,FALSE,,
1949,1950,7,Picture,Come To The Stable,,FALSE,,
1949,1950,7,Actress In A Leading Role,"Edward, My Son",Deborah Kerr,FALSE,,
1949,1950,7,Best Performance by an Actor in a Supporting Role in any Motion Picture,Intruder In The Dust,David Brian,FALSE,,
1949,1950,7,New Star Of The Year - Actor,Intruder In The Dust,Juano Hernandez,FALSE,,
1949,1950,7,Promoting International Understanding,Monsieur Vincent,Maurice Cloche,FALSE,,
1949,1950,7,Outstanding Use Of Color,On The Town,,FALSE,,
1949,1950,7,Best Screenplay - Motion Picture,Rope of Sand,Walter Doniger,FALSE,,
1949,1950,7,Outstanding Use Of Color,The Adventures of Ichabod and Mr. Toad,,TRUE,,
1949,1950,7,Best Motion Picture - Foreign Language,The Bicycle Thief,Vittorio De Sica,TRUE,,Italy
1949,1950,7,Best Motion Picture - Foreign Language,The Fallen Idol,Carol Reed,FALSE,,United Kingdom
1949,1950,7,Actor In A Leading Role,The Hasty Heart,Richard Todd,FALSE,,
1949,1950,7,New Star Of The Year - Actor,The Hasty Heart,Richard Todd,TRUE,,
1949,1950,7,Promoting International Understanding,The Hasty Heart,Vincent Sherman,TRUE,,
1949,1950,7,Actress In A Leading Role,The Heiress,Olivia de Havilland,TRUE,,
1949,1950,7,Best Director - Motion Picture,The Heiress,William Wyler,FALSE,,
1949,1950,7,Best Performance by an Actress in a Supporting Role in any Motion Picture,The Heiress,Miriam Hopkins,FALSE,,
1949,1950,7,Best Original Score - Motion Picture,The Inspector General,Johnny Green,TRUE,,
1950,1951,8,Best Original Score - Motion Picture,A Life Of Her Own,Bronislau Kaper,FALSE,,
1950,1951,8,Best Performance by an Actress in a Supporting Role in any Motion Picture,Adam's Rib,Judy Holliday,FALSE,,
1950,1951,8,Best Director - Motion Picture,All About Eve,Joseph L. Mankiewicz,FALSE,,
1950,1951,8,Best Performance by an Actor in a Supporting Role in any Motion Picture,All About Eve,George Sanders,FALSE,,
1950,1951,8,Best Performance by an Actress in a Motion Picture - Drama,All About Eve,Bette Davis,FALSE,,
1950,1951,8,Best Performance by an Actress in a Supporting Role in any Motion Picture,All About Eve,Thelma Ritter,FALSE,,
1950,1951,8,Best Screenplay - Motion Picture,All About Eve,Joseph L. Mankiewicz,TRUE,,
1950,1951,8,Actress In A Leading Role - Musical Or Comedy,Annie Get Your Gun,Betty Hutton,FALSE,,
1950,1951,8,Actress In A Leading Role - Musical Or Comedy,Born Yesterday,Judy Holliday,TRUE,,
1950,1951,8,Best Director - Motion Picture,Born Yesterday,George Cukor,FALSE,,
1950,1951,8,Best Performance by an Actress in a Motion Picture - Drama,Born Yesterday,Judy Holliday,FALSE,,
1950,1951,8,Picture,Born Yesterday,,FALSE,,
1950,1951,8,Cinematography - Color,Broken Arrow,Ernest Palmer,FALSE,,
1950,1951,8,Promoting International Understanding,Broken Arrow,Delmer Daves,TRUE,,
1950,1951,8,Best Performance by an Actor in a Motion Picture - Drama,Cyrano de Bergerac,José Ferrer,TRUE,,
1950,1951,8,Cinematography - Black And White,Cyrano de Bergerac,Franz F. Planer,TRUE,,
1950,1951,8,New Star Of The Year,Cyrano de Bergerac,Mala Powers,FALSE,,
1950,1951,8,Picture,Cyrano de Bergerac,,FALSE,,
1950,1951,8,Best Original Score - Motion Picture,Destination Moon,Leith Stevens,FALSE,,
1950,1951,8,Best Performance by an Actor in a Motion Picture - Drama,Harvey,James Stewart,FALSE,,
1950,1951,8,Best Performance by an Actress in a Supporting Role in any Motion Picture,Harvey,Josephine Hull,TRUE,,
1950,1951,8,Cinematography - Color,King Solomon's Mines,Robert L. Surtees,TRUE,,
1950,1951,8,Actress In A Leading Role - Musical Or Comedy,Louisa,Spring Byington,FALSE,,
1950,1951,8,Best Performance by an Actor in a Supporting Role in any Motion Picture,Mister 880,Edmund Gwenn,TRUE,,
1950,1951,8,Cinematography - Color,Samson and Delilah,George Barnes,FALSE,,
1950,1951,8,Best Director - Motion Picture,Sunset Boulevard,Billy Wilder,TRUE,,
1950,1951,8,Best Original Score - Motion Picture,Sunset Boulevard,Franz Waxman,TRUE,,
1950,1951,8,Best Performance by an Actor in a Supporting Role in any Motion Picture,Sunset Boulevard,Erich von Stroheim,FALSE,,
1950,1951,8,Best Performance by an Actress in a Motion Picture - Drama,Sunset Boulevard,Gloria Swanson,TRUE,,
1950,1951,8,Best Screenplay - Motion Picture,Sunset Boulevard,Charles Brackett,FALSE,,
1950,1951,8,Best Screenplay - Motion Picture,Sunset Boulevard,Billy Wilder,FALSE,,
1950,1951,8,Best Screenplay - Motion Picture,Sunset Boulevard,D. M. Marshman Jr.,FALSE,,
1950,1951,8,Cinematography - Black And White,Sunset Boulevard,John F. Seitz,FALSE,,
1950,1951,8,Picture,Sunset Boulevard,,TRUE,,
1950,1951,8,New Star Of The Year,Tea For Two,Gene Nelson,TRUE,,
1950,1951,8,Best Director - Motion Picture,The Asphalt Jungle,John Huston,FALSE,,
1950,1951,8,Best Screenplay - Motion Picture,The Asphalt Jungle,Ben Maddow,FALSE,,
1950,1951,8,Best Screenplay - Motion Picture,The Asphalt Jungle,John Huston,FALSE,,
1950,1951,8,Cinematography - Black And White,The Asphalt Jungle,Harold Rosson,FALSE,,
1950,1951,8,Promoting International Understanding,The Big Lift,George Seaton,FALSE,,
1950,1951,8,Best Performance by an Actor in a Motion Picture - Drama,The Magnificent Yankee,Louis Calhern,FALSE,,
1950,1951,8,Promoting International Understanding,The Next Voice You Hear...,William A. Wellman,FALSE,,
1950,1951,8,Best Performance by an Actor in a Motion Picture - Musical or Comedy,The Sin Of Harold Diddlebock,Harold Lloyd,FALSE,,
1950,1951,8,Best Performance by an Actor in a Motion Picture - Musical or Comedy,Three Little Words,Fred Astaire,TRUE,,
1950,1951,8,New Star Of The Year,Three Little Words,Debbie Reynolds,FALSE,,
1950,1951,8,Best Performance by an Actor in a Motion Picture - Musical or Comedy,When Willie Comes Marching Home,Dan Dailey,FALSE,,
1950,1951,8,Henrietta Award (World Film Favorites),,Gregory Peck,TRUE,,
1950,1951,8,Henrietta Award (World Film Favorites),,Jane Wyman,TRUE,,
1951,1952,9,Best Director - Motion Picture,A Place In The Sun,George Stevens,FALSE,,
1951,1952,9,Best Motion Picture - Drama,A Place In The Sun,,TRUE,,
1951,1952,9,Best Performance by an Actress in a Motion Picture - Drama,A Place In The Sun,Shelley Winters,FALSE,,
1951,1952,9,Cinematography - Black And White,A Place In The Sun,William C. Mellor,FALSE,,
1951,1952,9,Best Motion Picture - Drama,A Streetcar Named Desire,,FALSE,,
1951,1952,9,Best Performance by an Actress in a Motion Picture - Drama,A Streetcar Named Desire,Vivien Leigh,FALSE,,
1951,1952,9,Best Performance by an Actress in a Supporting Role in any Motion Picture,A Streetcar Named Desire,Kim Hunter,TRUE,,
1951,1952,9,Best Director - Motion Picture,An American In Paris,Vincente Minnelli,FALSE,,
1951,1952,9,Best Motion Picture - Musical or Comedy,An American In Paris,,TRUE,,
1951,1952,9,Best Performance by an Actor in a Motion Picture - Musical or Comedy,An American In Paris,Gene Kelly,FALSE,,
1951,1952,9,Best Motion Picture - Drama,Bright Victory,,FALSE,,
1951,1952,9,Best Performance by an Actor in a Motion Picture - Drama,Bright Victory,Arthur Kennedy,FALSE,,
1951,1952,9,Best Screenplay - Motion Picture,Bright Victory,Robert Buckner,TRUE,,
1951,1952,9,Best Director - Motion Picture,Death of a Salesman,Laslo Benedek,TRUE,,
1951,1952,9,Best Performance by an Actor in a Motion Picture - Drama,Death of a Salesman,Fredric March,TRUE,,
1951,1952,9,Cinematography - Black And White,Death of a Salesman,Franz F. Planer,TRUE,,
1951,1952,9,New Star Of The Year - Actor,Death of a Salesman,Kevin McCarthy,TRUE,,
1951,1952,9,Cinematography - Black And White,Decision Before Dawn,Franz F. Planer,FALSE,,
1951,1952,9,Best Motion Picture - Drama,Detective Story,,FALSE,,
1951,1952,9,Best Performance by an Actor in a Motion Picture - Drama,Detective Story,Kirk Douglas,FALSE,,
1951,1952,9,Best Performance by an Actress in a Supporting Role in any Motion Picture,Detective Story,Lee Grant,FALSE,,
1951,1952,9,Best Performance by an Actor in a Motion Picture - Musical or Comedy,Here Comes The Groom,Bing Crosby,FALSE,,
1951,1952,9,Best Performance by an Actor in a Motion Picture - Musical or Comedy,On The Riviera,Danny Kaye,TRUE,,
1951,1952,9,Special Achievement Award,Pictura,Alain Resnais,FALSE,,
1951,1952,9,Best Motion Picture - Drama,Quo Vadis?,,FALSE,,
1951,1952,9,Best Performance by an Actor in a Supporting Role in any Motion Picture,Quo Vadis?,Peter Ustinov,TRUE,,
1951,1952,9,Cinematography - Color,Quo Vadis?,William V. Skall,TRUE,,
1951,1952,9,Best Original Score - Motion Picture,September Affair,Victor Young,TRUE,,
1951,1952,9,New Star Of The Year - Actress,Teresa,Pier Angeli,TRUE,,
1951,1952,9,Best Performance by an Actress in a Motion Picture - Drama,The Blue Veil,Jane Wyman,TRUE,,
1951,1952,9,Best Original Score - Motion Picture,The Day The Earth Stood Still,Bernard Herrmann,FALSE,,
1951,1952,9,Promoting International Understanding,The Day The Earth Stood Still,Robert Wise,TRUE,,
1951,1952,9,Best Performance by an Actress in a Supporting Role in any Motion Picture,The Mating Season,Thelma Ritter,FALSE,,
1951,1952,9,Best Original Score - Motion Picture,The Well,Dimitri Tiomkin,FALSE,,
1951,1952,9,Actress In A Leading Role - Musical Or Comedy,Too Young To Kiss,June Allyson,TRUE,,
1951,1952,9,Henrietta Award (World Film Favorite),,Alan Ladd,TRUE,,
1951,1952,9,Henrietta Award (World Film Favorite),,Esther Williams,TRUE,,
1952,1953,10,Best Screenplay - Motion Picture,5 Fingers,Michael Wilson,TRUE,,
1952,1953,10,Promoting International Understanding,Anything Can Happen,George Seaton,TRUE,,
1952,1953,10,Promoting International Understanding,Assignment: Paris,Robert Parrish,FALSE,,
1952,1953,10,Best Motion Picture - Drama,"Come Back, Little Sheba",,FALSE,,
1952,1953,10,Best Performance by an Actress in a Motion Picture - Drama,"Come Back, Little Sheba",Shirley Booth,TRUE,,
1952,1953,10,Best Motion Picture - Musical or Comedy,Hans Christian Andersen,,FALSE,,
1952,1953,10,Best Performance by an Actor in a Motion Picture - Musical or Comedy,Hans Christian Andersen,Danny Kaye,FALSE,,
1952,1953,10,Best Motion Picture - Drama,High Noon,,FALSE,,
1952,1953,10,Best Original Score - Motion Picture,High Noon,Dimitri Tiomkin,TRUE,,
1952,1953,10,Best Performance by an Actor in a Motion Picture - Drama,High Noon,Gary Cooper,TRUE,,
1952,1953,10,Best Performance by an Actress in a Supporting Role in any Motion Picture,High Noon,Katy Jurado,TRUE,,
1952,1953,10,Best Screenplay - Motion Picture,High Noon,Carl Foreman,FALSE,,
1952,1953,10,Cinematography - Black And White,High Noon,Floyd Crosby,TRUE,,
1952,1953,10,New Star Of The Year - Actress,High Noon,Katy Jurado,FALSE,,
1952,1953,10,Best Motion Picture - Musical or Comedy,I'll See You in My Dreams,,FALSE,,
1952,1953,10,Best Original Score - Motion Picture,Ivanhoe,Miklos Rozsa,FALSE,,
1952,1953,10,Promoting International Understanding,Ivanhoe,Richard Thorpe,FALSE,,
1952,1953,10,Actress In A Leading Role - Musical Or Comedy,Monkey Business,Ginger Rogers,FALSE,,
1952,1953,10,New Star Of The Year - Actress,Moulin Rouge,Colette Marchand,TRUE,,
1952,1953,10,Best Performance by an Actress in a Motion Picture - Drama,My Cousin Rachel,Olivia de Havilland,FALSE,,
1952,1953,10,New Star Of The Year - Actor,My Cousin Rachel,Richard Burton,TRUE,,
1952,1953,10,Juvenile Performance,My Pal Gus,George Winslow,FALSE,,
1952,1953,10,Best Performance by an Actor in a Supporting Role in any Motion Picture,My Six Convicts,Millard Mitchell,TRUE,,
1952,1953,10,Juvenile Performance,Navajo,Francis Kee Teller,FALSE,,
1952,1953,10,Special Achievement Award,Navajo,Francis Kee Teller,FALSE,,
1952,1953,10,Actress In A Leading Role - Musical Or Comedy,Pat and Mike,Katharine Hepburn,FALSE,,
1952,1953,10,New Star Of The Year - Actor,Pat and Mike,Aldo Ray,FALSE,,
1952,1953,10,Best Motion Picture - Musical or Comedy,Singin' in the Rain,,FALSE,,
1952,1953,10,Best Performance by an Actor in a Motion Picture - Musical or Comedy,Singin' in the Rain,Donald O'Connor,TRUE,,
1952,1953,10,Best Motion Picture - Musical or Comedy,Star and Stripes Forever,,FALSE,,
1952,1953,10,Best Performance by an Actor in a Motion Picture - Musical or Comedy,Stars and Stripes Forever,Clifton Webb,FALSE,,
1952,1953,10,New Star Of The Year - Actor,Stars and Stripes Forever,Robert Wagner,FALSE,,
1952,1953,10,Best Performance by an Actress in a Motion Picture - Drama,Sudden Fear,Joan Crawford,FALSE,,
1952,1953,10,Best Performance by an Actor in a Supporting Role in any Motion Picture,The Bad and The Beautiful,Gilbert Roland,FALSE,,
1952,1953,10,Best Performance by an Actress in a Supporting Role in any Motion Picture,The Bad and The Beautiful,Gloria Grahame,FALSE,,
1952,1953,10,Cinematography - Black And White,The Four Poster,Hal Mohr,FALSE,,
1952,1953,10,Best Director - Motion Picture,The Greatest Show On Earth,Cecil B. deMille,TRUE,,
1952,1953,10,Best Motion Picture - Drama,The Greatest Show On Earth,,TRUE,,
1952,1953,10,Cinematography - Color,The Greatest Show On Earth,George Barnes,TRUE,,
1952,1953,10,Best Director - Motion Picture,The Happy Time,Richard Fleischer,FALSE,,
1952,1953,10,Best Motion Picture - Drama,The Happy Time,,FALSE,,
1952,1953,10,Best Performance by an Actor in a Motion Picture - Drama,The Happy Time,Charles Boyer,FALSE,,
1952,1953,10,Best Performance by an Actor in a Supporting Role in any Motion Picture,The Happy Time,Kurt Kasznar,FALSE,,
1952,1953,10,Juvenile Performance,The Member of the Wedding,Brandon de Wilde,TRUE,,
1952,1953,10,Best Director - Motion Picture,The Quiet Man,John Ford,FALSE,,
1952,1953,10,Best Original Score - Motion Picture,The Quiet Man,Victor Young,FALSE,,
1952,1953,10,Best Motion Picture - Drama,The Thief,,FALSE,,
1952,1953,10,Best Performance by an Actor in a Motion Picture - Drama,The Thief,Ray Milland,FALSE,,
1952,1953,10,Best Screenplay - Motion Picture,The Thief,Clarence Greene,FALSE,,
1952,1953,10,Cinematography - Black And White,The Thief,Sam Leavitt,FALSE,,
1952,1953,10,New Star Of The Year - Actress,The Thief,Rita Gam,FALSE,,
1952,1953,10,Best Performance by an Actress in a Supporting Role in any Motion Picture,Viva Zapata!,Mildred Dunnock,FALSE,,
1952,1953,10,Actress In A Leading Role - Musical Or Comedy,With a Song in My Heart,Susan Hayward,TRUE,,
1952,1953,10,Best Motion Picture - Musical or Comedy,With a Song in My Heart,,TRUE,,
1952,1953,10,Cecil B. deMille Award,,Adolph Zukor,FALSE,,
1952,1953,10,Cecil B. deMille Award,,Stanley Kramer,FALSE,,
1952,1953,10,Cecil B. deMille Award,,Walt Disney,FALSE,,
1952,1953,10,Henrietta Award (World Film Favorites),,John Wayne,TRUE,,
1952,1953,10,Henrietta Award (World Film Favorites),,Susan Hayward,TRUE,,
1953,1954,11,Actress In A Leading Role - Musical Or Comedy,Call Me Madam,Ethel Merman,TRUE,,
1953,1954,11,New Star Of The Year - Actress,Forever Female,Pat Crowley,TRUE,,
1953,1954,11,Best Director - Motion Picture,From Here to Eternity,Fred Zinnemann,TRUE,,
1953,1954,11,Best Performance by an Actor in a Supporting Role in any Motion Picture,From Here to Eternity,Frank Sinatra,TRUE,,
1953,1954,11,New Star Of The Year - Actress,Hell and High Water,Barbara Rush,FALSE,,
1953,1954,11,New Star Of The Year - Actress,Hell and High Water,Bella Darvi,TRUE,,
1953,1954,11,New Star Of The Year - Actress,It Came From Outer Space,Barbara Rush,TRUE,,
1953,1954,11,Best Screenplay - Motion Picture,Lili,Helen Deutsch,TRUE,,
1953,1954,11,Promoting International Understanding,Little Boy Lost,George Seaton,TRUE,,
1953,1954,11,Best Performance by an Actress in a Supporting Role in any Motion Picture,Mogambo,Grace Kelly,TRUE,,
1953,1954,11,New Star Of The Year - Actress,Money From Home,Bella Darvi,FALSE,,
1953,1954,11,New Star Of The Year - Actress,Money From Home,Pat Crowley,TRUE,,
1953,1954,11,Best Performance by an Actress in a Motion Picture - Drama,Roman Holiday,Audrey Hepburn,TRUE,,
1953,1954,11,New Star Of The Year - Actor,So Big,Steve Forrest,TRUE,,
1953,1954,11,Best Performance by an Actor in a Motion Picture - Drama,The Actress,Spencer Tracy,TRUE,,
1953,1954,11,New Star Of The Year - Actress,The Egyptian,Bella Darvi,TRUE,,
1953,1954,11,New Star Of The Year - Actor,The Glory Brigade,Richard Egan,TRUE,,
1953,1954,11,New Star Of The Year - Actor,The Kid From Left Field,Richard Egan,TRUE,,
1953,1954,11,New Star Of The Year - Actor,The Kid From Left Field,Steve Forrest,FALSE,,
1953,1954,11,Special Achievement Award,The Living Desert,Walt Disney,FALSE,,
1953,1954,11,New Star Of The Year - Actor,The Man From The Alamo,Hugh O'Brian,TRUE,,
1953,1954,11,Best Performance by an Actor in a Motion Picture - Musical or Comedy,The Moon Is Blue,David Niven,TRUE,,
1953,1954,11,Best Motion Picture - Drama,The Robe,,TRUE,,
1953,1954,11,Cecil B. deMille Award,,Darryl F. Zanuck,FALSE,,
1953,1954,11,Documentary,,Queen Is Crowned,TRUE,,
1953,1954,11,Documentary,,A,TRUE,,
1953,1954,11,Henrietta Award (World Film Favorites),,Alan Ladd,TRUE,,
1953,1954,11,Henrietta Award (World Film Favorites),,Marilyn Monroe,TRUE,,
1953,1954,11,Henrietta Award (World Film Favorites),,Robert Taylor,TRUE,,
1954,1955,12,Actress In A Leading Role - Musical Or Comedy,A Star is Born,Judy Garland,TRUE,,
1954,1955,12,Best Performance by an Actor in a Motion Picture - Musical or Comedy,A Star is Born,James Mason,TRUE,,
1954,1955,12,Cinematography - Color,Brigadoon,Joseph Ruttenberg,TRUE,,
1954,1955,12,Promoting International Understanding,Broken Lance,Edward Dmytryk,TRUE,,
1954,1955,12,Best Motion Picture - Musical or Comedy,Carmen Jones,,TRUE,,
1954,1955,12,New Star Of The Year - Actor,Carmen Jones,Joe Adams,TRUE,,
1954,1955,12,New Star Of The Year - Actor,Four Guns to the Border,George Nader,TRUE,,
1954,1955,12,Best Motion Picture - Foreign Language,Genevieve,Henry Cornelius,TRUE,,United Kingdom
1954,1955,12,Best Motion Picture - Foreign Language,No Way Back,Victor Vicas,TRUE,,West Germany
1954,1955,12,Best Director - Motion Picture,On the Waterfront,Elia Kazan,TRUE,,
1954,1955,12,Best Motion Picture - Drama,On the Waterfront,,TRUE,,
1954,1955,12,Best Performance by an Actor in a Motion Picture - Drama,On the Waterfront,Marlon Brando,TRUE,,
1954,1955,12,Cinematography - Black And White,On the Waterfront,Boris Kaufman,TRUE,,
1954,1955,12,New Star Of The Year - Actress,Phffft!,Kim Novak,TRUE,,
1954,1955,12,Best Screenplay - Motion Picture,Sabrina,Ernest Lehman,TRUE,,
1954,1955,12,New Star Of The Year - Actor,Seven Brides for Seven Brothers,Jeff Richards,TRUE,,
1954,1955,12,Best Performance by an Actor in a Supporting Role in any Motion Picture,The Barefoot Contessa,Edmond O'Brien,TRUE,,
1954,1955,12,Best Performance by an Actress in a Motion Picture - Drama,The Country Girl,Grace Kelly,TRUE,,
1954,1955,12,Best Performance by an Actress in a Supporting Role in any Motion Picture,The High and The Mighty,Jan Sterling,TRUE,,
1954,1955,12,New Star Of The Year - Actress,The High and The Mighty,Karen Sharpe,TRUE,,
1954,1955,12,Best Motion Picture - Foreign Language,The Lady Of The Camelias,Ernesto Arancibia,TRUE,,Argentina
1954,1955,12,New Star Of The Year - Actress,The Trouble With Harry,Shirley MacLaine,TRUE,,
1954,1955,12,Best Motion Picture - Foreign Language,Twenty-Four Eyes,Keisuke Kinoshita,TRUE,,Japan
1954,1955,12,Cecil B. deMille Award,,Jean Hersholt,FALSE,,
1954,1955,12,Henrietta Award (World Film Favorites),,Alan Ladd,FALSE,,
1954,1955,12,Henrietta Award (World Film Favorites),,Audrey Hepburn,TRUE,,
1954,1955,12,Henrietta Award (World Film Favorites),,Doris Day,FALSE,,
1954,1955,12,Henrietta Award (World Film Favorites),,Gregory Peck,TRUE,,
1954,1955,12,Henrietta Award (World Film Favorites),,June Allyson,FALSE,,
1954,1955,12,Henrietta Award (World Film Favorites),,Marlon Brando,FALSE,,
1954,1955,12,Henrietta Award (World Film Favorites),,Pier Angeli,FALSE,,
1955,1956,13,New Star Of The Year - Actress,Blood Alley,Anita Ekberg,TRUE,,
1955,1956,13,Best Motion Picture - Foreign Language,Dangerous Curves,,TRUE,,United Kingdom
1955,1956,13,Best Motion Picture - Drama,East of Eden,,TRUE,,
1955,1956,13,Special Achievement Award,East of Eden,James Dean,FALSE,,
1955,1956,13,Best Motion Picture - Foreign Language,Eyes of Children,Yoshirô Kawazu,TRUE,,Japan
1955,1956,13,Actress In A Leading Role - Musical Or Comedy,Guys and Dolls,Jean Simmons,TRUE,,
1955,1956,13,Best Motion Picture - Musical or Comedy,Guys and Dolls,,TRUE,,
1955,1956,13,New Star Of The Year - Actor,Hit The Deck,Russ Tamblyn,TRUE,,
1955,1956,13,New Star Of The Year - Actor,I'll Cry Tomorrow,Ray Danton,TRUE,,
1955,1956,13,Promoting International Understanding,Love Is A Many-Splendored Thing,Henry King,TRUE,,
1955,1956,13,Best Performance by an Actor in a Motion Picture - Drama,Marty,Ernest Borgnine,TRUE,,
1955,1956,13,Best Motion Picture - Foreign Language,Ordet,Carl Theodor Dreyer,TRUE,,Denmark
1955,1956,13,Best Director - Motion Picture,Picnic,Joshua Logan,TRUE,,
1955,1956,13,Best Motion Picture - Foreign Language,"Sons, Mothers And A General",Laslo Benedek,TRUE,,West Germany
1955,1956,13,Best Motion Picture - Foreign Language,Stella,Michael Cacoyannis,TRUE,,Greece
1955,1956,13,Television Achievement,The American Comedy,Desi Arnaz,TRUE,,
1955,1956,13,New Star Of The Year - Actress,The Eddy Duchin Story,Victoria Shaw,TRUE,,
1955,1956,13,Best Performance by an Actress in a Motion Picture - Drama,The Rose Tattoo,Anna Magnani,TRUE,,
1955,1956,13,Best Performance by an Actress in a Supporting Role in any Motion Picture,The Rose Tattoo,Marisa Pavan,TRUE,,
1955,1956,13,Best Performance by an Actor in a Motion Picture - Musical or Comedy,The Seven Year Itch,Tom Ewell,TRUE,,
1955,1956,13,New Star Of The Year - Actress,The View From Pompey's Head,Dana Wynter,TRUE,,
1955,1956,13,Best Performance by an Actor in a Supporting Role in any Motion Picture,Trial,Arthur Kennedy,TRUE,,
1955,1956,13,Television Achievement,Walt Disney's Wonderful World of Color,Dinah Shore,TRUE,,
1955,1956,13,Cecil B. deMille Award,,Jack L. Warner,FALSE,,
1955,1956,13,Henrietta Award (World Film Favorites),,Grace Kelly,TRUE,,
1955,1956,13,Henrietta Award (World Film Favorites),,Marlon Brando,TRUE,,
1955,1956,13,Hollywood Citizenship Award,,Esther Williams,TRUE,,
1956,1957,14,Foreign Film - Foreign Language,A Girl In Black,Michael Cacoyannis,TRUE,,Greece
1956,1957,14,Best Performance by an Actress in a Motion Picture - Drama,Anastasia,Helen Hayes,FALSE,,
1956,1957,14,Best Performance by an Actress in a Motion Picture - Drama,Anastasia,Ingrid Bergman,FALSE,,
1956,1957,14,Best Director - Motion Picture,Around the World in 80 Days,Michael Anderson,FALSE,,
1956,1957,14,Best Motion Picture - Drama,Around the World in 80 Days,,TRUE,,
1956,1957,14,Best Performance by an Actor in a Motion Picture - Musical or Comedy,Around the World in 80 Days,Cantinflas,TRUE,,
1956,1957,14,Best Director - Motion Picture,Baby Doll,Elia Kazan,TRUE,,
1956,1957,14,Best Performance by an Actor in a Motion Picture - Drama,Baby Doll,Karl Malden,FALSE,,
1956,1957,14,Best Performance by an Actor in a Supporting Role in any Motion Picture,Baby Doll,Eli Wallach,FALSE,,
1956,1957,14,Best Performance by an Actress in a Motion Picture - Drama,Baby Doll,Carroll Baker,FALSE,,
1956,1957,14,Best Performance by an Actress in a Supporting Role in any Motion Picture,Baby Doll,Mildred Dunnock,FALSE,,
1956,1957,14,New Star Of The Year - Actress,Baby Doll,Carroll Baker,TRUE,,
1956,1957,14,Promoting International Understanding,Battle Hymn,Douglas Sirk,TRUE,,
1956,1957,14,Foreign Film - Foreign Language,Before Sundown,West Germany,TRUE,,
1956,1957,14,Foreign Film - Foreign Language,Before Sundown,Gottfried Reinhardt,TRUE,,
1956,1957,14,Actress In A Leading Role - Musical Or Comedy,Bundle of Joy,Debbie Reynolds,FALSE,,
1956,1957,14,Actress In A Leading Role - Musical Or Comedy,Bus Stop,Marilyn Monroe,FALSE,,
1956,1957,14,Best Motion Picture - Musical or Comedy,Bus Stop,,FALSE,,
1956,1957,14,Television Achievement,Cheyenne,,TRUE,,
1956,1957,14,Best Performance by an Actor in a Motion Picture - Drama,Friendly Persuasion,Gary Cooper,FALSE,,
1956,1957,14,Best Performance by an Actress in a Supporting Role in any Motion Picture,Friendly Persuasion,Marjorie Main,FALSE,,
1956,1957,14,New Star Of The Year - Actor,Friendly Persuasion,Anthony Perkins,TRUE,,
1956,1957,14,Promoting International Understanding,Friendly Persuasion,William Wyler,FALSE,,
1956,1957,14,Best Director - Motion Picture,Giant,George Stevens,FALSE,,
1956,1957,14,Best Motion Picture - Drama,Giant,,FALSE,,
1956,1957,14,New Star Of The Year - Actress,Giant,Carroll Baker,TRUE,,
1956,1957,14,New Star Of The Year - Actress,Giant,Jayne Mansfield,FALSE,,
1956,1957,14,Best Director - Motion Picture,Lust For Life,Vincente Minnelli,FALSE,,
1956,1957,14,Best Motion Picture - Drama,Lust For Life,,FALSE,,
1956,1957,14,Best Performance by an Actor in a Motion Picture - Drama,Lust For Life,Kirk Douglas,TRUE,,
1956,1957,14,Best Performance by an Actor in a Supporting Role in any Motion Picture,Lust For Life,Anthony Quinn,FALSE,,
1956,1957,14,Television Achievement,Matinee Theatre,,TRUE,,
1956,1957,14,Television Achievement,Playhouse 90,,TRUE,,
1956,1957,14,New Star Of The Year - Actress,Rebel Without a Cause,Natalie Wood,TRUE,,
1956,1957,14,Foreign Film - English Language,Richard III,Laurence Olivier,TRUE,,United Kingdom
1956,1957,14,New Star Of The Year - Actor,Tea and Sympathy,John Kerr,TRUE,,
1956,1957,14,Best Performance by an Actress in a Supporting Role in any Motion Picture,The Bad Seed,Eileen Heckart,TRUE,,
1956,1957,14,Best Performance by an Actress in a Supporting Role in any Motion Picture,The Bad Seed,Patty McCormack,FALSE,,
1956,1957,14,Promoting International Understanding,The Brave One,Irving Rapper,FALSE,,
1956,1957,14,Best Performance by an Actor in a Motion Picture - Musical or Comedy,The Court Jester,Danny Kaye,FALSE,,
1956,1957,14,New Star Of The Year - Actress,The Girl Can't Help It,Jayne Mansfield,TRUE,,
1956,1957,14,Actress In A Leading Role - Musical Or Comedy,The King and I,Deborah Kerr,TRUE,,
1956,1957,14,Best Motion Picture - Musical or Comedy,The King and I,,TRUE,,
1956,1957,14,Best Performance by an Actor in a Motion Picture - Musical or Comedy,The King and I,Yul Brynner,FALSE,,
1956,1957,14,Promoting International Understanding,The King and I,Walter Lang,FALSE,,
1956,1957,14,Television Achievement,The Mickey Mouse Club,,TRUE,,
1956,1957,14,Best Motion Picture - Musical or Comedy,The Opposite Sex,,FALSE,,
1956,1957,14,Best Motion Picture - Drama,The Rainmaker,,FALSE,,
1956,1957,14,Best Performance by an Actor in a Motion Picture - Drama,The Rainmaker,Burt Lancaster,FALSE,,
1956,1957,14,Best Performance by an Actor in a Supporting Role in any Motion Picture,The Rainmaker,Earl Holliman,TRUE,,
1956,1957,14,Best Performance by an Actress in a Motion Picture - Drama,The Rainmaker,Katharine Hepburn,FALSE,,
1956,1957,14,Foreign Film - Foreign Language,The Rose On His Arm,Keisuke Kinoshita,TRUE,,Japan
1956,1957,14,New Star Of The Year - Actor,The Silver Chalice,Paul Newman,TRUE,,
1956,1957,14,Actress In A Leading Role - Musical Or Comedy,The Solid Gold Cadillac,Judy Holliday,FALSE,,
1956,1957,14,Best Motion Picture - Musical or Comedy,The Solid Gold Cadillac,,FALSE,,
1956,1957,14,Actress In A Leading Role - Musical Or Comedy,The Teahouse of the August Moon,Machiko Kyo,FALSE,,
1956,1957,14,Best Motion Picture - Musical or Comedy,The Teahouse of the August Moon,,FALSE,,
1956,1957,14,Best Performance by an Actor in a Motion Picture - Musical or Comedy,The Teahouse of the August Moon,Glenn Ford,FALSE,,
1956,1957,14,Best Performance by an Actor in a Motion Picture - Musical or Comedy,The Teahouse of the August Moon,Marlon Brando,FALSE,,
1956,1957,14,Best Performance by an Actor in a Supporting Role in any Motion Picture,The Teahouse of the August Moon,Eddie Albert,FALSE,,
1956,1957,14,Promoting International Understanding,The Teahouse of the August Moon,Daniel Mann,FALSE,,
1956,1957,14,Best Performance by an Actor in a Motion Picture - Drama,The Ten Commandments,Charlton Heston,FALSE,,
1956,1957,14,Foreign Film - Foreign Language,The White Reindeer,Erik Blomberg,TRUE,,Finland
1956,1957,14,Television Achievement,This Is Your Life,,TRUE,,
1956,1957,14,Best Director - Motion Picture,War and Peace,King Vidor,FALSE,,
1956,1957,14,Best Motion Picture - Drama,War and Peace,,FALSE,,
1956,1957,14,Best Performance by an Actor in a Supporting Role in any Motion Picture,War and Peace,Oscar Homolka,FALSE,,
1956,1957,14,Best Performance by an Actress in a Motion Picture - Drama,War and Peace,Audrey Hepburn,FALSE,,
1956,1957,14,Foreign Film - Foreign Language,War and Peace,King Vidor,TRUE,,Italy
1956,1957,14,Best Performance by an Actress in a Supporting Role in any Motion Picture,Written on the Wind,Dorothy Malone,FALSE,,
1956,1957,14,Cecil B. deMille Award,,Mervyn LeRoy,FALSE,,
1956,1957,14,Henrietta Award (World Film Favorites),,James Dean,TRUE,,
1956,1957,14,Henrietta Award (World Film Favorites),,Kim Novak,TRUE,,
1956,1957,14,Hollywood Citizenship Award,,Ronald Reagan,TRUE,,
1956,1957,14,New Foreign Star Of The Year - Actor,,Jacques Bergerac,TRUE,,
1956,1957,14,New Foreign Star Of The Year - Actress,,Taina Elg,TRUE,,
1956,1957,14,Special Achievement Award,,Dimitri Tiomkin,FALSE,,
1956,1957,14,Special Achievement Award,,Edwin Schallert,FALSE,,
1956,1957,14,Special Achievement Award,,Elizabeth Taylor,FALSE,,
1957,1958,15,Best Director - Motion Picture,12 Angry Men,Sidney Lumet,FALSE,,
1957,1958,15,Best Motion Picture - Drama,12 Angry Men,,FALSE,,
1957,1958,15,Best Performance by an Actor in a Motion Picture - Drama,12 Angry Men,Henry Fonda,FALSE,,
1957,1958,15,Best Performance by an Actor in a Supporting Role in any Motion Picture,12 Angry Men,Lee J. Cobb,FALSE,,
1957,1958,15,Best Director - Motion Picture,A Hatful of Rain,Fred Zinnemann,FALSE,,
1957,1958,15,Best Performance by an Actor in a Motion Picture - Drama,A Hatful of Rain,Anthony Franciosa,FALSE,,
1957,1958,15,Best Performance by an Actress in a Motion Picture - Drama,A Hatful of Rain,Eva Marie Saint,FALSE,,
1957,1958,15,Television Achievement,Alfred Hitchcock,,TRUE,,
1957,1958,15,Foreign Film - Foreign Language,Confessions Of Felix Krull,West Germany,TRUE,,
1957,1958,15,Foreign Film - Foreign Language,Confessions Of Felix Krull,Kurt Hoffmann,TRUE,,
1957,1958,15,Best Motion Picture - Musical or Comedy,Don't Go Near The Water,,FALSE,,
1957,1958,15,Best Performance by an Actor in a Motion Picture - Musical or Comedy,Don't Go Near The Water,Glenn Ford,FALSE,,
1957,1958,15,Television Achievement,Eddie Fisher,,TRUE,,
1957,1958,15,Best Performance by an Actress in a Motion Picture - Drama,"Heaven Knows, Mr. Allison",Deborah Kerr,FALSE,,
1957,1958,15,Television Achievement,Jack Benny,,TRUE,,
1957,1958,15,Foreign Film - Foreign Language,Kiiroi karasu,Heinosuke Gosho,TRUE,,Japan
1957,1958,15,Actress In A Leading Role - Musical Or Comedy,Les Girls,Kay Kendall,TRUE,,
1957,1958,15,Actress In A Leading Role - Musical Or Comedy,Les Girls,Taina Elg,TRUE,,
1957,1958,15,Best Motion Picture - Musical or Comedy,Les Girls,,TRUE,,
1957,1958,15,Actress In A Leading Role - Musical Or Comedy,Love in the Afternoon,Audrey Hepburn,FALSE,,
1957,1958,15,Best Motion Picture - Musical or Comedy,Love in the Afternoon,,FALSE,,
1957,1958,15,Best Performance by an Actor in a Motion Picture - Musical or Comedy,Love in the Afternoon,Maurice Chevalier,FALSE,,
1957,1958,15,Television Achievement,Mike Wallace,,TRUE,,
1957,1958,15,Best Performance by an Actor in a Motion Picture - Musical or Comedy,My Man Godfrey,David Niven,FALSE,,
1957,1958,15,Best Motion Picture - Musical or Comedy,Pal Joey,,FALSE,,
1957,1958,15,Best Performance by an Actor in a Motion Picture - Musical or Comedy,Pal Joey,Frank Sinatra,TRUE,,
1957,1958,15,Best Performance by an Actress in a Supporting Role in any Motion Picture,Peyton Place,Hope Lange,FALSE,,
1957,1958,15,Best Performance by an Actress in a Supporting Role in any Motion Picture,Peyton Place,Mildred Dunnock,FALSE,,
1957,1958,15,New Star Of The Year - Actress,Peyton Place,Diane Varsi,TRUE,,
1957,1958,15,Best Performance by an Actor in a Supporting Role in any Motion Picture,Raintree County,Nigel Patrick,FALSE,,
1957,1958,15,Best Director - Motion Picture,Sayonara,Joshua Logan,FALSE,,
1957,1958,15,Best Motion Picture - Drama,Sayonara,,FALSE,,
1957,1958,15,Best Performance by an Actor in a Motion Picture - Drama,Sayonara,Marlon Brando,FALSE,,
1957,1958,15,Best Performance by an Actor in a Supporting Role in any Motion Picture,Sayonara,Red Buttons,TRUE,,
1957,1958,15,Best Performance by an Actress in a Supporting Role in any Motion Picture,Sayonara,Miyoshi Umeki,FALSE,,
1957,1958,15,New Star Of The Year - Actor,Sayonara,James Garner,TRUE,,
1957,1958,15,Actress In A Leading Role - Musical Or Comedy,Silk Stockings,Cyd Charisse,FALSE,,
1957,1958,15,Best Motion Picture - Musical or Comedy,Silk Stockings,,FALSE,,
1957,1958,15,Best Director - Motion Picture,The Bridge on the River Kwai,David Lean,TRUE,,
1957,1958,15,Best Motion Picture - Drama,The Bridge on the River Kwai,,TRUE,,
1957,1958,15,Best Performance by an Actor in a Motion Picture - Drama,The Bridge on the River Kwai,Alec Guinness,TRUE,,
1957,1958,15,Best Performance by an Actor in a Supporting Role in any Motion Picture,The Bridge on the River Kwai,Sessue Hayakawa,FALSE,,
1957,1958,15,Best Performance by an Actor in a Supporting Role in any Motion Picture,The Great Man,Ed Wynn,FALSE,,
1957,1958,15,Promoting International Understanding,The Happy Road,Gene Kelly,TRUE,,
1957,1958,15,New Star Of The Year - Actor,The Searchers,Patrick Wayne,TRUE,,
1957,1958,15,Best Performance by an Actress in a Supporting Role in any Motion Picture,The Story of Esther Costello,Heather Sears,FALSE,,
1957,1958,15,Best Performance by an Actress in a Motion Picture - Drama,The Three Faces of Eve,Joanne Woodward,TRUE,,
1957,1958,15,Actress In A Leading Role - Musical Or Comedy,This Could Be the Night,Jean Simmons,FALSE,,
1957,1958,15,New Star Of The Year - Actor,This Happy Feeling,John Saxon,TRUE,,
1957,1958,15,Foreign Film - Foreign Language,Tizoc,Ismael Rodríguez,TRUE,,Mexico
1957,1958,15,New Star Of The Year - Actress,Until They Sail,Sandra Dee,TRUE,,
1957,1958,15,Best Motion Picture - Drama,Wild is the Wind,,FALSE,,
1957,1958,15,Best Performance by an Actress in a Motion Picture - Drama,Wild is the Wind,Anna Magnani,FALSE,,
1957,1958,15,Best Performance by an Actor in a Motion Picture - Musical or Comedy,Will Success Spoil Rock Hunter?,Tony Randall,FALSE,,
1957,1958,15,Best Director - Motion Picture,Witness for the Prosecution,Billy Wilder,FALSE,,
1957,1958,15,Best Motion Picture - Drama,Witness for the Prosecution,,FALSE,,
1957,1958,15,Best Performance by an Actor in a Motion Picture - Drama,Witness for the Prosecution,Charles Laughton,FALSE,,
1957,1958,15,Best Performance by an Actress in a Motion Picture - Drama,Witness for the Prosecution,Marlene Dietrich,FALSE,,
1957,1958,15,Best Performance by an Actress in a Supporting Role in any Motion Picture,Witness for the Prosecution,Elsa Lanchester,TRUE,,
1957,1958,15,Foreign Film - English Language,Woman In A Dressing Gown,J. Lee Thompson,TRUE,,United Kingdom
1957,1958,15,Cecil B. deMille Award,,Buddy Adler,FALSE,,
1957,1958,15,Henrietta Award (World Film Favorites),,Doris Day,TRUE,,
1957,1958,15,Henrietta Award (World Film Favorites),,Tony Curtis,TRUE,,
1957,1958,15,New Star Of The Year - Actress,,Carolyn Jones,TRUE,,
1957,1958,15,Special Achievement Award,,Bob Hope,FALSE,,
1957,1958,15,Special Achievement Award,,Hugo Friedhofer,FALSE,,
1957,1958,15,Special Achievement Award,,Jean Simmons,FALSE,,
1957,1958,15,Special Achievement Award,,Le Roy Prinze,FALSE,,
1957,1958,15,Special Achievement Award,,Zsa Zsa Gabor,FALSE,,
1958,1959,16,New Star Of The Year - Actor,10 North Frederick,Ray Stricklyn,FALSE,,
1958,1959,16,Foreign Film - English Language,A Night To Remember,Roy Ward Baker,TRUE,,United Kingdom
1958,1959,16,New Star Of The Year - Actor,A Time to Love and a Time to Die,John Gavin,TRUE,,
1958,1959,16,Promoting International Understanding,A Time to Love and a Time to Die,Douglas Sirk,FALSE,,
1958,1959,16,Television Achievement,Ann Sothern,,TRUE,,
1958,1959,16,Actress In A Leading Role - Musical Or Comedy,Auntie Mame,Rosalind Russell,TRUE,,
1958,1959,16,Best Performance by an Actress in a Supporting Role in any Motion Picture,Auntie Mame,Peggy Cass,FALSE,,
1958,1959,16,New Star Of The Year - Actress,Auntie Mame,Joanna Barnes,FALSE,,
1958,1959,16,Picture - Comedy,Auntie Mame,,TRUE,,
1958,1959,16,Picture - Comedy,"Bell, Book and Candle",,FALSE,,
1958,1959,16,Best Director - Motion Picture,Cat on a Hot Tin Roof,Richard Brooks,FALSE,,
1958,1959,16,Best Motion Picture - Drama,Cat on a Hot Tin Roof,,FALSE,,
1958,1959,16,Picture - Musical,Damn Yankees,,FALSE,,
1958,1959,16,Samuel Goldwyn International Award,Do Ankhen Barah Haath,V. Shantaram,TRUE,,India
1958,1959,16,Television Achievement,Ed Sullivan,,TRUE,,
1958,1959,16,Actress In A Leading Role - Musical Or Comedy,Gigi,Leslie Caron,FALSE,,
1958,1959,16,Best Director - Motion Picture,Gigi,Vincente Minnelli,TRUE,,
1958,1959,16,Best Performance by an Actor in a Motion Picture - Musical or Comedy,Gigi,Louis Jourdan,FALSE,,
1958,1959,16,Best Performance by an Actor in a Motion Picture - Musical or Comedy,Gigi,Maurice Chevalier,FALSE,,
1958,1959,16,Best Performance by an Actress in a Supporting Role in any Motion Picture,Gigi,Hermione Gingold,TRUE,,
1958,1959,16,Picture - Musical,Gigi,,TRUE,,
1958,1959,16,New Star Of The Year - Actress,God's Little Acre,Tina Louise,TRUE,,
1958,1959,16,Best Motion Picture - Drama,Home Before Dark,,FALSE,,
1958,1959,16,Best Performance by an Actor in a Supporting Role in any Motion Picture,Home Before Dark,Efrem Zimbalist Jr.,FALSE,,
1958,1959,16,Best Performance by an Actress in a Motion Picture - Drama,Home Before Dark,Jean Simmons,FALSE,,
1958,1959,16,Best Performance by an Actor in a Supporting Role in any Motion Picture,Houseboat,Harry Guardino,FALSE,,
1958,1959,16,Best Director - Motion Picture,I Want To Live!,Robert Wise,FALSE,,
1958,1959,16,Best Motion Picture - Drama,I Want To Live!,,FALSE,,
1958,1959,16,Best Performance by an Actress in a Motion Picture - Drama,I Want To Live!,Susan Hayward,TRUE,,
1958,1959,16,New Star Of The Year - Actor,In Love and War - 1958,Bradford Dillman,TRUE,,
1958,1959,16,Actress In A Leading Role - Musical Or Comedy,Indiscreet,Ingrid Bergman,FALSE,,
1958,1959,16,Best Performance by an Actor in a Motion Picture - Musical or Comedy,Indiscreet,Cary Grant,FALSE,,
1958,1959,16,Picture - Comedy,Indiscreet,,FALSE,,
1958,1959,16,Foreign Film - Foreign Language,L'eau vive,François Villiers,TRUE,,France
1958,1959,16,Best Performance by an Actress in a Supporting Role in any Motion Picture,Lonelyhearts,Maureen Stapleton,FALSE,,
1958,1959,16,Television Achievement,Loretta Young,,TRUE,,
1958,1959,16,Best Performance by an Actor in a Motion Picture - Musical or Comedy,Me and the Colonel,Danny Kaye,TRUE,,
1958,1959,16,Picture - Comedy,Me and the Colonel,,FALSE,,
1958,1959,16,Promoting International Understanding,Me and the Colonel,Peter Glenville,FALSE,,
1958,1959,16,Television Achievement,Paul Coates,,TRUE,,
1958,1959,16,Television Achievement,Red Skelton,,TRUE,,
1958,1959,16,New Star Of The Year - Actor,Rio Bravo,Ricky Nelson,FALSE,,
1958,1959,16,Foreign Film - Foreign Language,Rosemary,West Germany,TRUE,,
1958,1959,16,Foreign Film - Foreign Language,Rosemary,Rolf Thiele,TRUE,,
1958,1959,16,Best Director - Motion Picture,Separate Tables,Delbert Mann,FALSE,,
1958,1959,16,Best Motion Picture - Drama,Separate Tables,,FALSE,,
1958,1959,16,Best Performance by an Actor in a Motion Picture - Drama,Separate Tables,David Niven,TRUE,,
1958,1959,16,Best Performance by an Actress in a Motion Picture - Drama,Separate Tables,Deborah Kerr,FALSE,,
1958,1959,16,Best Performance by an Actress in a Supporting Role in any Motion Picture,Separate Tables,Wendy Hiller,FALSE,,
1958,1959,16,Best Performance by an Actress in a Motion Picture - Drama,Some Came Running,Shirley MacLaine,FALSE,,
1958,1959,16,Actress In A Leading Role - Musical Or Comedy,South Pacific,Mitzi Gaynor,FALSE,,
1958,1959,16,New Star Of The Year - Actress,South Pacific,France Nuyen,FALSE,,
1958,1959,16,Best Performance by an Actor in a Motion Picture - Musical or Comedy,Teacher's Pet,Clark Gable,FALSE,,
1958,1959,16,Best Performance by an Actor in a Supporting Role in any Motion Picture,Teacher's Pet,Gig Young,FALSE,,
1958,1959,16,Best Performance by an Actor in a Supporting Role in any Motion Picture,The Big Country,Burl Ives,TRUE,,
1958,1959,16,Best Director - Motion Picture,The Defiant Ones,Stanley Kramer,FALSE,,
1958,1959,16,Best Motion Picture - Drama,The Defiant Ones,,TRUE,,
1958,1959,16,Best Performance by an Actor in a Motion Picture - Drama,The Defiant Ones,Sidney Poitier,FALSE,,
1958,1959,16,Best Performance by an Actor in a Motion Picture - Drama,The Defiant Ones,Tony Curtis,FALSE,,
1958,1959,16,Best Performance by an Actress in a Supporting Role in any Motion Picture,The Defiant Ones,Cara Williams,FALSE,,
1958,1959,16,Promoting International Understanding,The Defiant Ones,Stanley Kramer,FALSE,,
1958,1959,16,New Star Of The Year - Actress,The Gene Krupa Story,Susan Kohner,TRUE,,
1958,1959,16,Best Performance by an Actor in a Motion Picture - Drama,The Inn of the Sixth Happiness,Robert Donat,FALSE,,
1958,1959,16,Best Performance by an Actress in a Motion Picture - Drama,The Inn of the Sixth Happiness,Ingrid Bergman,FALSE,,
1958,1959,16,Promoting International Understanding,The Inn of the Sixth Happiness,Mark Robson,TRUE,,
1958,1959,16,New Star Of The Year - Actress,The Light in the Forest,Carol Lynley,FALSE,,
1958,1959,16,Best Performance by an Actor in a Motion Picture - Drama,The Old Man and the Sea,Spencer Tracy,FALSE,,
1958,1959,16,New Star Of The Year - Actress,The Perfect Furlough,Linda Cristal,TRUE,,
1958,1959,16,Picture - Comedy,The Perfect Furlough,,FALSE,,
1958,1959,16,Best Performance by an Actor in a Supporting Role in any Motion Picture,The Proud Rebel,David Ladd,FALSE,,
1958,1959,16,Juvenile Performance,The Proud Rebel,David Ladd,TRUE,,
1958,1959,16,New Star Of The Year - Actor,The Proud Rebel,David Ladd,FALSE,,
1958,1959,16,Actress In A Leading Role - Musical Or Comedy,The Tunnel of Love,Doris Day,FALSE,,
1958,1959,16,Foreign Film - Foreign Language,The Year Long Road,Giuseppe De Santis,TRUE,,"Italy,Yugoslavia"
1958,1959,16,Promoting International Understanding,The Young Lions,Edward Dmytryk,FALSE,,
1958,1959,16,Picture - Musical,Tom Thumb,,FALSE,,
1958,1959,16,New Star Of The Year - Actor,"Too Much, Too Soon",Efrem Zimbalist Jr.,TRUE,,
1958,1959,16,Television Achievement,William Orr,,TRUE,,
1958,1959,16,Cecil B. deMille Award,,Maurice Chevalier,FALSE,,
1958,1959,16,Henrietta Award (World Film Favorites),,Deborah Kerr,TRUE,,
1958,1959,16,Henrietta Award (World Film Favorites),,Rock Hudson,TRUE,,
1958,1959,16,Special Achievement Award,,Shirley MacLaine,FALSE,,
1959,1960,17,Television Achievement,77 Sunset Strip,Edward R. Murrow,TRUE,,
1959,1960,17,New Star Of The Year - Actor,A Private's Affair,Barry Coe,TRUE,,
1959,1960,17,Picture - Musical,A Private's Affair,,FALSE,,
1959,1960,17,New Star Of The Year - Actor,A Summer Place,Troy Donahue,TRUE,,
1959,1960,17,Best Director - Motion Picture,Anatomy of a Murder,Otto Preminger,FALSE,,
1959,1960,17,Best Motion Picture - Drama,Anatomy of a Murder,,FALSE,,
1959,1960,17,Best Performance by an Actor in a Supporting Role in any Motion Picture,Anatomy of a Murder,Joseph Welch,FALSE,,
1959,1960,17,Best Performance by an Actress in a Motion Picture - Drama,Anatomy of a Murder,Lee Remick,FALSE,,
1959,1960,17,Actress In A Leading Role - Musical Or Comedy,Ask Any Girl,Shirley MacLaine,FALSE,,
1959,1960,17,Best Director - Motion Picture,Ben-Hur,William Wyler,TRUE,,
1959,1960,17,Best Motion Picture - Drama,Ben-Hur,,TRUE,,
1959,1960,17,Best Performance by an Actor in a Motion Picture - Drama,Ben-Hur,Charlton Heston,FALSE,,
1959,1960,17,Best Performance by an Actor in a Supporting Role in any Motion Picture,Ben-Hur,Stephen Boyd,TRUE,,
1959,1960,17,Special Achievement Award,Ben-Hur,Andrew Marton,FALSE,,
1959,1960,17,Foreign Film - Foreign Language,Black Orpheus,Marcel Camus,TRUE,,France
1959,1960,17,New Star Of The Year - Actress,Blue Denim,Carol Lynley,FALSE,,
1959,1960,17,Actress In A Leading Role - Musical Or Comedy,But Not For Me,Lilli Palmer,FALSE,,
1959,1960,17,Best Performance by an Actor in a Motion Picture - Musical or Comedy,But Not For Me,Clark Gable,FALSE,,
1959,1960,17,Picture - Comedy,But Not For Me,,FALSE,,
1959,1960,17,Best Performance by an Actor in a Motion Picture - Drama,Career,Anthony Franciosa,TRUE,,
1959,1960,17,New Star Of The Year - Actor,"Crime & Punishment, USA",George Hamilton,TRUE,,
1959,1960,17,New Star Of The Year - Actress,Darby O'Gill and The Little People,Janet Munro,TRUE,,
1959,1960,17,Best Performance by an Actress in a Supporting Role in any Motion Picture,Imitation of Life,Juanita Moore,FALSE,,
1959,1960,17,Best Performance by an Actress in a Supporting Role in any Motion Picture,Imitation of Life,Susan Kohner,TRUE,,
1959,1960,17,Picture - Musical,Li'l Abner,,FALSE,,
1959,1960,17,Best Performance by an Actor in a Motion Picture - Drama,Look Back In Anger,Richard Burton,FALSE,,
1959,1960,17,Best Performance by an Actor in a Motion Picture - Drama,Middle of the Night,Fredric March,FALSE,,
1959,1960,17,Foreign Film - Foreign Language,Odd Obsession,Kon Ichikawa,TRUE,,Japan
1959,1960,17,Promoting International Understanding,Odds Against Tomorrow,Robert Wise,FALSE,,
1959,1960,17,Best Director - Motion Picture,On The Beach,Stanley Kramer,FALSE,,
1959,1960,17,Best Motion Picture - Drama,On The Beach,,FALSE,,
1959,1960,17,Best Original Score - Motion Picture,On The Beach,Ernest Gold,TRUE,,
1959,1960,17,Best Performance by an Actor in a Supporting Role in any Motion Picture,On The Beach,Fred Astaire,FALSE,,
1959,1960,17,Promoting International Understanding,On The Beach,Stanley Kramer,FALSE,,
1959,1960,17,Best Performance by an Actor in a Motion Picture - Musical or Comedy,Operation Petticoat,Cary Grant,FALSE,,
1959,1960,17,Picture - Comedy,Operation Petticoat,,FALSE,,
1959,1960,17,Actress In A Leading Role - Musical Or Comedy,Pillow Talk,Doris Day,FALSE,,
1959,1960,17,Best Performance by an Actor in a Supporting Role in any Motion Picture,Pillow Talk,Tony Randall,FALSE,,
1959,1960,17,Picture - Comedy,Pillow Talk,,FALSE,,
1959,1960,17,New Star Of The Year - Actress,Platinum High School,Yvette Mimieux,FALSE,,
1959,1960,17,Actress In A Leading Role - Musical Or Comedy,Porgy and Bess,Dorothy Dandridge,FALSE,,
1959,1960,17,Best Performance by an Actor in a Motion Picture - Musical or Comedy,Porgy and Bess,Sidney Poitier,FALSE,,
1959,1960,17,Picture - Musical,Porgy and Bess,,TRUE,,
1959,1960,17,New Star Of The Year - Actress,Rio Bravo,Angie Dickinson,TRUE,,
1959,1960,17,Best Performance by an Actress in a Motion Picture - Drama,Room At The Top,Simone Signoret,FALSE,,
1959,1960,17,Samuel Goldwyn International Award,Room At The Top,Jack Clayton,TRUE,,United Kingdom
1959,1960,17,New Star Of The Year - Actress,Say One For Me,Stella Stevens,TRUE,,
1959,1960,17,Picture - Musical,Say One For Me,,FALSE,,
1959,1960,17,Actress In A Leading Role - Musical Or Comedy,Some Like It Hot,Marilyn Monroe,TRUE,,
1959,1960,17,Best Performance by an Actor in a Motion Picture - Musical or Comedy,Some Like It Hot,Jack Lemmon,TRUE,,
1959,1960,17,Picture - Comedy,Some Like It Hot,,TRUE,,
1959,1960,17,Best Performance by an Actress in a Motion Picture - Drama,"Suddenly, Last Summer",Elizabeth Taylor,TRUE,,
1959,1960,17,Best Performance by an Actress in a Motion Picture - Drama,"Suddenly, Last Summer",Katharine Hepburn,FALSE,,
1959,1960,17,Best Performance by an Actress in a Supporting Role in any Motion Picture,Take a Giant Step,Estelle Hemsley,FALSE,,
1959,1960,17,Promoting International Understanding,Take a Giant Step,Philip Leacock,FALSE,,
1959,1960,17,Foreign Film - Foreign Language,The Bridge,West Germany,TRUE,,
1959,1960,17,Foreign Film - Foreign Language,The Bridge,Bernhard Wicki,TRUE,,
1959,1960,17,New Star Of The Year - Actor,The Crimson Kimono,James Shigeta,TRUE,,
1959,1960,17,Best Director - Motion Picture,The Diary of Anne Frank,George Stevens,FALSE,,
1959,1960,17,Best Motion Picture - Drama,The Diary of Anne Frank,,FALSE,,
1959,1960,17,Best Performance by an Actor in a Motion Picture - Drama,The Diary of Anne Frank,Joseph Schildkraut,FALSE,,
1959,1960,17,Best Performance by an Actress in a Supporting Role in any Motion Picture,The Diary of Anne Frank,Shelley Winters,FALSE,,
1959,1960,17,New Star Of The Year - Actress,The Diary of Anne Frank,Diane Baker,FALSE,,
1959,1960,17,Promoting International Understanding,The Diary of Anne Frank,George Stevens,TRUE,,
1959,1960,17,New Star Of The Year - Actress,The Five Pennies,Tuesday Weld,TRUE,,
1959,1960,17,Picture - Musical,The Five Pennies,,FALSE,,
1959,1960,17,New Star Of The Year - Actor,The Flying Fontaines,Michael Callan,FALSE,,
1959,1960,17,Best Director - Motion Picture,The Nun's Story,Fred Zinnemann,FALSE,,
1959,1960,17,Best Motion Picture - Drama,The Nun's Story,,FALSE,,
1959,1960,17,Best Performance by an Actress in a Motion Picture - Drama,The Nun's Story,Audrey Hepburn,FALSE,,
1959,1960,17,Best Performance by an Actress in a Supporting Role in any Motion Picture,The Nun's Story,Edith Evans,FALSE,,
1959,1960,17,Promoting International Understanding,The Nun's Story,Fred Zinnemann,FALSE,,
1959,1960,17,Special Achievement Award,The Nun's Story,Fred Zinnemann,FALSE,,
1959,1960,17,Best Performance by an Actor in a Supporting Role in any Motion Picture,The Young Philadelphians,Robert Vaughn,FALSE,,
1959,1960,17,New Star Of The Year - Actress,This Earth Is Mine,Cindy Robbins,FALSE,,
1959,1960,17,Best Performance by an Actor in a Motion Picture - Musical or Comedy,Who Was That Lady?,Dean Martin,FALSE,,
1959,1960,17,Picture - Comedy,Who Was That Lady?,,FALSE,,
1959,1960,17,Foreign Film - Foreign Language,Wild Strawberries,Ingmar Bergman,TRUE,,Sweden
1959,1960,17,Foreign Film - Foreign Language,Wir Wunderkinder,West Germany,TRUE,,
1959,1960,17,Foreign Film - Foreign Language,Wir Wunderkinder,Kurt Hoffmann,TRUE,,
1959,1960,17,Cecil B. deMille Award,,Bing Crosby,FALSE,,
1959,1960,17,Famous Silent Filmstars,,Ramon Novarro,FALSE,,
1959,1960,17,Henrietta Award (World Film Favorites),,Doris Day,TRUE,,
1959,1960,17,Henrietta Award (World Film Favorites),,Rock Hudson,TRUE,,
1960,1961,18,Foreign Film - Foreign Language,Ballad Of A Soldier,United Soviet Socialist Republics,FALSE,,
1960,1961,18,Foreign Film - Foreign Language,Ballad Of A Soldier,Grigoriy Chukhray,FALSE,,
1960,1961,18,New Star Of The Year - Actor,Because They're Young,Michael Callan,TRUE,,
1960,1961,18,Television Achievement,Bell Telephone Hour,William Hanna,TRUE,,
1960,1961,18,Actress In A Leading Role - Musical Or Comedy,Bells Are Ringing,Judy Holliday,FALSE,,
1960,1961,18,Picture - Musical,Bells Are Ringing,,FALSE,,
1960,1961,18,Best Performance by an Actress in a Motion Picture - Drama,Butterfield 8,Elizabeth Taylor,FALSE,,
1960,1961,18,Promoting International Understanding,Conspiracy of Hearts,Ralph Thomas,FALSE,,
1960,1961,18,New Star Of The Year - Actor,Desire In The Dust,Brett Halsey,TRUE,,
1960,1961,18,Best Director - Motion Picture,Elmer Gantry,Richard Brooks,FALSE,,
1960,1961,18,Best Motion Picture - Drama,Elmer Gantry,,FALSE,,
1960,1961,18,Best Performance by an Actor in a Motion Picture - Drama,Elmer Gantry,Burt Lancaster,TRUE,,
1960,1961,18,Best Performance by an Actress in a Motion Picture - Drama,Elmer Gantry,Jean Simmons,FALSE,,
1960,1961,18,Best Performance by an Actress in a Supporting Role in any Motion Picture,Elmer Gantry,Shirley Jones,FALSE,,
1960,1961,18,Best Original Score - Motion Picture,Exodus,Ernest Gold,FALSE,,
1960,1961,18,Best Performance by an Actor in a Supporting Role in any Motion Picture,Exodus,Sal Mineo,TRUE,,
1960,1961,18,New Star Of The Year - Actress,Exodus,Jill Haworth,FALSE,,
1960,1961,18,Best Performance by an Actress in a Supporting Role in any Motion Picture,From The Terrace,Ina Balin,FALSE,,
1960,1961,18,New Star Of The Year - Actress,From The Terrace,Ina Balin,TRUE,,
1960,1961,18,Picture - Musical,George Sidney,Pepe,FALSE,,
1960,1961,18,Promoting International Understanding,Hand In Hand,Philip Leacock,TRUE,,
1960,1961,18,New Star Of The Year - Actor,Hell To Eternity,David Janssen,FALSE,,
1960,1961,18,Foreign Film - Foreign Language,Hiroshima Mon Amour,Alain Resnais,FALSE,,France
1960,1961,18,Television Achievement,Hong Kong,,TRUE,,
1960,1961,18,New Star Of The Year - Actor,House of Usher,Mark Damon,TRUE,,
1960,1961,18,Best Motion Picture - Drama,Inherit the Wind - 1960,,FALSE,,
1960,1961,18,Best Performance by an Actor in a Motion Picture - Drama,Inherit the Wind - 1960,Spencer Tracy,FALSE,,
1960,1961,18,Special Achievement Award,Inherit the Wind - 1960,Stanley Kramer,FALSE,,
1960,1961,18,Actress In A Leading Role - Musical Or Comedy,It Started in Naples,Sophia Loren,FALSE,,
1960,1961,18,Picture - Comedy,It Started in Naples,,FALSE,,
1960,1961,18,Picture - Musical,Jerry Wald,Let's Make Love,FALSE,,
1960,1961,18,Foreign Film - Foreign Language,La vérité,Henri-Georges Clouzot,TRUE,,France
1960,1961,18,Best Performance by an Actress in a Motion Picture - Drama,Midnight Lace,Doris Day,FALSE,,
1960,1961,18,New Star Of The Year - Actor,"Murder, Inc.",Peter Falk,FALSE,,
1960,1961,18,Samuel Goldwyn International Award,Never On Sunday,Jules Dassin,TRUE,,Greece
1960,1961,18,Picture - Comedy,Our Man in Havana,,FALSE,,
1960,1961,18,Best Original Score - Motion Picture,Pepe,Johnny Green,FALSE,,
1960,1961,18,Best Performance by an Actor in a Motion Picture - Musical or Comedy,Pepe,Cantinflas,FALSE,,
1960,1961,18,Television Achievement,Perry Mason,Walter Cronkite,TRUE,,
1960,1961,18,New Star Of The Year - Actress,Pollyanna,Hayley Mills,TRUE,,
1960,1961,18,Best Performance by an Actress in a Supporting Role in any Motion Picture,Psycho,Janet Leigh,TRUE,,
1960,1961,18,Actress In A Leading Role - Musical Or Comedy,Song Without End,Capucine,FALSE,,
1960,1961,18,Best Performance by an Actor in a Motion Picture - Musical or Comedy,Song Without End,Dirk Bogarde,FALSE,,
1960,1961,18,Picture - Musical,Song Without End,,TRUE,,
1960,1961,18,Best Director - Motion Picture,Sons and Lovers,Jack Cardiff,TRUE,,
1960,1961,18,Best Motion Picture - Drama,Sons and Lovers,,FALSE,,
1960,1961,18,Best Performance by an Actor in a Motion Picture - Drama,Sons and Lovers,Dean Stockwell,FALSE,,
1960,1961,18,Best Performance by an Actor in a Motion Picture - Drama,Sons and Lovers,Trevor Howard,FALSE,,
1960,1961,18,Best Performance by an Actress in a Supporting Role in any Motion Picture,Sons and Lovers,Mary Ure,FALSE,,
1960,1961,18,Best Director - Motion Picture,Spartacus,Stanley Kubrick,FALSE,,
1960,1961,18,Best Motion Picture - Drama,Spartacus,,TRUE,,
1960,1961,18,Best Original Score - Motion Picture,Spartacus,Alex North,FALSE,,
1960,1961,18,Best Performance by an Actor in a Motion Picture - Drama,Spartacus,Laurence Olivier,FALSE,,
1960,1961,18,Best Performance by an Actor in a Supporting Role in any Motion Picture,Spartacus,Peter Ustinov,FALSE,,
1960,1961,18,Best Performance by an Actor in a Supporting Role in any Motion Picture,Spartacus,Woody Strode,FALSE,,
1960,1961,18,Best Motion Picture - Drama,Sunrise at Campobello,,FALSE,,
1960,1961,18,Best Performance by an Actress in a Motion Picture - Drama,Sunrise at Campobello,Greer Garson,TRUE,,
1960,1961,18,Best Original Score - Motion Picture,The Alamo,Dimitri Tiomkin,TRUE,,
1960,1961,18,Foreign Film - English Language,The Angry Silence,,FALSE,,United Kingdom
1960,1961,18,Actress In A Leading Role - Musical Or Comedy,The Apartment,Shirley MacLaine,TRUE,,
1960,1961,18,Best Director - Motion Picture,The Apartment,Billy Wilder,FALSE,,
1960,1961,18,Best Performance by an Actor in a Motion Picture - Musical or Comedy,The Apartment,Jack Lemmon,TRUE,,
1960,1961,18,Picture - Comedy,The Apartment,,TRUE,,
1960,1961,18,Best Performance by an Actor in a Supporting Role in any Motion Picture,The Dark at the Top of the Stairs,Lee Kinsolving,FALSE,,
1960,1961,18,Best Performance by an Actress in a Supporting Role in any Motion Picture,The Dark at the Top of the Stairs,Shirley Knight,FALSE,,
1960,1961,18,New Star Of The Year - Actress,The Dark at the Top of the Stairs,Shirley Knight,FALSE,,
1960,1961,18,Actress In A Leading Role - Musical Or Comedy,The Facts of Life,Lucille Ball,FALSE,,
1960,1961,18,Best Performance by an Actor in a Motion Picture - Musical or Comedy,The Facts of Life,Bob Hope,FALSE,,
1960,1961,18,Picture - Comedy,The Facts of Life,,FALSE,,
1960,1961,18,Best Performance by an Actor in a Motion Picture - Musical or Comedy,The Grass is Greener,Cary Grant,FALSE,,
1960,1961,18,Picture - Comedy,The Grass is Greener,,FALSE,,
1960,1961,18,New Star Of The Year - Actor,The Magnificent Seven,Robert Vaughn,FALSE,,
1960,1961,18,New Star Of The Year - Actress,The Marriage-Go-Round,Julie Newmar,FALSE,,
1960,1961,18,Best Performance by an Actor in a Supporting Role in any Motion Picture,The Plunderers,Ray Stricklyn,FALSE,,
1960,1961,18,Best Director - Motion Picture,The Sundowners,Fred Zinnemann,FALSE,,
1960,1961,18,Special Achievement Award,The Sundowners,Fred Zinnemann,FALSE,,
1960,1961,18,Foreign Film - English Language,The Trials Of Oscar Wilde,Ken Hughes,TRUE,,United Kingdom
1960,1961,18,Foreign Film - Foreign Language,The Virgin Spring,Ingmar Bergman,TRUE,,Sweden
1960,1961,18,Foreign Film - Foreign Language,The World Of Apu,Satyajit Ray,FALSE,,India
1960,1961,18,Best Original Score - Motion Picture,The World Of Suzie Wong,George Duning,FALSE,,
1960,1961,18,Best Performance by an Actress in a Motion Picture - Drama,The World Of Suzie Wong,Nancy Kwan,FALSE,,
1960,1961,18,New Star Of The Year - Actress,The World Of Suzie Wong,Nancy Kwan,TRUE,,
1960,1961,18,Foreign Film - English Language,Tunes of Glory,,FALSE,,United Kingdom
1960,1961,18,Picture - Musical,Walter Lang,Can-Can,FALSE,,
1960,1961,18,Cecil B. deMille Award,,Fred Astaire,FALSE,,
1960,1961,18,Henrietta Award (World Film Favorites),,Gina Lollobrigida,TRUE,,
1960,1961,18,Henrietta Award (World Film Favorites),,Rock Hudson,TRUE,,
1960,1961,18,Henrietta Award (World Film Favorites),,Tony Curtis,TRUE,,
1961,1962,19,Actress In A Leading Role - Musical Or Comedy,A Majority Of One,Rosalind Russell,TRUE,,
1961,1962,19,Picture - Comedy,A Majority Of One,,TRUE,,
1961,1962,19,Promoting International Understanding,A Majority Of One,Mervyn LeRoy,TRUE,,
1961,1962,19,Best Performance by an Actor in a Motion Picture - Drama,A Raisin in the Sun,Sidney Poitier,FALSE,,
1961,1962,19,Best Performance by an Actress in a Motion Picture - Drama,A Raisin in the Sun,Claudia McNeil,FALSE,,
1961,1962,19,Foreign Film - Foreign Language,Ánimas Trujano,Ismael Rodríguez,FALSE,,Mexico
1961,1962,19,Samuel Goldwyn International Award,Antigone,,FALSE,,Greece
1961,1962,19,Best Performance by an Actor in a Motion Picture - Musical or Comedy,Bachelor In Paradise,Bob Hope,FALSE,,
1961,1962,19,Actress In A Leading Role - Musical Or Comedy,Breakfast at Tiffany's,Audrey Hepburn,FALSE,,
1961,1962,19,Picture - Comedy,Breakfast at Tiffany's,,FALSE,,
1961,1962,19,Promoting International Understanding,Bridge to the Sun,Périer Étienne,FALSE,,
1961,1962,19,New Star Of The Year - Actor,Come September,Bobby Darin,TRUE,,
1961,1962,19,Best Director - Motion Picture,El Cid,Anthony Mann,FALSE,,
1961,1962,19,Best Motion Picture - Drama,El Cid,,FALSE,,
1961,1962,19,Best Original Score - Motion Picture,El Cid,Miklos Rozsa,FALSE,,
1961,1962,19,Special Achievement Award,El Cid,Samuel Bronston,FALSE,,
1961,1962,19,Best Motion Picture - Drama,Fanny,,FALSE,,
1961,1962,19,Best Original Score - Motion Picture,Fanny,Harold Rome,FALSE,,
1961,1962,19,Best Performance by an Actor in a Motion Picture - Drama,Fanny,Maurice Chevalier,FALSE,,
1961,1962,19,Best Performance by an Actress in a Motion Picture - Drama,Fanny,Leslie Caron,FALSE,,
1961,1962,19,Actress In A Leading Role - Musical Or Comedy,Flower Drum Song,Miyoshi Umeki,FALSE,,
1961,1962,19,Picture - Musical,Flower Drum Song,,FALSE,,
1961,1962,19,Samuel Goldwyn International Award,Harry and The Butler,,FALSE,,Denmark
1961,1962,19,New Star Of The Year - Actress,Hitler,Cordula Trantow,FALSE,,
1961,1962,19,Best Director - Motion Picture,Judgment at Nuremberg,Stanley Kramer,TRUE,,
1961,1962,19,Best Motion Picture - Drama,Judgment at Nuremberg,,FALSE,,
1961,1962,19,Best Performance by an Actor in a Motion Picture - Drama,Judgment at Nuremberg,Maximilian Schell,TRUE,,
1961,1962,19,Best Performance by an Actor in a Supporting Role in any Motion Picture,Judgment at Nuremberg,Montgomery Clift,FALSE,,
1961,1962,19,Best Performance by an Actress in a Supporting Role in any Motion Picture,Judgment at Nuremberg,Judy Garland,FALSE,,
1961,1962,19,Promoting International Understanding,Judgment at Nuremberg,Stanley Kramer,FALSE,,
1961,1962,19,Best Original Score - Motion Picture,King Of Kings,Miklos Rozsa,FALSE,,
1961,1962,19,Best Performance by an Actor in a Supporting Role in any Motion Picture,Lover Come Back,Tony Randall,FALSE,,
1961,1962,19,Television Series,My Three Sons,,TRUE,,
1961,1962,19,Best Performance by an Actress in a Supporting Role in any Motion Picture,"One, Two, Three",Pamela Tiffin,FALSE,,
1961,1962,19,Picture - Comedy,"One, Two, Three",,FALSE,,
1961,1962,19,Actress In A Leading Role - Musical Or Comedy,Pocketful of Miracles,Bette Davis,FALSE,,
1961,1962,19,Best Performance by an Actor in a Motion Picture - Musical or Comedy,Pocketful of Miracles,Glenn Ford,TRUE,,
1961,1962,19,New Star Of The Year - Actress,Pocketful of Miracles,Ann-Margret,TRUE,,
1961,1962,19,Picture - Comedy,Pocketful of Miracles,,FALSE,,
1961,1962,19,Best Motion Picture - Drama,Splendor in the Grass,,FALSE,,
1961,1962,19,Best Performance by an Actor in a Motion Picture - Drama,Splendor in the Grass,Warren Beatty,FALSE,,
1961,1962,19,Best Performance by an Actress in a Motion Picture - Drama,Splendor in the Grass,Natalie Wood,FALSE,,
1961,1962,19,New Star Of The Year - Actor,Splendor in the Grass,Warren Beatty,TRUE,,
1961,1962,19,Best Original Score - Motion Picture,Summer and Smoke,Elmer Bernstein,FALSE,,
1961,1962,19,Best Performance by an Actress in a Motion Picture - Drama,Summer and Smoke,Geraldine Page,TRUE,,
1961,1962,19,New Star Of The Year - Actress,Summer and Smoke,Pamela Tiffin,FALSE,,
1961,1962,19,New Star Of The Year - Actress,Tall Story,Jane Fonda,TRUE,,
1961,1962,19,Best Performance by an Actor in a Motion Picture - Musical or Comedy,The Absent-Minded Professor,Fred MacMurray,FALSE,,
1961,1962,19,Best Director - Motion Picture,The Children's Hour,William Wyler,FALSE,,
1961,1962,19,Best Performance by an Actress in a Motion Picture - Drama,The Children's Hour,Shirley MacLaine,FALSE,,
1961,1962,19,Best Performance by an Actress in a Supporting Role in any Motion Picture,The Children's Hour,Fay Bainter,FALSE,,
1961,1962,19,Foreign Film - Foreign Language,The Good Soldier Schweik,West Germany,FALSE,,
1961,1962,19,Foreign Film - Foreign Language,The Good Soldier Schweik,Axel von Ambesser,FALSE,,
1961,1962,19,Best Director - Motion Picture,The Guns Of Navarone,J. Lee Thompson,FALSE,,
1961,1962,19,Best Motion Picture - Drama,The Guns Of Navarone,,TRUE,,
1961,1962,19,Best Original Score - Motion Picture,The Guns Of Navarone,Dimitri Tiomkin,TRUE,,
1961,1962,19,Best Performance by an Actor in a Motion Picture - Drama,The Hustler,Paul Newman,FALSE,,
1961,1962,19,Best Performance by an Actor in a Supporting Role in any Motion Picture,The Hustler,George C. Scott,FALSE,,
1961,1962,19,Best Performance by an Actor in a Supporting Role in any Motion Picture,The Hustler,Jackie Gleason,FALSE,,
1961,1962,19,New Star Of The Year - Actor,The Hustler,George C. Scott,FALSE,,
1961,1962,19,Samuel Goldwyn International Award,The Mark,Guy Green,TRUE,,United Kingdom
1961,1962,19,Actress In A Leading Role - Musical Or Comedy,The Parent Trap,Hayley Mills,FALSE,,
1961,1962,19,Best Performance by an Actor in a Motion Picture - Musical or Comedy,The Pleasure of His Company,Fred Astaire,FALSE,,
1961,1962,19,Best Performance by an Actress in a Supporting Role in any Motion Picture,The Roman Spring of Mrs. Stone,Lotte Lenya,FALSE,,
1961,1962,19,Best Original Song - Motion Picture,Town Without Pity,Dimitri Tiomkin,TRUE,Town Without Pity,
1961,1962,19,Best Original Song - Motion Picture,Town Without Pity,Ned Washington,TRUE,Town Without Pity,
1961,1962,19,New Star Of The Year - Actress,Town Without Pity,Christine Kaufmann,TRUE,,
1961,1962,19,Foreign Film - Foreign Language,Two Women,Vittorio De Sica,TRUE,,Italy
1961,1962,19,Best Director - Motion Picture,West Side Story,Robert Wise,FALSE,,
1961,1962,19,Best Performance by an Actor in a Motion Picture - Musical or Comedy,West Side Story,Richard Beymer,FALSE,,
1961,1962,19,Best Performance by an Actor in a Supporting Role in any Motion Picture,West Side Story,George Chakiris,TRUE,,
1961,1962,19,Best Performance by an Actress in a Supporting Role in any Motion Picture,West Side Story,Rita Moreno,TRUE,,
1961,1962,19,New Star Of The Year - Actor,West Side Story,George Chakiris,FALSE,,
1961,1962,19,New Star Of The Year - Actor,West Side Story,Richard Beymer,FALSE,,
1961,1962,19,Picture - Musical,West Side Story,,TRUE,,
1961,1962,19,Television Series,What's My Line?,,TRUE,,
1961,1962,19,Samuel Goldwyn International Award,Yojimbo,,FALSE,,Japan
1961,1962,19,Actor In A Television Series,,Bob Newhart,TRUE,,
1961,1962,19,Actor In A Television Series,,John Daly,TRUE,,
1961,1962,19,Actress In A Television Series,,Pauline Frederick,TRUE,,
1961,1962,19,Cecil B. deMille Award,,Judy Garland,FALSE,,
1961,1962,19,Henrietta Award (World Film Favorites),,Charlton Heston,TRUE,,
1961,1962,19,Henrietta Award (World Film Favorites),,Marilyn Monroe,TRUE,,
1962,1963,20,New Star Of The Year - Actress,A Taste of Honey,Rita Tushingham,TRUE,,
1962,1963,20,Samuel Goldwyn International Award,A Taste of Honey,,FALSE,,United Kingdom
1962,1963,20,New Star Of The Year - Actor,Billy Budd,Terence Stamp,TRUE,,
1962,1963,20,Actress In A Leading Role - Musical Or Comedy,Billy Rose's Jumbo,Doris Day,FALSE,,
1962,1963,20,Best Performance by an Actor in a Motion Picture - Musical or Comedy,Billy Rose's Jumbo,Jimmy Durante,FALSE,,
1962,1963,20,Best Performance by an Actor in a Motion Picture - Musical or Comedy,Billy Rose's Jumbo,Stephen Boyd,FALSE,,
1962,1963,20,Best Performance by an Actress in a Supporting Role in any Motion Picture,Billy Rose's Jumbo,Martha Raye,FALSE,,
1962,1963,20,Picture - Musical,Billy Rose's Jumbo,,FALSE,,
1962,1963,20,Best Performance by an Actor in a Motion Picture - Drama,Birdman of Alcatraz,Burt Lancaster,FALSE,,
1962,1963,20,Best Performance by an Actor in a Supporting Role in any Motion Picture,Birdman of Alcatraz,Telly Savalas,FALSE,,
1962,1963,20,Picture - Comedy,Boys' Night Out,,FALSE,,
1962,1963,20,New Star Of The Year - Actor,David and Lisa,Keir Dullea,TRUE,,
1962,1963,20,New Star Of The Year - Actress,David and Lisa,Janet Margolin,FALSE,,
1962,1963,20,Best Director - Motion Picture,Days of Wine and Roses,Blake Edwards,FALSE,,
1962,1963,20,Best Motion Picture - Drama,Days of Wine and Roses,,FALSE,,
1962,1963,20,Best Performance by an Actor in a Motion Picture - Drama,Days of Wine and Roses,Jack Lemmon,FALSE,,
1962,1963,20,Best Performance by an Actress in a Motion Picture - Drama,Days of Wine and Roses,Lee Remick,FALSE,,
1962,1963,20,Best Performance by an Actor in a Motion Picture - Musical or Comedy,"Divorce, Italian Style",Marcello Mastroianni,TRUE,,
1962,1963,20,Foreign Film - Foreign Language,"Divorce, Italian Style",Pietro Germi,TRUE,,Italy
1962,1963,20,Actor In A Television Series,Dr. Kildare,Richard Chamberlain,TRUE,,
1962,1963,20,Best Performance by an Actor in a Supporting Role in any Motion Picture,Experiment In Terror,Ross Martin,FALSE,,
1962,1963,20,Best Director - Motion Picture,Freud,John Huston,FALSE,,
1962,1963,20,Best Motion Picture - Drama,Freud,,FALSE,,
1962,1963,20,Best Performance by an Actress in a Motion Picture - Drama,Freud,Susannah York,FALSE,,
1962,1963,20,Best Performance by an Actress in a Supporting Role in any Motion Picture,Freud,Susan Kohner,FALSE,,
1962,1963,20,Best Performance by an Actor in a Motion Picture - Drama,Gigot,Jackie Gleason,FALSE,,
1962,1963,20,Actress In A Leading Role - Musical Or Comedy,Gypsy,Natalie Wood,FALSE,,
1962,1963,20,Actress In A Leading Role - Musical Or Comedy,Gypsy,Rosalind Russell,TRUE,,
1962,1963,20,Best Director - Motion Picture,Gypsy,Mervyn LeRoy,FALSE,,
1962,1963,20,Best Performance by an Actor in a Motion Picture - Musical or Comedy,Gypsy,Karl Malden,FALSE,,
1962,1963,20,New Star Of The Year - Actor,Gypsy,Paul Wallace,FALSE,,
1962,1963,20,Best Director - Motion Picture,Hemingway's Adventures of a Young Man,Martin Ritt,FALSE,,
1962,1963,20,Best Motion Picture - Drama,Hemingway's Adventures of a Young Man,,FALSE,,
1962,1963,20,Best Performance by an Actor in a Supporting Role in any Motion Picture,Hemingway's Adventures of a Young Man,Paul Newman,FALSE,,
1962,1963,20,Best Performance by an Actress in a Motion Picture - Drama,Hemingway's Adventures of a Young Man,Susan Strasberg,FALSE,,
1962,1963,20,Best Performance by an Actress in a Supporting Role in any Motion Picture,Hemingway's Adventures of a Young Man,Jessica Tandy,FALSE,,
1962,1963,20,Best Performance by an Actor in a Supporting Role in any Motion Picture,If a Man Answers,Cesar Romero,FALSE,,
1962,1963,20,Picture - Comedy,If a Man Answers,,FALSE,,
1962,1963,20,Best Director - Motion Picture,Lawrence Of Arabia,David Lean,TRUE,,
1962,1963,20,Best Motion Picture - Drama,Lawrence Of Arabia,,TRUE,,
1962,1963,20,Best Original Score - Motion Picture,Lawrence Of Arabia,Maurice Jarre,FALSE,,
1962,1963,20,Best Performance by an Actor in a Motion Picture - Drama,Lawrence Of Arabia,Anthony Quinn,FALSE,,
1962,1963,20,Best Performance by an Actor in a Motion Picture - Drama,Lawrence Of Arabia,Peter O'Toole,FALSE,,
1962,1963,20,Best Performance by an Actor in a Supporting Role in any Motion Picture,Lawrence Of Arabia,Omar Sharif,TRUE,,
1962,1963,20,Cinematography - Color,Lawrence Of Arabia,Fred A. Young,TRUE,,
1962,1963,20,New Star Of The Year - Actor,Lawrence Of Arabia,Omar Sharif,TRUE,,
1962,1963,20,New Star Of The Year - Actor,Lawrence Of Arabia,Peter O'Toole,TRUE,,
1962,1963,20,Best Motion Picture - Drama,Lisa,,FALSE,,
1962,1963,20,Best Director - Motion Picture,Lolita,Stanley Kubrick,FALSE,,
1962,1963,20,Best Performance by an Actor in a Motion Picture - Drama,Lolita,James Mason,FALSE,,
1962,1963,20,Best Performance by an Actor in a Supporting Role in any Motion Picture,Lolita,Peter Sellers,FALSE,,
1962,1963,20,Best Performance by an Actress in a Motion Picture - Drama,Lolita,Shelley Winters,FALSE,,
1962,1963,20,New Star Of The Year - Actress,Lolita,Sue Lyon,TRUE,,
1962,1963,20,Best Performance by an Actress in a Motion Picture - Drama,Long Day's Journey Into Night,Katharine Hepburn,FALSE,,
1962,1963,20,Actress In A Leading Role - Musical Or Comedy,Meredith Willson's The Music Man,Shirley Jones,FALSE,,
1962,1963,20,Best Director - Motion Picture,Meredith Willson's The Music Man,Morton DaCosta,FALSE,,
1962,1963,20,Best Original Score - Motion Picture,Meredith Willson's The Music Man,Meredith Willson,FALSE,,
1962,1963,20,Best Performance by an Actor in a Motion Picture - Musical or Comedy,Meredith Willson's The Music Man,Robert Preston,FALSE,,
1962,1963,20,Best Performance by an Actress in a Supporting Role in any Motion Picture,Meredith Willson's The Music Man,Hermione Gingold,FALSE,,
1962,1963,20,Picture - Musical,Meredith Willson's The Music Man,,TRUE,,
1962,1963,20,Television Series - Comedy,Mr. Ed,,TRUE,,
1962,1963,20,Best Performance by an Actor in a Motion Picture - Musical or Comedy,Mr. Hobbs Takes a Vacation,James Stewart,FALSE,,
1962,1963,20,Best Motion Picture - Drama,Mutiny on the Bounty,,FALSE,,
1962,1963,20,Best Original Score - Motion Picture,Mutiny on the Bounty,Bronislau Kaper,FALSE,,
1962,1963,20,Best Performance by an Actress in a Supporting Role in any Motion Picture,Mutiny on the Bounty,Tarita,FALSE,,
1962,1963,20,Actress In A Leading Role - Musical Or Comedy,Period of Adjustment,Jane Fonda,FALSE,,
1962,1963,20,Picture - Comedy,Period of Adjustment,,FALSE,,
1962,1963,20,Best Performance by an Actress in a Motion Picture - Drama,Phaedra,Melina Mercouri,FALSE,,
1962,1963,20,Best Performance by an Actor in a Motion Picture - Drama,Pressure Point,Bobby Darin,FALSE,,
1962,1963,20,New Star Of The Year - Actress,Rome Adventure,Suzanne Pleshette,FALSE,,
1962,1963,20,Samuel Goldwyn International Award,Sundays and Cybèle,Serge Bourguignon,TRUE,,France
1962,1963,20,Best Performance by an Actor in a Motion Picture - Drama,Sweet Bird of Youth,Paul Newman,FALSE,,
1962,1963,20,Best Performance by an Actor in a Supporting Role in any Motion Picture,Sweet Bird of Youth,Ed Begley,FALSE,,
1962,1963,20,Best Performance by an Actress in a Motion Picture - Drama,Sweet Bird of Youth,Geraldine Page,TRUE,,
1962,1963,20,Best Performance by an Actress in a Supporting Role in any Motion Picture,Sweet Bird of Youth,Shirley Knight,FALSE,,
1962,1963,20,Best Original Score - Motion Picture,Taras Bulba,Franz Waxman,FALSE,,
1962,1963,20,Best Performance by an Actor in a Motion Picture - Musical or Comedy,That Touch of Mink,Cary Grant,FALSE,,
1962,1963,20,Picture - Comedy,That Touch of Mink,,TRUE,,
1962,1963,20,Best Performance by an Actor in a Motion Picture - Musical or Comedy,The Best Of Enemies,Alberto Sordi,FALSE,,
1962,1963,20,Picture - Comedy,The Best Of Enemies,,FALSE,,
1962,1963,20,Promoting International Understanding,The Best Of Enemies,Guy Hamilton,FALSE,,
1962,1963,20,Samuel Goldwyn International Award,The Best Of Enemies,Guy Hamilton,FALSE,,Italy
1962,1963,20,Best Director - Motion Picture,The Chapman Report,George Cukor,FALSE,,
1962,1963,20,Best Motion Picture - Drama,The Chapman Report,,FALSE,,
1962,1963,20,Best Performance by an Actor in a Supporting Role in any Motion Picture,The Chapman Report,Harold J. Stone,FALSE,,
1962,1963,20,Best Performance by an Actress in a Motion Picture - Drama,The Chapman Report,Glynis Johns,FALSE,,
1962,1963,20,Best Television Series - Drama,The Defenders,,TRUE,,
1962,1963,20,Television Program,The Dick Powell Theatre,,TRUE,,
1962,1963,20,Actress In A Television Series,The Donna Reed Show,Donna Reed,TRUE,,
1962,1963,20,Best Performance by an Actress in a Supporting Role in any Motion Picture,The Interns,Kaye Stevens,FALSE,,
1962,1963,20,Promoting International Understanding,The Interns,David Swift,FALSE,,
1962,1963,20,Best Motion Picture - Drama,The Longest Day,,FALSE,,
1962,1963,20,Cinematography - Black And White,The Longest Day,Jean Bourgoin,TRUE,,
1962,1963,20,Best Director - Motion Picture,The Manchurian Candidate,John Frankenheimer,FALSE,,
1962,1963,20,Best Performance by an Actress in a Supporting Role in any Motion Picture,The Manchurian Candidate,Angela Lansbury,TRUE,,
1962,1963,20,Best Motion Picture - Drama,The Miracle Worker,,FALSE,,
1962,1963,20,Best Performance by an Actress in a Motion Picture - Drama,The Miracle Worker,Anne Bancroft,FALSE,,
1962,1963,20,Best Performance by an Actress in a Supporting Role in any Motion Picture,The Miracle Worker,Patty Duke,FALSE,,
1962,1963,20,New Star Of The Year - Actress,The Miracle Worker,Patty Duke,TRUE,,
1962,1963,20,Best Performance by an Actor in a Motion Picture - Musical or Comedy,The Pigeon That Took Rome,Charlton Heston,FALSE,,
1962,1963,20,Best Performance by an Actor in a Supporting Role in any Motion Picture,The Pigeon That Took Rome,Harry Guardino,FALSE,,
1962,1963,20,Best Performance by an Actress in a Supporting Role in any Motion Picture,The Pigeon That Took Rome,Gabriella Pallotta,FALSE,,
1962,1963,20,Television Producer/Director,The Twilight Zone,Rod Serling,TRUE,,
1962,1963,20,Best Performance by an Actor in a Motion Picture - Drama,The Wonderful World Of The Brothers Grimm,Laurence Harvey,FALSE,,
1962,1963,20,Picture - Musical,The Wonderful World Of The Brothers Grimm,,FALSE,,
1962,1963,20,Best Director - Motion Picture,To Kill A Mockingbird,Robert Mulligan,FALSE,,
1962,1963,20,Best Motion Picture - Drama,To Kill A Mockingbird,,FALSE,,
1962,1963,20,Best Original Score - Motion Picture,To Kill A Mockingbird,Elmer Bernstein,TRUE,,
1962,1963,20,Best Performance by an Actor in a Motion Picture - Drama,To Kill A Mockingbird,Gregory Peck,TRUE,,
1962,1963,20,Promoting International Understanding,To Kill A Mockingbird,Robert Mulligan,TRUE,,
1962,1963,20,New Star Of The Year - Actress,Two Weeks In Another Town,Daliah Lavi,FALSE,,
1962,1963,20,Best Performance by an Actor in a Supporting Role in any Motion Picture,What Ever Happened To Baby Jane?,Victor Buono,FALSE,,
1962,1963,20,Best Performance by an Actress in a Motion Picture - Drama,What Ever Happened To Baby Jane?,Bette Davis,FALSE,,
1962,1963,20,Cecil B. deMille Award,,Bob Hope,FALSE,,
1962,1963,20,Henrietta Award (World Film Favorites),,Doris Day,TRUE,,
1962,1963,20,Henrietta Award (World Film Favorites),,Rock Hudson,TRUE,,
1962,1963,20,International News Coverage,,Telstar,TRUE,,
1962,1963,20,Special Achievement Award,,Nat King Cole,FALSE,,
1963,1964,21,Best Performance by an Actress in a Supporting Role in any Motion Picture,A Global Affair,Liselotte Pulver,FALSE,,
1963,1964,21,Promoting International Understanding,A Global Affair,Jack Arnold,FALSE,,
1963,1964,21,Actress In A Leading Role - Musical Or Comedy,A New Kind of Love,Joanne Woodward,FALSE,,
1963,1964,21,Best Motion Picture - Musical or Comedy,A Ticklish Affair,,FALSE,,
1963,1964,21,Foreign Film - Foreign Language,Alone On The Pacific,Kon Ichikawa,FALSE,,Japan
1963,1964,21,Best Director - Motion Picture,"America, America",Elia Kazan,TRUE,,
1963,1964,21,Best Motion Picture - Drama,"America, America",,FALSE,,
1963,1964,21,Best Performance by an Actor in a Motion Picture - Drama,"America, America",Stathis Giallelis,FALSE,,
1963,1964,21,Best Performance by an Actor in a Supporting Role in any Motion Picture,"America, America",Gregory Rozakis,FALSE,,
1963,1964,21,Best Performance by an Actor in a Supporting Role in any Motion Picture,"America, America",Paul Mann,FALSE,,
1963,1964,21,Best Performance by an Actress in a Supporting Role in any Motion Picture,"America, America",Linda Marsh,FALSE,,
1963,1964,21,New Star Of The Year - Actor,"America, America",Stathis Giallelis,TRUE,,
1963,1964,21,Promoting International Understanding,"America, America",Elia Kazan,FALSE,,
1963,1964,21,Foreign Film - Foreign Language,Any Number Can Win,Henri Verneuil,TRUE,,"France,Italy"
1963,1964,21,Actor In A Television Series,Bonanza,Lorne Greene,FALSE,,
1963,1964,21,Best Television Series - Drama,Bonanza,,FALSE,,
1963,1964,21,Actress In A Television Series,Burke's Law,Carolyn Jones,FALSE,,
1963,1964,21,Actress In A Television Series,Burke's Law,Gloria Swanson,FALSE,,
1963,1964,21,Actress In A Leading Role - Musical Or Comedy,Bye Bye Birdie,Ann-Margret,FALSE,,
1963,1964,21,Best Motion Picture - Musical or Comedy,Bye Bye Birdie,,FALSE,,
1963,1964,21,Best Motion Picture - Drama,"Captain Newman, M.D.",,FALSE,,
1963,1964,21,Best Performance by an Actor in a Motion Picture - Drama,"Captain Newman, M.D.",Gregory Peck,FALSE,,
1963,1964,21,Best Performance by an Actor in a Supporting Role in any Motion Picture,"Captain Newman, M.D.",Bobby Darin,FALSE,,
1963,1964,21,Promoting International Understanding,"Captain Newman, M.D.",David Miller,FALSE,,
1963,1964,21,Actress In A Leading Role - Musical Or Comedy,Charade,Audrey Hepburn,FALSE,,
1963,1964,21,Best Performance by an Actor in a Motion Picture - Musical or Comedy,Charade,Cary Grant,FALSE,,
1963,1964,21,Best Director - Motion Picture,Cleopatra,Joseph L. Mankiewicz,FALSE,,
1963,1964,21,Best Motion Picture - Drama,Cleopatra,,FALSE,,
1963,1964,21,Best Performance by an Actor in a Motion Picture - Drama,Cleopatra,Rex Harrison,FALSE,,
1963,1964,21,Best Performance by an Actor in a Supporting Role in any Motion Picture,Cleopatra,Roddy McDowall,FALSE,,
1963,1964,21,Actress In A Leading Role - Musical Or Comedy,Come Blow Your Horn,Jill St. John,FALSE,,
1963,1964,21,Actress In A Leading Role - Musical Or Comedy,Come Blow Your Horn,Molly Picon,FALSE,,
1963,1964,21,Best Performance by an Actor in a Motion Picture - Musical or Comedy,Come Blow Your Horn,Frank Sinatra,FALSE,,
1963,1964,21,Best Performance by an Actor in a Supporting Role in any Motion Picture,Come Blow Your Horn,Lee J. Cobb,FALSE,,
1963,1964,21,New Star Of The Year - Actress,Dr. No,Ursula Andress,TRUE,,
1963,1964,21,New Star Of The Year - Actress,For Love or Money,Leslie Parish,FALSE,,
1963,1964,21,Actress In A Television Series,Hazel,Shirley Booth,FALSE,,
1963,1964,21,Foreign Film - Foreign Language,High And Low,Akira Kurosawa,FALSE,,Japan
1963,1964,21,Best Director - Motion Picture,Hud,Martin Ritt,FALSE,,
1963,1964,21,Best Motion Picture - Drama,Hud,,FALSE,,
1963,1964,21,Best Performance by an Actor in a Motion Picture - Drama,Hud,Paul Newman,FALSE,,
1963,1964,21,Best Performance by an Actor in a Supporting Role in any Motion Picture,Hud,Melvyn Douglas,FALSE,,
1963,1964,21,Best Performance by an Actress in a Supporting Role in any Motion Picture,Hud,Patricia Neal,FALSE,,
1963,1964,21,Actress In A Leading Role - Musical Or Comedy,Irma La Douce,Shirley MacLaine,TRUE,,
1963,1964,21,Best Motion Picture - Musical or Comedy,Irma La Douce,,FALSE,,
1963,1964,21,Best Performance by an Actor in a Motion Picture - Musical or Comedy,Irma La Douce,Jack Lemmon,FALSE,,
1963,1964,21,Best Motion Picture - Musical or Comedy,"It's a Mad, Mad, Mad, Mad World",,FALSE,,
1963,1964,21,Best Performance by an Actor in a Motion Picture - Musical or Comedy,"It's a Mad, Mad, Mad, Mad World",Jonathan Winters,FALSE,,
1963,1964,21,Actor In A Television Series,Jackie Gleason: His American Scene Magazine,Jackie Gleason,FALSE,,
1963,1964,21,Best Motion Picture - Drama,Lilies of the Field,,FALSE,,
1963,1964,21,Best Performance by an Actor in a Motion Picture - Drama,Lilies of the Field,Sidney Poitier,TRUE,,
1963,1964,21,Best Performance by an Actress in a Supporting Role in any Motion Picture,Lilies of the Field,Lilia Skala,FALSE,,
1963,1964,21,Promoting International Understanding,Lilies of the Field,Ralph Nelson,TRUE,,
1963,1964,21,Best Performance by an Actor in a Motion Picture - Drama,Love with the Proper Stranger,Steve McQueen,FALSE,,
1963,1964,21,Best Performance by an Actress in a Motion Picture - Drama,Love with the Proper Stranger,Natalie Wood,FALSE,,
1963,1964,21,Actor In A Television Series,Mickey,Mickey Rooney,TRUE,,
1963,1964,21,Actress In A Leading Role - Musical Or Comedy,"Move Over, Darling",Doris Day,FALSE,,
1963,1964,21,Best Television Series - Drama,Rawhide,,FALSE,,
1963,1964,21,Best Performance by an Actress in a Supporting Role in any Motion Picture,Seven Days In May,Edmond O'Brien,TRUE,,
1963,1964,21,New Star Of The Year - Actor,Shock Corridor,Larry Tucker,FALSE,,
1963,1964,21,Actress In A Leading Role - Musical Or Comedy,Summer Magic,Hayley Mills,FALSE,,
1963,1964,21,Television Series - Variety,The Andy Williams Show,,FALSE,,
1963,1964,21,Television Series - Comedy,The Beverly Hillbillies,,FALSE,,
1963,1964,21,New Star Of The Year - Actress,The Birds,Tippi Hedren,TRUE,,
1963,1964,21,Television Series - Comedy,The Bob Hope Show,,FALSE,,
1963,1964,21,Best Director - Motion Picture,The Cardinal,Otto Preminger,FALSE,,
1963,1964,21,Best Motion Picture - Drama,The Cardinal,,TRUE,,
1963,1964,21,Best Performance by an Actor in a Motion Picture - Drama,The Cardinal,Tom Tryon,FALSE,,
1963,1964,21,Best Performance by an Actor in a Supporting Role in any Motion Picture,The Cardinal,John Huston,TRUE,,
1963,1964,21,Best Performance by an Actress in a Motion Picture - Drama,The Cardinal,Romy Schneider,FALSE,,
1963,1964,21,Promoting International Understanding,The Cardinal,Otto Preminger,FALSE,,
1963,1964,21,Best Director - Motion Picture,The Caretakers,Hall Bartlett,FALSE,,
1963,1964,21,Best Motion Picture - Drama,The Caretakers,,FALSE,,
1963,1964,21,Best Performance by an Actress in a Motion Picture - Drama,The Caretakers,Polly Bergen,FALSE,,
1963,1964,21,New Star Of The Year - Actor,The Ceremony,Robert Walker Jr.,TRUE,,
1963,1964,21,Best Performance by an Actress in a Motion Picture - Drama,The Conjugal Bed,Marina Vlady,FALSE,,
1963,1964,21,Television Series - Variety,The Danny Kaye Show,,TRUE,,
1963,1964,21,Actor In A Television Series,The Defenders,E. G. Marshall,FALSE,,
1963,1964,21,Best Television Series - Drama,The Defenders,,FALSE,,
1963,1964,21,Television Series - Comedy,The Dick Van Dyke Show,,TRUE,,
1963,1964,21,Best Television Series - Drama,The Eleventh Hour,,FALSE,,
1963,1964,21,Actress In A Television Series,The Farmer's Daughter,Inger Stevens,TRUE,,
1963,1964,21,Foreign Film - Foreign Language,The Four Days Of Naples,Nanni Loy,FALSE,,Italy
1963,1964,21,Actress In A Television Series,The Garry Moore Show,Dorothy Loudon,FALSE,,
1963,1964,21,Television Series - Variety,The Garry Moore Show,,FALSE,,
1963,1964,21,Best Motion Picture - Drama,The Great Escape,,FALSE,,
1963,1964,21,Best Director - Motion Picture,The Haunting,Robert Wise,FALSE,,
1963,1964,21,Television Series - Comedy,The Jack Benny Program,,FALSE,,
1963,1964,21,Television Series - Variety,The Judy Garland Show,,FALSE,,
1963,1964,21,Best Performance by an Actress in a Motion Picture - Drama,The L-Shaped Room,Leslie Caron,TRUE,,
1963,1964,21,Foreign Film - English Language,The L-Shaped Room,,FALSE,,United Kingdom
1963,1964,21,New Star Of The Year - Actor,The Leopard,Alain Delon,FALSE,,
1963,1964,21,Best Performance by an Actor in a Motion Picture - Musical or Comedy,The Mouse on the Moon,Terry-Thomas,FALSE,,
1963,1964,21,Best Performance by an Actress in a Motion Picture - Drama,The Paper Man,Alida Valli,FALSE,,
1963,1964,21,Best Performance by an Actress in a Supporting Role in any Motion Picture,The Prize,Diane Baker,FALSE,,
1963,1964,21,New Star Of The Year - Actress,The Prize,Elke Sommer,TRUE,,
1963,1964,21,Television Series - Comedy,The Red Skelton Hour,,FALSE,,
1963,1964,21,Actor In A Television Series,The Richard Boone Show,Richard Boone,FALSE,,
1963,1964,21,Best Television Series - Drama,The Richard Boone Show,,TRUE,,
1963,1964,21,Television Series - Variety,The Tonight Show,,FALSE,,
1963,1964,21,Best Director - Motion Picture,The Ugly American,George Englund,FALSE,,
1963,1964,21,Best Performance by an Actor in a Motion Picture - Drama,The Ugly American,Marlon Brando,FALSE,,
1963,1964,21,Best Performance by an Actress in a Supporting Role in any Motion Picture,The V. I. P.'s,Margaret Rutherford,TRUE,,
1963,1964,21,New Star Of The Year - Actress,The V. I. P.'s,Maggie Smith,FALSE,,
1963,1964,21,New Star Of The Year - Actor,The Victors,Peter Fonda,FALSE,,
1963,1964,21,Best Performance by an Actor in a Motion Picture - Musical or Comedy,The Wheeler Dealers,James Garner,FALSE,,
1963,1964,21,Best Performance by an Actress in a Motion Picture - Drama,This Sporting Life,Rachel Roberts,FALSE,,
1963,1964,21,Foreign Film - English Language,This Sporting Life,,FALSE,,United Kingdom
1963,1964,21,Best Performance by an Actor in a Motion Picture - Musical or Comedy,To Bed Or Not To Bed,Alberto Sordi,TRUE,,
1963,1964,21,Foreign Film - Foreign Language,To Bed Or Not To Bed,Gian Luigi Polidoro,FALSE,,Italy
1963,1964,21,Best Director - Motion Picture,Tom Jones,Tony Richardson,FALSE,,
1963,1964,21,Best Motion Picture - Musical or Comedy,Tom Jones,,TRUE,,
1963,1964,21,Best Performance by an Actor in a Motion Picture - Musical or Comedy,Tom Jones,Albert Finney,FALSE,,
1963,1964,21,Best Performance by an Actor in a Supporting Role in any Motion Picture,Tom Jones,Hugh Griffith,FALSE,,
1963,1964,21,Best Performance by an Actress in a Supporting Role in any Motion Picture,Tom Jones,Joan Greenwood,FALSE,,
1963,1964,21,Foreign Film - English Language,Tom Jones,,FALSE,,United Kingdom
1963,1964,21,New Star Of The Year - Actor,Tom Jones,Albert Finney,TRUE,,
1963,1964,21,Best Performance by an Actress in a Motion Picture - Drama,Toys in the Attic,Geraldine Page,FALSE,,
1963,1964,21,Best Performance by an Actress in a Supporting Role in any Motion Picture,Toys in the Attic,Wendy Hiller,FALSE,,
1963,1964,21,New Star Of The Year - Actress,Twilight of Honor,Joey Heatherton,FALSE,,
1963,1964,21,Best Motion Picture - Musical or Comedy,Under The Yum Yum Tree,,FALSE,,
1963,1964,21,Best Performance by an Actor in a Motion Picture - Musical or Comedy,Under The Yum Yum Tree,Jack Lemmon,FALSE,,
1963,1964,21,Samuel Goldwyn International Award,"Yesterday, Today and Tomorrow",Vittorio De Sica,TRUE,,Italy
1963,1964,21,Cecil B. deMille Award,,Joseph E. Levine,FALSE,,
1963,1964,21,Henrietta Award (World Film Favorites),,Paul Newman,TRUE,,
1963,1964,21,Henrietta Award (World Film Favorites),,Sophia Loren,TRUE,,
1963,1964,21,Special Achievement Award,,Connie Francis,FALSE,,
1964,1965,22,Television Series,12 O'Clock High,,FALSE,,
1964,1965,22,Best Director - Motion Picture,Becket,Peter Glenville,FALSE,,
1964,1965,22,Best Motion Picture - Drama,Becket,,TRUE,,
1964,1965,22,Best Original Score - Motion Picture,Becket,Laurence Rosenthal,FALSE,,
1964,1965,22,Best Performance by an Actor in a Motion Picture - Drama,Becket,Peter O'Toole,TRUE,,
1964,1965,22,Best Performance by an Actor in a Motion Picture - Drama,Becket,Richard Burton,FALSE,,
1964,1965,22,Actress In A Television Series,Bewitched,Elizabeth Montgomery,FALSE,,
1964,1965,22,Actor In A Television Series,Burke's Law,Gene Barry,TRUE,,
1964,1965,22,Best Performance by an Actor in a Supporting Role in any Motion Picture,Cheyenne Autumn,Edmond O'Brien,FALSE,,
1964,1965,22,Best Performance by an Actor in a Supporting Role in any Motion Picture,Cheyenne Autumn,Gilbert Roland,FALSE,,
1964,1965,22,Best Original Song - Motion Picture,Circus World,Dimitri Tiomkin,TRUE,Circus World,
1964,1965,22,Best Original Song - Motion Picture,Circus World,Ned Washington,TRUE,Circus World,
1964,1965,22,Best Performance by an Actress in a Motion Picture - Drama,Circus World,Rita Hayworth,FALSE,,
1964,1965,22,Best Motion Picture - Drama,Dear Heart,,FALSE,,
1964,1965,22,Best Original Song - Motion Picture,Dear Heart,Henry Mancini,FALSE,Dear Heart,
1964,1965,22,Best Original Song - Motion Picture,Dear Heart,Jay Livingston,FALSE,Dear Heart,
1964,1965,22,Best Original Song - Motion Picture,Dear Heart,Ray Evans,FALSE,Dear Heart,
1964,1965,22,Best Performance by an Actress in a Motion Picture - Drama,Dear Heart,Geraldine Page,FALSE,,
1964,1965,22,Actress In A Television Series,Dr. Kildare,Yvette Mimieux,FALSE,,
1964,1965,22,Best Motion Picture - Musical or Comedy,Father Goose,,FALSE,,
1964,1965,22,Best Original Song - Motion Picture,From Russia With Love,John Barry,FALSE,From Russia With Love,
1964,1965,22,Best Original Song - Motion Picture,From Russia With Love,Lionel Bart,FALSE,From Russia With Love,
1964,1965,22,New Star Of The Year - Actress,Get Yourself a College Girl!,Mary Ann Mobley,TRUE,,
1964,1965,22,Foreign Film - English Language,Girl With Green Eyes,Desmond Davis,TRUE,,United Kingdom
1964,1965,22,New Star Of The Year - Actress,Guns at Batasi,Mia Farrow,TRUE,,
1964,1965,22,Best Performance by an Actress in a Supporting Role in any Motion Picture,"Hush...Hush, Sweet Charlotte",Agnes Moorehead,TRUE,,
1964,1965,22,New Star Of The Year - Actress,Island of the Blue Dolphins,Celia Kaye,TRUE,,
1964,1965,22,Best Performance by an Actress in a Motion Picture - Drama,Lilith,Jean Seberg,FALSE,,
1964,1965,22,Actress In A Leading Role - Musical Or Comedy,Marriage Italian Style,Sophia Loren,FALSE,,
1964,1965,22,Best Performance by an Actor in a Motion Picture - Musical or Comedy,Marriage Italian Style,Marcello Mastroianni,FALSE,,
1964,1965,22,Foreign Film - Foreign Language,Marriage Italian Style,Vittorio De Sica,TRUE,,Italy
1964,1965,22,Actress In A Leading Role - Musical Or Comedy,Mary Poppins,Julie Andrews,TRUE,,
1964,1965,22,Best Motion Picture - Musical or Comedy,Mary Poppins,,FALSE,,
1964,1965,22,Best Original Score - Motion Picture,Mary Poppins,Richard M. Sherman,FALSE,,
1964,1965,22,Best Performance by an Actor in a Motion Picture - Musical or Comedy,Mary Poppins,Dick Van Dyke,FALSE,,
1964,1965,22,Actor In A Television Series,Mr. Novak,James Franciscus,FALSE,,
1964,1965,22,Actress In A Leading Role - Musical Or Comedy,My Fair Lady,Audrey Hepburn,FALSE,,
1964,1965,22,Best Director - Motion Picture,My Fair Lady,George Cukor,TRUE,,
1964,1965,22,Best Motion Picture - Musical or Comedy,My Fair Lady,,TRUE,,
1964,1965,22,Best Performance by an Actor in a Motion Picture - Musical or Comedy,My Fair Lady,Rex Harrison,TRUE,,
1964,1965,22,Best Performance by an Actor in a Supporting Role in any Motion Picture,My Fair Lady,Stanley Holloway,FALSE,,
1964,1965,22,Actress In A Television Series,My Living Doll,Julie Newmar,FALSE,,
1964,1965,22,Actress In A Television Series,Peyton Place,Dorothy Malone,FALSE,,
1964,1965,22,Best Performance by an Actor in a Motion Picture - Drama,Rio Conchos,Anthony Franciosa,FALSE,,
1964,1965,22,New Star Of The Year - Actor,Sallah,Topol,TRUE,,
1964,1965,22,Best Director - Motion Picture,Seven Days In May,John Frankenheimer,FALSE,,
1964,1965,22,Best Original Score - Motion Picture,Seven Days In May,Jerry Goldsmith,FALSE,,
1964,1965,22,Best Performance by an Actor in a Motion Picture - Drama,Seven Days In May,Fredric March,FALSE,,
1964,1965,22,Actor In A Television Series,Slattery's People,Richard Crenna,FALSE,,
1964,1965,22,Best Original Song - Motion Picture,Sunday In New York,Peter Nero,FALSE,Sunday In New York,
1964,1965,22,Best Original Song - Motion Picture,Sunday In New York,Carroll Coates,FALSE,Sunday In New York,
1964,1965,22,Best Performance by an Actor in a Supporting Role in any Motion Picture,The Best Man,Lee Tracy,FALSE,,
1964,1965,22,Best Performance by an Actress in a Supporting Role in any Motion Picture,The Best Man,Ann Sothern,FALSE,,
1964,1965,22,Best Performance by an Actress in a Supporting Role in any Motion Picture,The Carpetbaggers,Elizabeth Ashley,FALSE,,
1964,1965,22,Best Motion Picture - Drama,The Chalk Garden,,FALSE,,
1964,1965,22,Actress In A Television Series,The Dick Van Dyke Show,Mary Tyler Moore,TRUE,,
1964,1965,22,Best Original Score - Motion Picture,The Fall Of The Roman Empire,Dimitri Tiomkin,TRUE,,
1964,1965,22,Actor In A Television Series,The Fugitive,David Janssen,FALSE,,
1964,1965,22,Actor In A Television Series,The Man From U.N.C.L.E.,Robert Vaughn,FALSE,,
1964,1965,22,Television Series,The Munsters,,FALSE,,
1964,1965,22,New Star Of The Year - Actor,The New Interns,George Segal,TRUE,,
1964,1965,22,Best Director - Motion Picture,The Night of the Iguana,John Huston,FALSE,,
1964,1965,22,Best Motion Picture - Drama,The Night of the Iguana,,FALSE,,
1964,1965,22,Best Performance by an Actor in a Supporting Role in any Motion Picture,The Night of the Iguana,Cyril Delevanti,FALSE,,
1964,1965,22,Best Performance by an Actress in a Motion Picture - Drama,The Night of the Iguana,Ava Gardner,FALSE,,
1964,1965,22,Best Performance by an Actress in a Supporting Role in any Motion Picture,The Night of the Iguana,Grayson Hall,FALSE,,
1964,1965,22,Best Performance by an Actor in a Motion Picture - Musical or Comedy,The Pink Panther,Peter Sellers,FALSE,,
1964,1965,22,Best Performance by an Actress in a Motion Picture - Drama,The Pumpkin Eater,Anne Bancroft,TRUE,,
1964,1965,22,Television Series,The Red Skelton Hour,,FALSE,,
1964,1965,22,Television Series,The Rogues,,TRUE,,
1964,1965,22,Actress In A Leading Role - Musical Or Comedy,The Unsinkable Molly Brown,Debbie Reynolds,FALSE,,
1964,1965,22,Best Motion Picture - Musical or Comedy,The Unsinkable Molly Brown,,FALSE,,
1964,1965,22,New Star Of The Year - Actor,The Unsinkable Molly Brown,Harve Presnell,TRUE,,
1964,1965,22,Best Motion Picture - Musical or Comedy,The World of Henry Orient,,FALSE,,
1964,1965,22,Actress In A Leading Role - Musical Or Comedy,Topkapi,Melina Mercouri,FALSE,,
1964,1965,22,Best Performance by an Actor in a Motion Picture - Musical or Comedy,Topkapi,Peter Ustinov,FALSE,,
1964,1965,22,Television Series,Wendy and Me,,FALSE,,
1964,1965,22,Best Original Song - Motion Picture,Where Love Has Gone,Jimmy Van Heusen,FALSE,Where Love Has Gone,
1964,1965,22,Best Original Song - Motion Picture,Where Love Has Gone,Sammy Cahn,FALSE,Where Love Has Gone,
1964,1965,22,Best Director - Motion Picture,Zorba The Greek,Michael Cacoyannis,FALSE,,
1964,1965,22,Best Motion Picture - Drama,Zorba The Greek,,FALSE,,
1964,1965,22,Best Original Score - Motion Picture,Zorba The Greek,Mikis Theodorakis,FALSE,,
1964,1965,22,Best Performance by an Actor in a Motion Picture - Drama,Zorba The Greek,Anthony Quinn,FALSE,,
1964,1965,22,Best Performance by an Actress in a Supporting Role in any Motion Picture,Zorba The Greek,Lila Kedrova,FALSE,,
1964,1965,22,Cecil B. deMille Award,,James Stewart,FALSE,,
1964,1965,22,Henrietta Award (World Film Favorites),,Marcello Mastroianni,TRUE,,
1964,1965,22,Henrietta Award (World Film Favorites),,Sophia Loren,TRUE,,
1965,1966,23,Foreign Film - English Language,90 Degrees In The Shade,Jirí Weiss,FALSE,,Czechoslovakia
1965,1966,23,Best Director - Motion Picture,A Patch of Blue,Guy Green,FALSE,,
1965,1966,23,Best Motion Picture - Drama,A Patch of Blue,,FALSE,,
1965,1966,23,Best Performance by an Actor in a Motion Picture - Drama,A Patch of Blue,Sidney Poitier,FALSE,,
1965,1966,23,Best Performance by an Actress in a Motion Picture - Drama,A Patch of Blue,Elizabeth Hartman,FALSE,,
1965,1966,23,Best Screenplay - Motion Picture,A Patch of Blue,Guy Green,FALSE,,
1965,1966,23,New Star Of The Year - Actress,A Patch of Blue,Elizabeth Hartman,TRUE,,
1965,1966,23,Actress In A Leading Role - Musical Or Comedy,A Thousand Clowns,Barbara Harris,FALSE,,
1965,1966,23,Best Motion Picture - Musical or Comedy,A Thousand Clowns,,FALSE,,
1965,1966,23,Best Performance by an Actor in a Motion Picture - Musical or Comedy,A Thousand Clowns,Jason Robards Jr.,FALSE,,
1965,1966,23,Best Original Score - Motion Picture,Battle Of The Bulge,Benjamin Frankel,FALSE,,
1965,1966,23,Best Performance by an Actor in a Supporting Role in any Motion Picture,Battle Of The Bulge,Telly Savalas,FALSE,,
1965,1966,23,Best Performance by an Actor in a Motion Picture - Musical or Comedy,Boeing Boeing,Jerry Lewis,FALSE,,
1965,1966,23,Best Performance by an Actress in a Supporting Role in any Motion Picture,Boeing Boeing,Thelma Ritter,FALSE,,
1965,1966,23,Actress In A Leading Role - Musical Or Comedy,Cat Ballou,Jane Fonda,FALSE,,
1965,1966,23,Best Motion Picture - Musical or Comedy,Cat Ballou,,FALSE,,
1965,1966,23,Best Original Song - Motion Picture,Cat Ballou,Jerry Livingston,FALSE,The Ballad Of Cat Ballou,
1965,1966,23,Best Original Song - Motion Picture,Cat Ballou,Mack David,FALSE,The Ballad Of Cat Ballou,
1965,1966,23,Best Performance by an Actor in a Motion Picture - Musical or Comedy,Cat Ballou,Lee Marvin,TRUE,,
1965,1966,23,New Star Of The Year - Actor,Cat Ballou,Tom Nardini,FALSE,,
1965,1966,23,Best Director - Motion Picture,Darling,John Schlesinger,FALSE,,
1965,1966,23,Best Performance by an Actress in a Motion Picture - Drama,Darling,Julie Christie,FALSE,,
1965,1966,23,Foreign Film - English Language,Darling,John Schlesinger,TRUE,,United Kingdom
1965,1966,23,New Star Of The Year - Actress,Do Not Disturb,Maura McGiveney,FALSE,,
1965,1966,23,Best Director - Motion Picture,Doctor Zhivago,David Lean,TRUE,,
1965,1966,23,Best Motion Picture - Drama,Doctor Zhivago,,TRUE,,
1965,1966,23,Best Original Score - Motion Picture,Doctor Zhivago,Maurice Jarre,TRUE,,
1965,1966,23,Best Performance by an Actor in a Motion Picture - Drama,Doctor Zhivago,Omar Sharif,TRUE,,
1965,1966,23,Best Screenplay - Motion Picture,Doctor Zhivago,Robert Bolt,TRUE,,
1965,1966,23,New Star Of The Year - Actress,Doctor Zhivago,Geraldine Chaplin,FALSE,,
1965,1966,23,Television Program,Frank Sinatra: A Man and His Music,,FALSE,,
1965,1966,23,Actor In A Television Series,Get Smart,Don Adams,FALSE,,
1965,1966,23,Television Program,Get Smart,,FALSE,,
1965,1966,23,Best Performance by an Actor in a Supporting Role in any Motion Picture,Harlow,Red Buttons,FALSE,,
1965,1966,23,Actress In A Television Series,Honey West,Anne Francis,TRUE,,
1965,1966,23,Television Program,I Spy,,FALSE,,
1965,1966,23,Actress In A Leading Role - Musical Or Comedy,Inside Daisy Clover,Natalie Wood,FALSE,,
1965,1966,23,Best Performance by an Actress in a Supporting Role in any Motion Picture,Inside Daisy Clover,Ruth Gordon,TRUE,,
1965,1966,23,New Star Of The Year - Actor,Inside Daisy Clover,Robert Redford,TRUE,,
1965,1966,23,Foreign Film - Foreign Language,Juliet of the Spirits,Federico Fellini,TRUE,,Italy
1965,1966,23,Foreign Film - Foreign Language,La ronde,Roger Vadim,FALSE,,France
1965,1966,23,New Star Of The Year - Actor,Lady in a Cage,James Caan,FALSE,,
1965,1966,23,Television Program,My Name Is Barbra,,FALSE,,
1965,1966,23,Best Performance by an Actor in a Supporting Role in any Motion Picture,Othello,Frank Finlay,FALSE,,
1965,1966,23,Best Performance by an Actress in a Motion Picture - Drama,Othello,Maggie Smith,FALSE,,
1965,1966,23,Best Performance by an Actress in a Supporting Role in any Motion Picture,Othello,Joyce Redman,FALSE,,
1965,1966,23,Foreign Film - English Language,Othello,Stuart Burge,FALSE,,United Kingdom
1965,1966,23,Actress In A Television Series,Peyton Place,Dorothy Malone,FALSE,,
1965,1966,23,Actress In A Television Series,Peyton Place,Mia Farrow,FALSE,,
1965,1966,23,Foreign Film - Foreign Language,Red Beard,Akira Kurosawa,FALSE,,Japan
1965,1966,23,Actor In A Television Series,Run For Your Life,Ben Gazzara,FALSE,,
1965,1966,23,New Star Of The Year - Actress,Shenandoah,Rosemary Forsyth,FALSE,,
1965,1966,23,Best Motion Picture - Drama,Ship of Fools,,FALSE,,
1965,1966,23,Best Performance by an Actor in a Motion Picture - Drama,Ship of Fools,Oskar Werner,FALSE,,
1965,1966,23,Best Performance by an Actress in a Motion Picture - Drama,Ship of Fools,Simone Signoret,FALSE,,
1965,1966,23,Foreign Film - Foreign Language,Tarahumara,Luis Alcoriza,FALSE,,Mexico
1965,1966,23,Best Original Song - Motion Picture,That Funny Feeling,Bobby Darin,FALSE,That Funny Feeling,
1965,1966,23,Best Performance by an Actor in a Motion Picture - Drama,The Agony and The Ecstasy,Rex Harrison,FALSE,,
1965,1966,23,Best Screenplay - Motion Picture,The Agony and The Ecstasy,Philip Dunne,FALSE,,
1965,1966,23,Actress In A Television Series,The Big Valley,Barbara Stanwyck,FALSE,,
1965,1966,23,Best Performance by an Actress in a Supporting Role in any Motion Picture,The Cincinnati Kid,Joan Blondell,FALSE,,
1965,1966,23,Best Director - Motion Picture,The Collector,William Wyler,FALSE,,
1965,1966,23,Best Motion Picture - Drama,The Collector,,FALSE,,
1965,1966,23,Best Performance by an Actress in a Motion Picture - Drama,The Collector,Samantha Eggar,TRUE,,
1965,1966,23,Best Screenplay - Motion Picture,The Collector,John Kohn,FALSE,,
1965,1966,23,New Star Of The Year - Actress,The Family Jewels,Donna Butterworth,FALSE,,
1965,1966,23,Best Motion Picture - Drama,The Flight of the Phoenix,,FALSE,,
1965,1966,23,New Star Of The Year - Actor,The Flight of the Phoenix,Ian Bannen,FALSE,,
1965,1966,23,Actor In A Television Series,The Fugitive,David Janssen,TRUE,,
1965,1966,23,Best Motion Picture - Musical or Comedy,The Great Race,,FALSE,,
1965,1966,23,Best Original Score - Motion Picture,The Great Race,Henry Mancini,FALSE,,
1965,1966,23,Best Original Song - Motion Picture,The Great Race,Henry Mancini,FALSE,The Sweetheart Tree,
1965,1966,23,Best Original Song - Motion Picture,The Great Race,Johnny Mercer,FALSE,The Sweetheart Tree,
1965,1966,23,Best Performance by an Actor in a Motion Picture - Musical or Comedy,The Great Race,Jack Lemmon,FALSE,,
1965,1966,23,Actress In A Leading Role - Musical Or Comedy,The Knack ...And How To Get It,Rita Tushingham,FALSE,,
1965,1966,23,Foreign Film - English Language,The Knack ...And How To Get It,Richard Lester,FALSE,,United Kingdom
1965,1966,23,Foreign Film - English Language,The Leather Boys,Sidney J. Furie,FALSE,,United Kingdom
1965,1966,23,Actor In A Television Series,The Man From U.N.C.L.E.,David McCallum,FALSE,,
1965,1966,23,Actor In A Television Series,The Man From U.N.C.L.E.,Robert Vaughn,FALSE,,
1965,1966,23,Television Program,The Man From U.N.C.L.E.,,TRUE,,
1965,1966,23,Actress In A Television Series,The Patty Duke Show,Patty Duke,FALSE,,
1965,1966,23,Best Performance by an Actor in a Motion Picture - Drama,The Pawnbroker,Rod Steiger,FALSE,,
1965,1966,23,Best Original Score - Motion Picture,The Sandpiper,Johnny Mandel,FALSE,,
1965,1966,23,Best Original Song - Motion Picture,The Sandpiper,Johnny Mandel,FALSE,The Shadow Of Your Smile,
1965,1966,23,Best Original Song - Motion Picture,The Sandpiper,Paul Francis Webster,FALSE,The Shadow Of Your Smile,
1965,1966,23,Best Screenplay - Motion Picture,The Slender Thread,Stirling Silliphant,FALSE,,
1965,1966,23,Actress In A Leading Role - Musical Or Comedy,The Sound of Music,Julie Andrews,TRUE,,
1965,1966,23,Best Director - Motion Picture,The Sound of Music,Robert Wise,FALSE,,
1965,1966,23,Best Motion Picture - Musical or Comedy,The Sound of Music,,TRUE,,
1965,1966,23,Best Performance by an Actress in a Supporting Role in any Motion Picture,The Sound of Music,Peggy Wood,FALSE,,
1965,1966,23,Best Performance by an Actor in a Supporting Role in any Motion Picture,The Spy Who Came in from the Cold,Oskar Werner,TRUE,,
1965,1966,23,Foreign Film - Foreign Language,The Umbrellas Of Cherbourg,Jacques Demy,FALSE,,France
1965,1966,23,Best Original Score - Motion Picture,The Yellow Rolls-Royce,Riz Ortolani,FALSE,,
1965,1966,23,Best Original Song - Motion Picture,The Yellow Rolls-Royce,Riz Ortolani,TRUE,Forget Domani,
1965,1966,23,Best Original Song - Motion Picture,The Yellow Rolls-Royce,Norman Newell,TRUE,Forget Domani,
1965,1966,23,Best Motion Picture - Musical or Comedy,Those Magnificent Men in Their Flying Machines,,FALSE,,
1965,1966,23,Best Performance by an Actor in a Motion Picture - Musical or Comedy,Those Magnificent Men in Their Flying Machines,Alberto Sordi,FALSE,,
1965,1966,23,New Star Of The Year - Actor,Those Magnificent Men in Their Flying Machines,James Fox,FALSE,,
1965,1966,23,Cecil B. deMille Award,,John Wayne,FALSE,,
1965,1966,23,Henrietta Award (World Film Favorites),,Natalie Wood,TRUE,,
1965,1966,23,Henrietta Award (World Film Favorites),,Paul Newman,TRUE,,
1966,1967,24,Best Motion Picture - Musical or Comedy,A Funny Thing Happened on the Way to the Forum,,FALSE,,
1966,1967,24,Best Director - Motion Picture,A Man And A Woman,Claude Lelouch,FALSE,,
1966,1967,24,Best Original Score - Motion Picture,A Man And A Woman,Francis Lai,FALSE,,
1966,1967,24,Best Original Song - Motion Picture,A Man And A Woman,Francis Lai,FALSE,A Man And A Woman,
1966,1967,24,Best Original Song - Motion Picture,A Man And A Woman,Pierre Barouh,FALSE,A Man And A Woman,
1966,1967,24,Best Performance by an Actress in a Motion Picture - Drama,A Man And A Woman,Anouk Aimée,TRUE,,
1966,1967,24,Foreign Film - Foreign Language,A Man And A Woman,Claude Lelouch,TRUE,,France
1966,1967,24,Best Original Song - Motion Picture,A Man Could Get Killed,Bert Kaempfert,TRUE,Strangers In The Night,
1966,1967,24,Best Original Song - Motion Picture,A Man Could Get Killed,Charles Singleton,TRUE,Strangers In The Night,
1966,1967,24,Best Original Song - Motion Picture,A Man Could Get Killed,Eddie Snyder,TRUE,Strangers In The Night,
1966,1967,24,Best Director - Motion Picture,A Man for All Seasons,Fred Zinnemann,TRUE,,
1966,1967,24,Best Motion Picture - Drama,A Man for All Seasons,,TRUE,,
1966,1967,24,Best Performance by an Actor in a Motion Picture - Drama,A Man for All Seasons,Paul Scofield,TRUE,,
1966,1967,24,Best Performance by an Actor in a Supporting Role in any Motion Picture,A Man for All Seasons,Robert Shaw,FALSE,,
1966,1967,24,Best Screenplay - Motion Picture,A Man for All Seasons,Robert Bolt,TRUE,,
1966,1967,24,Best Director - Motion Picture,Alfie,Lewis Gilbert,FALSE,,
1966,1967,24,Best Original Song - Motion Picture,Alfie,Burt Bacharach,FALSE,Alfie,
1966,1967,24,Best Original Song - Motion Picture,Alfie,Hal David,FALSE,Alfie,
1966,1967,24,Best Performance by an Actor in a Motion Picture - Drama,Alfie,Michael Caine,FALSE,,
1966,1967,24,Best Performance by an Actress in a Supporting Role in any Motion Picture,Alfie,Shelley Winters,FALSE,,
1966,1967,24,Best Performance by an Actress in a Supporting Role in any Motion Picture,Alfie,Vivien Merchant,FALSE,,
1966,1967,24,Best Screenplay - Motion Picture,Alfie,Bill Naughton,FALSE,,
1966,1967,24,Foreign Film - English Language,Alfie,Lewis Gilbert,TRUE,,United Kingdom
1966,1967,24,Actress In A Leading Role - Musical Or Comedy,Any Wednesday,Jane Fonda,FALSE,,
1966,1967,24,Actress In A Television Series,Bewitched,Elizabeth Montgomery,FALSE,,
1966,1967,24,Foreign Film - English Language,Blow-Up,Michelangelo Antonioni,FALSE,,United Kingdom
1966,1967,24,Best Motion Picture - Drama,Born Free,,FALSE,,
1966,1967,24,Best Original Song - Motion Picture,Born Free,John Barry,FALSE,Born Free,
1966,1967,24,Best Original Song - Motion Picture,Born Free,Don Black,FALSE,Born Free,
1966,1967,24,Best Performance by an Actress in a Motion Picture - Drama,Born Free,Virginia McKenna,FALSE,,
1966,1967,24,New Star Of The Year - Actress,Dead Heat on a Merry-Go-Round,Camilla Sparv,TRUE,,
1966,1967,24,Actress In A Leading Role - Musical Or Comedy,Gambit,Shirley MacLaine,FALSE,,
1966,1967,24,Best Motion Picture - Musical or Comedy,Gambit,,FALSE,,
1966,1967,24,Best Performance by an Actor in a Motion Picture - Musical or Comedy,Gambit,Michael Caine,FALSE,,
1966,1967,24,Actress In A Leading Role - Musical Or Comedy,Georgy Girl,Lynn Redgrave,TRUE,,
1966,1967,24,Best Original Song - Motion Picture,Georgy Girl,Tom Springfield,FALSE,Georgy Girl,
1966,1967,24,Best Original Song - Motion Picture,Georgy Girl,Jim Dale,FALSE,Georgy Girl,
1966,1967,24,Best Performance by an Actor in a Motion Picture - Musical or Comedy,Georgy Girl,Alan Bates,FALSE,,
1966,1967,24,Foreign Film - English Language,Georgy Girl,Silvio Narizzano,FALSE,,United Kingdom
1966,1967,24,New Star Of The Year - Actor,Georgy Girl,Alan Bates,FALSE,,
1966,1967,24,New Star Of The Year - Actress,Georgy Girl,Lynn Redgrave,FALSE,,
1966,1967,24,New Star Of The Year - Actor,Grand Prix,Antonio Sábato,FALSE,,
1966,1967,24,New Star Of The Year - Actress,Grand Prix,Jessica Walter,FALSE,,
1966,1967,24,Foreign Film - Foreign Language,Hamlet,United Soviet Socialist Republics,FALSE,,
1966,1967,24,Foreign Film - Foreign Language,Hamlet,Grigori Kozintsev,FALSE,,
1966,1967,24,Best Original Score - Motion Picture,Hawaii,Elmer Bernstein,TRUE,,
1966,1967,24,Best Performance by an Actor in a Motion Picture - Drama,Hawaii,Max von Sydow,FALSE,,
1966,1967,24,Best Performance by an Actress in a Supporting Role in any Motion Picture,Hawaii,Jocelyn Lagarde,TRUE,,
1966,1967,24,Actress In A Television Series,I Dream of Jeannie,Barbara Eden,FALSE,,
1966,1967,24,Actor In A Television Series,I Spy,Bill Cosby,FALSE,,
1966,1967,24,Actor In A Television Series,I Spy,Robert Culp,FALSE,,
1966,1967,24,Television Series,I Spy,,TRUE,,
1966,1967,24,Foreign Film - Foreign Language,Impossible On Saturday,Alex Joffé,FALSE,,"France,Israel,Italy"
1966,1967,24,Best Original Score - Motion Picture,Is Paris Burning?,Maurice Jarre,FALSE,,
1966,1967,24,Foreign Film - Foreign Language,Loves of a Blonde,Milos Forman,FALSE,,Czechoslovakia
1966,1967,24,Actress In A Leading Role - Musical Or Comedy,Morgan!,Vanessa Redgrave,FALSE,,
1966,1967,24,Foreign Film - English Language,Morgan!,Karel Reisz,FALSE,,United Kingdom
1966,1967,24,Best Motion Picture - Musical or Comedy,"Not With My Wife, You Don't",,FALSE,,
1966,1967,24,Foreign Film - English Language,Romeo And Juliet,Paul Czinner,FALSE,,United Kingdom
1966,1967,24,Actor In A Television Series,Run For Your Life,Ben Gazzara,FALSE,,
1966,1967,24,Television Series,Run For Your Life,,FALSE,,
1966,1967,24,Foreign Film - Foreign Language,Signore & signori,Pietro Germi,FALSE,,Italy
1966,1967,24,Actress In A Television Series,That Girl,Marlo Thomas,TRUE,,
1966,1967,24,Television Series,That Girl,,FALSE,,
1966,1967,24,Best Performance by an Actor in a Supporting Role in any Motion Picture,The Appaloosa,John Saxon,FALSE,,
1966,1967,24,Best Original Score - Motion Picture,The Bible: In The Beginning,Toshirô Mayuzumi,FALSE,,
1966,1967,24,Actress In A Television Series,The Big Valley,Barbara Stanwyck,FALSE,,
1966,1967,24,Actor In A Television Series,The Dean Martin Show,Dean Martin,TRUE,,
1966,1967,24,Best Performance by an Actor in a Motion Picture - Musical or Comedy,The Fortune Cookie,Walter Matthau,FALSE,,
1966,1967,24,Television Series,The Fugitive,,FALSE,,
1966,1967,24,New Star Of The Year - Actress,The Group,Candice Bergen,FALSE,,
1966,1967,24,Television Series,The Man From U.N.C.L.E.,,FALSE,,
1966,1967,24,New Star Of The Year - Actor,The Pad,James Farentino,TRUE,,
1966,1967,24,Best Motion Picture - Drama,The Professionals,,FALSE,,
1966,1967,24,New Star Of The Year - Actress,The Professionals,Marie Gomez,FALSE,,
1966,1967,24,Actress In A Television Series,The Pruitts of Southampton,Phyllis Diller,FALSE,,
1966,1967,24,Actor In A Television Series,The Rat Patrol,Christopher George,FALSE,,
1966,1967,24,Best Motion Picture - Musical or Comedy,"The Russians Are Coming Russians Are Coming, The",,TRUE,,
1966,1967,24,Best Performance by an Actor in a Motion Picture - Musical or Comedy,"The Russians Are Coming Russians Are Coming, The",Alan Arkin,TRUE,,
1966,1967,24,Best Screenplay - Motion Picture,"The Russians Are Coming Russians Are Coming, The",William Rose,FALSE,,
1966,1967,24,New Star Of The Year - Actor,"The Russians Are Coming Russians Are Coming, The",Alan Arkin,FALSE,,
1966,1967,24,New Star Of The Year - Actor,"The Russians Are Coming Russians Are Coming, The",John Philip Law,FALSE,,
1966,1967,24,Best Director - Motion Picture,The Sand Pebbles,Robert Wise,FALSE,,
1966,1967,24,Best Motion Picture - Drama,The Sand Pebbles,,FALSE,,
1966,1967,24,Best Original Score - Motion Picture,The Sand Pebbles,Jerry Goldsmith,FALSE,,
1966,1967,24,Best Performance by an Actor in a Motion Picture - Drama,The Sand Pebbles,Steve McQueen,FALSE,,
1966,1967,24,Best Performance by an Actor in a Supporting Role in any Motion Picture,The Sand Pebbles,Mako,FALSE,,
1966,1967,24,Best Performance by an Actor in a Supporting Role in any Motion Picture,The Sand Pebbles,Richard Attenborough,TRUE,,
1966,1967,24,Best Screenplay - Motion Picture,The Sand Pebbles,Robert Anderson,FALSE,,
1966,1967,24,New Star Of The Year - Actress,The Sand Pebbles,Candice Bergen,FALSE,,
1966,1967,24,Best Performance by an Actress in a Motion Picture - Drama,The Shop on Main Street,Ida Kaminska,FALSE,,
1966,1967,24,Best Performance by an Actor in a Motion Picture - Musical or Comedy,The Spy With A Cold Nose,Lionel Jeffries,FALSE,,
1966,1967,24,Foreign Film - English Language,The Spy With A Cold Nose,Daniel Petrie,FALSE,,United Kingdom
1966,1967,24,Best Performance by an Actress in a Motion Picture - Drama,This Property Is Condemned,Natalie Wood,FALSE,,
1966,1967,24,Best Director - Motion Picture,Who's Afraid of Virginia Woolf?,Mike Nichols,FALSE,,
1966,1967,24,Best Motion Picture - Drama,Who's Afraid of Virginia Woolf?,,FALSE,,
1966,1967,24,Best Performance by an Actor in a Motion Picture - Drama,Who's Afraid of Virginia Woolf?,Richard Burton,FALSE,,
1966,1967,24,Best Performance by an Actor in a Supporting Role in any Motion Picture,Who's Afraid of Virginia Woolf?,George Segal,FALSE,,
1966,1967,24,Best Performance by an Actress in a Motion Picture - Drama,Who's Afraid of Virginia Woolf?,Elizabeth Taylor,FALSE,,
1966,1967,24,Best Performance by an Actress in a Supporting Role in any Motion Picture,Who's Afraid of Virginia Woolf?,Sandy Dennis,FALSE,,
1966,1967,24,Best Screenplay - Motion Picture,Who's Afraid of Virginia Woolf?,Ernest Lehman,FALSE,,
1966,1967,24,Actress In A Leading Role - Musical Or Comedy,You're a Big Boy Now,Elizabeth Hartman,FALSE,,
1966,1967,24,Best Motion Picture - Musical or Comedy,You're a Big Boy Now,,FALSE,,
1966,1967,24,Best Performance by an Actress in a Supporting Role in any Motion Picture,You're a Big Boy Now,Geraldine Page,FALSE,,
1966,1967,24,Cecil B. deMille Award,,Charlton Heston,FALSE,,
1966,1967,24,Henrietta Award (World Film Favorites),,Julie Andrews,TRUE,,
1966,1967,24,Henrietta Award (World Film Favorites),,Steve McQueen,TRUE,,
1967,1968,25,Foreign Film - English Language,Accident,Joseph Losey,FALSE,,United Kingdom
1967,1968,25,Best Director - Motion Picture,Bonnie and Clyde,Arthur Penn,FALSE,,
1967,1968,25,Best Motion Picture - Drama,Bonnie and Clyde,,FALSE,,
1967,1968,25,Best Performance by an Actor in a Motion Picture - Drama,Bonnie and Clyde,Warren Beatty,FALSE,,
1967,1968,25,Best Performance by an Actor in a Supporting Role in any Motion Picture,Bonnie and Clyde,Michael J. Pollard,FALSE,,
1967,1968,25,Best Performance by an Actress in a Motion Picture - Drama,Bonnie and Clyde,Faye Dunaway,FALSE,,
1967,1968,25,Best Screenplay - Motion Picture,Bonnie and Clyde,Robert Benton,FALSE,,
1967,1968,25,New Star Of The Year - Actor,Bonnie and Clyde,Michael J. Pollard,FALSE,,
1967,1968,25,Actress In A Leading Role - Musical Or Comedy,Camelot,Vanessa Redgrave,FALSE,,
1967,1968,25,Best Motion Picture - Musical or Comedy,Camelot,,FALSE,,
1967,1968,25,Best Original Score - Motion Picture,Camelot,Frederick Loewe,TRUE,,
1967,1968,25,Best Original Song - Motion Picture,Camelot,Frederick Loewe,TRUE,If Ever I Would Leave You,
1967,1968,25,Best Original Song - Motion Picture,Camelot,Alan Jay Lerner,TRUE,If Ever I Would Leave You,
1967,1968,25,Best Performance by an Actor in a Motion Picture - Musical or Comedy,Camelot,Richard Harris,TRUE,,
1967,1968,25,New Star Of The Year - Actor,Camelot,Franco Nero,FALSE,,
1967,1968,25,Foreign Film - Foreign Language,Closely Watched Trains,Jirí Menzel,FALSE,,Czechoslovakia
1967,1968,25,Best Performance by an Actor in a Motion Picture - Drama,Cool Hand Luke,Paul Newman,FALSE,,
1967,1968,25,Best Performance by an Actor in a Supporting Role in any Motion Picture,Cool Hand Luke,George Kennedy,FALSE,,
1967,1968,25,Best Motion Picture - Musical or Comedy,Doctor Dolittle,,FALSE,,
1967,1968,25,Best Original Score - Motion Picture,Doctor Dolittle,Leslie Bricusse,FALSE,,
1967,1968,25,Best Original Song - Motion Picture,Doctor Dolittle,Leslie Bricusse,FALSE,Talk To The Animals,
1967,1968,25,Best Performance by an Actor in a Motion Picture - Musical or Comedy,Doctor Dolittle,Rex Harrison,FALSE,,
1967,1968,25,Best Performance by an Actor in a Supporting Role in any Motion Picture,Doctor Dolittle,Richard Attenborough,TRUE,,
1967,1968,25,Foreign Film - Foreign Language,Elvira Madigan,Bo Widerberg,FALSE,,Sweden
1967,1968,25,New Star Of The Year - Actress,Elvira Madigan,Pia Degermark,FALSE,,
1967,1968,25,Best Motion Picture - Drama,Far From The Madding Crowd,,FALSE,,
1967,1968,25,Best Performance by an Actor in a Motion Picture - Drama,Far From The Madding Crowd,Alan Bates,FALSE,,
1967,1968,25,Best Performance by an Actress in a Supporting Role in any Motion Picture,Far From The Madding Crowd,Pruenella Ransome,FALSE,,
1967,1968,25,Actor In A Television Series,Garrison's Gorillas,Brendon Boone,FALSE,,
1967,1968,25,Television Series,Garrison's Gorillas,,FALSE,,
1967,1968,25,Best Director - Motion Picture,Guess Who's Coming To Dinner,Stanley Kramer,FALSE,,
1967,1968,25,Best Motion Picture - Drama,Guess Who's Coming To Dinner,,FALSE,,
1967,1968,25,Best Performance by an Actor in a Motion Picture - Drama,Guess Who's Coming To Dinner,Spencer Tracy,FALSE,,
1967,1968,25,Best Performance by an Actress in a Motion Picture - Drama,Guess Who's Coming To Dinner,Katharine Hepburn,FALSE,,
1967,1968,25,Best Performance by an Actress in a Supporting Role in any Motion Picture,Guess Who's Coming To Dinner,Beah Richards,FALSE,,
1967,1968,25,Best Screenplay - Motion Picture,Guess Who's Coming To Dinner,William Rose,FALSE,,
1967,1968,25,New Star Of The Year - Actress,Guess Who's Coming To Dinner,Katharine Houghton,FALSE,,
1967,1968,25,New Star Of The Year - Actress,Hurry Sundown,Faye Dunaway,FALSE,,
1967,1968,25,Best Motion Picture - Drama,In Cold Blood,,FALSE,,
1967,1968,25,Best Director - Motion Picture,In the Heat of the Night,Norman Jewison,FALSE,,
1967,1968,25,Best Motion Picture - Drama,In the Heat of the Night,,TRUE,,
1967,1968,25,Best Performance by an Actor in a Motion Picture - Drama,In the Heat of the Night,Rod Steiger,TRUE,,
1967,1968,25,Best Performance by an Actor in a Motion Picture - Drama,In the Heat of the Night,Sidney Poitier,FALSE,,
1967,1968,25,Best Performance by an Actress in a Supporting Role in any Motion Picture,In the Heat of the Night,Lee Grant,FALSE,,
1967,1968,25,Best Performance by an Actress in a Supporting Role in any Motion Picture,In the Heat of the Night,Quentin Dean,FALSE,,
1967,1968,25,Best Screenplay - Motion Picture,In the Heat of the Night,Stirling Silliphant,TRUE,,
1967,1968,25,Best Original Score - Motion Picture,Live For Life,Francis Lai,FALSE,,
1967,1968,25,Best Original Song - Motion Picture,Live For Life,Raymond Le Sénéchal,FALSE,Des Ronds dans L'Eau,
1967,1968,25,Best Original Song - Motion Picture,Live For Life,Pierre Barouh,FALSE,Des Ronds dans L'Eau,
1967,1968,25,Foreign Film - Foreign Language,Live For Life,Claude Lelouch,TRUE,,France
1967,1968,25,Actor In A Television Series,Mission: Impossible,Martin Landau,TRUE,,
1967,1968,25,Actress In A Television Series,Mission: Impossible,Barbara Bain,FALSE,,
1967,1968,25,Television Series,Mission: Impossible,,TRUE,,
1967,1968,25,Actress In A Television Series,Movin' with Nancy,Nancy Sinatra,FALSE,,
1967,1968,25,New Star Of The Year - Actress,Rogues' Gallery,Greta Baldwin,FALSE,,
1967,1968,25,Television Series,Rowan & Martin's Laugh-In,,FALSE,,
1967,1968,25,Actor In A Television Series,Run For Your Life,Ben Gazzara,FALSE,,
1967,1968,25,Best Original Song - Motion Picture,Ski Fever,Guy Hemric,FALSE,Please Don't Gamble With Love,
1967,1968,25,Best Original Song - Motion Picture,Ski Fever,Jerry Styner,FALSE,Please Don't Gamble With Love,
1967,1968,25,Foreign Film - English Language,Smashing Time,Desmond Davis,FALSE,,United Kingdom
1967,1968,25,Actor In A Television Series,The Andy Williams Show,Andy Williams,FALSE,,
1967,1968,25,Actress In A Television Series,The Big Valley,Barbara Stanwyck,FALSE,,
1967,1968,25,Actress In A Television Series,The Carol Burnett Show,Carol Burnett,TRUE,,
1967,1968,25,Television Series,The Carol Burnett Show,,FALSE,,
1967,1968,25,Best Performance by an Actor in a Motion Picture - Musical or Comedy,The Climax,Ugo Tognazzi,FALSE,,
1967,1968,25,Foreign Film - Foreign Language,The Climax,Pietro Germi,FALSE,,"Italy,France"
1967,1968,25,Best Performance by an Actress in a Supporting Role in any Motion Picture,The Comedians,Lillian Gish,FALSE,,
1967,1968,25,Actor In A Television Series,The Dean Martin Show,Dean Martin,FALSE,,
1967,1968,25,Television Series,The Dean Martin Show,,FALSE,,
1967,1968,25,Best Performance by an Actor in a Supporting Role in any Motion Picture,The Dirty Dozen,John Cassavetes,FALSE,,
1967,1968,25,Best Director - Motion Picture,The Fox,Mark Rydell,FALSE,,
1967,1968,25,Best Performance by an Actress in a Motion Picture - Drama,The Fox,Anne Heywood,FALSE,,
1967,1968,25,Best Screenplay - Motion Picture,The Fox,Lewis John Carlino,FALSE,,
1967,1968,25,Foreign Film - English Language,The Fox,Mark Rydell,TRUE,,Canada
1967,1968,25,Actress In A Leading Role - Musical Or Comedy,The Graduate,Anne Bancroft,TRUE,,
1967,1968,25,Best Director - Motion Picture,The Graduate,Mike Nichols,TRUE,,
1967,1968,25,Best Motion Picture - Musical or Comedy,The Graduate,,TRUE,,
1967,1968,25,Best Performance by an Actor in a Motion Picture - Musical or Comedy,The Graduate,Dustin Hoffman,FALSE,,
1967,1968,25,Best Screenplay - Motion Picture,The Graduate,Buck Henry,FALSE,,
1967,1968,25,New Star Of The Year - Actor,The Graduate,Dustin Hoffman,TRUE,,
1967,1968,25,New Star Of The Year - Actress,The Graduate,Katharine Ross,FALSE,,
1967,1968,25,New Star Of The Year - Actress,The Graduate,Katharine Ross,TRUE,,
1967,1968,25,New Star Of The Year - Actor,The Happiest Millionaire,Tommy Steele,FALSE,,
1967,1968,25,Foreign Film - English Language,The Jokers,Michael Winner,FALSE,,United Kingdom
1967,1968,25,Actress In A Television Series,The Lucy Show,Lucille Ball,FALSE,,
1967,1968,25,Foreign Film - Foreign Language,The Stranger,Luchino Visconti,FALSE,,"Italy,France"
1967,1968,25,Best Motion Picture - Musical or Comedy,The Taming of the Shrew,,FALSE,,
1967,1968,25,Best Performance by an Actor in a Motion Picture - Musical or Comedy,The Taming of the Shrew,Richard Burton,FALSE,,
1967,1968,25,Best Performance by an Actress in a Motion Picture - Drama,The Whisperers,Edith Evans,TRUE,,
1967,1968,25,Foreign Film - English Language,The Whisperers,Bryan Forbes,FALSE,,United Kingdom
1967,1968,25,Actress In A Leading Role - Musical Or Comedy,Thoroughly Modern Millie,Julie Andrews,FALSE,,
1967,1968,25,Best Motion Picture - Musical or Comedy,Thoroughly Modern Millie,,FALSE,,
1967,1968,25,Best Original Score - Motion Picture,Thoroughly Modern Millie,Elmer Bernstein,FALSE,,
1967,1968,25,Best Original Song - Motion Picture,Thoroughly Modern Millie,Jimmy Van Heusen,FALSE,Thoroughly Modern Millie,
1967,1968,25,Best Original Song - Motion Picture,Thoroughly Modern Millie,Sammy Cahn,FALSE,Thoroughly Modern Millie,
1967,1968,25,Best Performance by an Actress in a Supporting Role in any Motion Picture,Thoroughly Modern Millie,Carol Channing,TRUE,,
1967,1968,25,New Star Of The Year - Actor,Three Days and a Child,Oded Kotler,FALSE,,
1967,1968,25,Actress In A Leading Role - Musical Or Comedy,Two for the Road,Audrey Hepburn,FALSE,,
1967,1968,25,Best Original Score - Motion Picture,Two for the Road,Henry Mancini,FALSE,,
1967,1968,25,Foreign Film - English Language,Ulysses,Joseph Strick,FALSE,,United Kingdom
1967,1968,25,New Star Of The Year - Actress,Valley of the Dolls,Sharon Tate,FALSE,,
1967,1968,25,Best Performance by an Actor in a Supporting Role in any Motion Picture,Wait Until Dark,Efrem Zimbalist Jr.,FALSE,,
1967,1968,25,Best Performance by an Actress in a Motion Picture - Drama,Wait Until Dark,Audrey Hepburn,FALSE,,
1967,1968,25,Actress In A Leading Role - Musical Or Comedy,Woman Times Seven,Shirley MacLaine,FALSE,,
1967,1968,25,Cecil B. deMille Award,,Kirk Douglas,FALSE,,
1967,1968,25,Henrietta Award (World Film Favorites),,Julie Andrews,TRUE,,
1967,1968,25,Henrietta Award (World Film Favorites),,Paul Newman,TRUE,,
1968,1969,26,Foreign Film - English Language,Benjamin,Michel Deville,FALSE,,France
1968,1969,26,Actress In A Television Series,Bewitched,Elizabeth Montgomery,FALSE,,
1968,1969,26,Actress In A Leading Role - Musical Or Comedy,"Buona Sera, Mrs. Campbell",Gina Lollobrigida,FALSE,,
1968,1969,26,Best Original Song - Motion Picture,"Buona Sera, Mrs. Campbell",Mrs. Campbell,FALSE,Buona Sera,
1968,1969,26,Best Original Song - Motion Picture,"Buona Sera, Mrs. Campbell",Riz Ortolani,FALSE,Buona Sera,
1968,1969,26,Best Original Song - Motion Picture,"Buona Sera, Mrs. Campbell",Melvin Frank,FALSE,Buona Sera,
1968,1969,26,Foreign Film - English Language,"Buona Sera, Mrs. Campbell",Melvin Frank,FALSE,,United Kingdom
1968,1969,26,New Star Of The Year - Actress,Candy,Ewa Aulin,FALSE,,
1968,1969,26,Best Motion Picture - Drama,Charly,,FALSE,,
1968,1969,26,Best Performance by an Actor in a Motion Picture - Drama,Charly,Cliff Robertson,FALSE,,
1968,1969,26,Best Screenplay - Motion Picture,Charly,Stirling Silliphant,TRUE,,
1968,1969,26,Best Original Score - Motion Picture,Chitty Chitty Bang Bang,Richard M. Sherman,FALSE,,
1968,1969,26,Best Original Score - Motion Picture,Chitty Chitty Bang Bang,Robert B. Sherman,FALSE,,
1968,1969,26,Best Original Song - Motion Picture,Chitty Chitty Bang Bang,Richard M. Sherman,FALSE,Chitty Chitty Bang Bang,
1968,1969,26,Best Original Song - Motion Picture,Chitty Chitty Bang Bang,Robert B. Sherman,FALSE,Chitty Chitty Bang Bang,
1968,1969,26,Actress In A Leading Role - Musical Or Comedy,Finian's Rainbow,Petula Clark,FALSE,,
1968,1969,26,Best Motion Picture - Musical or Comedy,Finian's Rainbow,,FALSE,,
1968,1969,26,Best Performance by an Actor in a Motion Picture - Musical or Comedy,Finian's Rainbow,Fred Astaire,FALSE,,
1968,1969,26,Best Performance by an Actress in a Supporting Role in any Motion Picture,Finian's Rainbow,Barbara Hancock,FALSE,,
1968,1969,26,New Star Of The Year - Actress,Finian's Rainbow,Barbara Hancock,FALSE,,
1968,1969,26,Best Performance by an Actor in a Supporting Role in any Motion Picture,For Love of Ivy,Beau Bridges,FALSE,,
1968,1969,26,Best Performance by an Actress in a Supporting Role in any Motion Picture,For Love of Ivy,Abbey Lincoln,FALSE,,
1968,1969,26,Actress In A Leading Role - Musical Or Comedy,Funny Girl,Barbra Streisand,TRUE,,
1968,1969,26,Best Director - Motion Picture,Funny Girl,William Wyler,FALSE,,
1968,1969,26,Best Motion Picture - Musical or Comedy,Funny Girl,,FALSE,,
1968,1969,26,Best Original Song - Motion Picture,Funny Girl,Jule Styne,FALSE,Funny Girl,
1968,1969,26,Best Original Song - Motion Picture,Funny Girl,Bob Merrill,FALSE,Funny Girl,
1968,1969,26,Foreign Film - Foreign Language,I Even Met Happy Gypsies,Aleksandar Petrovic,FALSE,,Yugoslavia
1968,1969,26,New Star Of The Year - Actress,"I Love You, Alice B. Toklas!",Leigh Taylor-Young,FALSE,,
1968,1969,26,Actor In A Television Series,Ironside,Raymond Burr,FALSE,,
1968,1969,26,Best Performance by an Actress in a Motion Picture - Drama,Isadora,Vanessa Redgrave,FALSE,,
1968,1969,26,Foreign Film - English Language,Joanna,Michael Sarne,FALSE,,United Kingdom
1968,1969,26,Actor In A Television Series,Judd for the Defense,Carl Betz,TRUE,,
1968,1969,26,Actress In A Television Series,Julia,Diahann Carroll,TRUE,,
1968,1969,26,Television Series,Julia,,FALSE,,
1968,1969,26,Actor In A Television Series,Mission: Impossible,Peter Graves,FALSE,,
1968,1969,26,Actress In A Television Series,Movin' with Nancy,Nancy Sinatra,FALSE,,
1968,1969,26,Best Director - Motion Picture,Oliver!,Carol Reed,FALSE,,
1968,1969,26,Best Motion Picture - Musical or Comedy,Oliver!,,TRUE,,
1968,1969,26,Best Original Score - Motion Picture,Oliver!,Lionel Bart,FALSE,,
1968,1969,26,Best Performance by an Actor in a Motion Picture - Musical or Comedy,Oliver!,Ron Moody,TRUE,,
1968,1969,26,Best Performance by an Actor in a Supporting Role in any Motion Picture,Oliver!,Hugh Griffith,FALSE,,
1968,1969,26,New Star Of The Year - Actor,Oliver!,Jack Wild,FALSE,,
1968,1969,26,New Star Of The Year - Actor,Paper Lion,Alan Alda,FALSE,,
1968,1969,26,Foreign Film - English Language,Poor Cow,Ken Loach,FALSE,,United Kingdom
1968,1969,26,Best Director - Motion Picture,"Rachel, Rachel",Paul Newman,TRUE,,
1968,1969,26,Best Performance by an Actress in a Motion Picture - Drama,"Rachel, Rachel",Joanne Woodward,TRUE,,
1968,1969,26,Best Director - Motion Picture,Romeo and Juliet,Franco Zeffirelli,FALSE,,
1968,1969,26,Best Original Score - Motion Picture,Romeo and Juliet,Nino Rota,FALSE,,
1968,1969,26,Foreign Film - English Language,Romeo and Juliet,Franco Zeffirelli,TRUE,,Italy
1968,1969,26,New Star Of The Year - Actor,Romeo and Juliet,Leonard Whiting,TRUE,,
1968,1969,26,New Star Of The Year - Actress,Romeo and Juliet,Olivia Hussey,TRUE,,
1968,1969,26,Best Original Score - Motion Picture,Rosemary's Baby,Christopher Komeda,FALSE,,
1968,1969,26,Best Performance by an Actress in a Motion Picture - Drama,Rosemary's Baby,Mia Farrow,FALSE,,
1968,1969,26,Best Performance by an Actress in a Supporting Role in any Motion Picture,Rosemary's Baby,Ruth Gordon,TRUE,,
1968,1969,26,Best Screenplay - Motion Picture,Rosemary's Baby,Roman Polanski,FALSE,,
1968,1969,26,Television Series,Rowan & Martin's Laugh-In,,TRUE,,
1968,1969,26,Foreign Film - Foreign Language,Shame,Ingmar Bergman,FALSE,,Sweden
1968,1969,26,Actress In A Leading Role - Musical Or Comedy,Star!,Julie Andrews,FALSE,,
1968,1969,26,Best Original Song - Motion Picture,Star!,Jimmy Van Heusen,FALSE,Star!,
1968,1969,26,Best Original Song - Motion Picture,Star!,Sammy Cahn,FALSE,Star!,
1968,1969,26,Best Performance by an Actor in a Supporting Role in any Motion Picture,Star!,Daniel Massey,TRUE,,
1968,1969,26,New Star Of The Year - Actor,Star!,Daniel Massey,FALSE,,
1968,1969,26,Foreign Film - Foreign Language,Stolen Kisses,François Truffaut,FALSE,,France
1968,1969,26,Best Performance by an Actor in a Motion Picture - Drama,The Boston Strangler,Tony Curtis,FALSE,,
1968,1969,26,Foreign Film - Foreign Language,The Bride Wore Black,François Truffaut,FALSE,,France
1968,1969,26,Television Series,The Carol Burnett Show,,FALSE,,
1968,1969,26,Actor In A Television Series,The Dean Martin Show,Dean Martin,FALSE,,
1968,1969,26,Actress In A Television Series,The Doris Day Show,Doris Day,FALSE,,
1968,1969,26,Television Series,The Doris Day Show,,FALSE,,
1968,1969,26,Actor In A Television Series,The F.B.I.,Efrem Zimbalist Jr.,FALSE,,
1968,1969,26,Best Motion Picture - Drama,The Fixer,,FALSE,,
1968,1969,26,Best Performance by an Actor in a Motion Picture - Drama,The Fixer,Alan Bates,FALSE,,
1968,1969,26,Best Screenplay - Motion Picture,The Fixer,Dalton Trumbo,FALSE,,
1968,1969,26,Actress In A Television Series,The Ghost and Mrs. Muir,Hope Lange,FALSE,,
1968,1969,26,Best Motion Picture - Drama,The Heart Is a Lonely Hunter,,FALSE,,
1968,1969,26,Best Performance by an Actor in a Motion Picture - Drama,The Heart Is a Lonely Hunter,Alan Arkin,FALSE,,
1968,1969,26,Best Performance by an Actress in a Supporting Role in any Motion Picture,The Heart Is a Lonely Hunter,Sondra Locke,FALSE,,
1968,1969,26,New Star Of The Year - Actress,The Heart Is a Lonely Hunter,Sondra Locke,FALSE,,
1968,1969,26,Best Performance by an Actress in a Motion Picture - Drama,The Killing of Sister George,Beryl Reid,FALSE,,
1968,1969,26,Best Director - Motion Picture,The Lion in Winter,Anthony Harvey,FALSE,,
1968,1969,26,Best Motion Picture - Drama,The Lion in Winter,,TRUE,,
1968,1969,26,Best Original Score - Motion Picture,The Lion in Winter,John Barry,FALSE,,
1968,1969,26,Best Performance by an Actor in a Motion Picture - Drama,The Lion in Winter,Peter O'Toole,TRUE,,
1968,1969,26,Best Performance by an Actress in a Motion Picture - Drama,The Lion in Winter,Katharine Hepburn,FALSE,,
1968,1969,26,Best Performance by an Actress in a Supporting Role in any Motion Picture,The Lion in Winter,Jane Morrow,FALSE,,
1968,1969,26,Best Screenplay - Motion Picture,The Lion in Winter,James Goldman,FALSE,,
1968,1969,26,Television Series,The Name of the Game,,FALSE,,
1968,1969,26,Best Motion Picture - Musical or Comedy,The Odd Couple,,FALSE,,
1968,1969,26,Best Performance by an Actor in a Motion Picture - Musical or Comedy,The Odd Couple,Jack Lemmon,FALSE,,
1968,1969,26,Best Performance by an Actor in a Motion Picture - Musical or Comedy,The Odd Couple,Walter Matthau,FALSE,,
1968,1969,26,Best Performance by an Actor in a Motion Picture - Musical or Comedy,The Producers,Zero Mostel,FALSE,,
1968,1969,26,Best Screenplay - Motion Picture,The Producers,Mel Brooks,FALSE,,
1968,1969,26,Best Performance by an Actor in a Supporting Role in any Motion Picture,The Scalphunters,Ossie Davis,FALSE,,
1968,1969,26,Best Motion Picture - Drama,The Shoes of the Fisherman,,FALSE,,
1968,1969,26,Best Original Score - Motion Picture,The Shoes of the Fisherman,Alex North,TRUE,,
1968,1969,26,Best Performance by an Actor in a Supporting Role in any Motion Picture,The Subject Was Roses,Martin Sheen,FALSE,,
1968,1969,26,New Star Of The Year - Actor,The Sweet Ride,Michael Sarrazin,FALSE,,
1968,1969,26,New Star Of The Year - Actress,The Sweet Ride,Jacqueline Bisset,FALSE,,
1968,1969,26,Best Original Score - Motion Picture,The Thomas Crown Affair,Michel Legrand,FALSE,,
1968,1969,26,Best Original Song - Motion Picture,The Thomas Crown Affair,Michel Legrand,TRUE,The Windmills Of Your Mind,
1968,1969,26,Best Original Song - Motion Picture,The Thomas Crown Affair,Alan Bergman,TRUE,The Windmills Of Your Mind,
1968,1969,26,Best Original Song - Motion Picture,The Thomas Crown Affair,Marilyn Bergman,TRUE,The Windmills Of Your Mind,
1968,1969,26,Foreign Film - Foreign Language,War and Peace,United Soviet Socialist Republics,TRUE,,
1968,1969,26,Foreign Film - Foreign Language,War and Peace,Sergei Bondarchuk,TRUE,,
1968,1969,26,Actress In A Leading Role - Musical Or Comedy,"Yours, Mine and Ours",Lucille Ball,FALSE,,
1968,1969,26,Best Motion Picture - Musical or Comedy,"Yours, Mine and Ours",,FALSE,,
1968,1969,26,Cecil B. deMille Award,,Gregory Peck,FALSE,,
1968,1969,26,Henrietta Award (World Film Favorites),,Sidney Poitier,TRUE,,
1968,1969,26,Henrietta Award (World Film Favorites),,Sophia Loren,TRUE,,
1969,1970,27,Foreign Film - Foreign Language,Adalen 31,Bo Widerberg,FALSE,,Sweden
1969,1970,27,Best Director - Motion Picture,Anne of the Thousand Days,Charles Jarrott,TRUE,,
1969,1970,27,Best Motion Picture - Drama,Anne of the Thousand Days,,TRUE,,
1969,1970,27,Best Original Score - Motion Picture,Anne of the Thousand Days,Georges Delerue,FALSE,,
1969,1970,27,Best Performance by an Actor in a Motion Picture - Drama,Anne of the Thousand Days,Richard Burton,FALSE,,
1969,1970,27,Best Performance by an Actor in a Supporting Role in any Motion Picture,Anne of the Thousand Days,Anthony Quayle,FALSE,,
1969,1970,27,Best Performance by an Actress in a Motion Picture - Drama,Anne of the Thousand Days,Geneviève Bujold,TRUE,,
1969,1970,27,Best Screenplay - Motion Picture,Anne of the Thousand Days,Bridget Boland,TRUE,,
1969,1970,27,Actress In A Leading Role - Musical Or Comedy,Bob & Carol & Ted & Alice,Dyan Cannon,FALSE,,
1969,1970,27,New Star Of The Year - Actress,Bob & Carol & Ted & Alice,Dyan Cannon,FALSE,,
1969,1970,27,Actress In A Television Series - Drama,Bracken's World,Eleanor Parker,FALSE,,
1969,1970,27,Best Television Series - Drama,Bracken's World,,FALSE,,
1969,1970,27,Best Motion Picture - Drama,Butch Cassidy and The Sundance Kid,,FALSE,,
1969,1970,27,Best Original Score - Motion Picture,Butch Cassidy and The Sundance Kid,Burt Bacharach,TRUE,,
1969,1970,27,Best Original Song - Motion Picture,Butch Cassidy and The Sundance Kid,Burt Bacharach,FALSE,Raindrops Keep Fallin' On My Head,
1969,1970,27,Best Original Song - Motion Picture,Butch Cassidy and The Sundance Kid,Hal David,FALSE,Raindrops Keep Fallin' On My Head,
1969,1970,27,Best Screenplay - Motion Picture,Butch Cassidy and The Sundance Kid,William Goldman,FALSE,,
1969,1970,27,Actress In A Leading Role - Musical Or Comedy,Cactus Flower,Ingrid Bergman,FALSE,,
1969,1970,27,Best Motion Picture - Musical or Comedy,Cactus Flower,,FALSE,,
1969,1970,27,Best Original Song - Motion Picture,Cactus Flower,Quincy Jones,FALSE,The Time For Love Is Any Time,
1969,1970,27,Best Original Song - Motion Picture,Cactus Flower,Cynthia Weil,FALSE,The Time For Love Is Any Time,
1969,1970,27,Best Performance by an Actress in a Supporting Role in any Motion Picture,Cactus Flower,Goldie Hawn,TRUE,,
1969,1970,27,New Star Of The Year - Actress,Cactus Flower,Goldie Hawn,FALSE,,
1969,1970,27,Best Performance by an Actor in a Supporting Role in any Motion Picture,Easy Rider,Jack Nicholson,FALSE,,
1969,1970,27,Foreign Film - Foreign Language,Fellini Satyricon,Federico Fellini,FALSE,,Italy
1969,1970,27,Actress In A Leading Role - Musical Or Comedy,Generation,Kim Darby,FALSE,,
1969,1970,27,Foreign Film - Foreign Language,Girls in the Sun,Vasilis Georgiadis,FALSE,,Greece
1969,1970,27,Best Motion Picture - Musical or Comedy,"Goodbye, Columbus",,FALSE,,
1969,1970,27,Best Original Song - Motion Picture,"Goodbye, Columbus",Columbus,FALSE,Goodbye,
1969,1970,27,Best Original Song - Motion Picture,"Goodbye, Columbus",The Association,FALSE,Goodbye,
1969,1970,27,New Star Of The Year - Actress,"Goodbye, Columbus",Ali MacGraw,TRUE,,
1969,1970,27,Best Original Score - Motion Picture,"Goodbye, Mr. Chips",Leslie Bricusse,FALSE,,
1969,1970,27,Best Performance by an Actor in a Motion Picture - Musical or Comedy,"Goodbye, Mr. Chips",Peter O'Toole,TRUE,,
1969,1970,27,Best Performance by an Actress in a Supporting Role in any Motion Picture,"Goodbye, Mr. Chips",Sian Phillips,FALSE,,
1969,1970,27,Actress In A Television Series - Drama,Gunsmoke,Amanda Blake,FALSE,,
1969,1970,27,New Star Of The Year - Actor,"Hail, Hero!",Michael Douglas,FALSE,,
1969,1970,27,Actress In A Leading Role - Musical Or Comedy,"Hello, Dolly!",Barbra Streisand,FALSE,,
1969,1970,27,Best Director - Motion Picture,"Hello, Dolly!",Gene Kelly,FALSE,,
1969,1970,27,Best Motion Picture - Musical or Comedy,"Hello, Dolly!",,FALSE,,
1969,1970,27,Best Performance by an Actress in a Supporting Role in any Motion Picture,"Hello, Dolly!",Marianne McAndrew,FALSE,,
1969,1970,27,New Star Of The Year - Actress,"Hello, Dolly!",Marianne McAndrew,FALSE,,
1969,1970,27,Actress In A Television Series - Musical Or Comedy,Here's Lucy,Lucille Ball,FALSE,,
1969,1970,27,Actress In A Television Series - Drama,High Chaparral,Linda Cristal,TRUE,,
1969,1970,27,Actress In A Television Series - Musical Or Comedy,I Dream of Jeannie,Barbara Eden,FALSE,,
1969,1970,27,Best Screenplay - Motion Picture,"If It's Tuesday, This Must Be Belgium",David Shaw,FALSE,,
1969,1970,27,Foreign Film - English Language,If....,Lindsay Anderson,FALSE,,United Kingdom
1969,1970,27,Actor In A Television Series - Drama,It Takes a Thief,Robert Wagner,FALSE,,
1969,1970,27,Actress In A Leading Role - Musical Or Comedy,John and Mary,Mia Farrow,FALSE,,
1969,1970,27,Best Performance by an Actor in a Motion Picture - Musical or Comedy,John and Mary,Dustin Hoffman,FALSE,,
1969,1970,27,Best Screenplay - Motion Picture,John and Mary,John Mortimer,FALSE,,
1969,1970,27,Actress In A Television Series - Musical Or Comedy,Julia,Diahann Carroll,FALSE,,
1969,1970,27,Best Television Series - Musical or Comedy,Love American Style,,FALSE,,
1969,1970,27,Actor In A Television Series - Drama,Mannix,Mike Connors,TRUE,,
1969,1970,27,Best Television Series - Drama,Mannix,,FALSE,,
1969,1970,27,Actor In A Television Series - Drama,"Marcus Welby, M.D.",Robert Young,FALSE,,
1969,1970,27,Best Television Series - Drama,"Marcus Welby, M.D.",,TRUE,,
1969,1970,27,Foreign Film - English Language,Mayerling,Terence Young,FALSE,,France
1969,1970,27,Actress In A Leading Role - Musical Or Comedy,"Me, Natalie",Patty Duke,TRUE,,
1969,1970,27,Best Director - Motion Picture,Midnight Cowboy,John Schlesinger,FALSE,,
1969,1970,27,Best Motion Picture - Drama,Midnight Cowboy,,FALSE,,
1969,1970,27,Best Performance by an Actor in a Motion Picture - Drama,Midnight Cowboy,Dustin Hoffman,FALSE,,
1969,1970,27,Best Performance by an Actor in a Motion Picture - Drama,Midnight Cowboy,Jon Voight,FALSE,,
1969,1970,27,Best Performance by an Actress in a Supporting Role in any Motion Picture,Midnight Cowboy,Brenda Vaccaro,FALSE,,
1969,1970,27,Best Screenplay - Motion Picture,Midnight Cowboy,Waldo Salt,FALSE,,
1969,1970,27,New Star Of The Year - Actor,Midnight Cowboy,Jon Voight,TRUE,,
1969,1970,27,Actor In A Television Series - Drama,Mission: Impossible,Peter Graves,FALSE,,
1969,1970,27,Foreign Film - English Language,Oh! What a Lovely War,Richard Attenborough,TRUE,,United Kingdom
1969,1970,27,New Star Of The Year - Actor,On Her Majesty's Secret Service,George Lazenby,FALSE,,
1969,1970,27,Best Motion Picture - Musical or Comedy,Paint Your Wagon,,FALSE,,
1969,1970,27,Best Performance by an Actor in a Motion Picture - Musical or Comedy,Paint Your Wagon,Lee Marvin,FALSE,,
1969,1970,27,Best Performance by an Actor in a Motion Picture - Drama,Popi,Alan Arkin,FALSE,,
1969,1970,27,Actor In A Television Series - Drama,Room 222,Lloyd Haines,FALSE,,
1969,1970,27,Actress In A Television Series - Drama,Room 222,Denise Nicholas,FALSE,,
1969,1970,27,Best Television Series - Drama,Room 222,,FALSE,,
1969,1970,27,Best Television Series - Musical or Comedy,Rowan & Martin's Laugh-In,,FALSE,,
1969,1970,27,Actress In A Leading Role - Musical Or Comedy,Sweet Charity,Shirley MacLaine,FALSE,,
1969,1970,27,Foreign Film - English Language,The Assassination Bureau,Basil Dearden,FALSE,,United Kingdom
1969,1970,27,Foreign Film - Foreign Language,The Big Dig,Ephraim Kishon,FALSE,,Israel
1969,1970,27,Actress In A Television Series - Musical Or Comedy,The Carol Burnett Show,Carol Burnett,TRUE,,
1969,1970,27,Best Television Series - Musical or Comedy,The Carol Burnett Show,,TRUE,,
1969,1970,27,New Star Of The Year - Actor,The Damned,Helmut Berger,FALSE,,
1969,1970,27,Actor In A Television Series - Musical Or Comedy,The Dean Martin Show,Dean Martin,FALSE,,
1969,1970,27,Actress In A Television Series - Musical Or Comedy,The Debbie Reynolds Show,Debbie Reynolds,FALSE,,
1969,1970,27,Actor In A Television Series - Musical Or Comedy,The Glen Campbell Goodtime Hour,Glen Campbell,FALSE,,
1969,1970,27,Best Television Series - Musical or Comedy,The Glen Campbell Goodtime Hour,,FALSE,,
1969,1970,27,Actor In A Television Series - Musical Or Comedy,The Governor and J. J.,Dan Dailey,TRUE,,
1969,1970,27,Actress In A Television Series - Musical Or Comedy,The Governor and J. J.,Julie Sommars,TRUE,,
1969,1970,27,Best Television Series - Musical or Comedy,The Governor and J. J.,,FALSE,,
1969,1970,27,Best Original Score - Motion Picture,The Happy Ending,Michel Legrand,FALSE,,
1969,1970,27,Best Original Song - Motion Picture,The Happy Ending,Michel Legrand,FALSE,What Are You Doing the Rest Of Your Life?,
1969,1970,27,Best Original Song - Motion Picture,The Happy Ending,Alan Bergman,FALSE,What Are You Doing the Rest Of Your Life?,
1969,1970,27,Best Original Song - Motion Picture,The Happy Ending,Marilyn Bergman,FALSE,What Are You Doing the Rest Of Your Life?,
1969,1970,27,Best Performance by an Actress in a Motion Picture - Drama,The Happy Ending,Jean Simmons,FALSE,,
1969,1970,27,Foreign Film - English Language,The Italian Job,Peter Collinson,FALSE,,United Kingdom
1969,1970,27,Actor In A Television Series - Musical Or Comedy,The Jim Nabors Hour,Jim Nabors,FALSE,,
1969,1970,27,Actress In A Television Series - Drama,The Mod Squad,Peggy Lipton,FALSE,,
1969,1970,27,Best Television Series - Drama,The Mod Squad,,FALSE,,
1969,1970,27,Best Motion Picture - Drama,The Prime of Miss Jean Brodie,,FALSE,,
1969,1970,27,Best Original Song - Motion Picture,The Prime of Miss Jean Brodie,Rod McKuen,TRUE,Jean,
1969,1970,27,Best Performance by an Actress in a Motion Picture - Drama,The Prime of Miss Jean Brodie,Maggie Smith,FALSE,,
1969,1970,27,Best Performance by an Actor in a Motion Picture - Musical or Comedy,The Reivers,Steve McQueen,FALSE,,
1969,1970,27,Best Performance by an Actor in a Supporting Role in any Motion Picture,The Reivers,Mitch Vogel,FALSE,,
1969,1970,27,Actress In A Leading Role - Musical Or Comedy,The Secret of Santa Vittoria,Anna Magnani,FALSE,,
1969,1970,27,Best Director - Motion Picture,The Secret of Santa Vittoria,Stanley Kramer,FALSE,,
1969,1970,27,Best Motion Picture - Musical or Comedy,The Secret of Santa Vittoria,,TRUE,,
1969,1970,27,Best Original Score - Motion Picture,The Secret of Santa Vittoria,Ernest Gold,FALSE,,
1969,1970,27,Best Original Song - Motion Picture,The Secret of Santa Vittoria,Ernest Gold,FALSE,Stay,
1969,1970,27,Best Original Song - Motion Picture,The Secret of Santa Vittoria,Norman Gimbel,FALSE,Stay,
1969,1970,27,Best Performance by an Actor in a Motion Picture - Musical or Comedy,The Secret of Santa Vittoria,Anthony Quinn,FALSE,,
1969,1970,27,Best Performance by an Actress in a Motion Picture - Drama,The Sterile Cuckoo,Liza Minnelli,FALSE,,
1969,1970,27,Best Director - Motion Picture,"They Shoot Horses, Don't They?",Sydney Pollack,FALSE,,
1969,1970,27,Best Motion Picture - Drama,"They Shoot Horses, Don't They?",,FALSE,,
1969,1970,27,Best Performance by an Actor in a Supporting Role in any Motion Picture,"They Shoot Horses, Don't They?",Gig Young,TRUE,,
1969,1970,27,Best Performance by an Actor in a Supporting Role in any Motion Picture,"They Shoot Horses, Don't They?",Red Buttons,FALSE,,
1969,1970,27,Best Performance by an Actress in a Motion Picture - Drama,"They Shoot Horses, Don't They?",Jane Fonda,FALSE,,
1969,1970,27,Best Performance by an Actress in a Supporting Role in any Motion Picture,"They Shoot Horses, Don't They?",Susannah York,FALSE,,
1969,1970,27,Actor In A Television Series - Musical Or Comedy,This Is Tom Jones,Tom Jones,FALSE,,
1969,1970,27,Best Original Song - Motion Picture,True Grit,Elmer Bernstein,FALSE,True Grit,
1969,1970,27,Best Original Song - Motion Picture,True Grit,Don Black,FALSE,True Grit,
1969,1970,27,Best Performance by an Actor in a Motion Picture - Drama,True Grit,John Wayne,TRUE,,
1969,1970,27,New Star Of The Year - Actor,True Grit,Glen Campbell,FALSE,,
1969,1970,27,New Star Of The Year - Actress,Where It's At,Brenda Vaccaro,FALSE,,
1969,1970,27,Foreign Film - Foreign Language,Z,Constantin Costa-Gavras,TRUE,,Algeria
1969,1970,27,Cecil B. deMille Award,,Joan Crawford,FALSE,,
1969,1970,27,Henrietta Award (World Film Favorites),,Barbra Streisand,TRUE,,
1969,1970,27,Henrietta Award (World Film Favorites),,Steve McQueen,TRUE,,
1970,1971,28,Foreign Film - English Language,Act of the Heart,Paul Almond,FALSE,,Canada
1970,1971,28,Best Motion Picture - Drama,Airport,,FALSE,,
1970,1971,28,Best Original Score - Motion Picture,Airport,Alfred Newman,FALSE,,
1970,1971,28,Best Performance by an Actor in a Supporting Role in any Motion Picture,Airport,George Kennedy,FALSE,,
1970,1971,28,Best Performance by an Actress in a Supporting Role in any Motion Picture,Airport,Maureen Stapleton,TRUE,,
1970,1971,28,Actress In A Supporting Role - Television Series,Arnie,Sue Ane Langdon,FALSE,,
1970,1971,28,Best Performance by an Actor in a Television Series - Musical or Comedy,Arnie,Herschel Bernardi,FALSE,,
1970,1971,28,Best Performance by an Actress in a Television Series - Musical or Comedy,Bewitched,Elizabeth Montgomery,FALSE,,
1970,1971,28,Foreign Film - English Language,Bloomfield,Richard Harris,FALSE,,"United Kingdom,United Kingdom"
1970,1971,28,Foreign Film - English Language,Bloomfield,Uri Zohar,FALSE,,"United Kingdom,United Kingdom"
1970,1971,28,Foreign Film - Foreign Language,Borsalino,Jacques Deray,FALSE,,Italy
1970,1971,28,Best Original Score - Motion Picture,Cromwell,Frank Cordell,FALSE,,
1970,1971,28,Best Performance by an Actor In A Television Series - Drama,Dan August,Burt Reynolds,FALSE,,
1970,1971,28,Actress In A Leading Role - Musical Or Comedy,Darling Lili,Julie Andrews,FALSE,,
1970,1971,28,Best Motion Picture - Musical or Comedy,Darling Lili,,FALSE,,
1970,1971,28,Best Original Song - Motion Picture,Darling Lili,Henry Mancini,TRUE,Whistling Away the Dark,
1970,1971,28,Best Original Song - Motion Picture,Darling Lili,Johnny Mercer,TRUE,Whistling Away the Dark,
1970,1971,28,Actress In A Leading Role - Musical Or Comedy,Diary of a Mad Housewife,Carrie Snodgress,TRUE,,
1970,1971,28,Best Motion Picture - Musical or Comedy,Diary of a Mad Housewife,,FALSE,,
1970,1971,28,Best Performance by an Actor in a Motion Picture - Musical or Comedy,Diary of a Mad Housewife,Richard Benjamin,FALSE,,
1970,1971,28,New Star Of The Year - Actor,Diary of a Mad Housewife,Frank Langella,FALSE,,
1970,1971,28,New Star Of The Year - Actress,Diary of a Mad Housewife,Carrie Snodgress,TRUE,,
1970,1971,28,Best Television Series - Musical or Comedy,Family Affair,,FALSE,,
1970,1971,28,Best Director - Motion Picture,Five Easy Pieces,Bob Rafelson,FALSE,,
1970,1971,28,Best Motion Picture - Drama,Five Easy Pieces,,FALSE,,
1970,1971,28,Best Performance by an Actor in a Motion Picture - Drama,Five Easy Pieces,Jack Nicholson,FALSE,,
1970,1971,28,Best Performance by an Actress in a Supporting Role in any Motion Picture,Five Easy Pieces,Karen Black,TRUE,,
1970,1971,28,Best Screenplay - Motion Picture,Five Easy Pieces,Carole Eastman,FALSE,,
1970,1971,28,Best Performance by an Actress In A Television Series - Drama,Gunsmoke,Amanda Blake,FALSE,,
1970,1971,28,Best Performance by an Actress in a Television Series - Musical or Comedy,Here's Lucy,Lucille Ball,FALSE,,
1970,1971,28,Best Performance by an Actress In A Television Series - Drama,High Chaparral,Linda Cristal,FALSE,,
1970,1971,28,Best Screenplay - Motion Picture,Husbands,John Cassavetes,FALSE,,
1970,1971,28,New Star Of The Year - Actress,I Love My Wife,Angel Tompkins,FALSE,,
1970,1971,28,Best Motion Picture - Drama,I Never Sang For My Father,,FALSE,,
1970,1971,28,Best Performance by an Actor in a Motion Picture - Drama,I Never Sang For My Father,Melvyn Douglas,FALSE,,
1970,1971,28,Foreign Film - Foreign Language,Investigation of a Citizen Above Suspicion,Elio Petri,FALSE,,Italy
1970,1971,28,New Star Of The Year - Actress,Jenny,Marlo Thomas,FALSE,,
1970,1971,28,Best Performance by an Actor in a Supporting Role in any Motion Picture,Little Big Man,Chief Dan George,FALSE,,
1970,1971,28,Best Original Song - Motion Picture,Little Fauss and Big Halsey,Carl Perkins,FALSE,Ballad of Little Fauss,
1970,1971,28,Best Original Song - Motion Picture,Little Fauss and Big Halsey,Johnny Cash,FALSE,Ballad of Little Fauss,
1970,1971,28,Best Director - Motion Picture,Love Story,Arthur Hiller,TRUE,,
1970,1971,28,Best Motion Picture - Drama,Love Story,,TRUE,,
1970,1971,28,Best Original Score - Motion Picture,Love Story,Francis Lai,TRUE,,
1970,1971,28,Best Performance by an Actor in a Motion Picture - Drama,Love Story,Ryan O'Neal,FALSE,,
1970,1971,28,Best Performance by an Actor in a Supporting Role in any Motion Picture,Love Story,John Marley,FALSE,,
1970,1971,28,Best Performance by an Actress in a Motion Picture - Drama,Love Story,Ali MacGraw,TRUE,,
1970,1971,28,Best Screenplay - Motion Picture,Love Story,Erich Segal,TRUE,,
1970,1971,28,Best Motion Picture - Musical or Comedy,Lovers and Other Strangers,,FALSE,,
1970,1971,28,Best Director - Motion Picture,M*A*S*H,Robert Altman,FALSE,,
1970,1971,28,Best Motion Picture - Musical or Comedy,M*A*S*H,,TRUE,,
1970,1971,28,Best Performance by an Actor in a Motion Picture - Musical or Comedy,M*A*S*H,Donald Sutherland,FALSE,,
1970,1971,28,Best Performance by an Actor in a Motion Picture - Musical or Comedy,M*A*S*H,Elliott Gould,FALSE,,
1970,1971,28,Best Performance by an Actress in a Supporting Role in any Motion Picture,M*A*S*H,Sally Kellerman,FALSE,,
1970,1971,28,Best Screenplay - Motion Picture,M*A*S*H,Ring Lardner Jr.,FALSE,,
1970,1971,28,Best Original Song - Motion Picture,Madron,Riz Ortolani,FALSE,Till Love Touches Your Life,
1970,1971,28,Best Original Song - Motion Picture,Madron,Arthur Hamilton,FALSE,Till Love Touches Your Life,
1970,1971,28,Best Performance by an Actor in a Television Series - Musical or Comedy,Make Room For Granddaddy,Danny Thomas,FALSE,,
1970,1971,28,Actress In A Supporting Role - Television Series,Mannix,Gail Fisher,TRUE,,
1970,1971,28,Best Performance by an Actor In A Television Series - Drama,Mannix,Mike Connors,FALSE,,
1970,1971,28,Actor In A Supporting Role - Television Series,"Marcus Welby, M.D.",James Brolin,TRUE,,
1970,1971,28,Best Performance by an Actor In A Television Series - Drama,"Marcus Welby, M.D.",Robert Young,FALSE,,
1970,1971,28,Best Television Series - Drama,"Marcus Welby, M.D.",,FALSE,,
1970,1971,28,Best Performance by an Actor In A Television Series - Drama,Medical Center,Chad Everett,FALSE,,
1970,1971,28,Best Television Series - Drama,Medical Center,,TRUE,,
1970,1971,28,Actress In A Supporting Role - Television Series,Mission: Impossible,Lesley Warren,FALSE,,
1970,1971,28,Best Performance by an Actor In A Television Series - Drama,Mission: Impossible,Peter Graves,TRUE,,
1970,1971,28,Best Performance by an Actress in a Television Series - Musical or Comedy,Nanny and The Professor,Juliet Mills,FALSE,,
1970,1971,28,New Star Of The Year - Actor,Norwood,Joe Namath,FALSE,,
1970,1971,28,Best Director - Motion Picture,Patton,Franklin J. Schaffner,FALSE,,
1970,1971,28,Best Motion Picture - Drama,Patton,,FALSE,,
1970,1971,28,Best Performance by an Actor in a Motion Picture - Drama,Patton,George C. Scott,TRUE,,
1970,1971,28,Best Original Song - Motion Picture,Pieces of Dreams,Michel Legrand,FALSE,Pieces of Dreams,
1970,1971,28,Best Original Song - Motion Picture,Pieces of Dreams,Alan Bergman,FALSE,Pieces of Dreams,
1970,1971,28,Best Original Song - Motion Picture,Pieces of Dreams,Marilyn Bergman,FALSE,Pieces of Dreams,
1970,1971,28,Best Performance by an Actress in a Motion Picture - Drama,Promise at Dawn,Melina Mercouri,FALSE,,
1970,1971,28,New Star Of The Year - Actor,Promise at Dawn,Assaf Dayan,FALSE,,
1970,1971,28,New Star Of The Year - Actress,"Pussycat, Pussycat, I Love You",Anna Calder Marshall,FALSE,,
1970,1971,28,Best Performance by an Actress in a Motion Picture - Drama,Puzzle of a Downfall Child,Faye Dunaway,FALSE,,
1970,1971,28,Foreign Film - Foreign Language,Rider on the Rain,René Clément,TRUE,,France
1970,1971,28,Actor In A Supporting Role - Television Series,Room 222,Michael Constantine,FALSE,,
1970,1971,28,Actress In A Supporting Role - Television Series,Room 222,Karen Valentine,FALSE,,
1970,1971,28,Best Performance by an Actress In A Television Series - Drama,Room 222,Denise Nicholas,FALSE,,
1970,1971,28,Actor In A Supporting Role - Television Series,Rowan & Martin's Laugh-In,Henry Gibson,FALSE,,
1970,1971,28,Best Performance by an Actor in a Supporting Role in any Motion Picture,Ryan's Daughter,John Mills,TRUE,,
1970,1971,28,Best Performance by an Actor in a Supporting Role in any Motion Picture,Ryan's Daughter,Trevor Howard,FALSE,,
1970,1971,28,Best Performance by an Actress in a Motion Picture - Drama,Ryan's Daughter,Sarah Miles,FALSE,,
1970,1971,28,Best Motion Picture - Musical or Comedy,Scrooge,,FALSE,,
1970,1971,28,Best Original Score - Motion Picture,Scrooge,Leslie Bricusse,FALSE,,
1970,1971,28,Best Original Song - Motion Picture,Scrooge,Leslie Bricusse,FALSE,Thank You Very Much,
1970,1971,28,Best Performance by an Actor in a Motion Picture - Musical or Comedy,Scrooge,Albert Finney,TRUE,,
1970,1971,28,Best Screenplay - Motion Picture,Scrooge,Leslie Bricusse,FALSE,,
1970,1971,28,Actress In A Leading Role - Musical Or Comedy,Something for Everyone,Angela Lansbury,FALSE,,
1970,1971,28,Best Television Series - Drama,The Bold Ones: The Senator,,FALSE,,
1970,1971,28,New Star Of The Year - Actor,The Boys in the Band,Kenneth Nelson,FALSE,,
1970,1971,28,Best Television Series - Musical or Comedy,The Carol Burnett Show,,TRUE,,
1970,1971,28,Foreign Film - Foreign Language,The Confession,Constantin Costa-Gavras,FALSE,,France
1970,1971,28,Actress In A Supporting Role - Television Series,The Courtship Of Eddie's Father,Miyoshi Umeki,FALSE,,
1970,1971,28,Best Television Series - Musical or Comedy,The Courtship Of Eddie's Father,,FALSE,,
1970,1971,28,Foreign Film - Foreign Language,The Customer of the Off Season,Moshé Mizrahi,FALSE,,Israel
1970,1971,28,Best Performance by an Actor in a Television Series - Musical or Comedy,The David Frost Show,David Frost,FALSE,,
1970,1971,28,Best Performance by an Actor in a Television Series - Musical or Comedy,The Flip Wilson Show,Flip Wilson,TRUE,,
1970,1971,28,Best Television Series - Musical or Comedy,The Glen Campbell Goodtime Hour,,FALSE,,
1970,1971,28,Best Performance by an Actor in a Motion Picture - Drama,The Great White Hope,James Earl Jones,FALSE,,
1970,1971,28,New Star Of The Year - Actor,The Great White Hope,James Earl Jones,TRUE,,
1970,1971,28,New Star Of The Year - Actress,The Great White Hope,Jane Alexander,FALSE,,
1970,1971,28,Best Performance by an Actress in a Supporting Role in any Motion Picture,The Hawaiians,Tina Chen,FALSE,,
1970,1971,28,Best Performance by an Actress in a Supporting Role in any Motion Picture,The Landlord,Lee Grant,FALSE,,
1970,1971,28,New Star Of The Year - Actress,The Liberation of L. B. Jones,Lola Falana,FALSE,,
1970,1971,28,Best Performance by an Actress in a Television Series - Musical or Comedy,The Mary Tyler Moore Show,Mary Tyler Moore,TRUE,,
1970,1971,28,Best Performance by an Actor in a Television Series - Musical or Comedy,The Merv Griffin Show,Merv Griffin,FALSE,,
1970,1971,28,Actor In A Supporting Role - Television Series,The Mod Squad,Tige Andrews,FALSE,,
1970,1971,28,Best Performance by an Actress In A Television Series - Drama,The Mod Squad,Peggy Lipton,TRUE,,
1970,1971,28,Best Television Series - Drama,The Mod Squad,,FALSE,,
1970,1971,28,Best Performance by an Actress In A Television Series - Drama,The Most Deadly Game,Yvette Mimieux,FALSE,,
1970,1971,28,Actress In A Leading Role - Musical Or Comedy,The Out-of-Towners,Sandy Dennis,FALSE,,
1970,1971,28,Best Performance by an Actor in a Motion Picture - Musical or Comedy,The Out-of-Towners,Jack Lemmon,FALSE,,
1970,1971,28,Actress In A Leading Role - Musical Or Comedy,The Owl and The Pussycat,Barbra Streisand,FALSE,,
1970,1971,28,Best Performance by an Actress in a Television Series - Musical or Comedy,The Partridge Family,Shirley Jones,FALSE,,
1970,1971,28,Best Television Series - Musical or Comedy,The Partridge Family,,FALSE,,
1970,1971,28,Foreign Film - English Language,The Virgin and the Gypsy,Christopher Miles,FALSE,,United Kingdom
1970,1971,28,Foreign Film - English Language,The Walking Major,Keith Larsen,FALSE,,"Japan,Japan,Japan"
1970,1971,28,Foreign Film - English Language,The Walking Major,Koji Senno,FALSE,,"Japan,Japan,Japan"
1970,1971,28,Foreign Film - English Language,The Walking Major,Nobuaki Shirai,FALSE,,"Japan,Japan,Japan"
1970,1971,28,Actor In A Supporting Role - Television Series,The Young Lawyers,Zalman King,FALSE,,
1970,1971,28,Best Television Series - Drama,The Young Lawyers,,FALSE,,
1970,1971,28,Best Director - Motion Picture,Women In Love,Ken Russell,FALSE,,
1970,1971,28,Best Performance by an Actress in a Motion Picture - Drama,Women In Love,Glenda Jackson,FALSE,,
1970,1971,28,Foreign Film - English Language,Women In Love,Ken Russell,TRUE,,United Kingdom
1970,1971,28,Best Original Score - Motion Picture,Wuthering Heights,Michel Legrand,FALSE,,
1970,1971,28,Cecil B. deMille Award,,Frank Sinatra,FALSE,,
1970,1971,28,Henrietta Award (World Film Favorites),,Barbra Streisand,TRUE,,
1970,1971,28,Henrietta Award (World Film Favorites),,Clint Eastwood,TRUE,,
1971,1972,29,Best Performance by an Actor in a Motion Picture - Musical or Comedy,"$1,000,000 Duck",Dean Jones,FALSE,,
1971,1972,29,New Star Of The Year - Actress,"$1,000,000 Duck",Sandy Duncan,FALSE,,
1971,1972,29,Best Director - Motion Picture,A Clockwork Orange,Stanley Kubrick,FALSE,,
1971,1972,29,Best Motion Picture - Drama,A Clockwork Orange,,FALSE,,
1971,1972,29,Best Performance by an Actor in a Motion Picture - Drama,A Clockwork Orange,Malcolm McDowell,FALSE,,
1971,1972,29,Actress In A Leading Role - Musical Or Comedy,A New Leaf,Elaine May,FALSE,,
1971,1972,29,Best Motion Picture - Musical or Comedy,A New Leaf,,FALSE,,
1971,1972,29,Actor In A Leading Role - Musical Or Comedy Series Or Television Movie,All In The Family,Carroll O'Connor,TRUE,,
1971,1972,29,Actor In A Supporting Role - Series Or Television Movie,All In The Family,Rob Reiner,FALSE,,
1971,1972,29,Actress In A Leading Role - Musical Or Comedy Series Or Television Movie,All In The Family,Jean Stapleton,FALSE,,
1971,1972,29,Actress In A Supporting Role - Series Or Television Movie,All In The Family,Sally Struthers,FALSE,,
1971,1972,29,Best Television Series - Musical or Comedy,All In The Family,,TRUE,,
1971,1972,29,Actor In A Leading Role - Musical Or Comedy Series Or Television Movie,Arnie,Herschel Bernardi,FALSE,,
1971,1972,29,Actress In A Supporting Role - Series Or Television Movie,Arnie,Sue Ane Langdon,TRUE,,
1971,1972,29,Actress In A Leading Role - Musical Or Comedy,Bedknobs and Broomsticks,Angela Lansbury,FALSE,,
1971,1972,29,New Star Of The Year - Actress,Billy Jack,Delores Taylor,FALSE,,
1971,1972,29,Television Movie,Brian's Song,,FALSE,,
1971,1972,29,Actor In A Leading Role - Drama Series Or Television Movie,Cannon,William Conrad,FALSE,,
1971,1972,29,Best Performance by an Actor in a Motion Picture - Drama,Carnal Knowledge,Jack Nicholson,FALSE,,
1971,1972,29,Best Performance by an Actor in a Supporting Role in any Motion Picture,Carnal Knowledge,Art Garfunkel,FALSE,,
1971,1972,29,Best Performance by an Actress in a Supporting Role in any Motion Picture,Carnal Knowledge,Ann-Margret,TRUE,,
1971,1972,29,Foreign Film - Foreign Language,Claire's Knee,Éric Rohmer,FALSE,,France
1971,1972,29,Actor In A Leading Role - Drama Series Or Television Movie,Columbo,Peter Falk,FALSE,,
1971,1972,29,Television Movie,Duel,,FALSE,,
1971,1972,29,Best Director - Motion Picture,Fiddler on the Roof,Norman Jewison,FALSE,,
1971,1972,29,Best Motion Picture - Musical or Comedy,Fiddler on the Roof,,TRUE,,
1971,1972,29,Best Performance by an Actor in a Motion Picture - Musical or Comedy,Fiddler on the Roof,Topol,TRUE,,
1971,1972,29,Best Performance by an Actor in a Supporting Role in any Motion Picture,Fiddler on the Roof,Paul Mann,FALSE,,
1971,1972,29,Foreign Film - English Language,Friends,Lewis Gilbert,FALSE,,United Kingdom
1971,1972,29,Best Performance by an Actor in a Supporting Role in any Motion Picture,Going Home,Jan-Michael Vincent,FALSE,,
1971,1972,29,Actor In A Supporting Role - Series Or Television Movie,Gunsmoke,Milburn Stone,FALSE,,
1971,1972,29,Actress In A Supporting Role - Series Or Television Movie,Gunsmoke,Amanda Blake,FALSE,,
1971,1972,29,Actress In A Leading Role - Musical Or Comedy,Harold and Maude,Ruth Gordon,FALSE,,
1971,1972,29,Best Performance by an Actor in a Motion Picture - Musical or Comedy,Harold and Maude,Bud Cort,FALSE,,
1971,1972,29,Actress In A Leading Role - Musical Or Comedy Series Or Television Movie,Here's Lucy,Lucille Ball,FALSE,,
1971,1972,29,Best Original Song - Motion Picture,Honky,Quincy Jones,FALSE,Something More,
1971,1972,29,Actor In A Leading Role - Drama Series Or Television Movie,Ironside,Raymond Burr,FALSE,,
1971,1972,29,New Star Of The Year - Actor,Johnny Got His Gun,Timothy Bottoms,FALSE,,
1971,1972,29,Best Performance by an Actress in a Motion Picture - Drama,Klute,Jane Fonda,TRUE,,
1971,1972,29,Best Screenplay - Motion Picture,Klute,Andy Lewis,FALSE,,
1971,1972,29,Best Motion Picture - Musical or Comedy,Kotch,,FALSE,,
1971,1972,29,Best Original Song - Motion Picture,Kotch,Marvin Hamlisch,TRUE,Life Is What You Make It,
1971,1972,29,Best Original Song - Motion Picture,Kotch,Johnny Mercer,TRUE,Life Is What You Make It,
1971,1972,29,Best Performance by an Actor in a Motion Picture - Musical or Comedy,Kotch,Walter Matthau,FALSE,,
1971,1972,29,Best Screenplay - Motion Picture,Kotch,John Paxton,FALSE,,
1971,1972,29,Best Original Score - Motion Picture,Le Mans,Michel Legrand,FALSE,,
1971,1972,29,Best Original Song - Motion Picture,Long Ago Tomorrow,Burt Bacharach,FALSE,Long Ago Tomorrow,
1971,1972,29,Best Original Song - Motion Picture,Long Ago Tomorrow,Hal David,FALSE,Long Ago Tomorrow,
1971,1972,29,Foreign Film - English Language,Long Ago Tomorrow,Bryan Forbes,FALSE,,United Kingdom
1971,1972,29,Actor In A Leading Role - Drama Series Or Television Movie,Mannix,Mike Connors,FALSE,,
1971,1972,29,Actress In A Supporting Role - Series Or Television Movie,Mannix,Gail Fisher,FALSE,,
1971,1972,29,Best Television Series - Drama,Mannix,,TRUE,,
1971,1972,29,Actor In A Leading Role - Drama Series Or Television Movie,"Marcus Welby, M.D.",Robert Young,TRUE,,
1971,1972,29,Actor In A Supporting Role - Series Or Television Movie,"Marcus Welby, M.D.",James Brolin,FALSE,,
1971,1972,29,Best Television Series - Drama,"Marcus Welby, M.D.",,FALSE,,
1971,1972,29,Best Motion Picture - Drama,"Mary, Queen of Scots",,FALSE,,
1971,1972,29,Best Original Score - Motion Picture,"Mary, Queen of Scots",John Barry,FALSE,,
1971,1972,29,Best Performance by an Actress in a Motion Picture - Drama,"Mary, Queen of Scots",Glenda Jackson,FALSE,,
1971,1972,29,Best Performance by an Actress in a Motion Picture - Drama,"Mary, Queen of Scots",Vanessa Redgrave,FALSE,,
1971,1972,29,Best Screenplay - Motion Picture,"Mary, Queen of Scots",John Hale,FALSE,,
1971,1972,29,Actress In A Leading Role - Drama Series Or Television Movie,McMillan and Wife,Susan St. James,FALSE,,
1971,1972,29,Best Television Series - Drama,Medical Center,,FALSE,,
1971,1972,29,Actress In A Leading Role - Drama Series Or Television Movie,Mission: Impossible,Lynda Day George,FALSE,,
1971,1972,29,Best Performance by an Actor in a Supporting Role in any Motion Picture,Nicholas and Alexandra,Tom Baker,FALSE,,
1971,1972,29,New Star Of The Year - Actor,Nicholas and Alexandra,Tom Baker,FALSE,,
1971,1972,29,New Star Of The Year - Actress,Nicholas and Alexandra,Janet Suzman,FALSE,,
1971,1972,29,Best Television Series - Drama,"O'Hara, U. S. Treasury",,FALSE,,
1971,1972,29,Best Performance by an Actress in a Motion Picture - Drama,Play Misty for Me,Jessica Walter,FALSE,,
1971,1972,29,Best Motion Picture - Musical or Comedy,Plaza Suite,,FALSE,,
1971,1972,29,Best Performance by an Actress in a Supporting Role in any Motion Picture,Plaza Suite,Maureen Stapleton,FALSE,,
1971,1972,29,New Star Of The Year - Actor,Red Sky at Morning,Desi Arnaz Jr.,TRUE,,
1971,1972,29,Actress In A Leading Role - Drama Series Or Television Movie,Room 222,Denise Nicholas,FALSE,,
1971,1972,29,Actress In A Supporting Role - Series Or Television Movie,Rowan & Martin's Laugh-In,Lily Tomlin,FALSE,,
1971,1972,29,Best Original Score - Motion Picture,Shaft,Isaac Hayes,TRUE,,
1971,1972,29,Best Original Song - Motion Picture,Shaft,Isaac Hayes,FALSE,Theme From Shaft,
1971,1972,29,New Star Of The Year - Actor,Shaft,Richard Roundtree,FALSE,,
1971,1972,29,Actress In A Leading Role - Musical Or Comedy,Star Spangled Girl,Sandy Duncan,FALSE,,
1971,1972,29,Best Performance by an Actress in a Motion Picture - Drama,Such Good Friends,Dyan Cannon,FALSE,,
1971,1972,29,Best Director - Motion Picture,Summer of '42,Robert Mulligan,FALSE,,
1971,1972,29,Best Motion Picture - Drama,Summer of '42,,FALSE,,
1971,1972,29,Best Original Score - Motion Picture,Summer of '42,Michel Legrand,FALSE,,
1971,1972,29,New Star Of The Year - Actor,Summer of '42,Gary Grimes,FALSE,,
1971,1972,29,Best Performance by an Actor in a Motion Picture - Drama,Sunday Bloody Sunday,Peter Finch,FALSE,,
1971,1972,29,Foreign Film - English Language,Sunday Bloody Sunday,John Schlesinger,TRUE,,United Kingdom
1971,1972,29,Foreign Film - Foreign Language,Tchaikovsky,United Soviet Socialist Republics,FALSE,,
1971,1972,29,Foreign Film - Foreign Language,Tchaikovsky,Igor Talankin,FALSE,,
1971,1972,29,Best Original Song - Motion Picture,The African Elephant,Laurence Rosenthal,FALSE,Rain Falls Anywhere It Wants To,
1971,1972,29,Best Original Song - Motion Picture,The African Elephant,Alan Bergman,FALSE,Rain Falls Anywhere It Wants To,
1971,1972,29,Best Original Song - Motion Picture,The African Elephant,Marilyn Bergman,FALSE,Rain Falls Anywhere It Wants To,
1971,1972,29,Foreign Film - English Language,The African Elephant,Simon Trevor,FALSE,,United Kingdom
1971,1972,29,Best Original Score - Motion Picture,The Andromeda Strain,Gil Melle,FALSE,,
1971,1972,29,Actress In A Leading Role - Musical Or Comedy,The Boy Friend,Twiggy,TRUE,,
1971,1972,29,Best Motion Picture - Musical or Comedy,The Boy Friend,,FALSE,,
1971,1972,29,New Star Of The Year - Actress,The Boy Friend,Twiggy,TRUE,,
1971,1972,29,Actor In A Supporting Role - Series Or Television Movie,The Carol Burnett Show,Harvey Korman,FALSE,,
1971,1972,29,Actress In A Leading Role - Musical Or Comedy Series Or Television Movie,The Carol Burnett Show,Carol Burnett,TRUE,,
1971,1972,29,Best Television Series - Musical or Comedy,The Carol Burnett Show,,FALSE,,
1971,1972,29,Foreign Film - Foreign Language,The Conformist,Bernardo Bertolucci,FALSE,,Italy
1971,1972,29,Actor In A Leading Role - Musical Or Comedy Series Or Television Movie,The Flip Wilson Show,Flip Wilson,FALSE,,
1971,1972,29,Best Television Series - Musical or Comedy,The Flip Wilson Show,,FALSE,,
1971,1972,29,Best Director - Motion Picture,The French Connection,William Friedkin,TRUE,,
1971,1972,29,Best Motion Picture - Drama,The French Connection,,TRUE,,
1971,1972,29,Best Performance by an Actor in a Motion Picture - Drama,The French Connection,Gene Hackman,TRUE,,
1971,1972,29,Best Screenplay - Motion Picture,The French Connection,Ernest Tidyman,FALSE,,
1971,1972,29,Foreign Film - English Language,The Go-Between,Joseph Losey,FALSE,,United Kingdom
1971,1972,29,Actress In A Leading Role - Drama Series Or Television Movie,The Homecoming,Patricia Neal,TRUE,,
1971,1972,29,Television Movie,The Homecoming,,FALSE,,
1971,1972,29,Best Performance by an Actor in a Motion Picture - Drama,The Hospital,George C. Scott,FALSE,,
1971,1972,29,Best Performance by an Actress in a Supporting Role in any Motion Picture,The Hospital,Diana Rigg,FALSE,,
1971,1972,29,Best Screenplay - Motion Picture,The Hospital,Paddy Chayefsky,TRUE,,
1971,1972,29,Television Movie,The Last Child,,FALSE,,
1971,1972,29,Best Director - Motion Picture,The Last Picture Show,Peter Bogdanovich,FALSE,,
1971,1972,29,Best Motion Picture - Drama,The Last Picture Show,,FALSE,,
1971,1972,29,Best Performance by an Actor in a Supporting Role in any Motion Picture,The Last Picture Show,Ben Johnson,TRUE,,
1971,1972,29,Best Performance by an Actress in a Supporting Role in any Motion Picture,The Last Picture Show,Cloris Leachman,FALSE,,
1971,1972,29,Best Performance by an Actress in a Supporting Role in any Motion Picture,The Last Picture Show,Ellen Burstyn,FALSE,,
1971,1972,29,New Star Of The Year - Actress,The Last Picture Show,Cybill Shepherd,FALSE,,
1971,1972,29,Actor In A Supporting Role - Series Or Television Movie,The Mary Tyler Moore Show,Ed Asner,TRUE,,
1971,1972,29,Actress In A Leading Role - Musical Or Comedy Series Or Television Movie,The Mary Tyler Moore Show,Mary Tyler Moore,FALSE,,
1971,1972,29,Best Television Series - Musical or Comedy,The Mary Tyler Moore Show,,FALSE,,
1971,1972,29,Actress In A Leading Role - Drama Series Or Television Movie,The Mod Squad,Peggy Lipton,FALSE,,
1971,1972,29,Best Television Series - Drama,The Mod Squad,,FALSE,,
1971,1972,29,Actor In A Leading Role - Musical Or Comedy Series Or Television Movie,The New Dick Van Dyke Show,Dick Van Dyke,FALSE,,
1971,1972,29,Actor In A Leading Role - Musical Or Comedy Series Or Television Movie,The Odd Couple,Jack Klugman,FALSE,,
1971,1972,29,Actress In A Leading Role - Musical Or Comedy Series Or Television Movie,The Partridge Family,Shirley Jones,FALSE,,
1971,1972,29,Best Television Series - Musical or Comedy,The Partridge Family,,FALSE,,
1971,1972,29,Foreign Film - Foreign Language,The Policeman,Ephraim Kishon,TRUE,,Israel
1971,1972,29,Foreign Film - English Language,The Red Tent,Mikhail Kalatozov,FALSE,,Italy
1971,1972,29,New Star Of The Year - Actor,The Seven Minutes,John Sarno,FALSE,,
1971,1972,29,Television Movie,The Snow Goose,,TRUE,,
1971,1972,29,Foreign Film - Foreign Language,To Die of Love,André Cayatte,FALSE,,France
1971,1972,29,Best Performance by an Actor in a Motion Picture - Musical or Comedy,Willy Wonka & The Chocolate Factory,Gene Wilder,FALSE,,
1971,1972,29,Cecil B. deMille Award,,Alfred Hitchcock,FALSE,,
1971,1972,29,Henrietta Award (World Film Favorites),,Ali MacGraw,TRUE,,
1971,1972,29,Henrietta Award (World Film Favorites),,Charles Bronson,TRUE,,
1971,1972,29,Henrietta Award (World Film Favorites),,Sean Connery,TRUE,,
1972,1973,30,Best Motion Picture - Musical or Comedy,1776,,FALSE,,
1972,1973,30,Television Special - Variety Or Musical,1972 Summer Olympics,,FALSE,,
1972,1973,30,Television Movie,A War of Children,,FALSE,,
1972,1973,30,"Best Performance by an Actor in a Supporting Role in a Series, Limited Series or Motion Picture Made for Television",All In The Family,Rob Reiner,FALSE,,
1972,1973,30,Best Performance by an Actor in a Television Series - Musical or Comedy,All In The Family,Carroll O'Connor,FALSE,,
1972,1973,30,"Best Performance by an Actress in a Supporting Role in a Series, Limited Series or Motion Picture Made for Television",All In The Family,Sally Struthers,FALSE,,
1972,1973,30,Best Performance by an Actress in a Television Series - Musical or Comedy,All In The Family,Jean Stapleton,TRUE,,
1972,1973,30,Best Television Series - Musical or Comedy,All In The Family,,TRUE,,
1972,1973,30,Best Television Series - Drama,America,,FALSE,,
1972,1973,30,Best Director - Motion Picture,Avanti!,Billy Wilder,FALSE,,
1972,1973,30,Best Motion Picture - Musical or Comedy,Avanti!,,FALSE,,
1972,1973,30,Best Performance by an Actor in a Motion Picture - Musical or Comedy,Avanti!,Jack Lemmon,TRUE,,
1972,1973,30,Best Performance by an Actor in a Supporting Role in any Motion Picture,Avanti!,Clive Revill,FALSE,,
1972,1973,30,Best Performance by an Actress in a Motion Picture - Musical or Comedy,Avanti!,Juliet Mills,FALSE,,
1972,1973,30,Best Screenplay - Motion Picture,Avanti!,I. A. L. Diamond,FALSE,,
1972,1973,30,Best Original Song - Motion Picture,Ben,Don Black,TRUE,Ben,
1972,1973,30,Best Original Song - Motion Picture,Ben,Walter Scharf,TRUE,Ben,
1972,1973,30,"Best Performance by an Actress in a Supporting Role in a Series, Limited Series or Motion Picture Made for Television",Bridget Loves Bernie,Audra Lindley,FALSE,,
1972,1973,30,Best Motion Picture - Musical or Comedy,Butterflies Are Free,,FALSE,,
1972,1973,30,Best Original Song - Motion Picture,Butterflies Are Free,Bob Alcivar,FALSE,Carry Me,
1972,1973,30,Best Original Song - Motion Picture,Butterflies Are Free,Randy McNeill,FALSE,Carry Me,
1972,1973,30,Best Performance by an Actor in a Motion Picture - Musical or Comedy,Butterflies Are Free,Edward Albert,FALSE,,
1972,1973,30,Best Performance by an Actress in a Motion Picture - Musical or Comedy,Butterflies Are Free,Goldie Hawn,FALSE,,
1972,1973,30,New Star Of The Year - Actor,Butterflies Are Free,Edward Albert,TRUE,,
1972,1973,30,Best Director - Motion Picture,Cabaret,Bob Fosse,FALSE,,
1972,1973,30,Best Motion Picture - Musical or Comedy,Cabaret,,TRUE,,
1972,1973,30,Best Original Song - Motion Picture,Cabaret,John Kander,FALSE,Mein Herr,
1972,1973,30,Best Original Song - Motion Picture,Cabaret,Fred Ebb,FALSE,Mein Herr,
1972,1973,30,Best Original Song - Motion Picture,Cabaret,John Kander,FALSE,Money,
1972,1973,30,Best Original Song - Motion Picture,Cabaret,Fred Ebb,FALSE,Money,
1972,1973,30,Best Performance by an Actor in a Supporting Role in any Motion Picture,Cabaret,Joel Grey,TRUE,,
1972,1973,30,Best Performance by an Actress in a Motion Picture - Musical or Comedy,Cabaret,Liza Minnelli,TRUE,,
1972,1973,30,Best Performance by an Actress in a Supporting Role in any Motion Picture,Cabaret,Marisa Berenson,FALSE,,
1972,1973,30,Best Screenplay - Motion Picture,Cabaret,Jay Presson Allen,FALSE,,
1972,1973,30,New Star Of The Year - Actress,Cabaret,Marisa Berenson,FALSE,,
1972,1973,30,Best Performance by an Actor In A Television Series - Drama,Cannon,William Conrad,FALSE,,
1972,1973,30,Best Performance by an Actor In A Television Series - Drama,Columbo,Peter Falk,TRUE,,
1972,1973,30,Best Television Series - Drama,Columbo,,TRUE,,
1972,1973,30,Television Special - Variety Or Musical,Cousteau: The Forgotten Mermaids,,FALSE,,
1972,1973,30,Foreign Film - Foreign Language,Cries and Whispers,Ingmar Bergman,FALSE,,Sweden
1972,1973,30,Best Director - Motion Picture,Deliverance,John Boorman,FALSE,,
1972,1973,30,Best Motion Picture - Drama,Deliverance,,FALSE,,
1972,1973,30,Best Original Song - Motion Picture,Deliverance,Arthur Smith,FALSE,Dueling Banjos,
1972,1973,30,Best Original Song - Motion Picture,Deliverance,Eric Weissberg,FALSE,Dueling Banjos,
1972,1973,30,Best Performance by an Actor in a Motion Picture - Drama,Deliverance,Jon Voight,FALSE,,
1972,1973,30,Best Screenplay - Motion Picture,Deliverance,James Dickey,FALSE,,
1972,1973,30,Television Movie,Footsteps,,FALSE,,
1972,1973,30,Best Director - Motion Picture,Frenzy,Alfred Hitchcock,FALSE,,
1972,1973,30,Best Motion Picture - Drama,Frenzy,,FALSE,,
1972,1973,30,Best Original Score - Motion Picture,Frenzy,Ron Goodwin,FALSE,,
1972,1973,30,Best Screenplay - Motion Picture,Frenzy,Anthony Shaffer,FALSE,,
1972,1973,30,Foreign Film - English Language,Images,Robert Altman,FALSE,,United Kingdom
1972,1973,30,Best Performance by an Actress in a Supporting Role in any Motion Picture,Kansas City Bomber,Helena Kallianiotes,FALSE,,
1972,1973,30,Television Movie,Kung Fu,,FALSE,,
1972,1973,30,Best Original Score - Motion Picture,Lady Sings the Blues,Michel Legrand,FALSE,,
1972,1973,30,Best Performance by an Actress in a Motion Picture - Drama,Lady Sings the Blues,Diana Ross,FALSE,,
1972,1973,30,New Star Of The Year - Actress,Lady Sings the Blues,Diana Ross,TRUE,,
1972,1973,30,Foreign Film - English Language,Living Free,Jack Couffer,FALSE,,United Kingdom
1972,1973,30,Television Special - Variety Or Musical,Look Homeward Angel,,FALSE,,
1972,1973,30,Best Performance by an Actor in a Television Series - Musical or Comedy,M*A*S*H,Alan Alda,FALSE,,
1972,1973,30,Best Television Series - Musical or Comedy,M*A*S*H,,FALSE,,
1972,1973,30,Best Performance by an Actor in a Motion Picture - Musical or Comedy,Man of La Mancha,Peter O'Toole,FALSE,,
1972,1973,30,Best Performance by an Actor in a Supporting Role in any Motion Picture,Man of La Mancha,James Coco,FALSE,,
1972,1973,30,Best Performance by an Actor In A Television Series - Drama,Mannix,Mike Connors,FALSE,,
1972,1973,30,Best Performance by an Actress In A Television Series - Drama,Mannix,Gail Fisher,TRUE,,
1972,1973,30,Best Television Series - Drama,Mannix,,FALSE,,
1972,1973,30,"Best Performance by an Actor in a Supporting Role in a Series, Limited Series or Motion Picture Made for Television","Marcus Welby, M.D.",James Brolin,TRUE,,
1972,1973,30,Best Performance by an Actor In A Television Series - Drama,"Marcus Welby, M.D.",Robert Young,FALSE,,
1972,1973,30,"Best Performance by an Actress in a Supporting Role in a Series, Limited Series or Motion Picture Made for Television","Marcus Welby, M.D.",Elena Verdugo,FALSE,,
1972,1973,30,Best Performance by an Actress in a Television Series - Musical or Comedy,Maude,Beatrice Arthur,FALSE,,
1972,1973,30,Best Television Series - Musical or Comedy,Maude,,FALSE,,
1972,1973,30,Best Performance by an Actress In A Television Series - Drama,McMillan and Wife,Susan St. James,FALSE,,
1972,1973,30,Best Performance by an Actor In A Television Series - Drama,Medical Center,Chad Everett,FALSE,,
1972,1973,30,Best Television Series - Drama,Medical Center,,FALSE,,
1972,1973,30,Foreign Film - Foreign Language,Mirage,Armando Robles Godoy,FALSE,,Peru
1972,1973,30,Best Original Song - Motion Picture,Molly and Lawless John,Johnny Mandel,FALSE,Take Me Home,
1972,1973,30,Best Original Song - Motion Picture,Molly and Lawless John,Alan Bergman,FALSE,Take Me Home,
1972,1973,30,Best Original Song - Motion Picture,Molly and Lawless John,Marilyn Bergman,FALSE,Take Me Home,
1972,1973,30,Best Performance by an Actress in a Motion Picture - Drama,One Is a Lonely Number,Trish Van Devere,FALSE,,
1972,1973,30,Best Performance by an Actor in a Motion Picture - Musical or Comedy,Pete 'n' Tillie,Walter Matthau,FALSE,,
1972,1973,30,Best Performance by an Actress in a Motion Picture - Musical or Comedy,Pete 'n' Tillie,Carol Burnett,FALSE,,
1972,1973,30,Best Performance by an Actress in a Supporting Role in any Motion Picture,Pete 'n' Tillie,Geraldine Page,FALSE,,
1972,1973,30,Best Performance by an Actress in a Motion Picture - Drama,Play It as It Lays,Tuesday Weld,FALSE,,
1972,1973,30,Foreign Film - Foreign Language,Roma,Federico Fellini,FALSE,,Italy
1972,1973,30,"Best Performance by an Actress in a Supporting Role in a Series, Limited Series or Motion Picture Made for Television",Rowan & Martin's Laugh-In,Ruth Buzzi,TRUE,,
1972,1973,30,Best Performance by an Actor in a Television Series - Musical or Comedy,Sanford and Son,Redd Foxx,TRUE,,
1972,1973,30,New Star Of The Year - Actor,Slaughterhouse Five,Michael Sacks,FALSE,,
1972,1973,30,Best Motion Picture - Drama,Sleuth,,FALSE,,
1972,1973,30,Best Performance by an Actor in a Motion Picture - Drama,Sleuth,Laurence Olivier,FALSE,,
1972,1973,30,Best Performance by an Actor in a Motion Picture - Drama,Sleuth,Michael Caine,FALSE,,
1972,1973,30,Best Performance by an Actress in a Motion Picture - Drama,Sounder,Cicely Tyson,FALSE,,
1972,1973,30,New Star Of The Year - Actor,Sounder,Kevin Hooks,FALSE,,
1972,1973,30,Television Movie,That Certain Summer,,TRUE,,
1972,1973,30,Best Performance by an Actor In A Television Series - Drama,The Bold Ones: The New Doctors,David Hartman,FALSE,,
1972,1973,30,"Best Performance by an Actor in a Supporting Role in a Series, Limited Series or Motion Picture Made for Television",The Carol Burnett Show,Harvey Korman,FALSE,,
1972,1973,30,"Best Performance by an Actress in a Supporting Role in a Series, Limited Series or Motion Picture Made for Television",The Carol Burnett Show,Vicki Lawrence,FALSE,,
1972,1973,30,Best Performance by an Actress in a Television Series - Musical or Comedy,The Carol Burnett Show,Carol Burnett,FALSE,,
1972,1973,30,Best Performance by an Actress In A Television Series - Drama,The Delphi Bureau,Anne Jeffreys,FALSE,,
1972,1973,30,Foreign Film - Foreign Language,The Discreet Charm of the Bourgeoisie,Luis Buñuel,FALSE,,France
1972,1973,30,Best Performance by an Actress in a Motion Picture - Drama,The Effect of Gamma Rays on Man-In-The-Moon Marigolds,Joanne Woodward,FALSE,,
1972,1973,30,Best Performance by an Actress in a Motion Picture - Drama,The Emigrants,Liv Ullmann,TRUE,,
1972,1973,30,Foreign Film - Foreign Language,The Emigrants,Jan Troell,TRUE,,Sweden
1972,1973,30,Best Performance by an Actor in a Television Series - Musical or Comedy,The Flip Wilson Show,Flip Wilson,FALSE,,
1972,1973,30,Best Original Score - Motion Picture,The Getaway,Quincy Jones,FALSE,,
1972,1973,30,Television Movie,The Glass House,,FALSE,,
1972,1973,30,Best Director - Motion Picture,The Godfather,Francis Ford Coppola,TRUE,,
1972,1973,30,Best Motion Picture - Drama,The Godfather,,TRUE,,
1972,1973,30,Best Original Score - Motion Picture,The Godfather,Nino Rota,TRUE,,
1972,1973,30,Best Performance by an Actor in a Motion Picture - Drama,The Godfather,Al Pacino,FALSE,,
1972,1973,30,Best Performance by an Actor in a Motion Picture - Drama,The Godfather,Marlon Brando,TRUE,,
1972,1973,30,Best Performance by an Actor in a Supporting Role in any Motion Picture,The Godfather,James Caan,FALSE,,
1972,1973,30,Best Screenplay - Motion Picture,The Godfather,Francis Ford Coppola,TRUE,,
1972,1973,30,New Star Of The Year - Actress,The Great Waltz,Mary Costa,FALSE,,
1972,1973,30,Best Performance by an Actor in a Motion Picture - Musical or Comedy,The Heartbreak Kid,Charles Grodin,FALSE,,
1972,1973,30,Best Performance by an Actress in a Supporting Role in any Motion Picture,The Heartbreak Kid,Jeannie Berlin,FALSE,,
1972,1973,30,Best Screenplay - Motion Picture,The Heartbreak Kid,Neil Simon,FALSE,,
1972,1973,30,Best Performance by an Actress in a Television Series - Musical or Comedy,The Julie Andrews Hour,Julie Andrews,FALSE,,
1972,1973,30,Best Original Song - Motion Picture,The Life and Times of Judge Roy Bean,Molasses and Honey,FALSE,Marmalade,
1972,1973,30,Best Original Song - Motion Picture,The Life and Times of Judge Roy Bean,Maurice Jarre,FALSE,Marmalade,
1972,1973,30,Best Original Song - Motion Picture,The Life and Times of Judge Roy Bean,Alan Bergman,FALSE,Marmalade,
1972,1973,30,Best Original Song - Motion Picture,The Life and Times of Judge Roy Bean,Marilyn Bergman,FALSE,Marmalade,
1972,1973,30,New Star Of The Year - Actress,The Life and Times of Judge Roy Bean,Victoria Principal,FALSE,,
1972,1973,30,Television Special - Variety Or Musical,The Life of Leonardo Da Vinci,,TRUE,,
1972,1973,30,"Best Performance by an Actor in a Supporting Role in a Series, Limited Series or Motion Picture Made for Television",The Mary Tyler Moore Show,Ed Asner,FALSE,,
1972,1973,30,"Best Performance by an Actor in a Supporting Role in a Series, Limited Series or Motion Picture Made for Television",The Mary Tyler Moore Show,Ted Knight,FALSE,,
1972,1973,30,"Best Performance by an Actress in a Supporting Role in a Series, Limited Series or Motion Picture Made for Television",The Mary Tyler Moore Show,Valerie Harper,FALSE,,
1972,1973,30,Best Performance by an Actress in a Television Series - Musical or Comedy,The Mary Tyler Moore Show,Mary Tyler Moore,FALSE,,
1972,1973,30,Best Television Series - Musical or Comedy,The Mary Tyler Moore Show,,FALSE,,
1972,1973,30,Best Performance by an Actress In A Television Series - Drama,The Mod Squad,Peggy Lipton,FALSE,,
1972,1973,30,Best Performance by an Actor in a Television Series - Musical or Comedy,The New Bill Cosby Show,Bill Cosby,FALSE,,
1972,1973,30,Foreign Film - Foreign Language,The New Land,Jan Troell,TRUE,,Sweden
1972,1973,30,"Best Performance by an Actress in a Supporting Role in a Series, Limited Series or Motion Picture Made for Television",The Partridge Family,Susan Dey,FALSE,,
1972,1973,30,Best Performance by an Actor in a Television Series - Musical or Comedy,The Paul Lynde Show,Paul Lynde,FALSE,,
1972,1973,30,Best Motion Picture - Drama,The Poseidon Adventure,,FALSE,,
1972,1973,30,Best Original Score - Motion Picture,The Poseidon Adventure,John Williams,FALSE,,
1972,1973,30,Best Original Song - Motion Picture,The Poseidon Adventure,Al Kasha,FALSE,Song From The Poseidon Adventure (The Morning After),
1972,1973,30,Best Original Song - Motion Picture,The Poseidon Adventure,Joel Hirschhorn,FALSE,Song From The Poseidon Adventure (The Morning After),
1972,1973,30,Best Performance by an Actress in a Supporting Role in any Motion Picture,The Poseidon Adventure,Shelley Winters,TRUE,,
1972,1973,30,Foreign Film - English Language,The Ruling Class,Peter Medak,FALSE,,United Kingdom
1972,1973,30,Television Special - Variety Or Musical,The Search for the Nile,,FALSE,,
1972,1973,30,Best Television Series - Musical or Comedy,The Sonny and Cher Comedy Hour,,FALSE,,
1972,1973,30,Best Performance by an Actress In A Television Series - Drama,The Waltons,Ellen Corby,FALSE,,
1972,1973,30,Best Performance by an Actress In A Television Series - Drama,The Waltons,Michael Learned,FALSE,,
1972,1973,30,Best Television Series - Drama,The Waltons,,FALSE,,
1972,1973,30,Best Motion Picture - Musical or Comedy,Travels with My Aunt,,FALSE,,
1972,1973,30,Best Performance by an Actor in a Supporting Role in any Motion Picture,Travels with My Aunt,Alec McCowen,FALSE,,
1972,1973,30,Best Performance by an Actress in a Motion Picture - Musical or Comedy,Travels with My Aunt,Maggie Smith,FALSE,,
1972,1973,30,New Star Of The Year - Actress,"What's Up, Doc?",Madeline Kahn,FALSE,,
1972,1973,30,New Star Of The Year - Actor,When The Legends Die,Frederic Forrest,FALSE,,
1972,1973,30,Foreign Film - English Language,"X, Y & Zee",Brian Hutton,FALSE,,United Kingdom
1972,1973,30,New Star Of The Year - Actress,You'll Like My Mother,Sian Barbara Allen,FALSE,,
1972,1973,30,Foreign Film - English Language,Young Winston,Richard Attenborough,TRUE,,United Kingdom
1972,1973,30,New Star Of The Year - Actor,Young Winston,Simon Ward,FALSE,,
1972,1973,30,Cecil B. deMille Award,,Samuel Goldwyn,FALSE,,
1972,1973,30,Documentary,,Elvis on Tour,TRUE,,
1972,1973,30,Documentary,,Marjoe,FALSE,,
1972,1973,30,Documentary,,,FALSE,,Russia
1972,1973,30,Documentary,,Sapporo Winter Olympics,FALSE,,
1972,1973,30,Documentary,,Walls of Fire,TRUE,,
1972,1973,30,Henrietta Award (World Film Favorites),,Jane Fonda,TRUE,,
1972,1973,30,Henrietta Award (World Film Favorites),,Marlon Brando,TRUE,,
1973,1974,31,Best Performance by an Actress in a Motion Picture - Musical or Comedy,40 Carats,Liv Ullmann,FALSE,,
1973,1974,31,Best Performance by an Actress in a Supporting Role in any Motion Picture,A Delicate Balance,Kate Reid,FALSE,,
1973,1974,31,Best Motion Picture - Musical or Comedy,A Touch of Class,,FALSE,,
1973,1974,31,Best Original Song - Motion Picture,A Touch of Class,George Barrie,FALSE,All That Love Went To Waste,
1973,1974,31,Best Original Song - Motion Picture,A Touch of Class,Sammy Cahn,FALSE,All That Love Went To Waste,
1973,1974,31,Best Performance by an Actor in a Motion Picture - Musical or Comedy,A Touch of Class,George Segal,TRUE,,
1973,1974,31,Best Performance by an Actress in a Motion Picture - Musical or Comedy,A Touch of Class,Glenda Jackson,TRUE,,
1973,1974,31,Best Screenplay - Motion Picture,A Touch of Class,Melvin Frank,FALSE,,
1973,1974,31,Best Motion Picture - Foreign Language,"Alfredo, Alfredo",Pietro Germi,FALSE,,Italy
1973,1974,31,"Best Performance by an Actor in a Supporting Role in a Series, Limited Series or Motion Picture Made for Television",All In The Family,Rob Reiner,FALSE,,
1973,1974,31,Best Performance by an Actor in a Television Series - Musical or Comedy,All In The Family,Carroll O'Connor,FALSE,,
1973,1974,31,"Best Performance by an Actress in a Supporting Role in a Series, Limited Series or Motion Picture Made for Television",All In The Family,Sally Struthers,FALSE,,
1973,1974,31,Best Performance by an Actress in a Television Series - Musical or Comedy,All In The Family,Jean Stapleton,TRUE,,
1973,1974,31,Best Television Series - Musical or Comedy,All In The Family,,TRUE,,
1973,1974,31,Best Director - Motion Picture,American Graffiti,George Lucas,FALSE,,
1973,1974,31,Best Motion Picture - Musical or Comedy,American Graffiti,,TRUE,,
1973,1974,31,Best Performance by an Actor in a Motion Picture - Musical or Comedy,American Graffiti,Richard Dreyfuss,FALSE,,
1973,1974,31,New Star Of The Year - Actor,American Graffiti,Paul Le Mat,TRUE,,
1973,1974,31,Best Performance by an Actress in a Motion Picture - Drama,Ash Wednesday,Elizabeth Taylor,FALSE,,
1973,1974,31,Best Original Score - Motion Picture,Breezy,Michel Legrand,FALSE,,
1973,1974,31,Best Original Song - Motion Picture,Breezy,Michel Legrand,FALSE,Breezy's Song,
1973,1974,31,Best Original Song - Motion Picture,Breezy,Alan Bergman,FALSE,Breezy's Song,
1973,1974,31,Best Original Song - Motion Picture,Breezy,Marilyn Bergman,FALSE,Breezy's Song,
1973,1974,31,New Star Of The Year - Actress,Breezy,Kay Lenz,FALSE,,
1973,1974,31,Best Television Series - Drama,Cannon,,FALSE,,
1973,1974,31,Best Performance by an Actress in a Motion Picture - Musical or Comedy,Charley and The Angel,Cloris Leachman,FALSE,,
1973,1974,31,Best Motion Picture - Drama,Cinderella Liberty,,FALSE,,
1973,1974,31,Best Original Score - Motion Picture,Cinderella Liberty,John Williams,FALSE,,
1973,1974,31,Best Performance by an Actress in a Motion Picture - Drama,Cinderella Liberty,Marsha Mason,TRUE,,
1973,1974,31,Best Screenplay - Motion Picture,Cinderella Liberty,Darryl Ponicsan,FALSE,,
1973,1974,31,New Star Of The Year - Actor,Cinderella Liberty,Kirk Calloway,FALSE,,
1973,1974,31,Best Performance by an Actor In A Television Series - Drama,Columbo,Peter Falk,FALSE,,
1973,1974,31,Best Television Series - Drama,Columbo,,FALSE,,
1973,1974,31,Best Motion Picture - Foreign Language,Day for Night,François Truffaut,FALSE,,France
1973,1974,31,Best Performance by an Actress in a Supporting Role in any Motion Picture,Day for Night,Valentina Cortese,FALSE,,
1973,1974,31,New Star Of The Year - Actress,Dillinger,Michelle Phillips,FALSE,,
1973,1974,31,Best Performance by an Actor in a Motion Picture - Drama,Electra Glide In Blue,Robert Blake,FALSE,,
1973,1974,31,Best Performance by an Actress In A Television Series - Drama,Emergency,Julie London,FALSE,,
1973,1974,31,Best Performance by an Actress In A Television Series - Drama,General Hospital,Emily McLaughlin,FALSE,,
1973,1974,31,"Best Performance by an Actor in a Supporting Role in a Series, Limited Series or Motion Picture Made for Television",Hawkins,Strother Martin,FALSE,,
1973,1974,31,Best Performance by an Actor In A Television Series - Drama,Hawkins,James Stewart,TRUE,,
1973,1974,31,Best Television Series - Drama,Hawkins,,FALSE,,
1973,1974,31,New Star Of The Year - Actor,Jeremy,Robby Benson,FALSE,,
1973,1974,31,Best Motion Picture - Musical or Comedy,Jesus Christ Superstar,,FALSE,,
1973,1974,31,Best Performance by an Actor in a Motion Picture - Musical or Comedy,Jesus Christ Superstar,Carl Anderson,FALSE,,
1973,1974,31,Best Performance by an Actor in a Motion Picture - Musical or Comedy,Jesus Christ Superstar,Ted Neeley,FALSE,,
1973,1974,31,Best Performance by an Actress in a Motion Picture - Musical or Comedy,Jesus Christ Superstar,Yvonne Elliman,FALSE,,
1973,1974,31,New Star Of The Year - Actor,Jesus Christ Superstar,Carl Anderson,FALSE,,
1973,1974,31,New Star Of The Year - Actor,Jesus Christ Superstar,Ted Neeley,FALSE,,
1973,1974,31,Best Original Score - Motion Picture,Jonathan Livingston Seagull,Neil Diamond,TRUE,,
1973,1974,31,Best Original Song - Motion Picture,Jonathan Livingston Seagull,Neil Diamond,FALSE,Lonely Looking Sky,
1973,1974,31,Best Motion Picture - Foreign Language,Kazablan,Menahem Golan,FALSE,,Israel
1973,1974,31,Best Original Song - Motion Picture,Kazablan,Dov Seltzer,FALSE,Rosa Rosa,
1973,1974,31,Best Original Song - Motion Picture,Kazablan,Haim Hefer,FALSE,Rosa Rosa,
1973,1974,31,Best Performance by an Actor In A Television Series - Drama,Kung Fu,David Carradine,FALSE,,
1973,1974,31,Best Director - Motion Picture,Last Tango in Paris,Bernardo Bertolucci,FALSE,,
1973,1974,31,Best Motion Picture - Drama,Last Tango in Paris,,FALSE,,
1973,1974,31,Best Performance by an Actor in a Television Series - Musical or Comedy,Lotsa Luck,Dom De Luise,FALSE,,
1973,1974,31,"Best Performance by an Actor in a Supporting Role in a Series, Limited Series or Motion Picture Made for Television",M*A*S*H,McLean Stevenson,TRUE,,
1973,1974,31,Best Performance by an Actor in a Television Series - Musical or Comedy,M*A*S*H,Alan Alda,FALSE,,
1973,1974,31,"Best Performance by an Actress in a Supporting Role in a Series, Limited Series or Motion Picture Made for Television",M*A*S*H,Loretta Swit,FALSE,,
1973,1974,31,Best Performance by an Actor In A Television Series - Drama,Mannix,Mike Connors,FALSE,,
1973,1974,31,"Best Performance by an Actress in a Supporting Role in a Series, Limited Series or Motion Picture Made for Television",Mannix,Gail Fisher,FALSE,,
1973,1974,31,Best Television Series - Drama,Mannix,,FALSE,,
1973,1974,31,Best Performance by an Actor In A Television Series - Drama,"Marcus Welby, M.D.",Robert Young,FALSE,,
1973,1974,31,Best Performance by an Actress in a Television Series - Musical or Comedy,Maude,Beatrice Arthur,FALSE,,
1973,1974,31,Best Performance by an Actress In A Television Series - Drama,McMillan and Wife,Susan St. James,FALSE,,
1973,1974,31,Best Original Score - Motion Picture,O Lucky Man!,Alan Price,FALSE,,
1973,1974,31,Best Original Song - Motion Picture,Oklahoma Crude,Henry Mancini,FALSE,Send a Little Love My Way,
1973,1974,31,Best Original Song - Motion Picture,Oklahoma Crude,Hal David,FALSE,Send a Little Love My Way,
1973,1974,31,Best Director - Motion Picture,Paper Moon,Peter Bogdanovich,FALSE,,
1973,1974,31,Best Motion Picture - Musical or Comedy,Paper Moon,,FALSE,,
1973,1974,31,Best Performance by an Actor in a Motion Picture - Musical or Comedy,Paper Moon,Ryan O'Neal,FALSE,,
1973,1974,31,Best Performance by an Actress in a Motion Picture - Musical or Comedy,Paper Moon,Tatum O'Neal,FALSE,,
1973,1974,31,Best Performance by an Actress in a Supporting Role in any Motion Picture,Paper Moon,Madeline Kahn,FALSE,,
1973,1974,31,New Star Of The Year - Actress,Paper Moon,Tatum O'Neal,TRUE,,
1973,1974,31,Best Performance by an Actor in a Motion Picture - Drama,Papillon,Steve McQueen,FALSE,,
1973,1974,31,Best Television Series - Drama,Police Story,,FALSE,,
1973,1974,31,Best Performance by an Actor in a Television Series - Musical or Comedy,Sanford and Son,Redd Foxx,FALSE,,
1973,1974,31,Best Television Series - Musical or Comedy,Sanford and Son,,FALSE,,
1973,1974,31,Best Motion Picture - Drama,Save the Tiger,,FALSE,,
1973,1974,31,Best Performance by an Actor in a Motion Picture - Drama,Save the Tiger,Jack Lemmon,FALSE,,
1973,1974,31,Best Performance by an Actor in a Supporting Role in any Motion Picture,Save the Tiger,Jack Gilford,FALSE,,
1973,1974,31,Best Motion Picture - Drama,Serpico,,FALSE,,
1973,1974,31,Best Performance by an Actor in a Motion Picture - Drama,Serpico,Al Pacino,TRUE,,
1973,1974,31,Best Motion Picture - Foreign Language,State of Siege,Constantin Costa-Gavras,FALSE,,France
1973,1974,31,Best Performance by an Actor in a Supporting Role in any Motion Picture,"Summer Wishes, Winter Dreams",Martin Balsam,FALSE,,
1973,1974,31,Best Performance by an Actress in a Motion Picture - Drama,"Summer Wishes, Winter Dreams",Joanne Woodward,FALSE,,
1973,1974,31,Best Performance by an Actress in a Supporting Role in any Motion Picture,"Summer Wishes, Winter Dreams",Sylvia Sidney,FALSE,,
1973,1974,31,Best Performance by an Actress In A Television Series - Drama,The Blue Knight,Lee Remick,TRUE,,
1973,1974,31,"Best Performance by an Actor in a Supporting Role in a Series, Limited Series or Motion Picture Made for Television",The Carol Burnett Show,Harvey Korman,FALSE,,
1973,1974,31,Best Performance by an Actress in a Television Series - Musical or Comedy,The Carol Burnett Show,Carol Burnett,FALSE,,
1973,1974,31,Best Television Series - Musical or Comedy,The Carol Burnett Show,,FALSE,,
1973,1974,31,Best Original Score - Motion Picture,The Day of the Dolphin,Georges Delerue,FALSE,,
1973,1974,31,Best Director - Motion Picture,The Day of the Jackal,Fred Zinnemann,FALSE,,
1973,1974,31,Best Motion Picture - Drama,The Day of the Jackal,,FALSE,,
1973,1974,31,Best Screenplay - Motion Picture,The Day of the Jackal,Kenneth Ross,FALSE,,
1973,1974,31,Best Director - Motion Picture,The Exorcist,William Friedkin,TRUE,,
1973,1974,31,Best Motion Picture - Drama,The Exorcist,,TRUE,,
1973,1974,31,Best Performance by an Actor in a Supporting Role in any Motion Picture,The Exorcist,Max von Sydow,FALSE,,
1973,1974,31,Best Performance by an Actress in a Motion Picture - Drama,The Exorcist,Ellen Burstyn,FALSE,,
1973,1974,31,Best Performance by an Actress in a Supporting Role in any Motion Picture,The Exorcist,Linda Blair,TRUE,,
1973,1974,31,Best Screenplay - Motion Picture,The Exorcist,William Peter Blatty,TRUE,,
1973,1974,31,New Star Of The Year - Actress,The Exorcist,Linda Blair,FALSE,,
1973,1974,31,Best Performance by an Actor in a Motion Picture - Drama,The Last Detail,Jack Nicholson,FALSE,,
1973,1974,31,Best Performance by an Actor in a Supporting Role in any Motion Picture,The Last Detail,Randy Quaid,FALSE,,
1973,1974,31,"Best Performance by an Actor in a Supporting Role in a Series, Limited Series or Motion Picture Made for Television",The Mary Tyler Moore Show,Ed Asner,FALSE,,
1973,1974,31,"Best Performance by an Actress in a Supporting Role in a Series, Limited Series or Motion Picture Made for Television",The Mary Tyler Moore Show,Valerie Harper,FALSE,,
1973,1974,31,Best Performance by an Actress in a Television Series - Musical or Comedy,The Mary Tyler Moore Show,Mary Tyler Moore,FALSE,,
1973,1974,31,Best Television Series - Musical or Comedy,The Mary Tyler Moore Show,,FALSE,,
1973,1974,31,Best Performance by an Actor in a Television Series - Musical or Comedy,The Odd Couple,Jack Klugman,TRUE,,
1973,1974,31,Best Performance by an Actor in a Supporting Role in any Motion Picture,The Paper Chase,John Houseman,TRUE,,
1973,1974,31,Best Motion Picture - Foreign Language,The Pedestrian,Maximilian Schell,TRUE,,West Germany
1973,1974,31,Best Performance by an Actress in a Television Series - Musical or Comedy,The Sonny and Cher Comedy Hour,Cher,TRUE,,
1973,1974,31,Best Television Series - Musical or Comedy,The Sonny and Cher Comedy Hour,,FALSE,,
1973,1974,31,Best Screenplay - Motion Picture,The Sting,David S. Ward,FALSE,,
1973,1974,31,"Best Performance by an Actor in a Supporting Role in a Series, Limited Series or Motion Picture Made for Television",The Waltons,Will Geer,FALSE,,
1973,1974,31,Best Performance by an Actor In A Television Series - Drama,The Waltons,Richard Thomas,FALSE,,
1973,1974,31,"Best Performance by an Actress in a Supporting Role in a Series, Limited Series or Motion Picture Made for Television",The Waltons,Ellen Corby,TRUE,,
1973,1974,31,Best Performance by an Actress In A Television Series - Drama,The Waltons,Michael Learned,FALSE,,
1973,1974,31,Best Television Series - Drama,The Waltons,,TRUE,,
1973,1974,31,Best Original Song - Motion Picture,The Way We Were,The,TRUE,Way We Were,
1973,1974,31,Best Original Song - Motion Picture,The Way We Were,Marvin Hamlisch,TRUE,Way We Were,
1973,1974,31,Best Original Song - Motion Picture,The Way We Were,Alan Bergman,TRUE,Way We Were,
1973,1974,31,Best Original Song - Motion Picture,The Way We Were,Marilyn Bergman,TRUE,Way We Were,
1973,1974,31,Best Performance by an Actress in a Motion Picture - Drama,The Way We Were,Barbra Streisand,FALSE,,
1973,1974,31,New Star Of The Year - Actress,Time To Run,Barbara Sigel,FALSE,,
1973,1974,31,Best Motion Picture - Musical or Comedy,Tom Sawyer,,FALSE,,
1973,1974,31,Best Original Score - Motion Picture,Tom Sawyer,Richard M. Sherman,FALSE,,
1973,1974,31,Cecil B. deMille Award,,Bette Davis,FALSE,,
1973,1974,31,Documentary,,Love,FALSE,,
1973,1974,31,Documentary,,Movies That Made Us,FALSE,,
1973,1974,31,Documentary,,The,FALSE,,
1973,1974,31,Documentary,,Second Gun,FALSE,,
1973,1974,31,Documentary,,Visions of Eight,TRUE,,
1973,1974,31,Documentary,,Wattstax,FALSE,,
1973,1974,31,Henrietta Award (World Film Favorites),,Elizabeth Taylor,TRUE,,
1973,1974,31,Henrietta Award (World Film Favorites),,Marlon Brando,TRUE,,
1974,1975,32,New Star Of The Year - Actress,99 and 44/100% Dead,Ann Turkel,FALSE,,
1974,1975,32,Best Director - Motion Picture,A Woman Under The Influence,John Cassavetes,FALSE,,
1974,1975,32,Best Motion Picture - Drama,A Woman Under The Influence,,FALSE,,
1974,1975,32,Best Performance by an Actress in a Motion Picture - Drama,A Woman Under The Influence,Gena Rowlands,TRUE,,
1974,1975,32,Best Screenplay - Motion Picture,A Woman Under The Influence,John Cassavetes,FALSE,,
1974,1975,32,New Star Of The Year - Actress,Airport 1975,Helen Reddy,FALSE,,
1974,1975,32,Best Performance by an Actress in a Motion Picture - Drama,Alice Doesn't Live Here Anymore,Ellen Burstyn,FALSE,,
1974,1975,32,Best Performance by an Actress in a Supporting Role in any Motion Picture,Alice Doesn't Live Here Anymore,Diane Ladd,FALSE,,
1974,1975,32,Best Performance by an Actor in a Television Series - Musical or Comedy,All In The Family,Carroll O'Connor,FALSE,,
1974,1975,32,"Best Performance by an Actress in a Supporting Role in a Series, Limited Series or Motion Picture Made for Television",All In The Family,Betty Garrett,TRUE,,
1974,1975,32,Best Performance by an Actress in a Television Series - Musical or Comedy,All In The Family,Jean Stapleton,FALSE,,
1974,1975,32,Best Television Series - Musical or Comedy,All In The Family,,FALSE,,
1974,1975,32,Best Motion Picture - Foreign Language,Amarcord,Federico Fellini,FALSE,,Italy
1974,1975,32,Best Performance by an Actress In A Television Series - Drama,Barnaby Jones,Lee Meriwether,FALSE,,
1974,1975,32,Best Original Song - Motion Picture,Benji,Euel Box,TRUE,Benji's Theme (I Feel Love),
1974,1975,32,Best Original Song - Motion Picture,Benji,Betty Box,TRUE,Benji's Theme (I Feel Love),
1974,1975,32,Best Director - Motion Picture,Chinatown,Roman Polanski,TRUE,,
1974,1975,32,Best Motion Picture - Drama,Chinatown,,TRUE,,
1974,1975,32,Best Original Score - Motion Picture,Chinatown,Jerry Goldsmith,FALSE,,
1974,1975,32,Best Performance by an Actor in a Motion Picture - Drama,Chinatown,Jack Nicholson,TRUE,,
1974,1975,32,Best Performance by an Actor in a Supporting Role in any Motion Picture,Chinatown,John Huston,FALSE,,
1974,1975,32,Best Performance by an Actress in a Motion Picture - Drama,Chinatown,Faye Dunaway,FALSE,,
1974,1975,32,Best Screenplay - Motion Picture,Chinatown,Robert Towne,TRUE,,
1974,1975,32,Best Original Song - Motion Picture,Claudine,Curtis Mayfield,FALSE,On and On,
1974,1975,32,Best Performance by an Actor in a Motion Picture - Musical or Comedy,Claudine,James Earl Jones,FALSE,,
1974,1975,32,Best Performance by an Actress in a Motion Picture - Musical or Comedy,Claudine,Diahann Carroll,FALSE,,
1974,1975,32,Best Performance by an Actor In A Television Series - Drama,Columbo,Peter Falk,FALSE,,
1974,1975,32,Best Television Series - Drama,Columbo,,FALSE,,
1974,1975,32,Best Motion Picture - Drama,Earthquake,,FALSE,,
1974,1975,32,Best Original Score - Motion Picture,Earthquake,John Williams,FALSE,,
1974,1975,32,New Star Of The Year - Actress,Freebie and The Bean,Valerie Harper,FALSE,,
1974,1975,32,Best Performance by an Actress In A Television Series - Drama,Get Christie Love,Teresa Graves,FALSE,,
1974,1975,32,"Best Performance by an Actor in a Supporting Role in a Series, Limited Series or Motion Picture Made for Television",Good Times,Jimmie Walker,FALSE,,
1974,1975,32,Best Performance by an Actress in a Television Series - Musical or Comedy,Good Times,Esther Rolle,FALSE,,
1974,1975,32,Best Motion Picture - Musical or Comedy,Harry & Tonto,,FALSE,,
1974,1975,32,Best Performance by an Actor in a Motion Picture - Musical or Comedy,Harry & Tonto,Art Carney,TRUE,,
1974,1975,32,Best Performance by an Actress in a Motion Picture - Musical or Comedy,Herbie Rides Again,Helen Hayes,FALSE,,
1974,1975,32,Best Performance by an Actor In A Television Series - Drama,Kojak,Telly Savalas,TRUE,,
1974,1975,32,Best Television Series - Drama,Kojak,,FALSE,,
1974,1975,32,Best Motion Picture - Foreign Language,Lacombe Lucien,Louis Malle,FALSE,,France
1974,1975,32,Best Director - Motion Picture,Lenny,Bob Fosse,FALSE,,
1974,1975,32,Best Performance by an Actor in a Motion Picture - Drama,Lenny,Dustin Hoffman,FALSE,,
1974,1975,32,Best Performance by an Actress in a Motion Picture - Drama,Lenny,Valerie Perrine,FALSE,,
1974,1975,32,Best Performance by an Actor in a Television Series - Musical or Comedy,M*A*S*H,Alan Alda,TRUE,,
1974,1975,32,Best Performance by an Actress in a Motion Picture - Musical or Comedy,Mame,Lucille Ball,FALSE,,
1974,1975,32,Best Performance by an Actress in a Supporting Role in any Motion Picture,Mame,Beatrice Arthur,FALSE,,
1974,1975,32,Best Performance by an Actor In A Television Series - Drama,Mannix,Mike Connors,FALSE,,
1974,1975,32,Best Television Series - Musical or Comedy,Maude,,FALSE,,
1974,1975,32,"Best Performance by an Actress in a Supporting Role in a Series, Limited Series or Motion Picture Made for Television",McMillan and Wife,Nancy Walker,FALSE,,
1974,1975,32,Best Original Score - Motion Picture,Phantom of the Paradise,Paul Williams,FALSE,,
1974,1975,32,Best Television Series - Drama,Police Story,,FALSE,,
1974,1975,32,Best Performance by an Actress In A Television Series - Drama,Police Woman,Angie Dickinson,TRUE,,
1974,1975,32,"Best Performance by an Actress in a Supporting Role in a Series, Limited Series or Motion Picture Made for Television",Rhoda,Julie Kavner,FALSE,,
1974,1975,32,Best Performance by an Actress in a Television Series - Musical or Comedy,Rhoda,Valerie Harper,TRUE,,
1974,1975,32,Best Television Series - Musical or Comedy,Rhoda,,TRUE,,
1974,1975,32,"Best Performance by an Actor in a Supporting Role in a Series, Limited Series or Motion Picture Made for Television",Sanford and Son,Whitman Mayo,FALSE,,
1974,1975,32,Best Performance by an Actor in a Television Series - Musical or Comedy,Sanford and Son,Redd Foxx,FALSE,,
1974,1975,32,Best Motion Picture - Foreign Language,Scenes From a Marriage,Ingmar Bergman,TRUE,,Sweden
1974,1975,32,Best Performance by an Actress in a Motion Picture - Drama,Scenes From a Marriage,Liv Ullmann,FALSE,,
1974,1975,32,Best Motion Picture - Foreign Language,The Apprenticeship of Duddy Kravitz,Ted Kotcheff,FALSE,,Canada
1974,1975,32,Best Performance by an Actor in a Television Series - Musical or Comedy,The Bob Newhart Show,Bob Newhart,FALSE,,
1974,1975,32,"Best Performance by an Actor in a Supporting Role in a Series, Limited Series or Motion Picture Made for Television",The Carol Burnett Show,Harvey Korman,TRUE,,
1974,1975,32,"Best Performance by an Actress in a Supporting Role in a Series, Limited Series or Motion Picture Made for Television",The Carol Burnett Show,Vicki Lawrence,FALSE,,
1974,1975,32,Best Performance by an Actress in a Television Series - Musical or Comedy,The Carol Burnett Show,Carol Burnett,FALSE,,
1974,1975,32,Best Television Series - Musical or Comedy,The Carol Burnett Show,,FALSE,,
1974,1975,32,Best Director - Motion Picture,The Conversation,Francis Ford Coppola,FALSE,,
1974,1975,32,Best Motion Picture - Drama,The Conversation,,FALSE,,
1974,1975,32,Best Performance by an Actor in a Motion Picture - Drama,The Conversation,Gene Hackman,FALSE,,
1974,1975,32,Best Screenplay - Motion Picture,The Conversation,Francis Ford Coppola,FALSE,,
1974,1975,32,Best Original Song - Motion Picture,The Dove,John Barry,FALSE,Sail the Summer Winds,
1974,1975,32,Best Original Song - Motion Picture,The Dove,Don Black,FALSE,Sail the Summer Winds,
1974,1975,32,New Star Of The Year - Actor,The Dove,Joseph Bottoms,TRUE,,
1974,1975,32,Best Motion Picture - Musical or Comedy,The Front Page,,FALSE,,
1974,1975,32,Best Performance by an Actor in a Motion Picture - Musical or Comedy,The Front Page,Jack Lemmon,FALSE,,
1974,1975,32,Best Performance by an Actor in a Motion Picture - Musical or Comedy,The Front Page,Walter Matthau,FALSE,,
1974,1975,32,Best Performance by an Actor in a Motion Picture - Drama,The Gambler,James Caan,FALSE,,
1974,1975,32,Best Director - Motion Picture,The Godfather Part II,Francis Ford Coppola,FALSE,,
1974,1975,32,Best Motion Picture - Drama,The Godfather Part II,,FALSE,,
1974,1975,32,Best Original Score - Motion Picture,The Godfather Part II,Carmine Coppola,FALSE,,
1974,1975,32,Best Performance by an Actor in a Motion Picture - Drama,The Godfather Part II,Al Pacino,FALSE,,
1974,1975,32,Best Screenplay - Motion Picture,The Godfather Part II,Francis Ford Coppola,FALSE,,
1974,1975,32,New Star Of The Year - Actor,The Godfather Part II,Lee Strasberg,FALSE,,
1974,1975,32,Best Performance by an Actor in a Supporting Role in any Motion Picture,The Great Gatsby,Bruce Dern,FALSE,,
1974,1975,32,Best Performance by an Actor in a Supporting Role in any Motion Picture,The Great Gatsby,Sam Waterston,FALSE,,
1974,1975,32,Best Performance by an Actress in a Supporting Role in any Motion Picture,The Great Gatsby,Karen Black,TRUE,,
1974,1975,32,New Star Of The Year - Actor,The Great Gatsby,Sam Waterston,FALSE,,
1974,1975,32,Best Motion Picture - Musical or Comedy,The Little Prince,,FALSE,,
1974,1975,32,Best Original Score - Motion Picture,The Little Prince,Alan Jay Lerner,TRUE,,
1974,1975,32,Best Original Score - Motion Picture,The Little Prince,Frederick Loewe,TRUE,,
1974,1975,32,Best Original Song - Motion Picture,The Little Prince,Frederick Loewe,FALSE,I Never Met a Rose,
1974,1975,32,Best Original Song - Motion Picture,The Little Prince,Alan Jay Lerner,FALSE,I Never Met a Rose,
1974,1975,32,New Star Of The Year - Actor,The Little Prince,Steven Warner,FALSE,,
1974,1975,32,Best Motion Picture - Musical or Comedy,The Longest Yard,,TRUE,,
1974,1975,32,Best Performance by an Actor in a Motion Picture - Musical or Comedy,The Longest Yard,Burt Reynolds,FALSE,,
1974,1975,32,Best Performance by an Actor in a Supporting Role in any Motion Picture,The Longest Yard,Eddie Albert,FALSE,,
1974,1975,32,New Star Of The Year - Actor,The Longest Yard,Jim Hampton,FALSE,,
1974,1975,32,Best Motion Picture - Foreign Language,The Mad Adventures of 'Rabbi' Jacob,Gérard Oury,FALSE,,France
1974,1975,32,"Best Performance by an Actor in a Supporting Role in a Series, Limited Series or Motion Picture Made for Television",The Mary Tyler Moore Show,Gavin MacLeod,FALSE,,
1974,1975,32,Best Performance by an Actor in a Television Series - Musical or Comedy,The Mary Tyler Moore Show,Ed Asner,FALSE,,
1974,1975,32,Best Performance by an Actress in a Television Series - Musical or Comedy,The Mary Tyler Moore Show,Mary Tyler Moore,FALSE,,
1974,1975,32,Best Television Series - Musical or Comedy,The Mary Tyler Moore Show,,FALSE,,
1974,1975,32,Best Performance by an Actor In A Television Series - Drama,The Streets of San Francisco,Michael Douglas,FALSE,,
1974,1975,32,Best Television Series - Drama,The Streets of San Francisco,,FALSE,,
1974,1975,32,Best Motion Picture - Musical or Comedy,The Three Musketeers,,FALSE,,
1974,1975,32,Best Performance by an Actress in a Motion Picture - Musical or Comedy,The Three Musketeers,Raquel Welch,TRUE,,
1974,1975,32,Best Original Song - Motion Picture,The Towering Inferno,Al Kasha,FALSE,We May Never Love Like This Again,
1974,1975,32,Best Original Song - Motion Picture,The Towering Inferno,Joel Hirschhorn,FALSE,We May Never Love Like This Again,
1974,1975,32,Best Performance by an Actor in a Supporting Role in any Motion Picture,The Towering Inferno,Fred Astaire,TRUE,,
1974,1975,32,Best Performance by an Actress in a Supporting Role in any Motion Picture,The Towering Inferno,Jennifer Jones,FALSE,,
1974,1975,32,Best Screenplay - Motion Picture,The Towering Inferno,Stirling Silliphant,FALSE,,
1974,1975,32,New Star Of The Year - Actress,The Towering Inferno,Susan Flannery,TRUE,,
1974,1975,32,"Best Performance by an Actor in a Supporting Role in a Series, Limited Series or Motion Picture Made for Television",The Waltons,Will Geer,FALSE,,
1974,1975,32,Best Performance by an Actor In A Television Series - Drama,The Waltons,Richard Thomas,FALSE,,
1974,1975,32,"Best Performance by an Actress in a Supporting Role in a Series, Limited Series or Motion Picture Made for Television",The Waltons,Ellen Corby,FALSE,,
1974,1975,32,Best Performance by an Actress In A Television Series - Drama,The Waltons,Michael Learned,FALSE,,
1974,1975,32,Best Television Series - Drama,The Waltons,,FALSE,,
1974,1975,32,Best Performance by an Actress In A Television Series - Drama,Upstairs/Downstairs,Jean Marsh,FALSE,,
1974,1975,32,Best Television Series - Drama,Upstairs/Downstairs,,TRUE,,
1974,1975,32,New Star Of The Year - Actress,Where the Lilies Bloom,Julie Gholson,FALSE,,
1974,1975,32,Best Performance by an Actress in a Motion Picture - Musical or Comedy,Young Frankenstein,Cloris Leachman,FALSE,,
1974,1975,32,Best Performance by an Actress in a Supporting Role in any Motion Picture,Young Frankenstein,Madeline Kahn,FALSE,,
1974,1975,32,Cecil B. deMille Award,,Hal B. Wallis,FALSE,,
1974,1975,32,Documentary,,Animals Are Beautiful People,TRUE,,
1974,1975,32,Documentary,,Birds Do It,FALSE,,
1974,1975,32,Documentary,,Bees Do It,FALSE,,
1974,1975,32,Documentary,,Challenge,FALSE,,
1974,1975,32,Documentary,,The,FALSE,,
1974,1975,32,Documentary,,Hearts and Minds,FALSE,,
1974,1975,32,Documentary,,I am a Dancer,FALSE,,
1974,1975,32,Documentary,,Janis,FALSE,,
1974,1975,32,Henrietta Award (World Film Favorites),,Barbra Streisand,TRUE,,
1974,1975,32,Henrietta Award (World Film Favorites),,Robert Redford,TRUE,,
1975,1976,33,Television Movie,A Home of Your Own,,FALSE,,
1975,1976,33,"Best Performance by an Actor in a Supporting Role in a Series, Limited Series or Motion Picture Made for Television",All In The Family,Rob Reiner,FALSE,,
1975,1976,33,Best Performance by an Actor in a Television Series - Musical or Comedy,All In The Family,Carroll O'Connor,FALSE,,
1975,1976,33,Best Television Series - Musical or Comedy,All In The Family,,FALSE,,
1975,1976,33,Best Motion Picture - Foreign Language,And Now My Love,Claude Lelouch,FALSE,,France
1975,1976,33,Television Movie,Babe,,TRUE,,
1975,1976,33,Best Performance by an Actor In A Television Series - Drama,Baretta,Robert Blake,TRUE,,
1975,1976,33,Best Television Series - Drama,Baretta,,FALSE,,
1975,1976,33,Best Performance by an Actress In A Television Series - Drama,Barnaby Jones,Lee Meriwether,FALSE,,
1975,1976,33,Best Performance by an Actor in a Television Series - Musical or Comedy,Barney Miller,Hal Linden,FALSE,,
1975,1976,33,Best Television Series - Musical or Comedy,Barney Miller,,TRUE,,
1975,1976,33,Best Director - Motion Picture,Barry Lyndon,Stanley Kubrick,FALSE,,
1975,1976,33,Best Motion Picture - Drama,Barry Lyndon,,FALSE,,
1975,1976,33,Best Television Series - Musical or Comedy,Chico and The Man,,FALSE,,
1975,1976,33,Best Performance by an Actor In A Television Series - Drama,Columbo,Peter Falk,FALSE,,
1975,1976,33,Best Television Series - Drama,Columbo,,FALSE,,
1975,1976,33,Best Director - Motion Picture,Dog Day Afternoon,Sidney Lumet,FALSE,,
1975,1976,33,Best Motion Picture - Drama,Dog Day Afternoon,,FALSE,,
1975,1976,33,Best Performance by an Actor in a Motion Picture - Drama,Dog Day Afternoon,Al Pacino,FALSE,,
1975,1976,33,Best Performance by an Actor in a Supporting Role in any Motion Picture,Dog Day Afternoon,Charles Durning,FALSE,,
1975,1976,33,Best Performance by an Actor in a Supporting Role in any Motion Picture,Dog Day Afternoon,John Cazale,FALSE,,
1975,1976,33,Best Screenplay - Motion Picture,Dog Day Afternoon,Frank Pierson,FALSE,,
1975,1976,33,New Star Of The Year - Actor,Dog Day Afternoon,Chris Sarandon,FALSE,,
1975,1976,33,Best Performance by an Actor in a Motion Picture - Drama,French Connection II,Gene Hackman,FALSE,,
1975,1976,33,Best Motion Picture - Musical or Comedy,Funny Lady,,FALSE,,
1975,1976,33,Best Original Score - Motion Picture,Funny Lady,Fred Ebb,FALSE,,
1975,1976,33,Best Original Score - Motion Picture,Funny Lady,John Kander,FALSE,,
1975,1976,33,Best Original Song - Motion Picture,Funny Lady,John Kander,FALSE,How Lucky Can You Get?,
1975,1976,33,Best Original Song - Motion Picture,Funny Lady,Fred Ebb,FALSE,How Lucky Can You Get?,
1975,1976,33,Best Performance by an Actor in a Motion Picture - Musical or Comedy,Funny Lady,James Caan,FALSE,,
1975,1976,33,Best Performance by an Actress in a Motion Picture - Musical or Comedy,Funny Lady,Barbra Streisand,FALSE,,
1975,1976,33,New Star Of The Year - Actor,Funny Lady,Ben Vereen,FALSE,,
1975,1976,33,Best Performance by an Actor in a Motion Picture - Drama,"Give 'Em Hell, Harry!",James Whitmore,FALSE,,
1975,1976,33,"Best Performance by an Actor in a Supporting Role in a Series, Limited Series or Motion Picture Made for Television",Good Times,Jimmie Walker,FALSE,,
1975,1976,33,Television Movie,Guilty or Innocent: The Sam Sheppard Murder Case,,FALSE,,
1975,1976,33,Best Motion Picture - Foreign Language,Hedda,Trevor Nunn,FALSE,,United Kingdom
1975,1976,33,Best Performance by an Actress in a Motion Picture - Drama,Hedda,Glenda Jackson,FALSE,,
1975,1976,33,Best Performance by an Actress in a Supporting Role in any Motion Picture,Jacqueline Susann's Once Is Not Enough,Brenda Vaccaro,TRUE,,
1975,1976,33,Best Director - Motion Picture,Jaws,Steven Spielberg,FALSE,,
1975,1976,33,Best Motion Picture - Drama,Jaws,,FALSE,,
1975,1976,33,Best Original Score - Motion Picture,Jaws,John Williams,TRUE,,
1975,1976,33,Best Screenplay - Motion Picture,Jaws,Peter Benchley,FALSE,,
1975,1976,33,Best Performance by an Actress In A Television Series - Drama,Jennie: Lady Randolph Churchill,Lee Remick,TRUE,,
1975,1976,33,Best Performance by an Actor In A Television Series - Drama,Kojak,Telly Savalas,TRUE,,
1975,1976,33,Best Television Series - Drama,Kojak,,TRUE,,
1975,1976,33,Best Motion Picture - Foreign Language,Lies My Father Told Me,Ján Kadár,TRUE,,Canada
1975,1976,33,New Star Of The Year - Actor,Lies My Father Told Me,Jeffrey Lynas,FALSE,,
1975,1976,33,Best Performance by an Actress in a Motion Picture - Musical or Comedy,Lucky Lady,Liza Minnelli,FALSE,,
1975,1976,33,Best Performance by an Actor in a Television Series - Musical or Comedy,M*A*S*H,Alan Alda,TRUE,,
1975,1976,33,"Best Performance by an Actress in a Supporting Role in a Series, Limited Series or Motion Picture Made for Television",Maude,Hermione Baddeley,TRUE,,
1975,1976,33,Best Performance by an Actress in a Television Series - Musical or Comedy,Maude,Beatrice Arthur,FALSE,,
1975,1976,33,"Best Performance by an Actress in a Supporting Role in a Series, Limited Series or Motion Picture Made for Television",McMillan and Wife,Nancy Walker,FALSE,,
1975,1976,33,Best Director - Motion Picture,Nashville,Robert Altman,FALSE,,
1975,1976,33,Best Motion Picture - Drama,Nashville,,FALSE,,
1975,1976,33,Best Original Song - Motion Picture,Nashville,Keith Carradine,TRUE,I'm Easy,
1975,1976,33,Best Performance by an Actor in a Supporting Role in any Motion Picture,Nashville,Henry Gibson,FALSE,,
1975,1976,33,Best Performance by an Actress in a Supporting Role in any Motion Picture,Nashville,Barbara Harris,FALSE,,
1975,1976,33,Best Performance by an Actress in a Supporting Role in any Motion Picture,Nashville,Geraldine Chaplin,FALSE,,
1975,1976,33,Best Performance by an Actress in a Supporting Role in any Motion Picture,Nashville,Lily Tomlin,FALSE,,
1975,1976,33,Best Performance by an Actress in a Supporting Role in any Motion Picture,Nashville,Ronee Blakley,FALSE,,
1975,1976,33,Best Screenplay - Motion Picture,Nashville,Joan Tewkesbury,FALSE,,
1975,1976,33,New Star Of The Year - Actress,Nashville,Lily Tomlin,FALSE,,
1975,1976,33,New Star Of The Year - Actress,Nashville,Ronee Blakley,FALSE,,
1975,1976,33,Best Performance by an Actress In A Television Series - Drama,Notorious Woman,Rosemary Harris,FALSE,,
1975,1976,33,Best Director - Motion Picture,One Flew Over The Cuckoo's Nest,Milos Forman,TRUE,,
1975,1976,33,Best Motion Picture - Drama,One Flew Over The Cuckoo's Nest,,TRUE,,
1975,1976,33,Best Performance by an Actor in a Motion Picture - Drama,One Flew Over The Cuckoo's Nest,Jack Nicholson,TRUE,,
1975,1976,33,Best Performance by an Actress in a Motion Picture - Drama,One Flew Over The Cuckoo's Nest,Louise Fletcher,TRUE,,
1975,1976,33,Best Screenplay - Motion Picture,One Flew Over The Cuckoo's Nest,Bo Goldman,TRUE,,
1975,1976,33,New Star Of The Year - Actor,One Flew Over The Cuckoo's Nest,Brad Dourif,TRUE,,
1975,1976,33,Best Original Song - Motion Picture,Paper Tiger,Roy Budd,FALSE,My Little Friend,
1975,1976,33,Best Original Song - Motion Picture,Paper Tiger,Sammy Cahn,FALSE,My Little Friend,
1975,1976,33,Best Performance by an Actor In A Television Series - Drama,Petrocelli,Barry Newman,FALSE,,
1975,1976,33,"Best Performance by an Actress in a Supporting Role in a Series, Limited Series or Motion Picture Made for Television",Petrocelli,Susan Howard,FALSE,,
1975,1976,33,Best Television Series - Drama,Petrocelli,,FALSE,,
1975,1976,33,Best Performance by an Actress in a Television Series - Musical or Comedy,Phyllis,Cloris Leachman,TRUE,,
1975,1976,33,Best Television Series - Drama,Police Story,,FALSE,,
1975,1976,33,Best Performance by an Actress In A Television Series - Drama,Police Woman,Angie Dickinson,FALSE,,
1975,1976,33,"Best Performance by an Actress in a Supporting Role in a Series, Limited Series or Motion Picture Made for Television",Rhoda,Julie Kavner,FALSE,,
1975,1976,33,"Best Performance by an Actress in a Supporting Role in a Series, Limited Series or Motion Picture Made for Television",Rhoda,Nancy Walker,FALSE,,
1975,1976,33,Best Performance by an Actress in a Television Series - Musical or Comedy,Rhoda,Valerie Harper,FALSE,,
1975,1976,33,Best Performance by an Actor in a Television Series - Musical or Comedy,Sanford and Son,Redd Foxx,FALSE,,
1975,1976,33,Best Motion Picture - Musical or Comedy,Shampoo,,FALSE,,
1975,1976,33,Best Performance by an Actor in a Motion Picture - Musical or Comedy,Shampoo,Warren Beatty,FALSE,,
1975,1976,33,Best Performance by an Actress in a Motion Picture - Musical or Comedy,Shampoo,Goldie Hawn,FALSE,,
1975,1976,33,Best Performance by an Actress in a Motion Picture - Musical or Comedy,Shampoo,Julie Christie,FALSE,,
1975,1976,33,Best Performance by an Actress in a Supporting Role in any Motion Picture,Shampoo,Lee Grant,FALSE,,
1975,1976,33,Best Motion Picture - Foreign Language,Special Section,Constantin Costa-Gavras,FALSE,,Italy
1975,1976,33,Television Movie,Sweet Hostage,,FALSE,,
1975,1976,33,Best Performance by an Actor in a Television Series - Musical or Comedy,The Bob Newhart Show,Bob Newhart,FALSE,,
1975,1976,33,"Best Performance by an Actor in a Supporting Role in a Series, Limited Series or Motion Picture Made for Television",The Carol Burnett Show,Tim Conway,TRUE,,
1975,1976,33,Best Performance by an Actress in a Television Series - Musical or Comedy,The Carol Burnett Show,Carol Burnett,FALSE,,
1975,1976,33,Best Television Series - Musical or Comedy,The Carol Burnett Show,,FALSE,,
1975,1976,33,Best Performance by an Actor in a Supporting Role in any Motion Picture,The Day of the Locust,Burgess Meredith,FALSE,,
1975,1976,33,Best Performance by an Actress in a Motion Picture - Drama,The Day of the Locust,Karen Black,FALSE,,
1975,1976,33,New Star Of The Year - Actress,The Fortune,Stockard Channing,FALSE,,
1975,1976,33,New Star Of The Year - Actress,The Hiding Place,Jeannette Clift,FALSE,,
1975,1976,33,Television Movie,The Legend of Lizzie Borden,,FALSE,,
1975,1976,33,Best Motion Picture - Foreign Language,The Magic Flute,Ingmar Bergman,FALSE,,Sweden
1975,1976,33,Best Performance by an Actor in a Motion Picture - Drama,The Man in the Glass Booth,Maximilian Schell,FALSE,,
1975,1976,33,Best Original Score - Motion Picture,The Man Who Would Be King,Maurice Jarre,FALSE,,
1975,1976,33,"Best Performance by an Actor in a Supporting Role in a Series, Limited Series or Motion Picture Made for Television",The Mary Tyler Moore Show,Ed Asner,TRUE,,
1975,1976,33,"Best Performance by an Actor in a Supporting Role in a Series, Limited Series or Motion Picture Made for Television",The Mary Tyler Moore Show,Ted Knight,FALSE,,
1975,1976,33,Best Performance by an Actress in a Television Series - Musical or Comedy,The Mary Tyler Moore Show,Mary Tyler Moore,FALSE,,
1975,1976,33,Best Television Series - Musical or Comedy,The Mary Tyler Moore Show,,FALSE,,
1975,1976,33,New Star Of The Year - Actress,The Master Gunfighter,Barbara Carrera,FALSE,,
1975,1976,33,Best Original Score - Motion Picture,The Other Side of the Mountain,Charles Fox,FALSE,,
1975,1976,33,Best Original Song - Motion Picture,The Other Side of the Mountain,Charles Fox,FALSE,Richard's Window,
1975,1976,33,Best Original Song - Motion Picture,The Other Side of the Mountain,Norman Gimbel,FALSE,Richard's Window,
1975,1976,33,Best Performance by an Actress in a Motion Picture - Drama,The Other Side of the Mountain,Marilyn Hassett,FALSE,,
1975,1976,33,New Star Of The Year - Actress,The Other Side of the Mountain,Marilyn Hassett,TRUE,,
1975,1976,33,Best Motion Picture - Musical or Comedy,The Return of the Pink Panther,,FALSE,,
1975,1976,33,Best Original Score - Motion Picture,The Return of the Pink Panther,Henry Mancini,FALSE,,
1975,1976,33,Best Performance by an Actor in a Motion Picture - Musical or Comedy,The Return of the Pink Panther,Peter Sellers,FALSE,,
1975,1976,33,Best Performance by an Actor In A Television Series - Drama,The Streets of San Francisco,Karl Malden,FALSE,,
1975,1976,33,Best Motion Picture - Musical or Comedy,The Sunshine Boys,,TRUE,,
1975,1976,33,Best Performance by an Actor in a Motion Picture - Musical or Comedy,The Sunshine Boys,Walter Matthau,TRUE,,
1975,1976,33,Best Performance by an Actor in a Supporting Role in any Motion Picture,The Sunshine Boys,Richard Benjamin,TRUE,,
1975,1976,33,Best Screenplay - Motion Picture,The Sunshine Boys,Neil Simon,FALSE,,
1975,1976,33,Best Performance by an Actor in a Television Series - Musical or Comedy,The Tonight Show,Johnny Carson,FALSE,,
1975,1976,33,Best Performance by an Actress In A Television Series - Drama,The Waltons,Michael Learned,FALSE,,
1975,1976,33,Best Performance by an Actress in a Motion Picture - Drama,Three Days of the Condor,Faye Dunaway,FALSE,,
1975,1976,33,Best Motion Picture - Musical or Comedy,Tommy,,FALSE,,
1975,1976,33,Best Performance by an Actress in a Motion Picture - Musical or Comedy,Tommy,Ann-Margret,TRUE,,
1975,1976,33,New Star Of The Year - Actor,Tommy,Roger Daltrey,FALSE,,
1975,1976,33,Best Original Song - Motion Picture,Whiffs,George Barrie,FALSE,Now That We're In Love,
1975,1976,33,Best Original Song - Motion Picture,Whiffs,Sammy Cahn,FALSE,Now That We're In Love,
1975,1976,33,Documentary,,Brother,FALSE,,
1975,1976,33,Documentary,,Can You Spare a Dime?,FALSE,,
1975,1976,33,Documentary,,Gentleman Tramp,FALSE,,
1975,1976,33,Documentary,,The,FALSE,,
1975,1976,33,Documentary,,Mustang: The House That Joe Built,FALSE,,
1975,1976,33,Documentary,,Other Half Of The Sky: a China Memoir,FALSE,,
1975,1976,33,Documentary,,U.F.O.s: Past,FALSE,,
1975,1976,33,Documentary,,Present and Future,FALSE,,
1975,1976,33,Documentary,,Youthquake,TRUE,,
1976,1977,34,Best Motion Picture - Musical or Comedy,A Star Is Born,,TRUE,,
1976,1977,34,Best Original Score - Motion Picture,A Star Is Born,Paul Williams,TRUE,,
1976,1977,34,Best Original Score - Motion Picture,A Star Is Born,Kenny Ascher,TRUE,,
1976,1977,34,Best Original Song - Motion Picture,A Star Is Born,Barbra Streisand,TRUE,Evergreen,
1976,1977,34,Best Original Song - Motion Picture,A Star Is Born,Paul Williams,TRUE,Evergreen,
1976,1977,34,Best Performance by an Actor in a Motion Picture - Musical or Comedy,A Star Is Born,Kris Kristofferson,TRUE,,
1976,1977,34,Best Performance by an Actress in a Motion Picture - Musical or Comedy,A Star Is Born,Barbra Streisand,TRUE,,
1976,1977,34,"Best Performance by an Actor in a Supporting Role in a Series, Limited Series or Motion Picture Made for Television",All In The Family,Rob Reiner,FALSE,,
1976,1977,34,"Best Performance by an Actress in a Supporting Role in a Series, Limited Series or Motion Picture Made for Television",All In The Family,Sally Struthers,FALSE,,
1976,1977,34,Best Director - Motion Picture,All The President's Men,Alan J. Pakula,FALSE,,
1976,1977,34,Best Motion Picture - Drama,All The President's Men,,FALSE,,
1976,1977,34,Best Performance by an Actor in a Supporting Role in any Motion Picture,All The President's Men,Jason Robards Jr.,FALSE,,
1976,1977,34,Best Screenplay - Motion Picture,All The President's Men,William Goldman,FALSE,,
1976,1977,34,Best Performance by an Actress in a Television Series - Musical or Comedy,All's Fair,Bernadette Peters,FALSE,,
1976,1977,34,Television Movie,Amelia Earhart,,FALSE,,
1976,1977,34,Best Performance by an Actor in a Television Series - Musical or Comedy,Barney Miller,Hal Linden,FALSE,,
1976,1977,34,Best Television Series - Musical or Comedy,Barney Miller,,TRUE,,
1976,1977,34,Best Director - Motion Picture,Bound for Glory,Hal Ashby,FALSE,,
1976,1977,34,Best Motion Picture - Drama,Bound for Glory,,FALSE,,
1976,1977,34,Best Performance by an Actor in a Motion Picture - Drama,Bound for Glory,David Carradine,FALSE,,
1976,1977,34,New Star Of The Year - Actress,Bound for Glory,Melinda Dillon,FALSE,,
1976,1977,34,Best Motion Picture - Musical or Comedy,Bugsy Malone,,FALSE,,
1976,1977,34,Best Original Score - Motion Picture,Bugsy Malone,Paul Williams,FALSE,,
1976,1977,34,Best Original Song - Motion Picture,Bugsy Malone,Paul Williams,FALSE,Bugsy Malone,
1976,1977,34,"Best Performance by an Actor in a Supporting Role in a Series, Limited Series or Motion Picture Made for Television",Captains and the Kings,Charles Durning,FALSE,,
1976,1977,34,Best Performance by an Actor In A Television Series - Drama,Captains and the Kings,Richard Jordan,TRUE,,
1976,1977,34,Best Television Series - Drama,Captains and the Kings,,FALSE,,
1976,1977,34,Best Original Song - Motion Picture,Car Wash,Norman Whitfield,FALSE,Car Wash,
1976,1977,34,Best Original Song - Motion Picture,Car Wash,Rose Royce,FALSE,Car Wash,
1976,1977,34,Best Performance by an Actress in a Supporting Role in any Motion Picture,Carrie,Piper Laurie,FALSE,,
1976,1977,34,Best Performance by an Actress In A Television Series - Drama,Charlie's Angels,Farrah Fawcett,FALSE,,
1976,1977,34,Best Performance by an Actress In A Television Series - Drama,Charlie's Angels,Kate Jackson,FALSE,,
1976,1977,34,Best Television Series - Drama,Charlie's Angels,,FALSE,,
1976,1977,34,Best Performance by an Actor in a Television Series - Musical or Comedy,Chico and The Man,Freddie Prinze,FALSE,,
1976,1977,34,Best Motion Picture - Foreign Language,"Cousin, Cousine",Jean-Charles Tacchella,FALSE,,France
1976,1977,34,Best Performance by an Actress in a Television Series - Musical or Comedy,Dinah!,Dinah Shore,FALSE,,
1976,1977,34,Best Television Series - Musical or Comedy,Donny and Marie,,FALSE,,
1976,1977,34,Television Movie,Eleanor and Franklin,,TRUE,,
1976,1977,34,Best Motion Picture - Foreign Language,Face to Face,Ingmar Bergman,TRUE,,Sweden
1976,1977,34,Best Performance by an Actress in a Motion Picture - Drama,Face to Face,Liv Ullmann,FALSE,,
1976,1977,34,Best Performance by an Actress In A Television Series - Drama,Family,Sada Thompson,FALSE,,
1976,1977,34,Best Television Series - Drama,Family,,FALSE,,
1976,1977,34,Best Performance by an Actress in a Motion Picture - Musical or Comedy,Family Plot,Barbara Harris,FALSE,,
1976,1977,34,Television Movie,Francis Gary Powers: The True Story Of The U-2 Incident,,FALSE,,
1976,1977,34,Best Original Song - Motion Picture,Freaky Friday,Al Kasha,FALSE,I'd Like To Be You For a Day,
1976,1977,34,Best Original Song - Motion Picture,Freaky Friday,Joel Hirschhorn,FALSE,I'd Like To Be You For a Day,
1976,1977,34,Best Performance by an Actress in a Motion Picture - Musical or Comedy,Freaky Friday,Barbara Harris,FALSE,,
1976,1977,34,Best Performance by an Actress in a Motion Picture - Musical or Comedy,Freaky Friday,Jodie Foster,FALSE,,
1976,1977,34,Best Original Song - Motion Picture,From Noon Till Three,Alan Bergman,FALSE,Hello and Goodbye,
1976,1977,34,Best Original Song - Motion Picture,From Noon Till Three,Marilyn Bergman,FALSE,Hello and Goodbye,
1976,1977,34,Best Original Song - Motion Picture,From Noon Till Three,Elmer Bernstein,FALSE,Hello and Goodbye,
1976,1977,34,Best Performance by an Actor in a Television Series - Musical or Comedy,Happy Days,Henry Winkler,TRUE,,
1976,1977,34,Best Television Series - Musical or Comedy,Happy Days,,FALSE,,
1976,1977,34,Television Movie,I Want To Keep My Baby,,FALSE,,
1976,1977,34,Best Performance by an Actor In A Television Series - Drama,Kojak,Telly Savalas,FALSE,,
1976,1977,34,Best Television Series - Musical or Comedy,Laverne & Shirley,,FALSE,,
1976,1977,34,New Star Of The Year - Actress,Lipstick,Mariel Hemingway,FALSE,,
1976,1977,34,Best Television Series - Drama,Little House on the Prairie,,FALSE,,
1976,1977,34,Best Performance by an Actor in a Television Series - Musical or Comedy,M*A*S*H,Alan Alda,FALSE,,
1976,1977,34,Best Television Series - Musical or Comedy,M*A*S*H,,FALSE,,
1976,1977,34,Best Director - Motion Picture,Marathon Man,John Schlesinger,FALSE,,
1976,1977,34,Best Performance by an Actor in a Motion Picture - Drama,Marathon Man,Dustin Hoffman,FALSE,,
1976,1977,34,Best Performance by an Actor in a Supporting Role in any Motion Picture,Marathon Man,Laurence Olivier,TRUE,,
1976,1977,34,Best Performance by an Actress in a Supporting Role in any Motion Picture,Marathon Man,Marthe Keller,FALSE,,
1976,1977,34,Best Screenplay - Motion Picture,Marathon Man,William Goldman,FALSE,,
1976,1977,34,"Best Performance by an Actress in a Supporting Role in a Series, Limited Series or Motion Picture Made for Television",Maude,Adrienne Barbeau,FALSE,,
1976,1977,34,New Star Of The Year - Actor,Murder by Death,Truman Capote,FALSE,,
1976,1977,34,Best Director - Motion Picture,Network,Sidney Lumet,TRUE,,
1976,1977,34,Best Motion Picture - Drama,Network,,FALSE,,
1976,1977,34,Best Performance by an Actor in a Motion Picture - Drama,Network,Peter Finch,TRUE,,
1976,1977,34,Best Performance by an Actress in a Motion Picture - Drama,Network,Faye Dunaway,TRUE,,
1976,1977,34,Best Screenplay - Motion Picture,Network,Paddy Chayefsky,TRUE,,
1976,1977,34,Best Performance by an Actress in a Supporting Role in any Motion Picture,"Next Stop, Greenwich Village",Shelley Winters,FALSE,,
1976,1977,34,New Star Of The Year - Actor,"Next Stop, Greenwich Village",Lenny Baker,FALSE,,
1976,1977,34,"Best Performance by an Actress in a Supporting Role in a Series, Limited Series or Motion Picture Made for Television",Once an Eagle,Darleen Carr,FALSE,,
1976,1977,34,Best Original Song - Motion Picture,Pipe Dreams,Michael Masser,FALSE,So Sad the Song,
1976,1977,34,Best Original Song - Motion Picture,Pipe Dreams,Gerry Goffin,FALSE,So Sad the Song,
1976,1977,34,New Star Of The Year - Actress,Pipe Dreams,Gladys Knight,FALSE,,
1976,1977,34,Best Performance by an Actress In A Television Series - Drama,Police Woman,Angie Dickinson,FALSE,,
1976,1977,34,"Best Performance by an Actress in a Supporting Role in a Series, Limited Series or Motion Picture Made for Television",Rhoda,Anne Meara,FALSE,,
1976,1977,34,"Best Performance by an Actress in a Supporting Role in a Series, Limited Series or Motion Picture Made for Television",Rhoda,Julie Kavner,FALSE,,
1976,1977,34,"Best Performance by an Actor in a Supporting Role in a Series, Limited Series or Motion Picture Made for Television","Rich Man, Poor Man",Ed Asner,TRUE,,
1976,1977,34,Best Performance by an Actor In A Television Series - Drama,"Rich Man, Poor Man",Nick Nolte,FALSE,,
1976,1977,34,Best Performance by an Actor In A Television Series - Drama,"Rich Man, Poor Man",Peter Strauss,FALSE,,
1976,1977,34,"Best Performance by an Actress in a Supporting Role in a Series, Limited Series or Motion Picture Made for Television","Rich Man, Poor Man",Josette Banzet,TRUE,,
1976,1977,34,Best Performance by an Actress In A Television Series - Drama,"Rich Man, Poor Man",Susan Blakely,TRUE,,
1976,1977,34,Best Television Series - Drama,"Rich Man, Poor Man",,TRUE,,
1976,1977,34,Best Director - Motion Picture,Rocky,John G. Avildsen,FALSE,,
1976,1977,34,Best Motion Picture - Drama,Rocky,,TRUE,,
1976,1977,34,Best Original Score - Motion Picture,Rocky,Bill Conti,FALSE,,
1976,1977,34,Best Performance by an Actor in a Motion Picture - Drama,Rocky,Sylvester Stallone,FALSE,,
1976,1977,34,Best Performance by an Actress in a Motion Picture - Drama,Rocky,Talia Shire,FALSE,,
1976,1977,34,Best Screenplay - Motion Picture,Rocky,Sylvester Stallone,FALSE,,
1976,1977,34,Best Performance by an Actor in a Television Series - Musical or Comedy,Sammy & Company,Sammy Davis Jr.,FALSE,,
1976,1977,34,Best Motion Picture - Foreign Language,Seven Beauties,Lina Wertmüller,FALSE,,Italy
1976,1977,34,Best Motion Picture - Musical or Comedy,Silent Movie,,FALSE,,
1976,1977,34,Best Performance by an Actor in a Motion Picture - Musical or Comedy,Silent Movie,Mel Brooks,FALSE,,
1976,1977,34,Best Performance by an Actor in a Supporting Role in any Motion Picture,Silent Movie,Marty Feldman,FALSE,,
1976,1977,34,Best Performance by an Actress in a Supporting Role in any Motion Picture,Silent Movie,Bernadette Peters,FALSE,,
1976,1977,34,Best Performance by an Actor in a Motion Picture - Musical or Comedy,Silver Streak,Gene Wilder,FALSE,,
1976,1977,34,Best Performance by an Actor in a Television Series - Musical or Comedy,Sirota's Court,Michael Constantine,FALSE,,
1976,1977,34,Best Motion Picture - Foreign Language,Small Change,François Truffaut,FALSE,,France
1976,1977,34,New Star Of The Year - Actor,Stay Hungry,Arnold Schwarzenegger,TRUE,,
1976,1977,34,Television Movie,Sybil,,FALSE,,
1976,1977,34,Best Performance by an Actor in a Motion Picture - Drama,Taxi Driver,Robert De Niro,FALSE,,
1976,1977,34,Best Screenplay - Motion Picture,Taxi Driver,Paul Schrader,FALSE,,
1976,1977,34,Best Performance by an Actress In A Television Series - Drama,The Bionic Woman,Lindsay Wagner,FALSE,,
1976,1977,34,"Best Performance by an Actor in a Supporting Role in a Series, Limited Series or Motion Picture Made for Television",The Carol Burnett Show,Tim Conway,FALSE,,
1976,1977,34,"Best Performance by an Actress in a Supporting Role in a Series, Limited Series or Motion Picture Made for Television",The Carol Burnett Show,Vicki Lawrence,FALSE,,
1976,1977,34,Best Performance by an Actress in a Television Series - Musical or Comedy,The Carol Burnett Show,Carol Burnett,TRUE,,
1976,1977,34,Best Television Series - Musical or Comedy,The Carol Burnett Show,,FALSE,,
1976,1977,34,Best Performance by an Actress in a Motion Picture - Musical or Comedy,The Duchess and The Dirtwater Fox,Goldie Hawn,FALSE,,
1976,1977,34,New Star Of The Year - Actress,The Front,Andrea Marcovicci,FALSE,,
1976,1977,34,Best Performance by an Actress in a Motion Picture - Drama,The Incredible Sarah,Glenda Jackson,FALSE,,
1976,1977,34,Best Performance by an Actress in a Television Series - Musical or Comedy,The Jeffersons,Isabel Sanford,FALSE,,
1976,1977,34,Television Movie,The Lindbergh Kidnapping Case,,FALSE,,
1976,1977,34,"Best Performance by an Actor in a Supporting Role in a Series, Limited Series or Motion Picture Made for Television",The Mary Tyler Moore Show,Gavin MacLeod,FALSE,,
1976,1977,34,Best Performance by an Actress in a Television Series - Musical or Comedy,The Mary Tyler Moore Show,Mary Tyler Moore,FALSE,,
1976,1977,34,New Star Of The Year - Actor,The Omen,Harvey Stephens,FALSE,,
1976,1977,34,Best Motion Picture - Musical or Comedy,The Pink Panther Strikes Again,,FALSE,,
1976,1977,34,Best Performance by an Actor in a Motion Picture - Musical or Comedy,The Pink Panther Strikes Again,Peter Sellers,FALSE,,
1976,1977,34,Best Motion Picture - Musical or Comedy,The Ritz,,FALSE,,
1976,1977,34,Best Performance by an Actor in a Motion Picture - Musical or Comedy,The Ritz,Jack Weston,FALSE,,
1976,1977,34,Best Performance by an Actress in a Motion Picture - Musical or Comedy,The Ritz,Rita Moreno,FALSE,,
1976,1977,34,Best Performance by an Actress in a Motion Picture - Drama,The Sailor Who Fell From Grace With The Sea,Sarah Miles,FALSE,,
1976,1977,34,New Star Of The Year - Actor,The Sailor Who Fell From Grace With The Sea,Jonathan Kahn,FALSE,,
1976,1977,34,Best Performance by an Actor in a Supporting Role in any Motion Picture,The Shootist,Ron Howard,FALSE,,
1976,1977,34,Best Performance by an Actor In A Television Series - Drama,The Six Million Dollar Man,Lee Majors,FALSE,,
1976,1977,34,Best Motion Picture - Foreign Language,The Slipper and the Rose - The Story of Cinderella,Bryan Forbes,FALSE,,United Kingdom
1976,1977,34,Best Original Score - Motion Picture,The Slipper and the Rose - The Story of Cinderella,Richard M. Sherman,FALSE,,
1976,1977,34,Best Original Score - Motion Picture,The Slipper and the Rose - The Story of Cinderella,Robert B. Sherman,FALSE,,
1976,1977,34,Best Performance by an Actor in a Television Series - Musical or Comedy,The Tony Randall Show,Tony Randall,FALSE,,
1976,1977,34,"Best Performance by an Actress in a Supporting Role in a Series, Limited Series or Motion Picture Made for Television",The Waltons,Ellen Corby,FALSE,,
1976,1977,34,Best Performance by an Actress In A Television Series - Drama,Upstairs/Downstairs,Jean Marsh,FALSE,,
1976,1977,34,Best Motion Picture - Drama,Voyage of the Damned,,FALSE,,
1976,1977,34,Best Original Score - Motion Picture,Voyage of the Damned,Lalo Schifrin,FALSE,,
1976,1977,34,Best Performance by an Actor in a Supporting Role in any Motion Picture,Voyage of the Damned,Oskar Werner,FALSE,,
1976,1977,34,Best Performance by an Actress in a Supporting Role in any Motion Picture,Voyage of the Damned,Katharine Ross,TRUE,,
1976,1977,34,Best Performance by an Actress in a Supporting Role in any Motion Picture,Voyage of the Damned,Lee Grant,FALSE,,
1976,1977,34,Best Screenplay - Motion Picture,Voyage of the Damned,David Butler,FALSE,,
1976,1977,34,Cecil B. deMille Award,,Walter Mirisch,FALSE,,
1976,1977,34,Documentary,,Altars of the World,TRUE,,
1976,1977,34,Documentary,,Memory of Justice,FALSE,,
1976,1977,34,Documentary,,The,FALSE,,
1976,1977,34,Documentary,,People of the Wind,FALSE,,
1976,1977,34,Documentary,,That's Entertainment,FALSE,,
1976,1977,34,Documentary,,Part 2,FALSE,,
1976,1977,34,Documentary,,Wings of an Eagle,FALSE,,
1976,1977,34,Henrietta Award (World Film Favorites),,Robert Redford,TRUE,,
1976,1977,34,Henrietta Award (World Film Favorites),,Sophia Loren,TRUE,,
1976,1977,34,New Star Of The Year - Actress,,Jessica Lange,TRUE,,
1977,1978,35,Best Performance by an Actress In A Television Series - Drama,79 Park Avenue,Lesley Ann Warren,TRUE,,
1977,1978,35,Best Motion Picture - Foreign Language,A Special Day,Ettore Scola,TRUE,,Italy
1977,1978,35,Best Performance by an Actor in a Motion Picture - Drama,A Special Day,Marcello Mastroianni,FALSE,,
1977,1978,35,Best Performance by an Actor in a Television Series - Musical or Comedy,All In The Family,Carroll O'Connor,FALSE,,
1977,1978,35,Best Performance by an Actress in a Television Series - Musical or Comedy,All In The Family,Jean Stapleton,FALSE,,
1977,1978,35,Best Television Series - Musical or Comedy,All In The Family,,TRUE,,
1977,1978,35,Best Director - Motion Picture,Annie Hall,Woody Allen,FALSE,,
1977,1978,35,Best Motion Picture - Musical or Comedy,Annie Hall,,FALSE,,
1977,1978,35,Best Performance by an Actor in a Motion Picture - Musical or Comedy,Annie Hall,Woody Allen,FALSE,,
1977,1978,35,Best Performance by an Actress in a Motion Picture - Musical or Comedy,Annie Hall,Diane Keaton,TRUE,,
1977,1978,35,Best Screenplay - Motion Picture,Annie Hall,Woody Allen,FALSE,,
1977,1978,35,Best Performance by an Actor In A Television Series - Drama,Baa Baa Black Sheep,Robert Conrad,FALSE,,
1977,1978,35,Best Performance by an Actor in a Television Series - Musical or Comedy,Barney Miller,Hal Linden,FALSE,,
1977,1978,35,Best Television Series - Musical or Comedy,Barney Miller,,FALSE,,
1977,1978,35,Best Performance by an Actor in a Motion Picture - Drama,Bobby Deerfield,Al Pacino,FALSE,,
1977,1978,35,Best Performance by an Actress In A Television Series - Drama,Charlie's Angels,Kate Jackson,FALSE,,
1977,1978,35,Best Television Series - Drama,Charlie's Angels,,FALSE,,
1977,1978,35,Best Director - Motion Picture,Close Encounters of the Third Kind,Steven Spielberg,FALSE,,
1977,1978,35,Best Motion Picture - Drama,Close Encounters of the Third Kind,,FALSE,,
1977,1978,35,Best Original Score - Motion Picture,Close Encounters of the Third Kind,John Williams,FALSE,,
1977,1978,35,Best Screenplay - Motion Picture,Close Encounters of the Third Kind,Steven Spielberg,FALSE,,
1977,1978,35,Best Performance by an Actor In A Television Series - Drama,Columbo,Peter Falk,FALSE,,
1977,1978,35,Best Television Series - Drama,Columbo,,FALSE,,
1977,1978,35,Best Motion Picture - Foreign Language,Cría Cuervos,Carlos Saura,FALSE,,Spain
1977,1978,35,Best Performance by an Actor in a Motion Picture - Drama,Equus,Richard Burton,TRUE,,
1977,1978,35,Best Performance by an Actor in a Supporting Role in any Motion Picture,Equus,Peter Firth,TRUE,,
1977,1978,35,Best Television Series - Drama,Family,,FALSE,,
1977,1978,35,Best Performance by an Actor in a Television Series - Musical or Comedy,Happy Days,Henry Winkler,TRUE,,
1977,1978,35,Best Performance by an Actor in a Television Series - Musical or Comedy,Happy Days,Ron Howard,TRUE,,
1977,1978,35,Best Television Series - Musical or Comedy,Happy Days,,FALSE,,
1977,1978,35,Best Performance by an Actor in a Motion Picture - Drama,Heroes,Henry Winkler,FALSE,,
1977,1978,35,Best Motion Picture - Musical or Comedy,High Anxiety,,FALSE,,
1977,1978,35,Best Performance by an Actor in a Motion Picture - Musical or Comedy,High Anxiety,Mel Brooks,FALSE,,
1977,1978,35,Best Motion Picture - Drama,I Never Promised You a Rose Garden,,FALSE,,
1977,1978,35,Best Performance by an Actress in a Motion Picture - Drama,I Never Promised You a Rose Garden,Kathleen Quinlan,FALSE,,
1977,1978,35,Best Performance by an Actress in a Supporting Role in any Motion Picture,Joseph Andrews,Ann-Margret,FALSE,,
1977,1978,35,Best Director - Motion Picture,Julia,Fred Zinnemann,FALSE,,
1977,1978,35,Best Motion Picture - Drama,Julia,,FALSE,,
1977,1978,35,Best Performance by an Actor in a Supporting Role in any Motion Picture,Julia,Jason Robards Jr.,FALSE,,
1977,1978,35,Best Performance by an Actor in a Supporting Role in any Motion Picture,Julia,Maximilian Schell,FALSE,,
1977,1978,35,Best Performance by an Actress in a Motion Picture - Drama,Julia,Jane Fonda,TRUE,,
1977,1978,35,Best Performance by an Actress in a Supporting Role in any Motion Picture,Julia,Vanessa Redgrave,TRUE,,
1977,1978,35,Best Screenplay - Motion Picture,Julia,Alvin Sargent,FALSE,,
1977,1978,35,Television Movie,Just a Little Inconvenience,,FALSE,,
1977,1978,35,Best Performance by an Actor In A Television Series - Drama,Kojak,Telly Savalas,FALSE,,
1977,1978,35,Best Performance by an Actress in a Television Series - Musical or Comedy,Laverne & Shirley,Cindy Williams,FALSE,,
1977,1978,35,Best Performance by an Actress in a Television Series - Musical or Comedy,Laverne & Shirley,Penny Marshall,FALSE,,
1977,1978,35,Best Television Series - Musical or Comedy,Laverne & Shirley,,FALSE,,
1977,1978,35,Best Performance by an Actress in a Motion Picture - Drama,Looking For Mr. Goodbar,Diane Keaton,FALSE,,
1977,1978,35,Best Performance by an Actor In A Television Series - Drama,Lou Grant,Ed Asner,TRUE,,
1977,1978,35,Best Performance by an Actor in a Television Series - Musical or Comedy,M*A*S*H,Alan Alda,FALSE,,
1977,1978,35,Best Performance by an Actor in a Motion Picture - Drama,MacArthur,Gregory Peck,FALSE,,
1977,1978,35,Best Motion Picture - Foreign Language,Madame Rosa,Moshé Mizrahi,FALSE,,France
1977,1978,35,Television Movie,Mary Jane Harper Cried Last Night,,FALSE,,
1977,1978,35,Television Movie,Mary White,,FALSE,,
1977,1978,35,Best Performance by an Actress in a Television Series - Musical or Comedy,Maude,Beatrice Arthur,FALSE,,
1977,1978,35,Best Motion Picture - Musical or Comedy,"New York, New York",,FALSE,,
1977,1978,35,Best Original Song - Motion Picture,"New York, New York",New York,FALSE,New York,
1977,1978,35,Best Original Song - Motion Picture,"New York, New York",John Kander,FALSE,New York,
1977,1978,35,Best Original Song - Motion Picture,"New York, New York",Fred Ebb,FALSE,New York,
1977,1978,35,Best Performance by an Actor in a Motion Picture - Musical or Comedy,"New York, New York",Robert De Niro,FALSE,,
1977,1978,35,Best Performance by an Actress in a Motion Picture - Musical or Comedy,"New York, New York",Liza Minnelli,FALSE,,
1977,1978,35,Best Performance by an Actress in a Motion Picture - Drama,Opening Night,Gena Rowlands,FALSE,,
1977,1978,35,Best Performance by an Actress in a Supporting Role in any Motion Picture,Opening Night,Joan Blondell,FALSE,,
1977,1978,35,Best Motion Picture - Foreign Language,Pardon Mon Affaire,Yves Robert,FALSE,,France
1977,1978,35,Best Original Score - Motion Picture,Pete's Dragon,Joel Hirschhorn,FALSE,,
1977,1978,35,Best Performance by an Actress In A Television Series - Drama,Police Woman,Angie Dickinson,FALSE,,
1977,1978,35,Television Movie,Raid on Entebbe,,TRUE,,
1977,1978,35,Best Performance by an Actress In A Television Series - Drama,Roots,Leslie Uggams,FALSE,,
1977,1978,35,Best Television Series - Drama,Roots,,TRUE,,
1977,1978,35,Best Performance by an Actress in a Supporting Role in any Motion Picture,Roseland,Lilia Skala,FALSE,,
1977,1978,35,Best Motion Picture - Musical or Comedy,Saturday Night Fever,,FALSE,,
1977,1978,35,Best Original Score - Motion Picture,Saturday Night Fever,Barry Gibb,FALSE,,
1977,1978,35,Best Original Song - Motion Picture,Saturday Night Fever,Barry Gibb,FALSE,How Deep Is Your Love?,
1977,1978,35,Best Original Song - Motion Picture,Saturday Night Fever,Robin Gibb,FALSE,How Deep Is Your Love?,
1977,1978,35,Best Original Song - Motion Picture,Saturday Night Fever,Maurice Gibb,FALSE,How Deep Is Your Love?,
1977,1978,35,Best Original Song - Motion Picture,Saturday Night Fever,The Bee Gees,FALSE,How Deep Is Your Love?,
1977,1978,35,Best Performance by an Actor in a Motion Picture - Musical or Comedy,Saturday Night Fever,John Travolta,FALSE,,
1977,1978,35,Best Performance by an Actress in a Motion Picture - Musical or Comedy,Smokey and The Bandit,Sally Field,FALSE,,
1977,1978,35,Television Movie,Something For Joey,,FALSE,,
1977,1978,35,Best Director - Motion Picture,Star Wars: Episode IV - A New Hope,George Lucas,FALSE,,
1977,1978,35,Best Motion Picture - Drama,Star Wars: Episode IV - A New Hope,,FALSE,,
1977,1978,35,Best Original Score - Motion Picture,Star Wars: Episode IV - A New Hope,John Williams,TRUE,,
1977,1978,35,Best Performance by an Actor in a Supporting Role in any Motion Picture,Star Wars: Episode IV - A New Hope,Alec Guinness,FALSE,,
1977,1978,35,Best Television Series - Drama,Starsky & Hutch,,FALSE,,
1977,1978,35,Best Motion Picture - Foreign Language,That Obscure Object of Desire,Luis Buñuel,FALSE,,France
1977,1978,35,Best Performance by an Actress In A Television Series - Drama,The Bionic Woman,Lindsay Wagner,FALSE,,
1977,1978,35,Best Performance by an Actress in a Television Series - Musical or Comedy,The Carol Burnett Show,Carol Burnett,TRUE,,
1977,1978,35,Best Television Series - Musical or Comedy,The Carol Burnett Show,,FALSE,,
1977,1978,35,Best Original Song - Motion Picture,The Deep,John Barry,FALSE,Deep Down Inside,
1977,1978,35,Best Motion Picture - Musical or Comedy,The Goodbye Girl,,TRUE,,
1977,1978,35,Best Performance by an Actor in a Motion Picture - Musical or Comedy,The Goodbye Girl,Richard Dreyfuss,TRUE,,
1977,1978,35,Best Performance by an Actress in a Motion Picture - Musical or Comedy,The Goodbye Girl,Marsha Mason,TRUE,,
1977,1978,35,Best Performance by an Actress in a Supporting Role in any Motion Picture,The Goodbye Girl,Quinn Cummings,FALSE,,
1977,1978,35,Best Screenplay - Motion Picture,The Goodbye Girl,Neil Simon,TRUE,,
1977,1978,35,Best Performance by an Actress in a Television Series - Musical or Comedy,The Jeffersons,Isabel Sanford,FALSE,,
1977,1978,35,Best Performance by an Actress in a Motion Picture - Musical or Comedy,The Late Show,Lily Tomlin,FALSE,,
1977,1978,35,Best Performance by an Actor In A Television Series - Drama,The Rockford Files,James Garner,FALSE,,
1977,1978,35,Best Original Score - Motion Picture,The Spy Who Loved Me,Marvin Hamlisch,FALSE,,
1977,1978,35,Best Original Song - Motion Picture,The Spy Who Loved Me,Marvin Hamlisch,FALSE,Nobody Does It Better,
1977,1978,35,Best Original Song - Motion Picture,The Spy Who Loved Me,Carole Bayer Sager,FALSE,Nobody Does It Better,
1977,1978,35,Best Director - Motion Picture,The Turning Point,Herbert Ross,TRUE,,
1977,1978,35,Best Motion Picture - Drama,The Turning Point,,TRUE,,
1977,1978,35,Best Performance by an Actor in a Supporting Role in any Motion Picture,The Turning Point,Mikhail Baryshnikov,FALSE,,
1977,1978,35,Best Performance by an Actress in a Motion Picture - Drama,The Turning Point,Anne Bancroft,FALSE,,
1977,1978,35,Best Performance by an Actress in a Supporting Role in any Motion Picture,The Turning Point,Leslie Browne,FALSE,,
1977,1978,35,Best Screenplay - Motion Picture,The Turning Point,Arthur Laurents,FALSE,,
1977,1978,35,Best Television Series - Drama,Upstairs/Downstairs,,FALSE,,
1977,1978,35,Best Original Song - Motion Picture,You Light Up My Life,Joseph Brooks,TRUE,You Light Up My Life,
1977,1978,35,Cecil B. deMille Award,,Red Skelton,FALSE,,
1977,1978,35,Henrietta Award (World Film Favorites),,Barbra Streisand,TRUE,,
1977,1978,35,Henrietta Award (World Film Favorites),,Robert Redford,TRUE,,
1978,1979,36,Best Television Series - Drama,60 Minutes,,TRUE,,
1978,1979,36,Best Motion Picture - Foreign Language,A Dream of Passion,Jules Dassin,FALSE,,Greece
1978,1979,36,Television Movie,A Family Upside Down,,TRUE,,
1978,1979,36,Television Movie,A Question of Love,,FALSE,,
1978,1979,36,Best Performance by an Actress in a Supporting Role in any Motion Picture,A Wedding,Carol Burnett,FALSE,,
1978,1979,36,"Best Performance by an Actress in a Supporting Role in a Series, Limited Series or Motion Picture Made for Television",Alice,Polly Holliday,TRUE,,
1978,1979,36,Best Performance by an Actress in a Television Series - Musical or Comedy,Alice,Linda Lavin,TRUE,,
1978,1979,36,Best Television Series - Musical or Comedy,Alice,,FALSE,,
1978,1979,36,Best Performance by an Actress in a Television Series - Musical or Comedy,All In The Family,Jean Stapleton,FALSE,,
1978,1979,36,Best Television Series - Musical or Comedy,All In The Family,,FALSE,,
1978,1979,36,Best Director - Motion Picture,An Unmarried Woman,Paul Mazursky,FALSE,,
1978,1979,36,Best Motion Picture - Drama,An Unmarried Woman,,FALSE,,
1978,1979,36,Best Original Score - Motion Picture,An Unmarried Woman,Bill Conti,FALSE,,
1978,1979,36,Best Performance by an Actress in a Motion Picture - Drama,An Unmarried Woman,Jill Clayburgh,FALSE,,
1978,1979,36,Best Screenplay - Motion Picture,An Unmarried Woman,Paul Mazursky,FALSE,,
1978,1979,36,Best Motion Picture - Foreign Language,Autumn Sonata,Ingmar Bergman,TRUE,,Sweden
1978,1979,36,Best Performance by an Actress in a Motion Picture - Drama,Autumn Sonata,Ingrid Bergman,FALSE,,
1978,1979,36,Best Performance by an Actor In A Television Series - Drama,Battlestar Galactica,Richard Hatch,FALSE,,
1978,1979,36,Best Television Series - Drama,Battlestar Galactica,,FALSE,,
1978,1979,36,Best Motion Picture - Musical or Comedy,California Suite,,FALSE,,
1978,1979,36,Best Performance by an Actress in a Motion Picture - Musical or Comedy,California Suite,Maggie Smith,TRUE,,
1978,1979,36,Best Performance by an Actress In A Television Series - Drama,Charlie's Angels,Kate Jackson,FALSE,,
1978,1979,36,Best Director - Motion Picture,Coming Home,Hal Ashby,FALSE,,
1978,1979,36,Best Motion Picture - Drama,Coming Home,,FALSE,,
1978,1979,36,Best Performance by an Actor in a Motion Picture - Drama,Coming Home,Jon Voight,TRUE,,
1978,1979,36,Best Performance by an Actor in a Supporting Role in any Motion Picture,Coming Home,Bruce Dern,FALSE,,
1978,1979,36,Best Performance by an Actress in a Motion Picture - Drama,Coming Home,Jane Fonda,TRUE,,
1978,1979,36,Best Screenplay - Motion Picture,Coming Home,Robert C. Jones,FALSE,,
1978,1979,36,New Star Of The Year - Actress,Corvette Summer,Annie Potts,FALSE,,
1978,1979,36,Best Director - Motion Picture,Days of Heaven,Terrence Malick,FALSE,,
1978,1979,36,Best Motion Picture - Drama,Days of Heaven,,FALSE,,
1978,1979,36,Best Motion Picture - Foreign Language,Death on the Nile,John Guillermin,FALSE,,United Kingdom
1978,1979,36,Best Motion Picture - Foreign Language,Dona Flor and Her Two Husbands,Bruno Barreto,FALSE,,Brazil
1978,1979,36,Best Performance by an Actress In A Television Series - Drama,Family,Kristy McNichol,FALSE,,
1978,1979,36,Best Performance by an Actress In A Television Series - Drama,Family,Sada Thompson,FALSE,,
1978,1979,36,Best Television Series - Drama,Family,,FALSE,,
1978,1979,36,Television Movie,First You Cry,,FALSE,,
1978,1979,36,Best Motion Picture - Musical or Comedy,Foul Play,,FALSE,,
1978,1979,36,Best Original Song - Motion Picture,Foul Play,Charles Fox,FALSE,Ready To Take a Chance Again,
1978,1979,36,Best Original Song - Motion Picture,Foul Play,Norman Gimbel,FALSE,Ready To Take a Chance Again,
1978,1979,36,Best Performance by an Actor in a Motion Picture - Musical or Comedy,Foul Play,Chevy Chase,FALSE,,
1978,1979,36,Best Performance by an Actor in a Supporting Role in any Motion Picture,Foul Play,Dudley Moore,FALSE,,
1978,1979,36,Best Performance by an Actress in a Motion Picture - Musical or Comedy,Foul Play,Goldie Hawn,FALSE,,
1978,1979,36,Best Screenplay - Motion Picture,Foul Play,Colin Higgins,FALSE,,
1978,1979,36,New Star Of The Year - Actor,Foul Play,Chevy Chase,FALSE,,
1978,1979,36,Best Motion Picture - Foreign Language,Get Out Your Handkerchiefs,Bertrand Blier,FALSE,,France
1978,1979,36,New Star Of The Year - Actress,Girl Friends,Anita Skinner,FALSE,,
1978,1979,36,New Star Of The Year - Actress,Goin' South,Mary Steenburgen,FALSE,,
1978,1979,36,Best Motion Picture - Musical or Comedy,Grease,,FALSE,,
1978,1979,36,Best Original Song - Motion Picture,Grease,Barry Gibb,FALSE,Grease,
1978,1979,36,Best Original Song - Motion Picture,Grease,John Farrar,FALSE,You're the One That I Want,
1978,1979,36,Best Performance by an Actor in a Motion Picture - Musical or Comedy,Grease,John Travolta,FALSE,,
1978,1979,36,Best Performance by an Actress in a Motion Picture - Musical or Comedy,Grease,Olivia Newton-John,FALSE,,
1978,1979,36,Best Motion Picture - Musical or Comedy,Heaven Can Wait,,TRUE,,
1978,1979,36,Best Performance by an Actor in a Motion Picture - Musical or Comedy,Heaven Can Wait,Warren Beatty,TRUE,,
1978,1979,36,Best Performance by an Actress in a Supporting Role in any Motion Picture,Heaven Can Wait,Dyan Cannon,TRUE,,
1978,1979,36,Best Performance by an Actor In A Television Series - Drama,Holocaust,Michael Moriarty,TRUE,,
1978,1979,36,Best Performance by an Actress In A Television Series - Drama,Holocaust,Rosemary Harris,TRUE,,
1978,1979,36,Best Television Series - Drama,Holocaust,,FALSE,,
1978,1979,36,Best Director - Motion Picture,Interiors,Woody Allen,FALSE,,
1978,1979,36,Best Performance by an Actress in a Motion Picture - Drama,Interiors,Geraldine Page,FALSE,,
1978,1979,36,Best Performance by an Actress in a Supporting Role in any Motion Picture,Interiors,Maureen Stapleton,FALSE,,
1978,1979,36,Best Screenplay - Motion Picture,Interiors,Woody Allen,FALSE,,
1978,1979,36,New Star Of The Year - Actor,King of the Gypsies,Eric Roberts,FALSE,,
1978,1979,36,Best Performance by an Actress in a Television Series - Musical or Comedy,Laverne & Shirley,Penny Marshall,FALSE,,
1978,1979,36,Best Motion Picture - Foreign Language,Lemon Popsicle,Boaz Davidson,FALSE,,Israel
1978,1979,36,Best Performance by an Actor In A Television Series - Drama,Little House on the Prairie,Michael Landon,FALSE,,
1978,1979,36,Television Movie,Little Women,,FALSE,,
1978,1979,36,Best Performance by an Actor In A Television Series - Drama,Lou Grant,Ed Asner,FALSE,,
1978,1979,36,"Best Performance by an Actress in a Supporting Role in a Series, Limited Series or Motion Picture Made for Television",Lou Grant,Linda Kelsey,FALSE,,
1978,1979,36,Best Television Series - Drama,Lou Grant,,FALSE,,
1978,1979,36,Best Performance by an Actor in a Television Series - Musical or Comedy,M*A*S*H,Alan Alda,FALSE,,
1978,1979,36,Best Performance by an Actor in a Motion Picture - Drama,Magic,Anthony Hopkins,FALSE,,
1978,1979,36,Best Director - Motion Picture,Midnight Express,Alan Parker,FALSE,,
1978,1979,36,Best Motion Picture - Drama,Midnight Express,,TRUE,,
1978,1979,36,Best Original Score - Motion Picture,Midnight Express,Giorgio Moroder,TRUE,,
1978,1979,36,Best Performance by an Actor in a Motion Picture - Drama,Midnight Express,Brad Davis,FALSE,,
1978,1979,36,Best Performance by an Actor in a Supporting Role in any Motion Picture,Midnight Express,John Hurt,TRUE,,
1978,1979,36,Best Screenplay - Motion Picture,Midnight Express,Oliver Stone,TRUE,,
1978,1979,36,New Star Of The Year - Actor,Midnight Express,Brad Davis,TRUE,,
1978,1979,36,New Star Of The Year - Actress,Midnight Express,Irene Miracle,TRUE,,
1978,1979,36,Best Performance by an Actor in a Television Series - Musical or Comedy,Mork & Mindy,Robin Williams,TRUE,,
1978,1979,36,Best Motion Picture - Musical or Comedy,Movie Movie,,FALSE,,
1978,1979,36,Best Performance by an Actor in a Motion Picture - Musical or Comedy,Movie Movie,George C. Scott,FALSE,,
1978,1979,36,New Star Of The Year - Actor,Movie Movie,Harry Hamlin,FALSE,,
1978,1979,36,"Best Performance by an Actor in a Supporting Role in a Series, Limited Series or Motion Picture Made for Television",One Day at a Time,Pat Harrington,FALSE,,
1978,1979,36,"Best Performance by an Actress in a Supporting Role in a Series, Limited Series or Motion Picture Made for Television",Rhoda,Julie Kavner,FALSE,,
1978,1979,36,"Best Performance by an Actress in a Supporting Role in a Series, Limited Series or Motion Picture Made for Television",Rhoda,Nancy Walker,FALSE,,
1978,1979,36,Best Original Song - Motion Picture,"Same Time, Next Year",Marvin Hamlisch,FALSE,The Last Time I Felt Like This,
1978,1979,36,Best Original Song - Motion Picture,"Same Time, Next Year",Alan Bergman,FALSE,The Last Time I Felt Like This,
1978,1979,36,Best Original Song - Motion Picture,"Same Time, Next Year",Marilyn Bergman,FALSE,The Last Time I Felt Like This,
1978,1979,36,Best Performance by an Actor in a Motion Picture - Musical or Comedy,"Same Time, Next Year",Alan Alda,FALSE,,
1978,1979,36,Best Performance by an Actress in a Motion Picture - Musical or Comedy,"Same Time, Next Year",Ellen Burstyn,TRUE,,
1978,1979,36,New Star Of The Year - Actress,Slow Dancing in the Big City,Anne Ditchburn,FALSE,,
1978,1979,36,Best Performance by an Actress in a Motion Picture - Drama,Stevie,Glenda Jackson,FALSE,,
1978,1979,36,Best Performance by an Actress in a Supporting Role in any Motion Picture,Stevie,Mona Washbourne,FALSE,,
1978,1979,36,Best Original Score - Motion Picture,Superman,John Williams,FALSE,,
1978,1979,36,"Best Performance by an Actor in a Supporting Role in a Series, Limited Series or Motion Picture Made for Television",Taxi,Andy Kaufman,FALSE,,
1978,1979,36,"Best Performance by an Actor in a Supporting Role in a Series, Limited Series or Motion Picture Made for Television",Taxi,Danny DeVito,FALSE,,
1978,1979,36,"Best Performance by an Actor in a Supporting Role in a Series, Limited Series or Motion Picture Made for Television",Taxi,Jeff Conway,FALSE,,
1978,1979,36,Best Performance by an Actor in a Television Series - Musical or Comedy,Taxi,Judd Hirsch,FALSE,,
1978,1979,36,"Best Performance by an Actress in a Supporting Role in a Series, Limited Series or Motion Picture Made for Television",Taxi,Marilu Henner,FALSE,,
1978,1979,36,Best Television Series - Musical or Comedy,Taxi,,TRUE,,
1978,1979,36,Best Original Song - Motion Picture,Thank God It's Friday,Alec Constandinos,TRUE,Last Dance,
1978,1979,36,Television Movie,The Bastard,,FALSE,,
1978,1979,36,Best Performance by an Actor in a Motion Picture - Drama,The Boys From Brazil,Gregory Peck,FALSE,,
1978,1979,36,New Star Of The Year - Actor,The Boys In Company C,Andrew Stevens,FALSE,,
1978,1979,36,Best Performance by an Actor in a Motion Picture - Musical or Comedy,The Buddy Holly Story,Gary Busey,FALSE,,
1978,1979,36,Best Performance by an Actress in a Television Series - Musical or Comedy,The Carol Burnett Show,Carol Burnett,FALSE,,
1978,1979,36,Best Original Score - Motion Picture,The Children of Sanchez,Chuck Mangione,FALSE,,
1978,1979,36,Best Director - Motion Picture,The Deer Hunter,Michael Cimino,TRUE,,
1978,1979,36,Best Motion Picture - Drama,The Deer Hunter,,FALSE,,
1978,1979,36,Best Performance by an Actor in a Motion Picture - Drama,The Deer Hunter,Robert De Niro,FALSE,,
1978,1979,36,Best Performance by an Actor in a Supporting Role in any Motion Picture,The Deer Hunter,Christopher Walken,FALSE,,
1978,1979,36,Best Performance by an Actress in a Supporting Role in any Motion Picture,The Deer Hunter,Meryl Streep,FALSE,,
1978,1979,36,Best Screenplay - Motion Picture,The Deer Hunter,Deric Washburn,FALSE,,
1978,1979,36,Television Movie,The Immigrants,,FALSE,,
1978,1979,36,Best Original Score - Motion Picture,The Lord of the Rings,Leonard Rosenman,FALSE,,
1978,1979,36,Best Performance by an Actor in a Television Series - Musical or Comedy,The Love Boat,Gavin MacLeod,FALSE,,
1978,1979,36,Best Television Series - Musical or Comedy,The Love Boat,,FALSE,,
1978,1979,36,Best Performance by an Actor In A Television Series - Drama,The Paper Chase,John Houseman,FALSE,,
1978,1979,36,Best Performance by an Actor In A Television Series - Drama,The Rockford Files,James Garner,FALSE,,
1978,1979,36,"Best Performance by an Actor in a Supporting Role in a Series, Limited Series or Motion Picture Made for Television",Three's Company,Norman Fell,TRUE,,
1978,1979,36,Best Performance by an Actor in a Television Series - Musical or Comedy,Three's Company,John Ritter,FALSE,,
1978,1979,36,"Best Performance by an Actress in a Supporting Role in a Series, Limited Series or Motion Picture Made for Television",Three's Company,Audra Lindley,FALSE,,
1978,1979,36,Best Performance by an Actress in a Television Series - Musical or Comedy,Three's Company,Suzanne Somers,FALSE,,
1978,1979,36,Best Television Series - Musical or Comedy,Three's Company,,FALSE,,
1978,1979,36,New Star Of The Year - Actor,Uncle Joe Shannon,Doug McKeon,FALSE,,
1978,1979,36,Best Performance by an Actress In A Television Series - Drama,Wheels,Lee Remick,FALSE,,
1978,1979,36,Best Performance by an Actor in a Supporting Role in any Motion Picture,Who Is Killing The Great Chefs of Europe?,Robert Morley,FALSE,,
1978,1979,36,Best Performance by an Actress in a Motion Picture - Musical or Comedy,Who Is Killing The Great Chefs of Europe?,Jacqueline Bisset,FALSE,,
1978,1979,36,Television Movie,Ziegfeld: The Man and His Women,,FALSE,,
1978,1979,36,Cecil B. deMille Award,,Lucille Ball,FALSE,,
1978,1979,36,Henrietta Award (World Film Favorites),,Jane Fonda,TRUE,,
1978,1979,36,Henrietta Award (World Film Favorites),,John Travolta,TRUE,,
1979,1980,37,Best Motion Picture - Musical or Comedy,10,,FALSE,,
1979,1980,37,Best Original Score - Motion Picture,10,Henry Mancini,FALSE,,
1979,1980,37,Best Performance by an Actor in a Motion Picture - Musical or Comedy,10,Dudley Moore,FALSE,,
1979,1980,37,Best Performance by an Actress in a Motion Picture - Musical or Comedy,10,Julie Andrews,FALSE,,
1979,1980,37,New Star Of The Year - Actress,10,Bo Derek,FALSE,,
1979,1980,37,Best Original Score - Motion Picture,A Little Romance,Georges Delerue,FALSE,,
1979,1980,37,Best Performance by an Actor in a Supporting Role in any Motion Picture,A Little Romance,Laurence Olivier,FALSE,,
1979,1980,37,"Best Performance by an Actor in a Supporting Role in a Series, Limited Series or Motion Picture Made for Television",Alice,Vic Tayback,TRUE,,
1979,1980,37,"Best Performance by an Actress in a Supporting Role in a Series, Limited Series or Motion Picture Made for Television",Alice,Beth Howland,FALSE,,
1979,1980,37,"Best Performance by an Actress in a Supporting Role in a Series, Limited Series or Motion Picture Made for Television",Alice,Polly Holliday,TRUE,,
1979,1980,37,Best Performance by an Actress in a Television Series - Musical or Comedy,Alice,Linda Lavin,TRUE,,
1979,1980,37,Best Television Series - Musical or Comedy,Alice,,TRUE,,
1979,1980,37,Best Original Score - Motion Picture,Alien,Jerry Goldsmith,FALSE,,
1979,1980,37,Best Performance by an Actress in a Television Series - Musical or Comedy,All In The Family,Jean Stapleton,FALSE,,
1979,1980,37,Television Movie,All Quiet on the Western Front,,TRUE,,
1979,1980,37,Best Performance by an Actor in a Motion Picture - Musical or Comedy,All That Jazz,Roy Scheider,FALSE,,
1979,1980,37,Best Performance by an Actor in a Motion Picture - Drama,And Justice For All,Al Pacino,FALSE,,
1979,1980,37,Best Performance by an Actress in a Television Series - Musical or Comedy,Angie,Donna Pescow,FALSE,,
1979,1980,37,Best Director - Motion Picture,Apocalypse Now,Francis Ford Coppola,TRUE,,
1979,1980,37,Best Motion Picture - Drama,Apocalypse Now,,FALSE,,
1979,1980,37,Best Original Score - Motion Picture,Apocalypse Now,Carmine Coppola,TRUE,,
1979,1980,37,Best Performance by an Actor in a Supporting Role in any Motion Picture,Apocalypse Now,Robert Duvall,TRUE,,
1979,1980,37,Best Television Series - Drama,Backstairs at The White House,,FALSE,,
1979,1980,37,Best Director - Motion Picture,Being There,Hal Ashby,FALSE,,
1979,1980,37,Best Motion Picture - Musical or Comedy,Being There,,FALSE,,
1979,1980,37,Best Performance by an Actor in a Motion Picture - Musical or Comedy,Being There,Peter Sellers,TRUE,,
1979,1980,37,Best Performance by an Actor in a Supporting Role in any Motion Picture,Being There,Melvyn Douglas,TRUE,,
1979,1980,37,Best Performance by an Actress in a Motion Picture - Musical or Comedy,Being There,Shirley MacLaine,FALSE,,
1979,1980,37,Best Screenplay - Motion Picture,Being There,Robert C. Jones,FALSE,,
1979,1980,37,Best Performance by an Actor In A Television Series - Drama,Blind Ambition,Martin Sheen,FALSE,,
1979,1980,37,Best Director - Motion Picture,Breaking Away,Peter Yates,FALSE,,
1979,1980,37,Best Motion Picture - Musical or Comedy,Breaking Away,,TRUE,,
1979,1980,37,Best Screenplay - Motion Picture,Breaking Away,Steve Tesich,FALSE,,
1979,1980,37,New Star Of The Year - Actor,Breaking Away,Dennis Christopher,FALSE,,
1979,1980,37,Best Performance by an Actor In A Television Series - Drama,Centennial,Richard Chamberlain,FALSE,,
1979,1980,37,Best Television Series - Drama,Centennial,,FALSE,,
1979,1980,37,Best Performance by an Actress in a Motion Picture - Musical or Comedy,Chapter Two,Marsha Mason,FALSE,,
1979,1980,37,Best Performance by an Actress in a Supporting Role in any Motion Picture,Chapter Two,Valerie Harper,FALSE,,
1979,1980,37,"Best Performance by an Actor in a Supporting Role in a Series, Limited Series or Motion Picture Made for Television",Charlie's Angels,David Doyle,FALSE,,
1979,1980,37,Best Performance by an Actor In A Television Series - Drama,CHiPs,Erik Estrada,FALSE,,
1979,1980,37,Best Performance by an Actress In A Television Series - Drama,Dallas,Barbara Bel Geddes,FALSE,,
1979,1980,37,Best Television Series - Drama,Dallas,,FALSE,,
1979,1980,37,Television Movie,Elvis,,FALSE,,
1979,1980,37,Best Performance by an Actress In A Television Series - Drama,Family,Sada Thompson,FALSE,,
1979,1980,37,Television Movie,Friendly Fire,,FALSE,,
1979,1980,37,Best Performance by an Actress In A Television Series - Drama,From Here to Eternity,Natalie Wood,TRUE,,
1979,1980,37,New Star Of The Year - Actress,Goldengirl,Susan Anton,FALSE,,
1979,1980,37,Best Motion Picture - Musical or Comedy,Hair,,FALSE,,
1979,1980,37,New Star Of The Year,Hair,Treat Williams,FALSE,,
1979,1980,37,Best Performance by an Actor In A Television Series - Drama,Hart To Hart,Robert Wagner,FALSE,,
1979,1980,37,Best Performance by an Actress In A Television Series - Drama,Hart To Hart,Stefanie Powers,FALSE,,
1979,1980,37,Best Original Song - Motion Picture,Ice Castles,Marvin Hamlisch,FALSE,Through the Eyes of Love (Theme from Ice Castles),
1979,1980,37,Best Original Song - Motion Picture,Ice Castles,Carole Bayer Sager,FALSE,Through the Eyes of Love (Theme from Ice Castles),
1979,1980,37,New Star Of The Year - Actress,Ice Castles,Lynn-Holly Johnson,FALSE,,
1979,1980,37,Best Performance by an Actress In A Television Series - Drama,Kate Columbo,Kate Mulgrew,FALSE,,
1979,1980,37,Best Director - Motion Picture,Kramer vs. Kramer,Robert Benton,FALSE,,
1979,1980,37,Best Motion Picture - Drama,Kramer vs. Kramer,,TRUE,,
1979,1980,37,Best Performance by an Actor in a Motion Picture - Drama,Kramer vs. Kramer,Dustin Hoffman,TRUE,,
1979,1980,37,Best Performance by an Actor in a Supporting Role in any Motion Picture,Kramer vs. Kramer,Justin Henry,FALSE,,
1979,1980,37,Best Performance by an Actress in a Supporting Role in any Motion Picture,Kramer vs. Kramer,Jane Alexander,FALSE,,
1979,1980,37,Best Performance by an Actress in a Supporting Role in any Motion Picture,Kramer vs. Kramer,Meryl Streep,TRUE,,
1979,1980,37,Best Screenplay - Motion Picture,Kramer vs. Kramer,Robert Benton,TRUE,,
1979,1980,37,New Star Of The Year - Actor,Kramer vs. Kramer,Justin Henry,FALSE,,
1979,1980,37,Best Motion Picture - Foreign Language,La Cage aux Folles,Édouard Molinaro,TRUE,,France
1979,1980,37,Best Performance by an Actress in a Television Series - Musical or Comedy,Laverne & Shirley,Penny Marshall,FALSE,,
1979,1980,37,Television Movie,Like Normal People,,FALSE,,
1979,1980,37,Best Performance by an Actor In A Television Series - Drama,Lou Grant,Ed Asner,TRUE,,
1979,1980,37,"Best Performance by an Actress in a Supporting Role in a Series, Limited Series or Motion Picture Made for Television",Lou Grant,Linda Kelsey,FALSE,,
1979,1980,37,Best Television Series - Drama,Lou Grant,,TRUE,,
1979,1980,37,Best Performance by an Actor in a Motion Picture - Musical or Comedy,Love at First Bite,George Hamilton,FALSE,,
1979,1980,37,Best Performance by an Actress in a Motion Picture - Drama,Luna,Jill Clayburgh,FALSE,,
1979,1980,37,Best Performance by an Actor in a Television Series - Musical or Comedy,M*A*S*H,Alan Alda,TRUE,,
1979,1980,37,Best Performance by an Actress in a Television Series - Musical or Comedy,M*A*S*H,Loretta Swit,FALSE,,
1979,1980,37,Best Television Series - Musical or Comedy,M*A*S*H,,FALSE,,
1979,1980,37,Best Motion Picture - Drama,Manhattan,,FALSE,,
1979,1980,37,Best Performance by an Actor in a Television Series - Musical or Comedy,Mork & Mindy,Robin Williams,FALSE,,
1979,1980,37,Best Motion Picture - Drama,Norma Rae,,FALSE,,
1979,1980,37,Best Performance by an Actress in a Motion Picture - Drama,Norma Rae,Sally Field,TRUE,,
1979,1980,37,Best Screenplay - Motion Picture,Norma Rae,Harriet Frank Jr.,FALSE,,
1979,1980,37,New Star Of The Year - Actor,Players,Dean-Paul Martin,FALSE,,
1979,1980,37,Best Performance by an Actress in a Motion Picture - Drama,Promises In The Dark,Marsha Mason,FALSE,,
1979,1980,37,Best Performance by an Actress in a Supporting Role in any Motion Picture,Promises In The Dark,Kathleen Beller,FALSE,,
1979,1980,37,Best Television Series - Drama,Roots: The Next Generations,,FALSE,,
1979,1980,37,Best Motion Picture - Foreign Language,Soldier of Orange,Paul Verhoeven,FALSE,,Netherlands
1979,1980,37,Best Original Score - Motion Picture,Star Trek: The Motion Picture,Jerry Goldsmith,FALSE,,
1979,1980,37,Best Original Song - Motion Picture,Starting Over,Marvin Hamlisch,FALSE,Better Than Ever,
1979,1980,37,Best Original Song - Motion Picture,Starting Over,Carole Bayer Sager,FALSE,Better Than Ever,
1979,1980,37,Best Performance by an Actor in a Motion Picture - Musical or Comedy,Starting Over,Burt Reynolds,FALSE,,
1979,1980,37,Best Performance by an Actress in a Motion Picture - Musical or Comedy,Starting Over,Jill Clayburgh,FALSE,,
1979,1980,37,Best Performance by an Actress in a Supporting Role in any Motion Picture,Starting Over,Candice Bergen,FALSE,,
1979,1980,37,"Best Performance by an Actor in a Supporting Role in a Series, Limited Series or Motion Picture Made for Television",Taxi,Danny DeVito,TRUE,,
1979,1980,37,"Best Performance by an Actor in a Supporting Role in a Series, Limited Series or Motion Picture Made for Television",Taxi,Jeff Conway,FALSE,,
1979,1980,37,"Best Performance by an Actor in a Supporting Role in a Series, Limited Series or Motion Picture Made for Television",Taxi,Tony Danza,FALSE,,
1979,1980,37,Best Performance by an Actor in a Television Series - Musical or Comedy,Taxi,Judd Hirsch,FALSE,,
1979,1980,37,"Best Performance by an Actress in a Supporting Role in a Series, Limited Series or Motion Picture Made for Television",Taxi,Marilu Henner,FALSE,,
1979,1980,37,Best Television Series - Musical or Comedy,Taxi,,TRUE,,
1979,1980,37,Best Original Score - Motion Picture,The Amityville Horror,Lalo Schifrin,FALSE,,
1979,1980,37,Best Performance by an Actor in a Television Series - Musical or Comedy,The Associates,Wilfred Hyde-White,FALSE,,
1979,1980,37,Best Television Series - Musical or Comedy,The Associates,,FALSE,,
1979,1980,37,Best Original Score - Motion Picture,The Black Stallion,Carmine Coppola,FALSE,,
1979,1980,37,Best Performance by an Actor in a Motion Picture - Drama,The Champ,Jon Voight,FALSE,,
1979,1980,37,New Star Of The Year - Actor,The Champ,Ricky/Rick Schroder,TRUE,,
1979,1980,37,Best Director - Motion Picture,The China Syndrome,James Bridges,FALSE,,
1979,1980,37,Best Motion Picture - Drama,The China Syndrome,,FALSE,,
1979,1980,37,Best Performance by an Actor in a Motion Picture - Drama,The China Syndrome,Jack Lemmon,FALSE,,
1979,1980,37,Best Performance by an Actress in a Motion Picture - Drama,The China Syndrome,Jane Fonda,FALSE,,
1979,1980,37,Best Screenplay - Motion Picture,The China Syndrome,James Bridges,FALSE,,
1979,1980,37,Best Motion Picture - Foreign Language,The Europeans,James Ivory,FALSE,,United Kingdom
1979,1980,37,Best Television Series - Musical or Comedy,The Love Boat,,FALSE,,
1979,1980,37,Best Original Song - Motion Picture,The Main Event,Paul Jabara,FALSE,The Main Event,
1979,1980,37,Best Original Song - Motion Picture,The Main Event,Bruce Roberts,FALSE,The Main Event,
1979,1980,37,Best Motion Picture - Foreign Language,The Marriage of Maria Braun,Rainer Werner Fassbinder,FALSE,,West Germany
1979,1980,37,Television Movie,The Miracle Worker,,FALSE,,
1979,1980,37,Best Original Song - Motion Picture,The Muppet Movie,Paul Williams,FALSE,The Rainbow Connection,
1979,1980,37,Best Original Song - Motion Picture,The Muppet Movie,Kenny Ascher,FALSE,The Rainbow Connection,
1979,1980,37,Best Performance by an Actor in a Motion Picture - Drama,The Onion Field,James Woods,FALSE,,
1979,1980,37,Best Performance by an Actor In A Television Series - Drama,The Paper Chase,John Houseman,FALSE,,
1979,1980,37,Best Performance by an Actor In A Television Series - Drama,The Rockford Files,James Garner,FALSE,,
1979,1980,37,Best Television Series - Drama,The Rockford Files,,FALSE,,
1979,1980,37,Best Motion Picture - Musical or Comedy,The Rose,,FALSE,,
1979,1980,37,Best Original Song - Motion Picture,The Rose,Amanda McBroom,TRUE,The Rose,
1979,1980,37,Best Performance by an Actor in a Supporting Role in any Motion Picture,The Rose,Frederic Forrest,FALSE,,
1979,1980,37,Best Performance by an Actress in a Motion Picture - Musical or Comedy,The Rose,Bette Midler,TRUE,,
1979,1980,37,New Star Of The Year - Actress,The Rose,Bette Midler,TRUE,,
1979,1980,37,Best Performance by an Actor in a Television Series - Musical or Comedy,Three's Company,John Ritter,FALSE,,
1979,1980,37,Best Motion Picture - Foreign Language,Till Marriage Do Us Part,Luigi Comencini,FALSE,,Italy
1979,1980,37,Best Performance by an Actor In A Television Series - Drama,Vega$,Robert Urich,FALSE,,
1979,1980,37,"Best Performance by an Actress in a Supporting Role in a Series, Limited Series or Motion Picture Made for Television",WKRP In Cincinnati,Loni Anderson,FALSE,,
1979,1980,37,Best Performance by an Actress in a Motion Picture - Drama,Yanks,Lisa Eichhorn,FALSE,,
1979,1980,37,New Star Of The Year - Actress,Yanks,Lisa Eichhorn,FALSE,,
1979,1980,37,Cecil B. deMille Award,,Henry Fonda,FALSE,,
1979,1980,37,Henrietta Award (World Film Favorites),,Jane Fonda,TRUE,,
1979,1980,37,Henrietta Award (World Film Favorites),,Roger Moore,TRUE,,
1980,1981,38,Television Movie,A Tale of Two Cities,,FALSE,,
1980,1981,38,Best Motion Picture - Musical or Comedy,Airplane!,,FALSE,,
1980,1981,38,"Best Performance by an Actor in a Supporting Role in a Series, Limited Series or Motion Picture Made for Television",Alice,Vic Tayback,TRUE,,
1980,1981,38,"Best Performance by an Actress in a Supporting Role in a Series, Limited Series or Motion Picture Made for Television",Alice,Beth Howland,FALSE,,
1980,1981,38,"Best Performance by an Actress in a Supporting Role in a Series, Limited Series or Motion Picture Made for Television",Alice,Diane Ladd,TRUE,,
1980,1981,38,Best Performance by an Actress in a Television Series - Musical or Comedy,Alice,Linda Lavin,FALSE,,
1980,1981,38,Best Television Series - Musical or Comedy,Alice,,FALSE,,
1980,1981,38,New Star Of The Year - Actor,Altered States,William Hurt,FALSE,,
1980,1981,38,Best Original Score - Motion Picture,American Gigolo,Giorgio Moroder,FALSE,,
1980,1981,38,Best Original Song - Motion Picture,American Gigolo,Giorgio Moroder,FALSE,Call Me,
1980,1981,38,Best Original Song - Motion Picture,American Gigolo,Debbie Harry,FALSE,Call Me,
1980,1981,38,Best Original Song - Motion Picture,American Gigolo,Blondie,FALSE,Call Me,
1980,1981,38,Best Performance by an Actor in a Television Series - Musical or Comedy,Barney Miller,Hal Linden,FALSE,,
1980,1981,38,Best Motion Picture - Foreign Language,Breaker Morant,Bruce Beresford,FALSE,,Australia
1980,1981,38,Best Motion Picture - Musical or Comedy,Coal Miner's Daughter,,TRUE,,
1980,1981,38,Best Performance by an Actor in a Motion Picture - Musical or Comedy,Coal Miner's Daughter,Tommy Lee Jones,FALSE,,
1980,1981,38,Best Performance by an Actress in a Motion Picture - Musical or Comedy,Coal Miner's Daughter,Sissy Spacek,TRUE,,
1980,1981,38,Best Performance by an Actress in a Supporting Role in any Motion Picture,Coal Miner's Daughter,Beverly D'Angelo,FALSE,,
1980,1981,38,Best Performance by an Actor In A Television Series - Drama,Dallas,Larry Hagman,FALSE,,
1980,1981,38,Best Performance by an Actress In A Television Series - Drama,Dallas,Barbara Bel Geddes,FALSE,,
1980,1981,38,Best Performance by an Actress In A Television Series - Drama,Dallas,Linda Gray,FALSE,,
1980,1981,38,Best Television Series - Drama,Dallas,,FALSE,,
1980,1981,38,Best Performance by an Actress in a Motion Picture - Musical or Comedy,Divine Madness,Bette Midler,FALSE,,
1980,1981,38,New Star Of The Year - Actress,Dressed To Kill,Nancy Allen,FALSE,,
1980,1981,38,Best Original Song - Motion Picture,Endless Love,Lionel Richie,FALSE,Endless Love,
1980,1981,38,Best Original Song - Motion Picture,Endless Love,Diana Ross,FALSE,Endless Love,
1980,1981,38,Best Original Song - Motion Picture,Falling In Love Again,Michel Legrand,FALSE,Yesterday's Dreams,
1980,1981,38,Best Original Song - Motion Picture,Falling In Love Again,Carol Connors,FALSE,Yesterday's Dreams,
1980,1981,38,Best Original Song - Motion Picture,Falling In Love Again,Johnny Mathis,FALSE,Yesterday's Dreams,
1980,1981,38,Best Motion Picture - Musical or Comedy,Fame,,FALSE,,
1980,1981,38,Best Original Score - Motion Picture,Fame,Michael Gore,FALSE,,
1980,1981,38,Best Original Song - Motion Picture,Fame,Michael Gore,TRUE,Fame,
1980,1981,38,Best Original Song - Motion Picture,Fame,Dean Pitchford,TRUE,Fame,
1980,1981,38,Best Performance by an Actress in a Motion Picture - Musical or Comedy,Fame,Irene Cara,FALSE,,
1980,1981,38,"Best Performance by an Actor in a Supporting Role in a Series, Limited Series or Motion Picture Made for Television",Flo,Geoffrey Lewis,FALSE,,
1980,1981,38,Best Performance by an Actress in a Television Series - Musical or Comedy,Flo,Polly Holliday,FALSE,,
1980,1981,38,Best Performance by an Actress in a Motion Picture - Drama,Gloria,Gena Rowlands,FALSE,,
1980,1981,38,Best Performance by an Actor In A Television Series - Drama,Hart To Hart,Robert Wagner,FALSE,,
1980,1981,38,Best Performance by an Actress In A Television Series - Drama,Hart To Hart,Stefanie Powers,FALSE,,
1980,1981,38,Best Television Series - Drama,Hart To Hart,,FALSE,,
1980,1981,38,Best Performance by an Actor in a Motion Picture - Musical or Comedy,Hopscotch,Walter Matthau,FALSE,,
1980,1981,38,Best Performance by an Actor in a Television Series - Musical or Comedy,House Calls,Wayne Rogers,FALSE,,
1980,1981,38,Best Performance by an Actress in a Television Series - Musical or Comedy,House Calls,Lynn Redgrave,FALSE,,
1980,1981,38,Best Motion Picture - Foreign Language,Kagemusha,Akira Kurosawa,FALSE,,Japan
1980,1981,38,Best Performance by an Actress In A Television Series - Drama,Little House on the Prairie,Melissa Gilbert,FALSE,,
1980,1981,38,Best Performance by an Actor In A Television Series - Drama,Lou Grant,Ed Asner,FALSE,,
1980,1981,38,"Best Performance by an Actress in a Supporting Role in a Series, Limited Series or Motion Picture Made for Television",Lou Grant,Linda Kelsey,FALSE,,
1980,1981,38,Best Television Series - Drama,Lou Grant,,FALSE,,
1980,1981,38,Best Performance by an Actor in a Television Series - Musical or Comedy,M*A*S*H,Alan Alda,TRUE,,
1980,1981,38,Best Television Series - Musical or Comedy,M*A*S*H,,FALSE,,
1980,1981,38,Best Motion Picture - Musical or Comedy,Melvin and Howard,,FALSE,,
1980,1981,38,Best Performance by an Actor in a Motion Picture - Musical or Comedy,Melvin and Howard,Paul Le Mat,FALSE,,
1980,1981,38,Best Performance by an Actor in a Supporting Role in any Motion Picture,Melvin and Howard,Jason Robards Jr.,FALSE,,
1980,1981,38,Best Performance by an Actress in a Supporting Role in any Motion Picture,Melvin and Howard,Mary Steenburgen,TRUE,,
1980,1981,38,Best Television Series - Drama,Moviola,,FALSE,,
1980,1981,38,Best Motion Picture - Foreign Language,My Brilliant Career,Gillian Armstrong,FALSE,,Australia
1980,1981,38,Best Original Song - Motion Picture,Nine to Five,Dolly Parton,FALSE,Nine to Five,
1980,1981,38,Best Performance by an Actress in a Motion Picture - Musical or Comedy,Nine to Five,Dolly Parton,FALSE,,
1980,1981,38,New Star Of The Year - Actress,Nine to Five,Dolly Parton,FALSE,,
1980,1981,38,"Best Performance by an Actor in a Supporting Role in a Series, Limited Series or Motion Picture Made for Television",One Day at a Time,Pat Harrington,TRUE,,
1980,1981,38,"Best Performance by an Actress in a Supporting Role in a Series, Limited Series or Motion Picture Made for Television",One Day at a Time,Valerie Bertinelli,TRUE,,
1980,1981,38,Best Director - Motion Picture,Ordinary People,Robert Redford,TRUE,,
1980,1981,38,Best Motion Picture - Drama,Ordinary People,,TRUE,,
1980,1981,38,Best Performance by an Actor in a Motion Picture - Drama,Ordinary People,Donald Sutherland,FALSE,,
1980,1981,38,Best Performance by an Actor in a Supporting Role in any Motion Picture,Ordinary People,Judd Hirsch,FALSE,,
1980,1981,38,Best Performance by an Actor in a Supporting Role in any Motion Picture,Ordinary People,Timothy Hutton,TRUE,,
1980,1981,38,Best Performance by an Actress in a Motion Picture - Drama,Ordinary People,Mary Tyler Moore,TRUE,,
1980,1981,38,Best Screenplay - Motion Picture,Ordinary People,Alvin Sargent,FALSE,,
1980,1981,38,New Star Of The Year - Actor,Ordinary People,Timothy Hutton,TRUE,,
1980,1981,38,Television Movie,Playing for Time,,FALSE,,
1980,1981,38,Best Performance by an Actress in a Motion Picture - Musical or Comedy,Private Benjamin,Goldie Hawn,FALSE,,
1980,1981,38,Best Director - Motion Picture,Raging Bull,Martin Scorsese,FALSE,,
1980,1981,38,Best Motion Picture - Drama,Raging Bull,,FALSE,,
1980,1981,38,Best Performance by an Actor in a Motion Picture - Drama,Raging Bull,Robert De Niro,TRUE,,
1980,1981,38,Best Performance by an Actor in a Supporting Role in any Motion Picture,Raging Bull,Joe Pesci,FALSE,,
1980,1981,38,Best Performance by an Actress in a Supporting Role in any Motion Picture,Raging Bull,Cathy Moriarty,FALSE,,
1980,1981,38,Best Screenplay - Motion Picture,Raging Bull,Mardik Martin,FALSE,,
1980,1981,38,New Star Of The Year - Actress,Raging Bull,Cathy Moriarty,FALSE,,
1980,1981,38,Best Performance by an Actress in a Motion Picture - Drama,Resurrection,Ellen Burstyn,FALSE,,
1980,1981,38,Best Performance by an Actor In A Television Series - Drama,Shogun,Richard Chamberlain,TRUE,,
1980,1981,38,Best Performance by an Actress In A Television Series - Drama,Shogun,Yoko Shimada,TRUE,,
1980,1981,38,Best Television Series - Drama,Shogun,,TRUE,,
1980,1981,38,Best Performance by an Actress in a Television Series - Musical or Comedy,Soap,Katherine Helmond,TRUE,,
1980,1981,38,Best Television Series - Musical or Comedy,Soap,,FALSE,,
1980,1981,38,Best Original Score - Motion Picture,Somewhere in Time,John Barry,FALSE,,
1980,1981,38,Best Motion Picture - Foreign Language,Special Treatment,Goran Paskaljevic,FALSE,,Yugoslavia
1980,1981,38,Best Original Score - Motion Picture,Star Wars: Episode V - The Empire Strikes Back,John Williams,FALSE,,
1980,1981,38,"Best Performance by an Actor in a Supporting Role in a Series, Limited Series or Motion Picture Made for Television",Taxi,Andy Kaufman,FALSE,,
1980,1981,38,"Best Performance by an Actor in a Supporting Role in a Series, Limited Series or Motion Picture Made for Television",Taxi,Danny DeVito,FALSE,,
1980,1981,38,Best Performance by an Actor in a Television Series - Musical or Comedy,Taxi,Judd Hirsch,FALSE,,
1980,1981,38,"Best Performance by an Actress in a Supporting Role in a Series, Limited Series or Motion Picture Made for Television",Taxi,Marilu Henner,FALSE,,
1980,1981,38,Best Television Series - Musical or Comedy,Taxi,,TRUE,,
1980,1981,38,Best Director - Motion Picture,Tess,Roman Polanski,FALSE,,
1980,1981,38,Best Motion Picture - Foreign Language,Tess,Roman Polanski,TRUE,,United Kingdom
1980,1981,38,Best Performance by an Actress in a Motion Picture - Drama,Tess,Nastassja Kinski,FALSE,,
1980,1981,38,New Star Of The Year - Actress,Tess,Nastassja Kinski,TRUE,,
1980,1981,38,New Star Of The Year - Actor,The Blue Lagoon,Christopher Atkins,FALSE,,
1980,1981,38,Best Original Score - Motion Picture,The Competition,Lalo Schifrin,FALSE,,
1980,1981,38,Television Movie,The Diary of Anne Frank,,FALSE,,
1980,1981,38,Best Director - Motion Picture,The Elephant Man,David Lynch,FALSE,,
1980,1981,38,Best Motion Picture - Drama,The Elephant Man,,FALSE,,
1980,1981,38,Best Performance by an Actor in a Motion Picture - Drama,The Elephant Man,John Hurt,FALSE,,
1980,1981,38,Best Screenplay - Motion Picture,The Elephant Man,Eric Bergren,FALSE,,
1980,1981,38,New Star Of The Year - Actor,The Great Santini,Michael O'Keefe,FALSE,,
1980,1981,38,Best Motion Picture - Musical or Comedy,The Idolmaker,,FALSE,,
1980,1981,38,Best Performance by an Actor in a Motion Picture - Musical or Comedy,The Idolmaker,Ray Sharkey,TRUE,,
1980,1981,38,Best Original Song - Motion Picture,The Jazz Singer,Neil Diamond,FALSE,Love on the Rocks,
1980,1981,38,Best Original Song - Motion Picture,The Jazz Singer,Gilbert Bécaud,FALSE,Love on the Rocks,
1980,1981,38,Best Performance by an Actor in a Motion Picture - Musical or Comedy,The Jazz Singer,Neil Diamond,FALSE,,
1980,1981,38,Best Performance by an Actress in a Supporting Role in any Motion Picture,The Jazz Singer,Lucie Arnaz,FALSE,,
1980,1981,38,Best Motion Picture - Foreign Language,The Last Metro,François Truffaut,FALSE,,France
1980,1981,38,Best Performance by an Actor in a Television Series - Musical or Comedy,The Love Boat,Gavin MacLeod,FALSE,,
1980,1981,38,Best Television Series - Musical or Comedy,The Love Boat,,FALSE,,
1980,1981,38,Best Motion Picture - Drama,The Ninth Configuration,,FALSE,,
1980,1981,38,Best Performance by an Actor in a Supporting Role in any Motion Picture,The Ninth Configuration,Scott Wilson,FALSE,,
1980,1981,38,Best Screenplay - Motion Picture,The Ninth Configuration,William Peter Blatty,TRUE,,
1980,1981,38,Television Movie,The Ordeal of Dr. Mudd,,FALSE,,
1980,1981,38,Television Movie,The Shadow Box,,TRUE,,
1980,1981,38,Best Director - Motion Picture,The Stunt Man,Richard Rush,FALSE,,
1980,1981,38,Best Motion Picture - Drama,The Stunt Man,,FALSE,,
1980,1981,38,Best Original Score - Motion Picture,The Stunt Man,Dominic Frontiere,TRUE,,
1980,1981,38,Best Performance by an Actor in a Motion Picture - Drama,The Stunt Man,Peter O'Toole,FALSE,,
1980,1981,38,Best Screenplay - Motion Picture,The Stunt Man,Lawrence B. Marcus,FALSE,,
1980,1981,38,New Star Of The Year - Actor,The Stunt Man,Steve Railsback,FALSE,,
1980,1981,38,Best Performance by an Actress in a Motion Picture - Drama,Touched by Love,Deborah Raffin,FALSE,,
1980,1981,38,Best Performance by an Actor in a Motion Picture - Drama,Tribute,Jack Lemmon,FALSE,,
1980,1981,38,Best Performance by an Actress in a Supporting Role in any Motion Picture,Urban Cowboy,Debra Winger,FALSE,,
1980,1981,38,New Star Of The Year - Actress,Urban Cowboy,Debra Winger,FALSE,,
1980,1981,38,Best Performance by an Actor In A Television Series - Drama,Vega$,Robert Urich,FALSE,,
1980,1981,38,Best Television Series - Drama,Vega$,,FALSE,,
1980,1981,38,Best Performance by an Actress in a Television Series - Musical or Comedy,WKRP In Cincinnati,Loni Anderson,FALSE,,
1980,1981,38,Cecil B. deMille Award,,Gene Kelly,FALSE,,
1981,1982,39,Television Special - Variety Or Musical,A Lincoln Center Special: Beverly!,,FALSE,,
1981,1982,39,Best Performance by an Actor in a Limited Series or a Motion Picture Made for Television,A Long Way Home,Timothy Hutton,FALSE,,
1981,1982,39,Best Television Limited Series or Motion Picture Made for Television,A Long Way Home,,FALSE,,
1981,1982,39,Best Performance by an Actress in a Motion Picture - Drama,Absence of Malice,Sally Field,FALSE,,
1981,1982,39,Best Screenplay - Motion Picture,Absence of Malice,Kurt Luedtke,FALSE,,
1981,1982,39,Television Special - Variety Or Musical,AFI Salute To Fred Astaire,,FALSE,,
1981,1982,39,"Best Performance by an Actor in a Supporting Role in a Series, Limited Series or Motion Picture Made for Television",Alice,Vic Tayback,FALSE,,
1981,1982,39,"Best Performance by an Actress in a Supporting Role in a Series, Limited Series or Motion Picture Made for Television",Alice,Beth Howland,FALSE,,
1981,1982,39,"Best Performance by an Actress in a Supporting Role in a Series, Limited Series or Motion Picture Made for Television",Archie Bunker's Place,Danielle Brisebois,FALSE,,
1981,1982,39,Best Motion Picture - Musical or Comedy,Arthur,,TRUE,,
1981,1982,39,Best Original Song - Motion Picture,Arthur,Carole Bayer Sager,TRUE,Arthur's Theme (Best That You Can Do),
1981,1982,39,Best Original Song - Motion Picture,Arthur,Burt Bacharach,TRUE,Arthur's Theme (Best That You Can Do),
1981,1982,39,Best Original Song - Motion Picture,Arthur,Peter Allen,TRUE,Arthur's Theme (Best That You Can Do),
1981,1982,39,Best Performance by an Actor in a Motion Picture - Musical or Comedy,Arthur,Dudley Moore,TRUE,,
1981,1982,39,Best Performance by an Actor in a Supporting Role in any Motion Picture,Arthur,John Gielgud,TRUE,,
1981,1982,39,Best Performance by an Actress in a Motion Picture - Musical or Comedy,Arthur,Liza Minnelli,FALSE,,
1981,1982,39,Best Director - Motion Picture,Atlantic City,Louis Malle,FALSE,,
1981,1982,39,Best Motion Picture - Foreign Language,Atlantic City,Louis Malle,FALSE,,Canada
1981,1982,39,Best Performance by an Actor in a Motion Picture - Drama,Atlantic City,Burt Lancaster,FALSE,,
1981,1982,39,Best Performance by an Actress in a Television Series - Musical or Comedy,Barbara Mandrell and the Mandrell Sisters,Barbara Mandrell,FALSE,,
1981,1982,39,Best Television Series - Musical or Comedy,Barbara Mandrell and the Mandrell Sisters,,FALSE,,
1981,1982,39,Best Performance by an Actor in a Limited Series or a Motion Picture Made for Television,Bill,Mickey Rooney,TRUE,,
1981,1982,39,Best Television Limited Series or Motion Picture Made for Television,Bill,,TRUE,,
1981,1982,39,New Star Of The Year,Body Heat,Kathleen Turner,FALSE,,
1981,1982,39,Best Performance by an Actor in a Television Series - Musical or Comedy,Brett Maverick,James Garner,FALSE,,
1981,1982,39,Best Original Song - Motion Picture,Butterfly,Ennio Morricone,FALSE,It's Wrong For Me To Love You,
1981,1982,39,Best Original Song - Motion Picture,Butterfly,Carol Connors,FALSE,It's Wrong For Me To Love You,
1981,1982,39,Best Original Song - Motion Picture,Butterfly,Pia Zadora,FALSE,It's Wrong For Me To Love You,
1981,1982,39,Best Performance by an Actor in a Supporting Role in any Motion Picture,Butterfly,Orson Welles,FALSE,,
1981,1982,39,New Star Of The Year,Butterfly,Pia Zadora,TRUE,,
1981,1982,39,Best Motion Picture - Foreign Language,Chariots of Fire,Hugh Hudson,TRUE,,United Kingdom
1981,1982,39,Best Performance by an Actress in a Motion Picture - Musical or Comedy,Continental Divide,Blair Brown,FALSE,,
1981,1982,39,Best Performance by an Actress in a Limited Series or a Motion Picture Made for Television,Crisis at Central High,Joanne Woodward,FALSE,,
1981,1982,39,Best Performance by an Actor In A Television Series - Drama,Dallas,Larry Hagman,FALSE,,
1981,1982,39,Best Performance by an Actress In A Television Series - Drama,Dallas,Barbara Bel Geddes,FALSE,,
1981,1982,39,Best Performance by an Actress In A Television Series - Drama,Dallas,Linda Gray,FALSE,,
1981,1982,39,Best Television Series - Drama,Dallas,,FALSE,,
1981,1982,39,Best Motion Picture - Foreign Language,Das Boot,Wolfgang Petersen,FALSE,,West Germany
1981,1982,39,Television Special - Variety Or Musical,Diana,,FALSE,,
1981,1982,39,Best Performance by an Actor In A Television Series - Drama,Dynasty,John Forsythe,FALSE,,
1981,1982,39,Best Performance by an Actress In A Television Series - Drama,Dynasty,Joan Collins,TRUE,,
1981,1982,39,Best Performance by an Actress In A Television Series - Drama,Dynasty,Linda Evans,TRUE,,
1981,1982,39,Best Television Series - Drama,Dynasty,,FALSE,,
1981,1982,39,Best Performance by an Actress in a Limited Series or a Motion Picture Made for Television,East of Eden,Jane Seymour,TRUE,,
1981,1982,39,Best Television Limited Series or Motion Picture Made for Television,East of Eden,,TRUE,,
1981,1982,39,"Best Performance by an Actor in a Supporting Role in a Series, Limited Series or Motion Picture Made for Television",Fantasy Island,Herve Villechaize,FALSE,,
1981,1982,39,Best Performance by an Actor in a Motion Picture - Musical or Comedy,First Monday in October,Walter Matthau,FALSE,,
1981,1982,39,Best Performance by an Actress in a Motion Picture - Musical or Comedy,First Monday in October,Jill Clayburgh,FALSE,,
1981,1982,39,Best Performance by an Actress In A Television Series - Drama,Flamingo Road,Morgan Fairchild,FALSE,,
1981,1982,39,Best Original Song - Motion Picture,For Your Eyes Only,Bill Conti,FALSE,For Your Eyes Only,
1981,1982,39,Best Original Song - Motion Picture,For Your Eyes Only,Mick Leeson,FALSE,For Your Eyes Only,
1981,1982,39,Best Original Song - Motion Picture,For Your Eyes Only,Sheena Easton,FALSE,For Your Eyes Only,
1981,1982,39,New Star Of The Year,Four Friends,Craig Wasson,FALSE,,
1981,1982,39,Best Motion Picture - Foreign Language,Gallipoli,Peter Weir,FALSE,,Australia
1981,1982,39,Best Performance by an Actress In A Television Series - Drama,Hart To Hart,Stefanie Powers,FALSE,,
1981,1982,39,Best Television Series - Drama,Hart To Hart,,FALSE,,
1981,1982,39,Best Performance by an Actor In A Television Series - Drama,Hill Street Blues,Daniel J. Travanti,TRUE,,
1981,1982,39,Best Performance by an Actress in a Limited Series or a Motion Picture Made for Television,Jacqueline Bouvier Kennedy,Jaclyn Smith,FALSE,,
1981,1982,39,Television Special - Variety Or Musical,Lily: Sold Out,,FALSE,,
1981,1982,39,Best Performance by an Actor In A Television Series - Drama,Lou Grant,Ed Asner,FALSE,,
1981,1982,39,Best Television Series - Drama,Lou Grant,,FALSE,,
1981,1982,39,Best Performance by an Actor in a Television Series - Musical or Comedy,"Love, Sidney",Tony Randall,FALSE,,
1981,1982,39,Best Performance by an Actor in a Television Series - Musical or Comedy,M*A*S*H,Alan Alda,TRUE,,
1981,1982,39,Best Performance by an Actress in a Television Series - Musical or Comedy,M*A*S*H,Loretta Swit,FALSE,,
1981,1982,39,Best Television Series - Musical or Comedy,M*A*S*H,,TRUE,,
1981,1982,39,"Best Performance by an Actor in a Supporting Role in a Series, Limited Series or Motion Picture Made for Television","Magnum, P. I.",John Hillerman,TRUE,,
1981,1982,39,Best Performance by an Actor In A Television Series - Drama,"Magnum, P. I.",Tom Selleck,FALSE,,
1981,1982,39,Best Performance by an Actor in a Limited Series or a Motion Picture Made for Television,Masada,Peter O'Toole,FALSE,,
1981,1982,39,Best Performance by an Actor in a Limited Series or a Motion Picture Made for Television,Masada,Peter Strauss,FALSE,,
1981,1982,39,Best Television Limited Series or Motion Picture Made for Television,Masada,,FALSE,,
1981,1982,39,Best Television Limited Series or Motion Picture Made for Television,Murder In Texas,,FALSE,,
1981,1982,39,Best Director - Motion Picture,On Golden Pond,Mark Rydell,FALSE,,
1981,1982,39,Best Motion Picture - Drama,On Golden Pond,,TRUE,,
1981,1982,39,Best Performance by an Actor in a Motion Picture - Drama,On Golden Pond,Henry Fonda,TRUE,,
1981,1982,39,Best Performance by an Actress in a Motion Picture - Drama,On Golden Pond,Katharine Hepburn,FALSE,,
1981,1982,39,Best Performance by an Actress in a Supporting Role in any Motion Picture,On Golden Pond,Jane Fonda,FALSE,,
1981,1982,39,Best Screenplay - Motion Picture,On Golden Pond,Ernest Thompson,TRUE,,
1981,1982,39,"Best Performance by an Actor in a Supporting Role in a Series, Limited Series or Motion Picture Made for Television",One Day at a Time,Pat Harrington,FALSE,,
1981,1982,39,"Best Performance by an Actress in a Supporting Role in a Series, Limited Series or Motion Picture Made for Television",One Day at a Time,Valerie Bertinelli,TRUE,,
1981,1982,39,Best Performance by an Actress in a Television Series - Musical or Comedy,One Day at a Time,Bonnie Franklin,FALSE,,
1981,1982,39,Best Performance by an Actor in a Supporting Role in any Motion Picture,Only When I Laugh,James Coco,FALSE,,
1981,1982,39,Best Performance by an Actress in a Supporting Role in any Motion Picture,Only When I Laugh,Joan Hackett,TRUE,,
1981,1982,39,Best Performance by an Actress in a Supporting Role in any Motion Picture,Only When I Laugh,Kristy McNichol,FALSE,,
1981,1982,39,Best Motion Picture - Musical or Comedy,Pennies from Heaven,,FALSE,,
1981,1982,39,Best Performance by an Actor in a Motion Picture - Musical or Comedy,Pennies from Heaven,Steve Martin,FALSE,,
1981,1982,39,Best Performance by an Actress in a Motion Picture - Musical or Comedy,Pennies from Heaven,Bernadette Peters,TRUE,,
1981,1982,39,Best Motion Picture - Foreign Language,Pixote,Hector Babenco,FALSE,,Brazil
1981,1982,39,Best Director - Motion Picture,Prince of the City,Sidney Lumet,FALSE,,
1981,1982,39,Best Motion Picture - Drama,Prince of the City,,FALSE,,
1981,1982,39,Best Performance by an Actor in a Motion Picture - Drama,Prince of the City,Treat Williams,FALSE,,
1981,1982,39,Best Performance by an Actress in a Television Series - Musical or Comedy,Private Benjamin,Eileen Brennan,TRUE,,
1981,1982,39,Best Television Series - Musical or Comedy,Private Benjamin,,FALSE,,
1981,1982,39,Best Performance by an Actress in a Motion Picture - Drama,Raggedy Man,Sissy Spacek,FALSE,,
1981,1982,39,Best Director - Motion Picture,Ragtime,Milos Forman,FALSE,,
1981,1982,39,Best Motion Picture - Drama,Ragtime,,FALSE,,
1981,1982,39,Best Original Song - Motion Picture,Ragtime,Randy Newman,FALSE,One More Hour,
1981,1982,39,Best Original Song - Motion Picture,Ragtime,Jennifer Warnes,FALSE,One More Hour,
1981,1982,39,Best Performance by an Actor in a Supporting Role in any Motion Picture,Ragtime,Howard E. Rollins Jr.,FALSE,,
1981,1982,39,Best Performance by an Actress in a Supporting Role in any Motion Picture,Ragtime,Mary Steenburgen,FALSE,,
1981,1982,39,New Star Of The Year,Ragtime,Elizabeth McGovern,FALSE,,
1981,1982,39,New Star Of The Year,Ragtime,Howard E. Rollins Jr.,FALSE,,
1981,1982,39,Best Director - Motion Picture,Raiders of the Lost Ark,Steven Spielberg,FALSE,,
1981,1982,39,Best Director - Motion Picture,Reds,Warren Beatty,TRUE,,
1981,1982,39,Best Motion Picture - Drama,Reds,,FALSE,,
1981,1982,39,Best Performance by an Actor in a Motion Picture - Drama,Reds,Warren Beatty,FALSE,,
1981,1982,39,Best Performance by an Actor in a Supporting Role in any Motion Picture,Reds,Jack Nicholson,FALSE,,
1981,1982,39,Best Performance by an Actress in a Motion Picture - Drama,Reds,Diane Keaton,FALSE,,
1981,1982,39,Best Performance by an Actress in a Supporting Role in any Motion Picture,Reds,Maureen Stapleton,FALSE,,
1981,1982,39,Best Screenplay - Motion Picture,Reds,Warren Beatty,FALSE,,
1981,1982,39,Best Motion Picture - Musical or Comedy,S. O. B.,,FALSE,,
1981,1982,39,New Star Of The Year,Sharky's Machine,Rachel Ward,FALSE,,
1981,1982,39,Best Performance by an Actor in a Limited Series or a Motion Picture Made for Television,Skokie,Danny Kaye,FALSE,,
1981,1982,39,Best Television Series - Drama,Steven Bochco,Hill Street Blues,TRUE,,
1981,1982,39,Best Performance by an Actor in a Motion Picture - Drama,Taps,Timothy Hutton,FALSE,,
1981,1982,39,"Best Performance by an Actor in a Supporting Role in a Series, Limited Series or Motion Picture Made for Television",Taxi,Danny DeVito,FALSE,,
1981,1982,39,Best Performance by an Actor in a Television Series - Musical or Comedy,Taxi,Judd Hirsch,FALSE,,
1981,1982,39,"Best Performance by an Actress in a Supporting Role in a Series, Limited Series or Motion Picture Made for Television",Taxi,Marilu Henner,FALSE,,
1981,1982,39,Best Television Series - Musical or Comedy,Taxi,,FALSE,,
1981,1982,39,Best Motion Picture - Musical or Comedy,The Four Seasons,,FALSE,,
1981,1982,39,Best Performance by an Actor in a Motion Picture - Musical or Comedy,The Four Seasons,Alan Alda,FALSE,,
1981,1982,39,Best Performance by an Actress in a Motion Picture - Musical or Comedy,The Four Seasons,Carol Burnett,FALSE,,
1981,1982,39,Best Screenplay - Motion Picture,The Four Seasons,Alan Alda,FALSE,,
1981,1982,39,Best Motion Picture - Drama,The French Lieutenant's Woman,,FALSE,,
1981,1982,39,Best Performance by an Actress in a Motion Picture - Drama,The French Lieutenant's Woman,Meryl Streep,TRUE,,
1981,1982,39,Best Screenplay - Motion Picture,The French Lieutenant's Woman,Harold Pinter,FALSE,,
1981,1982,39,Television Special - Variety Or Musical,The Kennedy Center Honors: a Celebration,,TRUE,,
1981,1982,39,Best Performance by an Actor in a Television Series - Musical or Comedy,The Love Boat,Gavin MacLeod,FALSE,,
1981,1982,39,"Best Performance by an Actress in a Supporting Role in a Series, Limited Series or Motion Picture Made for Television",The Love Boat,Lauren Tewes,FALSE,,
1981,1982,39,Best Television Series - Musical or Comedy,The Love Boat,,FALSE,,
1981,1982,39,Best Performance by an Actor in a Limited Series or a Motion Picture Made for Television,The Ordeal of Bill Carney,Ray Sharkey,FALSE,,
1981,1982,39,Best Performance by an Actor in a Limited Series or a Motion Picture Made for Television,The Patricia Neal Story,Dirk Bogarde,FALSE,,
1981,1982,39,Best Performance by an Actress in a Limited Series or a Motion Picture Made for Television,The Patricia Neal Story,Glenda Jackson,FALSE,,
1981,1982,39,Best Performance by an Actress in a Limited Series or a Motion Picture Made for Television,The People Vs. Jean Harris,Ellen Burstyn,FALSE,,
1981,1982,39,Best Performance by an Actress in a Television Series - Musical or Comedy,WKRP In Cincinnati,Loni Anderson,FALSE,,
1981,1982,39,Best Motion Picture - Musical or Comedy,Zoot Suit,,FALSE,,
1981,1982,39,Best Performance by an Actor in a Motion Picture - Musical or Comedy,"Zorro, The Gay Blade",George Hamilton,FALSE,,
1981,1982,39,Cecil B. deMille Award,,Sidney Poitier,FALSE,,
1982,1983,40,New Star Of The Year - Actor,48 Hrs.,Eddie Murphy,FALSE,,
1982,1983,40,Best Performance by an Actress in a Limited Series or a Motion Picture Made for Television,A Woman Called Golda,Ingrid Bergman,TRUE,,
1982,1983,40,Best Television Limited Series or Motion Picture Made for Television,A Woman Called Golda,,FALSE,,
1982,1983,40,"Best Performance by an Actress in a Supporting Role in a Series, Limited Series or Motion Picture Made for Television",Alice,Beth Howland,FALSE,,
1982,1983,40,Best Motion Picture - Drama,An Officer and a Gentleman,,FALSE,,
1982,1983,40,Best Original Song - Motion Picture,An Officer and a Gentleman,Jack Nitzsche,TRUE,Up Where We Belong,
1982,1983,40,Best Original Song - Motion Picture,An Officer and a Gentleman,Buffy Sainte-Marie,TRUE,Up Where We Belong,
1982,1983,40,Best Original Song - Motion Picture,An Officer and a Gentleman,Will Jennings,TRUE,Up Where We Belong,
1982,1983,40,Best Performance by an Actor in a Motion Picture - Drama,An Officer and a Gentleman,Richard Gere,FALSE,,
1982,1983,40,Best Performance by an Actor in a Supporting Role in any Motion Picture,An Officer and a Gentleman,David Keith,FALSE,,
1982,1983,40,Best Performance by an Actor in a Supporting Role in any Motion Picture,An Officer and a Gentleman,Louis Gossett Jr.,TRUE,,
1982,1983,40,Best Performance by an Actress in a Motion Picture - Drama,An Officer and a Gentleman,Debra Winger,FALSE,,
1982,1983,40,New Star Of The Year - Actor,An Officer and a Gentleman,David Keith,FALSE,,
1982,1983,40,New Star Of The Year - Actress,An Officer and a Gentleman,Lisa Blount,FALSE,,
1982,1983,40,Best Performance by an Actress in a Motion Picture - Musical or Comedy,Annie,Aileen Quinn,FALSE,,
1982,1983,40,Best Performance by an Actress in a Motion Picture - Musical or Comedy,Annie,Carol Burnett,FALSE,,
1982,1983,40,New Star Of The Year - Actress,Annie,Aileen Quinn,FALSE,,
1982,1983,40,Best Performance by an Actor in a Motion Picture - Musical or Comedy,Author! Author!,Al Pacino,FALSE,,
1982,1983,40,Best Performance by an Actor in a Television Series - Musical or Comedy,Benson,Robert Guillaume,FALSE,,
1982,1983,40,Best Performance by an Actress in a Motion Picture - Musical or Comedy,Best Friends,Goldie Hawn,FALSE,,
1982,1983,40,Best Original Score - Motion Picture,Blade Runner,Vangelis Papathanassiou,FALSE,,
1982,1983,40,Best Performance by an Actor in a Limited Series or a Motion Picture Made for Television,Brideshead Revisited,Anthony Andrews,TRUE,,
1982,1983,40,Best Performance by an Actor in a Limited Series or a Motion Picture Made for Television,Brideshead Revisited,Jeremy Irons,FALSE,,
1982,1983,40,Best Television Limited Series or Motion Picture Made for Television,Brideshead Revisited,,TRUE,,
1982,1983,40,Best Original Score - Motion Picture,Cat People,Giorgio Moroder,FALSE,,
1982,1983,40,Best Original Song - Motion Picture,Cat People,Giorgio Moroder,FALSE,Putting Out the Fire (Theme From Cat People),
1982,1983,40,Best Original Song - Motion Picture,Cat People,David Bowie,FALSE,Putting Out the Fire (Theme From Cat People),
1982,1983,40,"Best Performance by an Actress in a Supporting Role in a Series, Limited Series or Motion Picture Made for Television",Cheers,Shelley Long,TRUE,,
1982,1983,40,Best Television Series - Musical or Comedy,Cheers,,FALSE,,
1982,1983,40,Best Performance by an Actress in a Supporting Role in any Motion Picture,"Come Back To The Five and Dime, Jimmy Dean, Jimmy Dean",Cher,FALSE,,
1982,1983,40,New Star Of The Year - Actress,Conan the Barbarian,Sandahl Bergman,TRUE,,
1982,1983,40,Best Performance by an Actor In A Television Series - Drama,Dallas,Larry Hagman,FALSE,,
1982,1983,40,Best Performance by an Actress In A Television Series - Drama,Dallas,Victoria Principal,FALSE,,
1982,1983,40,Best Television Series - Drama,Dallas,,FALSE,,
1982,1983,40,Best Motion Picture - Musical or Comedy,Diner,,FALSE,,
1982,1983,40,Best Performance by an Actor In A Television Series - Drama,Dynasty,John Forsythe,TRUE,,
1982,1983,40,Best Performance by an Actress In A Television Series - Drama,Dynasty,Joan Collins,FALSE,,
1982,1983,40,Best Performance by an Actress In A Television Series - Drama,Dynasty,Linda Evans,FALSE,,
1982,1983,40,Best Television Series - Drama,Dynasty,,FALSE,,
1982,1983,40,Best Director - Motion Picture,E. T. The Extra-Terrestrial,Steven Spielberg,FALSE,,
1982,1983,40,Best Motion Picture - Drama,E. T. The Extra-Terrestrial,,TRUE,,
1982,1983,40,Best Original Score - Motion Picture,E. T. The Extra-Terrestrial,John Williams,TRUE,,
1982,1983,40,Best Screenplay - Motion Picture,E. T. The Extra-Terrestrial,Melissa Mathison,FALSE,,
1982,1983,40,New Star Of The Year - Actor,E. T. The Extra-Terrestrial,Henry Thomas,FALSE,,
1982,1983,40,Best Performance by an Actress in a Limited Series or a Motion Picture Made for Television,"Eleanor, First Lady of the World",Jean Stapleton,FALSE,,
1982,1983,40,Best Television Limited Series or Motion Picture Made for Television,"Eleanor, First Lady of the World",,FALSE,,
1982,1983,40,"Best Performance by an Actor in a Supporting Role in a Series, Limited Series or Motion Picture Made for Television",Falcon Crest,Lorenzo Lamas,FALSE,,
1982,1983,40,Best Performance by an Actress In A Television Series - Drama,Falcon Crest,Jane Wyman,FALSE,,
1982,1983,40,Best Performance by an Actress in a Television Series - Musical or Comedy,Fame,Debbie Allen,TRUE,,
1982,1983,40,Best Television Series - Musical or Comedy,Fame,,TRUE,,
1982,1983,40,Best Motion Picture - Foreign Language,Fitzcarraldo,Werner Herzog,FALSE,,West Germany
1982,1983,40,Best Performance by an Actress in a Motion Picture - Drama,Frances,Jessica Lange,FALSE,,
1982,1983,40,Best Performance by an Actress in a Supporting Role in any Motion Picture,Frances,Kim Stanley,FALSE,,
1982,1983,40,Best Director - Motion Picture,Gandhi,Richard Attenborough,TRUE,,
1982,1983,40,Best Motion Picture - Foreign Language,Gandhi,Richard Attenborough,TRUE,,India
1982,1983,40,Best Performance by an Actor in a Motion Picture - Drama,Gandhi,Ben Kingsley,TRUE,,
1982,1983,40,Best Screenplay - Motion Picture,Gandhi,John Briley,TRUE,,
1982,1983,40,New Star Of The Year - Actor,Gandhi,Ben Kingsley,TRUE,,
1982,1983,40,Best Performance by an Actress in a Television Series - Musical or Comedy,Gimme a Break!,Nell Carter,FALSE,,
1982,1983,40,"Best Performance by an Actor in a Supporting Role in a Series, Limited Series or Motion Picture Made for Television",Happy Days,Anson Williams,FALSE,,
1982,1983,40,"Best Performance by an Actor in a Supporting Role in a Series, Limited Series or Motion Picture Made for Television",Hart To Hart,Lionel Stander,TRUE,,
1982,1983,40,Best Performance by an Actor In A Television Series - Drama,Hart To Hart,Robert Wagner,FALSE,,
1982,1983,40,Best Performance by an Actress In A Television Series - Drama,Hart To Hart,Stefanie Powers,FALSE,,
1982,1983,40,Best Television Series - Drama,Hart To Hart,,FALSE,,
1982,1983,40,Best Performance by an Actor In A Television Series - Drama,Hill Street Blues,Daniel J. Travanti,FALSE,,
1982,1983,40,Best Television Limited Series or Motion Picture Made for Television,In the Custody of Strangers,,FALSE,,
1982,1983,40,Best Performance by an Actress in a Motion Picture - Musical or Comedy,Kiss Me Goodbye,Sally Field,FALSE,,
1982,1983,40,Best Motion Picture - Foreign Language,La Traviata,Franco Zeffirelli,FALSE,,Italy
1982,1983,40,Best Performance by an Actress in a Limited Series or a Motion Picture Made for Television,Life of the Party: The Story of Beatrice,Carol Burnett,FALSE,,
1982,1983,40,Best Performance by an Actress in a Limited Series or a Motion Picture Made for Television,Little Gloria,Lucy Gutteridge,FALSE,,
1982,1983,40,New Star Of The Year - Actress,Love Child,Amy Madigan,FALSE,,
1982,1983,40,Best Performance by an Actor in a Television Series - Musical or Comedy,"Love, Sidney",Tony Randall,FALSE,,
1982,1983,40,Best Television Series - Musical or Comedy,"Love, Sidney",,FALSE,,
1982,1983,40,Best Performance by an Actor in a Television Series - Musical or Comedy,M*A*S*H,Alan Alda,TRUE,,
1982,1983,40,"Best Performance by an Actress in a Supporting Role in a Series, Limited Series or Motion Picture Made for Television",M*A*S*H,Loretta Swit,FALSE,,
1982,1983,40,Best Television Series - Musical or Comedy,M*A*S*H,,FALSE,,
1982,1983,40,Best Performance by an Actress in a Limited Series or a Motion Picture Made for Television,Mae West,Ann Jillian,FALSE,,
1982,1983,40,"Best Performance by an Actor in a Supporting Role in a Series, Limited Series or Motion Picture Made for Television","Magnum, P. I.",John Hillerman,FALSE,,
1982,1983,40,Best Performance by an Actor In A Television Series - Drama,"Magnum, P. I.",Tom Selleck,FALSE,,
1982,1983,40,Best Television Series - Drama,"Magnum, P. I.",,FALSE,,
1982,1983,40,Best Original Song - Motion Picture,Making Love,Burt Bacharach,FALSE,Making Love,
1982,1983,40,Best Original Song - Motion Picture,Making Love,Bruce Roberts,FALSE,Making Love,
1982,1983,40,Best Original Song - Motion Picture,Making Love,Carole Bayer Sager,FALSE,Making Love,
1982,1983,40,Best Director - Motion Picture,Missing,Constantin Costa-Gavras,FALSE,,
1982,1983,40,Best Motion Picture - Drama,Missing,,FALSE,,
1982,1983,40,Best Performance by an Actor in a Motion Picture - Drama,Missing,Jack Lemmon,FALSE,,
1982,1983,40,Best Performance by an Actress in a Motion Picture - Drama,Missing,Sissy Spacek,FALSE,,
1982,1983,40,Best Screenplay - Motion Picture,Missing,Constantin Costa-Gavras,FALSE,,
1982,1983,40,Best Motion Picture - Musical or Comedy,My Favorite Year,,FALSE,,
1982,1983,40,Best Performance by an Actor in a Motion Picture - Musical or Comedy,My Favorite Year,Peter O'Toole,FALSE,,
1982,1983,40,Best Performance by an Actress in a Supporting Role in any Motion Picture,My Favorite Year,Lainie Kazan,FALSE,,
1982,1983,40,Best Performance by an Actor in a Television Series - Musical or Comedy,Newhart,Bob Newhart,FALSE,,
1982,1983,40,Best Performance by an Actor in a Motion Picture - Musical or Comedy,Night Shift,Henry Winkler,FALSE,,
1982,1983,40,Best Performance by an Actress in a Television Series - Musical or Comedy,Nine To Five,Rita Moreno,FALSE,,
1982,1983,40,"Best Performance by an Actor in a Supporting Role in a Series, Limited Series or Motion Picture Made for Television",One Day at a Time,Pat Harrington,FALSE,,
1982,1983,40,"Best Performance by an Actress in a Supporting Role in a Series, Limited Series or Motion Picture Made for Television",One Day at a Time,Valerie Bertinelli,FALSE,,
1982,1983,40,Best Performance by an Actress in a Television Series - Musical or Comedy,One Day at a Time,Bonnie Franklin,FALSE,,
1982,1983,40,Best Performance by an Actor in a Limited Series or a Motion Picture Made for Television,Oppenheimer,Sam Waterston,FALSE,,
1982,1983,40,Best Performance by an Actress in a Television Series - Musical or Comedy,Private Benjamin,Eileen Brennan,FALSE,,
1982,1983,40,Best Motion Picture - Foreign Language,Quest For Fire,Jean-Jacques Annaud,FALSE,,Canada
1982,1983,40,Best Original Song - Motion Picture,Rocky III,Survivor,FALSE,Eye of the Tiger,
1982,1983,40,Best Original Song - Motion Picture,Rocky III,Jim Peterik,FALSE,Eye of the Tiger,
1982,1983,40,Best Original Song - Motion Picture,Rocky III,Frankie Sullivan III,FALSE,Eye of the Tiger,
1982,1983,40,Best Performance by an Actor in a Motion Picture - Drama,Shoot The Moon,Albert Finney,FALSE,,
1982,1983,40,Best Performance by an Actress in a Motion Picture - Drama,Shoot The Moon,Diane Keaton,FALSE,,
1982,1983,40,Best Original Score - Motion Picture,Six Weeks,Dudley Moore,FALSE,,
1982,1983,40,New Star Of The Year - Actress,Six Weeks,Katherine Healy,FALSE,,
1982,1983,40,Best Motion Picture - Drama,Sophie's Choice,,FALSE,,
1982,1983,40,Best Performance by an Actress in a Motion Picture - Drama,Sophie's Choice,Meryl Streep,TRUE,,
1982,1983,40,New Star Of The Year - Actor,Sophie's Choice,Kevin Kline,FALSE,,
1982,1983,40,Best Television Series - Drama,Steven Bochco,Hill Street Blues,TRUE,,
1982,1983,40,Best Performance by an Actor in a Television Series - Musical or Comedy,Taxi,Judd Hirsch,FALSE,,
1982,1983,40,"Best Performance by an Actress in a Supporting Role in a Series, Limited Series or Motion Picture Made for Television",Taxi,Carol Kane,FALSE,,
1982,1983,40,"Best Performance by an Actress in a Supporting Role in a Series, Limited Series or Motion Picture Made for Television",Taxi,Marilu Henner,FALSE,,
1982,1983,40,Best Television Series - Musical or Comedy,Taxi,,FALSE,,
1982,1983,40,Best Performance by an Actor in a Supporting Role in any Motion Picture,Tempest,Raul Julia,FALSE,,
1982,1983,40,New Star Of The Year - Actress,Tempest,Molly Ringwald,FALSE,,
1982,1983,40,Best Performance by an Actor in a Supporting Role in any Motion Picture,Tex,Jim Metzler,FALSE,,
1982,1983,40,Best Motion Picture - Musical or Comedy,The Best Little Whorehouse In Texas,,FALSE,,
1982,1983,40,Best Performance by an Actress in a Motion Picture - Musical or Comedy,The Best Little Whorehouse In Texas,Dolly Parton,FALSE,,
1982,1983,40,Best Performance by an Actor in a Limited Series or a Motion Picture Made for Television,The Elephant Man,Philip Anglim,FALSE,,
1982,1983,40,Best Performance by an Actress in a Television Series - Musical or Comedy,The Jeffersons,Isabel Sanford,FALSE,,
1982,1983,40,Best Performance by an Actress in a Limited Series or a Motion Picture Made for Television,The Letter,Lee Remick,FALSE,,
1982,1983,40,Best Motion Picture - Foreign Language,The Man from Snowy River,George Miller,FALSE,,Australia
1982,1983,40,Best Director - Motion Picture,The Verdict,Sidney Lumet,FALSE,,
1982,1983,40,Best Motion Picture - Drama,The Verdict,,FALSE,,
1982,1983,40,Best Performance by an Actor in a Motion Picture - Drama,The Verdict,Paul Newman,FALSE,,
1982,1983,40,Best Performance by an Actor in a Supporting Role in any Motion Picture,The Verdict,James Mason,FALSE,,
1982,1983,40,Best Screenplay - Motion Picture,The Verdict,David Mamet,FALSE,,
1982,1983,40,Best Director - Motion Picture,Tootsie,Sydney Pollack,FALSE,,
1982,1983,40,Best Motion Picture - Musical or Comedy,Tootsie,,TRUE,,
1982,1983,40,Best Performance by an Actor in a Motion Picture - Musical or Comedy,Tootsie,Dustin Hoffman,TRUE,,
1982,1983,40,Best Performance by an Actress in a Supporting Role in any Motion Picture,Tootsie,Jessica Lange,TRUE,,
1982,1983,40,Best Screenplay - Motion Picture,Tootsie,Larry Gelbart,FALSE,,
1982,1983,40,Best Performance by an Actor in a Limited Series or a Motion Picture Made for Television,Two of a Kind,Robby Benson,FALSE,,
1982,1983,40,Best Television Limited Series or Motion Picture Made for Television,Two of a Kind,,FALSE,,
1982,1983,40,Best Motion Picture - Musical or Comedy,Victor Victoria,,FALSE,,
1982,1983,40,Best Original Score - Motion Picture,Victor Victoria,Henry Mancini,FALSE,,
1982,1983,40,Best Performance by an Actor in a Motion Picture - Musical or Comedy,Victor Victoria,Robert Preston,FALSE,,
1982,1983,40,Best Performance by an Actress in a Motion Picture - Musical or Comedy,Victor Victoria,Julie Andrews,TRUE,,
1982,1983,40,Best Performance by an Actress in a Supporting Role in any Motion Picture,Victor Victoria,Lesley Ann Warren,FALSE,,
1982,1983,40,Best Original Song - Motion Picture,"Yes, Giorgio",John Williams,FALSE,If We Were In Love,
1982,1983,40,Best Original Song - Motion Picture,"Yes, Giorgio",Alan Bergman,FALSE,If We Were In Love,
1982,1983,40,Best Original Song - Motion Picture,"Yes, Giorgio",Marilyn Bergman,FALSE,If We Were In Love,
1982,1983,40,Best Motion Picture - Foreign Language,Yol,Serif Gören,FALSE,,"Switzerland,Switzerland"
1982,1983,40,Best Motion Picture - Foreign Language,Yol,Yilmaz Güney,FALSE,,"Switzerland,Switzerland"
1982,1983,40,Cecil B. deMille Award,,Laurence Olivier,FALSE,,
1983,1984,41,Best Performance by an Actor in a Television Series - Musical or Comedy,Benson,Robert Guillaume,FALSE,,
1983,1984,41,Best Performance by an Actor in a Limited Series or a Motion Picture Made for Television,Blood Feud,Robert Blake,FALSE,,
1983,1984,41,Best Performance by an Actor in a Television Series - Musical or Comedy,Buffalo Bill,Dabney Coleman,FALSE,,
1983,1984,41,Best Performance by an Actress in a Television Series - Musical or Comedy,Buffalo Bill,Joanna Cassidy,TRUE,,
1983,1984,41,Best Television Series - Musical or Comedy,Buffalo Bill,,FALSE,,
1983,1984,41,Best Performance by an Actress In A Television Series - Drama,Cagney & Lacey,Tyne Daly,FALSE,,
1983,1984,41,Best Television Series - Drama,Cagney & Lacey,,FALSE,,
1983,1984,41,Best Motion Picture - Foreign Language,Carmen,Carlos Saura,FALSE,,Spain
1983,1984,41,Best Performance by an Actor in a Television Series - Musical or Comedy,Cheers,Ted Danson,FALSE,,
1983,1984,41,Best Performance by an Actress in a Television Series - Musical or Comedy,Cheers,Shelley Long,FALSE,,
1983,1984,41,Best Television Series - Musical or Comedy,Cheers,,FALSE,,
1983,1984,41,Best Television Series - Drama,Dallas,,FALSE,,
1983,1984,41,Best Performance by an Actor In A Television Series - Drama,Dynasty,John Forsythe,TRUE,,
1983,1984,41,Best Performance by an Actress In A Television Series - Drama,Dynasty,Joan Collins,FALSE,,
1983,1984,41,Best Performance by an Actress In A Television Series - Drama,Dynasty,Linda Evans,FALSE,,
1983,1984,41,Best Television Series - Drama,Dynasty,,TRUE,,
1983,1984,41,Best Motion Picture - Foreign Language,Educating Rita,Lewis Gilbert,FALSE,,United Kingdom
1983,1984,41,Best Performance by an Actor in a Motion Picture - Musical or Comedy,Educating Rita,Michael Caine,TRUE,,
1983,1984,41,Best Performance by an Actress in a Motion Picture - Musical or Comedy,Educating Rita,Julie Walters,TRUE,,
1983,1984,41,Best Screenplay - Motion Picture,Educating Rita,Willy Russell,FALSE,,
1983,1984,41,Best Performance by an Actress In A Television Series - Drama,Falcon Crest,Jane Wyman,TRUE,,
1983,1984,41,Best Performance by an Actress in a Television Series - Musical or Comedy,Fame,Debbie Allen,FALSE,,
1983,1984,41,Best Television Series - Musical or Comedy,Fame,,TRUE,,
1983,1984,41,Best Director - Motion Picture,Fanny & Alexander,Ingmar Bergman,FALSE,,
1983,1984,41,Best Motion Picture - Foreign Language,Fanny & Alexander,Ingmar Bergman,TRUE,,Sweden
1983,1984,41,Best Motion Picture - Musical or Comedy,Flashdance,,FALSE,,
1983,1984,41,Best Original Score - Motion Picture,Flashdance,Giorgio Moroder,TRUE,,
1983,1984,41,Best Original Song - Motion Picture,Flashdance,Giorgio Moroder,TRUE,Flashdance… What a Feeling,
1983,1984,41,Best Original Song - Motion Picture,Flashdance,Keith Forsey,TRUE,Flashdance… What a Feeling,
1983,1984,41,Best Original Song - Motion Picture,Flashdance,Irene Cara,TRUE,Flashdance… What a Feeling,
1983,1984,41,Best Original Song - Motion Picture,Flashdance,Michael Sembello,FALSE,Maniac,
1983,1984,41,Best Original Song - Motion Picture,Flashdance,Dennis Matkosky,FALSE,Maniac,
1983,1984,41,Best Performance by an Actress in a Motion Picture - Musical or Comedy,Flashdance,Jennifer Beals,FALSE,,
1983,1984,41,Best Performance by an Actress in a Supporting Role in any Motion Picture,Gorky Park,Joanna Pacula,FALSE,,
1983,1984,41,Best Performance by an Actor In A Television Series - Drama,Hart To Hart,Robert Wagner,FALSE,,
1983,1984,41,Best Performance by an Actress In A Television Series - Drama,Hart To Hart,Stefanie Powers,FALSE,,
1983,1984,41,Best Television Series - Drama,Hart To Hart,,FALSE,,
1983,1984,41,Best Performance by an Actress in a Motion Picture - Drama,Heart Like a Wheel,Bonnie Bedelia,FALSE,,
1983,1984,41,Best Performance by an Actor in a Limited Series or a Motion Picture Made for Television,Heart of Steel,Peter Strauss,FALSE,,
1983,1984,41,Best Television Limited Series or Motion Picture Made for Television,Heart of Steel,,FALSE,,
1983,1984,41,Best Performance by an Actor In A Television Series - Drama,Hill Street Blues,Daniel J. Travanti,FALSE,,
1983,1984,41,Best Television Series - Drama,Hill Street Blues,,FALSE,,
1983,1984,41,Best Performance by an Actor In A Television Series - Drama,Hotel,James Brolin,FALSE,,
1983,1984,41,Best Performance by an Actor in a Limited Series or a Motion Picture Made for Television,Kennedy,Martin Sheen,FALSE,,
1983,1984,41,Best Performance by an Actress in a Limited Series or a Motion Picture Made for Television,Kennedy,Blair Brown,FALSE,,
1983,1984,41,Best Television Limited Series or Motion Picture Made for Television,Kennedy,,FALSE,,
1983,1984,41,Best Performance by an Actor In A Television Series - Drama,"Magnum, P. I.",Tom Selleck,FALSE,,
1983,1984,41,Best Performance by an Actress in a Supporting Role in any Motion Picture,Never Say Never Again,Barbara Carrera,FALSE,,
1983,1984,41,Best Performance by an Actor in a Television Series - Musical or Comedy,Newhart,Bob Newhart,FALSE,,
1983,1984,41,Best Television Series - Musical or Comedy,Newhart,,FALSE,,
1983,1984,41,Best Performance by an Actress in a Television Series - Musical or Comedy,"Oh, Madeline",Madeline Kahn,FALSE,,
1983,1984,41,Best Motion Picture - Drama,"Reuben, Reuben",,FALSE,,
1983,1984,41,Best Performance by an Actor in a Motion Picture - Drama,"Reuben, Reuben",Tom Conti,FALSE,,
1983,1984,41,Best Screenplay - Motion Picture,"Reuben, Reuben",Julius J. Epstein,FALSE,,
1983,1984,41,Best Performance by an Actor in a Motion Picture - Musical or Comedy,Risky Business,Tom Cruise,FALSE,,
1983,1984,41,Best Original Score - Motion Picture,Rumble Fish,Stewart Copeland,FALSE,,
1983,1984,41,Best Performance by an Actor in a Limited Series or a Motion Picture Made for Television,Sadat,Louis Gossett Jr.,FALSE,,
1983,1984,41,Best Original Score - Motion Picture,Scarface,Giorgio Moroder,FALSE,,
1983,1984,41,Best Performance by an Actor in a Motion Picture - Drama,Scarface,Al Pacino,FALSE,,
1983,1984,41,Best Performance by an Actor in a Supporting Role in any Motion Picture,Scarface,Steven Bauer,FALSE,,
1983,1984,41,Best Director - Motion Picture,Silkwood,Mike Nichols,FALSE,,
1983,1984,41,Best Motion Picture - Drama,Silkwood,,FALSE,,
1983,1984,41,Best Performance by an Actor in a Supporting Role in any Motion Picture,Silkwood,Kurt Russell,FALSE,,
1983,1984,41,Best Performance by an Actress in a Motion Picture - Drama,Silkwood,Meryl Streep,FALSE,,
1983,1984,41,Best Performance by an Actress in a Supporting Role in any Motion Picture,Silkwood,Cher,TRUE,,
1983,1984,41,Best Performance by an Actor in a Motion Picture - Drama,Star 80,Eric Roberts,FALSE,,
1983,1984,41,Best Original Song - Motion Picture,Staying Alive,Frank Stallone,FALSE,Far From Over,
1983,1984,41,Best Original Song - Motion Picture,Staying Alive,Vince DiCola,FALSE,Far From Over,
1983,1984,41,Best Television Series - Musical or Comedy,Taxi,,FALSE,,
1983,1984,41,Best Director - Motion Picture,Tender Mercies,Bruce Beresford,FALSE,,
1983,1984,41,Best Motion Picture - Drama,Tender Mercies,,FALSE,,
1983,1984,41,Best Original Song - Motion Picture,Tender Mercies,Austin Roberts,FALSE,Over You,
1983,1984,41,Best Original Song - Motion Picture,Tender Mercies,Bobby Hart,FALSE,Over You,
1983,1984,41,Best Performance by an Actor in a Motion Picture - Drama,Tender Mercies,Robert Duvall,TRUE,,
1983,1984,41,Best Performance by an Actress in a Supporting Role in any Motion Picture,Tender Mercies,Tess Harper,FALSE,,
1983,1984,41,Best Director - Motion Picture,Terms of Endearment,James L. Brooks,FALSE,,
1983,1984,41,Best Motion Picture - Drama,Terms of Endearment,,TRUE,,
1983,1984,41,Best Performance by an Actor in a Supporting Role in any Motion Picture,Terms of Endearment,Jack Nicholson,TRUE,,
1983,1984,41,Best Performance by an Actress in a Motion Picture - Drama,Terms of Endearment,Debra Winger,FALSE,,
1983,1984,41,Best Performance by an Actress in a Motion Picture - Drama,Terms of Endearment,Shirley MacLaine,TRUE,,
1983,1984,41,Best Screenplay - Motion Picture,Terms of Endearment,James L. Brooks,TRUE,,
1983,1984,41,Best Performance by an Actress in a Motion Picture - Drama,Testament,Jane Alexander,FALSE,,
1983,1984,41,Best Motion Picture - Musical or Comedy,The Big Chill,,FALSE,,
1983,1984,41,Best Screenplay - Motion Picture,The Big Chill,Barbara Benedek,FALSE,,
1983,1984,41,Best Director - Motion Picture,The Dresser,Peter Yates,FALSE,,
1983,1984,41,Best Motion Picture - Foreign Language,The Dresser,Peter Yates,FALSE,,United Kingdom
1983,1984,41,Best Performance by an Actor in a Motion Picture - Drama,The Dresser,Albert Finney,FALSE,,
1983,1984,41,Best Performance by an Actor in a Motion Picture - Drama,The Dresser,Tom Courtenay,TRUE,,
1983,1984,41,Best Screenplay - Motion Picture,The Dresser,Ronald Harwood,FALSE,,
1983,1984,41,"Best Performance by an Actress in a Supporting Role in a Series, Limited Series or Motion Picture Made for Television",The Gift of Love: A Christmas Story,Angela Lansbury,FALSE,,
1983,1984,41,"Best Performance by an Actress in a Supporting Role in a Series, Limited Series or Motion Picture Made for Television",The Gift of Love: A Christmas Story,Polly Holliday,FALSE,,
1983,1984,41,Best Motion Picture - Foreign Language,The Grey Fox,Lewis Gilbert,FALSE,,Canada
1983,1984,41,Best Performance by an Actor in a Motion Picture - Drama,The Grey Fox,Richard Farnsworth,FALSE,,
1983,1984,41,"Best Performance by an Actor in a Supporting Role in a Series, Limited Series or Motion Picture Made for Television",The Hasty Heart,Perry King,FALSE,,
1983,1984,41,Best Performance by an Actress in a Television Series - Musical or Comedy,The Jeffersons,Isabel Sanford,FALSE,,
1983,1984,41,Best Performance by an Actress in a Motion Picture - Musical or Comedy,The Pirates of Penzance,Linda Ronstadt,FALSE,,
1983,1984,41,Best Motion Picture - Drama,The Right Stuff,,FALSE,,
1983,1984,41,Best Performance by an Actor in a Limited Series or a Motion Picture Made for Television,The Thorn Birds,Richard Chamberlain,TRUE,,
1983,1984,41,"Best Performance by an Actor in a Supporting Role in a Series, Limited Series or Motion Picture Made for Television",The Thorn Birds,Bryan Brown,FALSE,,
1983,1984,41,"Best Performance by an Actor in a Supporting Role in a Series, Limited Series or Motion Picture Made for Television",The Thorn Birds,Richard Kiley,TRUE,,
1983,1984,41,Best Performance by an Actress in a Limited Series or a Motion Picture Made for Television,The Thorn Birds,Rachel Ward,FALSE,,
1983,1984,41,"Best Performance by an Actress in a Supporting Role in a Series, Limited Series or Motion Picture Made for Television",The Thorn Birds,Barbara Stanwyck,TRUE,,
1983,1984,41,"Best Performance by an Actress in a Supporting Role in a Series, Limited Series or Motion Picture Made for Television",The Thorn Birds,Jean Simmons,FALSE,,
1983,1984,41,"Best Performance by an Actress in a Supporting Role in a Series, Limited Series or Motion Picture Made for Television",The Thorn Birds,Piper Laurie,FALSE,,
1983,1984,41,Best Television Limited Series or Motion Picture Made for Television,The Thorn Birds,,TRUE,,
1983,1984,41,"Best Performance by an Actor in a Supporting Role in a Series, Limited Series or Motion Picture Made for Television",The Winds of War,Jan-Michael Vincent,FALSE,,
1983,1984,41,"Best Performance by an Actor in a Supporting Role in a Series, Limited Series or Motion Picture Made for Television",The Winds of War,John Houseman,FALSE,,
1983,1984,41,"Best Performance by an Actress in a Supporting Role in a Series, Limited Series or Motion Picture Made for Television",The Winds of War,Victoria Tennant,FALSE,,
1983,1984,41,Best Television Limited Series or Motion Picture Made for Television,The Winds of War,,FALSE,,
1983,1984,41,Best Performance by an Actress in a Supporting Role in any Motion Picture,The Year of Living Dangerously,Linda Hunt,FALSE,,
1983,1984,41,Best Performance by an Actor in a Television Series - Musical or Comedy,Three's Company,John Ritter,TRUE,,
1983,1984,41,"Best Performance by an Actor in a Supporting Role in a Series, Limited Series or Motion Picture Made for Television",Thursday's Child,Rob Lowe,FALSE,,
1983,1984,41,Best Performance by an Actress in a Limited Series or a Motion Picture Made for Television,Thursday's Child,Gena Rowlands,FALSE,,
1983,1984,41,Best Performance by an Actor in a Supporting Role in any Motion Picture,To Be or Not to Be,Charles Durning,FALSE,,
1983,1984,41,Best Performance by an Actress in a Motion Picture - Musical or Comedy,To Be or Not to Be,Anne Bancroft,FALSE,,
1983,1984,41,Best Motion Picture - Musical or Comedy,Trading Places,,FALSE,,
1983,1984,41,Best Performance by an Actor in a Motion Picture - Musical or Comedy,Trading Places,Eddie Murphy,FALSE,,
1983,1984,41,Best Original Score - Motion Picture,Under Fire,Jerry Goldsmith,FALSE,,
1983,1984,41,Best Performance by an Actor in a Supporting Role in any Motion Picture,Under Fire,Gene Hackman,FALSE,,
1983,1984,41,Best Performance by an Actress in a Limited Series or a Motion Picture Made for Television,Who Will Love My Children?,Ann-Margret,TRUE,,
1983,1984,41,Best Television Limited Series or Motion Picture Made for Television,Who Will Love My Children?,,FALSE,,
1983,1984,41,Best Performance by an Actress in a Limited Series or a Motion Picture Made for Television,Will There Really Be a Morning?,Susan Blakely,FALSE,,
1983,1984,41,Best Director - Motion Picture,Yentl,Barbra Streisand,TRUE,,
1983,1984,41,Best Motion Picture - Musical or Comedy,Yentl,,TRUE,,
1983,1984,41,Best Original Score - Motion Picture,Yentl,Michel Legrand,FALSE,,
1983,1984,41,Best Original Song - Motion Picture,Yentl,Michel Legrand,FALSE,The Way He Makes Me Feel,
1983,1984,41,Best Original Song - Motion Picture,Yentl,Alan Bergman,FALSE,The Way He Makes Me Feel,
1983,1984,41,Best Original Song - Motion Picture,Yentl,Marilyn Bergman,FALSE,The Way He Makes Me Feel,
1983,1984,41,Best Performance by an Actor in a Motion Picture - Musical or Comedy,Yentl,Mandy Patinkin,FALSE,,
1983,1984,41,Best Performance by an Actress in a Motion Picture - Musical or Comedy,Yentl,Barbra Streisand,FALSE,,
1983,1984,41,Best Motion Picture - Musical or Comedy,Zelig,,FALSE,,
1983,1984,41,Best Performance by an Actor in a Motion Picture - Musical or Comedy,Zelig,Woody Allen,FALSE,,
1983,1984,41,Cecil B. deMille Award,,Paul Newman,FALSE,,
1984,1985,42,Best Director - Motion Picture,A Passage to India,David Lean,FALSE,,
1984,1985,42,Best Motion Picture - Foreign Language,A Passage to India,David Lean,TRUE,,United Kingdom
1984,1985,42,Best Original Score - Motion Picture,A Passage to India,Maurice Jarre,TRUE,,
1984,1985,42,Best Performance by an Actress in a Supporting Role in any Motion Picture,A Passage to India,Peggy Ashcroft,TRUE,,
1984,1985,42,Best Screenplay - Motion Picture,A Passage to India,David Lean,FALSE,,
1984,1985,42,Best Motion Picture - Drama,A Soldier's Story,,FALSE,,
1984,1985,42,Best Performance by an Actor in a Supporting Role in any Motion Picture,A Soldier's Story,Adolph Caesar,FALSE,,
1984,1985,42,Best Screenplay - Motion Picture,A Soldier's Story,Charles Fuller,FALSE,,
1984,1985,42,Best Performance by an Actor in a Limited Series or a Motion Picture Made for Television,A Streetcar Named Desire,Treat Williams,FALSE,,
1984,1985,42,Best Performance by an Actress in a Limited Series or a Motion Picture Made for Television,A Streetcar Named Desire,Ann-Margret,TRUE,,
1984,1985,42,Best Television Limited Series or Motion Picture Made for Television,A Streetcar Named Desire,,FALSE,,
1984,1985,42,Best Motion Picture - Foreign Language,A Sunday in the Country,Bertrand Tavernier,FALSE,,France
1984,1985,42,Best Original Song - Motion Picture,Against All Odds,Phil Collins,FALSE,Against All Odds (Take a Look At Me Now),
1984,1985,42,Best Performance by an Actor in a Motion Picture - Musical or Comedy,All of Me,Steve Martin,FALSE,,
1984,1985,42,Best Performance by an Actress in a Motion Picture - Musical or Comedy,All of Me,Lily Tomlin,FALSE,,
1984,1985,42,Best Director - Motion Picture,Amadeus,Milos Forman,TRUE,,
1984,1985,42,Best Motion Picture - Drama,Amadeus,,TRUE,,
1984,1985,42,Best Performance by an Actor in a Motion Picture - Drama,Amadeus,F. Murray Abraham,TRUE,,
1984,1985,42,Best Performance by an Actor in a Motion Picture - Drama,Amadeus,Tom Hulce,FALSE,,
1984,1985,42,Best Performance by an Actor in a Supporting Role in any Motion Picture,Amadeus,Jeffrey Jones,FALSE,,
1984,1985,42,Best Screenplay - Motion Picture,Amadeus,Peter Shaffer,TRUE,,
1984,1985,42,Best Performance by an Actor in a Television Series - Musical or Comedy,Benson,Robert Guillaume,FALSE,,
1984,1985,42,Best Motion Picture - Musical or Comedy,Beverly Hills Cop,,FALSE,,
1984,1985,42,Best Performance by an Actor in a Motion Picture - Musical or Comedy,Beverly Hills Cop,Eddie Murphy,FALSE,,
1984,1985,42,Best Motion Picture - Foreign Language,Bizet's Carmen,Francesco Rosi,FALSE,,France
1984,1985,42,Best Performance by an Actress in a Supporting Role in any Motion Picture,Body Double,Melanie Griffith,FALSE,,
1984,1985,42,Best Performance by an Actress in a Motion Picture - Musical or Comedy,Broadway Danny Rose,Mia Farrow,FALSE,,
1984,1985,42,Best Performance by an Actress In A Television Series - Drama,Cagney & Lacey,Sharon Gless,FALSE,,
1984,1985,42,Best Performance by an Actress In A Television Series - Drama,Cagney & Lacey,Tyne Daly,FALSE,,
1984,1985,42,Best Television Series - Drama,Cagney & Lacey,,FALSE,,
1984,1985,42,Best Performance by an Actor in a Television Series - Musical or Comedy,Cheers,Ted Danson,FALSE,,
1984,1985,42,"Best Performance by an Actress in a Supporting Role in a Series, Limited Series or Motion Picture Made for Television",Cheers,Rhea Perlman,FALSE,,
1984,1985,42,Best Performance by an Actress in a Television Series - Musical or Comedy,Cheers,Shelley Long,TRUE,,
1984,1985,42,Best Television Series - Musical or Comedy,Cheers,,FALSE,,
1984,1985,42,Best Performance by an Actress in a Motion Picture - Drama,Country,Jessica Lange,FALSE,,
1984,1985,42,Best Performance by an Actor In A Television Series - Drama,Dallas,Larry Hagman,FALSE,,
1984,1985,42,Best Motion Picture - Foreign Language,Dangerous Moves,Richard Dembo,FALSE,,Switzerland
1984,1985,42,Best Performance by an Actor In A Television Series - Drama,Dynasty,John Forsythe,FALSE,,
1984,1985,42,Best Performance by an Actress In A Television Series - Drama,Dynasty,Joan Collins,FALSE,,
1984,1985,42,Best Performance by an Actress In A Television Series - Drama,Dynasty,Linda Evans,FALSE,,
1984,1985,42,Best Television Series - Drama,Dynasty,,FALSE,,
1984,1985,42,"Best Performance by an Actor in a Supporting Role in a Series, Limited Series or Motion Picture Made for Television",Ellis Island,Ben Vereen,FALSE,,
1984,1985,42,"Best Performance by an Actress in a Supporting Role in a Series, Limited Series or Motion Picture Made for Television",Ellis Island,Faye Dunaway,TRUE,,
1984,1985,42,"Best Performance by an Actress in a Supporting Role in a Series, Limited Series or Motion Picture Made for Television",Falcon Crest,Gina Lollobrigida,FALSE,,
1984,1985,42,Best Performance by an Actress in a Television Series - Musical or Comedy,Fame,Debbie Allen,FALSE,,
1984,1985,42,Best Television Series - Musical or Comedy,Fame,,FALSE,,
1984,1985,42,Best Original Song - Motion Picture,Footloose,Kenny Loggins,FALSE,Footloose,
1984,1985,42,Best Original Song - Motion Picture,Footloose,Dean Pitchford,FALSE,Footloose,
1984,1985,42,Best Performance by an Actress in a Motion Picture - Musical or Comedy,Garbo Talks,Anne Bancroft,FALSE,,
1984,1985,42,Best Motion Picture - Musical or Comedy,Ghostbusters,,FALSE,,
1984,1985,42,Best Original Song - Motion Picture,Ghostbusters,Ray Parker Jr.,FALSE,Ghostbusters,
1984,1985,42,Best Performance by an Actor in a Motion Picture - Musical or Comedy,Ghostbusters,Bill Murray,FALSE,,
1984,1985,42,Best Performance by an Actress in a Television Series - Musical or Comedy,Gimme a Break!,Nell Carter,FALSE,,
1984,1985,42,Best Original Song - Motion Picture,Give My Regards To Broad Street,Paul McCartney,FALSE,No More Lonely Nights,
1984,1985,42,Best Performance by an Actor in a Limited Series or a Motion Picture Made for Television,Heartsounds,James Garner,FALSE,,
1984,1985,42,"Best Performance by an Actor in a Supporting Role in a Series, Limited Series or Motion Picture Made for Television",Hill Street Blues,Bruce Weitz,FALSE,,
1984,1985,42,Best Performance by an Actor In A Television Series - Drama,Hill Street Blues,Daniel J. Travanti,FALSE,,
1984,1985,42,Best Television Series - Drama,Hill Street Blues,,FALSE,,
1984,1985,42,Best Performance by an Actor In A Television Series - Drama,Hotel,James Brolin,FALSE,,
1984,1985,42,Best Performance by an Actress in a Motion Picture - Musical or Comedy,Irreconcilable Differences,Shelley Long,FALSE,,
1984,1985,42,Best Performance by an Actress in a Supporting Role in any Motion Picture,Irreconcilable Differences,Drew Barrymore,FALSE,,
1984,1985,42,Best Original Score - Motion Picture,John Carpenter's Starman,Jack Nitzsche,FALSE,,
1984,1985,42,Best Performance by an Actor in a Motion Picture - Drama,John Carpenter's Starman,Jeff Bridges,FALSE,,
1984,1985,42,Best Performance by an Actress in a Television Series - Musical or Comedy,Kate & Allie,Jane Curtin,FALSE,,
1984,1985,42,Best Television Series - Musical or Comedy,Kate & Allie,,FALSE,,
1984,1985,42,"Best Performance by an Actor in a Supporting Role in a Series, Limited Series or Motion Picture Made for Television","Magnum, P. I.",John Hillerman,FALSE,,
1984,1985,42,Best Performance by an Actor In A Television Series - Drama,"Magnum, P. I.",Tom Selleck,TRUE,,
1984,1985,42,Best Performance by an Actor In A Television Series - Drama,Mickey Spillane's Mike Hammer,Stacy Keach,FALSE,,
1984,1985,42,Best Motion Picture - Musical or Comedy,Micki & Maude,,FALSE,,
1984,1985,42,Best Performance by an Actor in a Motion Picture - Musical or Comedy,Micki & Maude,Dudley Moore,TRUE,,
1984,1985,42,Best Performance by an Actor in a Motion Picture - Musical or Comedy,Moscow on the Hudson,Robin Williams,FALSE,,
1984,1985,42,Best Performance by an Actress in a Motion Picture - Drama,Mrs. Soffel,Diane Keaton,FALSE,,
1984,1985,42,Best Performance by an Actress In A Television Series - Drama,"Murder, She Wrote",Angela Lansbury,TRUE,,
1984,1985,42,Best Television Series - Drama,"Murder, She Wrote",,TRUE,,
1984,1985,42,"Best Performance by an Actor in a Supporting Role in a Series, Limited Series or Motion Picture Made for Television",Nancy Astor,Pierce Brosnan,FALSE,,
1984,1985,42,Best Performance by an Actor in a Television Series - Musical or Comedy,Newhart,Bob Newhart,FALSE,,
1984,1985,42,"Best Performance by an Actress in a Supporting Role in a Series, Limited Series or Motion Picture Made for Television",Night Court,Selma Diamond,FALSE,,
1984,1985,42,Best Director - Motion Picture,Once Upon a Time in America,Sergio Leone,FALSE,,
1984,1985,42,Best Original Score - Motion Picture,Once Upon a Time in America,Ennio Morricone,FALSE,,
1984,1985,42,Best Motion Picture - Foreign Language,"Paris, Texas",Wim Wenders,FALSE,,France
1984,1985,42,Best Motion Picture - Drama,Places in the Heart,,FALSE,,
1984,1985,42,Best Performance by an Actress in a Motion Picture - Drama,Places in the Heart,Sally Field,TRUE,,
1984,1985,42,Best Screenplay - Motion Picture,Places in the Heart,Robert Benton,FALSE,,
1984,1985,42,Best Performance by an Actor in a Limited Series or a Motion Picture Made for Television,Reilly: Ace Of Spies,Sam Neill,FALSE,,
1984,1985,42,Best Motion Picture - Musical or Comedy,Romancing the Stone,,TRUE,,
1984,1985,42,Best Performance by an Actress in a Motion Picture - Musical or Comedy,Romancing the Stone,Kathleen Turner,TRUE,,
1984,1985,42,Best Performance by an Actor in a Limited Series or a Motion Picture Made for Television,Sakharov,Jason Robards Jr.,FALSE,,
1984,1985,42,Best Performance by an Actress in a Limited Series or a Motion Picture Made for Television,Sakharov,Glenda Jackson,FALSE,,
1984,1985,42,Best Television Limited Series or Motion Picture Made for Television,Sakharov,,FALSE,,
1984,1985,42,Best Performance by an Actress In A Television Series - Drama,Scarecrow and Mrs. King,Kate Jackson,FALSE,,
1984,1985,42,Best Performance by an Actor in a Limited Series or a Motion Picture Made for Television,Something About Amelia,Ted Danson,TRUE,,
1984,1985,42,Best Performance by an Actress in a Limited Series or a Motion Picture Made for Television,Something About Amelia,Glenn Close,FALSE,,
1984,1985,42,"Best Performance by an Actress in a Supporting Role in a Series, Limited Series or Motion Picture Made for Television",Something About Amelia,Roxana Zal,FALSE,,
1984,1985,42,Best Television Limited Series or Motion Picture Made for Television,Something About Amelia,,TRUE,,
1984,1985,42,Best Performance by an Actress in a Supporting Role in any Motion Picture,Songwriter,Lesley Ann Warren,FALSE,,
1984,1985,42,Best Motion Picture - Musical or Comedy,Splash,,FALSE,,
1984,1985,42,Best Television Series - Drama,St. Elsewhere,,FALSE,,
1984,1985,42,Best Performance by an Actress in a Supporting Role in any Motion Picture,Swing Shift,Christine Lahti,FALSE,,
1984,1985,42,Best Performance by an Actress in a Motion Picture - Drama,The Bostonians,Vanessa Redgrave,FALSE,,
1984,1985,42,"Best Performance by an Actor in a Supporting Role in a Series, Limited Series or Motion Picture Made for Television",The Burning Bed,Paul Le Mat,TRUE,,
1984,1985,42,Best Performance by an Actress in a Limited Series or a Motion Picture Made for Television,The Burning Bed,Farrah Fawcett,FALSE,,
1984,1985,42,Best Television Limited Series or Motion Picture Made for Television,The Burning Bed,,FALSE,,
1984,1985,42,Best Performance by an Actor in a Television Series - Musical or Comedy,The Cosby Show,Bill Cosby,TRUE,,
1984,1985,42,Best Television Series - Musical or Comedy,The Cosby Show,,TRUE,,
1984,1985,42,Best Director - Motion Picture,The Cotton Club,Francis Ford Coppola,FALSE,,
1984,1985,42,Best Motion Picture - Drama,The Cotton Club,,FALSE,,
1984,1985,42,Best Performance by an Actress in a Limited Series or a Motion Picture Made for Television,The Dollmaker,Jane Fonda,FALSE,,
1984,1985,42,Best Television Limited Series or Motion Picture Made for Television,The Dollmaker,,FALSE,,
1984,1985,42,Best Performance by an Actor in a Supporting Role in any Motion Picture,The Flamingo Kid,Richard Crenna,FALSE,,
1984,1985,42,Best Performance by an Actor in a Television Series - Musical or Comedy,The Jeffersons,Sherman Hemsley,FALSE,,
1984,1985,42,"Best Performance by an Actress in a Supporting Role in a Series, Limited Series or Motion Picture Made for Television",The Jeffersons,Marla Gibbs,FALSE,,
1984,1985,42,Best Performance by an Actress in a Television Series - Musical or Comedy,The Jeffersons,Isabel Sanford,FALSE,,
1984,1985,42,Best Television Series - Musical or Comedy,The Jeffersons,,FALSE,,
1984,1985,42,Best Performance by an Actor in a Supporting Role in any Motion Picture,The Karate Kid,Pat Morita,FALSE,,
1984,1985,42,Best Director - Motion Picture,The Killing Fields,Roland Joffé,FALSE,,
1984,1985,42,Best Motion Picture - Drama,The Killing Fields,,FALSE,,
1984,1985,42,Best Original Score - Motion Picture,The Killing Fields,Mike Oldfield,FALSE,,
1984,1985,42,Best Performance by an Actor in a Motion Picture - Drama,The Killing Fields,Sam Waterston,FALSE,,
1984,1985,42,Best Performance by an Actor in a Supporting Role in any Motion Picture,The Killing Fields,Haing S. Ngor,TRUE,,
1984,1985,42,Best Screenplay - Motion Picture,The Killing Fields,Bruce Robinson,FALSE,,
1984,1985,42,Best Performance by an Actress in a Supporting Role in any Motion Picture,The Natural,Kim Basinger,FALSE,,
1984,1985,42,Best Original Score - Motion Picture,The River,John Williams,FALSE,,
1984,1985,42,Best Performance by an Actress in a Motion Picture - Drama,The River,Sissy Spacek,FALSE,,
1984,1985,42,Best Original Song - Motion Picture,The Woman in Red,Stevie Wonder,TRUE,I Just Called To Say I Love You,
1984,1985,42,Best Performance by an Actor in a Motion Picture - Drama,Under The Volcano,Albert Finney,FALSE,,
1984,1985,42,Best Performance by an Actress in a Supporting Role in any Motion Picture,Under The Volcano,Jacqueline Bisset,FALSE,,
1984,1985,42,Best Performance by an Actress in a Television Series - Musical or Comedy,Webster,Susan Clark,FALSE,,
1984,1985,42,Cecil B. deMille Award,,Elizabeth Taylor,FALSE,,
1985,1986,43,Best Director - Motion Picture,A Chorus Line: The Movie,Richard Attenborough,FALSE,,
1985,1986,43,Best Motion Picture - Musical or Comedy,A Chorus Line: The Movie,,FALSE,,
1985,1986,43,Best Performance by an Actress in a Limited Series or a Motion Picture Made for Television,A Time to Live,Liza Minnelli,TRUE,,
1985,1986,43,Best Original Song - Motion Picture,A View to a Kill,John Barry,FALSE,A View To a Kill,
1985,1986,43,Best Original Song - Motion Picture,A View to a Kill,Duran Duran,FALSE,A View To a Kill,
1985,1986,43,Best Original Song - Motion Picture,A View to a Kill,Bernard Edwards,FALSE,A View To a Kill,
1985,1986,43,Best Motion Picture - Foreign Language,A Year of the Quiet Sun,Krzysztof Zanussi,FALSE,,Poland
1985,1986,43,Best Performance by an Actor in a Motion Picture - Musical or Comedy,After Hours,Griffin Dunne,FALSE,,
1985,1986,43,Best Performance by an Actress in a Motion Picture - Drama,Agnes of God,Anne Bancroft,FALSE,,
1985,1986,43,Best Performance by an Actress in a Supporting Role in any Motion Picture,Agnes of God,Meg Tilly,TRUE,,
1985,1986,43,Best Performance by an Actor in a Limited Series or a Motion Picture Made for Television,Amos,Kirk Douglas,FALSE,,
1985,1986,43,"Best Performance by an Actor in a Supporting Role in a Series, Limited Series or Motion Picture Made for Television",Amos,Pat Morita,FALSE,,
1985,1986,43,Best Television Limited Series or Motion Picture Made for Television,Amos,,FALSE,,
1985,1986,43,Best Performance by an Actress in a Limited Series or a Motion Picture Made for Television,An Early Frost,Gena Rowlands,FALSE,,
1985,1986,43,"Best Performance by an Actress in a Supporting Role in a Series, Limited Series or Motion Picture Made for Television",An Early Frost,Sylvia Sidney,TRUE,,
1985,1986,43,Best Television Limited Series or Motion Picture Made for Television,An Early Frost,,FALSE,,
1985,1986,43,Best Motion Picture - Musical or Comedy,Back To The Future,,FALSE,,
1985,1986,43,Best Original Song - Motion Picture,Back To The Future,Huey Lewis,FALSE,The Power of Love,
1985,1986,43,Best Original Song - Motion Picture,Back To The Future,Chris Hayes,FALSE,The Power of Love,
1985,1986,43,Best Performance by an Actor in a Motion Picture - Musical or Comedy,Back To The Future,Michael J. Fox,FALSE,,
1985,1986,43,Best Screenplay - Motion Picture,Back To The Future,Bob Gale,FALSE,,
1985,1986,43,"Best Performance by an Actress in a Supporting Role in a Series, Limited Series or Motion Picture Made for Television",Benson,Inga Swenson,FALSE,,
1985,1986,43,Best Original Song - Motion Picture,Berry Gordy's The Last Dragon,Diane Warren,FALSE,Rhythm of the Night,
1985,1986,43,Best Performance by an Actress In A Television Series - Drama,Cagney & Lacey,Sharon Gless,TRUE,,
1985,1986,43,Best Performance by an Actress In A Television Series - Drama,Cagney & Lacey,Tyne Daly,TRUE,,
1985,1986,43,Best Television Series - Drama,Cagney & Lacey,,FALSE,,
1985,1986,43,"Best Performance by an Actor in a Supporting Role in a Series, Limited Series or Motion Picture Made for Television",Chase,Richard Farnsworth,FALSE,,
1985,1986,43,Best Performance by an Actor in a Television Series - Musical or Comedy,Cheers,Ted Danson,FALSE,,
1985,1986,43,Best Motion Picture - Musical or Comedy,Cocoon,,FALSE,,
1985,1986,43,Best Motion Picture - Foreign Language,Colonel Redl,István Szabó,FALSE,,Hungary
1985,1986,43,Best Performance by an Actress in a Limited Series or a Motion Picture Made for Television,Consenting Adult,Marlo Thomas,FALSE,,
1985,1986,43,Best Performance by an Actor in a Limited Series or a Motion Picture Made for Television,Death of a Salesman,Dustin Hoffman,TRUE,,
1985,1986,43,"Best Performance by an Actor in a Supporting Role in a Series, Limited Series or Motion Picture Made for Television",Death of a Salesman,John Malkovich,FALSE,,
1985,1986,43,"Best Performance by an Actress in a Supporting Role in a Series, Limited Series or Motion Picture Made for Television",Death of a Salesman,Kate Reid,FALSE,,
1985,1986,43,Best Television Limited Series or Motion Picture Made for Television,Death of a Salesman,,FALSE,,
1985,1986,43,Best Performance by an Actress in a Motion Picture - Musical or Comedy,Desperately Seeking Susan,Rosanna Arquette,FALSE,,
1985,1986,43,Best Performance by an Actress in a Limited Series or a Motion Picture Made for Television,Do You Remember Love?,Joanne Woodward,FALSE,,
1985,1986,43,Best Television Limited Series or Motion Picture Made for Television,Do You Remember Love?,,FALSE,,
1985,1986,43,"Best Performance by an Actor in a Supporting Role in a Series, Limited Series or Motion Picture Made for Television",Dynasty,John James,FALSE,,
1985,1986,43,Best Performance by an Actor In A Television Series - Drama,Dynasty,John Forsythe,FALSE,,
1985,1986,43,Best Performance by an Actress In A Television Series - Drama,Dynasty,Joan Collins,FALSE,,
1985,1986,43,Best Performance by an Actress In A Television Series - Drama,Dynasty,Linda Evans,FALSE,,
1985,1986,43,Best Television Series - Drama,Dynasty,,FALSE,,
1985,1986,43,Best Performance by an Actor in a Television Series - Musical or Comedy,Family Ties,Michael J. Fox,FALSE,,
1985,1986,43,Best Television Series - Musical or Comedy,Family Ties,,FALSE,,
1985,1986,43,"Best Performance by an Actor in a Supporting Role in a Series, Limited Series or Motion Picture Made for Television",Hill Street Blues,Bruce Weitz,FALSE,,
1985,1986,43,Best Performance by an Actor In A Television Series - Drama,Hill Street Blues,Daniel J. Travanti,FALSE,,
1985,1986,43,Best Performance by an Actor in a Limited Series or a Motion Picture Made for Television,Kane & Abel,Peter Strauss,FALSE,,
1985,1986,43,Best Television Series - Musical or Comedy,Kate & Allie,,FALSE,,
1985,1986,43,Best Motion Picture - Drama,Kiss of the Spider Woman,,FALSE,,
1985,1986,43,Best Performance by an Actor in a Motion Picture - Drama,Kiss of the Spider Woman,Raul Julia,FALSE,,
1985,1986,43,Best Performance by an Actor in a Motion Picture - Drama,Kiss of the Spider Woman,William Hurt,FALSE,,
1985,1986,43,Best Performance by an Actress in a Supporting Role in any Motion Picture,Kiss of the Spider Woman,Sônia Braga,FALSE,,
1985,1986,43,Best Original Song - Motion Picture,Mad Max Beyond Thunderdome,Terry Britten,FALSE,We Don't Need Another Hero (Thunderdome),
1985,1986,43,Best Original Song - Motion Picture,Mad Max Beyond Thunderdome,Graham Lyle,FALSE,We Don't Need Another Hero (Thunderdome),
1985,1986,43,Best Performance by an Actor In A Television Series - Drama,"Magnum, P. I.",Tom Selleck,FALSE,,
1985,1986,43,Best Performance by an Actor in a Supporting Role in any Motion Picture,Mask,Eric Stoltz,FALSE,,
1985,1986,43,Best Performance by an Actress in a Motion Picture - Drama,Mask,Cher,FALSE,,
1985,1986,43,Best Performance by an Actress in a Motion Picture - Musical or Comedy,Maxie,Glenn Close,FALSE,,
1985,1986,43,"Best Performance by an Actor in a Supporting Role in a Series, Limited Series or Motion Picture Made for Television",Miami Vice,Edward James Olmos,TRUE,,
1985,1986,43,Best Performance by an Actor In A Television Series - Drama,Miami Vice,Don Johnson,TRUE,,
1985,1986,43,Best Performance by an Actor In A Television Series - Drama,Miami Vice,Philip Michael Thomas,FALSE,,
1985,1986,43,Best Television Series - Drama,Miami Vice,,FALSE,,
1985,1986,43,Best Performance by an Actor in a Television Series - Musical or Comedy,Moonlighting,Bruce Willis,FALSE,,
1985,1986,43,Best Performance by an Actress in a Television Series - Musical or Comedy,Moonlighting,Cybill Shepherd,TRUE,,
1985,1986,43,Best Television Series - Musical or Comedy,Moonlighting,,FALSE,,
1985,1986,43,Best Performance by an Actress In A Television Series - Drama,"Murder, She Wrote",Angela Lansbury,FALSE,,
1985,1986,43,Best Television Series - Drama,"Murder, She Wrote",,TRUE,,
1985,1986,43,Best Performance by an Actor in a Motion Picture - Musical or Comedy,Murphy's Romance,James Garner,FALSE,,
1985,1986,43,Best Performance by an Actress in a Motion Picture - Musical or Comedy,Murphy's Romance,Sally Field,FALSE,,
1985,1986,43,Best Performance by an Actor in a Television Series - Musical or Comedy,Newhart,Bob Newhart,FALSE,,
1985,1986,43,"Best Performance by an Actor in a Supporting Role in a Series, Limited Series or Motion Picture Made for Television",North and South,David Carradine,FALSE,,
1985,1986,43,"Best Performance by an Actress in a Supporting Role in a Series, Limited Series or Motion Picture Made for Television",North and South,Lesley-Anne Down,FALSE,,
1985,1986,43,Best Director - Motion Picture,Out of Africa,Sydney Pollack,FALSE,,
1985,1986,43,Best Motion Picture - Drama,Out of Africa,,TRUE,,
1985,1986,43,Best Original Score - Motion Picture,Out of Africa,John Barry,TRUE,,
1985,1986,43,Best Performance by an Actor in a Supporting Role in any Motion Picture,Out of Africa,Klaus Maria Brandauer,TRUE,,
1985,1986,43,Best Performance by an Actress in a Motion Picture - Drama,Out of Africa,Meryl Streep,FALSE,,
1985,1986,43,Best Screenplay - Motion Picture,Out of Africa,Kurt Luedtke,FALSE,,
1985,1986,43,Best Director - Motion Picture,Prizzi's Honor,John Huston,TRUE,,
1985,1986,43,Best Motion Picture - Musical or Comedy,Prizzi's Honor,,TRUE,,
1985,1986,43,Best Performance by an Actor in a Motion Picture - Musical or Comedy,Prizzi's Honor,Jack Nicholson,TRUE,,
1985,1986,43,Best Performance by an Actress in a Motion Picture - Musical or Comedy,Prizzi's Honor,Kathleen Turner,TRUE,,
1985,1986,43,Best Performance by an Actress in a Supporting Role in any Motion Picture,Prizzi's Honor,Anjelica Huston,FALSE,,
1985,1986,43,Best Screenplay - Motion Picture,Prizzi's Honor,Richard Condon,FALSE,,
1985,1986,43,Best Motion Picture - Foreign Language,Ran,Akira Kurosawa,FALSE,,Japan
1985,1986,43,Best Performance by an Actor in a Supporting Role in any Motion Picture,Remo Williams: The Adventure Begins,Joel Grey,FALSE,,
1985,1986,43,Best Motion Picture - Drama,Runaway Train,,FALSE,,
1985,1986,43,Best Performance by an Actor in a Motion Picture - Drama,Runaway Train,Jon Voight,TRUE,,
1985,1986,43,Best Performance by an Actor in a Supporting Role in any Motion Picture,Runaway Train,Eric Roberts,FALSE,,
1985,1986,43,"Best Performance by an Actor in a Supporting Role in a Series, Limited Series or Motion Picture Made for Television",St. Elsewhere,Ed Begley Jr.,FALSE,,
1985,1986,43,Best Television Series - Drama,St. Elsewhere,,FALSE,,
1985,1986,43,Best Director - Motion Picture,The Color Purple,Steven Spielberg,FALSE,,
1985,1986,43,Best Motion Picture - Drama,The Color Purple,,FALSE,,
1985,1986,43,Best Original Score - Motion Picture,The Color Purple,Quincy Jones,FALSE,,
1985,1986,43,Best Performance by an Actress in a Motion Picture - Drama,The Color Purple,Whoopi Goldberg,TRUE,,
1985,1986,43,Best Performance by an Actress in a Supporting Role in any Motion Picture,The Color Purple,Oprah Winfrey,FALSE,,
1985,1986,43,Best Performance by an Actor in a Television Series - Musical or Comedy,The Cosby Show,Bill Cosby,TRUE,,
1985,1986,43,Best Television Series - Musical or Comedy,The Cosby Show,,FALSE,,
1985,1986,43,Best Performance by an Actress in a Television Series - Musical or Comedy,The Golden Girls,Beatrice Arthur,FALSE,,
1985,1986,43,Best Performance by an Actress in a Television Series - Musical or Comedy,The Golden Girls,Betty White,FALSE,,
1985,1986,43,Best Performance by an Actress in a Television Series - Musical or Comedy,The Golden Girls,Estelle Getty,TRUE,,
1985,1986,43,Best Performance by an Actress in a Television Series - Musical or Comedy,The Golden Girls,Rue McClanahan,FALSE,,
1985,1986,43,Best Television Series - Musical or Comedy,The Golden Girls,,TRUE,,
1985,1986,43,Best Performance by an Actress in a Limited Series or a Motion Picture Made for Television,The Jewel in the Crown,Peggy Ashcroft,FALSE,,
1985,1986,43,Best Television Limited Series or Motion Picture Made for Television,The Jewel in the Crown,,TRUE,,
1985,1986,43,Best Motion Picture - Foreign Language,The Official Story,Luis Puenzo,TRUE,,Argentina
1985,1986,43,Best Motion Picture - Musical or Comedy,The Purple Rose of Cairo,,FALSE,,
1985,1986,43,Best Performance by an Actor in a Motion Picture - Musical or Comedy,The Purple Rose of Cairo,Jeff Daniels,FALSE,,
1985,1986,43,Best Performance by an Actress in a Motion Picture - Musical or Comedy,The Purple Rose of Cairo,Mia Farrow,FALSE,,
1985,1986,43,Best Screenplay - Motion Picture,The Purple Rose of Cairo,Woody Allen,TRUE,,
1985,1986,43,Best Performance by an Actor in a Limited Series or a Motion Picture Made for Television,The Rape of Richard Beck,Richard Crenna,FALSE,,
1985,1986,43,Best Performance by an Actress in a Motion Picture - Drama,The Trip To Bountiful,Geraldine Page,FALSE,,
1985,1986,43,Best Performance by an Actor in a Motion Picture - Drama,Twice in a Lifetime,Gene Hackman,FALSE,,
1985,1986,43,Best Performance by an Actress in a Supporting Role in any Motion Picture,Twice in a Lifetime,Amy Madigan,FALSE,,
1985,1986,43,Best Performance by an Actor in a Limited Series or a Motion Picture Made for Television,Wallenberg: A Hero's Story,Richard Chamberlain,FALSE,,
1985,1986,43,Best Motion Picture - Foreign Language,When Father Was Away on Business,Emir Kusturica,FALSE,,Yugoslavia
1985,1986,43,Best Original Score - Motion Picture,White Nights,Michel Colombier,FALSE,,
1985,1986,43,Best Original Song - Motion Picture,White Nights,Say Me,TRUE,Say You,
1985,1986,43,Best Original Song - Motion Picture,White Nights,Lionel Richie,TRUE,Say You,
1985,1986,43,"Best Performance by an Actress in a Supporting Role in a Series, Limited Series or Motion Picture Made for Television",Who's the Boss?,Katherine Helmond,FALSE,,
1985,1986,43,Best Director - Motion Picture,Witness,Peter Weir,FALSE,,
1985,1986,43,Best Motion Picture - Drama,Witness,,FALSE,,
1985,1986,43,Best Original Score - Motion Picture,Witness,Maurice Jarre,FALSE,,
1985,1986,43,Best Performance by an Actor in a Motion Picture - Drama,Witness,Harrison Ford,FALSE,,
1985,1986,43,Best Performance by an Actress in a Supporting Role in any Motion Picture,Witness,Kelly McGillis,FALSE,,
1985,1986,43,Best Screenplay - Motion Picture,Witness,William Kelley,FALSE,,
1985,1986,43,Best Original Score - Motion Picture,Year of the Dragon,David Mansfield,FALSE,,
1985,1986,43,Best Performance by an Actor in a Supporting Role in any Motion Picture,Year of the Dragon,John Lone,FALSE,,
1985,1986,43,Cecil B. deMille Award,,Barbara Stanwyck,FALSE,,
1986,1987,44,Best Motion Picture - Foreign Language,3 Men and a Cradle,Coline Serreau,FALSE,,France
1986,1987,44,Best Director - Motion Picture,A Room with a View,James Ivory,FALSE,,
1986,1987,44,Best Motion Picture - Drama,A Room with a View,,FALSE,,
1986,1987,44,Best Performance by an Actress in a Supporting Role in any Motion Picture,A Room with a View,Maggie Smith,TRUE,,
1986,1987,44,Best Performance by an Actress in a Motion Picture - Drama,Aliens,Sigourney Weaver,FALSE,,
1986,1987,44,Best Original Song - Motion Picture,An American Tail,James Horner,FALSE,Somewhere Out There,
1986,1987,44,Best Original Song - Motion Picture,An American Tail,Barry Mann,FALSE,Somewhere Out There,
1986,1987,44,Best Original Song - Motion Picture,An American Tail,Cynthia Weil,FALSE,Somewhere Out There,
1986,1987,44,"Best Performance by an Actor in a Supporting Role in a Series, Limited Series or Motion Picture Made for Television",Anastasia: The Mystery of Anna,Jan Niklas,TRUE,,
1986,1987,44,Best Performance by an Actress in a Limited Series or a Motion Picture Made for Television,Anastasia: The Mystery of Anna,Amy Irving,FALSE,,
1986,1987,44,"Best Performance by an Actress in a Supporting Role in a Series, Limited Series or Motion Picture Made for Television",Anastasia: The Mystery of Anna,Olivia de Havilland,TRUE,,
1986,1987,44,Best Television Limited Series or Motion Picture Made for Television,Anastasia: The Mystery of Anna,,FALSE,,
1986,1987,44,Best Motion Picture - Foreign Language,Betty Blue,Jean-Jacques Beineix,FALSE,,France
1986,1987,44,Best Performance by an Actor in a Supporting Role in any Motion Picture,Blue Velvet,Dennis Hopper,FALSE,,
1986,1987,44,Best Screenplay - Motion Picture,Blue Velvet,David Lynch,FALSE,,
1986,1987,44,Best Performance by an Actress In A Television Series - Drama,Cagney & Lacey,Sharon Gless,FALSE,,
1986,1987,44,Best Performance by an Actress In A Television Series - Drama,Cagney & Lacey,Tyne Daly,FALSE,,
1986,1987,44,Best Television Series - Drama,Cagney & Lacey,,FALSE,,
1986,1987,44,Best Performance by an Actor in a Television Series - Musical or Comedy,Cheers,Ted Danson,FALSE,,
1986,1987,44,"Best Performance by an Actress in a Supporting Role in a Series, Limited Series or Motion Picture Made for Television",Cheers,Rhea Perlman,FALSE,,
1986,1987,44,Best Television Series - Musical or Comedy,Cheers,,FALSE,,
1986,1987,44,Best Motion Picture - Drama,Children of a Lesser God,,FALSE,,
1986,1987,44,Best Performance by an Actor in a Motion Picture - Drama,Children of a Lesser God,William Hurt,FALSE,,
1986,1987,44,Best Performance by an Actress in a Motion Picture - Drama,Children of a Lesser God,Marlee Matlin,TRUE,,
1986,1987,44,"Best Performance by an Actor in a Supporting Role in a Series, Limited Series or Motion Picture Made for Television",Christmas Eve,Ron Leibman,FALSE,,
1986,1987,44,"Best Performance by an Actor in a Supporting Role in a Series, Limited Series or Motion Picture Made for Television",Christmas Eve,Trevor Howard,FALSE,,
1986,1987,44,Best Performance by an Actress in a Limited Series or a Motion Picture Made for Television,Christmas Eve,Loretta Young,TRUE,,
1986,1987,44,Best Television Limited Series or Motion Picture Made for Television,Christmas Eve,,FALSE,,
1986,1987,44,Best Motion Picture - Musical or Comedy,Crimes of the Heart,,FALSE,,
1986,1987,44,Best Performance by an Actress in a Motion Picture - Musical or Comedy,Crimes of the Heart,Sissy Spacek,TRUE,,
1986,1987,44,Best Motion Picture - Musical or Comedy,Crocodile Dundee,,FALSE,,
1986,1987,44,Best Performance by an Actor in a Motion Picture - Musical or Comedy,Crocodile Dundee,Paul Hogan,TRUE,,
1986,1987,44,Best Performance by an Actress in a Supporting Role in any Motion Picture,Crocodile Dundee,Linda Kozlowski,FALSE,,
1986,1987,44,Best Motion Picture - Musical or Comedy,Down and Out In Beverly Hills,,FALSE,,
1986,1987,44,Best Performance by an Actress in a Motion Picture - Musical or Comedy,Down and Out In Beverly Hills,Bette Midler,FALSE,,
1986,1987,44,Best Performance by an Actress in a Motion Picture - Drama,Duet for One,Julie Andrews,FALSE,,
1986,1987,44,Best Performance by an Actor In A Television Series - Drama,Dynasty,John Forsythe,FALSE,,
1986,1987,44,Best Performance by an Actress In A Television Series - Drama,Dynasty,Joan Collins,FALSE,,
1986,1987,44,Best Television Series - Drama,Dynasty,,FALSE,,
1986,1987,44,Best Performance by an Actress in a Motion Picture - Drama,Extremities,Farrah Fawcett,FALSE,,
1986,1987,44,Best Performance by an Actor in a Television Series - Musical or Comedy,Family Ties,Michael J. Fox,FALSE,,
1986,1987,44,"Best Performance by an Actress in a Supporting Role in a Series, Limited Series or Motion Picture Made for Television",Family Ties,Justine Bateman,FALSE,,
1986,1987,44,Best Television Series - Musical or Comedy,Family Ties,,FALSE,,
1986,1987,44,Best Performance by an Actor in a Motion Picture - Musical or Comedy,Ferris Bueller's Day Off,Matthew Broderick,FALSE,,
1986,1987,44,Best Motion Picture - Foreign Language,Ginger & Fred,Federico Fellini,FALSE,,Italy
1986,1987,44,Best Director - Motion Picture,Hannah and Her Sisters,Woody Allen,FALSE,,
1986,1987,44,Best Motion Picture - Musical or Comedy,Hannah and Her Sisters,,TRUE,,
1986,1987,44,Best Performance by an Actor in a Supporting Role in any Motion Picture,Hannah and Her Sisters,Michael Caine,FALSE,,
1986,1987,44,Best Performance by an Actress in a Supporting Role in any Motion Picture,Hannah and Her Sisters,Dianne Wiest,FALSE,,
1986,1987,44,Best Screenplay - Motion Picture,Hannah and Her Sisters,Woody Allen,FALSE,,
1986,1987,44,Best Performance by an Actor in a Supporting Role in any Motion Picture,Hoosiers,Dennis Hopper,FALSE,,
1986,1987,44,Best Performance by an Actress In A Television Series - Drama,Hotel,Connie Sellecca,FALSE,,
1986,1987,44,Best Performance by an Actor In A Television Series - Drama,Knots Landing,William Devane,FALSE,,
1986,1987,44,Best Motion Picture - Musical or Comedy,Little Shop of Horrors,,FALSE,,
1986,1987,44,Best Original Score - Motion Picture,Little Shop of Horrors,Miles Goodman,FALSE,,
1986,1987,44,"Best Performance by an Actor in a Supporting Role in a Series, Limited Series or Motion Picture Made for Television","Magnum, P. I.",John Hillerman,FALSE,,
1986,1987,44,Best Performance by an Actor In A Television Series - Drama,"Magnum, P. I.",Tom Selleck,FALSE,,
1986,1987,44,Best Performance by an Actor In A Television Series - Drama,Miami Vice,Don Johnson,FALSE,,
1986,1987,44,Best Television Series - Drama,Miami Vice,,FALSE,,
1986,1987,44,Best Motion Picture - Drama,Mona Lisa,,FALSE,,
1986,1987,44,Best Performance by an Actor in a Motion Picture - Drama,Mona Lisa,Bob Hoskins,TRUE,,
1986,1987,44,Best Performance by an Actress in a Supporting Role in any Motion Picture,Mona Lisa,Cathy Tyson,FALSE,,
1986,1987,44,Best Screenplay - Motion Picture,Mona Lisa,Neil Jordan,FALSE,,
1986,1987,44,Best Performance by an Actor in a Television Series - Musical or Comedy,Moonlighting,Bruce Willis,TRUE,,
1986,1987,44,Best Performance by an Actress in a Television Series - Musical or Comedy,Moonlighting,Cybill Shepherd,TRUE,,
1986,1987,44,Best Television Series - Musical or Comedy,Moonlighting,,FALSE,,
1986,1987,44,Best Performance by an Actress In A Television Series - Drama,"Murder, She Wrote",Angela Lansbury,TRUE,,
1986,1987,44,Best Television Series - Drama,"Murder, She Wrote",,FALSE,,
1986,1987,44,"Best Performance by an Actor in a Supporting Role in a Series, Limited Series or Motion Picture Made for Television",Nazi Hunter: The Beate Klarsfeld Story,Tom Conti,FALSE,,
1986,1987,44,Best Performance by an Actress in a Limited Series or a Motion Picture Made for Television,Nazi Hunter: The Beate Klarsfeld Story,Farrah Fawcett,FALSE,,
1986,1987,44,"Best Performance by an Actress in a Supporting Role in a Series, Limited Series or Motion Picture Made for Television",Nazi Hunter: The Beate Klarsfeld Story,Geraldine Page,FALSE,,
1986,1987,44,Best Performance by an Actress in a Motion Picture - Drama,"night, Mother",Anne Bancroft,FALSE,,
1986,1987,44,Best Performance by an Actress in a Limited Series or a Motion Picture Made for Television,Nobody's Child,Marlo Thomas,FALSE,,
1986,1987,44,Best Television Limited Series or Motion Picture Made for Television,Nobody's Child,,FALSE,,
1986,1987,44,Best Motion Picture - Foreign Language,Otello,Franco Zeffirelli,FALSE,,Italy
1986,1987,44,Best Motion Picture - Musical or Comedy,Peggy Sue Got Married,,FALSE,,
1986,1987,44,Best Performance by an Actress in a Motion Picture - Musical or Comedy,Peggy Sue Got Married,Kathleen Turner,FALSE,,
1986,1987,44,Best Performance by an Actor in a Limited Series or a Motion Picture Made for Television,Peter The Great,Jan Niklas,FALSE,,
1986,1987,44,"Best Performance by an Actress in a Supporting Role in a Series, Limited Series or Motion Picture Made for Television",Peter The Great,Lilli Palmer,FALSE,,
1986,1987,44,Best Television Limited Series or Motion Picture Made for Television,Peter The Great,,FALSE,,
1986,1987,44,Best Director - Motion Picture,Platoon,Oliver Stone,TRUE,,
1986,1987,44,Best Motion Picture - Drama,Platoon,,TRUE,,
1986,1987,44,Best Performance by an Actor in a Supporting Role in any Motion Picture,Platoon,Tom Berenger,TRUE,,
1986,1987,44,Best Screenplay - Motion Picture,Platoon,Oliver Stone,FALSE,,
1986,1987,44,Best Performance by an Actor in a Limited Series or a Motion Picture Made for Television,Promise,James Garner,TRUE,,
1986,1987,44,Best Performance by an Actor in a Limited Series or a Motion Picture Made for Television,Promise,James Woods,TRUE,,
1986,1987,44,"Best Performance by an Actress in a Supporting Role in a Series, Limited Series or Motion Picture Made for Television",Promise,Piper Laurie,FALSE,,
1986,1987,44,Best Television Limited Series or Motion Picture Made for Television,Promise,,TRUE,,
1986,1987,44,Best Original Score - Motion Picture,Round Midnight,Herbie Hancock,FALSE,,
1986,1987,44,Best Performance by an Actor in a Motion Picture - Drama,Round Midnight,Dexter Gordon,FALSE,,
1986,1987,44,Best Original Song - Motion Picture,Running Scared,Rod Temperton,FALSE,Sweet Freedom,
1986,1987,44,Best Performance by an Actor in a Motion Picture - Musical or Comedy,Ruthless People,Danny DeVito,FALSE,,
1986,1987,44,Best Performance by an Actress in a Limited Series or a Motion Picture Made for Television,Second Serve,Vanessa Redgrave,FALSE,,
1986,1987,44,Best Performance by an Actor in a Motion Picture - Musical or Comedy,Something Wild,Jeff Daniels,FALSE,,
1986,1987,44,Best Performance by an Actor in a Supporting Role in any Motion Picture,Something Wild,Ray Liotta,FALSE,,
1986,1987,44,Best Performance by an Actress in a Motion Picture - Musical or Comedy,Something Wild,Melanie Griffith,FALSE,,
1986,1987,44,Best Television Series - Drama,St. Elsewhere,,FALSE,,
1986,1987,44,Best Director - Motion Picture,Stand By Me,Rob Reiner,FALSE,,
1986,1987,44,Best Motion Picture - Drama,Stand By Me,,FALSE,,
1986,1987,44,Best Television Series - Drama,Steven Bochco,L.A. Law,TRUE,,
1986,1987,44,Best Original Song - Motion Picture,That's Life!,Henry Mancini,FALSE,Life in a Looking Glass,
1986,1987,44,Best Original Song - Motion Picture,That's Life!,Leslie Bricusse,FALSE,Life in a Looking Glass,
1986,1987,44,Best Performance by an Actor in a Motion Picture - Musical or Comedy,That's Life!,Jack Lemmon,FALSE,,
1986,1987,44,Best Performance by an Actress in a Motion Picture - Musical or Comedy,That's Life!,Julie Andrews,FALSE,,
1986,1987,44,Best Motion Picture - Foreign Language,The Assault,Fons Rademakers,TRUE,,Netherlands
1986,1987,44,Best Performance by an Actor in a Motion Picture - Drama,The Color of Money,Paul Newman,FALSE,,
1986,1987,44,Best Performance by an Actress in a Supporting Role in any Motion Picture,The Color of Money,Mary Elizabeth Mastrantonio,FALSE,,
1986,1987,44,Best Performance by an Actor in a Television Series - Musical or Comedy,The Cosby Show,Bill Cosby,FALSE,,
1986,1987,44,Best Television Series - Musical or Comedy,The Cosby Show,,FALSE,,
1986,1987,44,Best Performance by an Actor in a Limited Series or a Motion Picture Made for Television,The Deliberate Stranger,Mark Harmon,FALSE,,
1986,1987,44,Best Performance by an Actor In A Television Series - Drama,The Equalizer,Edward Woodward,TRUE,,
1986,1987,44,Best Performance by an Actress in a Television Series - Musical or Comedy,The Golden Girls,Beatrice Arthur,FALSE,,
1986,1987,44,Best Performance by an Actress in a Television Series - Musical or Comedy,The Golden Girls,Betty White,FALSE,,
1986,1987,44,Best Performance by an Actress in a Television Series - Musical or Comedy,The Golden Girls,Estelle Getty,FALSE,,
1986,1987,44,Best Performance by an Actress in a Television Series - Musical or Comedy,The Golden Girls,Rue McClanahan,FALSE,,
1986,1987,44,Best Television Series - Musical or Comedy,The Golden Girls,,TRUE,,
1986,1987,44,Best Original Song - Motion Picture,The Karate Kid Part II,Peter Cetera,FALSE,The Glory of Love,
1986,1987,44,Best Original Song - Motion Picture,The Karate Kid Part II,David Foster,FALSE,The Glory of Love,
1986,1987,44,Best Director - Motion Picture,The Mission,Roland Joffé,FALSE,,
1986,1987,44,Best Motion Picture - Drama,The Mission,,FALSE,,
1986,1987,44,Best Original Score - Motion Picture,The Mission,Ennio Morricone,TRUE,,
1986,1987,44,Best Performance by an Actor in a Motion Picture - Drama,The Mission,Jeremy Irons,FALSE,,
1986,1987,44,Best Screenplay - Motion Picture,The Mission,Robert Bolt,TRUE,,
1986,1987,44,Best Original Score - Motion Picture,The Mosquito Coast,Maurice Jarre,FALSE,,
1986,1987,44,Best Performance by an Actor in a Motion Picture - Drama,The Mosquito Coast,Harrison Ford,FALSE,,
1986,1987,44,Best Original Score - Motion Picture,Top Gun,Harold Faltermeyer,FALSE,,
1986,1987,44,Best Original Song - Motion Picture,Top Gun,Giorgio Moroder,TRUE,Take My Breath Away,
1986,1987,44,Best Original Song - Motion Picture,Top Gun,Tom Whitlock,TRUE,Take My Breath Away,
1986,1987,44,Best Original Song - Motion Picture,Tough Guys,Burt Bacharach,FALSE,They Don't Make Them Like They Used To,
1986,1987,44,Best Original Song - Motion Picture,Tough Guys,Carole Bayer Sager,FALSE,They Don't Make Them Like They Used To,
1986,1987,44,Best Performance by an Actor in a Limited Series or a Motion Picture Made for Television,Unnatural Causes,John Ritter,FALSE,,
1986,1987,44,Best Television Limited Series or Motion Picture Made for Television,Unnatural Causes,,FALSE,,
1986,1987,44,Best Performance by an Actor in a Television Series - Musical or Comedy,Who's the Boss?,Tony Danza,FALSE,,
1986,1987,44,Cecil B. deMille Award,,Anthony Quinn,FALSE,,
1987,1988,45,Best Performance by an Actor In A Television Series - Drama,A Year in the Life,Richard Kiley,TRUE,,
1987,1988,45,Best Television Series - Drama,A Year in the Life,,FALSE,,
1987,1988,45,Best Performance by an Actor in a Limited Series or a Motion Picture Made for Television,After the Promise,Mark Harmon,FALSE,,
1987,1988,45,Best Television Limited Series or Motion Picture Made for Television,After the Promise,,FALSE,,
1987,1988,45,"Best Performance by an Actress in a Supporting Role in a Series, Limited Series or Motion Picture Made for Television",Amerika,Christine Lahti,FALSE,,
1987,1988,45,Best Performance by an Actress in a Motion Picture - Drama,Anna,Sally Kirkland,TRUE,,
1987,1988,45,Best Motion Picture - Musical or Comedy,Baby Boom,,FALSE,,
1987,1988,45,Best Performance by an Actress in a Motion Picture - Musical or Comedy,Baby Boom,Diane Keaton,FALSE,,
1987,1988,45,Best Performance by an Actress in a Motion Picture - Drama,Barfly,Faye Dunaway,FALSE,,
1987,1988,45,Best Performance by an Actress In A Television Series - Drama,Beauty and the Beast,Linda Hamilton,FALSE,,
1987,1988,45,Best Television Series - Drama,Beauty and the Beast,,FALSE,,
1987,1988,45,Best Original Song - Motion Picture,Beverly Hills Cop II,Harold Faltermeyer,FALSE,Shakedown,
1987,1988,45,Best Original Song - Motion Picture,Beverly Hills Cop II,Keith Forsey,FALSE,Shakedown,
1987,1988,45,Best Original Song - Motion Picture,Beverly Hills Cop II,Bob Seger,FALSE,Shakedown,
1987,1988,45,Best Performance by an Actor in a Limited Series or a Motion Picture Made for Television,Billionaire Boys Club,Judd Nelson,FALSE,,
1987,1988,45,"Best Performance by an Actor in a Supporting Role in a Series, Limited Series or Motion Picture Made for Television",Billionaire Boys Club,Brian McNamara,FALSE,,
1987,1988,45,Best Director - Motion Picture,Broadcast News,James L. Brooks,FALSE,,
1987,1988,45,Best Motion Picture - Musical or Comedy,Broadcast News,,FALSE,,
1987,1988,45,Best Performance by an Actor in a Motion Picture - Musical or Comedy,Broadcast News,William Hurt,FALSE,,
1987,1988,45,Best Performance by an Actress in a Motion Picture - Musical or Comedy,Broadcast News,Holly Hunter,FALSE,,
1987,1988,45,Best Screenplay - Motion Picture,Broadcast News,James L. Brooks,FALSE,,
1987,1988,45,Best Performance by an Actress In A Television Series - Drama,Cagney & Lacey,Sharon Gless,FALSE,,
1987,1988,45,"Best Performance by an Actress in a Supporting Role in a Series, Limited Series or Motion Picture Made for Television",Cheers,Rhea Perlman,FALSE,,
1987,1988,45,Best Television Series - Musical or Comedy,Cheers,,FALSE,,
1987,1988,45,Best Director - Motion Picture,Cry Freedom,Richard Attenborough,FALSE,,
1987,1988,45,Best Motion Picture - Drama,Cry Freedom,,FALSE,,
1987,1988,45,Best Original Score - Motion Picture,Cry Freedom,George Fenton,FALSE,,
1987,1988,45,Best Performance by an Actor in a Motion Picture - Drama,Cry Freedom,Denzel Washington,FALSE,,
1987,1988,45,Best Motion Picture - Foreign Language,Dark Eyes,Nikita Mikhalkov,FALSE,,Italy
1987,1988,45,Best Motion Picture - Musical or Comedy,Dirty Dancing,,FALSE,,
1987,1988,45,Best Original Song - Motion Picture,Dirty Dancing,Franke Previte,TRUE,(I've Had) The Time of My Life,
1987,1988,45,Best Original Song - Motion Picture,Dirty Dancing,Donald Markowitz,TRUE,(I've Had) The Time of My Life,
1987,1988,45,Best Original Song - Motion Picture,Dirty Dancing,John DeNicola,TRUE,(I've Had) The Time of My Life,
1987,1988,45,Best Performance by an Actor in a Motion Picture - Musical or Comedy,Dirty Dancing,Patrick Swayze,FALSE,,
1987,1988,45,Best Performance by an Actress in a Motion Picture - Musical or Comedy,Dirty Dancing,Jennifer Grey,FALSE,,
1987,1988,45,"Best Performance by an Actor in a Supporting Role in a Series, Limited Series or Motion Picture Made for Television",Dynasty,Gordon Thomson,FALSE,,
1987,1988,45,Best Television Limited Series or Motion Picture Made for Television,Echoes in the Darkness,,FALSE,,
1987,1988,45,Best Motion Picture - Drama,Empire of the Sun,,FALSE,,
1987,1988,45,Best Original Score - Motion Picture,Empire of the Sun,John Williams,FALSE,,
1987,1988,45,Best Performance by an Actor in a Limited Series or a Motion Picture Made for Television,Escape From Sobibor,Alan Arkin,FALSE,,
1987,1988,45,"Best Performance by an Actor in a Supporting Role in a Series, Limited Series or Motion Picture Made for Television",Escape From Sobibor,Rutger Hauer,TRUE,,
1987,1988,45,Best Television Limited Series or Motion Picture Made for Television,Escape From Sobibor,,TRUE,,
1987,1988,45,Best Performance by an Actor in a Television Series - Musical or Comedy,Family Ties,Michael J. Fox,FALSE,,
1987,1988,45,Best Television Series - Musical or Comedy,Family Ties,,FALSE,,
1987,1988,45,Best Director - Motion Picture,Fatal Attraction,Adrian Lyne,FALSE,,
1987,1988,45,Best Motion Picture - Drama,Fatal Attraction,,FALSE,,
1987,1988,45,Best Performance by an Actress in a Motion Picture - Drama,Fatal Attraction,Glenn Close,FALSE,,
1987,1988,45,Best Performance by an Actress in a Supporting Role in any Motion Picture,Fatal Attraction,Anne Archer,FALSE,,
1987,1988,45,Best Television Limited Series or Motion Picture Made for Television,Foxfire,,FALSE,,
1987,1988,45,Best Television Series - Musical or Comedy,Frank's Place,,FALSE,,
1987,1988,45,Best Performance by an Actor in a Supporting Role in any Motion Picture,Full Metal Jacket,R. Lee Ermey,FALSE,,
1987,1988,45,Best Performance by an Actress in a Motion Picture - Drama,Gaby: A True Story,Rachel Levin,FALSE,,
1987,1988,45,Best Performance by an Actress in a Supporting Role in any Motion Picture,Gaby: A True Story,Norma Aleandro,FALSE,,
1987,1988,45,Best Performance by an Actor in a Motion Picture - Musical or Comedy,"Good Morning, Vietnam",Robin Williams,TRUE,,
1987,1988,45,Best Motion Picture - Foreign Language,"Goodbye, Children",Louis Malle,FALSE,,France
1987,1988,45,"Best Performance by an Actor in a Supporting Role in a Series, Limited Series or Motion Picture Made for Television",Growing Pains,Kirk Cameron,FALSE,,
1987,1988,45,Best Performance by an Actor in a Television Series - Musical or Comedy,Growing Pains,Alan Thicke,FALSE,,
1987,1988,45,Best Performance by an Actor in a Television Series - Musical or Comedy,Hooperman,John Ritter,FALSE,,
1987,1988,45,Best Television Series - Musical or Comedy,Hooperman,,FALSE,,
1987,1988,45,Best Director - Motion Picture,Hope and Glory,John Boorman,FALSE,,
1987,1988,45,Best Motion Picture - Musical or Comedy,Hope and Glory,,TRUE,,
1987,1988,45,Best Screenplay - Motion Picture,Hope and Glory,John Boorman,FALSE,,
1987,1988,45,Best Screenplay - Motion Picture,House of Games,David Mamet,FALSE,,
1987,1988,45,Best Performance by an Actor in a Limited Series or a Motion Picture Made for Television,In Love and War,James Woods,FALSE,,
1987,1988,45,Best Performance by an Actor in a Motion Picture - Drama,Ironweed,Jack Nicholson,FALSE,,
1987,1988,45,Best Motion Picture - Foreign Language,Jean De Florette,Claude Berri,FALSE,,France
1987,1988,45,"Best Performance by an Actor in a Supporting Role in a Series, Limited Series or Motion Picture Made for Television",L.A. Law,Alan Rachins,FALSE,,
1987,1988,45,Best Performance by an Actor In A Television Series - Drama,L.A. Law,Harry Hamlin,FALSE,,
1987,1988,45,Best Performance by an Actor In A Television Series - Drama,L.A. Law,Michael Tucker,FALSE,,
1987,1988,45,Best Performance by an Actress In A Television Series - Drama,L.A. Law,Jill Eikenberry,FALSE,,
1987,1988,45,Best Performance by an Actress In A Television Series - Drama,L.A. Law,Susan Dey,FALSE,,
1987,1988,45,Best Television Series - Drama,L.A. Law,,TRUE,,
1987,1988,45,Best Motion Picture - Drama,La Bamba,,FALSE,,
1987,1988,45,Best Performance by an Actor in a Limited Series or a Motion Picture Made for Television,LBJ: The Early Years,Randy Quaid,TRUE,,
1987,1988,45,Best Performance by an Actor in a Limited Series or a Motion Picture Made for Television,Long Day's Journey Into Night,Jack Lemmon,FALSE,,
1987,1988,45,"Best Performance by an Actor in a Supporting Role in a Series, Limited Series or Motion Picture Made for Television","Magnum, P. I.",John Hillerman,FALSE,,
1987,1988,45,Best Performance by an Actor In A Television Series - Drama,"Magnum, P. I.",Tom Selleck,FALSE,,
1987,1988,45,Best Original Song - Motion Picture,Mannequin,Donald Markowitz,FALSE,Nothing's Gonna Stop Us Now,
1987,1988,45,Best Original Song - Motion Picture,Mannequin,John DeNicola,FALSE,Nothing's Gonna Stop Us Now,
1987,1988,45,Best Original Song - Motion Picture,Mannequin,Franke Previte,FALSE,Nothing's Gonna Stop Us Now,
1987,1988,45,Best Performance by an Actor in a Television Series - Musical or Comedy,Moonlighting,Bruce Willis,FALSE,,
1987,1988,45,"Best Performance by an Actress in a Supporting Role in a Series, Limited Series or Motion Picture Made for Television",Moonlighting,Allyce Beasley,FALSE,,
1987,1988,45,Best Performance by an Actress in a Television Series - Musical or Comedy,Moonlighting,Cybill Shepherd,FALSE,,
1987,1988,45,Best Television Series - Musical or Comedy,Moonlighting,,FALSE,,
1987,1988,45,Best Motion Picture - Musical or Comedy,Moonstruck,,FALSE,,
1987,1988,45,Best Performance by an Actor in a Motion Picture - Musical or Comedy,Moonstruck,Nicolas Cage,FALSE,,
1987,1988,45,Best Performance by an Actress in a Motion Picture - Musical or Comedy,Moonstruck,Cher,TRUE,,
1987,1988,45,Best Performance by an Actress in a Supporting Role in any Motion Picture,Moonstruck,Olympia Dukakis,TRUE,,
1987,1988,45,Best Screenplay - Motion Picture,Moonstruck,John Patrick Shanley,FALSE,,
1987,1988,45,Best Performance by an Actress In A Television Series - Drama,"Murder, She Wrote",Angela Lansbury,FALSE,,
1987,1988,45,Best Television Series - Drama,"Murder, She Wrote",,FALSE,,
1987,1988,45,Best Motion Picture - Foreign Language,My Life as a Dog,Lasse Hallström,TRUE,,Sweden
1987,1988,45,"Best Performance by an Actress in a Supporting Role in a Series, Limited Series or Motion Picture Made for Television",Newhart,Julia Duffy,FALSE,,
1987,1988,45,"Best Performance by an Actor in a Supporting Role in a Series, Limited Series or Motion Picture Made for Television",Night Court,John Larroquette,FALSE,,
1987,1988,45,Best Motion Picture - Drama,Nuts,,FALSE,,
1987,1988,45,Best Performance by an Actor in a Supporting Role in any Motion Picture,Nuts,Richard Dreyfuss,FALSE,,
1987,1988,45,Best Performance by an Actress in a Motion Picture - Drama,Nuts,Barbra Streisand,FALSE,,
1987,1988,45,Best Performance by an Actress in a Limited Series or a Motion Picture Made for Television,Out on a Limb,Shirley MacLaine,FALSE,,
1987,1988,45,Best Performance by an Actress in a Motion Picture - Musical or Comedy,Outrageous Fortune,Bette Midler,FALSE,,
1987,1988,45,Best Performance by an Actress in a Limited Series or a Motion Picture Made for Television,Poor Little Rich Girl: The Barbara Hutton Story,Farrah Fawcett,FALSE,,
1987,1988,45,Best Television Limited Series or Motion Picture Made for Television,Poor Little Rich Girl: The Barbara Hutton Story,,TRUE,,
1987,1988,45,Best Performance by an Actress in a Supporting Role in any Motion Picture,Prick Up Your Ears,Vanessa Redgrave,FALSE,,
1987,1988,45,Best Motion Picture - Foreign Language,Repentance,Tengiz Abuladze,FALSE,,United Soviet Socialist Republics
1987,1988,45,Best Performance by an Actress in a Limited Series or a Motion Picture Made for Television,Right to Die,Raquel Welch,FALSE,,
1987,1988,45,Best Performance by an Actor in a Motion Picture - Musical or Comedy,Roxanne,Steve Martin,FALSE,,
1987,1988,45,Best Performance by an Actor in a Supporting Role in any Motion Picture,Square Dance,Rob Lowe,FALSE,,
1987,1988,45,Best Television Series - Drama,St. Elsewhere,,FALSE,,
1987,1988,45,Best Performance by an Actor in a Supporting Role in any Motion Picture,Street Smart,Morgan Freeman,FALSE,,
1987,1988,45,"Best Performance by an Actor in a Supporting Role in a Series, Limited Series or Motion Picture Made for Television",Sworn To Silence,Dabney Coleman,FALSE,,
1987,1988,45,Best Performance by an Actress in a Limited Series or a Motion Picture Made for Television,The Betty Ford Story,Gena Rowlands,TRUE,,
1987,1988,45,Best Performance by an Actor In A Television Series - Drama,The Equalizer,Edward Woodward,FALSE,,
1987,1988,45,Best Original Score - Motion Picture,The Glass Menagerie,Henry Mancini,FALSE,,
1987,1988,45,Best Performance by an Actress in a Television Series - Musical or Comedy,The Golden Girls,Beatrice Arthur,FALSE,,
1987,1988,45,Best Performance by an Actress in a Television Series - Musical or Comedy,The Golden Girls,Betty White,FALSE,,
1987,1988,45,Best Performance by an Actress in a Television Series - Musical or Comedy,The Golden Girls,Rue McClanahan,FALSE,,
1987,1988,45,Best Television Series - Musical or Comedy,The Golden Girls,,TRUE,,
1987,1988,45,Best Director - Motion Picture,The Last Emperor,Bernardo Bertolucci,TRUE,,
1987,1988,45,Best Motion Picture - Drama,The Last Emperor,,TRUE,,
1987,1988,45,Best Original Score - Motion Picture,The Last Emperor,David Byrne,TRUE,,
1987,1988,45,Best Original Score - Motion Picture,The Last Emperor,Ryuichi Sakamoto,TRUE,,
1987,1988,45,Best Original Score - Motion Picture,The Last Emperor,Cong Su,TRUE,,
1987,1988,45,Best Performance by an Actor in a Motion Picture - Drama,The Last Emperor,John Lone,FALSE,,
1987,1988,45,Best Screenplay - Motion Picture,The Last Emperor,Bernardo Bertolucci,TRUE,,
1987,1988,45,Best Original Song - Motion Picture,The Secret of My Success,David Foster,FALSE,The Secret Of My Success,
1987,1988,45,Best Original Song - Motion Picture,The Secret of My Success,Tom Keane,FALSE,The Secret Of My Success,
1987,1988,45,Best Original Song - Motion Picture,The Secret of My Success,Tim DuBois,FALSE,The Secret Of My Success,
1987,1988,45,Best Performance by an Actor in a Television Series - Musical or Comedy,The Slap Maxwell Story,Dabney Coleman,TRUE,,
1987,1988,45,Best Performance by an Actress in a Television Series - Musical or Comedy,The Tracey Ullman Show,Tracey Ullman,TRUE,,
1987,1988,45,Best Performance by an Actress in a Limited Series or a Motion Picture Made for Television,The Two Mrs. Grenvilles,Ann-Margret,FALSE,,
1987,1988,45,"Best Performance by an Actress in a Supporting Role in a Series, Limited Series or Motion Picture Made for Television",The Two Mrs. Grenvilles,Claudette Colbert,TRUE,,
1987,1988,45,Best Original Score - Motion Picture,The Untouchables,Ennio Morricone,FALSE,,
1987,1988,45,Best Performance by an Actor in a Supporting Role in any Motion Picture,The Untouchables,Sean Connery,TRUE,,
1987,1988,45,Best Television Series - Drama,Thirtysomething,,FALSE,,
1987,1988,45,Best Performance by an Actor in a Motion Picture - Musical or Comedy,Throw Momma From The Train,Danny DeVito,FALSE,,
1987,1988,45,Best Performance by an Actress in a Supporting Role in any Motion Picture,Throw Momma From The Train,Anne Ramsey,FALSE,,
1987,1988,45,Best Performance by an Actor in a Motion Picture - Drama,Wall Street,Michael Douglas,TRUE,,
1987,1988,45,Best Performance by an Actor in a Motion Picture - Drama,Weeds,Nick Nolte,FALSE,,
1987,1988,45,Best Original Song - Motion Picture,Who's That Girl,Madonna,FALSE,Who's That Girl,
1987,1988,45,Best Original Song - Motion Picture,Who's That Girl,Patrick Leonard,FALSE,Who's That Girl,
1987,1988,45,Cecil B. deMille Award,,Clint Eastwood,FALSE,,
1988,1989,46,"Best Performance by an Actress in a Supporting Role in a Series, Limited Series or Motion Picture Made for Television",227,Jackée Harry,FALSE,,
1988,1989,46,Best Director - Motion Picture,A Cry in the Dark,Fred Schepisi,FALSE,,
1988,1989,46,Best Motion Picture - Drama,A Cry in the Dark,,FALSE,,
1988,1989,46,Best Performance by an Actress in a Motion Picture - Drama,A Cry in the Dark,Meryl Streep,FALSE,,
1988,1989,46,Best Screenplay - Motion Picture,A Cry in the Dark,Robert Caswell,FALSE,,
1988,1989,46,Best Motion Picture - Musical or Comedy,A Fish Called Wanda,,FALSE,,
1988,1989,46,Best Performance by an Actor in a Motion Picture - Musical or Comedy,A Fish Called Wanda,John Cleese,FALSE,,
1988,1989,46,Best Performance by an Actress in a Motion Picture - Musical or Comedy,A Fish Called Wanda,Jamie Lee Curtis,FALSE,,
1988,1989,46,Best Performance by an Actress in a Limited Series or a Motion Picture Made for Television,A Man for All Seasons,Vanessa Redgrave,FALSE,,
1988,1989,46,Best Motion Picture - Foreign Language,Babette's Feast,Gabriel Axel,FALSE,,Denmark
1988,1989,46,Best Performance by an Actress in a Limited Series or a Motion Picture Made for Television,Baby M,JoBeth Williams,FALSE,,
1988,1989,46,"Best Performance by an Actress in a Supporting Role in a Series, Limited Series or Motion Picture Made for Television",Baja Oklahoma,Swoosie Kurtz,FALSE,,
1988,1989,46,Best Performance by an Actor In A Television Series - Drama,Beauty and the Beast,Ron Perlman,TRUE,,
1988,1989,46,Best Performance by an Actress In A Television Series - Drama,Beauty and the Beast,Linda Hamilton,FALSE,,
1988,1989,46,Best Television Series - Drama,Beauty and the Beast,,FALSE,,
1988,1989,46,Best Motion Picture - Musical or Comedy,Big,,FALSE,,
1988,1989,46,Best Performance by an Actor in a Motion Picture - Musical or Comedy,Big,Tom Hanks,TRUE,,
1988,1989,46,Best Director - Motion Picture,Bird,Clint Eastwood,TRUE,,
1988,1989,46,Best Performance by an Actor in a Motion Picture - Drama,Bird,Forest Whitaker,FALSE,,
1988,1989,46,Best Performance by an Actress in a Supporting Role in any Motion Picture,Bird,Diane Venora,FALSE,,
1988,1989,46,Best Original Song - Motion Picture,Bull Durham,Dan Hartman,FALSE,A Woman Loves a Man,
1988,1989,46,Best Original Song - Motion Picture,Bull Durham,Charlie Midnight,FALSE,A Woman Loves a Man,
1988,1989,46,Best Performance by an Actress in a Motion Picture - Musical or Comedy,Bull Durham,Susan Sarandon,FALSE,,
1988,1989,46,Best Original Song - Motion Picture,Buster,Phil Collins,TRUE,Two Hearts,
1988,1989,46,Best Original Song - Motion Picture,Buster,Lamont Dozier,TRUE,Two Hearts,
1988,1989,46,Best Performance by an Actress In A Television Series - Drama,Cagney & Lacey,Sharon Gless,FALSE,,
1988,1989,46,Best Performance by an Actor in a Television Series - Musical or Comedy,Cheers,Ted Danson,FALSE,,
1988,1989,46,"Best Performance by an Actress in a Supporting Role in a Series, Limited Series or Motion Picture Made for Television",Cheers,Rhea Perlman,FALSE,,
1988,1989,46,Best Television Series - Musical or Comedy,Cheers,,FALSE,,
1988,1989,46,Best Performance by an Actor in a Supporting Role in any Motion Picture,Clara's Heart,Neil Patrick Harris,FALSE,,
1988,1989,46,Best Original Song - Motion Picture,Cocktail,Mike Love,FALSE,Kokomo,
1988,1989,46,Best Original Song - Motion Picture,Cocktail,Terry Melcher,FALSE,Kokomo,
1988,1989,46,Best Original Song - Motion Picture,Cocktail,John Phillips,FALSE,Kokomo,
1988,1989,46,Best Original Song - Motion Picture,Cocktail,Scott McKenzie,FALSE,Kokomo,
1988,1989,46,Best Performance by an Actress in a Motion Picture - Musical or Comedy,Crossing Delancey,Amy Irving,FALSE,,
1988,1989,46,Best Performance by an Actor in a Motion Picture - Musical or Comedy,Dirty Rotten Scoundrels,Michael Caine,FALSE,,
1988,1989,46,Best Performance by an Actor in a Motion Picture - Drama,Dominick & Eugene,Tom Hulce,FALSE,,
1988,1989,46,Best Performance by an Actor in a Television Series - Musical or Comedy,Empty Nest,Richard Mulligan,TRUE,,
1988,1989,46,Best Performance by an Actor in a Television Series - Musical or Comedy,Family Ties,Michael J. Fox,TRUE,,
1988,1989,46,Best Motion Picture - Drama,Gorillas in the Mist: The Adventure of Dian Fossey,,FALSE,,
1988,1989,46,Best Original Score - Motion Picture,Gorillas in the Mist: The Adventure of Dian Fossey,Maurice Jarre,TRUE,,
1988,1989,46,Best Performance by an Actress in a Motion Picture - Drama,Gorillas in the Mist: The Adventure of Dian Fossey,Sigourney Weaver,TRUE,,
1988,1989,46,"Best Performance by an Actor in a Supporting Role in a Series, Limited Series or Motion Picture Made for Television",Growing Pains,Kirk Cameron,FALSE,,
1988,1989,46,Best Motion Picture - Foreign Language,Hanussen,István Szabó,FALSE,,Hungary
1988,1989,46,Best Performance by an Actor in a Limited Series or a Motion Picture Made for Television,Hemingway,Stacy Keach,TRUE,,
1988,1989,46,Best Television Limited Series or Motion Picture Made for Television,Hemingway,,FALSE,,
1988,1989,46,Best Performance by an Actor In A Television Series - Drama,In The Heat of the Night,Carroll O'Connor,FALSE,,
1988,1989,46,Best Performance by an Actor in a Limited Series or a Motion Picture Made for Television,Jack the Ripper,Michael Caine,TRUE,,
1988,1989,46,"Best Performance by an Actor in a Supporting Role in a Series, Limited Series or Motion Picture Made for Television",Jack the Ripper,Armand Assante,FALSE,,
1988,1989,46,Best Television Limited Series or Motion Picture Made for Television,Jack the Ripper,,FALSE,,
1988,1989,46,"Best Performance by an Actor in a Supporting Role in a Series, Limited Series or Motion Picture Made for Television",L.A. Law,Larry Drake,FALSE,,
1988,1989,46,Best Performance by an Actor In A Television Series - Drama,L.A. Law,Corbin Bernsen,FALSE,,
1988,1989,46,Best Performance by an Actor In A Television Series - Drama,L.A. Law,Harry Hamlin,FALSE,,
1988,1989,46,"Best Performance by an Actress in a Supporting Role in a Series, Limited Series or Motion Picture Made for Television",L.A. Law,Susan Ruttan,FALSE,,
1988,1989,46,Best Performance by an Actress In A Television Series - Drama,L.A. Law,Jill Eikenberry,TRUE,,
1988,1989,46,Best Performance by an Actress In A Television Series - Drama,L.A. Law,Susan Dey,TRUE,,
1988,1989,46,Best Television Series - Drama,L.A. Law,,FALSE,,
1988,1989,46,Best Performance by an Actor in a Supporting Role in any Motion Picture,Little Dorrit,Alec Guinness,FALSE,,
1988,1989,46,Best Original Score - Motion Picture,Madame Sousatzka,Gerald Gouriet,FALSE,,
1988,1989,46,Best Performance by an Actress in a Motion Picture - Drama,Madame Sousatzka,Shirley MacLaine,TRUE,,
1988,1989,46,Best Performance by an Actress in a Motion Picture - Musical or Comedy,Married to the Mob,Michelle Pfeiffer,FALSE,,
1988,1989,46,"Best Performance by an Actor in a Supporting Role in a Series, Limited Series or Motion Picture Made for Television",Miami Vice,Edward James Olmos,FALSE,,
1988,1989,46,Best Motion Picture - Musical or Comedy,Midnight Run,,FALSE,,
1988,1989,46,Best Performance by an Actor in a Motion Picture - Musical or Comedy,Midnight Run,Robert De Niro,FALSE,,
1988,1989,46,Best Director - Motion Picture,Mississippi Burning,Alan Parker,FALSE,,
1988,1989,46,Best Motion Picture - Drama,Mississippi Burning,,FALSE,,
1988,1989,46,Best Performance by an Actor in a Motion Picture - Drama,Mississippi Burning,Gene Hackman,FALSE,,
1988,1989,46,Best Screenplay - Motion Picture,Mississippi Burning,Chris Gerolmo,FALSE,,
1988,1989,46,Best Performance by an Actor in a Supporting Role in any Motion Picture,Moon Over Parador,Raul Julia,FALSE,,
1988,1989,46,Best Performance by an Actress in a Supporting Role in any Motion Picture,Moon Over Parador,Sônia Braga,FALSE,,
1988,1989,46,Best Performance by an Actress In A Television Series - Drama,"Murder, She Wrote",Angela Lansbury,FALSE,,
1988,1989,46,Best Television Series - Drama,"Murder, She Wrote",,FALSE,,
1988,1989,46,Best Performance by an Actress in a Television Series - Musical or Comedy,Murphy Brown,Candice Bergen,TRUE,,
1988,1989,46,Best Television Series - Musical or Comedy,Murphy Brown,,FALSE,,
1988,1989,46,Best Original Song - Motion Picture,Oliver & Company,Dan Hartman,FALSE,Why Should I Worry?,
1988,1989,46,Best Original Song - Motion Picture,Oliver & Company,Charlie Midnight,FALSE,Why Should I Worry?,
1988,1989,46,Best Motion Picture - Foreign Language,Pelle The Conqueror,Bille August,TRUE,,Denmark
1988,1989,46,Best Director - Motion Picture,Rain Man,Barry Levinson,FALSE,,
1988,1989,46,Best Motion Picture - Drama,Rain Man,,TRUE,,
1988,1989,46,Best Performance by an Actor in a Motion Picture - Drama,Rain Man,Dustin Hoffman,TRUE,,
1988,1989,46,Best Screenplay - Motion Picture,Rain Man,Ronald Bass,FALSE,,
1988,1989,46,Best Performance by an Actor in a Television Series - Musical or Comedy,Roseanne,John Goodman,FALSE,,
1988,1989,46,Best Performance by an Actress in a Television Series - Musical or Comedy,Roseanne,Roseanne Barr,FALSE,,
1988,1989,46,Best Television Series - Musical or Comedy,Roseanne,,FALSE,,
1988,1989,46,Best Director - Motion Picture,Running on Empty,Sidney Lumet,FALSE,,
1988,1989,46,Best Motion Picture - Drama,Running on Empty,,FALSE,,
1988,1989,46,Best Performance by an Actor in a Supporting Role in any Motion Picture,Running on Empty,River Phoenix,FALSE,,
1988,1989,46,Best Performance by an Actress in a Motion Picture - Drama,Running on Empty,Christine Lahti,FALSE,,
1988,1989,46,Best Screenplay - Motion Picture,Running on Empty,Naomi Foner,TRUE,,
1988,1989,46,Best Motion Picture - Foreign Language,Salaam Bombay!,Mira Nair,FALSE,,India
1988,1989,46,Best Performance by an Actor in a Motion Picture - Drama,Stand and Deliver,Edward James Olmos,FALSE,,
1988,1989,46,Best Performance by an Actor in a Supporting Role in any Motion Picture,Stand and Deliver,Lou Diamond Phillips,FALSE,,
1988,1989,46,Best Motion Picture - Drama,The Accidental Tourist,,FALSE,,
1988,1989,46,Best Original Score - Motion Picture,The Accidental Tourist,John Williams,FALSE,,
1988,1989,46,Best Performance by an Actress in a Motion Picture - Drama,The Accused,Jodie Foster,TRUE,,
1988,1989,46,Best Performance by an Actress in a Limited Series or a Motion Picture Made for Television,The Ann Jillian Story,Ann Jillian,TRUE,,
1988,1989,46,Best Performance by an Actor in a Limited Series or a Motion Picture Made for Television,The Bourne Identity,Richard Chamberlain,FALSE,,
1988,1989,46,Best Performance by an Actress in a Television Series - Musical or Comedy,The Golden Girls,Beatrice Arthur,FALSE,,
1988,1989,46,Best Performance by an Actress in a Television Series - Musical or Comedy,The Golden Girls,Betty White,FALSE,,
1988,1989,46,Best Television Series - Musical or Comedy,The Golden Girls,,FALSE,,
1988,1989,46,Best Original Score - Motion Picture,The Last Temptation of Christ,Peter Gabriel,FALSE,,
1988,1989,46,Best Performance by an Actress in a Supporting Role in any Motion Picture,The Last Temptation of Christ,Barbara Hershey,FALSE,,
1988,1989,46,Best Original Score - Motion Picture,The Milagro Beanfield War,Dave Grusin,FALSE,,
1988,1989,46,Best Performance by an Actor in a Limited Series or a Motion Picture Made for Television,The Murder of Mary Phagan,Jack Lemmon,FALSE,,
1988,1989,46,Best Television Limited Series or Motion Picture Made for Television,The Murder of Mary Phagan,,FALSE,,
1988,1989,46,Best Performance by an Actor in a Limited Series or a Motion Picture Made for Television,The Tenth Man,Anthony Hopkins,FALSE,,
1988,1989,46,"Best Performance by an Actor in a Supporting Role in a Series, Limited Series or Motion Picture Made for Television",The Tenth Man,Derek Jacobi,FALSE,,
1988,1989,46,Best Television Limited Series or Motion Picture Made for Television,The Tenth Man,,FALSE,,
1988,1989,46,Best Performance by an Actress in a Television Series - Musical or Comedy,The Tracey Ullman Show,Tracey Ullman,FALSE,,
1988,1989,46,Best Motion Picture - Drama,The Unbearable Lightness of Being,,FALSE,,
1988,1989,46,Best Performance by an Actress in a Supporting Role in any Motion Picture,The Unbearable Lightness of Being,Lena Olin,FALSE,,
1988,1989,46,Best Performance by an Actress in a Limited Series or a Motion Picture Made for Television,The Woman He Loved,Jane Seymour,FALSE,,
1988,1989,46,Best Television Series - Musical or Comedy,The Wonder Years,,TRUE,,
1988,1989,46,Best Television Series - Drama,Thirtysomething,,TRUE,,
1988,1989,46,Best Performance by an Actor in a Supporting Role in any Motion Picture,Tucker: The Man and His Dream,Martin Landau,TRUE,,
1988,1989,46,Best Original Song - Motion Picture,Twins,Skip Scarborough,FALSE,Twins,
1988,1989,46,Best Original Song - Motion Picture,Twins,Lorrin Bates,FALSE,Twins,
1988,1989,46,"Best Performance by an Actor in a Supporting Role in a Series, Limited Series or Motion Picture Made for Television",War and Remembrance,Barry Bostwick,TRUE,,
1988,1989,46,"Best Performance by an Actor in a Supporting Role in a Series, Limited Series or Motion Picture Made for Television",War and Remembrance,John Gielgud,TRUE,,
1988,1989,46,Best Performance by an Actress in a Limited Series or a Motion Picture Made for Television,War and Remembrance,Jane Seymour,FALSE,,
1988,1989,46,Best Television Limited Series or Motion Picture Made for Television,War and Remembrance,,TRUE,,
1988,1989,46,Best Motion Picture - Musical or Comedy,Who Framed Roger Rabbit,,FALSE,,
1988,1989,46,Best Performance by an Actor in a Motion Picture - Musical or Comedy,Who Framed Roger Rabbit,Bob Hoskins,FALSE,,
1988,1989,46,Best Performance by an Actor in a Television Series - Musical or Comedy,Who's the Boss?,Tony Danza,FALSE,,
1988,1989,46,"Best Performance by an Actress in a Supporting Role in a Series, Limited Series or Motion Picture Made for Television",Who's the Boss?,Katherine Helmond,TRUE,,
1988,1989,46,Best Performance by an Actor In A Television Series - Drama,Wiseguy,Ken Wahl,FALSE,,
1988,1989,46,Best Television Series - Drama,Wiseguy,,FALSE,,
1988,1989,46,Best Motion Picture - Foreign Language,Women on the Verge of a Nervous Breakdown,Pedro Almodóvar,FALSE,,Spain
1988,1989,46,Best Director - Motion Picture,Working Girl,Mike Nichols,FALSE,,
1988,1989,46,Best Motion Picture - Musical or Comedy,Working Girl,,TRUE,,
1988,1989,46,Best Original Song - Motion Picture,Working Girl,Carly Simon,TRUE,Let the River Run,
1988,1989,46,Best Performance by an Actress in a Motion Picture - Musical or Comedy,Working Girl,Melanie Griffith,TRUE,,
1988,1989,46,Best Performance by an Actress in a Supporting Role in any Motion Picture,Working Girl,Sigourney Weaver,TRUE,,
1988,1989,46,Best Screenplay - Motion Picture,Working Girl,Kevin Wade,FALSE,,
1988,1989,46,Best Performance by an Actor in a Television Series - Musical or Comedy,,Judd Hirsch,TRUE,,
1988,1989,46,Cecil B. deMille Award,,Doris Day,FALSE,,
1989,1990,47,Best Performance by an Actor in a Supporting Role in any Motion Picture,A Dry White Season,Marlon Brando,FALSE,,
1989,1990,47,Best Performance by an Actress in a Television Series - Musical or Comedy,Anything But Love,Jamie Lee Curtis,TRUE,,
1989,1990,47,Best Performance by an Actor in a Motion Picture - Musical or Comedy,Batman,Jack Nicholson,FALSE,,
1989,1990,47,Best Director - Motion Picture,Born on the Fourth of July,Oliver Stone,TRUE,,
1989,1990,47,Best Motion Picture - Drama,Born on the Fourth of July,,TRUE,,
1989,1990,47,Best Original Score - Motion Picture,Born on the Fourth of July,John Williams,FALSE,,
1989,1990,47,Best Performance by an Actor in a Motion Picture - Drama,Born on the Fourth of July,Tom Cruise,TRUE,,
1989,1990,47,Best Screenplay - Motion Picture,Born on the Fourth of July,Oliver Stone,TRUE,,
1989,1990,47,Best Screenplay - Motion Picture,Born on the Fourth of July,Ron Kovic,TRUE,,
1989,1990,47,Best Motion Picture - Foreign Language,Camille Claudel,Bruno Nuytten,FALSE,,France
1989,1990,47,Best Original Score - Motion Picture,Casualties of War,Ennio Morricone,FALSE,,
1989,1990,47,Best Original Song - Motion Picture,Chances Are,Tom Snow,FALSE,After All,
1989,1990,47,Best Original Song - Motion Picture,Chances Are,Dean Pitchford,FALSE,After All,
1989,1990,47,Best Performance by an Actor in a Television Series - Musical or Comedy,Cheers,Ted Danson,TRUE,,
1989,1990,47,"Best Performance by an Actress in a Supporting Role in a Series, Limited Series or Motion Picture Made for Television",Cheers,Rhea Perlman,FALSE,,
1989,1990,47,Best Performance by an Actress in a Television Series - Musical or Comedy,Cheers,Kirstie Alley,FALSE,,
1989,1990,47,Best Television Series - Musical or Comedy,Cheers,,FALSE,,
1989,1990,47,Best Performance by an Actress In A Television Series - Drama,China Beach,Dana Delaney,FALSE,,
1989,1990,47,Best Television Series - Drama,China Beach,,TRUE,,
1989,1990,47,Best Motion Picture - Foreign Language,Cinema Paradiso,Giuseppe Tornatore,TRUE,,Italy
1989,1990,47,Best Motion Picture - Drama,Crimes and Misdemeanors,,FALSE,,
1989,1990,47,Best Performance by an Actor in a Motion Picture - Drama,Dad,Jack Lemmon,FALSE,,
1989,1990,47,Best Director - Motion Picture,Dead Poets Society,Peter Weir,FALSE,,
1989,1990,47,Best Motion Picture - Drama,Dead Poets Society,,FALSE,,
1989,1990,47,Best Performance by an Actor in a Motion Picture - Drama,Dead Poets Society,Robin Williams,FALSE,,
1989,1990,47,Best Screenplay - Motion Picture,Dead Poets Society,Tom Schulman,FALSE,,
1989,1990,47,Best Performance by an Actor in a Television Series - Musical or Comedy,Dear John,Judd Hirsch,FALSE,,
1989,1990,47,Best Television Series - Musical or Comedy,Designing Women,,FALSE,,
1989,1990,47,Best Director - Motion Picture,Do The Right Thing,Spike Lee,FALSE,,
1989,1990,47,Best Motion Picture - Drama,Do The Right Thing,,FALSE,,
1989,1990,47,Best Performance by an Actor in a Supporting Role in any Motion Picture,Do The Right Thing,Danny Aiello,FALSE,,
1989,1990,47,Best Screenplay - Motion Picture,Do The Right Thing,Spike Lee,FALSE,,
1989,1990,47,Best Motion Picture - Musical or Comedy,Driving Miss Daisy,,TRUE,,
1989,1990,47,Best Performance by an Actor in a Motion Picture - Musical or Comedy,Driving Miss Daisy,Morgan Freeman,TRUE,,
1989,1990,47,Best Performance by an Actress in a Motion Picture - Musical or Comedy,Driving Miss Daisy,Jessica Tandy,TRUE,,
1989,1990,47,Best Performance by an Actor in a Television Series - Musical or Comedy,Empty Nest,Richard Mulligan,FALSE,,
1989,1990,47,Best Television Series - Musical or Comedy,Empty Nest,,FALSE,,
1989,1990,47,Best Director - Motion Picture,Glory,Edward Zwick,FALSE,,
1989,1990,47,Best Motion Picture - Drama,Glory,,FALSE,,
1989,1990,47,Best Original Score - Motion Picture,Glory,James Horner,FALSE,,
1989,1990,47,Best Performance by an Actor in a Supporting Role in any Motion Picture,Glory,Denzel Washington,TRUE,,
1989,1990,47,Best Screenplay - Motion Picture,Glory,Kevin Jarre,FALSE,,
1989,1990,47,Best Television Limited Series or Motion Picture Made for Television,I Know My First Name Is Steven,,FALSE,,
1989,1990,47,Best Performance by an Actor in a Supporting Role in any Motion Picture,In Country,Bruce Willis,FALSE,,
1989,1990,47,Best Performance by an Actor In A Television Series - Drama,In The Heat of the Night,Carroll O'Connor,FALSE,,
1989,1990,47,Best Television Series - Drama,In The Heat of the Night,,FALSE,,
1989,1990,47,Best Performance by an Actor in a Supporting Role in any Motion Picture,Indiana Jones and The Last Crusade,Sean Connery,FALSE,,
1989,1990,47,Best Performance by an Actor in a Supporting Role in any Motion Picture,Jacknife,Ed Harris,FALSE,,
1989,1990,47,Best Motion Picture - Foreign Language,Jesus of Montreal,Denys Arcand,FALSE,,Canada
1989,1990,47,"Best Performance by an Actor in a Supporting Role in a Series, Limited Series or Motion Picture Made for Television",L.A. Law,Larry Drake,FALSE,,
1989,1990,47,"Best Performance by an Actor in a Supporting Role in a Series, Limited Series or Motion Picture Made for Television",L.A. Law,Michael Tucker,FALSE,,
1989,1990,47,Best Performance by an Actor In A Television Series - Drama,L.A. Law,Corbin Bernsen,FALSE,,
1989,1990,47,Best Performance by an Actor In A Television Series - Drama,L.A. Law,Harry Hamlin,FALSE,,
1989,1990,47,"Best Performance by an Actress in a Supporting Role in a Series, Limited Series or Motion Picture Made for Television",L.A. Law,Susan Ruttan,FALSE,,
1989,1990,47,Best Performance by an Actress In A Television Series - Drama,L.A. Law,Jill Eikenberry,FALSE,,
1989,1990,47,Best Performance by an Actress In A Television Series - Drama,L.A. Law,Susan Dey,FALSE,,
1989,1990,47,Best Television Series - Drama,L.A. Law,,FALSE,,
1989,1990,47,Best Performance by an Actress in a Limited Series or a Motion Picture Made for Television,Lady in a Corner,Loretta Young,FALSE,,
1989,1990,47,"Best Performance by an Actor in a Supporting Role in a Series, Limited Series or Motion Picture Made for Television",Life Goes On,Christopher Burke,FALSE,,
1989,1990,47,Best Performance by an Actor in a Limited Series or a Motion Picture Made for Television,Lonesome Dove,Robert Duvall,TRUE,,
1989,1990,47,"Best Performance by an Actor in a Supporting Role in a Series, Limited Series or Motion Picture Made for Television",Lonesome Dove,Tommy Lee Jones,FALSE,,
1989,1990,47,"Best Performance by an Actress in a Supporting Role in a Series, Limited Series or Motion Picture Made for Television",Lonesome Dove,Anjelica Huston,FALSE,,
1989,1990,47,Best Television Limited Series or Motion Picture Made for Television,Lonesome Dove,,TRUE,,
1989,1990,47,"Best Performance by an Actress in a Supporting Role in a Series, Limited Series or Motion Picture Made for Television",Matlock,Julie Sommars,FALSE,,
1989,1990,47,Best Performance by an Actress In A Television Series - Drama,"Murder, She Wrote",Angela Lansbury,TRUE,,
1989,1990,47,Best Television Series - Drama,"Murder, She Wrote",,FALSE,,
1989,1990,47,Best Performance by an Actor in a Limited Series or a Motion Picture Made for Television,Murderers Among Us: The Simon Wiesenthal Story,Ben Kingsley,FALSE,,
1989,1990,47,Best Performance by an Actress in a Television Series - Musical or Comedy,Murphy Brown,Candice Bergen,FALSE,,
1989,1990,47,Best Television Series - Musical or Comedy,Murphy Brown,,TRUE,,
1989,1990,47,Best Performance by an Actress in a Motion Picture - Drama,Music Box,Jessica Lange,FALSE,,
1989,1990,47,Best Performance by an Actor in a Motion Picture - Drama,My Left Foot,Daniel Day-Lewis,FALSE,,
1989,1990,47,Best Performance by an Actress in a Supporting Role in any Motion Picture,My Left Foot,Brenda Fricker,FALSE,,
1989,1990,47,Best Performance by an Actor in a Limited Series or a Motion Picture Made for Television,My Name is Bill W.,James Woods,FALSE,,
1989,1990,47,Best Television Limited Series or Motion Picture Made for Television,My Name is Bill W.,,FALSE,,
1989,1990,47,Best Motion Picture - Foreign Language,My Uncle's Legacy,Krsto Papic,FALSE,,Yugoslavia
1989,1990,47,Best Performance by an Actress in a Limited Series or a Motion Picture Made for Television,No Place Like Home,Christine Lahti,TRUE,,
1989,1990,47,Best Original Song - Motion Picture,Parenthood,Randy Newman,FALSE,I Love To See You Smile,
1989,1990,47,Best Performance by an Actor in a Motion Picture - Musical or Comedy,Parenthood,Steve Martin,FALSE,,
1989,1990,47,Best Performance by an Actress in a Supporting Role in any Motion Picture,Parenthood,Dianne Wiest,FALSE,,
1989,1990,47,"Best Performance by an Actor in a Supporting Role in a Series, Limited Series or Motion Picture Made for Television",Quantum Leap,Dean Stockwell,TRUE,,
1989,1990,47,Best Performance by an Actress in a Limited Series or a Motion Picture Made for Television,Roe vs. Wade,Holly Hunter,FALSE,,
1989,1990,47,"Best Performance by an Actress in a Supporting Role in a Series, Limited Series or Motion Picture Made for Television",Roe vs. Wade,Amy Madigan,TRUE,,
1989,1990,47,Best Television Limited Series or Motion Picture Made for Television,Roe vs. Wade,,FALSE,,
1989,1990,47,Best Performance by an Actor in a Television Series - Musical or Comedy,Roseanne,John Goodman,FALSE,,
1989,1990,47,Best Performance by an Actress in a Supporting Role in any Motion Picture,Scandal,Bridget Fonda,FALSE,,
1989,1990,47,Best Performance by an Actor in a Motion Picture - Drama,Sea of Love,Al Pacino,FALSE,,
1989,1990,47,Best Performance by an Actress in a Motion Picture - Drama,"Sex, Lies, and Videotape",Andie MacDowell,FALSE,,
1989,1990,47,Best Performance by an Actress in a Supporting Role in any Motion Picture,"Sex, Lies, and Videotape",Laura San Giacomo,FALSE,,
1989,1990,47,Best Screenplay - Motion Picture,"Sex, Lies, and Videotape",Steven Soderbergh,FALSE,,
1989,1990,47,Best Performance by an Actress in a Motion Picture - Musical or Comedy,She-Devil,Meryl Streep,FALSE,,
1989,1990,47,Best Motion Picture - Musical or Comedy,Shirley Valentine,,FALSE,,
1989,1990,47,Best Original Song - Motion Picture,Shirley Valentine,Marvin Hamlisch,FALSE,The Girl Who Used To Be Me,
1989,1990,47,Best Original Song - Motion Picture,Shirley Valentine,Alan Bergman,FALSE,The Girl Who Used To Be Me,
1989,1990,47,Best Original Song - Motion Picture,Shirley Valentine,Marilyn Bergman,FALSE,The Girl Who Used To Be Me,
1989,1990,47,Best Performance by an Actress in a Motion Picture - Musical or Comedy,Shirley Valentine,Pauline Collins,FALSE,,
1989,1990,47,Best Performance by an Actress in a Television Series - Musical or Comedy,Sister Kate,Stephanie Beacham,FALSE,,
1989,1990,47,Best Performance by an Actress in a Limited Series or a Motion Picture Made for Television,Small Sacrifices,Farrah Fawcett,FALSE,,
1989,1990,47,Best Television Limited Series or Motion Picture Made for Television,Small Sacrifices,,FALSE,,
1989,1990,47,Best Performance by an Actress in a Motion Picture - Drama,Steel Magnolias,Sally Field,FALSE,,
1989,1990,47,Best Performance by an Actress in a Supporting Role in any Motion Picture,Steel Magnolias,Julia Roberts,TRUE,,
1989,1990,47,Best Motion Picture - Foreign Language,Story of Women,Claude Chabrol,FALSE,,France
1989,1990,47,Best Original Score - Motion Picture,The Fabulous Baker Boys,Dave Grusin,FALSE,,
1989,1990,47,Best Performance by an Actress in a Motion Picture - Drama,The Fabulous Baker Boys,Michelle Pfeiffer,TRUE,,
1989,1990,47,Best Performance by an Actor in a Limited Series or a Motion Picture Made for Television,The Final Days,Lane Smith,FALSE,,
1989,1990,47,Best Television Series - Musical or Comedy,The Golden Girls,,FALSE,,
1989,1990,47,Best Motion Picture - Musical or Comedy,The Little Mermaid,,FALSE,,
1989,1990,47,Best Original Score - Motion Picture,The Little Mermaid,Alan Menken,TRUE,,
1989,1990,47,Best Original Song - Motion Picture,The Little Mermaid,Alan Menken,FALSE,Kiss the Girl,
1989,1990,47,Best Original Song - Motion Picture,The Little Mermaid,Howard Ashman,FALSE,Kiss the Girl,
1989,1990,47,Best Original Song - Motion Picture,The Little Mermaid,Alan Menken,TRUE,Under the Sea,
1989,1990,47,Best Original Song - Motion Picture,The Little Mermaid,Howard Ashman,TRUE,Under the Sea,
1989,1990,47,Best Performance by an Actress in a Motion Picture - Drama,The Rose Garden,Liv Ullmann,FALSE,,
1989,1990,47,Best Performance by an Actress in a Television Series - Musical or Comedy,The Tracey Ullman Show,Tracey Ullman,FALSE,,
1989,1990,47,Best Motion Picture - Musical or Comedy,The War of The Roses,,FALSE,,
1989,1990,47,Best Performance by an Actor in a Motion Picture - Musical or Comedy,The War of The Roses,Michael Douglas,FALSE,,
1989,1990,47,Best Performance by an Actress in a Motion Picture - Musical or Comedy,The War of The Roses,Kathleen Turner,FALSE,,
1989,1990,47,Best Performance by an Actor in a Television Series - Musical or Comedy,The Wonder Years,Fred Savage,FALSE,,
1989,1990,47,Best Television Series - Musical or Comedy,The Wonder Years,,FALSE,,
1989,1990,47,Best Performance by an Actor In A Television Series - Drama,Thirtysomething,Ken Olin,FALSE,,
1989,1990,47,Best Performance by an Actress In A Television Series - Drama,Thirtysomething,Mel Harris,FALSE,,
1989,1990,47,Best Television Series - Drama,Thirtysomething,,FALSE,,
1989,1990,47,Best Performance by an Actor in a Limited Series or a Motion Picture Made for Television,War and Remembrance,John Gielgud,FALSE,,
1989,1990,47,Best Performance by an Actress in a Limited Series or a Motion Picture Made for Television,War and Remembrance,Jane Seymour,FALSE,,
1989,1990,47,Best Director - Motion Picture,When Harry Met Sally,Rob Reiner,FALSE,,
1989,1990,47,Best Motion Picture - Musical or Comedy,When Harry Met Sally,,FALSE,,
1989,1990,47,Best Performance by an Actor in a Motion Picture - Musical or Comedy,When Harry Met Sally,Billy Crystal,FALSE,,
1989,1990,47,Best Performance by an Actress in a Motion Picture - Musical or Comedy,When Harry Met Sally,Meg Ryan,FALSE,,
1989,1990,47,Best Screenplay - Motion Picture,When Harry Met Sally,Nora Ephron,FALSE,,
1989,1990,47,Best Performance by an Actor In A Television Series - Drama,Wiseguy,Ken Wahl,TRUE,,
1989,1990,47,Best Television Series - Drama,Wiseguy,,FALSE,,
1989,1990,47,Cecil B. deMille Award,,Audrey Hepburn,FALSE,,
1990,1991,48,Best Performance by an Actress in a Limited Series or a Motion Picture Made for Television,A Killing in a Small Town,Barbara Hershey,TRUE,,
1990,1991,48,Best Motion Picture - Foreign Language,Akira Kurosawa's Dreams,Akira Kurosawa,FALSE,,Japan
1990,1991,48,Best Performance by an Actress in a Motion Picture - Musical or Comedy,Alice,Mia Farrow,FALSE,,
1990,1991,48,Best Motion Picture - Drama,Avalon,,FALSE,,
1990,1991,48,Best Original Score - Motion Picture,Avalon,Randy Newman,FALSE,,
1990,1991,48,Best Screenplay - Motion Picture,Avalon,Barry Levinson,FALSE,,
1990,1991,48,Best Performance by an Actor in a Motion Picture - Drama,Awakenings,Robin Williams,FALSE,,
1990,1991,48,Best Performance by an Actress in a Television Series - Musical or Comedy,Carol & Company,Carol Burnett,FALSE,,
1990,1991,48,Best Performance by an Actress in a Limited Series or a Motion Picture Made for Television,Caroline?,Stephanie Zimbalist,FALSE,,
1990,1991,48,Best Television Limited Series or Motion Picture Made for Television,Caroline?,,FALSE,,
1990,1991,48,Best Performance by an Actor in a Television Series - Musical or Comedy,Cheers,Ted Danson,TRUE,,
1990,1991,48,Best Performance by an Actress in a Television Series - Musical or Comedy,Cheers,Kirstie Alley,TRUE,,
1990,1991,48,Best Television Series - Musical or Comedy,Cheers,,TRUE,,
1990,1991,48,"Best Performance by an Actress in a Supporting Role in a Series, Limited Series or Motion Picture Made for Television",China Beach,Marg Helgenberger,FALSE,,
1990,1991,48,Best Performance by an Actress In A Television Series - Drama,China Beach,Dana Delaney,FALSE,,
1990,1991,48,Best Television Series - Drama,China Beach,,FALSE,,
1990,1991,48,Best Performance by an Actor In A Television Series - Drama,Columbo,Peter Falk,FALSE,,
1990,1991,48,Best Motion Picture - Foreign Language,Cyrano De Bergerac,Jean-Paul Rappeneau,TRUE,,France
1990,1991,48,Best Director - Motion Picture,Dances with Wolves,Kevin Costner,TRUE,,
1990,1991,48,Best Motion Picture - Drama,Dances with Wolves,,TRUE,,
1990,1991,48,Best Original Score - Motion Picture,Dances with Wolves,John Barry,FALSE,,
1990,1991,48,Best Performance by an Actor in a Motion Picture - Drama,Dances with Wolves,Kevin Costner,FALSE,,
1990,1991,48,Best Performance by an Actress in a Supporting Role in any Motion Picture,Dances with Wolves,Mary McDonnell,FALSE,,
1990,1991,48,Best Screenplay - Motion Picture,Dances with Wolves,Michael Blake,TRUE,,
1990,1991,48,Best Performance by an Actor in a Limited Series or a Motion Picture Made for Television,Decoration Day,James Garner,TRUE,,
1990,1991,48,Best Television Limited Series or Motion Picture Made for Television,Decoration Day,,TRUE,,
1990,1991,48,Best Television Series - Musical or Comedy,Designing Women,,FALSE,,
1990,1991,48,Best Motion Picture - Musical or Comedy,Dick Tracy,,FALSE,,
1990,1991,48,Best Original Song - Motion Picture,Dick Tracy,Stephen Sondheim,FALSE,Sooner or Later (I Always Get My Man),
1990,1991,48,Best Original Song - Motion Picture,Dick Tracy,Stephen Sondheim,FALSE,What Can You Lose?,
1990,1991,48,Best Performance by an Actor in a Supporting Role in any Motion Picture,Dick Tracy,Al Pacino,FALSE,,
1990,1991,48,Best Performance by an Actor in a Limited Series or a Motion Picture Made for Television,Drug Wars: The Camarena Story,Steven Bauer,FALSE,,
1990,1991,48,Best Performance by an Actor in a Motion Picture - Musical or Comedy,Edward Scissorhands,Johnny Depp,FALSE,,
1990,1991,48,Best Performance by an Actor in a Television Series - Musical or Comedy,Empty Nest,Richard Mulligan,FALSE,,
1990,1991,48,"Best Performance by an Actress in a Supporting Role in a Series, Limited Series or Motion Picture Made for Television",Empty Nest,Park Overall,FALSE,,
1990,1991,48,"Best Performance by an Actor in a Supporting Role in a Series, Limited Series or Motion Picture Made for Television",Equal Justice,Barry Miller,FALSE,,
1990,1991,48,Best Performance by an Actor in a Television Series - Musical or Comedy,Evening Shade,Burt Reynolds,FALSE,,
1990,1991,48,Best Performance by an Actress in a Limited Series or a Motion Picture Made for Television,Family of Spies,Lesley Ann Warren,FALSE,,
1990,1991,48,Best Television Limited Series or Motion Picture Made for Television,Family of Spies,,FALSE,,
1990,1991,48,Best Performance by an Actor In A Television Series - Drama,Gabriel's Fire,James Earl Jones,FALSE,,
1990,1991,48,Best Motion Picture - Musical or Comedy,Ghost,,FALSE,,
1990,1991,48,Best Performance by an Actor in a Motion Picture - Musical or Comedy,Ghost,Patrick Swayze,FALSE,,
1990,1991,48,Best Performance by an Actress in a Motion Picture - Musical or Comedy,Ghost,Demi Moore,FALSE,,
1990,1991,48,Best Performance by an Actress in a Supporting Role in any Motion Picture,Ghost,Whoopi Goldberg,TRUE,,
1990,1991,48,Best Director - Motion Picture,GoodFellas,Martin Scorsese,FALSE,,
1990,1991,48,Best Motion Picture - Drama,GoodFellas,,FALSE,,
1990,1991,48,Best Performance by an Actor in a Supporting Role in any Motion Picture,GoodFellas,Joe Pesci,FALSE,,
1990,1991,48,Best Performance by an Actress in a Supporting Role in any Motion Picture,GoodFellas,Lorraine Bracco,FALSE,,
1990,1991,48,Best Screenplay - Motion Picture,GoodFellas,Nicholas Pileggi,FALSE,,
1990,1991,48,Best Motion Picture - Musical or Comedy,Green Card,,TRUE,,
1990,1991,48,Best Performance by an Actor in a Motion Picture - Musical or Comedy,Green Card,Gérard Depardieu,TRUE,,
1990,1991,48,Best Performance by an Actress in a Motion Picture - Musical or Comedy,Green Card,Andie MacDowell,FALSE,,
1990,1991,48,Best Original Score - Motion Picture,Havana,Dave Grusin,FALSE,,
1990,1991,48,Best Motion Picture - Musical or Comedy,Home Alone,,FALSE,,
1990,1991,48,Best Performance by an Actor in a Motion Picture - Musical or Comedy,Home Alone,Macaulay Culkin,FALSE,,
1990,1991,48,Best Performance by an Actor In A Television Series - Drama,In The Heat of the Night,Carroll O'Connor,FALSE,,
1990,1991,48,Best Television Series - Drama,In The Heat of the Night,,FALSE,,
1990,1991,48,Best Performance by an Actor in a Limited Series or a Motion Picture Made for Television,Jekyll & Hyde,Michael Caine,FALSE,,
1990,1991,48,"Best Performance by an Actor in a Supporting Role in a Series, Limited Series or Motion Picture Made for Television",L.A. Law,Blair Underwood,FALSE,,
1990,1991,48,"Best Performance by an Actor in a Supporting Role in a Series, Limited Series or Motion Picture Made for Television",L.A. Law,Jimmy Smits,FALSE,,
1990,1991,48,Best Performance by an Actress In A Television Series - Drama,L.A. Law,Jill Eikenberry,FALSE,,
1990,1991,48,Best Performance by an Actress In A Television Series - Drama,L.A. Law,Susan Dey,FALSE,,
1990,1991,48,Best Television Series - Drama,L.A. Law,,FALSE,,
1990,1991,48,Best Performance by an Actress in a Limited Series or a Motion Picture Made for Television,Leona Helmsley: The Queen of Mean,Suzanne Pleshette,FALSE,,
1990,1991,48,Best Performance by an Actor in a Supporting Role in any Motion Picture,Longtime Companion,Bruce Davison,TRUE,,
1990,1991,48,Best Performance by an Actress in a Television Series - Musical or Comedy,Married With Children,Katey Sagal,FALSE,,
1990,1991,48,Best Television Series - Musical or Comedy,Married With Children,,FALSE,,
1990,1991,48,Best Performance by an Actress in a Supporting Role in any Motion Picture,Mermaids,Winona Ryder,FALSE,,
1990,1991,48,Best Performance by an Actress in a Motion Picture - Drama,Misery,Kathy Bates,TRUE,,
1990,1991,48,Best Performance by an Actress in a Motion Picture - Drama,Mr. & Mrs. Bridge,Joanne Woodward,FALSE,,
1990,1991,48,Best Performance by an Actor in a Limited Series or a Motion Picture Made for Television,Murder In Mississippi,Tom Hulce,FALSE,,
1990,1991,48,Best Performance by an Actress In A Television Series - Drama,"Murder, She Wrote",Angela Lansbury,FALSE,,
1990,1991,48,"Best Performance by an Actress in a Supporting Role in a Series, Limited Series or Motion Picture Made for Television",Murphy Brown,Faith Ford,FALSE,,
1990,1991,48,Best Performance by an Actress in a Television Series - Musical or Comedy,Murphy Brown,Candice Bergen,FALSE,,
1990,1991,48,Best Television Series - Musical or Comedy,Murphy Brown,,FALSE,,
1990,1991,48,Best Original Song - Motion Picture,Postcards From The Edge,Shel Silverstein,FALSE,I'm Checkin' Out,
1990,1991,48,Best Performance by an Actress in a Motion Picture - Musical or Comedy,Postcards From The Edge,Meryl Streep,FALSE,,
1990,1991,48,Best Performance by an Actress in a Supporting Role in any Motion Picture,Postcards From The Edge,Shirley MacLaine,FALSE,,
1990,1991,48,Best Motion Picture - Musical or Comedy,Pretty Woman,,FALSE,,
1990,1991,48,Best Performance by an Actor in a Motion Picture - Musical or Comedy,Pretty Woman,Richard Gere,FALSE,,
1990,1991,48,Best Performance by an Actor in a Supporting Role in any Motion Picture,Pretty Woman,Hector Elizondo,FALSE,,
1990,1991,48,Best Performance by an Actress in a Motion Picture - Musical or Comedy,Pretty Woman,Julia Roberts,TRUE,,
1990,1991,48,Best Performance by an Actor in a Supporting Role in any Motion Picture,Q & A,Armand Assante,FALSE,,
1990,1991,48,"Best Performance by an Actor in a Supporting Role in a Series, Limited Series or Motion Picture Made for Television",Quantum Leap,Dean Stockwell,FALSE,,
1990,1991,48,Best Performance by an Actor In A Television Series - Drama,Quantum Leap,Scott Bakula,FALSE,,
1990,1991,48,Best Motion Picture - Foreign Language,Requiem For Dominic,Robert Dornhelm,FALSE,,Austria
1990,1991,48,Best Director - Motion Picture,Reversal of Fortune,Barbet Schroeder,FALSE,,
1990,1991,48,Best Motion Picture - Drama,Reversal of Fortune,,FALSE,,
1990,1991,48,Best Performance by an Actor in a Motion Picture - Drama,Reversal of Fortune,Jeremy Irons,TRUE,,
1990,1991,48,Best Screenplay - Motion Picture,Reversal of Fortune,Nicholas Kazan,FALSE,,
1990,1991,48,Best Performance by an Actor in a Television Series - Musical or Comedy,Roseanne,John Goodman,FALSE,,
1990,1991,48,Best Performance by an Actress in a Television Series - Musical or Comedy,Roseanne,Roseanne Barr,FALSE,,
1990,1991,48,Best Motion Picture - Foreign Language,Taxi Blues,Pavel Lungin,FALSE,,United Soviet Socialist Republics
1990,1991,48,Best Performance by an Actor in a Motion Picture - Drama,The Field,Richard Harris,FALSE,,
1990,1991,48,Best Director - Motion Picture,The Godfather Part III,Francis Ford Coppola,FALSE,,
1990,1991,48,Best Motion Picture - Drama,The Godfather Part III,,FALSE,,
1990,1991,48,Best Original Score - Motion Picture,The Godfather Part III,Carmine Coppola,FALSE,,
1990,1991,48,Best Original Song - Motion Picture,The Godfather Part III,Carmine Coppola,FALSE,Promise Me You'll Remember,
1990,1991,48,Best Original Song - Motion Picture,The Godfather Part III,John Bettis,FALSE,Promise Me You'll Remember,
1990,1991,48,Best Performance by an Actor in a Motion Picture - Drama,The Godfather Part III,Al Pacino,FALSE,,
1990,1991,48,Best Performance by an Actor in a Supporting Role in any Motion Picture,The Godfather Part III,Andy Garcia,FALSE,,
1990,1991,48,Best Screenplay - Motion Picture,The Godfather Part III,Francis Ford Coppola,FALSE,,
1990,1991,48,Best Television Series - Musical or Comedy,The Golden Girls,,FALSE,,
1990,1991,48,Best Performance by an Actress in a Motion Picture - Drama,The Grifters,Anjelica Huston,FALSE,,
1990,1991,48,"Best Performance by an Actor in a Supporting Role in a Series, Limited Series or Motion Picture Made for Television",The Kennedys of Massachusetts,Charles Durning,TRUE,,
1990,1991,48,Best Performance by an Actress in a Limited Series or a Motion Picture Made for Television,The Kennedys of Massachusetts,Annette O'Toole,FALSE,,
1990,1991,48,Best Television Limited Series or Motion Picture Made for Television,The Kennedys of Massachusetts,,FALSE,,
1990,1991,48,Best Motion Picture - Foreign Language,The Nasty Girl,Michael Verhoeven,FALSE,,Germany
1990,1991,48,Best Performance by an Actor in a Limited Series or a Motion Picture Made for Television,The Phantom of the Opera,Burt Lancaster,FALSE,,
1990,1991,48,Best Television Limited Series or Motion Picture Made for Television,The Phantom of the Opera,,FALSE,,
1990,1991,48,Best Performance by an Actress in a Motion Picture - Drama,The Russia House,Michelle Pfeiffer,FALSE,,
1990,1991,48,Best Director - Motion Picture,The Sheltering Sky,Bernardo Bertolucci,FALSE,,
1990,1991,48,Best Original Score - Motion Picture,The Sheltering Sky,Richard Horowitz,TRUE,,
1990,1991,48,Best Original Score - Motion Picture,The Sheltering Sky,Ryuichi Sakamoto,TRUE,,
1990,1991,48,Best Performance by an Actor in a Limited Series or a Motion Picture Made for Television,The Stranger Within,Ricky/Rick Schroder,FALSE,,
1990,1991,48,Best Performance by an Actress In A Television Series - Drama,The Trials of Rosie O'Neill,Sharon Gless,TRUE,,
1990,1991,48,Best Performance by an Actor in a Television Series - Musical or Comedy,The Wonder Years,Fred Savage,FALSE,,
1990,1991,48,Best Performance by an Actress In A Television Series - Drama,Thirtysomething,Patricia Wettig,TRUE,,
1990,1991,48,Best Television Series - Drama,Thirtysomething,,FALSE,,
1990,1991,48,Best Performance by an Actor In A Television Series - Drama,Twin Peaks,Kyle MacLachlan,TRUE,,
1990,1991,48,"Best Performance by an Actress in a Supporting Role in a Series, Limited Series or Motion Picture Made for Television",Twin Peaks,Piper Laurie,TRUE,,
1990,1991,48,"Best Performance by an Actress in a Supporting Role in a Series, Limited Series or Motion Picture Made for Television",Twin Peaks,Sherilyn Fenn,FALSE,,
1990,1991,48,Best Television Series - Drama,Twin Peaks,,TRUE,,
1990,1991,48,Best Performance by an Actress in a Motion Picture - Drama,White Palace,Susan Sarandon,FALSE,,
1990,1991,48,Best Performance by an Actress in a Supporting Role in any Motion Picture,Wild at Heart,Diane Ladd,FALSE,,
1990,1991,48,Best Original Song - Motion Picture,Young Guns II,Jon Bon Jovi,TRUE,Blaze of Glory,
1990,1991,48,Cecil B. deMille Award,,Jack Lemmon,FALSE,,
1991,1992,49,Best Original Song - Motion Picture,"American Tail, An : Fievel Goes West",James Horner,FALSE,Dreams to Dream,
1991,1992,49,Best Original Song - Motion Picture,"American Tail, An : Fievel Goes West",Will Jennings,FALSE,Dreams to Dream,
1991,1992,49,Best Performance by an Actress in a Television Series - Musical or Comedy,Anything But Love,Jamie Lee Curtis,FALSE,,
1991,1992,49,Best Original Score - Motion Picture,At Play in the Fields of the Lord,Zbigniew Preisner,FALSE,,
1991,1992,49,Best Performance by an Actor in a Supporting Role in any Motion Picture,Barton Fink,John Goodman,FALSE,,
1991,1992,49,Best Motion Picture - Musical or Comedy,Beauty and the Beast,,TRUE,,
1991,1992,49,Best Original Score - Motion Picture,Beauty and the Beast,Alan Menken,TRUE,,
1991,1992,49,Best Original Song - Motion Picture,Beauty and the Beast,Alan Menken,FALSE,Be Our Guest,
1991,1992,49,Best Original Song - Motion Picture,Beauty and the Beast,Howard Ashman,FALSE,Be Our Guest,
1991,1992,49,Best Original Song - Motion Picture,Beauty and the Beast,Alan Menken,TRUE,Beauty and the Beast,
1991,1992,49,Best Original Song - Motion Picture,Beauty and the Beast,Howard Ashman,TRUE,Beauty and the Beast,
1991,1992,49,Best Television Series - Drama,"Beverly Hills, 90210",,FALSE,,
1991,1992,49,Best Performance by an Actress in a Supporting Role in any Motion Picture,Billy Bathgate,Nicole Kidman,FALSE,,
1991,1992,49,Best Television Series - Musical or Comedy,Brooklyn Bridge,,TRUE,,
1991,1992,49,Best Director - Motion Picture,Bugsy,Barry Levinson,FALSE,,
1991,1992,49,Best Motion Picture - Drama,Bugsy,,TRUE,,
1991,1992,49,Best Original Score - Motion Picture,Bugsy,Ennio Morricone,FALSE,,
1991,1992,49,Best Performance by an Actor in a Motion Picture - Drama,Bugsy,Warren Beatty,FALSE,,
1991,1992,49,Best Performance by an Actor in a Supporting Role in any Motion Picture,Bugsy,Ben Kingsley,FALSE,,
1991,1992,49,Best Performance by an Actor in a Supporting Role in any Motion Picture,Bugsy,Harvey Keitel,FALSE,,
1991,1992,49,Best Performance by an Actress in a Motion Picture - Drama,Bugsy,Annette Bening,FALSE,,
1991,1992,49,Best Screenplay - Motion Picture,Bugsy,James Toback,FALSE,,
1991,1992,49,Best Performance by an Actor in a Motion Picture - Drama,Cape Fear,Robert De Niro,FALSE,,
1991,1992,49,Best Performance by an Actress in a Supporting Role in any Motion Picture,Cape Fear,Juliette Lewis,FALSE,,
1991,1992,49,Best Performance by an Actor in a Television Series - Musical or Comedy,Cheers,Ted Danson,FALSE,,
1991,1992,49,"Best Performance by an Actress in a Supporting Role in a Series, Limited Series or Motion Picture Made for Television",Cheers,Rhea Perlman,FALSE,,
1991,1992,49,Best Performance by an Actress in a Television Series - Musical or Comedy,Cheers,Kirstie Alley,FALSE,,
1991,1992,49,Best Television Series - Musical or Comedy,Cheers,,FALSE,,
1991,1992,49,Best Motion Picture - Musical or Comedy,City Slickers,,FALSE,,
1991,1992,49,Best Performance by an Actor in a Motion Picture - Musical or Comedy,City Slickers,Billy Crystal,FALSE,,
1991,1992,49,Best Performance by an Actor in a Supporting Role in any Motion Picture,City Slickers,Jack Palance,TRUE,,
1991,1992,49,Best Performance by an Actor in a Television Series - Musical or Comedy,Coach,Craig T. Nelson,FALSE,,
1991,1992,49,Best Performance by an Actor in a Limited Series or a Motion Picture Made for Television,Columbo and The Murder of a Rock Star,Peter Falk,FALSE,,
1991,1992,49,Best Performance by an Actor in a Limited Series or a Motion Picture Made for Television,Conagher,Sam Elliott,FALSE,,
1991,1992,49,Best Original Score - Motion Picture,Dead Again,Patrick Doyle,FALSE,,
1991,1992,49,Best Performance by an Actor in a Television Series - Musical or Comedy,"Doogie Howser, M.D.",Neil Patrick Harris,FALSE,,
1991,1992,49,"Best Performance by an Actress in a Supporting Role in a Series, Limited Series or Motion Picture Made for Television",Empty Nest,Park Overall,FALSE,,
1991,1992,49,Best Motion Picture - Foreign Language,Europa Europa,Agnieszka Holland,TRUE,,Germany
1991,1992,49,"Best Performance by an Actor in a Supporting Role in a Series, Limited Series or Motion Picture Made for Television",Evening Shade,Michael Jeter,FALSE,,
1991,1992,49,Best Performance by an Actor in a Television Series - Musical or Comedy,Evening Shade,Burt Reynolds,TRUE,,
1991,1992,49,Best Television Series - Musical or Comedy,Evening Shade,,FALSE,,
1991,1992,49,"Best Performance by an Actress in a Supporting Role in a Series, Limited Series or Motion Picture Made for Television",Fire In The Dark,Jean Stapleton,FALSE,,
1991,1992,49,Best Original Score - Motion Picture,For The Boys,Dave Grusin,FALSE,,
1991,1992,49,Best Performance by an Actress in a Motion Picture - Musical or Comedy,For The Boys,Bette Midler,TRUE,,
1991,1992,49,Best Performance by an Actress in a Motion Picture - Musical or Comedy,Frankie & Johnny,Michelle Pfeiffer,FALSE,,
1991,1992,49,Best Motion Picture - Musical or Comedy,Fried Green Tomatoes,,FALSE,,
1991,1992,49,Best Performance by an Actress in a Motion Picture - Musical or Comedy,Fried Green Tomatoes,Kathy Bates,FALSE,,
1991,1992,49,Best Performance by an Actress in a Supporting Role in any Motion Picture,Fried Green Tomatoes,Jessica Tandy,FALSE,,
1991,1992,49,Best Screenplay - Motion Picture,Grand Canyon,Lawrence Kasdan,FALSE,,
1991,1992,49,Best Performance by an Actor in a Supporting Role in any Motion Picture,Hear My Song,Ned Beatty,FALSE,,
1991,1992,49,Best Motion Picture - Foreign Language,High Heels,Pedro Almodóvar,FALSE,,Spain
1991,1992,49,"Best Performance by an Actress in a Supporting Role in a Series, Limited Series or Motion Picture Made for Television",Homefront,Sammi Davis-Voss,FALSE,,
1991,1992,49,Best Performance by an Actor in a Motion Picture - Musical or Comedy,Hook,Dustin Hoffman,FALSE,,
1991,1992,49,Best Performance by an Actor In A Television Series - Drama,I'll Fly Away,Sam Waterston,FALSE,,
1991,1992,49,Best Television Series - Drama,I'll Fly Away,,FALSE,,
1991,1992,49,Best Television Limited Series or Motion Picture Made for Television,In a Child's Name,,FALSE,,
1991,1992,49,Best Performance by an Actor In A Television Series - Drama,In The Heat of the Night,Carroll O'Connor,FALSE,,
1991,1992,49,Best Director - Motion Picture,JFK,Oliver Stone,TRUE,,
1991,1992,49,Best Motion Picture - Drama,JFK,,FALSE,,
1991,1992,49,Best Performance by an Actor in a Motion Picture - Drama,JFK,Kevin Costner,FALSE,,
1991,1992,49,Best Screenplay - Motion Picture,JFK,Oliver Stone,FALSE,,
1991,1992,49,Best Screenplay - Motion Picture,JFK,Zachary Sklar,FALSE,,
1991,1992,49,"Best Performance by an Actor in a Supporting Role in a Series, Limited Series or Motion Picture Made for Television",L.A. Law,Larry Drake,FALSE,,
1991,1992,49,"Best Performance by an Actress in a Supporting Role in a Series, Limited Series or Motion Picture Made for Television",L.A. Law,Amanda Donohoe,TRUE,,
1991,1992,49,Best Performance by an Actress In A Television Series - Drama,L.A. Law,Susan Dey,FALSE,,
1991,1992,49,Best Television Series - Drama,L.A. Law,,FALSE,,
1991,1992,49,Best Motion Picture - Foreign Language,La Femme Nikita,Luc Besson,FALSE,,France
1991,1992,49,Best Television Series - Drama,Law & Order,,FALSE,,
1991,1992,49,Best Motion Picture - Foreign Language,Lost in Siberia,Alexander Mitta,FALSE,,United Soviet Socialist Republics
1991,1992,49,Best Motion Picture - Foreign Language,Madame Bovary,Claude Chabrol,FALSE,,France
1991,1992,49,Best Performance by an Actor in a Television Series - Musical or Comedy,Married With Children,Ed O'Neill,FALSE,,
1991,1992,49,Best Performance by an Actress in a Television Series - Musical or Comedy,Married With Children,Katey Sagal,FALSE,,
1991,1992,49,Best Performance by an Actress In A Television Series - Drama,"Murder, She Wrote",Angela Lansbury,TRUE,,
1991,1992,49,"Best Performance by an Actress in a Supporting Role in a Series, Limited Series or Motion Picture Made for Television",Murphy Brown,Faith Ford,FALSE,,
1991,1992,49,Best Performance by an Actress in a Television Series - Musical or Comedy,Murphy Brown,Candice Bergen,TRUE,,
1991,1992,49,Best Television Series - Musical or Comedy,Murphy Brown,,FALSE,,
1991,1992,49,Best Performance by an Actor In A Television Series - Drama,Northern Exposure,Rob Morrow,FALSE,,
1991,1992,49,Best Performance by an Actress In A Television Series - Drama,Northern Exposure,Janine Turner,FALSE,,
1991,1992,49,Best Television Series - Drama,Northern Exposure,,TRUE,,
1991,1992,49,Best Performance by an Actor in a Limited Series or a Motion Picture Made for Television,One Against The Wind,Sam Neill,FALSE,,
1991,1992,49,Best Performance by an Actress in a Limited Series or a Motion Picture Made for Television,One Against The Wind,Judy Davis,TRUE,,
1991,1992,49,Best Television Limited Series or Motion Picture Made for Television,One Against The Wind,,TRUE,,
1991,1992,49,Best Performance by an Actor In A Television Series - Drama,Pros & Cons,James Earl Jones,FALSE,,
1991,1992,49,"Best Performance by an Actor in a Supporting Role in a Series, Limited Series or Motion Picture Made for Television",Quantum Leap,Dean Stockwell,FALSE,,
1991,1992,49,Best Performance by an Actor In A Television Series - Drama,Quantum Leap,Scott Bakula,TRUE,,
1991,1992,49,Best Performance by an Actress in a Motion Picture - Drama,Rambling Rose,Laura Dern,FALSE,,
1991,1992,49,Best Performance by an Actress in a Supporting Role in any Motion Picture,Rambling Rose,Diane Ladd,FALSE,,
1991,1992,49,Best Performance by an Actor In A Television Series - Drama,Reasonable Doubts,Mark Harmon,FALSE,,
1991,1992,49,Best Performance by an Actress In A Television Series - Drama,Reasonable Doubts,Marlee Matlin,FALSE,,
1991,1992,49,Best Original Score - Motion Picture,Robin Hood: Prince of Thieves,Michael Kamen,FALSE,,
1991,1992,49,Best Original Song - Motion Picture,Robin Hood: Prince of Thieves,Michael Kamen,FALSE,(Everything I Do) I Do It For You,
1991,1992,49,Best Original Song - Motion Picture,Robin Hood: Prince of Thieves,Bryan Adams,FALSE,(Everything I Do) I Do It For You,
1991,1992,49,Best Original Song - Motion Picture,Robin Hood: Prince of Thieves,Robert John Lange,FALSE,(Everything I Do) I Do It For You,
1991,1992,49,Best Performance by an Actress in a Television Series - Musical or Comedy,Roseanne,Roseanne Barr,FALSE,,
1991,1992,49,Best Original Song - Motion Picture,Rush,Eric Clapton,FALSE,Tears in Heaven,
1991,1992,49,Best Original Song - Motion Picture,Rush,Will Jennings,FALSE,Tears in Heaven,
1991,1992,49,Best Performance by an Actress in a Limited Series or a Motion Picture Made for Television,"Sarah, Plain and Tall",Glenn Close,FALSE,,
1991,1992,49,Best Television Limited Series or Motion Picture Made for Television,"Sarah, Plain and Tall",,FALSE,,
1991,1992,49,Best Performance by an Actor in a Limited Series or a Motion Picture Made for Television,Separate But Equal,Sidney Poitier,FALSE,,
1991,1992,49,"Best Performance by an Actor in a Supporting Role in a Series, Limited Series or Motion Picture Made for Television",Separate But Equal,Richard Kiley,FALSE,,
1991,1992,49,Best Television Limited Series or Motion Picture Made for Television,Separate But Equal,,FALSE,,
1991,1992,49,Best Performance by an Actor in a Motion Picture - Musical or Comedy,Soapdish,Kevin Kline,FALSE,,
1991,1992,49,Best Performance by an Actress in a Motion Picture - Musical or Comedy,Switch,Ellen Barkin,FALSE,,
1991,1992,49,Best Performance by an Actress in a Motion Picture - Musical or Comedy,The Addams Family,Anjelica Huston,FALSE,,
1991,1992,49,Best Motion Picture - Musical or Comedy,The Commitments,,FALSE,,
1991,1992,49,Best Motion Picture - Foreign Language,The Double Life of Veronique,Krzysztof Kieslowski,FALSE,,France
1991,1992,49,Best Director - Motion Picture,The Fisher King,Terry Gilliam,FALSE,,
1991,1992,49,Best Motion Picture - Musical or Comedy,The Fisher King,,FALSE,,
1991,1992,49,Best Performance by an Actor in a Motion Picture - Musical or Comedy,The Fisher King,Jeff Bridges,FALSE,,
1991,1992,49,Best Performance by an Actor in a Motion Picture - Musical or Comedy,The Fisher King,Robin Williams,TRUE,,
1991,1992,49,Best Performance by an Actress in a Supporting Role in any Motion Picture,The Fisher King,Mercedes Ruehl,TRUE,,
1991,1992,49,"Best Performance by an Actress in a Supporting Role in a Series, Limited Series or Motion Picture Made for Television",The Golden Girls,Estelle Getty,FALSE,,
1991,1992,49,Best Television Series - Musical or Comedy,The Golden Girls,,FALSE,,
1991,1992,49,Best Performance by an Actress in a Limited Series or a Motion Picture Made for Television,The Haunted,Sally Kirkland,FALSE,,
1991,1992,49,"Best Performance by an Actor in a Supporting Role in a Series, Limited Series or Motion Picture Made for Television",The Josephine Baker Story,Louis Gossett Jr.,TRUE,,
1991,1992,49,Best Performance by an Actress in a Limited Series or a Motion Picture Made for Television,The Josephine Baker Story,Lynn Whitfield,FALSE,,
1991,1992,49,Best Television Limited Series or Motion Picture Made for Television,The Josephine Baker Story,,FALSE,,
1991,1992,49,Best Director - Motion Picture,The Prince of Tides,Barbra Streisand,FALSE,,
1991,1992,49,Best Motion Picture - Drama,The Prince of Tides,,FALSE,,
1991,1992,49,Best Performance by an Actor in a Motion Picture - Drama,The Prince of Tides,Nick Nolte,TRUE,,
1991,1992,49,Best Director - Motion Picture,The Silence of the Lambs,Jonathan Demme,FALSE,,
1991,1992,49,Best Motion Picture - Drama,The Silence of the Lambs,,FALSE,,
1991,1992,49,Best Performance by an Actor in a Motion Picture - Drama,The Silence of the Lambs,Anthony Hopkins,FALSE,,
1991,1992,49,Best Performance by an Actress in a Motion Picture - Drama,The Silence of the Lambs,Jodie Foster,TRUE,,
1991,1992,49,Best Screenplay - Motion Picture,The Silence of the Lambs,Ted Tally,FALSE,,
1991,1992,49,Best Performance by an Actress in a Limited Series or a Motion Picture Made for Television,The Story Lady,Jessica Tandy,FALSE,,
1991,1992,49,Best Performance by an Actress In A Television Series - Drama,The Trials of Rosie O'Neill,Sharon Gless,FALSE,,
1991,1992,49,Best Motion Picture - Drama,Thelma & Louise,,FALSE,,
1991,1992,49,Best Performance by an Actress in a Motion Picture - Drama,Thelma & Louise,Geena Davis,FALSE,,
1991,1992,49,Best Performance by an Actress in a Motion Picture - Drama,Thelma & Louise,Susan Sarandon,FALSE,,
1991,1992,49,Best Screenplay - Motion Picture,Thelma & Louise,Callie Khouri,TRUE,,
1991,1992,49,Best Performance by an Actor in a Limited Series or a Motion Picture Made for Television,Without Warning: The James Brady Story,Beau Bridges,TRUE,,
1991,1992,49,Cecil B. deMille Award,,Robert Mitchum,FALSE,,
1992,1993,50,Best Original Score - Motion Picture,1492: Conquest Of Paradise,Vangelis Papathanassiou,FALSE,,
1992,1993,50,Best Director - Motion Picture,A Few Good Men,Rob Reiner,FALSE,,
1992,1993,50,Best Motion Picture - Drama,A Few Good Men,,FALSE,,
1992,1993,50,Best Performance by an Actor in a Motion Picture - Drama,A Few Good Men,Tom Cruise,FALSE,,
1992,1993,50,Best Performance by an Actor in a Supporting Role in any Motion Picture,A Few Good Men,Jack Nicholson,FALSE,,
1992,1993,50,Best Screenplay - Motion Picture,A Few Good Men,Aaron Sorkin,FALSE,,
1992,1993,50,Best Original Song - Motion Picture,A League of Their Own,Madonna,FALSE,This Used To Be My Playground,
1992,1993,50,Best Original Song - Motion Picture,A League of Their Own,Shep Pettibone,FALSE,This Used To Be My Playground,
1992,1993,50,Best Performance by an Actress in a Motion Picture - Musical or Comedy,A League of Their Own,Geena Davis,FALSE,,
1992,1993,50,Best Director - Motion Picture,A River Runs Through It,Robert Redford,FALSE,,
1992,1993,50,Best Performance by an Actress in a Limited Series or a Motion Picture Made for Television,Afterburn,Laura Dern,TRUE,,
1992,1993,50,Best Motion Picture - Musical or Comedy,Aladdin,,FALSE,,
1992,1993,50,Best Original Score - Motion Picture,Aladdin,Alan Menken,TRUE,,
1992,1993,50,Best Original Song - Motion Picture,Aladdin,Alan Menken,FALSE,Friend Like Me,
1992,1993,50,Best Original Song - Motion Picture,Aladdin,Tim Rice,FALSE,Friend Like Me,
1992,1993,50,Best Original Song - Motion Picture,Aladdin,Alan Menken,FALSE,Prince Ali,
1992,1993,50,Best Original Song - Motion Picture,Aladdin,Tim Rice,FALSE,Prince Ali,
1992,1993,50,Best Original Song - Motion Picture,Aladdin,Alan Menken,TRUE,A Whole New World,
1992,1993,50,Best Original Song - Motion Picture,Aladdin,Tim Rice,TRUE,A Whole New World,
1992,1993,50,Special Achievement Award,Aladdin,Robin Williams,FALSE,,
1992,1993,50,Best Motion Picture - Foreign Language,All The Mornings of The World,Alain Corneau,FALSE,,France
1992,1993,50,Best Original Score - Motion Picture,Basic Instinct,Jerry Goldsmith,FALSE,,
1992,1993,50,Best Performance by an Actress in a Motion Picture - Drama,Basic Instinct,Sharon Stone,FALSE,,
1992,1993,50,Best Performance by an Actor In A Television Series - Drama,"Beverly Hills, 90210",Jason Priestley,FALSE,,
1992,1993,50,Best Television Series - Drama,"Beverly Hills, 90210",,FALSE,,
1992,1993,50,Best Performance by an Actor in a Motion Picture - Musical or Comedy,Bob Roberts,Tim Robbins,FALSE,,
1992,1993,50,"Best Performance by an Actor in a Supporting Role in a Series, Limited Series or Motion Picture Made for Television",Broadway Bound,Hume Cronyn,FALSE,,
1992,1993,50,Best Television Series - Musical or Comedy,Brooklyn Bridge,,FALSE,,
1992,1993,50,Best Original Score - Motion Picture,Chaplin,John Barry,FALSE,,
1992,1993,50,Best Performance by an Actor in a Motion Picture - Drama,Chaplin,Robert Downey Jr.,FALSE,,
1992,1993,50,Best Performance by an Actress in a Supporting Role in any Motion Picture,Chaplin,Geraldine Chaplin,FALSE,,
1992,1993,50,Best Performance by an Actor in a Television Series - Musical or Comedy,Cheers,Ted Danson,FALSE,,
1992,1993,50,Best Performance by an Actress in a Television Series - Musical or Comedy,Cheers,Kirstie Alley,FALSE,,
1992,1993,50,Best Television Series - Musical or Comedy,Cheers,,FALSE,,
1992,1993,50,Best Performance by an Actor in a Limited Series or a Motion Picture Made for Television,Citizen Cohn,James Woods,FALSE,,
1992,1993,50,Best Television Limited Series or Motion Picture Made for Television,Citizen Cohn,,FALSE,,
1992,1993,50,Best Performance by an Actress In A Television Series - Drama,Civil Wars,Mariel Hemingway,FALSE,,
1992,1993,50,Best Motion Picture - Foreign Language,Close to Eden,Nikita Mikhalkov,FALSE,,Russia
1992,1993,50,Best Performance by an Actor in a Television Series - Musical or Comedy,Coach,Craig T. Nelson,FALSE,,
1992,1993,50,"Best Performance by an Actress in a Supporting Role in a Series, Limited Series or Motion Picture Made for Television",Crazy In Love,Gena Rowlands,FALSE,,
1992,1993,50,Best Performance by an Actress in a Supporting Role in any Motion Picture,Damage,Miranda Richardson,FALSE,,
1992,1993,50,Best Performance by an Actor in a Limited Series or a Motion Picture Made for Television,Danielle Steel's Jewels,Anthony Andrews,FALSE,,
1992,1993,50,Best Television Limited Series or Motion Picture Made for Television,Danielle Steel's Jewels,,FALSE,,
1992,1993,50,Best Performance by an Actress in a Motion Picture - Musical or Comedy,Death Becomes Her,Meryl Streep,FALSE,,
1992,1993,50,"Best Performance by an Actor in a Supporting Role in a Series, Limited Series or Motion Picture Made for Television",Delta,Earl Holliman,FALSE,,
1992,1993,50,"Best Performance by an Actress in a Supporting Role in a Series, Limited Series or Motion Picture Made for Television",Empty Nest,Park Overall,FALSE,,
1992,1993,50,Best Motion Picture - Musical or Comedy,Enchanted April,,FALSE,,
1992,1993,50,Best Performance by an Actress in a Motion Picture - Musical or Comedy,Enchanted April,Miranda Richardson,TRUE,,
1992,1993,50,Best Performance by an Actress in a Supporting Role in any Motion Picture,Enchanted April,Joan Plowright,TRUE,,
1992,1993,50,Best Performance by an Actor in a Television Series - Musical or Comedy,Evening Shade,Burt Reynolds,FALSE,,
1992,1993,50,Best Television Series - Musical or Comedy,Evening Shade,,FALSE,,
1992,1993,50,Best Performance by an Actor in a Supporting Role in any Motion Picture,Glengarry Glen Ross,Al Pacino,FALSE,,
1992,1993,50,Best Performance by an Actress in a Limited Series or a Motion Picture Made for Television,Guncrazy,Drew Barrymore,FALSE,,
1992,1993,50,Best Performance by an Actor in a Motion Picture - Drama,Hoffa,Jack Nicholson,FALSE,,
1992,1993,50,Best Performance by an Actor in a Television Series - Musical or Comedy,Home Improvement,Tim Allen,FALSE,,
1992,1993,50,Best Television Series - Drama,Homefront,,FALSE,,
1992,1993,50,Best Motion Picture - Musical or Comedy,Honeymoon In Vegas,,FALSE,,
1992,1993,50,Best Performance by an Actor in a Motion Picture - Musical or Comedy,Honeymoon In Vegas,Nicolas Cage,FALSE,,
1992,1993,50,Best Director - Motion Picture,Howards End,James Ivory,FALSE,,
1992,1993,50,Best Motion Picture - Drama,Howards End,,FALSE,,
1992,1993,50,Best Performance by an Actress in a Motion Picture - Drama,Howards End,Emma Thompson,TRUE,,
1992,1993,50,Best Screenplay - Motion Picture,Howards End,Ruth Prawer Jhabvala,FALSE,,
1992,1993,50,Best Performance by an Actress in a Supporting Role in any Motion Picture,Husbands and Wives,Judy Davis,FALSE,,
1992,1993,50,Best Performance by an Actor In A Television Series - Drama,I'll Fly Away,Sam Waterston,TRUE,,
1992,1993,50,Best Performance by an Actress In A Television Series - Drama,I'll Fly Away,Regina Taylor,TRUE,,
1992,1993,50,Best Television Series - Drama,I'll Fly Away,,FALSE,,
1992,1993,50,Best Motion Picture - Foreign Language,Indochine,Régis Wargnier,TRUE,,France
1992,1993,50,Best Motion Picture - Foreign Language,Like Water for Chocolate,Alfonso Arau,FALSE,,Mexico
1992,1993,50,Best Performance by an Actress in a Motion Picture - Drama,Lorenzo's Oil,Susan Sarandon,FALSE,,
1992,1993,50,Best Performance by an Actress in a Motion Picture - Drama,Love Field,Michelle Pfeiffer,FALSE,,
1992,1993,50,Best Performance by an Actress in a Television Series - Musical or Comedy,Mad About You,Helen Hunt,FALSE,,
1992,1993,50,Best Performance by an Actor in a Motion Picture - Drama,Malcolm X,Denzel Washington,FALSE,,
1992,1993,50,Best Performance by an Actor in a Television Series - Musical or Comedy,Married With Children,Ed O'Neill,FALSE,,
1992,1993,50,Best Performance by an Actress in a Television Series - Musical or Comedy,Married With Children,Katey Sagal,FALSE,,
1992,1993,50,Best Performance by an Actress in a Limited Series or a Motion Picture Made for Television,Miss Rose White,Kyra Sedgwick,FALSE,,
1992,1993,50,"Best Performance by an Actress in a Supporting Role in a Series, Limited Series or Motion Picture Made for Television",Miss Rose White,Amanda Plummer,FALSE,,
1992,1993,50,Best Television Limited Series or Motion Picture Made for Television,Miss Rose White,,FALSE,,
1992,1993,50,Best Performance by an Actor in a Motion Picture - Musical or Comedy,Mr. Saturday Night,Billy Crystal,FALSE,,
1992,1993,50,Best Performance by an Actor in a Supporting Role in any Motion Picture,Mr. Saturday Night,David Paymer,FALSE,,
1992,1993,50,Best Performance by an Actress In A Television Series - Drama,"Murder, She Wrote",Angela Lansbury,FALSE,,
1992,1993,50,Best Performance by an Actress in a Television Series - Musical or Comedy,Murphy Brown,Candice Bergen,FALSE,,
1992,1993,50,Best Television Series - Musical or Comedy,Murphy Brown,,FALSE,,
1992,1993,50,"Best Performance by an Actor in a Supporting Role in a Series, Limited Series or Motion Picture Made for Television",Northern Exposure,John Corbett,FALSE,,
1992,1993,50,Best Performance by an Actor In A Television Series - Drama,Northern Exposure,Rob Morrow,FALSE,,
1992,1993,50,Best Performance by an Actress In A Television Series - Drama,Northern Exposure,Janine Turner,FALSE,,
1992,1993,50,Best Television Series - Drama,Northern Exposure,,TRUE,,
1992,1993,50,Best Performance by an Actress in a Limited Series or a Motion Picture Made for Television,O Pioneers!,Jessica Lange,FALSE,,
1992,1993,50,Best Performance by an Actress in a Motion Picture - Drama,Passion Fish,Mary McDonnell,FALSE,,
1992,1993,50,Best Performance by an Actress in a Supporting Role in any Motion Picture,Passion Fish,Alfre Woodard,FALSE,,
1992,1993,50,"Best Performance by an Actor in a Supporting Role in a Series, Limited Series or Motion Picture Made for Television",Quantum Leap,Dean Stockwell,FALSE,,
1992,1993,50,Best Performance by an Actor In A Television Series - Drama,Quantum Leap,Scott Bakula,FALSE,,
1992,1993,50,Best Performance by an Actor In A Television Series - Drama,Reasonable Doubts,Mark Harmon,FALSE,,
1992,1993,50,Best Performance by an Actress In A Television Series - Drama,Reasonable Doubts,Marlee Matlin,FALSE,,
1992,1993,50,Best Performance by an Actor in a Television Series - Musical or Comedy,Roseanne,John Goodman,TRUE,,
1992,1993,50,"Best Performance by an Actress in a Supporting Role in a Series, Limited Series or Motion Picture Made for Television",Roseanne,Laurie Metcalf,FALSE,,
1992,1993,50,Best Performance by an Actress in a Television Series - Musical or Comedy,Roseanne,Roseanne Barr,TRUE,,
1992,1993,50,Best Television Series - Musical or Comedy,Roseanne,,TRUE,,
1992,1993,50,Best Motion Picture - Drama,Scent of a Woman,,TRUE,,
1992,1993,50,Best Performance by an Actor in a Motion Picture - Drama,Scent of a Woman,Al Pacino,TRUE,,
1992,1993,50,Best Performance by an Actor in a Supporting Role in any Motion Picture,Scent of a Woman,Chris O'Donnell,FALSE,,
1992,1993,50,Best Screenplay - Motion Picture,Scent of a Woman,Bo Goldman,TRUE,,
1992,1993,50,Best Motion Picture - Foreign Language,Schtonk!,Helmut Dietl,FALSE,,Germany
1992,1993,50,"Best Performance by an Actor in a Supporting Role in a Series, Limited Series or Motion Picture Made for Television",Seinfeld,Jason Alexander,FALSE,,
1992,1993,50,Best Performance by an Actor in a Limited Series or a Motion Picture Made for Television,Sinatra,Philip Casnoff,FALSE,,
1992,1993,50,"Best Performance by an Actress in a Supporting Role in a Series, Limited Series or Motion Picture Made for Television",Sinatra,Olympia Dukakis,FALSE,,
1992,1993,50,Best Television Limited Series or Motion Picture Made for Television,Sinatra,,TRUE,,
1992,1993,50,Best Motion Picture - Musical or Comedy,Sister Act,,FALSE,,
1992,1993,50,Best Performance by an Actress in a Motion Picture - Musical or Comedy,Sister Act,Whoopi Goldberg,FALSE,,
1992,1993,50,Best Television Series - Drama,Sisters,,FALSE,,
1992,1993,50,Best Performance by an Actor in a Limited Series or a Motion Picture Made for Television,Stalin,Robert Duvall,TRUE,,
1992,1993,50,"Best Performance by an Actor in a Supporting Role in a Series, Limited Series or Motion Picture Made for Television",Stalin,Maximilian Schell,TRUE,,
1992,1993,50,"Best Performance by an Actress in a Supporting Role in a Series, Limited Series or Motion Picture Made for Television",Stalin,Joan Plowright,TRUE,,
1992,1993,50,Best Television Limited Series or Motion Picture Made for Television,Stalin,,FALSE,,
1992,1993,50,Best Motion Picture - Drama,The Crying Game,,FALSE,,
1992,1993,50,Best Performance by an Actor in a Television Series - Musical or Comedy,The Fresh Prince of Bel-Air,Will Smith,FALSE,,
1992,1993,50,Best Performance by an Actor in a Limited Series or a Motion Picture Made for Television,The Last of His Tribe,Jon Voight,FALSE,,
1992,1993,50,Best Original Score - Motion Picture,The Last Of The Mohicans,Randy Edelman,FALSE,,
1992,1993,50,Best Original Score - Motion Picture,The Last Of The Mohicans,Trevor Jones,FALSE,,
1992,1993,50,Best Original Song - Motion Picture,The Mambo Kings,Robert Kraft,FALSE,Beautiful Maria of My Soul,
1992,1993,50,Best Original Song - Motion Picture,The Mambo Kings,Arne Glimcher,FALSE,Beautiful Maria of My Soul,
1992,1993,50,Best Performance by an Actress in a Limited Series or a Motion Picture Made for Television,The Man Upstairs,Katharine Hepburn,FALSE,,
1992,1993,50,Best Director - Motion Picture,The Player,Robert Altman,FALSE,,
1992,1993,50,Best Motion Picture - Musical or Comedy,The Player,,TRUE,,
1992,1993,50,Best Performance by an Actor in a Motion Picture - Musical or Comedy,The Player,Tim Robbins,TRUE,,
1992,1993,50,Best Screenplay - Motion Picture,The Player,Michael Tolkin,FALSE,,
1992,1993,50,Best Director - Motion Picture,Unforgiven,Clint Eastwood,TRUE,,
1992,1993,50,Best Motion Picture - Drama,Unforgiven,,FALSE,,
1992,1993,50,Best Performance by an Actor in a Supporting Role in any Motion Picture,Unforgiven,Gene Hackman,TRUE,,
1992,1993,50,Best Screenplay - Motion Picture,Unforgiven,David Webb Peoples,FALSE,,
1992,1993,50,Best Performance by an Actor in a Motion Picture - Musical or Comedy,Used People,Marcello Mastroianni,FALSE,,
1992,1993,50,Best Performance by an Actress in a Motion Picture - Musical or Comedy,Used People,Shirley MacLaine,FALSE,,
1992,1993,50,Cecil B. deMille Award,,Lauren Bacall,FALSE,,
1993,1994,51,Best Performance by an Actress in a Motion Picture - Drama,A Dangerous Woman,Debra Winger,FALSE,,
1993,1994,51,Best Performance by an Actor in a Limited Series or a Motion Picture Made for Television,A Life in the Theatre,Jack Lemmon,FALSE,,
1993,1994,51,Best Performance by an Actress in a Motion Picture - Musical or Comedy,Addams Family Values,Anjelica Huston,FALSE,,
1993,1994,51,"Best Performance by an Actress in a Supporting Role in a Series, Limited Series or Motion Picture Made for Television",Alex Haley's Queen,Ann-Margret,FALSE,,
1993,1994,51,Best Performance by an Actor in a Limited Series or a Motion Picture Made for Television,And the Band Played On,Matthew Modine,FALSE,,
1993,1994,51,Best Television Limited Series or Motion Picture Made for Television,And the Band Played On,,FALSE,,
1993,1994,51,Best Performance by an Actor in a Limited Series or a Motion Picture Made for Television,Barbarians at the Gate,James Garner,TRUE,,
1993,1994,51,"Best Performance by an Actor in a Supporting Role in a Series, Limited Series or Motion Picture Made for Television",Barbarians at the Gate,Jonathan Pryce,FALSE,,
1993,1994,51,Best Television Limited Series or Motion Picture Made for Television,Barbarians at the Gate,,TRUE,,
1993,1994,51,Best Original Song - Motion Picture,Beethoven's 2nd,James Ingram,FALSE,The Day I Fall In Love,
1993,1994,51,Best Original Song - Motion Picture,Beethoven's 2nd,Carole Bayer Sager,FALSE,The Day I Fall In Love,
1993,1994,51,Best Original Song - Motion Picture,Beethoven's 2nd,Clif Magness,FALSE,The Day I Fall In Love,
1993,1994,51,Best Performance by an Actor in a Motion Picture - Musical or Comedy,Benny & Joon,Johnny Depp,FALSE,,
1993,1994,51,Best Performance by an Actor in a Supporting Role in any Motion Picture,Carlito's Way,Sean Penn,FALSE,,
1993,1994,51,Best Performance by an Actress in a Supporting Role in any Motion Picture,Carlito's Way,Penelope Ann Miller,FALSE,,
1993,1994,51,Best Performance by an Actor in a Television Series - Musical or Comedy,Coach,Craig T. Nelson,FALSE,,
1993,1994,51,Best Television Series - Musical or Comedy,Coach,,FALSE,,
1993,1994,51,Best Performance by an Actor in a Limited Series or a Motion Picture Made for Television,Columbo: It's All In The Game,Peter Falk,FALSE,,
1993,1994,51,Best Performance by an Actress in a Limited Series or a Motion Picture Made for Television,Columbo: It's All In The Game,Faye Dunaway,FALSE,,
1993,1994,51,Best Television Limited Series or Motion Picture Made for Television,Columbo: It's All In The Game,,FALSE,,
1993,1994,51,Best Motion Picture - Musical or Comedy,Dave,,FALSE,,
1993,1994,51,Best Performance by an Actor in a Motion Picture - Musical or Comedy,Dave,Kevin Kline,FALSE,,
1993,1994,51,Best Performance by an Actress In A Television Series - Drama,"Dr. Quinn, Medicine Woman",Jane Seymour,FALSE,,
1993,1994,51,Best Television Series - Drama,"Dr. Quinn, Medicine Woman",,FALSE,,
1993,1994,51,Best Performance by an Actress in a Limited Series or a Motion Picture Made for Television,Family Pictures,Anjelica Huston,FALSE,,
1993,1994,51,Best Original Song - Motion Picture,"Faraway, So Close!",So Close!),FALSE,Stay (Faraway,
1993,1994,51,Best Original Song - Motion Picture,"Faraway, So Close!",U2,FALSE,Stay (Faraway,
1993,1994,51,Best Motion Picture - Foreign Language,Farewell My Concubine,Chen Kaige,TRUE,,Hong Kong
1993,1994,51,Best Performance by an Actress in a Limited Series or a Motion Picture Made for Television,Fatal Deception: Mrs. Lee Harvey Oswald,Helena Bonham Carter,FALSE,,
1993,1994,51,Best Performance by an Actress in a Supporting Role in any Motion Picture,Fearless,Rosie Perez,FALSE,,
1993,1994,51,Best Motion Picture - Foreign Language,Flight of the Innocent,Carlo Carlei,FALSE,,Italy
1993,1994,51,"Best Performance by an Actor in a Supporting Role in a Series, Limited Series or Motion Picture Made for Television",Frasier,John Mahoney,FALSE,,
1993,1994,51,Best Performance by an Actor in a Television Series - Musical or Comedy,Frasier,Kelsey Grammer,FALSE,,
1993,1994,51,Best Television Series - Musical or Comedy,Frasier,,FALSE,,
1993,1994,51,Best Performance by an Actress in a Limited Series or a Motion Picture Made for Television,Gypsy,Bette Midler,TRUE,,
1993,1994,51,"Best Performance by an Actress in a Supporting Role in a Series, Limited Series or Motion Picture Made for Television",Gypsy,Cynthia Gibb,FALSE,,
1993,1994,51,Best Television Limited Series or Motion Picture Made for Television,Gypsy,,FALSE,,
1993,1994,51,Best Original Score - Motion Picture,Heaven & Earth,Kitarô,TRUE,,
1993,1994,51,Best Television Limited Series or Motion Picture Made for Television,Heidi,,FALSE,,
1993,1994,51,Best Performance by an Actor in a Television Series - Musical or Comedy,Home Improvement,Tim Allen,FALSE,,
1993,1994,51,Best Performance by an Actress in a Television Series - Musical or Comedy,Home Improvement,Patricia Richardson,FALSE,,
1993,1994,51,Best Television Series - Musical or Comedy,Home Improvement,,FALSE,,
1993,1994,51,Best Performance by an Actor In A Television Series - Drama,In The Heat of the Night,Carroll O'Connor,FALSE,,
1993,1994,51,Best Performance by an Actor in a Supporting Role in any Motion Picture,In the Line of Fire,John Malkovich,FALSE,,
1993,1994,51,Best Motion Picture - Drama,In the Name of the Father,,FALSE,,
1993,1994,51,Best Original Song - Motion Picture,In the Name of the Father,Bono,FALSE,(You Made Me the) Thief of Your Heart,
1993,1994,51,Best Original Song - Motion Picture,In the Name of the Father,Gavin Friday,FALSE,(You Made Me the) Thief of Your Heart,
1993,1994,51,Best Original Song - Motion Picture,In the Name of the Father,Maurice Seezer,FALSE,(You Made Me the) Thief of Your Heart,
1993,1994,51,Best Performance by an Actor in a Motion Picture - Drama,In the Name of the Father,Daniel Day-Lewis,FALSE,,
1993,1994,51,Best Performance by an Actress in a Supporting Role in any Motion Picture,In the Name of the Father,Emma Thompson,FALSE,,
1993,1994,51,Best Motion Picture - Foreign Language,Justiz,Hans W. Geissendörfer,FALSE,,Germany
1993,1994,51,Best Performance by an Actor In A Television Series - Drama,Law & Order,Michael Moriarty,FALSE,,
1993,1994,51,Best Television Series - Drama,Law & Order,,FALSE,,
1993,1994,51,Best Performance by an Actress in a Television Series - Musical or Comedy,Mad About You,Helen Hunt,TRUE,,
1993,1994,51,Best Performance by an Actress in a Motion Picture - Musical or Comedy,Manhattan Murder Mystery,Diane Keaton,FALSE,,
1993,1994,51,Best Performance by an Actress in a Television Series - Musical or Comedy,Married With Children,Katey Sagal,FALSE,,
1993,1994,51,Best Performance by an Actress In A Television Series - Drama,Melrose Place,Heather Locklear,FALSE,,
1993,1994,51,Best Performance by an Actor in a Limited Series or a Motion Picture Made for Television,Men Don't Tell,Peter Strauss,FALSE,,
1993,1994,51,Best Motion Picture - Musical or Comedy,Mrs. Doubtfire,,TRUE,,
1993,1994,51,Best Performance by an Actor in a Motion Picture - Musical or Comedy,Mrs. Doubtfire,Robin Williams,TRUE,,
1993,1994,51,Best Motion Picture - Musical or Comedy,Much Ado About Nothing,,FALSE,,
1993,1994,51,Best Performance by an Actress in a Television Series - Musical or Comedy,Murphy Brown,Candice Bergen,FALSE,,
1993,1994,51,Best Performance by an Actor In A Television Series - Drama,Northern Exposure,Rob Morrow,FALSE,,
1993,1994,51,Best Performance by an Actress In A Television Series - Drama,Northern Exposure,Janine Turner,FALSE,,
1993,1994,51,Best Television Series - Drama,Northern Exposure,,FALSE,,
1993,1994,51,"Best Performance by an Actor in a Supporting Role in a Series, Limited Series or Motion Picture Made for Television",NYPD Blue,Dennis Franz,FALSE,,
1993,1994,51,Best Performance by an Actor In A Television Series - Drama,NYPD Blue,David Caruso,TRUE,,
1993,1994,51,Best Television Series - Drama,NYPD Blue,,TRUE,,
1993,1994,51,Best Original Song - Motion Picture,Philadelphia,Bruce Springsteen,TRUE,Streets of Philadelphia,
1993,1994,51,Best Performance by an Actor in a Motion Picture - Drama,Philadelphia,Tom Hanks,TRUE,,
1993,1994,51,Best Screenplay - Motion Picture,Philadelphia,Ron Nyswaner,FALSE,,
1993,1994,51,Best Performance by an Actor In A Television Series - Drama,Picket Fences,Tom Skerritt,FALSE,,
1993,1994,51,Best Performance by an Actress In A Television Series - Drama,Picket Fences,Kathy Baker,TRUE,,
1993,1994,51,Best Television Series - Drama,Picket Fences,,FALSE,,
1993,1994,51,Best Original Song - Motion Picture,Poetic Justice,Janet Jackson,FALSE,Again,
1993,1994,51,Best Original Song - Motion Picture,Poetic Justice,Jimmy Jam,FALSE,Again,
1993,1994,51,Best Original Song - Motion Picture,Poetic Justice,Terry Lewis,FALSE,Again,
1993,1994,51,Best Performance by an Actress in a Television Series - Musical or Comedy,Roseanne,Roseanne Barr,FALSE,,
1993,1994,51,Best Television Series - Musical or Comedy,Roseanne,,FALSE,,
1993,1994,51,Best Director - Motion Picture,Schindler's List,Steven Spielberg,TRUE,,
1993,1994,51,Best Motion Picture - Drama,Schindler's List,,TRUE,,
1993,1994,51,Best Original Score - Motion Picture,Schindler's List,John Williams,FALSE,,
1993,1994,51,Best Performance by an Actor in a Motion Picture - Drama,Schindler's List,Liam Neeson,FALSE,,
1993,1994,51,Best Performance by an Actor in a Supporting Role in any Motion Picture,Schindler's List,Ralph Fiennes,FALSE,,
1993,1994,51,Best Screenplay - Motion Picture,Schindler's List,Steven Zaillian,TRUE,,
1993,1994,51,"Best Performance by an Actor in a Supporting Role in a Series, Limited Series or Motion Picture Made for Television",Seinfeld,Jason Alexander,FALSE,,
1993,1994,51,Best Performance by an Actor in a Television Series - Musical or Comedy,Seinfeld,Jerry Seinfeld,TRUE,,
1993,1994,51,"Best Performance by an Actress in a Supporting Role in a Series, Limited Series or Motion Picture Made for Television",Seinfeld,Julia Louis-Dreyfus,TRUE,,
1993,1994,51,Best Television Series - Musical or Comedy,Seinfeld,,TRUE,,
1993,1994,51,Best Screenplay - Motion Picture,Short Cuts,Robert Altman,FALSE,,
1993,1994,51,Best Performance by an Actress In A Television Series - Drama,Sisters,Sela Ward,FALSE,,
1993,1994,51,Best Performance by an Actress in a Motion Picture - Musical or Comedy,Six Degrees of Separation,Stockard Channing,FALSE,,
1993,1994,51,Best Motion Picture - Musical or Comedy,Sleepless in Seattle,,FALSE,,
1993,1994,51,Best Performance by an Actor in a Motion Picture - Musical or Comedy,Sleepless in Seattle,Tom Hanks,FALSE,,
1993,1994,51,Best Performance by an Actress in a Motion Picture - Musical or Comedy,Sleepless in Seattle,Meg Ryan,FALSE,,
1993,1994,51,Best Motion Picture - Musical or Comedy,Strictly Ballroom,,FALSE,,
1993,1994,51,Best Director - Motion Picture,The Age of Innocence,Martin Scorsese,FALSE,,
1993,1994,51,Best Motion Picture - Drama,The Age of Innocence,,FALSE,,
1993,1994,51,Best Performance by an Actress in a Motion Picture - Drama,The Age of Innocence,Michelle Pfeiffer,FALSE,,
1993,1994,51,Best Performance by an Actress in a Supporting Role in any Motion Picture,The Age of Innocence,Winona Ryder,TRUE,,
1993,1994,51,"Best Performance by an Actress in a Supporting Role in a Series, Limited Series or Motion Picture Made for Television",The Commish,Theresa Saldana,FALSE,,
1993,1994,51,Best Performance by an Actor in a Television Series - Musical or Comedy,The Fresh Prince of Bel-Air,Will Smith,FALSE,,
1993,1994,51,Best Director - Motion Picture,The Fugitive,Andrew Davis,FALSE,,
1993,1994,51,Best Performance by an Actor in a Motion Picture - Drama,The Fugitive,Harrison Ford,FALSE,,
1993,1994,51,Best Performance by an Actor in a Supporting Role in any Motion Picture,The Fugitive,Tommy Lee Jones,TRUE,,
1993,1994,51,Best Original Score - Motion Picture,The Nightmare Before Christmas,Danny Elfman,FALSE,,
1993,1994,51,Best Director - Motion Picture,The Piano,Jane Campion,FALSE,,
1993,1994,51,Best Motion Picture - Drama,The Piano,,FALSE,,
1993,1994,51,Best Original Score - Motion Picture,The Piano,Michael Nyman,FALSE,,
1993,1994,51,Best Performance by an Actress in a Motion Picture - Drama,The Piano,Holly Hunter,TRUE,,
1993,1994,51,Best Performance by an Actress in a Supporting Role in any Motion Picture,The Piano,Anna Paquin,FALSE,,
1993,1994,51,Best Screenplay - Motion Picture,The Piano,Jane Campion,FALSE,,
1993,1994,51,"Best Performance by an Actress in a Supporting Role in a Series, Limited Series or Motion Picture Made for Television",The Portrait,Cecilia Peck,FALSE,,
1993,1994,51,"Best Performance by an Actor in a Supporting Role in a Series, Limited Series or Motion Picture Made for Television",The Positively True Adventures of the Alleged Texas Cheerleader-Murdering Mom,Beau Bridges,TRUE,,
1993,1994,51,Best Performance by an Actress in a Limited Series or a Motion Picture Made for Television,The Positively True Adventures of the Alleged Texas Cheerleader-Murdering Mom,Holly Hunter,FALSE,,
1993,1994,51,Best Director - Motion Picture,The Remains of the Day,James Ivory,FALSE,,
1993,1994,51,Best Motion Picture - Drama,The Remains of the Day,,FALSE,,
1993,1994,51,Best Performance by an Actor in a Motion Picture - Drama,The Remains of the Day,Anthony Hopkins,FALSE,,
1993,1994,51,Best Performance by an Actress in a Motion Picture - Drama,The Remains of the Day,Emma Thompson,FALSE,,
1993,1994,51,Best Screenplay - Motion Picture,The Remains of the Day,Ruth Prawer Jhabvala,FALSE,,
1993,1994,51,Best Performance by an Actor in a Motion Picture - Musical or Comedy,The Snapper,Colm Meaney,FALSE,,
1993,1994,51,Best Motion Picture - Foreign Language,The Wedding Banquet,Ang Lee,FALSE,,Taiwan
1993,1994,51,Best Television Series - Drama,The Young Indiana Jones Chronicles,,FALSE,,
1993,1994,51,Best Motion Picture - Foreign Language,Three Colours: Blue,Krzysztof Kieslowski,FALSE,,France
1993,1994,51,Best Original Score - Motion Picture,Three Colours: Blue,Zbigniew Preisner,FALSE,,
1993,1994,51,Best Performance by an Actress in a Motion Picture - Drama,Three Colours: Blue,Juliette Binoche,FALSE,,
1993,1994,51,Best Performance by an Actor in a Supporting Role in any Motion Picture,What's Eating Gilbert Grape,Leonardo DiCaprio,FALSE,,
1993,1994,51,Best Performance by an Actress in a Motion Picture - Musical or Comedy,What's Love Got To Do With It,Angela Bassett,TRUE,,
1993,1994,51,Cecil B. deMille Award,,Robert Redford,FALSE,,
1994,1995,52,Best Performance by an Actor in a Limited Series or a Motion Picture Made for Television,Against The Wall,Samuel L. Jackson,FALSE,,
1994,1995,52,Best Performance by an Actress in a Limited Series or a Motion Picture Made for Television,Amelia Earhart: The Final Flight,Diane Keaton,FALSE,,
1994,1995,52,Best Performance by an Actor In A Television Series - Drama,"Beverly Hills, 90210",Jason Priestley,FALSE,,
1994,1995,52,Best Performance by an Actress in a Motion Picture - Drama,Blue Sky,Jessica Lange,TRUE,,
1994,1995,52,Best Performance by an Actor in a Limited Series or a Motion Picture Made for Television,Breathing Lessons,James Garner,FALSE,,
1994,1995,52,Best Performance by an Actress in a Limited Series or a Motion Picture Made for Television,Breathing Lessons,Joanne Woodward,TRUE,,
1994,1995,52,Best Performance by an Actress in a Supporting Role in any Motion Picture,Bullets Over Broadway,Dianne Wiest,TRUE,,
1994,1995,52,Best Performance by an Actor In A Television Series - Drama,Chicago Hope,Mandy Patinkin,FALSE,,
1994,1995,52,Best Television Series - Drama,Chicago Hope,,FALSE,,
1994,1995,52,"Best Performance by an Actress in a Supporting Role in a Series, Limited Series or Motion Picture Made for Television",Christy,Tyne Daly,FALSE,,
1994,1995,52,Best Performance by an Actor in a Television Series - Musical or Comedy,Coach,Craig T. Nelson,FALSE,,
1994,1995,52,Best Original Song - Motion Picture,Color of Night,Lauren Christy,FALSE,The Color of the Night,
1994,1995,52,Best Original Song - Motion Picture,Color of Night,Jud J. Friedman,FALSE,The Color of the Night,
1994,1995,52,Best Original Song - Motion Picture,Color of Night,Dominic Frontiere,FALSE,The Color of the Night,
1994,1995,52,Best Performance by an Actress in a Limited Series or a Motion Picture Made for Television,David's Mother,Kirstie Alley,FALSE,,
1994,1995,52,Best Performance by an Actress In A Television Series - Drama,"Dr. Quinn, Medicine Woman",Jane Seymour,FALSE,,
1994,1995,52,Best Motion Picture - Foreign Language,Eat Drink Man Woman,Ang Lee,FALSE,,Taiwan
1994,1995,52,Best Motion Picture - Musical or Comedy,Ed Wood,,FALSE,,
1994,1995,52,Best Performance by an Actor in a Motion Picture - Musical or Comedy,Ed Wood,Johnny Depp,FALSE,,
1994,1995,52,Best Performance by an Actor in a Supporting Role in any Motion Picture,Ed Wood,Martin Landau,TRUE,,
1994,1995,52,Best Performance by an Actress in a Television Series - Musical or Comedy,Ellen,Ellen DeGeneres,FALSE,,
1994,1995,52,Best Television Series - Drama,ER,,FALSE,,
1994,1995,52,Best Motion Picture - Foreign Language,Farinelli: Il Castrato,Gérard Corbiau,TRUE,,Belgium
1994,1995,52,Best Performance by an Actor in a Limited Series or a Motion Picture Made for Television,Fatherland,Rutger Hauer,FALSE,,
1994,1995,52,"Best Performance by an Actress in a Supporting Role in a Series, Limited Series or Motion Picture Made for Television",Fatherland,Miranda Richardson,TRUE,,
1994,1995,52,Best Television Limited Series or Motion Picture Made for Television,Fatherland,,FALSE,,
1994,1995,52,Best Director - Motion Picture,Forrest Gump,Robert Zemeckis,TRUE,,
1994,1995,52,Best Motion Picture - Drama,Forrest Gump,,TRUE,,
1994,1995,52,Best Original Score - Motion Picture,Forrest Gump,Alan Silvestri,FALSE,,
1994,1995,52,Best Performance by an Actor in a Motion Picture - Drama,Forrest Gump,Tom Hanks,TRUE,,
1994,1995,52,Best Performance by an Actor in a Supporting Role in any Motion Picture,Forrest Gump,Gary Sinise,FALSE,,
1994,1995,52,Best Performance by an Actress in a Supporting Role in any Motion Picture,Forrest Gump,Robin Wright,FALSE,,
1994,1995,52,Best Screenplay - Motion Picture,Forrest Gump,Eric Roth,FALSE,,
1994,1995,52,Best Motion Picture - Musical or Comedy,Four Weddings and a Funeral,,FALSE,,
1994,1995,52,Best Performance by an Actor in a Motion Picture - Musical or Comedy,Four Weddings and a Funeral,Hugh Grant,TRUE,,
1994,1995,52,Best Performance by an Actress in a Motion Picture - Musical or Comedy,Four Weddings and a Funeral,Andie MacDowell,FALSE,,
1994,1995,52,Best Screenplay - Motion Picture,Four Weddings and a Funeral,Richard Curtis,FALSE,,
1994,1995,52,"Best Performance by an Actor in a Supporting Role in a Series, Limited Series or Motion Picture Made for Television",Frasier,David Hyde-Pierce,FALSE,,
1994,1995,52,Best Performance by an Actor in a Television Series - Musical or Comedy,Frasier,Kelsey Grammer,FALSE,,
1994,1995,52,"Best Performance by an Actress in a Supporting Role in a Series, Limited Series or Motion Picture Made for Television",Frasier,Jane Leeves,FALSE,,
1994,1995,52,Best Television Series - Musical or Comedy,Frasier,,FALSE,,
1994,1995,52,Best Performance by an Actress in a Television Series - Musical or Comedy,Grace Under Fire,Brett Butler,FALSE,,
1994,1995,52,Best Television Series - Musical or Comedy,Grace Under Fire,,FALSE,,
1994,1995,52,Best Performance by an Actress in a Motion Picture - Musical or Comedy,Guarding Tess,Shirley MacLaine,FALSE,,
1994,1995,52,"Best Performance by an Actor in a Supporting Role in a Series, Limited Series or Motion Picture Made for Television",Heart of Darkness,John Malkovich,FALSE,,
1994,1995,52,Best Performance by an Actor in a Television Series - Musical or Comedy,Home Improvement,Tim Allen,TRUE,,
1994,1995,52,Best Performance by an Actress in a Television Series - Musical or Comedy,Home Improvement,Patricia Richardson,FALSE,,
1994,1995,52,Best Television Series - Musical or Comedy,Home Improvement,,FALSE,,
1994,1995,52,Best Original Score - Motion Picture,Interview with the Vampire,Elliot Goldenthal,FALSE,,
1994,1995,52,Best Performance by an Actress in a Supporting Role in any Motion Picture,Interview with the Vampire,Kirsten Dunst,FALSE,,
1994,1995,52,Best Original Song - Motion Picture,Junior,James Newton Howard,FALSE,Look What Love Has Done,
1994,1995,52,Best Original Song - Motion Picture,Junior,Carole Bayer Sager,FALSE,Look What Love Has Done,
1994,1995,52,Best Original Song - Motion Picture,Junior,James Ingram,FALSE,Look What Love Has Done,
1994,1995,52,Best Original Song - Motion Picture,Junior,Patty Smyth,FALSE,Look What Love Has Done,
1994,1995,52,Best Performance by an Actor in a Motion Picture - Musical or Comedy,Junior,Arnold Schwarzenegger,FALSE,,
1994,1995,52,Best Performance by an Actress in a Motion Picture - Musical or Comedy,Junior,Emma Thompson,FALSE,,
1994,1995,52,Best Performance by an Actress in a Limited Series or a Motion Picture Made for Television,Lakota Woman: Siege at Wounded Knee,Irene Bedard,FALSE,,
1994,1995,52,Best Performance by an Actor In A Television Series - Drama,Law & Order,Sam Waterston,FALSE,,
1994,1995,52,Best Director - Motion Picture,Legends of the Fall,Edward Zwick,FALSE,,
1994,1995,52,Best Motion Picture - Drama,Legends of the Fall,,FALSE,,
1994,1995,52,Best Original Score - Motion Picture,Legends of the Fall,James Horner,FALSE,,
1994,1995,52,Best Performance by an Actor in a Motion Picture - Drama,Legends of the Fall,Brad Pitt,FALSE,,
1994,1995,52,Best Performance by an Actor in a Television Series - Musical or Comedy,Mad About You,Paul Reiser,FALSE,,
1994,1995,52,Best Performance by an Actress in a Television Series - Musical or Comedy,Mad About You,Helen Hunt,TRUE,,
1994,1995,52,Best Television Series - Musical or Comedy,Mad About You,,TRUE,,
1994,1995,52,"Best Performance by an Actress in a Supporting Role in a Series, Limited Series or Motion Picture Made for Television",Melrose Place,Laura Leighton,FALSE,,
1994,1995,52,Best Performance by an Actress In A Television Series - Drama,Melrose Place,Heather Locklear,FALSE,,
1994,1995,52,Best Performance by an Actress in a Motion Picture - Drama,Mrs. Parker and The Vicious Circle,Jennifer Jason Leigh,FALSE,,
1994,1995,52,Best Performance by an Actress In A Television Series - Drama,"Murder, She Wrote",Angela Lansbury,FALSE,,
1994,1995,52,Best Performance by an Actress in a Television Series - Musical or Comedy,Murphy Brown,Candice Bergen,FALSE,,
1994,1995,52,Best Performance by an Actress In A Television Series - Drama,My So-Called Life,Claire Danes,TRUE,,
1994,1995,52,Best Director - Motion Picture,Natural Born Killers,Oliver Stone,FALSE,,
1994,1995,52,Best Motion Picture - Drama,Nell,,FALSE,,
1994,1995,52,Best Original Score - Motion Picture,Nell,Mark Isham,FALSE,,
1994,1995,52,Best Performance by an Actress in a Motion Picture - Drama,Nell,Jodie Foster,FALSE,,
1994,1995,52,Best Performance by an Actor in a Motion Picture - Drama,Nobody's Fool,Paul Newman,FALSE,,
1994,1995,52,Best Performance by an Actor In A Television Series - Drama,NYPD Blue,Dennis Franz,TRUE,,
1994,1995,52,Best Television Series - Drama,NYPD Blue,,FALSE,,
1994,1995,52,Best Performance by an Actress in a Limited Series or a Motion Picture Made for Television,Out of Darkness,Diana Ross,FALSE,,
1994,1995,52,"Best Performance by an Actor in a Supporting Role in a Series, Limited Series or Motion Picture Made for Television",Picket Fences,Fyvush Finkel,FALSE,,
1994,1995,52,Best Performance by an Actor In A Television Series - Drama,Picket Fences,Tom Skerritt,FALSE,,
1994,1995,52,"Best Performance by an Actress in a Supporting Role in a Series, Limited Series or Motion Picture Made for Television",Picket Fences,Leigh Taylor-Young,FALSE,,
1994,1995,52,Best Performance by an Actress In A Television Series - Drama,Picket Fences,Kathy Baker,FALSE,,
1994,1995,52,Best Television Series - Drama,Picket Fences,,FALSE,,
1994,1995,52,Best Director - Motion Picture,Pulp Fiction,Quentin Tarantino,FALSE,,
1994,1995,52,Best Motion Picture - Drama,Pulp Fiction,,FALSE,,
1994,1995,52,Best Performance by an Actor in a Motion Picture - Drama,Pulp Fiction,John Travolta,FALSE,,
1994,1995,52,Best Performance by an Actor in a Supporting Role in any Motion Picture,Pulp Fiction,Samuel L. Jackson,FALSE,,
1994,1995,52,Best Performance by an Actress in a Supporting Role in any Motion Picture,Pulp Fiction,Uma Thurman,FALSE,,
1994,1995,52,Best Screenplay - Motion Picture,Pulp Fiction,Quentin Tarantino,TRUE,,
1994,1995,52,Best Motion Picture - Foreign Language,Queen Margot,Patrice Chéreau,FALSE,,France
1994,1995,52,Best Director - Motion Picture,Quiz Show,Robert Redford,FALSE,,
1994,1995,52,Best Motion Picture - Drama,Quiz Show,,FALSE,,
1994,1995,52,Best Performance by an Actor in a Supporting Role in any Motion Picture,Quiz Show,John Turturro,FALSE,,
1994,1995,52,Best Screenplay - Motion Picture,Quiz Show,Paul Attanasio,FALSE,,
1994,1995,52,Best Motion Picture - Musical or Comedy,Ready to Wear,,FALSE,,
1994,1995,52,Best Performance by an Actress in a Supporting Role in any Motion Picture,Ready to Wear,Sophia Loren,FALSE,,
1994,1995,52,"Best Performance by an Actress in a Supporting Role in a Series, Limited Series or Motion Picture Made for Television",Roseanne,Laurie Metcalf,FALSE,,
1994,1995,52,Best Television Limited Series or Motion Picture Made for Television,Roswell,,FALSE,,
1994,1995,52,"Best Performance by an Actor in a Supporting Role in a Series, Limited Series or Motion Picture Made for Television",Seinfeld,Jason Alexander,FALSE,,
1994,1995,52,Best Performance by an Actor in a Television Series - Musical or Comedy,Seinfeld,Jerry Seinfeld,FALSE,,
1994,1995,52,"Best Performance by an Actress in a Supporting Role in a Series, Limited Series or Motion Picture Made for Television",Seinfeld,Julia Louis-Dreyfus,FALSE,,
1994,1995,52,Best Television Series - Musical or Comedy,Seinfeld,,FALSE,,
1994,1995,52,Best Performance by an Actress in a Motion Picture - Musical or Comedy,Speechless,Geena Davis,FALSE,,
1994,1995,52,Best Motion Picture - Musical or Comedy,"The Adventures of Priscilla, Queen of the Desert",,FALSE,,
1994,1995,52,Best Performance by an Actor in a Motion Picture - Musical or Comedy,"The Adventures of Priscilla, Queen of the Desert",Terence Stamp,FALSE,,
1994,1995,52,Best Performance by an Actor in a Limited Series or a Motion Picture Made for Television,The Burning Season,Raul Julia,TRUE,,
1994,1995,52,"Best Performance by an Actor in a Supporting Role in a Series, Limited Series or Motion Picture Made for Television",The Burning Season,Edward James Olmos,TRUE,,
1994,1995,52,"Best Performance by an Actress in a Supporting Role in a Series, Limited Series or Motion Picture Made for Television",The Burning Season,Sônia Braga,FALSE,,
1994,1995,52,Best Television Limited Series or Motion Picture Made for Television,The Burning Season,,TRUE,,
1994,1995,52,"Best Performance by an Actress in a Supporting Role in a Series, Limited Series or Motion Picture Made for Television",The John Larroquette Show,Liz Torres,FALSE,,
1994,1995,52,Best Performance by an Actor in a Television Series - Musical or Comedy,The Larry Sanders Show,Garry Shandling,FALSE,,
1994,1995,52,Best Motion Picture - Musical or Comedy,The Lion King,,TRUE,,
1994,1995,52,Best Original Score - Motion Picture,The Lion King,Hans Zimmer,TRUE,,
1994,1995,52,Best Original Song - Motion Picture,The Lion King,Elton John,FALSE,Circle of Life,
1994,1995,52,Best Original Song - Motion Picture,The Lion King,Tim Rice,FALSE,Circle of Life,
1994,1995,52,Best Original Song - Motion Picture,The Lion King,Elton John,TRUE,Can You Feel the Love Tonight?,
1994,1995,52,Best Original Song - Motion Picture,The Lion King,Tim Rice,TRUE,Can You Feel the Love Tonight?,
1994,1995,52,Best Performance by an Actor in a Motion Picture - Musical or Comedy,The Mask,Jim Carrey,FALSE,,
1994,1995,52,Best Television Limited Series or Motion Picture Made for Television,The Return of the Native,,FALSE,,
1994,1995,52,Best Performance by an Actor in a Supporting Role in any Motion Picture,The River Wild,Kevin Bacon,FALSE,,
1994,1995,52,Best Performance by an Actress in a Motion Picture - Drama,The River Wild,Meryl Streep,FALSE,,
1994,1995,52,Best Performance by an Actor in a Motion Picture - Drama,The Shawshank Redemption,Morgan Freeman,FALSE,,
1994,1995,52,Best Screenplay - Motion Picture,The Shawshank Redemption,Frank Darabont,FALSE,,
1994,1995,52,Best Original Song - Motion Picture,The Swan Princess,Lex De Azevedo,FALSE,Far Longer Than Forever,
1994,1995,52,Best Original Song - Motion Picture,The Swan Princess,David Zippel,FALSE,Far Longer Than Forever,
1994,1995,52,Best Television Series - Drama,The X-Files,,TRUE,,
1994,1995,52,Best Motion Picture - Foreign Language,Three Colors: Red,Krzysztof Kieslowski,FALSE,,Switzerland
1994,1995,52,Best Motion Picture - Foreign Language,To Live,Zhang Yimou,FALSE,,Hong Kong
1994,1995,52,Best Performance by an Actress in a Motion Picture - Drama,Tom & Viv,Miranda Richardson,FALSE,,
1994,1995,52,Best Performance by an Actress in a Motion Picture - Musical or Comedy,True Lies,Jamie Lee Curtis,TRUE,,
1994,1995,52,Best Performance by an Actor in a Limited Series or a Motion Picture Made for Television,White Mile,Alan Alda,FALSE,,
1994,1995,52,Best Television Limited Series or Motion Picture Made for Television,White Mile,,FALSE,,
1994,1995,52,Best Original Song - Motion Picture,With Honors,Madonna,FALSE,I'll Remember,
1994,1995,52,Best Original Song - Motion Picture,With Honors,Patrick Leonard,FALSE,I'll Remember,
1994,1995,52,Best Original Song - Motion Picture,With Honors,Richard Page,FALSE,I'll Remember,
1994,1995,52,Cecil B. deMille Award,,Sophia Loren,FALSE,,
1995,1996,53,Best Performance by an Actress in a Motion Picture - Musical or Comedy,A Month by the Lake,Vanessa Redgrave,FALSE,,
1995,1996,53,Best Performance by an Actress in a Limited Series or a Motion Picture Made for Television,A Mother's Prayer,Linda Hamilton,FALSE,,
1995,1996,53,Best Performance by an Actor in a Limited Series or a Motion Picture Made for Television,A Streetcar Named Desire,Alec Baldwin,FALSE,,
1995,1996,53,Best Performance by an Actress in a Limited Series or a Motion Picture Made for Television,A Streetcar Named Desire,Jessica Lange,TRUE,,
1995,1996,53,Best Original Score - Motion Picture,A Walk in the Clouds,Maurice Jarre,TRUE,,
1995,1996,53,Best Performance by an Actress in a Limited Series or a Motion Picture Made for Television,A Woman of Independent Means,Sally Field,FALSE,,
1995,1996,53,Best Director - Motion Picture,Apollo 13,Ron Howard,FALSE,,
1995,1996,53,Best Motion Picture - Drama,Apollo 13,,FALSE,,
1995,1996,53,Best Performance by an Actor in a Supporting Role in any Motion Picture,Apollo 13,Ed Harris,FALSE,,
1995,1996,53,Best Performance by an Actress in a Supporting Role in any Motion Picture,Apollo 13,Kathleen Quinlan,FALSE,,
1995,1996,53,Best Motion Picture - Musical or Comedy,Babe,,TRUE,,
1995,1996,53,Best Original Song - Motion Picture,Batman Forever,Thrill Me,FALSE,"""Hold Me",
1995,1996,53,Best Original Song - Motion Picture,Batman Forever,Kiss Me,FALSE,"""Hold Me",
1995,1996,53,Best Original Song - Motion Picture,Batman Forever,"Kill Me""",FALSE,"""Hold Me",
1995,1996,53,Best Original Song - Motion Picture,Batman Forever,U2,FALSE,"""Hold Me",
1995,1996,53,Best Director - Motion Picture,Braveheart,Mel Gibson,TRUE,,
1995,1996,53,Best Motion Picture - Drama,Braveheart,,FALSE,,
1995,1996,53,Best Original Score - Motion Picture,Braveheart,James Horner,FALSE,,
1995,1996,53,Best Screenplay - Motion Picture,Braveheart,Randall Wallace,FALSE,,
1995,1996,53,Best Motion Picture - Foreign Language,Brother of Sleep,Joseph Vilsmaier,FALSE,,Germany
1995,1996,53,"Best Performance by an Actor in a Supporting Role in a Series, Limited Series or Motion Picture Made for Television",Buffalo Girls,Sam Elliott,FALSE,,
1995,1996,53,"Best Performance by an Actress in a Supporting Role in a Series, Limited Series or Motion Picture Made for Television",Buffalo Girls,Melanie Griffith,FALSE,,
1995,1996,53,Best Director - Motion Picture,Casino,Martin Scorsese,FALSE,,
1995,1996,53,Best Performance by an Actress in a Motion Picture - Drama,Casino,Sharon Stone,TRUE,,
1995,1996,53,Best Television Series - Drama,Chicago Hope,,FALSE,,
1995,1996,53,"Best Performance by an Actor in a Supporting Role in a Series, Limited Series or Motion Picture Made for Television",Citizen X,Donald Sutherland,TRUE,,
1995,1996,53,Best Television Limited Series or Motion Picture Made for Television,Citizen X,,FALSE,,
1995,1996,53,"Best Performance by an Actress in a Supporting Role in a Series, Limited Series or Motion Picture Made for Television",Cybill,Christine Baranski,FALSE,,
1995,1996,53,Best Performance by an Actress in a Television Series - Musical or Comedy,Cybill,Cybill Shepherd,TRUE,,
1995,1996,53,Best Television Series - Musical or Comedy,Cybill,,TRUE,,
1995,1996,53,Best Performance by an Actor in a Motion Picture - Drama,Dead Man Walking,Sean Penn,FALSE,,
1995,1996,53,Best Performance by an Actress in a Motion Picture - Drama,Dead Man Walking,Susan Sarandon,FALSE,,
1995,1996,53,Best Screenplay - Motion Picture,Dead Man Walking,Tim Robbins,FALSE,,
1995,1996,53,Best Original Score - Motion Picture,Don Juan DeMarco,Michael Kamen,FALSE,,
1995,1996,53,Best Original Song - Motion Picture,Don Juan DeMarco,Bryan Adams,FALSE,Have You Ever Really Loved a Woman?,
1995,1996,53,Best Original Song - Motion Picture,Don Juan DeMarco,Michael Kamen,FALSE,Have You Ever Really Loved a Woman?,
1995,1996,53,Best Original Song - Motion Picture,Don Juan DeMarco,Robert John Lange,FALSE,Have You Ever Really Loved a Woman?,
1995,1996,53,Best Performance by an Actress In A Television Series - Drama,"Dr. Quinn, Medicine Woman",Jane Seymour,TRUE,,
1995,1996,53,Best Performance by an Actress in a Television Series - Musical or Comedy,Ellen,Ellen DeGeneres,FALSE,,
1995,1996,53,Best Performance by an Actor In A Television Series - Drama,ER,Anthony Edwards,FALSE,,
1995,1996,53,Best Performance by an Actor In A Television Series - Drama,ER,George Clooney,FALSE,,
1995,1996,53,"Best Performance by an Actress in a Supporting Role in a Series, Limited Series or Motion Picture Made for Television",ER,Julianna Margulies,FALSE,,
1995,1996,53,Best Performance by an Actress In A Television Series - Drama,ER,Sherry Stringfield,FALSE,,
1995,1996,53,Best Television Series - Drama,ER,,FALSE,,
1995,1996,53,Best Performance by an Actor in a Motion Picture - Musical or Comedy,Father of the Bride Part II,Steve Martin,FALSE,,
1995,1996,53,"Best Performance by an Actor in a Supporting Role in a Series, Limited Series or Motion Picture Made for Television",Frasier,David Hyde-Pierce,FALSE,,
1995,1996,53,Best Performance by an Actor in a Television Series - Musical or Comedy,Frasier,Kelsey Grammer,TRUE,,
1995,1996,53,Best Television Series - Musical or Comedy,Frasier,,FALSE,,
1995,1996,53,Best Motion Picture - Foreign Language,French Twist,Josiane Balasko,FALSE,,France
1995,1996,53,"Best Performance by an Actress in a Supporting Role in a Series, Limited Series or Motion Picture Made for Television",Friends,Lisa Kudrow,FALSE,,
1995,1996,53,Best Television Series - Musical or Comedy,Friends,,FALSE,,
1995,1996,53,Best Motion Picture - Musical or Comedy,Get Shorty,,FALSE,,
1995,1996,53,Best Performance by an Actor in a Motion Picture - Musical or Comedy,Get Shorty,John Travolta,TRUE,,
1995,1996,53,Best Screenplay - Motion Picture,Get Shorty,Scott Frank,FALSE,,
1995,1996,53,Best Performance by an Actor in a Television Series - Musical or Comedy,Home Improvement,Tim Allen,FALSE,,
1995,1996,53,Best Performance by an Actor in a Limited Series or a Motion Picture Made for Television,Indictment: The McMartin Trial,James Woods,FALSE,,
1995,1996,53,"Best Performance by an Actor in a Supporting Role in a Series, Limited Series or Motion Picture Made for Television",Indictment: The McMartin Trial,Henry Thomas,FALSE,,
1995,1996,53,"Best Performance by an Actress in a Supporting Role in a Series, Limited Series or Motion Picture Made for Television",Indictment: The McMartin Trial,Shirley Knight,TRUE,,
1995,1996,53,Best Television Limited Series or Motion Picture Made for Television,Indictment: The McMartin Trial,,TRUE,,
1995,1996,53,Best Director - Motion Picture,Leaving Las Vegas,Mike Figgis,FALSE,,
1995,1996,53,Best Motion Picture - Drama,Leaving Las Vegas,,FALSE,,
1995,1996,53,Best Performance by an Actor in a Motion Picture - Drama,Leaving Las Vegas,Nicolas Cage,TRUE,,
1995,1996,53,Best Performance by an Actress in a Motion Picture - Drama,Leaving Las Vegas,Elisabeth Shue,FALSE,,
1995,1996,53,Best Motion Picture - Foreign Language,Les Misérables,Claude Lelouch,TRUE,,France
1995,1996,53,Best Motion Picture - Foreign Language,Like Two Crocodiles,Giacomo Campiotti,FALSE,,Italy
1995,1996,53,Best Performance by an Actor in a Television Series - Musical or Comedy,Mad About You,Paul Reiser,FALSE,,
1995,1996,53,Best Performance by an Actress in a Television Series - Musical or Comedy,Mad About You,Helen Hunt,FALSE,,
1995,1996,53,Best Television Series - Musical or Comedy,Mad About You,,FALSE,,
1995,1996,53,Best Performance by an Actress In A Television Series - Drama,Melrose Place,Heather Locklear,FALSE,,
1995,1996,53,Best Performance by an Actress in a Supporting Role in any Motion Picture,Mighty Aphrodite,Mira Sorvino,TRUE,,
1995,1996,53,Best Performance by an Actor in a Motion Picture - Drama,Mr. Holland's Opus,Richard Dreyfuss,FALSE,,
1995,1996,53,Best Screenplay - Motion Picture,Mr. Holland's Opus,Patrick Sheane Duncan,FALSE,,
1995,1996,53,Best Performance by an Actor In A Television Series - Drama,Murder One,Daniel Benzali,FALSE,,
1995,1996,53,Best Television Series - Drama,Murder One,,FALSE,,
1995,1996,53,Best Performance by an Actress in a Motion Picture - Musical or Comedy,Muriel's Wedding,Toni Collette,FALSE,,
1995,1996,53,Best Performance by an Actress in a Television Series - Musical or Comedy,Murphy Brown,Candice Bergen,FALSE,,
1995,1996,53,Best Performance by an Actor in a Motion Picture - Drama,Nixon,Anthony Hopkins,FALSE,,
1995,1996,53,Best Performance by an Actor In A Television Series - Drama,NYPD Blue,Jimmy Smits,TRUE,,
1995,1996,53,Best Television Series - Drama,NYPD Blue,,FALSE,,
1995,1996,53,Best Television Series - Drama,Party of Five,,TRUE,,
1995,1996,53,Best Performance by an Actress In A Television Series - Drama,Picket Fences,Kathy Baker,FALSE,,
1995,1996,53,Best Original Score - Motion Picture,Pocahontas,Alan Menken,FALSE,,
1995,1996,53,Best Original Song - Motion Picture,Pocahontas,Alan Menken,TRUE,Colors of the Wind,
1995,1996,53,Best Original Song - Motion Picture,Pocahontas,Stephen Schwartz,TRUE,Colors of the Wind,
1995,1996,53,Best Performance by an Actor in a Motion Picture - Drama,Richard III,Ian McKellen,FALSE,,
1995,1996,53,Best Performance by an Actor in a Supporting Role in any Motion Picture,Rob Roy,Tim Roth,FALSE,,
1995,1996,53,Best Motion Picture - Musical or Comedy,Sabrina,,FALSE,,
1995,1996,53,Best Original Song - Motion Picture,Sabrina,John Williams,FALSE,"""Moonlight""",
1995,1996,53,Best Original Song - Motion Picture,Sabrina,Alan Bergman,FALSE,"""Moonlight""",
1995,1996,53,Best Original Song - Motion Picture,Sabrina,Marilyn Bergman,FALSE,"""Moonlight""",
1995,1996,53,Best Performance by an Actor in a Motion Picture - Musical or Comedy,Sabrina,Harrison Ford,FALSE,,
1995,1996,53,Best Performance by an Actor in a Television Series - Musical or Comedy,Seinfeld,Jerry Seinfeld,FALSE,,
1995,1996,53,Best Television Series - Musical or Comedy,Seinfeld,,FALSE,,
1995,1996,53,Best Director - Motion Picture,Sense and Sensibility,Ang Lee,FALSE,,
1995,1996,53,Best Motion Picture - Drama,Sense and Sensibility,,TRUE,,
1995,1996,53,Best Original Score - Motion Picture,Sense and Sensibility,Patrick Doyle,FALSE,,
1995,1996,53,Best Performance by an Actress in a Motion Picture - Drama,Sense and Sensibility,Emma Thompson,FALSE,,
1995,1996,53,Best Performance by an Actress in a Supporting Role in any Motion Picture,Sense and Sensibility,Kate Winslet,FALSE,,
1995,1996,53,Best Screenplay - Motion Picture,Sense and Sensibility,Emma Thompson,TRUE,,
1995,1996,53,Best Performance by an Actress in a Limited Series or a Motion Picture Made for Television,Serving in Silence: The Margarethe Cammermeyer Story,Glenn Close,FALSE,,
1995,1996,53,"Best Performance by an Actress in a Supporting Role in a Series, Limited Series or Motion Picture Made for Television",Serving in Silence: The Margarethe Cammermeyer Story,Judy Davis,FALSE,,
1995,1996,53,Best Television Limited Series or Motion Picture Made for Television,Serving in Silence: The Margarethe Cammermeyer Story,,FALSE,,
1995,1996,53,Best Motion Picture - Foreign Language,Shanghai Triad,Zhang Yimou,FALSE,,China
1995,1996,53,Best Performance by an Actress in a Supporting Role in any Motion Picture,Something To Talk About,Kyra Sedgwick,FALSE,,
1995,1996,53,Best Director - Motion Picture,The American President,Rob Reiner,FALSE,,
1995,1996,53,Best Motion Picture - Musical or Comedy,The American President,,FALSE,,
1995,1996,53,Best Performance by an Actor in a Motion Picture - Musical or Comedy,The American President,Michael Douglas,FALSE,,
1995,1996,53,Best Performance by an Actress in a Motion Picture - Musical or Comedy,The American President,Annette Bening,FALSE,,
1995,1996,53,Best Screenplay - Motion Picture,The American President,Aaron Sorkin,FALSE,,
1995,1996,53,Best Motion Picture - Drama,The Bridges of Madison County,,FALSE,,
1995,1996,53,Best Performance by an Actress in a Motion Picture - Drama,The Bridges of Madison County,Meryl Streep,FALSE,,
1995,1996,53,Best Performance by an Actress in a Supporting Role in any Motion Picture,The Crossing Guard,Anjelica Huston,FALSE,,
1995,1996,53,"Best Performance by an Actor in a Supporting Role in a Series, Limited Series or Motion Picture Made for Television",The Heidi Chronicles,Tom Hulce,FALSE,,
1995,1996,53,Best Performance by an Actress in a Limited Series or a Motion Picture Made for Television,The Heidi Chronicles,Jamie Lee Curtis,FALSE,,
1995,1996,53,Best Television Limited Series or Motion Picture Made for Television,The Heidi Chronicles,,FALSE,,
1995,1996,53,Best Performance by an Actor in a Television Series - Musical or Comedy,The Larry Sanders Show,Garry Shandling,FALSE,,
1995,1996,53,Best Performance by an Actress in a Television Series - Musical or Comedy,The Nanny,Fran Drescher,FALSE,,
1995,1996,53,Best Performance by an Actor in a Limited Series or a Motion Picture Made for Television,The Piano Lesson,Charles S. Dutton,FALSE,,
1995,1996,53,Best Performance by an Actor in a Limited Series or a Motion Picture Made for Television,The Tuskegee Airmen,Laurence Fishburne,FALSE,,
1995,1996,53,Best Performance by an Actor in a Supporting Role in any Motion Picture,The Usual Suspects,Kevin Spacey,FALSE,,
1995,1996,53,Best Performance by an Actor In A Television Series - Drama,The X-Files,David Duchovny,FALSE,,
1995,1996,53,Best Performance by an Actress In A Television Series - Drama,The X-Files,Gillian Anderson,FALSE,,
1995,1996,53,Best Performance by an Actress in a Motion Picture - Musical or Comedy,To Die For,Nicole Kidman,TRUE,,
1995,1996,53,Best Performance by an Actor in a Motion Picture - Musical or Comedy,"To Wong Foo, Thanks For Everything! Julie Newmar",Patrick Swayze,FALSE,,
1995,1996,53,Best Performance by an Actor in a Supporting Role in any Motion Picture,"To Wong Foo, Thanks For Everything! Julie Newmar",John Leguizamo,FALSE,,
1995,1996,53,Best Motion Picture - Musical or Comedy,Toy Story,,FALSE,,
1995,1996,53,Best Original Song - Motion Picture,Toy Story,Randy Newman,FALSE,You've Got a Friend In Me,
1995,1996,53,Best Performance by an Actor in a Limited Series or a Motion Picture Made for Television,Truman,Gary Sinise,TRUE,,
1995,1996,53,Best Television Limited Series or Motion Picture Made for Television,Truman,,FALSE,,
1995,1996,53,Best Performance by an Actor in a Supporting Role in any Motion Picture,Twelve Monkeys,Brad Pitt,TRUE,,
1995,1996,53,Best Performance by an Actress in a Motion Picture - Musical or Comedy,While You Were Sleeping,Sandra Bullock,FALSE,,
1995,1996,53,Cecil B. deMille Award,,Sean Connery,FALSE,,
1996,1997,54,Best Performance by an Actress in a Motion Picture - Musical or Comedy,101 Dalmatians,Glenn Close,FALSE,,
1996,1997,54,Best Performance by an Actor in a Television Series - Musical or Comedy,3rd Rock From The Sun,John Lithgow,TRUE,,
1996,1997,54,"Best Performance by an Actress in a Supporting Role in a Series, Limited Series or Motion Picture Made for Television",3rd Rock From The Sun,Kristen Johnston,FALSE,,
1996,1997,54,Best Television Series - Musical or Comedy,3rd Rock From The Sun,,TRUE,,
1996,1997,54,Best Performance by an Actor in a Supporting Role in any Motion Picture,A Time to Kill,Samuel L. Jackson,FALSE,,
1996,1997,54,Best Motion Picture - Drama,Breaking the Waves,,FALSE,,
1996,1997,54,Best Performance by an Actress in a Motion Picture - Drama,Breaking the Waves,Emily Watson,FALSE,,
1996,1997,54,Best Performance by an Actress In A Television Series - Drama,Chicago Hope,Christine Lahti,FALSE,,
1996,1997,54,Best Television Series - Drama,Chicago Hope,,FALSE,,
1996,1997,54,Best Performance by an Actor in a Limited Series or a Motion Picture Made for Television,Crime of the Century,Stephen Rea,FALSE,,
1996,1997,54,"Best Performance by an Actor in a Supporting Role in a Series, Limited Series or Motion Picture Made for Television",Crime of the Century,David Paymer,FALSE,,
1996,1997,54,Best Performance by an Actress in a Limited Series or a Motion Picture Made for Television,Crime of the Century,Isabella Rossellini,FALSE,,
1996,1997,54,Best Television Limited Series or Motion Picture Made for Television,Crime of the Century,,FALSE,,
1996,1997,54,"Best Performance by an Actress in a Supporting Role in a Series, Limited Series or Motion Picture Made for Television",Cybill,Christine Baranski,FALSE,,
1996,1997,54,Best Performance by an Actress in a Television Series - Musical or Comedy,Cybill,Cybill Shepherd,FALSE,,
1996,1997,54,Best Performance by an Actress In A Television Series - Drama,"Dr. Quinn, Medicine Woman",Jane Seymour,FALSE,,
1996,1997,54,"Best Performance by an Actor in a Supporting Role in a Series, Limited Series or Motion Picture Made for Television",ER,Noah Wyle,FALSE,,
1996,1997,54,Best Performance by an Actor In A Television Series - Drama,ER,Anthony Edwards,FALSE,,
1996,1997,54,Best Performance by an Actor In A Television Series - Drama,ER,George Clooney,FALSE,,
1996,1997,54,Best Performance by an Actress In A Television Series - Drama,ER,Sherry Stringfield,FALSE,,
1996,1997,54,Best Television Series - Drama,ER,,FALSE,,
1996,1997,54,Best Motion Picture - Musical or Comedy,Everyone Says I Love You,,FALSE,,
1996,1997,54,Best Director - Motion Picture,Evita,Alan Parker,FALSE,,
1996,1997,54,Best Motion Picture - Musical or Comedy,Evita,,TRUE,,
1996,1997,54,Best Original Song - Motion Picture,Evita,Andrew Lloyd Webber,TRUE,"""You Must Love Me""",
1996,1997,54,Best Original Song - Motion Picture,Evita,Tim Rice,TRUE,"""You Must Love Me""",
1996,1997,54,Best Performance by an Actor in a Motion Picture - Musical or Comedy,Evita,Antonio Banderas,FALSE,,
1996,1997,54,Best Performance by an Actress in a Motion Picture - Musical or Comedy,Evita,Madonna,TRUE,,
1996,1997,54,Best Director - Motion Picture,Fargo,Joel Coen,FALSE,,
1996,1997,54,Best Motion Picture - Musical or Comedy,Fargo,,FALSE,,
1996,1997,54,Best Performance by an Actress in a Motion Picture - Musical or Comedy,Fargo,Frances McDormand,FALSE,,
1996,1997,54,Best Screenplay - Motion Picture,Fargo,Ethan Coen,FALSE,,
1996,1997,54,"Best Performance by an Actor in a Supporting Role in a Series, Limited Series or Motion Picture Made for Television",Frasier,David Hyde-Pierce,FALSE,,
1996,1997,54,Best Performance by an Actor in a Television Series - Musical or Comedy,Frasier,Kelsey Grammer,FALSE,,
1996,1997,54,Best Television Series - Musical or Comedy,Frasier,,FALSE,,
1996,1997,54,Best Television Series - Musical or Comedy,Friends,,FALSE,,
1996,1997,54,Best Performance by an Actor in a Supporting Role in any Motion Picture,Ghosts of Mississippi,James Woods,FALSE,,
1996,1997,54,Best Performance by an Actor in a Limited Series or a Motion Picture Made for Television,Gotti,Armand Assante,FALSE,,
1996,1997,54,"Best Performance by an Actor in a Supporting Role in a Series, Limited Series or Motion Picture Made for Television",Gotti,Anthony Quinn,FALSE,,
1996,1997,54,Best Television Limited Series or Motion Picture Made for Television,Gotti,,FALSE,,
1996,1997,54,Best Performance by an Actress in a Television Series - Musical or Comedy,Grace Under Fire,Brett Butler,FALSE,,
1996,1997,54,Best Television Limited Series or Motion Picture Made for Television,Hidden in America,,FALSE,,
1996,1997,54,Best Performance by an Actor in a Television Series - Musical or Comedy,Home Improvement,Tim Allen,FALSE,,
1996,1997,54,Best Performance by an Actress in a Limited Series or a Motion Picture Made for Television,If These Walls Could Talk,Demi Moore,FALSE,,
1996,1997,54,"Best Performance by an Actress in a Supporting Role in a Series, Limited Series or Motion Picture Made for Television",If These Walls Could Talk,Cher,FALSE,,
1996,1997,54,Best Television Limited Series or Motion Picture Made for Television,If These Walls Could Talk,,FALSE,,
1996,1997,54,Best Motion Picture - Musical or Comedy,Jerry Maguire,,FALSE,,
1996,1997,54,Best Performance by an Actor in a Motion Picture - Musical or Comedy,Jerry Maguire,Tom Cruise,TRUE,,
1996,1997,54,Best Performance by an Actor in a Supporting Role in any Motion Picture,Jerry Maguire,Cuba Gooding Jr.,FALSE,,
1996,1997,54,Best Motion Picture - Foreign Language,Kolya,Jan Sverák,TRUE,,Czech Republic
1996,1997,54,Best Screenplay - Motion Picture,Lone Star,John Sayles,FALSE,,
1996,1997,54,Best Performance by an Actor in a Limited Series or a Motion Picture Made for Television,Losing Chase,Beau Bridges,FALSE,,
1996,1997,54,Best Performance by an Actress in a Limited Series or a Motion Picture Made for Television,Losing Chase,Helen Mirren,TRUE,,
1996,1997,54,Best Television Limited Series or Motion Picture Made for Television,Losing Chase,,FALSE,,
1996,1997,54,Best Motion Picture - Foreign Language,Luna e l'Altra,Maurizio Nichetti,FALSE,,Italy
1996,1997,54,Best Performance by an Actor in a Television Series - Musical or Comedy,Mad About You,Paul Reiser,FALSE,,
1996,1997,54,Best Performance by an Actress in a Television Series - Musical or Comedy,Mad About You,Helen Hunt,TRUE,,
1996,1997,54,Best Television Series - Musical or Comedy,Mad About You,,FALSE,,
1996,1997,54,Best Performance by an Actress in a Motion Picture - Drama,Marvin's Room,Meryl Streep,FALSE,,
1996,1997,54,Best Performance by an Actress In A Television Series - Drama,Melrose Place,Heather Locklear,FALSE,,
1996,1997,54,Best Original Score - Motion Picture,Michael Collins,Elliot Goldenthal,FALSE,,
1996,1997,54,Best Performance by an Actor in a Motion Picture - Drama,Michael Collins,Liam Neeson,FALSE,,
1996,1997,54,Best Performance by an Actor In A Television Series - Drama,Millennium,Lance Henriksen,FALSE,,
1996,1997,54,Best Performance by an Actress in a Motion Picture - Musical or Comedy,Mother,Debbie Reynolds,FALSE,,
1996,1997,54,Best Performance by an Actress in a Limited Series or a Motion Picture Made for Television,Norma Jean and Marilyn,Ashley Judd,FALSE,,
1996,1997,54,Best Performance by an Actress in a Limited Series or a Motion Picture Made for Television,Norma Jean and Marilyn,Mira Sorvino,FALSE,,
1996,1997,54,Best Performance by an Actor In A Television Series - Drama,NYPD Blue,Jimmy Smits,FALSE,,
1996,1997,54,Best Television Series - Drama,NYPD Blue,,FALSE,,
1996,1997,54,Best Original Song - Motion Picture,One Fine Day,James Newton Howard,FALSE,"""For the First Time""",
1996,1997,54,Best Original Song - Motion Picture,One Fine Day,Jud J. Friedman,FALSE,"""For the First Time""",
1996,1997,54,Best Original Song - Motion Picture,One Fine Day,Allan Dennis Rich,FALSE,"""For the First Time""",
1996,1997,54,Best Television Series - Drama,Party of Five,,FALSE,,
1996,1997,54,Best Performance by an Actor in a Supporting Role in any Motion Picture,Primal Fear,Edward Norton,TRUE,,
1996,1997,54,Best Motion Picture - Foreign Language,Prisoner of the Mountains,Sergei Bodrov,FALSE,,Russia
1996,1997,54,Best Performance by an Actor in a Motion Picture - Drama,Ransom,Mel Gibson,FALSE,,
1996,1997,54,Best Performance by an Actor in a Limited Series or a Motion Picture Made for Television,Rasputin,Alan Rickman,TRUE,,
1996,1997,54,"Best Performance by an Actor in a Supporting Role in a Series, Limited Series or Motion Picture Made for Television",Rasputin,Ian McKellen,TRUE,,
1996,1997,54,"Best Performance by an Actress in a Supporting Role in a Series, Limited Series or Motion Picture Made for Television",Rasputin,Greta Scacchi,FALSE,,
1996,1997,54,Best Television Limited Series or Motion Picture Made for Television,Rasputin,,TRUE,,
1996,1997,54,Best Motion Picture - Foreign Language,Ridicule,Patrice Leconte,FALSE,,France
1996,1997,54,Best Motion Picture - Drama,Secrets & Lies,,FALSE,,
1996,1997,54,Best Performance by an Actress in a Motion Picture - Drama,Secrets & Lies,Brenda Blethyn,TRUE,,
1996,1997,54,Best Performance by an Actress in a Supporting Role in any Motion Picture,Secrets & Lies,Marianne Jean-Baptiste,FALSE,,
1996,1997,54,Best Television Series - Musical or Comedy,Seinfeld,,FALSE,,
1996,1997,54,Best Director - Motion Picture,Shine,Scott Hicks,FALSE,,
1996,1997,54,Best Motion Picture - Drama,Shine,,FALSE,,
1996,1997,54,Best Original Score - Motion Picture,Shine,David Hirschfelder,FALSE,,
1996,1997,54,Best Performance by an Actor in a Motion Picture - Drama,Shine,Geoffrey Rush,TRUE,,
1996,1997,54,Best Screenplay - Motion Picture,Shine,Jan Sardi,FALSE,,
1996,1997,54,Best Performance by an Actor in a Television Series - Musical or Comedy,Spin City,Michael J. Fox,FALSE,,
1996,1997,54,Best Performance by an Actress in a Television Series - Musical or Comedy,Suddenly Susan,Brooke Shields,FALSE,,
1996,1997,54,Best Original Song - Motion Picture,That Thing You Do!,Adam Schlesinger,FALSE,"""That Thing You Do!""",
1996,1997,54,Best Motion Picture - Musical or Comedy,The Birdcage,,FALSE,,
1996,1997,54,Best Performance by an Actor in a Motion Picture - Musical or Comedy,The Birdcage,Nathan Lane,FALSE,,
1996,1997,54,Best Performance by an Actor in a Supporting Role in any Motion Picture,The Crucible,Paul Scofield,FALSE,,
1996,1997,54,Best Performance by an Actress in a Supporting Role in any Motion Picture,The Crucible,Joan Allen,FALSE,,
1996,1997,54,Best Motion Picture - Foreign Language,The Eighth Day,Jaco Van Dormael,FALSE,,Belgium
1996,1997,54,Best Director - Motion Picture,The English Patient,Anthony Minghella,FALSE,,
1996,1997,54,Best Motion Picture - Drama,The English Patient,,TRUE,,
1996,1997,54,Best Original Score - Motion Picture,The English Patient,Gabriel Yared,TRUE,,
1996,1997,54,Best Performance by an Actor in a Motion Picture - Drama,The English Patient,Ralph Fiennes,FALSE,,
1996,1997,54,Best Performance by an Actress in a Motion Picture - Drama,The English Patient,Kristin Scott Thomas,FALSE,,
1996,1997,54,Best Performance by an Actress in a Supporting Role in any Motion Picture,The English Patient,Juliette Binoche,FALSE,,
1996,1997,54,Best Screenplay - Motion Picture,The English Patient,Anthony Minghella,FALSE,,
1996,1997,54,Best Performance by an Actress in a Supporting Role in any Motion Picture,The Evening Star,Marion Ross,FALSE,,
1996,1997,54,Best Original Score - Motion Picture,The Hunchback of Notre Dame,Alan Menken,FALSE,,
1996,1997,54,Best Television Series - Musical or Comedy,The Larry Sanders Show,,FALSE,,
1996,1997,54,"Best Performance by an Actress in a Supporting Role in a Series, Limited Series or Motion Picture Made for Television",The Late Shift,Kathy Bates,TRUE,,
1996,1997,54,Best Original Score - Motion Picture,The Mirror Has Two Faces,Marvin Hamlisch,FALSE,,
1996,1997,54,Best Original Song - Motion Picture,The Mirror Has Two Faces,Barbra Streisand,FALSE,I've Finally Found Someone,
1996,1997,54,Best Original Song - Motion Picture,The Mirror Has Two Faces,Bryan Adams,FALSE,I've Finally Found Someone,
1996,1997,54,Best Original Song - Motion Picture,The Mirror Has Two Faces,Marvin Hamlisch,FALSE,I've Finally Found Someone,
1996,1997,54,Best Original Song - Motion Picture,The Mirror Has Two Faces,Robert John Lange,FALSE,I've Finally Found Someone,
1996,1997,54,Best Performance by an Actress in a Motion Picture - Musical or Comedy,The Mirror Has Two Faces,Barbra Streisand,FALSE,,
1996,1997,54,Best Performance by an Actress in a Supporting Role in any Motion Picture,The Mirror Has Two Faces,Lauren Bacall,TRUE,,
1996,1997,54,Best Performance by an Actress in a Television Series - Musical or Comedy,The Nanny,Fran Drescher,FALSE,,
1996,1997,54,Best Performance by an Actor in a Motion Picture - Musical or Comedy,The Nutty Professor,Eddie Murphy,FALSE,,
1996,1997,54,Best Director - Motion Picture,The People vs. Larry Flynt,Milos Forman,TRUE,,
1996,1997,54,Best Motion Picture - Drama,The People vs. Larry Flynt,,FALSE,,
1996,1997,54,Best Performance by an Actor in a Motion Picture - Drama,The People vs. Larry Flynt,Woody Harrelson,FALSE,,
1996,1997,54,Best Performance by an Actress in a Motion Picture - Drama,The People vs. Larry Flynt,Courtney Love,FALSE,,
1996,1997,54,Best Screenplay - Motion Picture,The People vs. Larry Flynt,Scott Alexander,TRUE,,
1996,1997,54,Best Performance by an Actress in a Supporting Role in any Motion Picture,The Portrait of a Lady,Barbara Hershey,FALSE,,
1996,1997,54,Best Performance by an Actor in a Limited Series or a Motion Picture Made for Television,The Summer of Ben Tyler,James Woods,FALSE,,
1996,1997,54,Best Performance by an Actor In A Television Series - Drama,The X-Files,David Duchovny,TRUE,,
1996,1997,54,Best Performance by an Actress In A Television Series - Drama,The X-Files,Gillian Anderson,TRUE,,
1996,1997,54,Best Television Series - Drama,The X-Files,,TRUE,,
1996,1997,54,Best Performance by an Actor in a Motion Picture - Musical or Comedy,Tin Cup,Kevin Costner,FALSE,,
1996,1997,54,Best Performance by an Actress in a Television Series - Musical or Comedy,Tracey Takes On,Tracey Ullman,FALSE,,
1996,1997,54,Best Original Song - Motion Picture,Up Close & Personal,Diane Warren,FALSE,"""Because You Loved Me""",
1996,1997,54,Cecil B. deMille Award,,Dustin Hoffman,FALSE,,
1997,1998,55,Best Performance by an Actor in a Limited Series or a Motion Picture Made for Television,12 Angry Men,Jack Lemmon,FALSE,,
1997,1998,55,"Best Performance by an Actor in a Supporting Role in a Series, Limited Series or Motion Picture Made for Television",12 Angry Men,George C. Scott,TRUE,,
1997,1998,55,Best Television Limited Series or Motion Picture Made for Television,12 Angry Men,,FALSE,,
1997,1998,55,Best Performance by an Actor in a Television Series - Musical or Comedy,3rd Rock From The Sun,John Lithgow,FALSE,,
1997,1998,55,Best Television Series - Musical or Comedy,3rd Rock From The Sun,,FALSE,,
1997,1998,55,Best Performance by an Actress in a Motion Picture - Drama,A Thousand Acres,Jessica Lange,FALSE,,
1997,1998,55,Best Performance by an Actress in a Television Series - Musical or Comedy,Ally McBeal,Calista Flockhart,TRUE,,
1997,1998,55,Best Television Series - Musical or Comedy,Ally McBeal,,TRUE,,
1997,1998,55,Best Director - Motion Picture,Amistad,Steven Spielberg,FALSE,,
1997,1998,55,Best Motion Picture - Drama,Amistad,,FALSE,,
1997,1998,55,Best Performance by an Actor in a Motion Picture - Drama,Amistad,Djimon Hounsou,FALSE,,
1997,1998,55,Best Performance by an Actor in a Supporting Role in any Motion Picture,Amistad,Anthony Hopkins,FALSE,,
1997,1998,55,Best Original Song - Motion Picture,Anastasia,Stephen Flaherty,FALSE,"""Journey to the Past""",
1997,1998,55,Best Original Song - Motion Picture,Anastasia,Lynn Ahrens,FALSE,"""Journey to the Past""",
1997,1998,55,Best Original Song - Motion Picture,Anastasia,Stephen Flaherty,FALSE,"""Once Upon a December""",
1997,1998,55,Best Original Song - Motion Picture,Anastasia,Lynn Ahrens,FALSE,"""Once Upon a December""",
1997,1998,55,Best Motion Picture - Foreign Language,Artemisia,Agnès Merlet,FALSE,,France
1997,1998,55,Best Director - Motion Picture,As Good as It Gets,James L. Brooks,FALSE,,
1997,1998,55,Best Motion Picture - Musical or Comedy,As Good as It Gets,,TRUE,,
1997,1998,55,Best Performance by an Actor in a Motion Picture - Musical or Comedy,As Good as It Gets,Jack Nicholson,TRUE,,
1997,1998,55,Best Performance by an Actor in a Supporting Role in any Motion Picture,As Good as It Gets,Greg Kinnear,FALSE,,
1997,1998,55,Best Performance by an Actress in a Motion Picture - Musical or Comedy,As Good as It Gets,Helen Hunt,TRUE,,
1997,1998,55,Best Screenplay - Motion Picture,As Good as It Gets,Mark Andrus,FALSE,,
1997,1998,55,Best Performance by an Actress in a Limited Series or a Motion Picture Made for Television,Before Women Had Wings,Ellen Barkin,FALSE,,
1997,1998,55,Best Performance by an Actress in a Limited Series or a Motion Picture Made for Television,Bella Mafia,Vanessa Redgrave,FALSE,,
1997,1998,55,Best Performance by an Actor in a Supporting Role in any Motion Picture,Boogie Nights,Burt Reynolds,TRUE,,
1997,1998,55,Best Performance by an Actress in a Supporting Role in any Motion Picture,Boogie Nights,Julianne Moore,FALSE,,
1997,1998,55,Best Performance by an Actress in a Motion Picture - Musical or Comedy,Chasing Amy,Joey Lauren Adams,FALSE,,
1997,1998,55,Best Performance by an Actress In A Television Series - Drama,Chicago Hope,Christine Lahti,TRUE,,
1997,1998,55,Best Television Series - Drama,Chicago Hope,,FALSE,,
1997,1998,55,Best Performance by an Actress in a Motion Picture - Drama,Contact,Jodie Foster,FALSE,,
1997,1998,55,Best Performance by an Actress in a Television Series - Musical or Comedy,Dharma & Greg,Jenna Elfman,FALSE,,
1997,1998,55,Best Performance by an Actor in a Limited Series or a Motion Picture Made for Television,Don King: Only In America,Ving Rhames,TRUE,,
1997,1998,55,Best Television Limited Series or Motion Picture Made for Television,Don King: Only In America,,FALSE,,
1997,1998,55,"Best Performance by an Actress in a Supporting Role in a Series, Limited Series or Motion Picture Made for Television",Ellen,Joely Fisher,FALSE,,
1997,1998,55,Best Performance by an Actress in a Television Series - Musical or Comedy,Ellen,Ellen DeGeneres,FALSE,,
1997,1998,55,"Best Performance by an Actor in a Supporting Role in a Series, Limited Series or Motion Picture Made for Television",ER,Eriq La Salle,FALSE,,
1997,1998,55,"Best Performance by an Actor in a Supporting Role in a Series, Limited Series or Motion Picture Made for Television",ER,Noah Wyle,FALSE,,
1997,1998,55,Best Performance by an Actor In A Television Series - Drama,ER,Anthony Edwards,TRUE,,
1997,1998,55,Best Performance by an Actor In A Television Series - Drama,ER,George Clooney,FALSE,,
1997,1998,55,"Best Performance by an Actress in a Supporting Role in a Series, Limited Series or Motion Picture Made for Television",ER,Gloria Reuben,FALSE,,
1997,1998,55,Best Performance by an Actress In A Television Series - Drama,ER,Julianna Margulies,FALSE,,
1997,1998,55,Best Television Series - Drama,ER,,FALSE,,
1997,1998,55,Best Performance by an Actress in a Limited Series or a Motion Picture Made for Television,First Do No Harm,Meryl Streep,FALSE,,
1997,1998,55,"Best Performance by an Actor in a Supporting Role in a Series, Limited Series or Motion Picture Made for Television",Frasier,David Hyde-Pierce,FALSE,,
1997,1998,55,Best Performance by an Actor in a Television Series - Musical or Comedy,Frasier,Kelsey Grammer,FALSE,,
1997,1998,55,Best Television Series - Musical or Comedy,Frasier,,FALSE,,
1997,1998,55,Best Television Series - Musical or Comedy,Friends,,FALSE,,
1997,1998,55,Best Original Score - Motion Picture,Gattaca,Michael Nyman,FALSE,,
1997,1998,55,Best Performance by an Actor in a Limited Series or a Motion Picture Made for Television,George Wallace,Gary Sinise,FALSE,,
1997,1998,55,"Best Performance by an Actress in a Supporting Role in a Series, Limited Series or Motion Picture Made for Television",George Wallace,Angelina Jolie,TRUE,,
1997,1998,55,"Best Performance by an Actress in a Supporting Role in a Series, Limited Series or Motion Picture Made for Television",George Wallace,Mare Winningham,FALSE,,
1997,1998,55,Best Television Limited Series or Motion Picture Made for Television,George Wallace,,TRUE,,
1997,1998,55,Best Motion Picture - Drama,Good Will Hunting,,FALSE,,
1997,1998,55,Best Performance by an Actor in a Motion Picture - Drama,Good Will Hunting,Matt Damon,FALSE,,
1997,1998,55,Best Performance by an Actor in a Supporting Role in any Motion Picture,Good Will Hunting,Robin Williams,FALSE,,
1997,1998,55,Best Screenplay - Motion Picture,Good Will Hunting,Ben Affleck,TRUE,,
1997,1998,55,Best Screenplay - Motion Picture,Good Will Hunting,Matt Damon,TRUE,,
1997,1998,55,Best Original Song - Motion Picture,Hercules,Alan Menken,FALSE,Go the Distance,
1997,1998,55,Best Original Song - Motion Picture,Hercules,David Zippel,FALSE,Go the Distance,
1997,1998,55,Best Performance by an Actress in a Limited Series or a Motion Picture Made for Television,Hope,Jena Malone,FALSE,,
1997,1998,55,Best Performance by an Actor in a Motion Picture - Musical or Comedy,In & Out,Kevin Kline,FALSE,,
1997,1998,55,Best Performance by an Actress in a Supporting Role in any Motion Picture,In & Out,Joan Cusack,FALSE,,
1997,1998,55,Best Performance by an Actor in a Motion Picture - Musical or Comedy,Jackie Brown,Samuel L. Jackson,FALSE,,
1997,1998,55,Best Performance by an Actress in a Motion Picture - Musical or Comedy,Jackie Brown,Pam Grier,FALSE,,
1997,1998,55,Best Performance by an Actor in a Supporting Role in any Motion Picture,John Grisham's The Rainmaker,Jon Voight,FALSE,,
1997,1998,55,Best Original Score - Motion Picture,Kundun,Philip Glass,FALSE,,
1997,1998,55,Best Director - Motion Picture,L.A. Confidential,Curtis Hanson,FALSE,,
1997,1998,55,Best Motion Picture - Drama,L.A. Confidential,,FALSE,,
1997,1998,55,Best Original Score - Motion Picture,L.A. Confidential,Jerry Goldsmith,FALSE,,
1997,1998,55,Best Performance by an Actress in a Supporting Role in any Motion Picture,L.A. Confidential,Kim Basinger,TRUE,,
1997,1998,55,Best Screenplay - Motion Picture,L.A. Confidential,Curtis Hanson,FALSE,,
1997,1998,55,Best Television Series - Drama,Law & Order,,FALSE,,
1997,1998,55,Best Motion Picture - Foreign Language,Lea,Ivan Fíla,FALSE,,Germany
1997,1998,55,Best Performance by an Actor in a Motion Picture - Musical or Comedy,Liar Liar,Jim Carrey,FALSE,,
1997,1998,55,Best Motion Picture - Foreign Language,Ma Vie en Rose,Alain Berliner,TRUE,,Belgium
1997,1998,55,Best Performance by an Actor in a Television Series - Musical or Comedy,Mad About You,Paul Reiser,FALSE,,
1997,1998,55,Best Performance by an Actress in a Television Series - Musical or Comedy,Mad About You,Helen Hunt,FALSE,,
1997,1998,55,"Best Performance by an Actor in a Supporting Role in a Series, Limited Series or Motion Picture Made for Television",Mandela and De Klerk,Michael Caine,FALSE,,
1997,1998,55,Best Motion Picture - Musical or Comedy,Men in Black,,FALSE,,
1997,1998,55,Best Performance by an Actor In A Television Series - Drama,Millennium,Lance Henriksen,FALSE,,
1997,1998,55,Best Performance by an Actress in a Limited Series or a Motion Picture Made for Television,Miss Evers' Boys,Alfre Woodard,TRUE,,
1997,1998,55,Best Television Limited Series or Motion Picture Made for Television,Miss Evers' Boys,,FALSE,,
1997,1998,55,Best Performance by an Actress in a Motion Picture - Drama,Mrs. Brown,Judi Dench,TRUE,,
1997,1998,55,Best Motion Picture - Musical or Comedy,My Best Friend's Wedding,,FALSE,,
1997,1998,55,Best Performance by an Actor in a Supporting Role in any Motion Picture,My Best Friend's Wedding,Rupert Everett,FALSE,,
1997,1998,55,Best Performance by an Actress in a Motion Picture - Musical or Comedy,My Best Friend's Wedding,Julia Roberts,FALSE,,
1997,1998,55,Best Performance by an Actor In A Television Series - Drama,Nothing Sacred,Kevin Anderson,FALSE,,
1997,1998,55,Best Performance by an Actress In A Television Series - Drama,NYPD Blue,Kim Delaney,FALSE,,
1997,1998,55,Best Television Series - Drama,NYPD Blue,,FALSE,,
1997,1998,55,"Best Performance by an Actor in a Supporting Role in a Series, Limited Series or Motion Picture Made for Television",Seinfeld,Jason Alexander,FALSE,,
1997,1998,55,Best Performance by an Actor in a Television Series - Musical or Comedy,Seinfeld,Jerry Seinfeld,FALSE,,
1997,1998,55,Best Television Series - Musical or Comedy,Seinfeld,,FALSE,,
1997,1998,55,Best Performance by an Actress in a Motion Picture - Musical or Comedy,Selena,Jennifer Lopez,FALSE,,
1997,1998,55,Best Original Score - Motion Picture,Seven Years in Tibet,John Williams,FALSE,,
1997,1998,55,Best Performance by an Actor in a Television Series - Musical or Comedy,Spin City,Michael J. Fox,TRUE,,
1997,1998,55,Best Television Series - Musical or Comedy,Spin City,,FALSE,,
1997,1998,55,Best Performance by an Actress in a Television Series - Musical or Comedy,Suddenly Susan,Brooke Shields,FALSE,,
1997,1998,55,Best Motion Picture - Foreign Language,The Best Man,Pupi Avati,FALSE,,Italy
1997,1998,55,Best Director - Motion Picture,The Boxer,Jim Sheridan,FALSE,,
1997,1998,55,Best Motion Picture - Drama,The Boxer,,FALSE,,
1997,1998,55,Best Performance by an Actor in a Motion Picture - Drama,The Boxer,Daniel Day-Lewis,FALSE,,
1997,1998,55,Best Motion Picture - Musical or Comedy,The Full Monty,,FALSE,,
1997,1998,55,Best Performance by an Actress in a Supporting Role in any Motion Picture,The Ice Storm,Sigourney Weaver,FALSE,,
1997,1998,55,Best Performance by an Actor in a Limited Series or a Motion Picture Made for Television,The Odyssey,Armand Assante,FALSE,,
1997,1998,55,Best Television Limited Series or Motion Picture Made for Television,The Odyssey,,FALSE,,
1997,1998,55,Best Motion Picture - Foreign Language,The Thief,Pavel Chukhray,FALSE,,Russia
1997,1998,55,Best Performance by an Actress in a Motion Picture - Drama,The Wings of the Dove,Helena Bonham Carter,FALSE,,
1997,1998,55,Best Performance by an Actor In A Television Series - Drama,The X-Files,David Duchovny,FALSE,,
1997,1998,55,Best Performance by an Actress In A Television Series - Drama,The X-Files,Gillian Anderson,FALSE,,
1997,1998,55,Best Television Series - Drama,The X-Files,,TRUE,,
1997,1998,55,Best Director - Motion Picture,Titanic,James Cameron,TRUE,,
1997,1998,55,Best Motion Picture - Drama,Titanic,,TRUE,,
1997,1998,55,Best Original Score - Motion Picture,Titanic,James Horner,TRUE,,
1997,1998,55,Best Original Song - Motion Picture,Titanic,James Horner,TRUE,"""My Heart Will Go On""",
1997,1998,55,Best Original Song - Motion Picture,Titanic,Will Jennings,TRUE,"""My Heart Will Go On""",
1997,1998,55,Best Performance by an Actor in a Motion Picture - Drama,Titanic,Leonardo DiCaprio,FALSE,,
1997,1998,55,Best Performance by an Actress in a Motion Picture - Drama,Titanic,Kate Winslet,FALSE,,
1997,1998,55,Best Performance by an Actress in a Supporting Role in any Motion Picture,Titanic,Gloria Stuart,FALSE,,
1997,1998,55,Best Screenplay - Motion Picture,Titanic,James Cameron,FALSE,,
1997,1998,55,Best Original Song - Motion Picture,Tomorrow Never Dies,Sheryl Crow,FALSE,"""Tomorrow Never Dies""",
1997,1998,55,Best Original Song - Motion Picture,Tomorrow Never Dies,Mitchell Froom,FALSE,"""Tomorrow Never Dies""",
1997,1998,55,"Best Performance by an Actress in a Supporting Role in a Series, Limited Series or Motion Picture Made for Television",Touched By an Angel,Della Reese,FALSE,,
1997,1998,55,Best Performance by an Actress In A Television Series - Drama,Touched By an Angel,Roma Downey,FALSE,,
1997,1998,55,Best Performance by an Actor in a Motion Picture - Drama,Ulee's Gold,Peter Fonda,TRUE,,
1997,1998,55,Best Performance by an Actress in a Television Series - Musical or Comedy,Veronica's Closet,Kirstie Alley,FALSE,,
1997,1998,55,Best Motion Picture - Musical or Comedy,Wag the Dog,,FALSE,,
1997,1998,55,Best Performance by an Actor in a Motion Picture - Musical or Comedy,Wag the Dog,Dustin Hoffman,FALSE,,
1997,1998,55,Best Screenplay - Motion Picture,Wag the Dog,Hilary Henkin,FALSE,,
1997,1998,55,Best Performance by an Actor in a Limited Series or a Motion Picture Made for Television,What the Deaf Man Heard,Matthew Modine,FALSE,,
1997,1998,55,Cecil B. deMille Award,,Shirley MacLaine,FALSE,,
1998,1999,56,Best Performance by an Actor in a Television Series - Musical or Comedy,3rd Rock From The Sun,John Lithgow,FALSE,,
1998,1999,56,Best Performance by an Actor in a Limited Series or a Motion Picture Made for Television,A Bright Shining Lie,Bill Paxton,FALSE,,
1998,1999,56,Best Original Score - Motion Picture,A Bug's Life,Randy Newman,FALSE,,
1998,1999,56,Best Performance by an Actor in a Supporting Role in any Motion Picture,A Civil Action,Robert Duvall,FALSE,,
1998,1999,56,Best Performance by an Actor in a Supporting Role in any Motion Picture,A Simple Plan,Billy Bob Thornton,FALSE,,
1998,1999,56,Best Performance by an Actor in a Motion Picture - Drama,Affliction,Nick Nolte,FALSE,,
1998,1999,56,"Best Performance by an Actress in a Supporting Role in a Series, Limited Series or Motion Picture Made for Television",Ally McBeal,Jane Krakowski,FALSE,,
1998,1999,56,Best Performance by an Actress in a Television Series - Musical or Comedy,Ally McBeal,Calista Flockhart,FALSE,,
1998,1999,56,Best Television Series - Musical or Comedy,Ally McBeal,,TRUE,,
1998,1999,56,Best Motion Picture - Musical or Comedy,Bulworth,,FALSE,,
1998,1999,56,Best Performance by an Actor in a Motion Picture - Musical or Comedy,Bulworth,Warren Beatty,FALSE,,
1998,1999,56,Best Screenplay - Motion Picture,Bulworth,Warren Beatty,FALSE,,
1998,1999,56,Best Motion Picture - Foreign Language,Central Station,Walter Salles,TRUE,,Brazil
1998,1999,56,Best Performance by an Actress in a Motion Picture - Drama,Central Station,Fernanda Montenegro,FALSE,,
1998,1999,56,Best Original Song - Motion Picture,City of Angels,Alanis Morissette,FALSE,"""Uninvited""",
1998,1999,56,Best Performance by an Actor in a Television Series - Musical or Comedy,Dharma & Greg,Thomas Gibson,FALSE,,
1998,1999,56,"Best Performance by an Actress in a Supporting Role in a Series, Limited Series or Motion Picture Made for Television",Dharma & Greg,Susan Sullivan,FALSE,,
1998,1999,56,Best Performance by an Actress in a Television Series - Musical or Comedy,Dharma & Greg,Jenna Elfman,TRUE,,
1998,1999,56,Best Television Series - Musical or Comedy,Dharma & Greg,,FALSE,,
1998,1999,56,Best Director - Motion Picture,Elizabeth,Shekhar Kapur,FALSE,,
1998,1999,56,Best Motion Picture - Drama,Elizabeth,,FALSE,,
1998,1999,56,Best Performance by an Actress in a Motion Picture - Drama,Elizabeth,Cate Blanchett,TRUE,,
1998,1999,56,"Best Performance by an Actor in a Supporting Role in a Series, Limited Series or Motion Picture Made for Television",ER,Noah Wyle,FALSE,,
1998,1999,56,Best Performance by an Actor In A Television Series - Drama,ER,Anthony Edwards,FALSE,,
1998,1999,56,Best Performance by an Actress In A Television Series - Drama,ER,Julianna Margulies,FALSE,,
1998,1999,56,Best Television Series - Drama,ER,,FALSE,,
1998,1999,56,Best Performance by an Actress In A Television Series - Drama,Felicity,Keri Russell,TRUE,,
1998,1999,56,Best Television Series - Drama,Felicity,,FALSE,,
1998,1999,56,Best Performance by an Actor in a Television Series - Musical or Comedy,Frasier,Kelsey Grammer,FALSE,,
1998,1999,56,Best Television Series - Musical or Comedy,Frasier,,FALSE,,
1998,1999,56,Best Television Limited Series or Motion Picture Made for Television,From the Earth to the Moon,,TRUE,,
1998,1999,56,Best Performance by an Actress in a Limited Series or a Motion Picture Made for Television,Gia,Angelina Jolie,TRUE,,
1998,1999,56,"Best Performance by an Actress in a Supporting Role in a Series, Limited Series or Motion Picture Made for Television",Gia,Faye Dunaway,TRUE,,
1998,1999,56,Best Television Limited Series or Motion Picture Made for Television,Gia,,FALSE,,
1998,1999,56,Best Motion Picture - Drama,Gods and Monsters,,FALSE,,
1998,1999,56,Best Performance by an Actor in a Motion Picture - Drama,Gods and Monsters,Ian McKellen,FALSE,,
1998,1999,56,Best Performance by an Actress in a Supporting Role in any Motion Picture,Gods and Monsters,Lynn Redgrave,TRUE,,
1998,1999,56,Best Screenplay - Motion Picture,Happiness,Todd Solondz,FALSE,,
1998,1999,56,Best Performance by an Actress in a Motion Picture - Drama,Hilary and Jackie,Emily Watson,FALSE,,
1998,1999,56,Best Performance by an Actress in a Television Series - Musical or Comedy,Jesse,Christina Applegate,FALSE,,
1998,1999,56,"Best Performance by an Actor in a Supporting Role in a Series, Limited Series or Motion Picture Made for Television",Just Shoot Me!,David Spade,FALSE,,
1998,1999,56,Best Performance by an Actor in a Television Series - Musical or Comedy,Just Shoot Me!,George Segal,FALSE,,
1998,1999,56,"Best Performance by an Actress in a Supporting Role in a Series, Limited Series or Motion Picture Made for Television",Just Shoot Me!,Wendie Malick,FALSE,,
1998,1999,56,Best Performance by an Actress in a Television Series - Musical or Comedy,Just Shoot Me!,Laura San Giacomo,FALSE,,
1998,1999,56,Best Television Series - Musical or Comedy,Just Shoot Me!,,FALSE,,
1998,1999,56,Best Television Series - Drama,Law & Order,,FALSE,,
1998,1999,56,Best Performance by an Actress in a Limited Series or a Motion Picture Made for Television,Life of the Party: The Pamela Harriman Story,Ann-Margret,FALSE,,
1998,1999,56,Best Performance by an Actor in a Motion Picture - Musical or Comedy,Little Voice,Michael Caine,TRUE,,
1998,1999,56,Best Performance by an Actress in a Motion Picture - Musical or Comedy,Little Voice,Jane Horrocks,FALSE,,
1998,1999,56,Best Performance by an Actress in a Supporting Role in any Motion Picture,Little Voice,Brenda Blethyn,FALSE,,
1998,1999,56,Best Motion Picture - Foreign Language,Men With Guns,John Sayles,FALSE,,United States
1998,1999,56,Best Performance by an Actor in a Limited Series or a Motion Picture Made for Television,Merlin,Sam Neill,FALSE,,
1998,1999,56,Best Performance by an Actress in a Limited Series or a Motion Picture Made for Television,Merlin,Miranda Richardson,FALSE,,
1998,1999,56,"Best Performance by an Actress in a Supporting Role in a Series, Limited Series or Motion Picture Made for Television",Merlin,Helena Bonham Carter,FALSE,,
1998,1999,56,Best Television Limited Series or Motion Picture Made for Television,Merlin,,FALSE,,
1998,1999,56,Best Performance by an Actor In A Television Series - Drama,Millennium,Lance Henriksen,FALSE,,
1998,1999,56,Best Performance by an Actor in a Limited Series or a Motion Picture Made for Television,Moby Dick,Patrick Stewart,FALSE,,
1998,1999,56,"Best Performance by an Actor in a Supporting Role in a Series, Limited Series or Motion Picture Made for Television",Moby Dick,Gregory Peck,TRUE,,
1998,1999,56,Best Original Score - Motion Picture,Mulan,Jerry Goldsmith,FALSE,,
1998,1999,56,Best Original Song - Motion Picture,Mulan,Matthew Wilder,FALSE,Reflection,
1998,1999,56,Best Original Song - Motion Picture,Mulan,David Zippel,FALSE,Reflection,
1998,1999,56,Best Performance by an Actor In A Television Series - Drama,NYPD Blue,Jimmy Smits,FALSE,,
1998,1999,56,Best Performance by an Actress In A Television Series - Drama,NYPD Blue,Kim Delaney,FALSE,,
1998,1999,56,Best Performance by an Actress in a Motion Picture - Drama,One True Thing,Meryl Streep,FALSE,,
1998,1999,56,Best Motion Picture - Musical or Comedy,Patch Adams,,FALSE,,
1998,1999,56,Best Performance by an Actor in a Motion Picture - Musical or Comedy,Patch Adams,Robin Williams,FALSE,,
1998,1999,56,Best Performance by an Actor in a Motion Picture - Musical or Comedy,Primary Colors,John Travolta,FALSE,,
1998,1999,56,Best Performance by an Actress in a Supporting Role in any Motion Picture,Primary Colors,Kathy Bates,FALSE,,
1998,1999,56,Best Original Song - Motion Picture,Quest For Camelot: The Magic Sword,David Foster,TRUE,"""The Prayer""",
1998,1999,56,Best Original Song - Motion Picture,Quest For Camelot: The Magic Sword,Carole Bayer Sager,TRUE,"""The Prayer""",
1998,1999,56,Best Original Song - Motion Picture,Quest For Camelot: The Magic Sword,Tony Renis,TRUE,"""The Prayer""",
1998,1999,56,Best Original Song - Motion Picture,Quest For Camelot: The Magic Sword,Alberto Testa,TRUE,"""The Prayer""",
1998,1999,56,Best Performance by an Actor in a Limited Series or a Motion Picture Made for Television,Rear Window,Christopher Reeve,FALSE,,
1998,1999,56,Best Performance by an Actor in a Supporting Role in any Motion Picture,Rushmore,Bill Murray,FALSE,,
1998,1999,56,Best Director - Motion Picture,Saving Private Ryan,Steven Spielberg,TRUE,,
1998,1999,56,Best Motion Picture - Drama,Saving Private Ryan,,TRUE,,
1998,1999,56,Best Original Score - Motion Picture,Saving Private Ryan,John Williams,FALSE,,
1998,1999,56,Best Performance by an Actor in a Motion Picture - Drama,Saving Private Ryan,Tom Hanks,FALSE,,
1998,1999,56,Best Screenplay - Motion Picture,Saving Private Ryan,Robert Rodat,FALSE,,
1998,1999,56,Best Performance by an Actress in a Television Series - Musical or Comedy,Sex and The City,Sarah Jessica Parker,FALSE,,
1998,1999,56,Best Director - Motion Picture,Shakespeare in Love,John Madden,FALSE,,
1998,1999,56,Best Motion Picture - Musical or Comedy,Shakespeare in Love,,TRUE,,
1998,1999,56,Best Performance by an Actor in a Supporting Role in any Motion Picture,Shakespeare in Love,Geoffrey Rush,FALSE,,
1998,1999,56,Best Performance by an Actress in a Motion Picture - Musical or Comedy,Shakespeare in Love,Gwyneth Paltrow,TRUE,,
1998,1999,56,Best Performance by an Actress in a Supporting Role in any Motion Picture,Shakespeare in Love,Judi Dench,FALSE,,
1998,1999,56,Best Screenplay - Motion Picture,Shakespeare in Love,Marc Norman,TRUE,,
1998,1999,56,Best Performance by an Actor in a Television Series - Musical or Comedy,Spin City,Michael J. Fox,TRUE,,
1998,1999,56,Best Television Series - Musical or Comedy,Spin City,,FALSE,,
1998,1999,56,Best Performance by an Actress in a Motion Picture - Drama,Stepmom,Susan Sarandon,FALSE,,
1998,1999,56,Best Motion Picture - Musical or Comedy,Still Crazy,,FALSE,,
1998,1999,56,Best Original Song - Motion Picture,Still Crazy,Mick Jones,FALSE,"""The Flame Still Burns""",
1998,1999,56,Best Original Song - Motion Picture,Still Crazy,Marti Frederiksen,FALSE,"""The Flame Still Burns""",
1998,1999,56,Best Original Song - Motion Picture,Still Crazy,Chris Difford,FALSE,"""The Flame Still Burns""",
1998,1999,56,Best Motion Picture - Foreign Language,Tango,Carlos Saura,FALSE,,Argentina
1998,1999,56,Best Performance by an Actress in a Limited Series or a Motion Picture Made for Television,The Baby Dance,Laura Dern,FALSE,,
1998,1999,56,Best Performance by an Actress in a Limited Series or a Motion Picture Made for Television,The Baby Dance,Stockard Channing,FALSE,,
1998,1999,56,Best Television Limited Series or Motion Picture Made for Television,The Baby Dance,,FALSE,,
1998,1999,56,Best Motion Picture - Foreign Language,The Celebration,Thomas Vinterberg,FALSE,,Denmark
1998,1999,56,Best Director - Motion Picture,The Horse Whisperer,Robert Redford,FALSE,,
1998,1999,56,Best Motion Picture - Drama,The Horse Whisperer,,FALSE,,
1998,1999,56,Best Motion Picture - Musical or Comedy,The Mask of Zorro,,FALSE,,
1998,1999,56,Best Performance by an Actor in a Motion Picture - Musical or Comedy,The Mask of Zorro,Antonio Banderas,FALSE,,
1998,1999,56,Best Original Song - Motion Picture,The Mighty,Sting,FALSE,"""The Mighty""",
1998,1999,56,Best Original Song - Motion Picture,The Mighty,Trevor Jones,FALSE,"""The Mighty""",
1998,1999,56,Best Performance by an Actress in a Supporting Role in any Motion Picture,The Mighty,Sharon Stone,FALSE,,
1998,1999,56,Best Performance by an Actress in a Motion Picture - Musical or Comedy,The Opposite of Sex,Christina Ricci,FALSE,,
1998,1999,56,Best Motion Picture - Foreign Language,The Polish Bride,Karim Traïdia,FALSE,,Netherlands
1998,1999,56,Best Performance by an Actor In A Television Series - Drama,The Practice,Dylan McDermott,TRUE,,
1998,1999,56,"Best Performance by an Actress in a Supporting Role in a Series, Limited Series or Motion Picture Made for Television",The Practice,Camryn Manheim,TRUE,,
1998,1999,56,Best Television Series - Drama,The Practice,,TRUE,,
1998,1999,56,Best Original Score - Motion Picture,The Prince of Egypt,Hans Zimmer,FALSE,,
1998,1999,56,Best Original Song - Motion Picture,The Prince of Egypt,Stephen Schwartz,FALSE,"""When You Believe""",
1998,1999,56,"Best Performance by an Actor in a Supporting Role in a Series, Limited Series or Motion Picture Made for Television",The Rat Pack,Don Cheadle,TRUE,,
1998,1999,56,"Best Performance by an Actor in a Supporting Role in a Series, Limited Series or Motion Picture Made for Television",The Rat Pack,Joe Mantegna,FALSE,,
1998,1999,56,Best Performance by an Actor in a Limited Series or a Motion Picture Made for Television,The Tempest,Peter Fonda,FALSE,,
1998,1999,56,Best Television Limited Series or Motion Picture Made for Television,The Temptations,,FALSE,,
1998,1999,56,Best Director - Motion Picture,The Truman Show,Peter Weir,FALSE,,
1998,1999,56,Best Motion Picture - Drama,The Truman Show,,FALSE,,
1998,1999,56,Best Original Score - Motion Picture,The Truman Show,Burkhard Dallwitz,TRUE,,
1998,1999,56,Best Original Score - Motion Picture,The Truman Show,Philip Glass,TRUE,,
1998,1999,56,Best Performance by an Actor in a Motion Picture - Drama,The Truman Show,Jim Carrey,TRUE,,
1998,1999,56,Best Performance by an Actor in a Supporting Role in any Motion Picture,The Truman Show,Ed Harris,TRUE,,
1998,1999,56,Best Screenplay - Motion Picture,The Truman Show,Andrew M. Niccol,FALSE,,
1998,1999,56,Best Performance by an Actor In A Television Series - Drama,The X-Files,David Duchovny,FALSE,,
1998,1999,56,Best Performance by an Actress In A Television Series - Drama,The X-Files,Gillian Anderson,FALSE,,
1998,1999,56,Best Television Series - Drama,The X-Files,,FALSE,,
1998,1999,56,Best Motion Picture - Musical or Comedy,There's Something About Mary,,FALSE,,
1998,1999,56,Best Performance by an Actress in a Motion Picture - Musical or Comedy,There's Something About Mary,Cameron Diaz,FALSE,,
1998,1999,56,Best Performance by an Actress In A Television Series - Drama,Touched By an Angel,Roma Downey,FALSE,,
1998,1999,56,Best Performance by an Actor in a Motion Picture - Drama,Wilde,Stephen Fry,FALSE,,
1998,1999,56,Best Performance by an Actor in a Limited Series or a Motion Picture Made for Television,Winchell,Stanley Tucci,TRUE,,
1998,1999,56,Best Performance by an Actor in a Supporting Role in any Motion Picture,Without Limits,Donald Sutherland,FALSE,,
1998,1999,56,Best Performance by an Actress in a Motion Picture - Musical or Comedy,You've Got Mail,Meg Ryan,FALSE,,
1998,1999,56,Cecil B. deMille Award,,Jack Nicholson,FALSE,,
1999,2000,57,Best Performance by an Actress in a Motion Picture - Drama,A Map of the World,Sigourney Weaver,FALSE,,
1999,2000,57,Best Motion Picture - Foreign Language,Aimée & Jaguar,François Girard,FALSE,,Germany
1999,2000,57,Best Motion Picture - Foreign Language,All About My Mother,Pedro Almodóvar,TRUE,,Spain
1999,2000,57,Best Performance by an Actress in a Television Series - Musical or Comedy,Ally McBeal,Calista Flockhart,FALSE,,
1999,2000,57,Best Television Series - Musical or Comedy,Ally McBeal,,FALSE,,
1999,2000,57,Best Director - Motion Picture,American Beauty,Sam Mendes,TRUE,,
1999,2000,57,Best Motion Picture - Drama,American Beauty,,TRUE,,
1999,2000,57,Best Original Score - Motion Picture,American Beauty,Thomas Newman,FALSE,,
1999,2000,57,Best Performance by an Actor in a Motion Picture - Drama,American Beauty,Kevin Spacey,FALSE,,
1999,2000,57,Best Performance by an Actress in a Motion Picture - Drama,American Beauty,Annette Bening,FALSE,,
1999,2000,57,Best Screenplay - Motion Picture,American Beauty,Alan Ball,TRUE,,
1999,2000,57,Best Performance by an Actor in a Motion Picture - Musical or Comedy,An Ideal Husband,Rupert Everett,FALSE,,
1999,2000,57,Best Performance by an Actress in a Motion Picture - Musical or Comedy,An Ideal Husband,Julianne Moore,FALSE,,
1999,2000,57,Best Motion Picture - Musical or Comedy,Analyze This,,FALSE,,
1999,2000,57,Best Performance by an Actor in a Motion Picture - Musical or Comedy,Analyze This,Robert De Niro,FALSE,,
1999,2000,57,Best Original Score - Motion Picture,Angela's Ashes,John Williams,FALSE,,
1999,2000,57,Best Original Score - Motion Picture,Anna and the King,George Fenton,FALSE,,
1999,2000,57,Best Original Song - Motion Picture,Anna and the King,Kenneth 'Babyface' Edmonds,FALSE,"""How Can I Not Love You""",
1999,2000,57,Best Original Song - Motion Picture,Anna and the King,George Fenton,FALSE,"""How Can I Not Love You""",
1999,2000,57,Best Original Song - Motion Picture,Anna and the King,Robert Kraft,FALSE,"""How Can I Not Love You""",
1999,2000,57,"Best Performance by an Actress in a Supporting Role in a Series, Limited Series or Motion Picture Made for Television",Annie,Kathy Bates,FALSE,,
1999,2000,57,Best Performance by an Actress in a Supporting Role in any Motion Picture,Anywhere But Here,Natalie Portman,FALSE,,
1999,2000,57,Best Original Song - Motion Picture,Austin Powers: The Spy Who Shagged Me,Madonna,FALSE,"""Beautiful Stranger""",
1999,2000,57,Best Original Song - Motion Picture,Austin Powers: The Spy Who Shagged Me,William Orbit,FALSE,"""Beautiful Stranger""",
1999,2000,57,Best Motion Picture - Musical or Comedy,Being John Malkovich,,FALSE,,
1999,2000,57,Best Performance by an Actress in a Supporting Role in any Motion Picture,Being John Malkovich,Cameron Diaz,FALSE,,
1999,2000,57,Best Performance by an Actress in a Supporting Role in any Motion Picture,Being John Malkovich,Catherine Keener,FALSE,,
1999,2000,57,Best Screenplay - Motion Picture,Being John Malkovich,Charlie Kaufman,FALSE,,
1999,2000,57,Best Performance by an Actress in a Motion Picture - Drama,Boys Don't Cry,Hilary Swank,TRUE,,
1999,2000,57,Best Performance by an Actress in a Supporting Role in any Motion Picture,Boys Don't Cry,Chloë Sevigny,FALSE,,
1999,2000,57,Best Performance by an Actor in a Limited Series or a Motion Picture Made for Television,Dash and Lilly,Sam Shepard,FALSE,,
1999,2000,57,Best Performance by an Actress in a Limited Series or a Motion Picture Made for Television,Dash and Lilly,Judy Davis,FALSE,,
1999,2000,57,Best Television Limited Series or Motion Picture Made for Television,Dash and Lilly,,FALSE,,
1999,2000,57,Best Performance by an Actor in a Television Series - Musical or Comedy,Dharma & Greg,Thomas Gibson,FALSE,,
1999,2000,57,Best Performance by an Actress in a Television Series - Musical or Comedy,Dharma & Greg,Jenna Elfman,FALSE,,
1999,2000,57,Best Television Series - Musical or Comedy,Dharma & Greg,,FALSE,,
1999,2000,57,Best Motion Picture - Foreign Language,East/West,Régis Wargnier,FALSE,,France
1999,2000,57,Best Performance by an Actress in a Motion Picture - Musical or Comedy,Election,Reese Witherspoon,FALSE,,
1999,2000,57,Best Performance by an Actress In A Television Series - Drama,ER,Julianna Margulies,FALSE,,
1999,2000,57,Best Television Series - Drama,ER,,FALSE,,
1999,2000,57,Best Performance by an Actor in a Television Series - Musical or Comedy,Everybody Loves Raymond,Ray Romano,FALSE,,
1999,2000,57,Best Original Score - Motion Picture,Eyes Wide Shut,Jocelyn Pook,FALSE,,
1999,2000,57,Best Performance by an Actress in a Limited Series or a Motion Picture Made for Television,Forget Me Never,Mia Farrow,FALSE,,
1999,2000,57,Best Performance by an Actress in a Supporting Role in any Motion Picture,"Girl, Interrupted",Angelina Jolie,TRUE,,
1999,2000,57,Best Performance by an Actor in a Limited Series or a Motion Picture Made for Television,Inherit the Wind,Jack Lemmon,TRUE,,
1999,2000,57,"Best Performance by an Actor in a Supporting Role in a Series, Limited Series or Motion Picture Made for Television",Introducing Dorothy Dandridge,Klaus Maria Brandauer,FALSE,,
1999,2000,57,Best Performance by an Actress in a Limited Series or a Motion Picture Made for Television,Introducing Dorothy Dandridge,Halle Berry,TRUE,,
1999,2000,57,Best Television Limited Series or Motion Picture Made for Television,Introducing Dorothy Dandridge,,FALSE,,
1999,2000,57,"Best Performance by an Actor in a Supporting Role in a Series, Limited Series or Motion Picture Made for Television",Joan of Arc,Peter O'Toole,FALSE,,
1999,2000,57,Best Performance by an Actress in a Limited Series or a Motion Picture Made for Television,Joan of Arc,Leelee Sobieski,FALSE,,
1999,2000,57,"Best Performance by an Actress in a Supporting Role in a Series, Limited Series or Motion Picture Made for Television",Joan of Arc,Jacqueline Bisset,FALSE,,
1999,2000,57,Best Television Limited Series or Motion Picture Made for Television,Joan of Arc,,FALSE,,
1999,2000,57,Best Performance by an Actress In A Television Series - Drama,Judging Amy,Amy Brenneman,FALSE,,
1999,2000,57,"Best Performance by an Actor in a Supporting Role in a Series, Limited Series or Motion Picture Made for Television",Just Shoot Me!,David Spade,FALSE,,
1999,2000,57,Best Performance by an Actor in a Television Series - Musical or Comedy,Just Shoot Me!,George Segal,FALSE,,
1999,2000,57,Best Original Song - Motion Picture,Magnolia,Aimee Mann,FALSE,"""Save Me""",
1999,2000,57,Best Performance by an Actor in a Supporting Role in any Motion Picture,Magnolia,Tom Cruise,TRUE,,
1999,2000,57,Best Motion Picture - Musical or Comedy,Man on the Moon,,FALSE,,
1999,2000,57,Best Performance by an Actor in a Motion Picture - Musical or Comedy,Man on the Moon,Jim Carrey,TRUE,,
1999,2000,57,Best Performance by an Actress in a Motion Picture - Drama,Music of the Heart,Meryl Streep,FALSE,,
1999,2000,57,Best Motion Picture - Musical or Comedy,Notting Hill,,FALSE,,
1999,2000,57,Best Performance by an Actor in a Motion Picture - Musical or Comedy,Notting Hill,Hugh Grant,FALSE,,
1999,2000,57,Best Performance by an Actress in a Motion Picture - Musical or Comedy,Notting Hill,Julia Roberts,FALSE,,
1999,2000,57,Best Performance by an Actor In A Television Series - Drama,Once and Again,William O. Campbell,FALSE,,
1999,2000,57,Best Performance by an Actress In A Television Series - Drama,Once and Again,Sela Ward,FALSE,,
1999,2000,57,Best Television Series - Drama,Once and Again,,FALSE,,
1999,2000,57,Best Performance by an Actor in a Limited Series or a Motion Picture Made for Television,RKO 281,Liev Schreiber,FALSE,,
1999,2000,57,"Best Performance by an Actress in a Supporting Role in a Series, Limited Series or Motion Picture Made for Television",RKO 281,Melanie Griffith,FALSE,,
1999,2000,57,Best Television Limited Series or Motion Picture Made for Television,RKO 281,,TRUE,,
1999,2000,57,"Best Performance by an Actor in a Supporting Role in a Series, Limited Series or Motion Picture Made for Television",Sex and The City,Chris Noth,FALSE,,
1999,2000,57,"Best Performance by an Actress in a Supporting Role in a Series, Limited Series or Motion Picture Made for Television",Sex and The City,Cynthia Nixon,FALSE,,
1999,2000,57,"Best Performance by an Actress in a Supporting Role in a Series, Limited Series or Motion Picture Made for Television",Sex and The City,Kim Cattrall,FALSE,,
1999,2000,57,Best Performance by an Actress in a Television Series - Musical or Comedy,Sex and The City,Sarah Jessica Parker,TRUE,,
1999,2000,57,Best Television Series - Musical or Comedy,Sex and The City,,TRUE,,
1999,2000,57,Best Performance by an Actor in a Television Series - Musical or Comedy,Spin City,Michael J. Fox,TRUE,,
1999,2000,57,Best Performance by an Actress in a Television Series - Musical or Comedy,Spin City,Heather Locklear,FALSE,,
1999,2000,57,Best Television Series - Musical or Comedy,Spin City,,FALSE,,
1999,2000,57,Best Performance by an Actress in a Television Series - Musical or Comedy,Sports Night,Felicity Huffman,FALSE,,
1999,2000,57,Best Performance by an Actor in a Motion Picture - Musical or Comedy,Sweet and Lowdown,Sean Penn,FALSE,,
1999,2000,57,Best Performance by an Actress in a Supporting Role in any Motion Picture,Sweet and Lowdown,Samantha Morton,FALSE,,
1999,2000,57,Best Original Song - Motion Picture,Tarzan,Phil Collins,TRUE,"""You'll Be In My Heart""",
1999,2000,57,"Best Performance by an Actress in a Supporting Role in a Series, Limited Series or Motion Picture Made for Television",The Big Brass Ring,Miranda Richardson,FALSE,,
1999,2000,57,Best Performance by an Actor in a Supporting Role in any Motion Picture,The Cider House Rules,Michael Caine,FALSE,,
1999,2000,57,Best Screenplay - Motion Picture,The Cider House Rules,John Irving,FALSE,,
1999,2000,57,Best Director - Motion Picture,The End of the Affair,Neil Jordan,FALSE,,
1999,2000,57,Best Motion Picture - Drama,The End of the Affair,,FALSE,,
1999,2000,57,Best Original Score - Motion Picture,The End of the Affair,Michael Nyman,FALSE,,
1999,2000,57,Best Performance by an Actress in a Motion Picture - Drama,The End of the Affair,Julianne Moore,FALSE,,
1999,2000,57,Best Motion Picture - Foreign Language,The Girl on the Bridge,Patrice Leconte,FALSE,,France
1999,2000,57,Best Performance by an Actor in a Supporting Role in any Motion Picture,The Green Mile,Michael Clarke Duncan,FALSE,,
1999,2000,57,Best Director - Motion Picture,The Hurricane,Norman Jewison,FALSE,,
1999,2000,57,Best Motion Picture - Drama,The Hurricane,,FALSE,,
1999,2000,57,Best Performance by an Actor in a Motion Picture - Drama,The Hurricane,Denzel Washington,TRUE,,
1999,2000,57,Best Director - Motion Picture,The Insider,Michael Mann,FALSE,,
1999,2000,57,Best Motion Picture - Drama,The Insider,,FALSE,,
1999,2000,57,Best Original Score - Motion Picture,The Insider,Pieter Bourke,FALSE,,
1999,2000,57,Best Performance by an Actor in a Motion Picture - Drama,The Insider,Russell Crowe,FALSE,,
1999,2000,57,Best Screenplay - Motion Picture,The Insider,Michael Mann,FALSE,,
1999,2000,57,Best Original Score - Motion Picture,The Legend of 1900,Ennio Morricone,TRUE,,
1999,2000,57,Best Performance by an Actress in a Motion Picture - Musical or Comedy,The Muse,Sharon Stone,FALSE,,
1999,2000,57,"Best Performance by an Actor in a Supporting Role in a Series, Limited Series or Motion Picture Made for Television",The Passion of Ayn Rand,Peter Fonda,TRUE,,
1999,2000,57,Best Performance by an Actress in a Limited Series or a Motion Picture Made for Television,The Passion of Ayn Rand,Helen Mirren,FALSE,,
1999,2000,57,Best Performance by an Actor In A Television Series - Drama,The Practice,Dylan McDermott,FALSE,,
1999,2000,57,Best Television Series - Drama,The Practice,,FALSE,,
1999,2000,57,Best Motion Picture - Foreign Language,The Red Violin,François Girard,FALSE,,Canada
1999,2000,57,Best Performance by an Actor in a Supporting Role in any Motion Picture,The Sixth Sense,Haley Joel Osment,FALSE,,
1999,2000,57,Best Screenplay - Motion Picture,The Sixth Sense,M. Night Shyamalan,FALSE,,
1999,2000,57,Best Performance by an Actor In A Television Series - Drama,The Sopranos,James Gandolfini,TRUE,,
1999,2000,57,"Best Performance by an Actress in a Supporting Role in a Series, Limited Series or Motion Picture Made for Television",The Sopranos,Nancy Marchand,TRUE,,
1999,2000,57,Best Performance by an Actress In A Television Series - Drama,The Sopranos,Edie Falco,TRUE,,
1999,2000,57,Best Performance by an Actress In A Television Series - Drama,The Sopranos,Lorraine Bracco,FALSE,,
1999,2000,57,Best Television Series - Drama,The Sopranos,,TRUE,,
1999,2000,57,Best Original Score - Motion Picture,The Straight Story,Angelo Badalamenti,FALSE,,
1999,2000,57,Best Performance by an Actor in a Motion Picture - Drama,The Straight Story,Richard Farnsworth,FALSE,,
1999,2000,57,Best Director - Motion Picture,The Talented Mr. Ripley,Anthony Minghella,FALSE,,
1999,2000,57,Best Motion Picture - Drama,The Talented Mr. Ripley,,FALSE,,
1999,2000,57,Best Original Score - Motion Picture,The Talented Mr. Ripley,Gabriel Yared,FALSE,,
1999,2000,57,Best Performance by an Actor in a Motion Picture - Drama,The Talented Mr. Ripley,Matt Damon,FALSE,,
1999,2000,57,Best Performance by an Actor in a Supporting Role in any Motion Picture,The Talented Mr. Ripley,Jude Law,FALSE,,
1999,2000,57,Best Performance by an Actor In A Television Series - Drama,The West Wing,Martin Sheen,FALSE,,
1999,2000,57,Best Performance by an Actor In A Television Series - Drama,The West Wing,Rob Lowe,FALSE,,
1999,2000,57,Best Television Series - Drama,The West Wing,,FALSE,,
1999,2000,57,Best Motion Picture - Musical or Comedy,Toy Story 2,,TRUE,,
1999,2000,57,Best Original Song - Motion Picture,Toy Story 2,Randy Newman,FALSE,When She Loved Me,
1999,2000,57,Best Performance by an Actor in a Limited Series or a Motion Picture Made for Television,Tuesdays with Morrie,Jack Lemmon,FALSE,,
1999,2000,57,Best Performance by an Actress in a Motion Picture - Musical or Comedy,Tumbleweeds,Janet McTeer,TRUE,,
1999,2000,57,"Best Performance by an Actor in a Supporting Role in a Series, Limited Series or Motion Picture Made for Television",Will & Grace,Sean P. Hayes,FALSE,,
1999,2000,57,Best Performance by an Actor in a Television Series - Musical or Comedy,Will & Grace,Eric McCormack,FALSE,,
1999,2000,57,Best Performance by an Actress in a Television Series - Musical or Comedy,Will & Grace,Debra Messing,FALSE,,
1999,2000,57,Best Television Series - Musical or Comedy,Will & Grace,,FALSE,,
1999,2000,57,Best Performance by an Actor in a Limited Series or a Motion Picture Made for Television,Witness Protection,Tom Sizemore,FALSE,,
1999,2000,57,Best Television Limited Series or Motion Picture Made for Television,Witness Protection,,FALSE,,
1999,2000,57,Cecil B. deMille Award,,Barbra Streisand,FALSE,,
2000,2001,58,Best Original Score - Motion Picture,All The Pretty Horses,Larry Paxton,FALSE,,
2000,2001,58,"Best Performance by an Actor in a Supporting Role in a Series, Limited Series or Motion Picture Made for Television",Ally McBeal,Robert Downey Jr.,TRUE,,
2000,2001,58,Best Performance by an Actress in a Television Series - Musical or Comedy,Ally McBeal,Calista Flockhart,FALSE,,
2000,2001,58,Best Television Series - Musical or Comedy,Ally McBeal,,FALSE,,
2000,2001,58,Best Motion Picture - Musical or Comedy,Almost Famous,,TRUE,,
2000,2001,58,Best Performance by an Actress in a Supporting Role in any Motion Picture,Almost Famous,Frances McDormand,FALSE,,
2000,2001,58,Best Performance by an Actress in a Supporting Role in any Motion Picture,Almost Famous,Kate Hudson,TRUE,,
2000,2001,58,Best Screenplay - Motion Picture,Almost Famous,Cameron Crowe,FALSE,,
2000,2001,58,"Best Performance by an Actor in a Supporting Role in a Series, Limited Series or Motion Picture Made for Television",American Tragedy,Christopher Plummer,FALSE,,
2000,2001,58,Best Motion Picture - Foreign Language,Amores Perros,Alejandro González Iñárritu,FALSE,,Mexico
2000,2001,58,Best Performance by an Actress in a Limited Series or a Motion Picture Made for Television,An American Daughter,Christine Lahti,FALSE,,
2000,2001,58,Best Performance by an Actor in a Limited Series or a Motion Picture Made for Television,Arthur Miller's Death Of a Salesman,Brian Dennehy,TRUE,,
2000,2001,58,Best Performance by an Actor in a Television Series - Musical or Comedy,Becker,Ted Danson,FALSE,,
2000,2001,58,Best Performance by an Actor in a Motion Picture - Drama,Before Night Falls,Javier Bardem,FALSE,,
2000,2001,58,Best Motion Picture - Musical or Comedy,Best in Show,,FALSE,,
2000,2001,58,Best Performance by an Actress in a Television Series - Musical or Comedy,Bette,Bette Midler,FALSE,,
2000,2001,58,Best Motion Picture - Drama,Billy Elliot,,FALSE,,
2000,2001,58,Best Performance by an Actress in a Supporting Role in any Motion Picture,Billy Elliot,Julie Walters,FALSE,,
2000,2001,58,Best Performance by an Actress In A Television Series - Drama,Buffy the Vampire Slayer,Sarah Michelle Gellar,FALSE,,
2000,2001,58,Best Television Series - Drama,C. S. I.: Crime Scene Investigation,,FALSE,,
2000,2001,58,Best Performance by an Actor in a Motion Picture - Drama,Cast Away,Tom Hanks,TRUE,,
2000,2001,58,Best Motion Picture - Musical or Comedy,Chicken Run,,FALSE,,
2000,2001,58,Best Motion Picture - Musical or Comedy,Chocolat,,FALSE,,
2000,2001,58,Best Original Score - Motion Picture,Chocolat,Rachel Portman,FALSE,,
2000,2001,58,Best Performance by an Actress in a Motion Picture - Musical or Comedy,Chocolat,Juliette Binoche,FALSE,,
2000,2001,58,Best Performance by an Actress in a Supporting Role in any Motion Picture,Chocolat,Judi Dench,FALSE,,
2000,2001,58,Best Director - Motion Picture,"Crouching Tiger, Hidden Dragon",Ang Lee,TRUE,,
2000,2001,58,Best Motion Picture - Foreign Language,"Crouching Tiger, Hidden Dragon",Ang Lee,TRUE,,"Taiwan,Taiwan,Taiwan"
2000,2001,58,Best Motion Picture - Foreign Language,"Crouching Tiger, Hidden Dragon",Li-Kong Hsu,TRUE,,"Taiwan,Taiwan,Taiwan"
2000,2001,58,Best Motion Picture - Foreign Language,"Crouching Tiger, Hidden Dragon",William Kong,TRUE,,"Taiwan,Taiwan,Taiwan"
2000,2001,58,Best Original Score - Motion Picture,"Crouching Tiger, Hidden Dragon",Tan Dun,FALSE,,
2000,2001,58,Best Original Song - Motion Picture,Dancer In The Dark,Björk,FALSE,"""I've Seen It All""",
2000,2001,58,Best Original Song - Motion Picture,Dancer In The Dark,Lars Von Trier,FALSE,"""I've Seen It All""",
2000,2001,58,Best Original Song - Motion Picture,Dancer In The Dark,Sjón Sigurdsson,FALSE,"""I've Seen It All""",
2000,2001,58,Best Performance by an Actress in a Motion Picture - Drama,Dancer In The Dark,Björk,FALSE,,
2000,2001,58,Best Performance by an Actress In A Television Series - Drama,Dark Angel,Jessica Alba,FALSE,,
2000,2001,58,Best Performance by an Actor in a Limited Series or a Motion Picture Made for Television,Dirty Pictures,James Woods,FALSE,,
2000,2001,58,Best Television Limited Series or Motion Picture Made for Television,Dirty Pictures,,TRUE,,
2000,2001,58,Best Performance by an Actor in a Motion Picture - Musical or Comedy,Dr. Seuss' How The Grinch Stole Christmas!,Jim Carrey,FALSE,,
2000,2001,58,Best Television Series - Drama,ER,,FALSE,,
2000,2001,58,Best Director - Motion Picture,Erin Brockovich,Steven Soderbergh,FALSE,,
2000,2001,58,Best Motion Picture - Drama,Erin Brockovich,,FALSE,,
2000,2001,58,Best Performance by an Actor in a Supporting Role in any Motion Picture,Erin Brockovich,Albert Finney,FALSE,,
2000,2001,58,Best Performance by an Actress in a Motion Picture - Drama,Erin Brockovich,Julia Roberts,TRUE,,
2000,2001,58,Best Performance by an Actor in a Television Series - Musical or Comedy,Everybody Loves Raymond,Ray Romano,FALSE,,
2000,2001,58,Best Television Limited Series or Motion Picture Made for Television,Fail Safe,,FALSE,,
2000,2001,58,Best Performance by an Actor in a Limited Series or a Motion Picture Made for Television,For Love or Country: The Arturo Sandoval Story,Andy Garcia,FALSE,,
2000,2001,58,Best Television Limited Series or Motion Picture Made for Television,For Love or Country: The Arturo Sandoval Story,,FALSE,,
2000,2001,58,"Best Performance by an Actor in a Supporting Role in a Series, Limited Series or Motion Picture Made for Television",Frasier,David Hyde-Pierce,FALSE,,
2000,2001,58,"Best Performance by an Actor in a Supporting Role in a Series, Limited Series or Motion Picture Made for Television",Frasier,John Mahoney,FALSE,,
2000,2001,58,Best Performance by an Actor in a Television Series - Musical or Comedy,Frasier,Kelsey Grammer,TRUE,,
2000,2001,58,Best Television Series - Musical or Comedy,Frasier,,FALSE,,
2000,2001,58,Best Original Song - Motion Picture,Frequency,Garth Brooks,FALSE,"""When You Come Back To Me Again""",
2000,2001,58,Best Original Song - Motion Picture,Frequency,Jenny Yates,FALSE,"""When You Come Back To Me Again""",
2000,2001,58,Best Performance by an Actor In A Television Series - Drama,Gideon's Crossing,Andre Braugher,FALSE,,
2000,2001,58,Best Director - Motion Picture,Gladiator,Ridley Scott,FALSE,,
2000,2001,58,Best Motion Picture - Drama,Gladiator,,TRUE,,
2000,2001,58,Best Original Score - Motion Picture,Gladiator,Hans Zimmer,TRUE,,
2000,2001,58,Best Original Score - Motion Picture,Gladiator,Lisa Gerrard,TRUE,,
2000,2001,58,Best Performance by an Actor in a Motion Picture - Drama,Gladiator,Russell Crowe,FALSE,,
2000,2001,58,Best Performance by an Actor in a Supporting Role in any Motion Picture,Gladiator,Joaquin Phoenix,FALSE,,
2000,2001,58,Best Performance by an Actress in a Limited Series or a Motion Picture Made for Television,Harlan County War,Holly Hunter,FALSE,,
2000,2001,58,Best Performance by an Actor in a Motion Picture - Musical or Comedy,High Fidelity,John Cusack,FALSE,,
2000,2001,58,Best Performance by an Actress in a Limited Series or a Motion Picture Made for Television,Holiday Heart,Alfre Woodard,FALSE,,
2000,2001,58,"Best Performance by an Actress in a Supporting Role in a Series, Limited Series or Motion Picture Made for Television",If These Walls Could Talk 2,Vanessa Redgrave,TRUE,,
2000,2001,58,Best Performance by an Actress In A Television Series - Drama,Judging Amy,Amy Brenneman,FALSE,,
2000,2001,58,Best Performance by an Actress in a Limited Series or a Motion Picture Made for Television,Madame Bovary,Frances O'Connor,FALSE,,
2000,2001,58,Best Performance by an Actor in a Television Series - Musical or Comedy,Malcolm In The Middle,Frankie Muniz,FALSE,,
2000,2001,58,Best Performance by an Actress in a Television Series - Musical or Comedy,Malcolm In The Middle,Jane Kaczmarek,FALSE,,
2000,2001,58,Best Television Series - Musical or Comedy,Malcolm In The Middle,,FALSE,,
2000,2001,58,Best Motion Picture - Foreign Language,Malèna,Giuseppe Tornatore,FALSE,,Italy
2000,2001,58,Best Original Score - Motion Picture,Malèna,Ennio Morricone,FALSE,,
2000,2001,58,Best Performance by an Actor in a Motion Picture - Musical or Comedy,Meet The Parents,Robert De Niro,FALSE,,
2000,2001,58,Best Original Song - Motion Picture,Miss Congeniality,Bosson,FALSE,"""One In a Million""",
2000,2001,58,Best Performance by an Actress in a Motion Picture - Musical or Comedy,Miss Congeniality,Sandra Bullock,FALSE,,
2000,2001,58,Best Performance by an Actor in a Limited Series or a Motion Picture Made for Television,Nuremberg,Alec Baldwin,FALSE,,
2000,2001,58,Best Performance by an Actor in a Limited Series or a Motion Picture Made for Television,Nuremberg,Brian Cox,FALSE,,
2000,2001,58,Best Television Limited Series or Motion Picture Made for Television,Nuremberg,,FALSE,,
2000,2001,58,Best Performance by an Actress in a Motion Picture - Musical or Comedy,Nurse Betty,Renée Zellweger,TRUE,,
2000,2001,58,Best Motion Picture - Musical or Comedy,"O Brother, Where Art Thou?",,FALSE,,
2000,2001,58,Best Performance by an Actor in a Motion Picture - Musical or Comedy,"O Brother, Where Art Thou?",George Clooney,TRUE,,
2000,2001,58,Best Performance by an Actress in a Limited Series or a Motion Picture Made for Television,On the Beach,Rachel Ward,FALSE,,
2000,2001,58,Best Television Limited Series or Motion Picture Made for Television,On the Beach,,FALSE,,
2000,2001,58,Best Performance by an Actress In A Television Series - Drama,Once and Again,Sela Ward,TRUE,,
2000,2001,58,Best Motion Picture - Foreign Language,One Hundred Steps,Marco Tullio Giordana,FALSE,,Italy
2000,2001,58,Best Performance by an Actor in a Motion Picture - Drama,Quills,Geoffrey Rush,FALSE,,
2000,2001,58,Best Screenplay - Motion Picture,Quills,Douglas Wright,FALSE,,
2000,2001,58,Best Performance by an Actress in a Motion Picture - Drama,Requiem For a Dream,Ellen Burstyn,FALSE,,
2000,2001,58,"Best Performance by an Actress in a Supporting Role in a Series, Limited Series or Motion Picture Made for Television",Running Mates,Faye Dunaway,FALSE,,
2000,2001,58,Best Performance by an Actress in a Motion Picture - Musical or Comedy,Saving Grace,Brenda Blethyn,FALSE,,
2000,2001,58,"Best Performance by an Actress in a Supporting Role in a Series, Limited Series or Motion Picture Made for Television",Sex and The City,Cynthia Nixon,FALSE,,
2000,2001,58,"Best Performance by an Actress in a Supporting Role in a Series, Limited Series or Motion Picture Made for Television",Sex and The City,Kim Cattrall,FALSE,,
2000,2001,58,Best Performance by an Actress in a Television Series - Musical or Comedy,Sex and The City,Sarah Jessica Parker,TRUE,,
2000,2001,58,Best Television Series - Musical or Comedy,Sex and The City,,TRUE,,
2000,2001,58,Best Performance by an Actor in a Supporting Role in any Motion Picture,Shadow of the Vampire,Willem Dafoe,FALSE,,
2000,2001,58,Best Performance by an Actress in a Motion Picture - Musical or Comedy,Small Time Crooks,Tracey Ullman,FALSE,,
2000,2001,58,Best Director - Motion Picture,Sunshine,István Szabó,FALSE,,
2000,2001,58,Best Motion Picture - Drama,Sunshine,,FALSE,,
2000,2001,58,Best Original Score - Motion Picture,Sunshine,Maurice Jarre,FALSE,,
2000,2001,58,Best Performance by an Actor in a Supporting Role in any Motion Picture,The Contender,Jeff Bridges,FALSE,,
2000,2001,58,Best Performance by an Actress in a Motion Picture - Drama,The Contender,Joan Allen,FALSE,,
2000,2001,58,Best Original Song - Motion Picture,The Emperor's New Groove,Sting,FALSE,"""My Funny Friend and Me""",
2000,2001,58,Best Original Song - Motion Picture,The Emperor's New Groove,Dave Hartley,FALSE,"""My Funny Friend and Me""",
2000,2001,58,Best Performance by an Actress in a Limited Series or a Motion Picture Made for Television,The Last of the Blonde Bombshells,Judi Dench,TRUE,,
2000,2001,58,Best Performance by an Actor In A Television Series - Drama,The Practice,Dylan McDermott,FALSE,,
2000,2001,58,Best Television Series - Drama,The Practice,,FALSE,,
2000,2001,58,Best Performance by an Actor In A Television Series - Drama,The Sopranos,James Gandolfini,FALSE,,
2000,2001,58,Best Performance by an Actress In A Television Series - Drama,The Sopranos,Edie Falco,FALSE,,
2000,2001,58,Best Performance by an Actress In A Television Series - Drama,The Sopranos,Lorraine Bracco,FALSE,,
2000,2001,58,Best Television Series - Drama,The Sopranos,,FALSE,,
2000,2001,58,"Best Performance by an Actor in a Supporting Role in a Series, Limited Series or Motion Picture Made for Television",The West Wing,Bradley Whitford,FALSE,,
2000,2001,58,Best Performance by an Actor In A Television Series - Drama,The West Wing,Martin Sheen,TRUE,,
2000,2001,58,Best Performance by an Actor In A Television Series - Drama,The West Wing,Rob Lowe,TRUE,,
2000,2001,58,"Best Performance by an Actress in a Supporting Role in a Series, Limited Series or Motion Picture Made for Television",The West Wing,Allison Janney,FALSE,,
2000,2001,58,Best Television Series - Drama,The West Wing,,TRUE,,
2000,2001,58,Best Motion Picture - Foreign Language,The Widow of Saint-Pierre,Patrice Leconte,FALSE,,France
2000,2001,58,Best Director - Motion Picture,Traffic,Steven Soderbergh,FALSE,,
2000,2001,58,Best Motion Picture - Drama,Traffic,,FALSE,,
2000,2001,58,Best Performance by an Actor in a Supporting Role in any Motion Picture,Traffic,Benicio del Toro,TRUE,,
2000,2001,58,Best Performance by an Actress in a Supporting Role in any Motion Picture,Traffic,Catherine Zeta-Jones,FALSE,,
2000,2001,58,Best Screenplay - Motion Picture,Traffic,Stephen Gaghan,TRUE,,
2000,2001,58,Best Performance by an Actor in a Motion Picture - Musical or Comedy,What Women Want,Mel Gibson,FALSE,,
2000,2001,58,"Best Performance by an Actor in a Supporting Role in a Series, Limited Series or Motion Picture Made for Television",Will & Grace,Sean P. Hayes,FALSE,,
2000,2001,58,Best Performance by an Actor in a Television Series - Musical or Comedy,Will & Grace,Eric McCormack,FALSE,,
2000,2001,58,"Best Performance by an Actress in a Supporting Role in a Series, Limited Series or Motion Picture Made for Television",Will & Grace,Megan Mullally,FALSE,,
2000,2001,58,Best Performance by an Actress in a Television Series - Musical or Comedy,Will & Grace,Debra Messing,FALSE,,
2000,2001,58,Best Television Series - Musical or Comedy,Will & Grace,,FALSE,,
2000,2001,58,Best Motion Picture - Drama,Wonder Boys,,FALSE,,
2000,2001,58,Best Original Song - Motion Picture,Wonder Boys,Bob Dylan,TRUE,"""Things Have Changed""",
2000,2001,58,Best Performance by an Actor in a Motion Picture - Drama,Wonder Boys,Michael Douglas,FALSE,,
2000,2001,58,Best Screenplay - Motion Picture,Wonder Boys,Steve Kloves,FALSE,,
2000,2001,58,Best Performance by an Actress in a Motion Picture - Drama,You Can Count On Me,Laura Linney,FALSE,,
2000,2001,58,Best Screenplay - Motion Picture,You Can Count On Me,Kenneth Lonergan,FALSE,,
2000,2001,58,Cecil B. deMille Award,,Al Pacino,FALSE,,
2001,2002,59,Best Performance by an Actor In A Television Series - Drama,24,Kiefer Sutherland,TRUE,,
2001,2002,59,Best Television Series - Drama,24,,FALSE,,
2001,2002,59,Best Performance by an Actor in a Limited Series or a Motion Picture Made for Television,61*,Barry Pepper,FALSE,,
2001,2002,59,Best Director - Motion Picture,A Beautiful Mind,Ron Howard,FALSE,,
2001,2002,59,Best Motion Picture - Drama,A Beautiful Mind,,TRUE,,
2001,2002,59,Best Original Score - Motion Picture,A Beautiful Mind,James Horner,FALSE,,
2001,2002,59,Best Performance by an Actor in a Motion Picture - Drama,A Beautiful Mind,Russell Crowe,TRUE,,
2001,2002,59,Best Performance by an Actress in a Supporting Role in any Motion Picture,A Beautiful Mind,Jennifer Connelly,TRUE,,
2001,2002,59,Best Screenplay - Motion Picture,A Beautiful Mind,Akiva Goldsman,TRUE,,
2001,2002,59,Best Director - Motion Picture,A. I.: Artificial Intelligence,Steven Spielberg,FALSE,,
2001,2002,59,Best Original Score - Motion Picture,A. I.: Artificial Intelligence,John Williams,FALSE,,
2001,2002,59,Best Performance by an Actor in a Supporting Role in any Motion Picture,A. I.: Artificial Intelligence,Jude Law,FALSE,,
2001,2002,59,Best Original Score - Motion Picture,Ali,Pieter Bourke,FALSE,,
2001,2002,59,Best Performance by an Actor in a Motion Picture - Drama,Ali,Will Smith,FALSE,,
2001,2002,59,Best Performance by an Actor in a Supporting Role in any Motion Picture,Ali,Jon Voight,FALSE,,
2001,2002,59,Best Performance by an Actress In A Television Series - Drama,Alias,Jennifer Garner,TRUE,,
2001,2002,59,Best Television Series - Drama,Alias,,FALSE,,
2001,2002,59,Best Performance by an Actress in a Television Series - Musical or Comedy,Ally McBeal,Calista Flockhart,FALSE,,
2001,2002,59,Best Television Series - Musical or Comedy,Ally McBeal,,FALSE,,
2001,2002,59,Best Motion Picture - Foreign Language,Amélie,Jean-Pierre Jeunet,FALSE,,France
2001,2002,59,Best Performance by an Actor in a Limited Series or a Motion Picture Made for Television,Anne Frank: The Whole Story,Ben Kingsley,FALSE,,
2001,2002,59,Best Performance by an Actress in a Limited Series or a Motion Picture Made for Television,Anne Frank: The Whole Story,Hannah Taylor Gordon,FALSE,,
2001,2002,59,Best Television Limited Series or Motion Picture Made for Television,Anne Frank: The Whole Story,,FALSE,,
2001,2002,59,Best Performance by an Actor in a Limited Series or a Motion Picture Made for Television,Band of Brothers,Damian Lewis,FALSE,,
2001,2002,59,"Best Performance by an Actor in a Supporting Role in a Series, Limited Series or Motion Picture Made for Television",Band of Brothers,Ron Livingston,FALSE,,
2001,2002,59,Best Television Limited Series or Motion Picture Made for Television,Band of Brothers,,TRUE,,
2001,2002,59,Best Performance by an Actor in a Motion Picture - Musical or Comedy,Bandits,Billy Bob Thornton,FALSE,,
2001,2002,59,Best Performance by an Actress in a Motion Picture - Musical or Comedy,Bandits,Cate Blanchett,FALSE,,
2001,2002,59,Best Motion Picture - Foreign Language,Behind The Sun,Walter Salles,FALSE,,Brazil
2001,2002,59,Best Motion Picture - Musical or Comedy,Bridget Jones's Diary,,FALSE,,
2001,2002,59,Best Performance by an Actress in a Motion Picture - Musical or Comedy,Bridget Jones's Diary,Renée Zellweger,FALSE,,
2001,2002,59,Best Performance by an Actress In A Television Series - Drama,C. S. I.: Crime Scene Investigation,Marg Helgenberger,FALSE,,
2001,2002,59,Best Television Series - Drama,C. S. I.: Crime Scene Investigation,,FALSE,,
2001,2002,59,Best Performance by an Actor in a Limited Series or a Motion Picture Made for Television,Conspiracy,Kenneth Branagh,FALSE,,
2001,2002,59,"Best Performance by an Actor in a Supporting Role in a Series, Limited Series or Motion Picture Made for Television",Conspiracy,Stanley Tucci,TRUE,,
2001,2002,59,Best Television Limited Series or Motion Picture Made for Television,Conspiracy,,FALSE,,
2001,2002,59,Best Performance by an Actor in a Television Series - Musical or Comedy,Ed,Tom Cavanagh,FALSE,,
2001,2002,59,Best Performance by an Actor in a Television Series - Musical or Comedy,Frasier,Kelsey Grammer,FALSE,,
2001,2002,59,Best Television Series - Musical or Comedy,Frasier,,FALSE,,
2001,2002,59,"Best Performance by an Actress in a Supporting Role in a Series, Limited Series or Motion Picture Made for Television",Friends,Jennifer Aniston,FALSE,,
2001,2002,59,Best Television Series - Musical or Comedy,Friends,,FALSE,,
2001,2002,59,Best Performance by an Actor in a Supporting Role in any Motion Picture,Ghost World,Steve Buscemi,FALSE,,
2001,2002,59,Best Performance by an Actress in a Motion Picture - Musical or Comedy,Ghost World,Thora Birch,FALSE,,
2001,2002,59,Best Performance by an Actress In A Television Series - Drama,Gilmore Girls,Lauren Graham,FALSE,,
2001,2002,59,Best Director - Motion Picture,Gosford Park,Robert Altman,TRUE,,
2001,2002,59,Best Motion Picture - Musical or Comedy,Gosford Park,,FALSE,,
2001,2002,59,Best Performance by an Actress in a Supporting Role in any Motion Picture,Gosford Park,Helen Mirren,FALSE,,
2001,2002,59,Best Performance by an Actress in a Supporting Role in any Motion Picture,Gosford Park,Maggie Smith,FALSE,,
2001,2002,59,Best Screenplay - Motion Picture,Gosford Park,Julian Fellowes,FALSE,,
2001,2002,59,Best Performance by an Actor in a Motion Picture - Musical or Comedy,Hedwig and the Angry Inch,John Cameron Mitchell,FALSE,,
2001,2002,59,Best Motion Picture - Drama,In the Bedroom,,FALSE,,
2001,2002,59,Best Performance by an Actress in a Motion Picture - Drama,In the Bedroom,Sissy Spacek,TRUE,,
2001,2002,59,Best Performance by an Actress in a Supporting Role in any Motion Picture,In the Bedroom,Marisa Tomei,FALSE,,
2001,2002,59,Best Performance by an Actor in a Supporting Role in any Motion Picture,Iris,Jim Broadbent,TRUE,,
2001,2002,59,Best Performance by an Actress in a Motion Picture - Drama,Iris,Judi Dench,FALSE,,
2001,2002,59,Best Performance by an Actress in a Supporting Role in any Motion Picture,Iris,Kate Winslet,FALSE,,
2001,2002,59,Best Performance by an Actor in a Limited Series or a Motion Picture Made for Television,James Dean,James Franco,TRUE,,
2001,2002,59,Best Performance by an Actress In A Television Series - Drama,Judging Amy,Amy Brenneman,FALSE,,
2001,2002,59,Best Original Song - Motion Picture,Kate & Leopold,Sting,TRUE,"""Until…""",
2001,2002,59,Best Performance by an Actor in a Motion Picture - Musical or Comedy,Kate & Leopold,Hugh Jackman,FALSE,,
2001,2002,59,Best Motion Picture - Musical or Comedy,Legally Blonde,,FALSE,,
2001,2002,59,Best Performance by an Actress in a Motion Picture - Musical or Comedy,Legally Blonde,Reese Witherspoon,FALSE,,
2001,2002,59,Best Performance by an Actor in a Supporting Role in any Motion Picture,Life as a House,Hayden Christensen,FALSE,,
2001,2002,59,Best Performance by an Actress in a Limited Series or a Motion Picture Made for Television,Life With Judy Garland: Me & My Shadows,Judy Davis,TRUE,,
2001,2002,59,"Best Performance by an Actress in a Supporting Role in a Series, Limited Series or Motion Picture Made for Television",Life With Judy Garland: Me & My Shadows,Tammy Blanchard,FALSE,,
2001,2002,59,Best Television Limited Series or Motion Picture Made for Television,Life With Judy Garland: Me & My Shadows,,FALSE,,
2001,2002,59,Best Performance by an Actor in a Television Series - Musical or Comedy,Malcolm In The Middle,Frankie Muniz,FALSE,,
2001,2002,59,Best Performance by an Actress in a Television Series - Musical or Comedy,Malcolm In The Middle,Jane Kaczmarek,FALSE,,
2001,2002,59,Best Screenplay - Motion Picture,Memento,Christopher Nolan,FALSE,,
2001,2002,59,Best Motion Picture - Foreign Language,Monsoon Wedding,Mira Nair,FALSE,,India
2001,2002,59,Best Performance by an Actress in a Motion Picture - Drama,Monster's Ball,Halle Berry,FALSE,,
2001,2002,59,Best Director - Motion Picture,Moulin Rouge!,Baz Luhrmann,FALSE,,
2001,2002,59,Best Motion Picture - Musical or Comedy,Moulin Rouge!,,TRUE,,
2001,2002,59,Best Original Score - Motion Picture,Moulin Rouge!,Craig Armstrong,TRUE,,
2001,2002,59,Best Original Song - Motion Picture,Moulin Rouge!,David Baerwald,FALSE,Come What May,
2001,2002,59,Best Performance by an Actor in a Motion Picture - Musical or Comedy,Moulin Rouge!,Ewan McGregor,FALSE,,
2001,2002,59,Best Performance by an Actress in a Motion Picture - Musical or Comedy,Moulin Rouge!,Nicole Kidman,TRUE,,
2001,2002,59,Best Director - Motion Picture,Mulholland Dr.,David Lynch,FALSE,,
2001,2002,59,Best Motion Picture - Drama,Mulholland Dr.,,FALSE,,
2001,2002,59,Best Original Score - Motion Picture,Mulholland Dr.,Angelo Badalamenti,FALSE,,
2001,2002,59,Best Screenplay - Motion Picture,Mulholland Dr.,David Lynch,FALSE,,
2001,2002,59,Best Motion Picture - Foreign Language,No Man's Land,Danis Tanovic,TRUE,,Bosnia & Herzegovina
2001,2002,59,Best Performance by an Actress in a Limited Series or a Motion Picture Made for Television,No Ordinary Baby,Bridget Fonda,FALSE,,
2001,2002,59,Best Performance by an Actress In A Television Series - Drama,Once and Again,Sela Ward,FALSE,,
2001,2002,59,Best Original Score - Motion Picture,Pearl Harbor,Hans Zimmer,FALSE,,
2001,2002,59,Best Original Song - Motion Picture,Pearl Harbor,Diane Warren,FALSE,"""There You'll Be""",
2001,2002,59,"Best Performance by an Actor in a Supporting Role in a Series, Limited Series or Motion Picture Made for Television",Sex and The City,John Corbett,FALSE,,
2001,2002,59,Best Performance by an Actress in a Television Series - Musical or Comedy,Sex and The City,Sarah Jessica Parker,TRUE,,
2001,2002,59,Best Television Series - Musical or Comedy,Sex and The City,,TRUE,,
2001,2002,59,Best Performance by an Actor in a Supporting Role in any Motion Picture,Sexy Beast,Ben Kingsley,FALSE,,
2001,2002,59,Best Motion Picture - Musical or Comedy,Shrek,,FALSE,,
2001,2002,59,Best Performance by an Actor In A Television Series - Drama,Six Feet Under,Peter Krause,FALSE,,
2001,2002,59,"Best Performance by an Actress in a Supporting Role in a Series, Limited Series or Motion Picture Made for Television",Six Feet Under,Rachel Griffiths,TRUE,,
2001,2002,59,Best Television Series - Drama,Six Feet Under,,TRUE,,
2001,2002,59,Best Performance by an Actor in a Television Series - Musical or Comedy,Spin City,Charlie Sheen,TRUE,,
2001,2002,59,Best Performance by an Actress in a Television Series - Musical or Comedy,Spin City,Heather Locklear,FALSE,,
2001,2002,59,Best Performance by an Actor In A Television Series - Drama,The Guardian,Simon Baker,FALSE,,
2001,2002,59,Best Director - Motion Picture,The Lord of the Rings: The Fellowship of the Ring,Peter Jackson,FALSE,,
2001,2002,59,Best Motion Picture - Drama,The Lord of the Rings: The Fellowship of the Ring,,FALSE,,
2001,2002,59,Best Original Score - Motion Picture,The Lord of the Rings: The Fellowship of the Ring,Howard Shore,FALSE,,
2001,2002,59,Best Original Song - Motion Picture,The Lord of the Rings: The Fellowship of the Ring,Enya,FALSE,"""May It Be""",
2001,2002,59,Best Motion Picture - Drama,The Man Who Wasn't There,,FALSE,,
2001,2002,59,Best Performance by an Actor in a Motion Picture - Drama,The Man Who Wasn't There,Billy Bob Thornton,FALSE,,
2001,2002,59,Best Screenplay - Motion Picture,The Man Who Wasn't There,Ethan Coen,FALSE,,
2001,2002,59,Best Performance by an Actress in a Limited Series or a Motion Picture Made for Television,The Mists of Avalon,Julianna Margulies,FALSE,,
2001,2002,59,Best Performance by an Actress in a Motion Picture - Drama,The Others,Nicole Kidman,FALSE,,
2001,2002,59,Best Performance by an Actor in a Motion Picture - Musical or Comedy,The Royal Tenenbaums,Gene Hackman,TRUE,,
2001,2002,59,Best Original Score - Motion Picture,The Shipping News,Christopher Young,FALSE,,
2001,2002,59,Best Performance by an Actor in a Motion Picture - Drama,The Shipping News,Kevin Spacey,FALSE,,
2001,2002,59,Best Performance by an Actor In A Television Series - Drama,The Sopranos,James Gandolfini,FALSE,,
2001,2002,59,Best Performance by an Actress In A Television Series - Drama,The Sopranos,Edie Falco,FALSE,,
2001,2002,59,Best Performance by an Actress In A Television Series - Drama,The Sopranos,Lorraine Bracco,FALSE,,
2001,2002,59,Best Television Series - Drama,The Sopranos,,FALSE,,
2001,2002,59,"Best Performance by an Actor in a Supporting Role in a Series, Limited Series or Motion Picture Made for Television",The West Wing,Bradley Whitford,FALSE,,
2001,2002,59,Best Performance by an Actor In A Television Series - Drama,The West Wing,Martin Sheen,FALSE,,
2001,2002,59,"Best Performance by an Actress in a Supporting Role in a Series, Limited Series or Motion Picture Made for Television",The West Wing,Allison Janney,FALSE,,
2001,2002,59,Best Television Series - Drama,The West Wing,,FALSE,,
2001,2002,59,Best Performance by an Actor in a Motion Picture - Drama,Training Day,Denzel Washington,FALSE,,
2001,2002,59,Best Performance by an Actress in a Limited Series or a Motion Picture Made for Television,Uprising,Leelee Sobieski,FALSE,,
2001,2002,59,Best Original Song - Motion Picture,Vanilla Sky,Paul McCartney,FALSE,"""Vanilla Sky""",
2001,2002,59,Best Performance by an Actress in a Supporting Role in any Motion Picture,Vanilla Sky,Cameron Diaz,FALSE,,
2001,2002,59,"Best Performance by an Actor in a Supporting Role in a Series, Limited Series or Motion Picture Made for Television",Will & Grace,Sean P. Hayes,FALSE,,
2001,2002,59,Best Performance by an Actor in a Television Series - Musical or Comedy,Will & Grace,Eric McCormack,FALSE,,
2001,2002,59,"Best Performance by an Actress in a Supporting Role in a Series, Limited Series or Motion Picture Made for Television",Will & Grace,Megan Mullally,FALSE,,
2001,2002,59,Best Performance by an Actress in a Television Series - Musical or Comedy,Will & Grace,Debra Messing,FALSE,,
2001,2002,59,Best Television Series - Musical or Comedy,Will & Grace,,FALSE,,
2001,2002,59,Best Performance by an Actress in a Limited Series or a Motion Picture Made for Television,Wit,Emma Thompson,FALSE,,
2001,2002,59,Best Television Limited Series or Motion Picture Made for Television,Wit,,FALSE,,
2001,2002,59,Best Motion Picture - Foreign Language,Y Tu Mamá También,Alfonso Cuarón,FALSE,,Mexico
2001,2002,59,Best Performance by an Actress in a Motion Picture - Drama,,Deep End,FALSE,,
2001,2002,59,Best Performance by an Actress in a Motion Picture - Drama,,The,FALSE,,
2001,2002,59,Cecil B. deMille Award,,Harrison Ford,FALSE,,
2002,2003,60,"Best Performance by an Actor in a Supporting Role in a Series, Limited Series or Motion Picture Made for Television",24,Dennis Haysbert,FALSE,,
2002,2003,60,Best Performance by an Actor In A Television Series - Drama,24,Kiefer Sutherland,FALSE,,
2002,2003,60,Best Television Series - Drama,24,,FALSE,,
2002,2003,60,Best Original Score - Motion Picture,25th Hour,Terence Blanchard,FALSE,,
2002,2003,60,Best Original Song - Motion Picture,8 Mile,Eminem,FALSE,"""Lose Yourself""",
2002,2003,60,Best Original Song - Motion Picture,8 Mile,Jeffrey Bass,FALSE,"""Lose Yourself""",
2002,2003,60,Best Original Song - Motion Picture,8 Mile,Luis Resto,FALSE,"""Lose Yourself""",
2002,2003,60,Best Motion Picture - Musical or Comedy,About a Boy,,FALSE,,
2002,2003,60,Best Performance by an Actor in a Motion Picture - Musical or Comedy,About a Boy,Hugh Grant,FALSE,,
2002,2003,60,Best Director - Motion Picture,About Schmidt,Alexander Payne,FALSE,,
2002,2003,60,Best Motion Picture - Drama,About Schmidt,,FALSE,,
2002,2003,60,Best Performance by an Actor in a Motion Picture - Drama,About Schmidt,Jack Nicholson,TRUE,,
2002,2003,60,Best Performance by an Actress in a Supporting Role in any Motion Picture,About Schmidt,Kathy Bates,FALSE,,
2002,2003,60,Best Screenplay - Motion Picture,About Schmidt,Alexander Payne,TRUE,,
2002,2003,60,Best Screenplay - Motion Picture,About Schmidt,Jim Taylor,TRUE,,
2002,2003,60,Best Director - Motion Picture,Adaptation,Spike Jonze,FALSE,,
2002,2003,60,Best Motion Picture - Musical or Comedy,Adaptation,,FALSE,,
2002,2003,60,Best Performance by an Actor in a Motion Picture - Musical or Comedy,Adaptation,Nicolas Cage,FALSE,,
2002,2003,60,Best Performance by an Actor in a Supporting Role in any Motion Picture,Adaptation,Chris Cooper,TRUE,,
2002,2003,60,Best Performance by an Actress in a Supporting Role in any Motion Picture,Adaptation,Meryl Streep,TRUE,,
2002,2003,60,Best Screenplay - Motion Picture,Adaptation,Charlie Kaufman,FALSE,,
2002,2003,60,Best Performance by an Actress In A Television Series - Drama,Alias,Jennifer Garner,FALSE,,
2002,2003,60,Best Motion Picture - Foreign Language,Balzac and The Little Chinese Seamstress,Sijie Dai,FALSE,,France
2002,2003,60,Best Performance by an Actress In A Television Series - Drama,C. S. I.: Crime Scene Investigation,Marg Helgenberger,FALSE,,
2002,2003,60,Best Performance by an Actor in a Motion Picture - Drama,Catch Me If You Can,Leonardo DiCaprio,FALSE,,
2002,2003,60,Best Director - Motion Picture,Chicago,Rob Marshall,FALSE,,
2002,2003,60,Best Motion Picture - Musical or Comedy,Chicago,,TRUE,,
2002,2003,60,Best Performance by an Actor in a Motion Picture - Musical or Comedy,Chicago,Richard Gere,TRUE,,
2002,2003,60,Best Performance by an Actor in a Supporting Role in any Motion Picture,Chicago,John C. Reilly,FALSE,,
2002,2003,60,Best Performance by an Actress in a Motion Picture - Musical or Comedy,Chicago,Catherine Zeta-Jones,FALSE,,
2002,2003,60,Best Performance by an Actress in a Motion Picture - Musical or Comedy,Chicago,Renée Zellweger,TRUE,,
2002,2003,60,Best Performance by an Actress in a Supporting Role in any Motion Picture,Chicago,Queen Latifah,FALSE,,
2002,2003,60,Best Screenplay - Motion Picture,Chicago,Bill Condon,FALSE,,
2002,2003,60,Best Motion Picture - Foreign Language,City of God,Fernando Meirelles,FALSE,,"Brazil,Brazil"
2002,2003,60,Best Motion Picture - Foreign Language,City of God,Kátia Lund,FALSE,,"Brazil,Brazil"
2002,2003,60,Best Performance by an Actor in a Television Series - Musical or Comedy,Curb Your Enthusiasm,Larry David,FALSE,,
2002,2003,60,Best Television Series - Musical or Comedy,Curb Your Enthusiasm,,TRUE,,
2002,2003,60,Best Original Song - Motion Picture,Die Another Day,Madonna,FALSE,"""Die Another Day""",
2002,2003,60,Best Original Song - Motion Picture,Die Another Day,Mirwais Ahmadzaï,FALSE,"""Die Another Day""",
2002,2003,60,Best Performance by an Actor in a Limited Series or a Motion Picture Made for Television,Door To Door,William H. Macy,FALSE,,
2002,2003,60,Best Performance by an Actress in a Limited Series or a Motion Picture Made for Television,Door To Door,Helen Mirren,FALSE,,
2002,2003,60,Best Original Score - Motion Picture,Far From Heaven,Elmer Bernstein,FALSE,,
2002,2003,60,Best Performance by an Actor in a Supporting Role in any Motion Picture,Far From Heaven,Dennis Quaid,FALSE,,
2002,2003,60,Best Performance by an Actress in a Motion Picture - Drama,Far From Heaven,Julianne Moore,FALSE,,
2002,2003,60,Best Screenplay - Motion Picture,Far From Heaven,Todd Haynes,FALSE,,
2002,2003,60,Best Original Score - Motion Picture,Frida,Elliot Goldenthal,TRUE,,
2002,2003,60,Best Performance by an Actress in a Motion Picture - Drama,Frida,Salma Hayek,FALSE,,
2002,2003,60,Best Performance by an Actor in a Television Series - Musical or Comedy,Friends,Matt LeBlanc,FALSE,,
2002,2003,60,Best Performance by an Actress in a Television Series - Musical or Comedy,Friends,Jennifer Aniston,TRUE,,
2002,2003,60,Best Television Series - Musical or Comedy,Friends,,FALSE,,
2002,2003,60,Best Director - Motion Picture,Gangs of New York,Martin Scorsese,TRUE,,
2002,2003,60,Best Motion Picture - Drama,Gangs of New York,,FALSE,,
2002,2003,60,Best Original Song - Motion Picture,Gangs of New York,U2,TRUE,"""The Hands That Built America""",
2002,2003,60,Best Performance by an Actor in a Motion Picture - Drama,Gangs of New York,Daniel Day-Lewis,FALSE,,
2002,2003,60,Best Performance by an Actress in a Supporting Role in any Motion Picture,Gangs of New York,Cameron Diaz,FALSE,,
2002,2003,60,Best Performance by an Actress in a Limited Series or a Motion Picture Made for Television,Hell on Heels: The Battle of Mary Kay,Shirley MacLaine,FALSE,,
2002,2003,60,"Best Performance by an Actress in a Supporting Role in a Series, Limited Series or Motion Picture Made for Television",Hell on Heels: The Battle of Mary Kay,Parker Posey,FALSE,,
2002,2003,60,Best Motion Picture - Foreign Language,Hero,Zhang Yimou,FALSE,,China
2002,2003,60,Best Performance by an Actress in a Limited Series or a Motion Picture Made for Television,Hysterical Blindness,Uma Thurman,TRUE,,
2002,2003,60,"Best Performance by an Actress in a Supporting Role in a Series, Limited Series or Motion Picture Made for Television",Hysterical Blindness,Gena Rowlands,FALSE,,
2002,2003,60,Best Performance by an Actor in a Motion Picture - Musical or Comedy,Igby Goes Down,Kieran Culkin,FALSE,,
2002,2003,60,Best Performance by an Actress in a Supporting Role in any Motion Picture,Igby Goes Down,Susan Sarandon,FALSE,,
2002,2003,60,Best Performance by an Actress in a Television Series - Musical or Comedy,Life With Bonnie,Bonnie Hunt,FALSE,,
2002,2003,60,Best Performance by an Actor in a Limited Series or a Motion Picture Made for Television,Live from Baghdad,Michael Keaton,FALSE,,
2002,2003,60,Best Performance by an Actress in a Limited Series or a Motion Picture Made for Television,Live from Baghdad,Helena Bonham Carter,FALSE,,
2002,2003,60,Best Television Limited Series or Motion Picture Made for Television,Live from Baghdad,,FALSE,,
2002,2003,60,"Best Performance by an Actor in a Supporting Role in a Series, Limited Series or Motion Picture Made for Television",Malcolm In The Middle,Bryan Cranston,FALSE,,
2002,2003,60,Best Performance by an Actress in a Television Series - Musical or Comedy,Malcolm In The Middle,Jane Kaczmarek,FALSE,,
2002,2003,60,Best Performance by an Actor in a Television Series - Musical or Comedy,Monk,Tony Shalhoub,TRUE,,
2002,2003,60,Best Motion Picture - Musical or Comedy,My Big Fat Greek Wedding,,FALSE,,
2002,2003,60,Best Performance by an Actress in a Motion Picture - Musical or Comedy,My Big Fat Greek Wedding,Nia Vardalos,FALSE,,
2002,2003,60,Best Motion Picture - Musical or Comedy,Nicholas Nickleby,,FALSE,,
2002,2003,60,Best Motion Picture - Foreign Language,Nowhere In Africa,Caroline Link,FALSE,,Germany
2002,2003,60,Best Performance by an Actor in a Limited Series or a Motion Picture Made for Television,Path to War,Michael Gambon,FALSE,,
2002,2003,60,"Best Performance by an Actor in a Supporting Role in a Series, Limited Series or Motion Picture Made for Television",Path to War,Alec Baldwin,FALSE,,
2002,2003,60,"Best Performance by an Actor in a Supporting Role in a Series, Limited Series or Motion Picture Made for Television",Path to War,Donald Sutherland,TRUE,,
2002,2003,60,Best Television Limited Series or Motion Picture Made for Television,Path to War,,FALSE,,
2002,2003,60,Best Performance by an Actor in a Motion Picture - Musical or Comedy,Punch-Drunk Love,Adam Sandler,FALSE,,
2002,2003,60,Best Original Score - Motion Picture,Rabbit-Proof Fence,Peter Gabriel,FALSE,,
2002,2003,60,Best Performance by an Actor in a Limited Series or a Motion Picture Made for Television,Rfk,Linus Roache,FALSE,,
2002,2003,60,Best Performance by an Actor in a Supporting Role in any Motion Picture,Road to Perdition,Paul Newman,FALSE,,
2002,2003,60,Best Performance by an Actress in a Motion Picture - Musical or Comedy,Secretary,Maggie Gyllenhaal,FALSE,,
2002,2003,60,"Best Performance by an Actress in a Supporting Role in a Series, Limited Series or Motion Picture Made for Television",Sex and The City,Cynthia Nixon,FALSE,,
2002,2003,60,"Best Performance by an Actress in a Supporting Role in a Series, Limited Series or Motion Picture Made for Television",Sex and The City,Kim Cattrall,TRUE,,
2002,2003,60,Best Performance by an Actress in a Television Series - Musical or Comedy,Sex and The City,Sarah Jessica Parker,FALSE,,
2002,2003,60,Best Television Series - Musical or Comedy,Sex and The City,,FALSE,,
2002,2003,60,Best Television Limited Series or Motion Picture Made for Television,Shackleton,,FALSE,,
2002,2003,60,Best Performance by an Actor In A Television Series - Drama,Six Feet Under,Peter Krause,FALSE,,
2002,2003,60,Best Performance by an Actress In A Television Series - Drama,Six Feet Under,Rachel Griffiths,FALSE,,
2002,2003,60,Best Television Series - Drama,Six Feet Under,,FALSE,,
2002,2003,60,Best Original Song - Motion Picture,Spirit: Stallion of the Cimarron,Hans Zimmer,FALSE,"""Here I Am""",
2002,2003,60,Best Original Song - Motion Picture,Spirit: Stallion of the Cimarron,Bryan Adams,FALSE,"""Here I Am""",
2002,2003,60,Best Original Song - Motion Picture,Spirit: Stallion of the Cimarron,Gretchen Peters,FALSE,"""Here I Am""",
2002,2003,60,Best Television Limited Series or Motion Picture Made for Television,Taken,,FALSE,,
2002,2003,60,Best Motion Picture - Foreign Language,Talk To Her,Pedro Almodóvar,TRUE,,Spain
2002,2003,60,Best Performance by an Actress in a Motion Picture - Musical or Comedy,The Banger Sisters,Goldie Hawn,FALSE,,
2002,2003,60,Best Performance by an Actor in a Television Series - Musical or Comedy,The Bernie Mac Show,Bernie Mac,FALSE,,
2002,2003,60,Best Motion Picture - Foreign Language,The Crime of Padre Amaro,Carlos Carrera,FALSE,,Mexico
2002,2003,60,Best Performance by an Actor in a Limited Series or a Motion Picture Made for Television,The Gathering Storm,Albert Finney,TRUE,,
2002,2003,60,"Best Performance by an Actor in a Supporting Role in a Series, Limited Series or Motion Picture Made for Television",The Gathering Storm,Jim Broadbent,FALSE,,
2002,2003,60,Best Performance by an Actress in a Limited Series or a Motion Picture Made for Television,The Gathering Storm,Vanessa Redgrave,FALSE,,
2002,2003,60,Best Television Limited Series or Motion Picture Made for Television,The Gathering Storm,,TRUE,,
2002,2003,60,Best Director - Motion Picture,The Hours,Stephen Daldry,FALSE,,
2002,2003,60,Best Motion Picture - Drama,The Hours,,TRUE,,
2002,2003,60,Best Original Score - Motion Picture,The Hours,Philip Glass,FALSE,,
2002,2003,60,Best Performance by an Actor in a Supporting Role in any Motion Picture,The Hours,Ed Harris,FALSE,,
2002,2003,60,Best Performance by an Actress in a Motion Picture - Drama,The Hours,Meryl Streep,FALSE,,
2002,2003,60,Best Performance by an Actress in a Motion Picture - Drama,The Hours,Nicole Kidman,TRUE,,
2002,2003,60,Best Screenplay - Motion Picture,The Hours,David Hare,FALSE,,
2002,2003,60,Best Director - Motion Picture,The Lord of the Rings: The Two Towers,Peter Jackson,FALSE,,
2002,2003,60,Best Motion Picture - Drama,The Lord of the Rings: The Two Towers,,FALSE,,
2002,2003,60,Best Motion Picture - Drama,The Pianist,,FALSE,,
2002,2003,60,Best Performance by an Actor in a Motion Picture - Drama,The Pianist,Adrien Brody,FALSE,,
2002,2003,60,Best Performance by an Actor in a Motion Picture - Drama,The Quiet American,Michael Caine,FALSE,,
2002,2003,60,Best Performance by an Actor In A Television Series - Drama,The Shield,Michael Chiklis,TRUE,,
2002,2003,60,Best Television Series - Drama,The Shield,,TRUE,,
2002,2003,60,Best Television Series - Musical or Comedy,The Simpsons,,FALSE,,
2002,2003,60,"Best Performance by an Actor in a Supporting Role in a Series, Limited Series or Motion Picture Made for Television",The Sopranos,Michael Imperioli,FALSE,,
2002,2003,60,Best Performance by an Actor In A Television Series - Drama,The Sopranos,James Gandolfini,FALSE,,
2002,2003,60,Best Performance by an Actress In A Television Series - Drama,The Sopranos,Edie Falco,TRUE,,
2002,2003,60,Best Television Series - Drama,The Sopranos,,FALSE,,
2002,2003,60,"Best Performance by an Actor in a Supporting Role in a Series, Limited Series or Motion Picture Made for Television",The West Wing,Bradley Whitford,FALSE,,
2002,2003,60,"Best Performance by an Actor in a Supporting Role in a Series, Limited Series or Motion Picture Made for Television",The West Wing,John Spencer,FALSE,,
2002,2003,60,Best Performance by an Actor In A Television Series - Drama,The West Wing,Martin Sheen,FALSE,,
2002,2003,60,Best Performance by an Actress In A Television Series - Drama,The West Wing,Allison Janney,FALSE,,
2002,2003,60,Best Television Series - Drama,The West Wing,,FALSE,,
2002,2003,60,Best Original Song - Motion Picture,The Wild Thornberrys Movie,Paul Simon,FALSE,"""Father and Daughter""",
2002,2003,60,Best Performance by an Actress in a Motion Picture - Drama,Unfaithful,Diane Lane,FALSE,,
2002,2003,60,"Best Performance by an Actor in a Supporting Role in a Series, Limited Series or Motion Picture Made for Television",Will & Grace,Sean P. Hayes,FALSE,,
2002,2003,60,Best Performance by an Actor in a Television Series - Musical or Comedy,Will & Grace,Eric McCormack,FALSE,,
2002,2003,60,"Best Performance by an Actress in a Supporting Role in a Series, Limited Series or Motion Picture Made for Television",Will & Grace,Megan Mullally,FALSE,,
2002,2003,60,Best Performance by an Actress in a Television Series - Musical or Comedy,Will & Grace,Debra Messing,FALSE,,
2002,2003,60,Best Television Series - Musical or Comedy,Will & Grace,,FALSE,,
2002,2003,60,Cecil B. deMille Award,,Gene Hackman,FALSE,,
2003,2004,61,Best Performance by an Actor In A Television Series - Drama,24,Kiefer Sutherland,FALSE,,
2003,2004,61,Best Television Series - Drama,24,,TRUE,,
2003,2004,61,Best Performance by an Actress In A Television Series - Drama,Alias,Jennifer Garner,FALSE,,
2003,2004,61,Best Performance by an Actress in a Supporting Role in any Motion Picture,American Splendor,Hope Davis,FALSE,,
2003,2004,61,Best Performance by an Actor in a Limited Series or a Motion Picture Made for Television,And Starring Pancho Villa as Himself,Antonio Banderas,FALSE,,
2003,2004,61,Best Performance by an Actor in a Limited Series or a Motion Picture Made for Television,Angels in America,Al Pacino,TRUE,,
2003,2004,61,"Best Performance by an Actor in a Supporting Role in a Series, Limited Series or Motion Picture Made for Television",Angels in America,Ben Shenkman,FALSE,,
2003,2004,61,"Best Performance by an Actor in a Supporting Role in a Series, Limited Series or Motion Picture Made for Television",Angels in America,Jeffrey Wright,TRUE,,
2003,2004,61,"Best Performance by an Actor in a Supporting Role in a Series, Limited Series or Motion Picture Made for Television",Angels in America,Patrick Wilson,FALSE,,
2003,2004,61,Best Performance by an Actress in a Limited Series or a Motion Picture Made for Television,Angels in America,Meryl Streep,TRUE,,
2003,2004,61,"Best Performance by an Actress in a Supporting Role in a Series, Limited Series or Motion Picture Made for Television",Angels in America,Mary-Louise Parker,TRUE,,
2003,2004,61,Best Television Limited Series or Motion Picture Made for Television,Angels in America,,TRUE,,
2003,2004,61,Best Television Series - Musical or Comedy,Arrested Development,,FALSE,,
2003,2004,61,Best Performance by an Actor in a Motion Picture - Musical or Comedy,Bad Santa,Billy Bob Thornton,FALSE,,
2003,2004,61,Best Motion Picture - Musical or Comedy,Bend It Like Beckham,,FALSE,,
2003,2004,61,Best Motion Picture - Musical or Comedy,Big Fish,,FALSE,,
2003,2004,61,Best Original Score - Motion Picture,Big Fish,Danny Elfman,FALSE,,
2003,2004,61,Best Original Song - Motion Picture,Big Fish,Eddie Vedder,FALSE,Man of the Hour,
2003,2004,61,Best Performance by an Actor in a Supporting Role in any Motion Picture,Big Fish,Albert Finney,FALSE,,
2003,2004,61,Best Performance by an Actor In A Television Series - Drama,C. S. I.: Crime Scene Investigation,William L. Petersen,FALSE,,
2003,2004,61,Best Television Series - Drama,C. S. I.: Crime Scene Investigation,,FALSE,,
2003,2004,61,Best Performance by an Actress in a Motion Picture - Musical or Comedy,Calendar Girls,Helen Mirren,FALSE,,
2003,2004,61,Best Director - Motion Picture,Cold Mountain,Anthony Minghella,FALSE,,
2003,2004,61,Best Motion Picture - Drama,Cold Mountain,,FALSE,,
2003,2004,61,Best Original Score - Motion Picture,Cold Mountain,Gabriel Yared,FALSE,,
2003,2004,61,Best Original Song - Motion Picture,Cold Mountain,Sting,FALSE,"""You Will Be My Ain True Love""",
2003,2004,61,Best Performance by an Actor in a Motion Picture - Drama,Cold Mountain,Jude Law,FALSE,,
2003,2004,61,Best Performance by an Actress in a Motion Picture - Drama,Cold Mountain,Nicole Kidman,FALSE,,
2003,2004,61,Best Performance by an Actress in a Supporting Role in any Motion Picture,Cold Mountain,Renée Zellweger,TRUE,,
2003,2004,61,Best Screenplay - Motion Picture,Cold Mountain,Anthony Minghella,FALSE,,
2003,2004,61,Best Motion Picture - Musical or Comedy,Finding Nemo,,FALSE,,
2003,2004,61,Best Performance by an Actress in a Motion Picture - Musical or Comedy,Freaky Friday,Jamie Lee Curtis,FALSE,,
2003,2004,61,Best Performance by an Actor in a Television Series - Musical or Comedy,Friends,Matt LeBlanc,FALSE,,
2003,2004,61,Best Original Score - Motion Picture,Girl With a Pearl Earring,Alexandre Desplat,FALSE,,
2003,2004,61,Best Performance by an Actress in a Motion Picture - Drama,Girl With a Pearl Earring,Scarlett Johansson,FALSE,,
2003,2004,61,Best Motion Picture - Foreign Language,Good Bye Lenin!,Wolfgang Becker,FALSE,,Germany
2003,2004,61,Best Performance by an Actor in a Motion Picture - Drama,House of Sand and Fog,Ben Kingsley,FALSE,,
2003,2004,61,Best Original Song - Motion Picture,In America,Bono,FALSE,"""Time Enough For Tears""",
2003,2004,61,Best Original Song - Motion Picture,In America,Gavin Friday,FALSE,"""Time Enough For Tears""",
2003,2004,61,Best Original Song - Motion Picture,In America,Maurice Seezer,FALSE,"""Time Enough For Tears""",
2003,2004,61,Best Screenplay - Motion Picture,In America,Jim Sheridan,FALSE,,
2003,2004,61,Best Performance by an Actress In A Television Series - Drama,Joan of Arcadia,Amber Tamblyn,FALSE,,
2003,2004,61,Best Performance by an Actress in a Motion Picture - Drama,Kill Bill,Uma Thurman,FALSE,,
2003,2004,61,Best Performance by an Actress in a Television Series - Musical or Comedy,Life With Bonnie,Bonnie Hunt,FALSE,,
2003,2004,61,Best Director - Motion Picture,Lost in Translation,Sofia Coppola,FALSE,,
2003,2004,61,Best Motion Picture - Musical or Comedy,Lost in Translation,,TRUE,,
2003,2004,61,Best Performance by an Actor in a Motion Picture - Musical or Comedy,Lost in Translation,Bill Murray,TRUE,,
2003,2004,61,Best Performance by an Actress in a Motion Picture - Musical or Comedy,Lost in Translation,Scarlett Johansson,FALSE,,
2003,2004,61,Best Screenplay - Motion Picture,Lost in Translation,Sofia Coppola,TRUE,,
2003,2004,61,Best Motion Picture - Musical or Comedy,Love Actually,,FALSE,,
2003,2004,61,Best Screenplay - Motion Picture,Love Actually,Richard Curtis,FALSE,,
2003,2004,61,Best Director - Motion Picture,Master and Commander: The Far Side of the World,Peter Weir,FALSE,,
2003,2004,61,Best Motion Picture - Drama,Master and Commander: The Far Side of the World,,FALSE,,
2003,2004,61,Best Performance by an Actor in a Motion Picture - Drama,Master and Commander: The Far Side of the World,Russell Crowe,FALSE,,
2003,2004,61,Best Performance by an Actress in a Television Series - Musical or Comedy,Miss Match,Alicia Silverstone,FALSE,,
2003,2004,61,Best Original Song - Motion Picture,Mona Lisa Smile,Elton John,FALSE,The Heart of Every Girl,
2003,2004,61,Best Original Song - Motion Picture,Mona Lisa Smile,Bernie Taupin,FALSE,The Heart of Every Girl,
2003,2004,61,Best Performance by an Actor in a Television Series - Musical or Comedy,Monk,Tony Shalhoub,FALSE,,
2003,2004,61,Best Performance by an Actress in a Television Series - Musical or Comedy,Monk,Bitty Schram,FALSE,,
2003,2004,61,Best Television Series - Musical or Comedy,Monk,,FALSE,,
2003,2004,61,Best Motion Picture - Foreign Language,Monsieur Ibrahim,François Dupeyron,FALSE,,France
2003,2004,61,Best Performance by an Actress in a Motion Picture - Drama,Monster,Charlize Theron,TRUE,,
2003,2004,61,Best Performance by an Actress in a Limited Series or a Motion Picture Made for Television,My House in Umbria,Maggie Smith,FALSE,,
2003,2004,61,Best Television Limited Series or Motion Picture Made for Television,My House in Umbria,,FALSE,,
2003,2004,61,Best Director - Motion Picture,Mystic River,Clint Eastwood,FALSE,,
2003,2004,61,Best Motion Picture - Drama,Mystic River,,FALSE,,
2003,2004,61,Best Performance by an Actor in a Motion Picture - Drama,Mystic River,Sean Penn,TRUE,,
2003,2004,61,Best Performance by an Actor in a Supporting Role in any Motion Picture,Mystic River,Tim Robbins,TRUE,,
2003,2004,61,Best Screenplay - Motion Picture,Mystic River,Brian Helgeland,FALSE,,
2003,2004,61,Best Performance by an Actress In A Television Series - Drama,Nip/Tuck,Joely Richardson,FALSE,,
2003,2004,61,Best Television Series - Drama,Nip/Tuck,,FALSE,,
2003,2004,61,Best Performance by an Actor in a Limited Series or a Motion Picture Made for Television,Normal,Tom Wilkinson,FALSE,,
2003,2004,61,Best Performance by an Actress in a Limited Series or a Motion Picture Made for Television,Normal,Jessica Lange,FALSE,,
2003,2004,61,Best Television Limited Series or Motion Picture Made for Television,Normal,,FALSE,,
2003,2004,61,Best Motion Picture - Foreign Language,Osama,Siddiq Barmak,TRUE,,Afghanistan
2003,2004,61,Best Performance by an Actress in a Supporting Role in any Motion Picture,Pieces of April,Patricia Clarkson,FALSE,,
2003,2004,61,Best Performance by an Actor in a Motion Picture - Musical or Comedy,Pirates of the Caribbean: The Curse of the Black Pearl,Johnny Depp,FALSE,,
2003,2004,61,Best Performance by an Actress in a Television Series - Musical or Comedy,Reba,Reba McEntire,FALSE,,
2003,2004,61,Best Motion Picture - Drama,Seabiscuit,,FALSE,,
2003,2004,61,Best Performance by an Actor in a Supporting Role in any Motion Picture,Seabiscuit,William H. Macy,FALSE,,
2003,2004,61,"Best Performance by an Actress in a Supporting Role in a Series, Limited Series or Motion Picture Made for Television",Sex and The City,Cynthia Nixon,FALSE,,
2003,2004,61,"Best Performance by an Actress in a Supporting Role in a Series, Limited Series or Motion Picture Made for Television",Sex and The City,Kim Cattrall,FALSE,,
2003,2004,61,"Best Performance by an Actress in a Supporting Role in a Series, Limited Series or Motion Picture Made for Television",Sex and The City,Kristin Davis,FALSE,,
2003,2004,61,Best Performance by an Actress in a Television Series - Musical or Comedy,Sex and The City,Sarah Jessica Parker,TRUE,,
2003,2004,61,Best Television Series - Musical or Comedy,Sex and The City,,FALSE,,
2003,2004,61,Best Performance by an Actor in a Supporting Role in any Motion Picture,Shattered Glass,Peter Sarsgaard,FALSE,,
2003,2004,61,Best Performance by an Actress In A Television Series - Drama,Six Feet Under,Frances Conroy,TRUE,,
2003,2004,61,Best Television Series - Drama,Six Feet Under,,FALSE,,
2003,2004,61,Best Performance by an Actor in a Limited Series or a Motion Picture Made for Television,Soldier's Girl,Troy Garity,FALSE,,
2003,2004,61,"Best Performance by an Actor in a Supporting Role in a Series, Limited Series or Motion Picture Made for Television",Soldier's Girl,Lee Pace,FALSE,,
2003,2004,61,Best Television Limited Series or Motion Picture Made for Television,Soldier's Girl,,FALSE,,
2003,2004,61,Best Performance by an Actor in a Motion Picture - Musical or Comedy,Something's Gotta Give,Jack Nicholson,FALSE,,
2003,2004,61,Best Performance by an Actress in a Motion Picture - Musical or Comedy,Something's Gotta Give,Diane Keaton,TRUE,,
2003,2004,61,Best Motion Picture - Foreign Language,The Barbarian Invasions,Denys Arcand,FALSE,,Canada
2003,2004,61,Best Performance by an Actor in a Television Series - Musical or Comedy,The Bernie Mac Show,Bernie Mac,FALSE,,
2003,2004,61,Best Performance by an Actor in a Supporting Role in any Motion Picture,The Cooler,Alec Baldwin,FALSE,,
2003,2004,61,Best Performance by an Actress in a Supporting Role in any Motion Picture,The Cooler,Maria Bello,FALSE,,
2003,2004,61,Best Original Score - Motion Picture,The Last Samurai,Hans Zimmer,FALSE,,
2003,2004,61,Best Performance by an Actor in a Motion Picture - Drama,The Last Samurai,Tom Cruise,FALSE,,
2003,2004,61,Best Performance by an Actor in a Supporting Role in any Motion Picture,The Last Samurai,Ken Watanabe,FALSE,,
2003,2004,61,Best Director - Motion Picture,The Lord of the Rings: The Return of the King,Peter Jackson,TRUE,,
2003,2004,61,Best Motion Picture - Drama,The Lord of the Rings: The Return of the King,,TRUE,,
2003,2004,61,Best Original Score - Motion Picture,The Lord of the Rings: The Return of the King,Howard Shore,TRUE,,
2003,2004,61,Best Original Song - Motion Picture,The Lord of the Rings: The Return of the King,Annie Lennox,TRUE,"""Into the West""",
2003,2004,61,Best Original Song - Motion Picture,The Lord of the Rings: The Return of the King,Howard Shore,TRUE,"""Into the West""",
2003,2004,61,Best Original Song - Motion Picture,The Lord of the Rings: The Return of the King,Fran Walsh,TRUE,"""Into the West""",
2003,2004,61,Best Performance by an Actor in a Television Series - Musical or Comedy,The Office,Ricky Gervais,TRUE,,
2003,2004,61,Best Television Series - Musical or Comedy,The Office,,TRUE,,
2003,2004,61,Best Performance by an Actor in a Limited Series or a Motion Picture Made for Television,The Reagans,James Brolin,FALSE,,
2003,2004,61,Best Performance by an Actress in a Limited Series or a Motion Picture Made for Television,The Reagans,Judy Davis,FALSE,,
2003,2004,61,Best Motion Picture - Foreign Language,The Return,Andrey Zvyagintsev,FALSE,,Russia
2003,2004,61,Best Performance by an Actress in a Limited Series or a Motion Picture Made for Television,The Roman Spring Of Mrs. Stone,Helen Mirren,FALSE,,
2003,2004,61,Best Television Limited Series or Motion Picture Made for Television,The Roman Spring Of Mrs. Stone,,FALSE,,
2003,2004,61,Best Performance by an Actor in a Motion Picture - Musical or Comedy,The School of Rock,Jack Black,FALSE,,
2003,2004,61,Best Performance by an Actor In A Television Series - Drama,The Shield,Michael Chiklis,FALSE,,
2003,2004,61,Best Performance by an Actor In A Television Series - Drama,The West Wing,Martin Sheen,FALSE,,
2003,2004,61,Best Performance by an Actress In A Television Series - Drama,The West Wing,Allison Janney,FALSE,,
2003,2004,61,Best Television Series - Drama,The West Wing,,FALSE,,
2003,2004,61,Best Performance by an Actress in a Motion Picture - Drama,Thirteen,Evan Rachel Wood,FALSE,,
2003,2004,61,Best Performance by an Actress in a Supporting Role in any Motion Picture,Thirteen,Holly Hunter,FALSE,,
2003,2004,61,Best Performance by an Actress in a Motion Picture - Musical or Comedy,Under The Tuscan Sun,Diane Lane,FALSE,,
2003,2004,61,Best Performance by an Actress in a Motion Picture - Drama,Veronica Guerin,Cate Blanchett,FALSE,,
2003,2004,61,"Best Performance by an Actor in a Supporting Role in a Series, Limited Series or Motion Picture Made for Television",Will & Grace,Sean P. Hayes,FALSE,,
2003,2004,61,Best Performance by an Actor in a Television Series - Musical or Comedy,Will & Grace,Eric McCormack,FALSE,,
2003,2004,61,"Best Performance by an Actress in a Supporting Role in a Series, Limited Series or Motion Picture Made for Television",Will & Grace,Megan Mullally,FALSE,,
2003,2004,61,Best Performance by an Actress in a Television Series - Musical or Comedy,Will & Grace,Debra Messing,FALSE,,
2003,2004,61,Best Television Series - Musical or Comedy,Will & Grace,,FALSE,,
2003,2004,61,Best Performance by an Actor In A Television Series - Drama,Without a Trace,Anthony LaPaglia,TRUE,,
2003,2004,61,Cecil B. deMille Award,,Michael Douglas,FALSE,,
2004,2005,62,Best Television Series - Drama,24,,FALSE,,
2004,2005,62,Best Performance by an Actress in a Motion Picture - Drama,A Love Song For Bobby Long,Scarlett Johansson,FALSE,,
2004,2005,62,Best Motion Picture - Foreign Language,A Very Long Engagement,Jean-Pierre Jeunet,FALSE,,France
2004,2005,62,Best Original Song - Motion Picture,Alfie,Dave Stewart,TRUE,"""Old Habits Die Hard""",
2004,2005,62,Best Original Song - Motion Picture,Alfie,Mick Jagger,TRUE,"""Old Habits Die Hard""",
2004,2005,62,Best Performance by an Actress In A Television Series - Drama,Alias,Jennifer Garner,FALSE,,
2004,2005,62,Best Television Limited Series or Motion Picture Made for Television,American Family: Journey of Dreams,,FALSE,,
2004,2005,62,Best Performance by an Actor in a Television Series - Musical or Comedy,Arrested Development,Jason Bateman,TRUE,,
2004,2005,62,Best Television Series - Musical or Comedy,Arrested Development,,FALSE,,
2004,2005,62,Best Performance by an Actress in a Limited Series or a Motion Picture Made for Television,Back When We Were Grown Ups,Blythe Danner,FALSE,,
2004,2005,62,Best Performance by an Actress in a Motion Picture - Musical or Comedy,Being Julia,Annette Bening,TRUE,,
2004,2005,62,Best Performance by an Actor in a Motion Picture - Musical or Comedy,Beyond the Sea,Kevin Spacey,FALSE,,
2004,2005,62,Best Performance by an Actress in a Motion Picture - Drama,Birth,Nicole Kidman,FALSE,,
2004,2005,62,"Best Performance by an Actor in a Supporting Role in a Series, Limited Series or Motion Picture Made for Television",Boston Legal,William Shatner,TRUE,,
2004,2005,62,Best Performance by an Actor In A Television Series - Drama,Boston Legal,James Spader,FALSE,,
2004,2005,62,Best Performance by an Actress in a Motion Picture - Musical or Comedy,Bridget Jones: The Edge Of Reason,Renée Zellweger,FALSE,,
2004,2005,62,Best Director - Motion Picture,Closer,Mike Nichols,FALSE,,
2004,2005,62,Best Motion Picture - Drama,Closer,,FALSE,,
2004,2005,62,Best Performance by an Actor in a Supporting Role in any Motion Picture,Closer,Clive Owen,TRUE,,
2004,2005,62,Best Performance by an Actress in a Supporting Role in any Motion Picture,Closer,Natalie Portman,TRUE,,
2004,2005,62,Best Screenplay - Motion Picture,Closer,Patrick Marber,FALSE,,
2004,2005,62,Best Performance by an Actor in a Supporting Role in any Motion Picture,Collateral,Jamie Foxx,FALSE,,
2004,2005,62,Best Performance by an Actor in a Television Series - Musical or Comedy,Curb Your Enthusiasm,Larry David,FALSE,,
2004,2005,62,Best Performance by an Actor in a Motion Picture - Musical or Comedy,De-Lovely,Kevin Kline,FALSE,,
2004,2005,62,Best Performance by an Actress in a Motion Picture - Musical or Comedy,De-Lovely,Ashley Judd,FALSE,,
2004,2005,62,Best Performance by an Actor In A Television Series - Drama,Deadwood,Ian McShane,TRUE,,
2004,2005,62,Best Television Series - Drama,Deadwood,,FALSE,,
2004,2005,62,"Best Performance by an Actress in a Supporting Role in a Series, Limited Series or Motion Picture Made for Television",Desperate Housewives,Nicollette Sheridan,FALSE,,
2004,2005,62,Best Performance by an Actress in a Television Series - Musical or Comedy,Desperate Housewives,Felicity Huffman,FALSE,,
2004,2005,62,Best Performance by an Actress in a Television Series - Musical or Comedy,Desperate Housewives,Marcia Cross,FALSE,,
2004,2005,62,Best Performance by an Actress in a Television Series - Musical or Comedy,Desperate Housewives,Teri Hatcher,TRUE,,
2004,2005,62,Best Television Series - Musical or Comedy,Desperate Housewives,,TRUE,,
2004,2005,62,"Best Performance by an Actor in a Supporting Role in a Series, Limited Series or Motion Picture Made for Television",Entourage,Jeremy Piven,FALSE,,
2004,2005,62,Best Television Series - Musical or Comedy,Entourage,,FALSE,,
2004,2005,62,Best Motion Picture - Musical or Comedy,Eternal Sunshine of The Spotless Mind,,FALSE,,
2004,2005,62,Best Performance by an Actor in a Motion Picture - Musical or Comedy,Eternal Sunshine of The Spotless Mind,Jim Carrey,FALSE,,
2004,2005,62,Best Performance by an Actress in a Motion Picture - Musical or Comedy,Eternal Sunshine of The Spotless Mind,Kate Winslet,FALSE,,
2004,2005,62,Best Screenplay - Motion Picture,Eternal Sunshine of The Spotless Mind,Charlie Kaufman,FALSE,,
2004,2005,62,Best Director - Motion Picture,Finding Neverland,Marc Forster,FALSE,,
2004,2005,62,Best Motion Picture - Drama,Finding Neverland,,FALSE,,
2004,2005,62,Best Original Score - Motion Picture,Finding Neverland,Jan A.P. Kaczmarek,FALSE,,
2004,2005,62,Best Performance by an Actor in a Motion Picture - Drama,Finding Neverland,Johnny Depp,FALSE,,
2004,2005,62,Best Screenplay - Motion Picture,Finding Neverland,David Magee,FALSE,,
2004,2005,62,Best Motion Picture - Drama,Hotel Rwanda,,FALSE,,
2004,2005,62,Best Original Song - Motion Picture,Hotel Rwanda,Wyclef Jean,FALSE,"""Million Voices""",
2004,2005,62,Best Original Song - Motion Picture,Hotel Rwanda,Jerry 'Wonder' Duplessis,FALSE,"""Million Voices""",
2004,2005,62,Best Original Song - Motion Picture,Hotel Rwanda,Andrea Guerra,FALSE,"""Million Voices""",
2004,2005,62,Best Performance by an Actor in a Motion Picture - Drama,Hotel Rwanda,Don Cheadle,FALSE,,
2004,2005,62,Best Motion Picture - Foreign Language,House of Flying Daggers,Zhang Yimou,FALSE,,China
2004,2005,62,"Best Performance by an Actor in a Supporting Role in a Series, Limited Series or Motion Picture Made for Television",Huff,Oliver Platt,FALSE,,
2004,2005,62,Best Performance by an Actress in a Limited Series or a Motion Picture Made for Television,Iron Jawed Angels,Hilary Swank,FALSE,,
2004,2005,62,"Best Performance by an Actress in a Supporting Role in a Series, Limited Series or Motion Picture Made for Television",Iron Jawed Angels,Anjelica Huston,TRUE,,
2004,2005,62,Best Television Limited Series or Motion Picture Made for Television,Iron Jawed Angels,,FALSE,,
2004,2005,62,Best Performance by an Actress In A Television Series - Drama,Jack & Bobby,Christine Lahti,FALSE,,
2004,2005,62,Best Performance by an Actor in a Television Series - Musical or Comedy,Joey,Matt LeBlanc,FALSE,,
2004,2005,62,Best Performance by an Actor in a Supporting Role in any Motion Picture,Kill Bill,David Carradine,FALSE,,
2004,2005,62,Best Performance by an Actress in a Motion Picture - Drama,Kill Bill,Uma Thurman,FALSE,,
2004,2005,62,Best Motion Picture - Drama,Kinsey,,FALSE,,
2004,2005,62,Best Performance by an Actor in a Motion Picture - Drama,Kinsey,Liam Neeson,FALSE,,
2004,2005,62,Best Performance by an Actress in a Supporting Role in any Motion Picture,Kinsey,Laura Linney,FALSE,,
2004,2005,62,Best Performance by an Actress In A Television Series - Drama,Law & Order: Special Victims Unit,Mariska Hargitay,TRUE,,
2004,2005,62,Best Television Series - Drama,Lost,,FALSE,,
2004,2005,62,Best Director - Motion Picture,Million Dollar Baby,Clint Eastwood,TRUE,,
2004,2005,62,Best Motion Picture - Drama,Million Dollar Baby,,FALSE,,
2004,2005,62,Best Original Score - Motion Picture,Million Dollar Baby,Clint Eastwood,FALSE,,
2004,2005,62,Best Performance by an Actor in a Supporting Role in any Motion Picture,Million Dollar Baby,Morgan Freeman,FALSE,,
2004,2005,62,Best Performance by an Actress in a Motion Picture - Drama,Million Dollar Baby,Hilary Swank,TRUE,,
2004,2005,62,Best Performance by an Actor in a Television Series - Musical or Comedy,Monk,Tony Shalhoub,FALSE,,
2004,2005,62,Best Performance by an Actor In A Television Series - Drama,Nip/Tuck,Julian McMahon,FALSE,,
2004,2005,62,Best Performance by an Actress In A Television Series - Drama,Nip/Tuck,Joely Richardson,FALSE,,
2004,2005,62,Best Television Series - Drama,Nip/Tuck,,TRUE,,
2004,2005,62,Best Motion Picture - Musical or Comedy,Ray,,FALSE,,
2004,2005,62,Best Performance by an Actor in a Motion Picture - Musical or Comedy,Ray,Jamie Foxx,TRUE,,
2004,2005,62,Best Performance by an Actor in a Limited Series or a Motion Picture Made for Television,Redemption: The Stan Tookie Williams Story,Jamie Foxx,FALSE,,
2004,2005,62,Best Performance by an Actor In A Television Series - Drama,Rescue Me,Denis Leary,FALSE,,
2004,2005,62,Best Performance by an Actor in a Television Series - Musical or Comedy,Scrubs,Zach Braff,FALSE,,
2004,2005,62,Best Performance by an Actress in a Television Series - Musical or Comedy,Sex and The City,Sarah Jessica Parker,FALSE,,
2004,2005,62,Best Television Series - Musical or Comedy,Sex and The City,,FALSE,,
2004,2005,62,Best Original Song - Motion Picture,Shrek 2,Adam Duritz,FALSE,"""Accidentally In Love""",
2004,2005,62,Best Original Song - Motion Picture,Shrek 2,Dan Vickery,FALSE,"""Accidentally In Love""",
2004,2005,62,Best Original Song - Motion Picture,Shrek 2,David Immerglück,FALSE,"""Accidentally In Love""",
2004,2005,62,Best Original Song - Motion Picture,Shrek 2,Matthew Malley,FALSE,"""Accidentally In Love""",
2004,2005,62,Best Original Song - Motion Picture,Shrek 2,David Bryson,FALSE,"""Accidentally In Love""",
2004,2005,62,Best Director - Motion Picture,Sideways,Alexander Payne,FALSE,,
2004,2005,62,Best Motion Picture - Musical or Comedy,Sideways,,TRUE,,
2004,2005,62,Best Original Score - Motion Picture,Sideways,Rolfe Kent,FALSE,,
2004,2005,62,Best Performance by an Actor in a Motion Picture - Musical or Comedy,Sideways,Paul Giamatti,FALSE,,
2004,2005,62,Best Performance by an Actor in a Supporting Role in any Motion Picture,Sideways,Thomas Haden Church,FALSE,,
2004,2005,62,Best Performance by an Actress in a Supporting Role in any Motion Picture,Sideways,Virginia Madsen,FALSE,,
2004,2005,62,Best Screenplay - Motion Picture,Sideways,Alexander Payne,TRUE,,
2004,2005,62,Best Screenplay - Motion Picture,Sideways,Jim Taylor,TRUE,,
2004,2005,62,Best Performance by an Actor in a Limited Series or a Motion Picture Made for Television,Something The Lord Made,Mos Def,FALSE,,
2004,2005,62,Best Television Limited Series or Motion Picture Made for Television,Something The Lord Made,,FALSE,,
2004,2005,62,Best Original Score - Motion Picture,Spanglish,Hans Zimmer,FALSE,,
2004,2005,62,Best Director - Motion Picture,The Aviator,Martin Scorsese,FALSE,,
2004,2005,62,Best Motion Picture - Drama,The Aviator,,TRUE,,
2004,2005,62,Best Original Score - Motion Picture,The Aviator,Howard Shore,TRUE,,
2004,2005,62,Best Performance by an Actor in a Motion Picture - Drama,The Aviator,Leonardo DiCaprio,TRUE,,
2004,2005,62,Best Performance by an Actress in a Supporting Role in any Motion Picture,The Aviator,Cate Blanchett,FALSE,,
2004,2005,62,Best Screenplay - Motion Picture,The Aviator,John Logan,FALSE,,
2004,2005,62,Best Motion Picture - Foreign Language,The Chorus,Christophe Barratier,FALSE,,France
2004,2005,62,Best Performance by an Actress in a Limited Series or a Motion Picture Made for Television,The Grid,Julianna Margulies,FALSE,,
2004,2005,62,Best Motion Picture - Musical or Comedy,The Incredibles,,FALSE,,
2004,2005,62,Best Performance by an Actor in a Limited Series or a Motion Picture Made for Television,The Life and Death of Peter Sellers,Geoffrey Rush,TRUE,,
2004,2005,62,"Best Performance by an Actress in a Supporting Role in a Series, Limited Series or Motion Picture Made for Television",The Life and Death of Peter Sellers,Charlize Theron,FALSE,,
2004,2005,62,"Best Performance by an Actress in a Supporting Role in a Series, Limited Series or Motion Picture Made for Television",The Life and Death of Peter Sellers,Emily Watson,FALSE,,
2004,2005,62,Best Television Limited Series or Motion Picture Made for Television,The Life and Death of Peter Sellers,,TRUE,,
2004,2005,62,Best Performance by an Actor in a Limited Series or a Motion Picture Made for Television,The Lion in Winter,Patrick Stewart,FALSE,,
2004,2005,62,Best Performance by an Actress in a Limited Series or a Motion Picture Made for Television,The Lion in Winter,Glenn Close,TRUE,,
2004,2005,62,Best Television Limited Series or Motion Picture Made for Television,The Lion in Winter,,FALSE,,
2004,2005,62,Best Performance by an Actress in a Limited Series or a Motion Picture Made for Television,The Lost Prince,Miranda Richardson,FALSE,,
2004,2005,62,Best Performance by an Actress in a Supporting Role in any Motion Picture,The Manchurian Candidate (2004),Meryl Streep,FALSE,,
2004,2005,62,Best Motion Picture - Foreign Language,The Motorcycle Diaries,Walter Salles,FALSE,,Brazil
2004,2005,62,Best Motion Picture - Musical or Comedy,The Phantom of the Opera,,FALSE,,
2004,2005,62,Best Original Song - Motion Picture,The Phantom of the Opera,Andrew Lloyd Webber,FALSE,"""Learn to Be Lonely""",
2004,2005,62,Best Original Song - Motion Picture,The Phantom of the Opera,Charles Hart,FALSE,"""Learn to Be Lonely""",
2004,2005,62,Best Performance by an Actress in a Motion Picture - Musical or Comedy,The Phantom of the Opera,Emmy Rossum,FALSE,,
2004,2005,62,Best Original Song - Motion Picture,The Polar Express,Alan Silvestri,FALSE,Believe,
2004,2005,62,Best Original Song - Motion Picture,The Polar Express,Glen Ballard,FALSE,Believe,
2004,2005,62,Best Motion Picture - Foreign Language,The Sea Inside,Alejandro Amenábar,TRUE,,Spain
2004,2005,62,Best Performance by an Actor in a Motion Picture - Drama,The Sea Inside,Javier Bardem,FALSE,,
2004,2005,62,Best Performance by an Actor In A Television Series - Drama,The Shield,Michael Chiklis,FALSE,,
2004,2005,62,"Best Performance by an Actor in a Supporting Role in a Series, Limited Series or Motion Picture Made for Television",The Sopranos,Michael Imperioli,FALSE,,
2004,2005,62,"Best Performance by an Actress in a Supporting Role in a Series, Limited Series or Motion Picture Made for Television",The Sopranos,Drea de Matteo,FALSE,,
2004,2005,62,Best Performance by an Actress In A Television Series - Drama,The Sopranos,Edie Falco,FALSE,,
2004,2005,62,Best Television Series - Drama,The Sopranos,,FALSE,,
2004,2005,62,Best Performance by an Actor in a Limited Series or a Motion Picture Made for Television,The Wool Cap,William H. Macy,FALSE,,
2004,2005,62,Best Performance by an Actor in a Television Series - Musical or Comedy,Two and a Half Men,Charlie Sheen,FALSE,,
2004,2005,62,Best Performance by an Actress in a Motion Picture - Drama,Vera Drake,Imelda Staunton,FALSE,,
2004,2005,62,"Best Performance by an Actor in a Supporting Role in a Series, Limited Series or Motion Picture Made for Television",Will & Grace,Sean P. Hayes,FALSE,,
2004,2005,62,Best Performance by an Actress in a Television Series - Musical or Comedy,Will & Grace,Debra Messing,FALSE,,
2004,2005,62,Best Television Series - Musical or Comedy,Will & Grace,,FALSE,,
2004,2005,62,Cecil B. deMille Award,,Robin Williams,FALSE,,
2005,2006,63,Best Performance by an Actor In A Television Series - Drama,24,Kiefer Sutherland,FALSE,,
2005,2006,63,Best Motion Picture - Drama,A History of Violence,,FALSE,,
2005,2006,63,Best Performance by an Actress in a Motion Picture - Drama,A History of Violence,Maria Bello,FALSE,,
2005,2006,63,"Best Performance by an Actress in a Supporting Role in a Series, Limited Series or Motion Picture Made for Television",Boston Legal,Candice Bergen,FALSE,,
2005,2006,63,Best Performance by an Actor in a Motion Picture - Musical or Comedy,Breakfast On Pluto,Cillian Murphy,FALSE,,
2005,2006,63,Best Director - Motion Picture,Brokeback Mountain,Ang Lee,TRUE,,
2005,2006,63,Best Motion Picture - Drama,Brokeback Mountain,,TRUE,,
2005,2006,63,Best Original Score - Motion Picture,Brokeback Mountain,Gustavo Santaolalla,FALSE,,
2005,2006,63,Best Original Song - Motion Picture,Brokeback Mountain,Gustavo Santaolalla,TRUE,"""A Love That Will Never Grow Old""",
2005,2006,63,Best Original Song - Motion Picture,Brokeback Mountain,Bernie Taupin,TRUE,"""A Love That Will Never Grow Old""",
2005,2006,63,Best Performance by an Actor in a Motion Picture - Drama,Brokeback Mountain,Heath Ledger,FALSE,,
2005,2006,63,Best Performance by an Actress in a Supporting Role in any Motion Picture,Brokeback Mountain,Michelle Williams,FALSE,,
2005,2006,63,Best Screenplay - Motion Picture,Brokeback Mountain,Larry McMurtry,TRUE,,
2005,2006,63,Best Screenplay - Motion Picture,Brokeback Mountain,Diana Ossana,TRUE,,
2005,2006,63,Best Performance by an Actor in a Motion Picture - Drama,Capote,Philip Seymour Hoffman,TRUE,,
2005,2006,63,Best Performance by an Actor in a Motion Picture - Musical or Comedy,Charlie and the Chocolate Factory,Johnny Depp,FALSE,,
2005,2006,63,Best Original Song - Motion Picture,Christmas In Love,Tony Renis,FALSE,"""Christmas in Love""",
2005,2006,63,Best Original Song - Motion Picture,Christmas In Love,Marva Jan Marrow,FALSE,"""Christmas in Love""",
2005,2006,63,Best Performance by an Actor in a Motion Picture - Drama,Cinderella Man,Russell Crowe,FALSE,,
2005,2006,63,Best Performance by an Actor in a Supporting Role in any Motion Picture,Cinderella Man,Paul Giamatti,FALSE,,
2005,2006,63,"Best Performance by an Actor in a Supporting Role in a Series, Limited Series or Motion Picture Made for Television",Commander in Chief,Donald Sutherland,FALSE,,
2005,2006,63,Best Performance by an Actress In A Television Series - Drama,Commander in Chief,Geena Davis,TRUE,,
2005,2006,63,Best Television Series - Drama,Commander in Chief,,FALSE,,
2005,2006,63,Best Performance by an Actor in a Supporting Role in any Motion Picture,Crash,Matt Dillon,FALSE,,
2005,2006,63,Best Screenplay - Motion Picture,Crash,Paul Haggis,FALSE,,
2005,2006,63,Best Performance by an Actor in a Television Series - Musical or Comedy,Curb Your Enthusiasm,Larry David,FALSE,,
2005,2006,63,Best Television Series - Musical or Comedy,Curb Your Enthusiasm,,FALSE,,
2005,2006,63,Best Performance by an Actress in a Television Series - Musical or Comedy,Desperate Housewives,Eva Longoria,FALSE,,
2005,2006,63,Best Performance by an Actress in a Television Series - Musical or Comedy,Desperate Housewives,Felicity Huffman,FALSE,,
2005,2006,63,Best Performance by an Actress in a Television Series - Musical or Comedy,Desperate Housewives,Marcia Cross,FALSE,,
2005,2006,63,Best Performance by an Actress in a Television Series - Musical or Comedy,Desperate Housewives,Teri Hatcher,FALSE,,
2005,2006,63,Best Television Series - Musical or Comedy,Desperate Housewives,,TRUE,,
2005,2006,63,Best Performance by an Actor in a Limited Series or a Motion Picture Made for Television,Elvis,Jonathan Rhys Meyers,TRUE,,
2005,2006,63,"Best Performance by an Actor in a Supporting Role in a Series, Limited Series or Motion Picture Made for Television",Elvis,Randy Quaid,FALSE,,
2005,2006,63,"Best Performance by an Actress in a Supporting Role in a Series, Limited Series or Motion Picture Made for Television",Elvis,Camryn Manheim,FALSE,,
2005,2006,63,Best Performance by an Actor in a Limited Series or a Motion Picture Made for Television,Empire Falls,Ed Harris,FALSE,,
2005,2006,63,"Best Performance by an Actor in a Supporting Role in a Series, Limited Series or Motion Picture Made for Television",Empire Falls,Paul Newman,TRUE,,
2005,2006,63,"Best Performance by an Actress in a Supporting Role in a Series, Limited Series or Motion Picture Made for Television",Empire Falls,Joanne Woodward,FALSE,,
2005,2006,63,Best Television Limited Series or Motion Picture Made for Television,Empire Falls,,TRUE,,
2005,2006,63,"Best Performance by an Actor in a Supporting Role in a Series, Limited Series or Motion Picture Made for Television",Entourage,Jeremy Piven,FALSE,,
2005,2006,63,Best Television Series - Musical or Comedy,Entourage,,FALSE,,
2005,2006,63,Best Television Series - Musical or Comedy,Everybody Hates Chris,,FALSE,,
2005,2006,63,Best Director - Motion Picture,"Good Night, and Good Luck",George Clooney,FALSE,,
2005,2006,63,Best Motion Picture - Drama,"Good Night, and Good Luck",,FALSE,,
2005,2006,63,Best Performance by an Actor in a Motion Picture - Drama,"Good Night, and Good Luck",David Strathairn,FALSE,,
2005,2006,63,Best Screenplay - Motion Picture,"Good Night, and Good Luck",George Clooney,FALSE,,
2005,2006,63,Best Performance by an Actor In A Television Series - Drama,Grey's Anatomy,Patrick Dempsey,FALSE,,
2005,2006,63,"Best Performance by an Actress in a Supporting Role in a Series, Limited Series or Motion Picture Made for Television",Grey's Anatomy,Sandra Oh,TRUE,,
2005,2006,63,Best Television Series - Drama,Grey's Anatomy,,FALSE,,
2005,2006,63,Best Performance by an Actor In A Television Series - Drama,House,Hugh Laurie,TRUE,,
2005,2006,63,Best Performance by an Actor in a Limited Series or a Motion Picture Made for Television,Human Trafficking,Donald Sutherland,FALSE,,
2005,2006,63,Best Performance by an Actress in a Limited Series or a Motion Picture Made for Television,Human Trafficking,Mira Sorvino,FALSE,,
2005,2006,63,Best Performance by an Actor in a Motion Picture - Drama,Hustle & Flow,Terrence Howard,FALSE,,
2005,2006,63,Best Performance by an Actress in a Supporting Role in any Motion Picture,In Her Shoes,Shirley MacLaine,FALSE,,
2005,2006,63,Best Television Limited Series or Motion Picture Made for Television,Into the West,,FALSE,,
2005,2006,63,Best Motion Picture - Foreign Language,Joyeux Noel,Christian Carion,FALSE,,France
2005,2006,63,Best Director - Motion Picture,King Kong,Peter Jackson,FALSE,,
2005,2006,63,Best Original Score - Motion Picture,King Kong,James Newton Howard,FALSE,,
2005,2006,63,Best Motion Picture - Foreign Language,Kung Fu Hustle,Stephen Chow,FALSE,,China
2005,2006,63,Best Performance by an Actress in a Limited Series or a Motion Picture Made for Television,Lackawanna Blues,S. Epatha Merkerson,TRUE,,
2005,2006,63,Best Television Limited Series or Motion Picture Made for Television,Lackawanna Blues,,FALSE,,
2005,2006,63,"Best Performance by an Actor in a Supporting Role in a Series, Limited Series or Motion Picture Made for Television",Lost,Naveen Andrews,FALSE,,
2005,2006,63,Best Performance by an Actor In A Television Series - Drama,Lost,Matthew Fox,FALSE,,
2005,2006,63,Best Television Series - Drama,Lost,,TRUE,,
2005,2006,63,Best Director - Motion Picture,Match Point,Woody Allen,FALSE,,
2005,2006,63,Best Motion Picture - Drama,Match Point,,FALSE,,
2005,2006,63,Best Performance by an Actress in a Supporting Role in any Motion Picture,Match Point,Scarlett Johansson,FALSE,,
2005,2006,63,Best Screenplay - Motion Picture,Match Point,Woody Allen,FALSE,,
2005,2006,63,Best Performance by an Actress In A Television Series - Drama,Medium,Patricia Arquette,FALSE,,
2005,2006,63,Best Original Score - Motion Picture,Memoirs of a Geisha,John Williams,TRUE,,
2005,2006,63,Best Performance by an Actress in a Motion Picture - Drama,Memoirs of a Geisha,Ziyi Zhang,FALSE,,
2005,2006,63,Best Motion Picture - Musical or Comedy,Mrs. Henderson Presents,,FALSE,,
2005,2006,63,Best Performance by an Actor in a Supporting Role in any Motion Picture,Mrs. Henderson Presents,Bob Hoskins,FALSE,,
2005,2006,63,Best Performance by an Actress in a Motion Picture - Musical or Comedy,Mrs. Henderson Presents,Judi Dench,FALSE,,
2005,2006,63,Best Director - Motion Picture,Munich,Steven Spielberg,FALSE,,
2005,2006,63,Best Screenplay - Motion Picture,Munich,Tony Kushner,FALSE,,
2005,2006,63,Best Performance by an Actor in a Television Series - Musical or Comedy,My Name Is Earl,Jason Lee,FALSE,,
2005,2006,63,Best Television Series - Musical or Comedy,My Name Is Earl,,FALSE,,
2005,2006,63,Best Performance by an Actress in a Motion Picture - Drama,North Country,Charlize Theron,FALSE,,
2005,2006,63,Best Performance by an Actress in a Supporting Role in any Motion Picture,North Country,Frances McDormand,FALSE,,
2005,2006,63,Best Motion Picture - Foreign Language,Paradise Now,Hany Abu-Assad,TRUE,,Palestine
2005,2006,63,Best Motion Picture - Musical or Comedy,Pride & Prejudice,,FALSE,,
2005,2006,63,Best Performance by an Actress in a Motion Picture - Musical or Comedy,Pride & Prejudice,Keira Knightley,FALSE,,
2005,2006,63,Best Performance by an Actor In A Television Series - Drama,Prison Break,Wentworth Miller,FALSE,,
2005,2006,63,Best Television Series - Drama,Prison Break,,FALSE,,
2005,2006,63,Best Performance by an Actress in a Motion Picture - Drama,Proof,Gwyneth Paltrow,FALSE,,
2005,2006,63,Best Performance by an Actress In A Television Series - Drama,Rome,Polly Walker,FALSE,,
2005,2006,63,Best Television Series - Drama,Rome,,FALSE,,
2005,2006,63,Best Performance by an Actor in a Television Series - Musical or Comedy,Scrubs,Zach Braff,FALSE,,
2005,2006,63,Best Television Limited Series or Motion Picture Made for Television,Sleeper Cell,,FALSE,,
2005,2006,63,Best Original Score - Motion Picture,Syriana,Alexandre Desplat,FALSE,,
2005,2006,63,Best Performance by an Actor in a Supporting Role in any Motion Picture,Syriana,George Clooney,TRUE,,
2005,2006,63,Best Original Score - Motion Picture,"The Chronicles Of Narnia: The Lion, The Witch And The Wardrobe",Harry Gregson-Williams,FALSE,,
2005,2006,63,Best Original Song - Motion Picture,"The Chronicles Of Narnia: The Lion, The Witch And The Wardrobe",Alanis Morissette,FALSE,"""Wunderkind""",
2005,2006,63,Best Performance by an Actress In A Television Series - Drama,The Closer,Kyra Sedgwick,FALSE,,
2005,2006,63,Best Director - Motion Picture,The Constant Gardener,Fernando Meirelles,FALSE,,
2005,2006,63,Best Motion Picture - Drama,The Constant Gardener,,FALSE,,
2005,2006,63,Best Performance by an Actress in a Supporting Role in any Motion Picture,The Constant Gardener,Rachel Weisz,TRUE,,
2005,2006,63,Best Performance by an Actress in a Motion Picture - Musical or Comedy,The Family Stone,Sarah Jessica Parker,FALSE,,
2005,2006,63,Best Performance by an Actor in a Limited Series or a Motion Picture Made for Television,The Girl In The Café,Bill Nighy,FALSE,,
2005,2006,63,Best Performance by an Actress in a Limited Series or a Motion Picture Made for Television,The Girl In The Café,Kelly MacDonald,FALSE,,
2005,2006,63,Best Performance by an Actor in a Motion Picture - Musical or Comedy,The Matador,Pierce Brosnan,FALSE,,
2005,2006,63,Best Performance by an Actor in a Television Series - Musical or Comedy,The Office,Steve Carell,TRUE,,
2005,2006,63,Best Motion Picture - Musical or Comedy,The Producers,,FALSE,,
2005,2006,63,Best Original Song - Motion Picture,The Producers,Mel Brooks,FALSE,"""There's Nothing Like a Show on Broadway""",
2005,2006,63,Best Performance by an Actor in a Motion Picture - Musical or Comedy,The Producers,Nathan Lane,FALSE,,
2005,2006,63,Best Performance by an Actor in a Supporting Role in any Motion Picture,The Producers,Will Ferrell,FALSE,,
2005,2006,63,Best Motion Picture - Foreign Language,The Promise,Chen Kaige,FALSE,,China
2005,2006,63,Best Performance by an Actress In A Television Series - Drama,The Shield,Glenn Close,FALSE,,
2005,2006,63,Best Motion Picture - Musical or Comedy,The Squid and the Whale,,FALSE,,
2005,2006,63,Best Performance by an Actor in a Motion Picture - Musical or Comedy,The Squid and the Whale,Jeff Daniels,FALSE,,
2005,2006,63,Best Performance by an Actress in a Motion Picture - Musical or Comedy,The Squid and the Whale,Laura Linney,FALSE,,
2005,2006,63,Best Performance by an Actress in a Limited Series or a Motion Picture Made for Television,Their Eyes Were Watching God,Halle Berry,FALSE,,
2005,2006,63,Best Original Song - Motion Picture,Transamerica,Dolly Parton,FALSE,Travelin' Thru,
2005,2006,63,Best Performance by an Actress in a Motion Picture - Drama,Transamerica,Felicity Huffman,TRUE,,
2005,2006,63,Best Motion Picture - Foreign Language,Tsotsi,Gavin Hood,FALSE,,South Africa
2005,2006,63,Best Performance by an Actor in a Television Series - Musical or Comedy,Two and a Half Men,Charlie Sheen,FALSE,,
2005,2006,63,Best Television Limited Series or Motion Picture Made for Television,Viva Blackpool,,FALSE,,
2005,2006,63,Best Motion Picture - Musical or Comedy,Walk The Line,,TRUE,,
2005,2006,63,Best Performance by an Actor in a Motion Picture - Musical or Comedy,Walk The Line,Joaquin Phoenix,TRUE,,
2005,2006,63,Best Performance by an Actress in a Motion Picture - Musical or Comedy,Walk The Line,Reese Witherspoon,TRUE,,
2005,2006,63,Best Performance by an Actor in a Limited Series or a Motion Picture Made for Television,Warm Springs,Kenneth Branagh,FALSE,,
2005,2006,63,Best Performance by an Actress in a Limited Series or a Motion Picture Made for Television,Warm Springs,Cynthia Nixon,FALSE,,
2005,2006,63,Best Television Limited Series or Motion Picture Made for Television,Warm Springs,,FALSE,,
2005,2006,63,"Best Performance by an Actress in a Supporting Role in a Series, Limited Series or Motion Picture Made for Television",Weeds,Elizabeth Perkins,FALSE,,
2005,2006,63,Best Performance by an Actress in a Television Series - Musical or Comedy,Weeds,Mary-Louise Parker,TRUE,,
2005,2006,63,Best Television Series - Musical or Comedy,Weeds,,FALSE,,
2005,2006,63,Cecil B. deMille Award,,Anthony Hopkins,FALSE,,
2006,2007,64,Best Performance by an Actor In A Television Series - Drama,24,Kiefer Sutherland,FALSE,,
2006,2007,64,Best Television Series - Drama,24,,FALSE,,
2006,2007,64,Best Performance by an Actor in a Television Series - Musical or Comedy,30 Rock,Alec Baldwin,TRUE,,
2006,2007,64,Best Motion Picture - Foreign Language,Apocalypto,Mel Gibson,FALSE,,United States
2006,2007,64,Best Director - Motion Picture,Babel,Alejandro González Iñárritu,FALSE,,
2006,2007,64,Best Motion Picture - Drama,Babel,,TRUE,,
2006,2007,64,Best Original Score - Motion Picture,Babel,Gustavo Santaolalla,FALSE,,
2006,2007,64,Best Performance by an Actor in a Supporting Role in any Motion Picture,Babel,Brad Pitt,FALSE,,
2006,2007,64,Best Performance by an Actress in a Supporting Role in any Motion Picture,Babel,Adriana Barraza,FALSE,,
2006,2007,64,Best Performance by an Actress in a Supporting Role in any Motion Picture,Babel,Rinko Kikuchi,FALSE,,
2006,2007,64,Best Screenplay - Motion Picture,Babel,Guillermo Arriaga,FALSE,,
2006,2007,64,Best Performance by an Actor In A Television Series - Drama,Big Love,Bill Paxton,FALSE,,
2006,2007,64,Best Television Series - Drama,Big Love,,FALSE,,
2006,2007,64,Best Performance by an Actress in a Limited Series or a Motion Picture Made for Television,Bleak House,Gillian Anderson,FALSE,,
2006,2007,64,Best Television Limited Series or Motion Picture Made for Television,Bleak House,,FALSE,,
2006,2007,64,Best Performance by an Actor in a Motion Picture - Drama,Blood Diamond,Leonardo DiCaprio,FALSE,,
2006,2007,64,Best Motion Picture - Drama,Bobby,,FALSE,,
2006,2007,64,Best Original Song - Motion Picture,Bobby,Bryan Adams,FALSE,"""Never Gonna Break My Faith""",
2006,2007,64,Best Original Song - Motion Picture,Bobby,Eliot Kennedy,FALSE,"""Never Gonna Break My Faith""",
2006,2007,64,Best Original Song - Motion Picture,Bobby,Andrea Remanda,FALSE,"""Never Gonna Break My Faith""",
2006,2007,64,Best Motion Picture - Musical or Comedy,Borat: Cultural Learnings Of America For Make Benefit Glorious Nation Of Kazakhstan,,FALSE,,
2006,2007,64,Best Performance by an Actor in a Motion Picture - Musical or Comedy,Borat: Cultural Learnings Of America For Make Benefit Glorious Nation Of Kazakhstan,Sacha Baron Cohen,TRUE,,
2006,2007,64,Best Performance by an Actor in a Limited Series or a Motion Picture Made for Television,Broken Trail,Robert Duvall,FALSE,,
2006,2007,64,"Best Performance by an Actor in a Supporting Role in a Series, Limited Series or Motion Picture Made for Television",Broken Trail,Thomas Haden Church,FALSE,,
2006,2007,64,Best Television Limited Series or Motion Picture Made for Television,Broken Trail,,FALSE,,
2006,2007,64,Best Motion Picture - Animated,Cars,,TRUE,,
2006,2007,64,Best Performance by an Actress in a Television Series - Musical or Comedy,Desperate Housewives,Felicity Huffman,FALSE,,
2006,2007,64,Best Performance by an Actress in a Television Series - Musical or Comedy,Desperate Housewives,Marcia Cross,FALSE,,
2006,2007,64,Best Television Series - Musical or Comedy,Desperate Housewives,,FALSE,,
2006,2007,64,Best Performance by an Actor In A Television Series - Drama,Dexter,Michael C. Hall,FALSE,,
2006,2007,64,Best Motion Picture - Musical or Comedy,Dreamgirls,,TRUE,,
2006,2007,64,Best Original Song - Motion Picture,Dreamgirls,Beyoncé,FALSE,"""Listen""",
2006,2007,64,Best Original Song - Motion Picture,Dreamgirls,Henry Krieger,FALSE,"""Listen""",
2006,2007,64,Best Original Song - Motion Picture,Dreamgirls,Anne Preven,FALSE,"""Listen""",
2006,2007,64,Best Original Song - Motion Picture,Dreamgirls,Scott Cutler,FALSE,"""Listen""",
2006,2007,64,Best Performance by an Actor in a Supporting Role in any Motion Picture,Dreamgirls,Eddie Murphy,TRUE,,
2006,2007,64,Best Performance by an Actress in a Motion Picture - Musical or Comedy,Dreamgirls,Beyoncé,FALSE,,
2006,2007,64,Best Performance by an Actress in a Supporting Role in any Motion Picture,Dreamgirls,Jennifer Hudson,TRUE,,
2006,2007,64,"Best Performance by an Actor in a Supporting Role in a Series, Limited Series or Motion Picture Made for Television",Elizabeth I,Jeremy Irons,TRUE,,
2006,2007,64,Best Performance by an Actress in a Limited Series or a Motion Picture Made for Television,Elizabeth I,Helen Mirren,TRUE,,
2006,2007,64,Best Television Limited Series or Motion Picture Made for Television,Elizabeth I,,TRUE,,
2006,2007,64,"Best Performance by an Actor in a Supporting Role in a Series, Limited Series or Motion Picture Made for Television",Entourage,Jeremy Piven,FALSE,,
2006,2007,64,Best Television Series - Musical or Comedy,Entourage,,FALSE,,
2006,2007,64,Best Director - Motion Picture,Flags of Our Fathers,Clint Eastwood,FALSE,,
2006,2007,64,Best Performance by an Actor in a Limited Series or a Motion Picture Made for Television,Gideon's Daughter,Bill Nighy,TRUE,,
2006,2007,64,"Best Performance by an Actress in a Supporting Role in a Series, Limited Series or Motion Picture Made for Television",Gideon's Daughter,Emily Blunt,TRUE,,
2006,2007,64,Best Performance by an Actor In A Television Series - Drama,Grey's Anatomy,Patrick Dempsey,FALSE,,
2006,2007,64,"Best Performance by an Actress in a Supporting Role in a Series, Limited Series or Motion Picture Made for Television",Grey's Anatomy,Katherine Heigl,FALSE,,
2006,2007,64,Best Performance by an Actress In A Television Series - Drama,Grey's Anatomy,Ellen Pompeo,FALSE,,
2006,2007,64,Best Television Series - Drama,Grey's Anatomy,,TRUE,,
2006,2007,64,Best Motion Picture - Animated,Happy Feet,,FALSE,,
2006,2007,64,Best Original Song - Motion Picture,Happy Feet,Prince,TRUE,"""The Song of the Heart""",
2006,2007,64,"Best Performance by an Actor in a Supporting Role in a Series, Limited Series or Motion Picture Made for Television",Heroes,Masi Oka,FALSE,,
2006,2007,64,Best Television Series - Drama,Heroes,,FALSE,,
2006,2007,64,Best Performance by an Actor in a Supporting Role in any Motion Picture,Hollywoodland,Ben Affleck,FALSE,,
2006,2007,64,Best Original Song - Motion Picture,Home of the Brave,Sheryl Crow,FALSE,"""Try Not To Remember""",
2006,2007,64,Best Performance by an Actor In A Television Series - Drama,House,Hugh Laurie,TRUE,,
2006,2007,64,Best Performance by an Actor in a Motion Picture - Musical or Comedy,Kinky Boots,Chiwetel Ejiofor,FALSE,,
2006,2007,64,Best Director - Motion Picture,Letters from Iwo Jima,Clint Eastwood,FALSE,,
2006,2007,64,Best Motion Picture - Foreign Language,Letters from Iwo Jima,Clint Eastwood,TRUE,,United States
2006,2007,64,Best Motion Picture - Drama,Little Children,,FALSE,,
2006,2007,64,Best Performance by an Actress in a Motion Picture - Drama,Little Children,Kate Winslet,FALSE,,
2006,2007,64,Best Screenplay - Motion Picture,Little Children,Todd Field,FALSE,,
2006,2007,64,Best Screenplay - Motion Picture,Little Children,Tom Perrotta,FALSE,,
2006,2007,64,Best Motion Picture - Musical or Comedy,Little Miss Sunshine,,FALSE,,
2006,2007,64,Best Performance by an Actress in a Motion Picture - Musical or Comedy,Little Miss Sunshine,Toni Collette,FALSE,,
2006,2007,64,Best Performance by an Actress In A Television Series - Drama,Lost,Evangeline Lilly,FALSE,,
2006,2007,64,Best Television Series - Drama,Lost,,FALSE,,
2006,2007,64,Best Performance by an Actress In A Television Series - Drama,Medium,Patricia Arquette,FALSE,,
2006,2007,64,Best Performance by an Actress in a Motion Picture - Musical or Comedy,Miss Potter,Renée Zellweger,FALSE,,
2006,2007,64,Best Performance by an Actor in a Television Series - Musical or Comedy,Monk,Tony Shalhoub,FALSE,,
2006,2007,64,Best Motion Picture - Animated,Monster House,,FALSE,,
2006,2007,64,Best Performance by an Actor in a Limited Series or a Motion Picture Made for Television,Mrs. Harris,Ben Kingsley,FALSE,,
2006,2007,64,Best Performance by an Actress in a Limited Series or a Motion Picture Made for Television,Mrs. Harris,Annette Bening,FALSE,,
2006,2007,64,Best Television Limited Series or Motion Picture Made for Television,Mrs. Harris,,FALSE,,
2006,2007,64,Best Performance by an Actor in a Television Series - Musical or Comedy,My Name Is Earl,Jason Lee,FALSE,,
2006,2007,64,Best Original Score - Motion Picture,Nomad: The Warrior,Carlo Siliotto,FALSE,,
2006,2007,64,Best Performance by an Actress in a Motion Picture - Drama,Notes On a Scandal,Judi Dench,FALSE,,
2006,2007,64,Best Performance by an Actress in a Supporting Role in any Motion Picture,Notes On a Scandal,Cate Blanchett,FALSE,,
2006,2007,64,Best Screenplay - Motion Picture,Notes On a Scandal,Patrick Marber,FALSE,,
2006,2007,64,Best Motion Picture - Foreign Language,Pan's Labyrinth,Guillermo del Toro,FALSE,,Mexico
2006,2007,64,Best Performance by an Actor in a Motion Picture - Musical or Comedy,Pirates of the Caribbean: Dead Man's Chest,Johnny Depp,FALSE,,
2006,2007,64,Best Performance by an Actress in a Limited Series or a Motion Picture Made for Television,Prime Suspect: The Final Act,Helen Mirren,FALSE,,
2006,2007,64,Best Television Limited Series or Motion Picture Made for Television,Prime Suspect: The Final Act,,FALSE,,
2006,2007,64,Best Performance by an Actress in a Motion Picture - Musical or Comedy,Running With Scissors,Annette Bening,FALSE,,
2006,2007,64,Best Performance by an Actor in a Television Series - Musical or Comedy,Scrubs,Zach Braff,FALSE,,
2006,2007,64,Best Performance by an Actress in a Motion Picture - Drama,Sherrybaby,Maggie Gyllenhaal,FALSE,,
2006,2007,64,Best Performance by an Actor in a Limited Series or a Motion Picture Made for Television,Sleeper Cell,Michael Ealy,FALSE,,
2006,2007,64,Best Performance by an Actor in a Motion Picture - Musical or Comedy,Stranger Than Fiction,Will Ferrell,FALSE,,
2006,2007,64,"Best Performance by an Actress in a Supporting Role in a Series, Limited Series or Motion Picture Made for Television",Studio 60 on the Sunset Strip,Sarah Paulson,FALSE,,
2006,2007,64,Best Motion Picture - Musical or Comedy,Thank You For Smoking,,FALSE,,
2006,2007,64,Best Performance by an Actor in a Motion Picture - Musical or Comedy,Thank You For Smoking,Aaron Eckhart,FALSE,,
2006,2007,64,Best Performance by an Actress In A Television Series - Drama,The Closer,Kyra Sedgwick,TRUE,,
2006,2007,64,Best Original Score - Motion Picture,The Da Vinci Code,Hans Zimmer,FALSE,,
2006,2007,64,Best Director - Motion Picture,The Departed,Martin Scorsese,TRUE,,
2006,2007,64,Best Motion Picture - Drama,The Departed,,FALSE,,
2006,2007,64,Best Performance by an Actor in a Motion Picture - Drama,The Departed,Leonardo DiCaprio,FALSE,,
2006,2007,64,Best Performance by an Actor in a Supporting Role in any Motion Picture,The Departed,Jack Nicholson,FALSE,,
2006,2007,64,Best Performance by an Actor in a Supporting Role in any Motion Picture,The Departed,Mark Wahlberg,FALSE,,
2006,2007,64,Best Screenplay - Motion Picture,The Departed,William Monahan,FALSE,,
2006,2007,64,Best Motion Picture - Musical or Comedy,The Devil Wears Prada,,FALSE,,
2006,2007,64,Best Performance by an Actress in a Motion Picture - Musical or Comedy,The Devil Wears Prada,Meryl Streep,TRUE,,
2006,2007,64,Best Performance by an Actress in a Supporting Role in any Motion Picture,The Devil Wears Prada,Emily Blunt,FALSE,,
2006,2007,64,Best Original Score - Motion Picture,The Fountain,Clint Mansell,FALSE,,
2006,2007,64,Best Performance by an Actor in a Motion Picture - Drama,The Last King of Scotland,Forest Whitaker,TRUE,,
2006,2007,64,Best Motion Picture - Foreign Language,The Lives Of Others,Florian Henckel von Donnersmarck,FALSE,,Germany
2006,2007,64,Best Performance by an Actress in a Television Series - Musical or Comedy,The New Adventures Of Old Christine,Julia Louis-Dreyfus,FALSE,,
2006,2007,64,Best Performance by an Actor in a Television Series - Musical or Comedy,The Office,Steve Carell,FALSE,,
2006,2007,64,Best Television Series - Musical or Comedy,The Office,,FALSE,,
2006,2007,64,Best Original Score - Motion Picture,The Painted Veil,Alexandre Desplat,TRUE,,
2006,2007,64,Best Original Song - Motion Picture,The Pursuit of Happyness,Seal,FALSE,A Father's Way,
2006,2007,64,Best Original Song - Motion Picture,The Pursuit of Happyness,Christopher Bruce,FALSE,A Father's Way,
2006,2007,64,Best Performance by an Actor in a Motion Picture - Drama,The Pursuit of Happyness,Will Smith,FALSE,,
2006,2007,64,Best Director - Motion Picture,The Queen,Stephen Frears,FALSE,,
2006,2007,64,Best Motion Picture - Drama,The Queen,,FALSE,,
2006,2007,64,Best Performance by an Actress in a Motion Picture - Drama,The Queen,Helen Mirren,TRUE,,
2006,2007,64,Best Screenplay - Motion Picture,The Queen,Peter Morgan,TRUE,,
2006,2007,64,Best Performance by an Actor in a Limited Series or a Motion Picture Made for Television,The Ron Clark Story,Matthew Perry,FALSE,,
2006,2007,64,Best Performance by an Actress In A Television Series - Drama,The Sopranos,Edie Falco,FALSE,,
2006,2007,64,Best Performance by an Actor in a Limited Series or a Motion Picture Made for Television,Thief,Andre Braugher,FALSE,,
2006,2007,64,Best Performance by an Actor in a Limited Series or a Motion Picture Made for Television,"Tsunami, The Aftermath",Chiwetel Ejiofor,FALSE,,
2006,2007,64,Best Performance by an Actress in a Limited Series or a Motion Picture Made for Television,"Tsunami, The Aftermath",Sophie Okonedo,FALSE,,
2006,2007,64,"Best Performance by an Actress in a Supporting Role in a Series, Limited Series or Motion Picture Made for Television","Tsunami, The Aftermath",Toni Collette,FALSE,,
2006,2007,64,Best Performance by an Actress in a Television Series - Musical or Comedy,Ugly Betty,America Ferrera,TRUE,,
2006,2007,64,Best Television Series - Musical or Comedy,Ugly Betty,,TRUE,,
2006,2007,64,Best Performance by an Actor in a Motion Picture - Drama,Venus,Peter O'Toole,FALSE,,
2006,2007,64,Best Motion Picture - Foreign Language,Volver,Pedro Almodóvar,FALSE,,Spain
2006,2007,64,Best Performance by an Actress in a Motion Picture - Drama,Volver,Penélope Cruz,FALSE,,
2006,2007,64,"Best Performance by an Actor in a Supporting Role in a Series, Limited Series or Motion Picture Made for Television",Weeds,Justin Kirk,FALSE,,
2006,2007,64,"Best Performance by an Actress in a Supporting Role in a Series, Limited Series or Motion Picture Made for Television",Weeds,Elizabeth Perkins,FALSE,,
2006,2007,64,Best Performance by an Actress in a Television Series - Musical or Comedy,Weeds,Mary-Louise Parker,FALSE,,
2006,2007,64,Best Television Series - Musical or Comedy,Weeds,,FALSE,,
2006,2007,64,Cecil B. deMille Award,,Warren Beatty,FALSE,,
2007,2008,65,Best Performance by an Actor in a Television Series - Musical or Comedy,30 Rock,Alec Baldwin,FALSE,,
2007,2008,65,Best Performance by an Actress in a Television Series - Musical or Comedy,30 Rock,Tina Fey,TRUE,,
2007,2008,65,Best Television Series - Musical or Comedy,30 Rock,,FALSE,,
2007,2008,65,Best Motion Picture - Foreign Language,"4 Months, 3 Weeks And 2 Days",Cristian Mungiu,FALSE,,Romania
2007,2008,65,Best Performance by an Actor in a Limited Series or a Motion Picture Made for Television,A Grandpa for Christmas,Ernest Borgnine,FALSE,,
2007,2008,65,Best Performance by an Actress in a Motion Picture - Drama,A Mighty Heart,Angelina Jolie,FALSE,,
2007,2008,65,Best Motion Picture - Musical or Comedy,Across The Universe,,FALSE,,
2007,2008,65,Best Director - Motion Picture,American Gangster,Ridley Scott,FALSE,,
2007,2008,65,Best Motion Picture - Drama,American Gangster,,FALSE,,
2007,2008,65,Best Performance by an Actor in a Motion Picture - Drama,American Gangster,Denzel Washington,FALSE,,
2007,2008,65,Best Performance by an Actress in a Limited Series or a Motion Picture Made for Television,As You Like It,Bryce Dallas Howard,FALSE,,
2007,2008,65,Best Director - Motion Picture,Atonement,Joe Wright,FALSE,,
2007,2008,65,Best Motion Picture - Drama,Atonement,,TRUE,,
2007,2008,65,Best Original Score - Motion Picture,Atonement,Dario Marianelli,TRUE,,
2007,2008,65,Best Performance by an Actor in a Motion Picture - Drama,Atonement,James McAvoy,FALSE,,
2007,2008,65,Best Performance by an Actress in a Motion Picture - Drama,Atonement,Keira Knightley,FALSE,,
2007,2008,65,Best Performance by an Actress in a Supporting Role in any Motion Picture,Atonement,Saoirse Ronan,FALSE,,
2007,2008,65,Best Screenplay - Motion Picture,Atonement,Christopher Hampton,FALSE,,
2007,2008,65,Best Performance by an Actress in a Motion Picture - Drama,Away From Her,Julie Christie,TRUE,,
2007,2008,65,Best Motion Picture - Animated,Bee Movie,,FALSE,,
2007,2008,65,Best Performance by an Actor In A Television Series - Drama,Big Love,Bill Paxton,FALSE,,
2007,2008,65,Best Television Series - Drama,Big Love,,FALSE,,
2007,2008,65,"Best Performance by an Actor in a Supporting Role in a Series, Limited Series or Motion Picture Made for Television",Boston Legal,William Shatner,FALSE,,
2007,2008,65,"Best Performance by an Actress in a Supporting Role in a Series, Limited Series or Motion Picture Made for Television",Brothers & Sisters,Rachel Griffiths,FALSE,,
2007,2008,65,Best Performance by an Actress In A Television Series - Drama,Brothers & Sisters,Sally Field,FALSE,,
2007,2008,65,Best Performance by an Actor in a Limited Series or a Motion Picture Made for Television,Bury My Heart at Wounded Knee,Adam Beach,FALSE,,
2007,2008,65,"Best Performance by an Actress in a Supporting Role in a Series, Limited Series or Motion Picture Made for Television",Bury My Heart at Wounded Knee,Anna Paquin,FALSE,,
2007,2008,65,Best Television Limited Series or Motion Picture Made for Television,Bury My Heart at Wounded Knee,,FALSE,,
2007,2008,65,Best Performance by an Actor in a Television Series - Musical or Comedy,Californication,David Duchovny,TRUE,,
2007,2008,65,Best Television Series - Musical or Comedy,Californication,,FALSE,,
2007,2008,65,Best Motion Picture - Musical or Comedy,Charlie Wilson's War,,FALSE,,
2007,2008,65,Best Performance by an Actor in a Motion Picture - Musical or Comedy,Charlie Wilson's War,Tom Hanks,FALSE,,
2007,2008,65,Best Performance by an Actor in a Supporting Role in any Motion Picture,Charlie Wilson's War,Philip Seymour Hoffman,FALSE,,
2007,2008,65,Best Performance by an Actress in a Supporting Role in any Motion Picture,Charlie Wilson's War,Julia Roberts,FALSE,,
2007,2008,65,Best Screenplay - Motion Picture,Charlie Wilson's War,Aaron Sorkin,FALSE,,
2007,2008,65,"Best Performance by an Actor in a Supporting Role in a Series, Limited Series or Motion Picture Made for Television",Damages,Ted Danson,FALSE,,
2007,2008,65,"Best Performance by an Actress in a Supporting Role in a Series, Limited Series or Motion Picture Made for Television",Damages,Rose Byrne,FALSE,,
2007,2008,65,Best Performance by an Actress In A Television Series - Drama,Damages,Glenn Close,TRUE,,
2007,2008,65,Best Television Series - Drama,Damages,,FALSE,,
2007,2008,65,Best Performance by an Actor In A Television Series - Drama,Dexter,Michael C. Hall,FALSE,,
2007,2008,65,"Best Performance by an Actor in a Supporting Role in a Series, Limited Series or Motion Picture Made for Television",Dirty Sexy Money,Donald Sutherland,FALSE,,
2007,2008,65,Best Motion Picture - Drama,Eastern Promises,,FALSE,,
2007,2008,65,Best Original Score - Motion Picture,Eastern Promises,Howard Shore,FALSE,,
2007,2008,65,Best Performance by an Actor in a Motion Picture - Drama,Eastern Promises,Viggo Mortensen,FALSE,,
2007,2008,65,Best Performance by an Actress in a Motion Picture - Drama,Elizabeth: The Golden Age,Cate Blanchett,FALSE,,
2007,2008,65,Best Original Song - Motion Picture,Enchanted,Alan Menken,FALSE,That's How You Know,
2007,2008,65,Best Original Song - Motion Picture,Enchanted,Stephen Schwartz,FALSE,That's How You Know,
2007,2008,65,Best Performance by an Actress in a Motion Picture - Musical or Comedy,Enchanted,Amy Adams,FALSE,,
2007,2008,65,"Best Performance by an Actor in a Supporting Role in a Series, Limited Series or Motion Picture Made for Television",Entourage,Jeremy Piven,TRUE,,
2007,2008,65,"Best Performance by an Actor in a Supporting Role in a Series, Limited Series or Motion Picture Made for Television",Entourage,Kevin Dillon,FALSE,,
2007,2008,65,Best Television Series - Musical or Comedy,Entourage,,FALSE,,
2007,2008,65,Best Performance by an Actor in a Television Series - Musical or Comedy,Extras,Ricky Gervais,FALSE,,
2007,2008,65,Best Television Series - Musical or Comedy,Extras,,TRUE,,
2007,2008,65,Best Television Limited Series or Motion Picture Made for Television,Five Days,,FALSE,,
2007,2008,65,Best Performance by an Actress in a Supporting Role in any Motion Picture,Gone Baby Gone,Amy Ryan,FALSE,,
2007,2008,65,Best Original Score - Motion Picture,Grace Is Gone,Clint Eastwood,FALSE,,
2007,2008,65,Best Original Song - Motion Picture,Grace Is Gone,Clint Eastwood,FALSE,Grace Is Gone,
2007,2008,65,Best Original Song - Motion Picture,Grace Is Gone,Carole Bayer Sager,FALSE,Grace Is Gone,
2007,2008,65,"Best Performance by an Actress in a Supporting Role in a Series, Limited Series or Motion Picture Made for Television",Grey's Anatomy,Katherine Heigl,FALSE,,
2007,2008,65,Best Television Series - Drama,Grey's Anatomy,,FALSE,,
2007,2008,65,Best Motion Picture - Musical or Comedy,Hairspray,,FALSE,,
2007,2008,65,Best Performance by an Actor in a Supporting Role in any Motion Picture,Hairspray,John Travolta,FALSE,,
2007,2008,65,Best Performance by an Actress in a Motion Picture - Musical or Comedy,Hairspray,Nikki Blonsky,FALSE,,
2007,2008,65,Best Performance by an Actor In A Television Series - Drama,House,Hugh Laurie,FALSE,,
2007,2008,65,Best Television Series - Drama,House,,FALSE,,
2007,2008,65,Best Performance by an Actress in a Supporting Role in any Motion Picture,I'm Not There,Cate Blanchett,TRUE,,
2007,2008,65,Best Original Score - Motion Picture,Into The Wild,Kaki King,FALSE,,
2007,2008,65,Best Original Score - Motion Picture,Into The Wild,Eddie Vedder,FALSE,,
2007,2008,65,Best Original Score - Motion Picture,Into The Wild,Michael Brook,FALSE,,
2007,2008,65,Best Original Song - Motion Picture,Into The Wild,Eddie Vedder,TRUE,"""Guaranteed""",
2007,2008,65,Best Performance by an Actress in a Limited Series or a Motion Picture Made for Television,Jane Eyre,Ruth Wilson,FALSE,,
2007,2008,65,Best Performance by an Actor in a Limited Series or a Motion Picture Made for Television,Jekyll,James Nesbitt,FALSE,,
2007,2008,65,Best Motion Picture - Musical or Comedy,Juno,,FALSE,,
2007,2008,65,Best Performance by an Actress in a Motion Picture - Musical or Comedy,Juno,Ellen Page,FALSE,,
2007,2008,65,Best Screenplay - Motion Picture,Juno,Diablo Cody,FALSE,,
2007,2008,65,Best Performance by an Actress in a Motion Picture - Musical or Comedy,La Vie En Rose,Marion Cotillard,TRUE,,
2007,2008,65,Best Performance by an Actor in a Motion Picture - Musical or Comedy,Lars and the Real Girl,Ryan Gosling,FALSE,,
2007,2008,65,Best Performance by an Actress in a Limited Series or a Motion Picture Made for Television,Life Support,Queen Latifah,TRUE,,
2007,2008,65,Best Performance by an Actor in a Limited Series or a Motion Picture Made for Television,Longford,Jim Broadbent,TRUE,,
2007,2008,65,"Best Performance by an Actor in a Supporting Role in a Series, Limited Series or Motion Picture Made for Television",Longford,Andy Serkis,FALSE,,
2007,2008,65,"Best Performance by an Actress in a Supporting Role in a Series, Limited Series or Motion Picture Made for Television",Longford,Samantha Morton,TRUE,,
2007,2008,65,Best Television Limited Series or Motion Picture Made for Television,Longford,,TRUE,,
2007,2008,65,Best Original Song - Motion Picture,Love in the Time of Cholera,Shakira,FALSE,"""Despedida""",
2007,2008,65,Best Original Song - Motion Picture,Love in the Time of Cholera,Antonio Pinto,FALSE,"""Despedida""",
2007,2008,65,Best Motion Picture - Foreign Language,"Lust, Caution",Ang Lee,FALSE,,Taiwan
2007,2008,65,Best Performance by an Actor In A Television Series - Drama,Mad Men,Jon Hamm,TRUE,,
2007,2008,65,Best Television Series - Drama,Mad Men,,TRUE,,
2007,2008,65,Best Performance by an Actress In A Television Series - Drama,Medium,Patricia Arquette,FALSE,,
2007,2008,65,Best Motion Picture - Drama,Michael Clayton,,FALSE,,
2007,2008,65,Best Performance by an Actor in a Motion Picture - Drama,Michael Clayton,George Clooney,FALSE,,
2007,2008,65,Best Performance by an Actor in a Supporting Role in any Motion Picture,Michael Clayton,Tom Wilkinson,FALSE,,
2007,2008,65,Best Performance by an Actress in a Supporting Role in any Motion Picture,Michael Clayton,Tilda Swinton,FALSE,,
2007,2008,65,"Best Performance by an Actress in a Supporting Role in a Series, Limited Series or Motion Picture Made for Television",My Name Is Earl,Jaime Pressly,FALSE,,
2007,2008,65,Best Director - Motion Picture,No Country for Old Men,Ethan Coen,FALSE,,
2007,2008,65,Best Director - Motion Picture,No Country for Old Men,Joel Coen,FALSE,,
2007,2008,65,Best Motion Picture - Drama,No Country for Old Men,,FALSE,,
2007,2008,65,Best Performance by an Actor in a Supporting Role in any Motion Picture,No Country for Old Men,Javier Bardem,TRUE,,
2007,2008,65,Best Screenplay - Motion Picture,No Country for Old Men,Joel Coen,TRUE,,
2007,2008,65,Best Screenplay - Motion Picture,No Country for Old Men,Ethan Coen,TRUE,,
2007,2008,65,Best Motion Picture - Foreign Language,Persepolis,Marjane Satrapi,FALSE,,"France,France"
2007,2008,65,Best Motion Picture - Foreign Language,Persepolis,Vincent Paronnaud,FALSE,,"France,France"
2007,2008,65,Best Performance by an Actress in a Limited Series or a Motion Picture Made for Television,Pictures of Hollis Woods,Sissy Spacek,FALSE,,
2007,2008,65,Best Performance by an Actor in a Television Series - Musical or Comedy,Pushing Daisies,Lee Pace,FALSE,,
2007,2008,65,Best Performance by an Actress in a Television Series - Musical or Comedy,Pushing Daisies,Anna Friel,FALSE,,
2007,2008,65,Best Television Series - Musical or Comedy,Pushing Daisies,,FALSE,,
2007,2008,65,Best Motion Picture - Animated,Ratatouille,,TRUE,,
2007,2008,65,Best Performance by an Actress in a Television Series - Musical or Comedy,Samantha Who?,Christina Applegate,FALSE,,
2007,2008,65,Best Performance by an Actress In A Television Series - Drama,Saving Grace,Holly Hunter,FALSE,,
2007,2008,65,Best Director - Motion Picture,Sweeney Todd: The Demon Barber of Fleet Street,Tim Burton,FALSE,,
2007,2008,65,Best Motion Picture - Musical or Comedy,Sweeney Todd: The Demon Barber of Fleet Street,,TRUE,,
2007,2008,65,Best Performance by an Actor in a Motion Picture - Musical or Comedy,Sweeney Todd: The Demon Barber of Fleet Street,Johnny Depp,TRUE,,
2007,2008,65,Best Performance by an Actress in a Motion Picture - Musical or Comedy,Sweeney Todd: The Demon Barber of Fleet Street,Helena Bonham Carter,FALSE,,
2007,2008,65,Best Performance by an Actor in a Supporting Role in any Motion Picture,The Assassination of Jesse James by the Coward Robert Ford,Casey Affleck,FALSE,,
2007,2008,65,Best Performance by an Actress in a Motion Picture - Drama,The Brave One,Jodie Foster,FALSE,,
2007,2008,65,Best Performance by an Actress In A Television Series - Drama,The Closer,Kyra Sedgwick,FALSE,,
2007,2008,65,Best Television Limited Series or Motion Picture Made for Television,The Company,,FALSE,,
2007,2008,65,Best Director - Motion Picture,The Diving Bell and the Butterfly,Julian Schnabel,TRUE,,
2007,2008,65,Best Motion Picture - Foreign Language,The Diving Bell and the Butterfly,Julian Schnabel,TRUE,,"France,United States,France"
2007,2008,65,Best Screenplay - Motion Picture,The Diving Bell and the Butterfly,Ronald Harwood,FALSE,,
2007,2008,65,Best Motion Picture - Drama,The Great Debaters,,FALSE,,
2007,2008,65,Best Motion Picture - Foreign Language,The Kite Runner,Marc Forster,FALSE,,United States
2007,2008,65,Best Original Score - Motion Picture,The Kite Runner,Alberto Iglesias,FALSE,,
2007,2008,65,Best Performance by an Actor in a Television Series - Musical or Comedy,The Office,Steve Carell,FALSE,,
2007,2008,65,Best Performance by an Actress In A Television Series - Drama,The Riches,Minnie Driver,FALSE,,
2007,2008,65,Best Performance by an Actor in a Motion Picture - Musical or Comedy,The Savages,Philip Seymour Hoffman,FALSE,,
2007,2008,65,Best Motion Picture - Animated,The Simpsons Movie,,FALSE,,
2007,2008,65,Best Performance by an Actress In A Television Series - Drama,The Sopranos,Edie Falco,FALSE,,
2007,2008,65,Best Performance by an Actress in a Limited Series or a Motion Picture Made for Television,The Starter Wife,Debra Messing,FALSE,,
2007,2008,65,Best Performance by an Actor in a Limited Series or a Motion Picture Made for Television,The State Within,Jason Isaacs,FALSE,,
2007,2008,65,Best Television Limited Series or Motion Picture Made for Television,The State Within,,FALSE,,
2007,2008,65,Best Performance by an Actor In A Television Series - Drama,The Tudors,Jonathan Rhys Meyers,FALSE,,
2007,2008,65,Best Television Series - Drama,The Tudors,,FALSE,,
2007,2008,65,Best Motion Picture - Drama,There Will Be Blood,,FALSE,,
2007,2008,65,Best Performance by an Actor in a Motion Picture - Drama,There Will Be Blood,Daniel Day-Lewis,TRUE,,
2007,2008,65,Best Performance by an Actress in a Television Series - Musical or Comedy,Ugly Betty,America Ferrera,FALSE,,
2007,2008,65,Best Original Song - Motion Picture,Walk Hard: The Dewey Cox Story,John C. Reilly,FALSE,"""Walk Hard""",
2007,2008,65,Best Original Song - Motion Picture,Walk Hard: The Dewey Cox Story,Jake Kasdan,FALSE,"""Walk Hard""",
2007,2008,65,Best Original Song - Motion Picture,Walk Hard: The Dewey Cox Story,Judd Apatow,FALSE,"""Walk Hard""",
2007,2008,65,Best Original Song - Motion Picture,Walk Hard: The Dewey Cox Story,Marshall Crenshaw,FALSE,"""Walk Hard""",
2007,2008,65,Best Performance by an Actor in a Motion Picture - Musical or Comedy,Walk Hard: The Dewey Cox Story,John C. Reilly,FALSE,,
2007,2008,65,Best Performance by an Actress in a Television Series - Musical or Comedy,Weeds,Mary-Louise Parker,FALSE,,
2008,2009,66,Best Performance by an Actor in a Limited Series or a Motion Picture Made for Television,24,Kiefer Sutherland,FALSE,,
2008,2009,66,Best Performance by an Actor in a Television Series - Musical or Comedy,30 Rock,Alec Baldwin,TRUE,,
2008,2009,66,Best Performance by an Actress in a Television Series - Musical or Comedy,30 Rock,Tina Fey,TRUE,,
2008,2009,66,Best Television Series - Musical or Comedy,30 Rock,,TRUE,,
2008,2009,66,Best Television Limited Series or Motion Picture Made for Television,A Raisin In The Sun,,FALSE,,
2008,2009,66,Best Performance by an Actress in a Limited Series or a Motion Picture Made for Television,An American Crime,Catherine Keener,FALSE,,
2008,2009,66,Best Performance by an Actor in a Limited Series or a Motion Picture Made for Television,Bernard And Doris,Ralph Fiennes,FALSE,,
2008,2009,66,Best Performance by an Actress in a Limited Series or a Motion Picture Made for Television,Bernard And Doris,Susan Sarandon,FALSE,,
2008,2009,66,Best Television Limited Series or Motion Picture Made for Television,Bernard And Doris,,FALSE,,
2008,2009,66,Best Motion Picture - Animated,Bolt,,FALSE,,
2008,2009,66,Best Original Song - Motion Picture,Bolt,Miley Cyrus,FALSE,"""I Thought I Lost You""",
2008,2009,66,Best Original Song - Motion Picture,Bolt,Jeffrey Steele,FALSE,"""I Thought I Lost You""",
2008,2009,66,"Best Performance by an Actress in a Supporting Role in a Series, Limited Series or Motion Picture Made for Television",Brothers & Sisters,Rachel Griffiths,FALSE,,
2008,2009,66,Best Performance by an Actress In A Television Series - Drama,Brothers & Sisters,Sally Field,FALSE,,
2008,2009,66,Best Motion Picture - Musical or Comedy,Burn After Reading,,FALSE,,
2008,2009,66,Best Performance by an Actress in a Motion Picture - Musical or Comedy,Burn After Reading,Frances McDormand,FALSE,,
2008,2009,66,Best Original Song - Motion Picture,Cadillac Records,Beyoncé,FALSE,"""Once In A Lifetime""",
2008,2009,66,Best Original Song - Motion Picture,Cadillac Records,Scott McFarnon,FALSE,"""Once In A Lifetime""",
2008,2009,66,Best Original Song - Motion Picture,Cadillac Records,Ian Dench,FALSE,"""Once In A Lifetime""",
2008,2009,66,Best Original Song - Motion Picture,Cadillac Records,James Dring,FALSE,"""Once In A Lifetime""",
2008,2009,66,Best Original Song - Motion Picture,Cadillac Records,Jody Street,FALSE,"""Once In A Lifetime""",
2008,2009,66,Best Original Song - Motion Picture,Cadillac Records,Amanda Ghost,FALSE,"""Once In A Lifetime""",
2008,2009,66,Best Performance by an Actor in a Television Series - Musical or Comedy,Californication,David Duchovny,FALSE,,
2008,2009,66,Best Television Series - Musical or Comedy,Californication,,FALSE,,
2008,2009,66,Best Original Score - Motion Picture,Changeling,Clint Eastwood,FALSE,,
2008,2009,66,Best Performance by an Actress in a Motion Picture - Drama,Changeling,Angelina Jolie,FALSE,,
2008,2009,66,Best Performance by an Actress in a Limited Series or a Motion Picture Made for Television,Coco Chanel,Shirley MacLaine,FALSE,,
2008,2009,66,Best Performance by an Actress in a Limited Series or a Motion Picture Made for Television,Cranford,Judi Dench,FALSE,,
2008,2009,66,"Best Performance by an Actress in a Supporting Role in a Series, Limited Series or Motion Picture Made for Television",Cranford,Eileen Atkins,FALSE,,
2008,2009,66,Best Television Limited Series or Motion Picture Made for Television,Cranford,,FALSE,,
2008,2009,66,Best Original Score - Motion Picture,Defiance,James Newton Howard,FALSE,,
2008,2009,66,Best Performance by an Actor In A Television Series - Drama,Dexter,Michael C. Hall,FALSE,,
2008,2009,66,Best Television Series - Drama,Dexter,,FALSE,,
2008,2009,66,Best Performance by an Actor in a Supporting Role in any Motion Picture,Doubt,Philip Seymour Hoffman,FALSE,,
2008,2009,66,Best Performance by an Actress in a Motion Picture - Drama,Doubt,Meryl Streep,FALSE,,
2008,2009,66,Best Performance by an Actress in a Supporting Role in any Motion Picture,Doubt,Amy Adams,FALSE,,
2008,2009,66,Best Performance by an Actress in a Supporting Role in any Motion Picture,Doubt,Viola Davis,FALSE,,
2008,2009,66,Best Screenplay - Motion Picture,Doubt,John Patrick Shanley,FALSE,,
2008,2009,66,"Best Performance by an Actor in a Supporting Role in a Series, Limited Series or Motion Picture Made for Television",Entourage,Jeremy Piven,FALSE,,
2008,2009,66,Best Performance by an Actor in a Television Series - Musical or Comedy,Entourage,Kevin Connolly,FALSE,,
2008,2009,66,Best Television Series - Musical or Comedy,Entourage,,FALSE,,
2008,2009,66,Best Motion Picture - Foreign Language,Everlasting Moments,Jan Troell,FALSE,,"Sweden,Denmark,Sweden"
2008,2009,66,Best Director - Motion Picture,Frost/Nixon,Ron Howard,FALSE,,
2008,2009,66,Best Motion Picture - Drama,Frost/Nixon,,FALSE,,
2008,2009,66,Best Original Score - Motion Picture,Frost/Nixon,Hans Zimmer,FALSE,,
2008,2009,66,Best Performance by an Actor in a Motion Picture - Drama,Frost/Nixon,Frank Langella,FALSE,,
2008,2009,66,Best Screenplay - Motion Picture,Frost/Nixon,Peter Morgan,FALSE,,
2008,2009,66,Best Motion Picture - Foreign Language,Gomorrah,Matteo Garrone,FALSE,,Italy
2008,2009,66,Best Original Song - Motion Picture,Gran Torino,Clint Eastwood,FALSE,Gran Torino,
2008,2009,66,Best Original Song - Motion Picture,Gran Torino,Jamie Cullum,FALSE,Gran Torino,
2008,2009,66,Best Original Song - Motion Picture,Gran Torino,Kyle Eastwood,FALSE,Gran Torino,
2008,2009,66,Best Original Song - Motion Picture,Gran Torino,Michael Stevens,FALSE,Gran Torino,
2008,2009,66,Best Motion Picture - Musical or Comedy,Happy-Go-Lucky,,FALSE,,
2008,2009,66,Best Performance by an Actress in a Motion Picture - Musical or Comedy,Happy-Go-Lucky,Sally Hawkins,TRUE,,
2008,2009,66,Best Performance by an Actor In A Television Series - Drama,House,Hugh Laurie,FALSE,,
2008,2009,66,Best Television Series - Drama,House,,FALSE,,
2008,2009,66,"Best Performance by an Actor in a Supporting Role in a Series, Limited Series or Motion Picture Made for Television",How I Met Your Mother,Neil Patrick Harris,FALSE,,
2008,2009,66,Best Motion Picture - Foreign Language,I've Loved You So Long,Philippe Claudel,FALSE,,France
2008,2009,66,Best Performance by an Actress in a Motion Picture - Drama,I've Loved You So Long,Kristin Scott Thomas,FALSE,,
2008,2009,66,Best Motion Picture - Musical or Comedy,In Bruges,,FALSE,,
2008,2009,66,Best Performance by an Actor in a Motion Picture - Musical or Comedy,In Bruges,Brendan Gleeson,FALSE,,
2008,2009,66,Best Performance by an Actor in a Motion Picture - Musical or Comedy,In Bruges,Colin Farrell,TRUE,,
2008,2009,66,"Best Performance by an Actor in a Supporting Role in a Series, Limited Series or Motion Picture Made for Television",In Treatment,Blair Underwood,FALSE,,
2008,2009,66,Best Performance by an Actor In A Television Series - Drama,In Treatment,Gabriel Byrne,TRUE,,
2008,2009,66,"Best Performance by an Actress in a Supporting Role in a Series, Limited Series or Motion Picture Made for Television",In Treatment,Dianne Wiest,FALSE,,
2008,2009,66,"Best Performance by an Actress in a Supporting Role in a Series, Limited Series or Motion Picture Made for Television",In Treatment,Melissa George,FALSE,,
2008,2009,66,Best Television Series - Drama,In Treatment,,FALSE,,
2008,2009,66,Best Performance by an Actor in a Limited Series or a Motion Picture Made for Television,John Adams,Paul Giamatti,TRUE,,
2008,2009,66,"Best Performance by an Actor in a Supporting Role in a Series, Limited Series or Motion Picture Made for Television",John Adams,Tom Wilkinson,TRUE,,
2008,2009,66,Best Performance by an Actress in a Limited Series or a Motion Picture Made for Television,John Adams,Laura Linney,TRUE,,
2008,2009,66,Best Television Limited Series or Motion Picture Made for Television,John Adams,,TRUE,,
2008,2009,66,Best Motion Picture - Animated,Kung Fu Panda,,FALSE,,
2008,2009,66,Best Performance by an Actor in a Motion Picture - Musical or Comedy,Last Chance Harvey,Dustin Hoffman,FALSE,,
2008,2009,66,Best Performance by an Actress in a Motion Picture - Musical or Comedy,Last Chance Harvey,Emma Thompson,FALSE,,
2008,2009,66,Best Performance by an Actress In A Television Series - Drama,Law & Order,Mariska Hargitay,FALSE,,
2008,2009,66,Best Performance by an Actor In A Television Series - Drama,Mad Men,Jon Hamm,FALSE,,
2008,2009,66,Best Performance by an Actress In A Television Series - Drama,Mad Men,January Jones,FALSE,,
2008,2009,66,Best Television Series - Drama,Mad Men,,TRUE,,
2008,2009,66,Best Motion Picture - Musical or Comedy,Mamma Mia!,,FALSE,,
2008,2009,66,Best Performance by an Actress in a Motion Picture - Musical or Comedy,Mamma Mia!,Meryl Streep,FALSE,,
2008,2009,66,Best Performance by an Actor in a Motion Picture - Drama,Milk,Sean Penn,FALSE,,
2008,2009,66,Best Performance by an Actor in a Television Series - Musical or Comedy,Monk,Tony Shalhoub,FALSE,,
2008,2009,66,Best Performance by an Actor in a Motion Picture - Musical or Comedy,Pineapple Express,James Franco,FALSE,,
2008,2009,66,Best Performance by an Actress in a Motion Picture - Drama,Rachel Getting Married,Anne Hathaway,FALSE,,
2008,2009,66,Best Performance by an Actor in a Limited Series or a Motion Picture Made for Television,Recount,Kevin Spacey,FALSE,,
2008,2009,66,Best Performance by an Actor in a Limited Series or a Motion Picture Made for Television,Recount,Tom Wilkinson,FALSE,,
2008,2009,66,"Best Performance by an Actor in a Supporting Role in a Series, Limited Series or Motion Picture Made for Television",Recount,Denis Leary,FALSE,,
2008,2009,66,"Best Performance by an Actress in a Supporting Role in a Series, Limited Series or Motion Picture Made for Television",Recount,Laura Dern,TRUE,,
2008,2009,66,Best Television Limited Series or Motion Picture Made for Television,Recount,,FALSE,,
2008,2009,66,Best Director - Motion Picture,Revolutionary Road,Sam Mendes,FALSE,,
2008,2009,66,Best Motion Picture - Drama,Revolutionary Road,,FALSE,,
2008,2009,66,Best Performance by an Actor in a Motion Picture - Drama,Revolutionary Road,Leonardo DiCaprio,FALSE,,
2008,2009,66,Best Performance by an Actress in a Motion Picture - Drama,Revolutionary Road,Kate Winslet,TRUE,,
2008,2009,66,Best Performance by an Actress in a Television Series - Musical or Comedy,Samantha Who?,Christina Applegate,FALSE,,
2008,2009,66,Best Director - Motion Picture,Slumdog Millionaire,Danny Boyle,TRUE,,
2008,2009,66,Best Motion Picture - Drama,Slumdog Millionaire,,TRUE,,
2008,2009,66,Best Original Score - Motion Picture,Slumdog Millionaire,A. R. Rahman,TRUE,,
2008,2009,66,Best Screenplay - Motion Picture,Slumdog Millionaire,Simon Beaufoy,TRUE,,
2008,2009,66,Best Motion Picture - Foreign Language,The Baader Meinhof Complex,Uli Edel,FALSE,,Germany
2008,2009,66,Best Performance by an Actress In A Television Series - Drama,The Closer,Kyra Sedgwick,FALSE,,
2008,2009,66,Best Director - Motion Picture,The Curious Case of Benjamin Button,David Fincher,FALSE,,
2008,2009,66,Best Motion Picture - Drama,The Curious Case of Benjamin Button,,FALSE,,
2008,2009,66,Best Original Score - Motion Picture,The Curious Case of Benjamin Button,Alexandre Desplat,FALSE,,
2008,2009,66,Best Performance by an Actor in a Motion Picture - Drama,The Curious Case of Benjamin Button,Brad Pitt,FALSE,,
2008,2009,66,Best Screenplay - Motion Picture,The Curious Case of Benjamin Button,Eric Roth,FALSE,,
2008,2009,66,Best Performance by an Actor in a Supporting Role in any Motion Picture,The Dark Knight,Heath Ledger,TRUE,,
2008,2009,66,Best Performance by an Actor in a Supporting Role in any Motion Picture,The Duchess,Ralph Fiennes,FALSE,,
2008,2009,66,Best Performance by an Actor in a Television Series - Musical or Comedy,The Office,Steve Carell,FALSE,,
2008,2009,66,Best Television Series - Musical or Comedy,The Office,,FALSE,,
2008,2009,66,Best Director - Motion Picture,The Reader,Stephen Daldry,FALSE,,
2008,2009,66,Best Motion Picture - Drama,The Reader,,FALSE,,
2008,2009,66,Best Performance by an Actress in a Supporting Role in any Motion Picture,The Reader,Kate Winslet,TRUE,,
2008,2009,66,Best Screenplay - Motion Picture,The Reader,David Hare,FALSE,,
2008,2009,66,Best Performance by an Actress in a Television Series - Musical or Comedy,The Starter Wife,Debra Messing,FALSE,,
2008,2009,66,Best Performance by an Actor In A Television Series - Drama,The Tudors,Jonathan Rhys Meyers,FALSE,,
2008,2009,66,Best Original Song - Motion Picture,The Wrestler,Bruce Springsteen,TRUE,The Wrestler,
2008,2009,66,Best Performance by an Actor in a Motion Picture - Drama,The Wrestler,Mickey Rourke,TRUE,,
2008,2009,66,Best Performance by an Actress in a Supporting Role in any Motion Picture,The Wrestler,Marisa Tomei,FALSE,,
2008,2009,66,Best Performance by an Actor in a Supporting Role in any Motion Picture,Tropic Thunder,Robert Downey Jr.,FALSE,,
2008,2009,66,Best Performance by an Actor in a Supporting Role in any Motion Picture,Tropic Thunder,Tom Cruise,FALSE,,
2008,2009,66,Best Performance by an Actress In A Television Series - Drama,True Blood,Anna Paquin,TRUE,,
2008,2009,66,Best Television Series - Drama,True Blood,,FALSE,,
2008,2009,66,Best Performance by an Actress in a Television Series - Musical or Comedy,Ugly Betty,America Ferrera,FALSE,,
2008,2009,66,Best Motion Picture - Musical or Comedy,Vicky Cristina Barcelona,,TRUE,,
2008,2009,66,Best Performance by an Actor in a Motion Picture - Musical or Comedy,Vicky Cristina Barcelona,Javier Bardem,FALSE,,
2008,2009,66,Best Performance by an Actress in a Motion Picture - Musical or Comedy,Vicky Cristina Barcelona,Rebecca Hall,FALSE,,
2008,2009,66,Best Performance by an Actress in a Supporting Role in any Motion Picture,Vicky Cristina Barcelona,Penélope Cruz,FALSE,,
2008,2009,66,Best Motion Picture - Animated,Wall-E,,TRUE,,
2008,2009,66,Best Original Song - Motion Picture,Wall-E,Peter Gabriel,FALSE,"""Down To Earth""",
2008,2009,66,Best Original Song - Motion Picture,Wall-E,Thomas Newman,FALSE,"""Down To Earth""",
2008,2009,66,Best Motion Picture - Foreign Language,Waltz with Bashir,Ari Folman,TRUE,,Israel
2008,2009,66,Best Performance by an Actress in a Television Series - Musical or Comedy,Weeds,Mary-Louise Parker,FALSE,,
2008,2009,66,Best Television Series - Musical or Comedy,Weeds,,FALSE,,
2008,2009,66,Cecil B. deMille Award,,Steven Spielberg,FALSE,,
2009,2010,67,Best Motion Picture - Musical or Comedy,(500) Days of Summer,,FALSE,,
2009,2010,67,Best Performance by an Actor in a Motion Picture - Musical or Comedy,(500) Days of Summer,Joseph Gordon-Levitt,FALSE,,
2009,2010,67,Best Performance by an Actor in a Television Series - Musical or Comedy,30 Rock,Alec Baldwin,TRUE,,
2009,2010,67,Best Performance by an Actress in a Television Series - Musical or Comedy,30 Rock,Tina Fey,FALSE,,
2009,2010,67,Best Television Series - Musical or Comedy,30 Rock,,FALSE,,
2009,2010,67,Best Motion Picture - Foreign Language,A Prophet,Jacques Audiard,FALSE,,France
2009,2010,67,Best Performance by an Actor in a Motion Picture - Musical or Comedy,A Serious Man,Michael Stuhlbarg,FALSE,,
2009,2010,67,Best Original Score - Motion Picture,A Single Man,Abel Korzeniowski,FALSE,,
2009,2010,67,Best Performance by an Actor in a Motion Picture - Drama,A Single Man,Colin Firth,FALSE,,
2009,2010,67,Best Performance by an Actress in a Supporting Role in any Motion Picture,A Single Man,Julianne Moore,FALSE,,
2009,2010,67,Best Performance by an Actress in a Motion Picture - Drama,An Education,Carey Mulligan,FALSE,,
2009,2010,67,Best Director - Motion Picture,Avatar,James Cameron,TRUE,,
2009,2010,67,Best Motion Picture - Drama,Avatar,,TRUE,,
2009,2010,67,Best Original Score - Motion Picture,Avatar,James Horner,FALSE,,
2009,2010,67,Best Original Song - Motion Picture,Avatar,James Horner,FALSE,I See You,
2009,2010,67,Best Original Song - Motion Picture,Avatar,Simon Franglen,FALSE,I See You,
2009,2010,67,Best Original Song - Motion Picture,Avatar,Kuk Harrell,FALSE,I See You,
2009,2010,67,Best Motion Picture - Foreign Language,Baarìa,Giuseppe Tornatore,FALSE,,Italy
2009,2010,67,Best Performance by an Actor In A Television Series - Drama,Big Love,Bill Paxton,FALSE,,
2009,2010,67,"Best Performance by an Actress in a Supporting Role in a Series, Limited Series or Motion Picture Made for Television",Big Love,Chloë Sevigny,TRUE,,
2009,2010,67,Best Television Series - Drama,Big Love,,FALSE,,
2009,2010,67,Best Motion Picture - Foreign Language,Broken Embraces,Pedro Almodóvar,FALSE,,Spain
2009,2010,67,Best Original Song - Motion Picture,Brothers,U2,FALSE,"""Winter""",
2009,2010,67,Best Performance by an Actor in a Motion Picture - Drama,Brothers,Tobey Maguire,FALSE,,
2009,2010,67,Best Performance by an Actor in a Television Series - Musical or Comedy,Californication,David Duchovny,FALSE,,
2009,2010,67,Best Motion Picture - Animated,Cloudy With A Chance Of Meatballs,,FALSE,,
2009,2010,67,Best Motion Picture - Animated,Coraline,,FALSE,,
2009,2010,67,Best Performance by an Actress in a Television Series - Musical or Comedy,Cougar Town,Courteney Cox,FALSE,,
2009,2010,67,Best Original Song - Motion Picture,Crazy Heart,T Bone Burnett,TRUE,"""The Weary Kind (Theme From Crazy Heart)""",
2009,2010,67,Best Original Song - Motion Picture,Crazy Heart,Ryan Bingham,TRUE,"""The Weary Kind (Theme From Crazy Heart)""",
2009,2010,67,Best Performance by an Actor in a Motion Picture - Drama,Crazy Heart,Jeff Bridges,TRUE,,
2009,2010,67,"Best Performance by an Actor in a Supporting Role in a Series, Limited Series or Motion Picture Made for Television",Damages,William Hurt,FALSE,,
2009,2010,67,"Best Performance by an Actress in a Supporting Role in a Series, Limited Series or Motion Picture Made for Television",Damages,Rose Byrne,FALSE,,
2009,2010,67,Best Performance by an Actress In A Television Series - Drama,Damages,Glenn Close,FALSE,,
2009,2010,67,"Best Performance by an Actor in a Supporting Role in a Series, Limited Series or Motion Picture Made for Television",Dexter,John Lithgow,TRUE,,
2009,2010,67,Best Performance by an Actor In A Television Series - Drama,Dexter,Michael C. Hall,TRUE,,
2009,2010,67,Best Television Series - Drama,Dexter,,FALSE,,
2009,2010,67,Best Screenplay - Motion Picture,District 9,Neill Blomkamp,FALSE,,
2009,2010,67,Best Screenplay - Motion Picture,District 9,Terri Tatchell,FALSE,,
2009,2010,67,Best Performance by an Actress in a Motion Picture - Musical or Comedy,Duplicity,Julia Roberts,FALSE,,
2009,2010,67,Best Performance by an Actor in a Limited Series or a Motion Picture Made for Television,Endgame,Chiwetel Ejiofor,FALSE,,
2009,2010,67,"Best Performance by an Actor in a Supporting Role in a Series, Limited Series or Motion Picture Made for Television",Entourage,Jeremy Piven,FALSE,,
2009,2010,67,Best Television Series - Musical or Comedy,Entourage,,FALSE,,
2009,2010,67,Best Original Song - Motion Picture,Everybody's Fine,Paul McCartney,FALSE,"""(I Want To) Come Home""",
2009,2010,67,Best Motion Picture - Animated,Fantastic Mr. Fox,,FALSE,,
2009,2010,67,Best Performance by an Actor in a Limited Series or a Motion Picture Made for Television,Georgia O'Keeffe,Jeremy Irons,FALSE,,
2009,2010,67,Best Performance by an Actress in a Limited Series or a Motion Picture Made for Television,Georgia O'Keeffe,Joan Allen,FALSE,,
2009,2010,67,Best Television Limited Series or Motion Picture Made for Television,Georgia O'Keeffe,,FALSE,,
2009,2010,67,Best Performance by an Actor in a Television Series - Musical or Comedy,Glee,Matthew Morrison,FALSE,,
2009,2010,67,"Best Performance by an Actress in a Supporting Role in a Series, Limited Series or Motion Picture Made for Television",Glee,Jane Lynch,FALSE,,
2009,2010,67,Best Performance by an Actress in a Television Series - Musical or Comedy,Glee,Lea Michele,FALSE,,
2009,2010,67,Best Television Series - Musical or Comedy,Glee,,TRUE,,
2009,2010,67,Best Performance by an Actress in a Limited Series or a Motion Picture Made for Television,Grey Gardens,Drew Barrymore,TRUE,,
2009,2010,67,Best Performance by an Actress in a Limited Series or a Motion Picture Made for Television,Grey Gardens,Jessica Lange,FALSE,,
2009,2010,67,Best Television Limited Series or Motion Picture Made for Television,Grey Gardens,,TRUE,,
2009,2010,67,Best Performance by an Actor In A Television Series - Drama,House,Hugh Laurie,FALSE,,
2009,2010,67,Best Television Series - Drama,House,,FALSE,,
2009,2010,67,"Best Performance by an Actor in a Supporting Role in a Series, Limited Series or Motion Picture Made for Television",How I Met Your Mother,Neil Patrick Harris,FALSE,,
2009,2010,67,Best Performance by an Actor in a Television Series - Musical or Comedy,Hung,Thomas Jane,FALSE,,
2009,2010,67,"Best Performance by an Actress in a Supporting Role in a Series, Limited Series or Motion Picture Made for Television",Hung,Jane Adams,FALSE,,
2009,2010,67,Best Director - Motion Picture,Inglourious Basterds,Quentin Tarantino,FALSE,,
2009,2010,67,Best Motion Picture - Drama,Inglourious Basterds,,FALSE,,
2009,2010,67,Best Performance by an Actor in a Supporting Role in any Motion Picture,Inglourious Basterds,Christoph Waltz,TRUE,,
2009,2010,67,Best Screenplay - Motion Picture,Inglourious Basterds,Quentin Tarantino,FALSE,,
2009,2010,67,Best Performance by an Actor in a Limited Series or a Motion Picture Made for Television,Into The Storm,Brendan Gleeson,FALSE,,
2009,2010,67,"Best Performance by an Actress in a Supporting Role in a Series, Limited Series or Motion Picture Made for Television",Into The Storm,Janet McTeer,FALSE,,
2009,2010,67,Best Television Limited Series or Motion Picture Made for Television,Into The Storm,,FALSE,,
2009,2010,67,Best Director - Motion Picture,Invictus,Clint Eastwood,FALSE,,
2009,2010,67,Best Performance by an Actor in a Motion Picture - Drama,Invictus,Morgan Freeman,FALSE,,
2009,2010,67,Best Performance by an Actor in a Supporting Role in any Motion Picture,Invictus,Matt Damon,FALSE,,
2009,2010,67,Best Motion Picture - Musical or Comedy,It's Complicated,,FALSE,,
2009,2010,67,Best Performance by an Actress in a Motion Picture - Musical or Comedy,It's Complicated,Meryl Streep,FALSE,,
2009,2010,67,Best Screenplay - Motion Picture,It's Complicated,Nancy Meyers,FALSE,,
2009,2010,67,Best Motion Picture - Musical or Comedy,Julie & Julia,,FALSE,,
2009,2010,67,Best Performance by an Actress in a Motion Picture - Musical or Comedy,Julie & Julia,Meryl Streep,TRUE,,
2009,2010,67,Best Television Limited Series or Motion Picture Made for Television,Little Dorrit,,FALSE,,
2009,2010,67,"Best Performance by an Actor in a Supporting Role in a Series, Limited Series or Motion Picture Made for Television",Lost,Michael Emerson,FALSE,,
2009,2010,67,Best Performance by an Actor In A Television Series - Drama,Mad Men,Jon Hamm,FALSE,,
2009,2010,67,Best Performance by an Actress In A Television Series - Drama,Mad Men,January Jones,FALSE,,
2009,2010,67,Best Television Series - Drama,Mad Men,,TRUE,,
2009,2010,67,Best Television Series - Musical or Comedy,Modern Family,,FALSE,,
2009,2010,67,Best Motion Picture - Musical or Comedy,Nine,,FALSE,,
2009,2010,67,Best Original Song - Motion Picture,Nine,Maury Yeston,FALSE,"""Cinema Italiano""",
2009,2010,67,Best Performance by an Actor in a Motion Picture - Musical or Comedy,Nine,Daniel Day-Lewis,FALSE,,
2009,2010,67,Best Performance by an Actress in a Motion Picture - Musical or Comedy,Nine,Marion Cotillard,FALSE,,
2009,2010,67,Best Performance by an Actress in a Supporting Role in any Motion Picture,Nine,Penélope Cruz,FALSE,,
2009,2010,67,Best Performance by an Actress in a Television Series - Musical or Comedy,Nurse Jackie,Edie Falco,FALSE,,
2009,2010,67,Best Performance by an Actress in a Limited Series or a Motion Picture Made for Television,Prayers For Bobby,Sigourney Weaver,FALSE,,
2009,2010,67,Best Motion Picture - Drama,Precious: Based On The Novel Push By Sapphire,,FALSE,,
2009,2010,67,Best Performance by an Actress in a Motion Picture - Drama,Precious: Based On The Novel Push By Sapphire,Gabourey Sidibe,FALSE,,
2009,2010,67,Best Performance by an Actress in a Supporting Role in any Motion Picture,Precious: Based On The Novel Push By Sapphire,Mo'Nique,TRUE,,
2009,2010,67,Best Performance by an Actor in a Motion Picture - Musical or Comedy,Sherlock Holmes,Robert Downey Jr.,TRUE,,
2009,2010,67,Best Performance by an Actor in a Limited Series or a Motion Picture Made for Television,Taking Chance,Kevin Bacon,TRUE,,
2009,2010,67,Best Television Limited Series or Motion Picture Made for Television,Taking Chance,,FALSE,,
2009,2010,67,Best Performance by an Actress in a Motion Picture - Drama,The Blind Side,Sandra Bullock,TRUE,,
2009,2010,67,Best Performance by an Actress In A Television Series - Drama,The Closer,Kyra Sedgwick,FALSE,,
2009,2010,67,Best Performance by an Actress in a Limited Series or a Motion Picture Made for Television,The Courageous Heart of Irena Sendler,Anna Paquin,FALSE,,
2009,2010,67,Best Performance by an Actress In A Television Series - Drama,The Good Wife,Julianna Margulies,TRUE,,
2009,2010,67,Best Motion Picture - Musical or Comedy,The Hangover,,TRUE,,
2009,2010,67,Best Director - Motion Picture,The Hurt Locker,Kathryn Bigelow,FALSE,,
2009,2010,67,Best Motion Picture - Drama,The Hurt Locker,,FALSE,,
2009,2010,67,Best Screenplay - Motion Picture,The Hurt Locker,Mark Boal,FALSE,,
2009,2010,67,Best Original Score - Motion Picture,The Informant!,Marvin Hamlisch,FALSE,,
2009,2010,67,Best Performance by an Actor in a Motion Picture - Musical or Comedy,The Informant!,Matt Damon,FALSE,,
2009,2010,67,Best Performance by an Actor in a Supporting Role in any Motion Picture,The Last Station,Christopher Plummer,FALSE,,
2009,2010,67,Best Performance by an Actress in a Motion Picture - Drama,The Last Station,Helen Mirren,FALSE,,
2009,2010,67,Best Performance by an Actor in a Supporting Role in any Motion Picture,The Lovely Bones,Stanley Tucci,FALSE,,
2009,2010,67,Best Motion Picture - Foreign Language,The Maid,Sebastián Silva,FALSE,,Chile
2009,2010,67,Best Performance by an Actor In A Television Series - Drama,The Mentalist,Simon Baker,FALSE,,
2009,2010,67,Best Performance by an Actor in a Supporting Role in any Motion Picture,The Messenger,Woody Harrelson,FALSE,,
2009,2010,67,Best Performance by an Actor in a Television Series - Musical or Comedy,The Office,Steve Carell,FALSE,,
2009,2010,67,Best Television Series - Musical or Comedy,The Office,,FALSE,,
2009,2010,67,Best Motion Picture - Animated,The Princess And The Frog,,FALSE,,
2009,2010,67,Best Performance by an Actress in a Motion Picture - Musical or Comedy,The Proposal,Sandra Bullock,FALSE,,
2009,2010,67,Best Motion Picture - Foreign Language,The White Ribbon,Michael Haneke,TRUE,,Germany
2009,2010,67,Best Performance by an Actress in a Motion Picture - Drama,The Young Victoria,Emily Blunt,FALSE,,
2009,2010,67,Best Performance by an Actress In A Television Series - Drama,True Blood,Anna Paquin,FALSE,,
2009,2010,67,Best Television Series - Drama,True Blood,,FALSE,,
2009,2010,67,Best Performance by an Actress in a Television Series - Musical or Comedy,United States Of Tara,Toni Collette,TRUE,,
2009,2010,67,Best Motion Picture - Animated,Up,,TRUE,,
2009,2010,67,Best Original Score - Motion Picture,Up,Michael Giacchino,TRUE,,
2009,2010,67,Best Director - Motion Picture,Up In The Air,Jason Reitman,FALSE,,
2009,2010,67,Best Motion Picture - Drama,Up In The Air,,FALSE,,
2009,2010,67,Best Performance by an Actor in a Motion Picture - Drama,Up In The Air,George Clooney,FALSE,,
2009,2010,67,Best Performance by an Actress in a Supporting Role in any Motion Picture,Up In The Air,Anna Kendrick,FALSE,,
2009,2010,67,Best Performance by an Actress in a Supporting Role in any Motion Picture,Up In The Air,Vera Farmiga,FALSE,,
2009,2010,67,Best Screenplay - Motion Picture,Up In The Air,Jason Reitman,TRUE,,
2009,2010,67,Best Screenplay - Motion Picture,Up In The Air,Sheldon Turner,TRUE,,
2009,2010,67,Best Performance by an Actor in a Limited Series or a Motion Picture Made for Television,Wallander: One Step Behind,Kenneth Branagh,FALSE,,
2009,2010,67,Best Original Score - Motion Picture,Where The Wild Things Are,Karen O,FALSE,,
2009,2010,67,Best Original Score - Motion Picture,Where The Wild Things Are,Carter Burwell,FALSE,,
2009,2010,67,Cecil B. deMille Award,,Martin Scorsese,FALSE,,
2010,2011,68,Best Original Score - Motion Picture,127 Hours,A. R. Rahman,FALSE,,
2010,2011,68,Best Performance by an Actor in a Motion Picture - Drama,127 Hours,James Franco,FALSE,,
2010,2011,68,Best Screenplay - Motion Picture,127 Hours,Danny Boyle,FALSE,,
2010,2011,68,Best Screenplay - Motion Picture,127 Hours,Simon Beaufoy,FALSE,,
2010,2011,68,Best Performance by an Actor in a Television Series - Musical or Comedy,30 Rock,Alec Baldwin,FALSE,,
2010,2011,68,Best Performance by an Actress in a Television Series - Musical or Comedy,30 Rock,Tina Fey,FALSE,,
2010,2011,68,Best Television Series - Musical or Comedy,30 Rock,,FALSE,,
2010,2011,68,Best Motion Picture - Musical or Comedy,Alice in Wonderland,,FALSE,,
2010,2011,68,Best Original Score - Motion Picture,Alice in Wonderland,Danny Elfman,FALSE,,
2010,2011,68,Best Performance by an Actor in a Motion Picture - Musical or Comedy,Alice in Wonderland,Johnny Depp,FALSE,,
2010,2011,68,Best Performance by an Actress in a Supporting Role in any Motion Picture,Animal Kingdom,Jacki Weaver,FALSE,,
2010,2011,68,Best Performance by an Actor in a Motion Picture - Musical or Comedy,Barney's Version,Paul Giamatti,TRUE,,
2010,2011,68,Best Motion Picture - Foreign Language,Biutiful,Alejandro González Iñárritu,FALSE,,"Spain,Mexico,Spain"
2010,2011,68,Best Director - Motion Picture,Black Swan,Darren Aronofsky,FALSE,,
2010,2011,68,Best Motion Picture - Drama,Black Swan,,FALSE,,
2010,2011,68,Best Performance by an Actress in a Motion Picture - Drama,Black Swan,Natalie Portman,TRUE,,
2010,2011,68,Best Performance by an Actress in a Supporting Role in any Motion Picture,Black Swan,Mila Kunis,FALSE,,
2010,2011,68,Best Performance by an Actor in a Motion Picture - Drama,Blue Valentine,Ryan Gosling,FALSE,,
2010,2011,68,Best Performance by an Actress in a Motion Picture - Drama,Blue Valentine,Michelle Williams,FALSE,,
2010,2011,68,Best Performance by an Actor In A Television Series - Drama,Boardwalk Empire,Steve Buscemi,TRUE,,
2010,2011,68,"Best Performance by an Actress in a Supporting Role in a Series, Limited Series or Motion Picture Made for Television",Boardwalk Empire,Kelly MacDonald,FALSE,,
2010,2011,68,Best Television Series - Drama,Boardwalk Empire,,TRUE,,
2010,2011,68,Best Performance by an Actor In A Television Series - Drama,Breaking Bad,Bryan Cranston,FALSE,,
2010,2011,68,Best Motion Picture - Musical or Comedy,Burlesque,,FALSE,,
2010,2011,68,Best Original Song - Motion Picture,Burlesque,Diane Warren,TRUE,"""You Haven't Seen The Last of Me""",
2010,2011,68,Best Original Song - Motion Picture,Burlesque,Sia,FALSE,"""Bound To You""",
2010,2011,68,Best Original Song - Motion Picture,Burlesque,Christina Aguilera,FALSE,"""Bound To You""",
2010,2011,68,Best Original Song - Motion Picture,Burlesque,Samuel Dixon,FALSE,"""Bound To You""",
2010,2011,68,Best Performance by an Actor in a Limited Series or a Motion Picture Made for Television,Carlos,Edgar Ramírez,FALSE,,
2010,2011,68,Best Television Limited Series or Motion Picture Made for Television,Carlos,,TRUE,,
2010,2011,68,Best Performance by an Actor in a Motion Picture - Musical or Comedy,Casino Jack,Kevin Spacey,FALSE,,
2010,2011,68,Best Original Song - Motion Picture,Country Strong,Bob DiPiero,FALSE,"""Coming Home""",
2010,2011,68,Best Original Song - Motion Picture,Country Strong,Tom Douglas,FALSE,"""Coming Home""",
2010,2011,68,Best Original Song - Motion Picture,Country Strong,Hillary Lindsey,FALSE,"""Coming Home""",
2010,2011,68,Best Original Song - Motion Picture,Country Strong,Troy Verges,FALSE,"""Coming Home""",
2010,2011,68,Best Performance by an Actress In A Television Series - Drama,Covert Affairs,Piper Perabo,FALSE,,
2010,2011,68,Best Motion Picture - Animated,Despicable Me,,FALSE,,
2010,2011,68,Best Performance by an Actor In A Television Series - Drama,Dexter,Michael C. Hall,FALSE,,
2010,2011,68,"Best Performance by an Actress in a Supporting Role in a Series, Limited Series or Motion Picture Made for Television",Dexter,Julia Stiles,FALSE,,
2010,2011,68,Best Television Series - Drama,Dexter,,FALSE,,
2010,2011,68,Best Performance by an Actress in a Motion Picture - Musical or Comedy,Easy A,Emma Stone,FALSE,,
2010,2011,68,Best Performance by an Actress in a Limited Series or a Motion Picture Made for Television,Emma,Romola Garai,FALSE,,
2010,2011,68,Best Performance by an Actress in a Motion Picture - Drama,Frankie and Alice,Halle Berry,FALSE,,
2010,2011,68,"Best Performance by an Actor in a Supporting Role in a Series, Limited Series or Motion Picture Made for Television",Glee,Chris Colfer,TRUE,,
2010,2011,68,Best Performance by an Actor in a Television Series - Musical or Comedy,Glee,Matthew Morrison,FALSE,,
2010,2011,68,"Best Performance by an Actress in a Supporting Role in a Series, Limited Series or Motion Picture Made for Television",Glee,Jane Lynch,TRUE,,
2010,2011,68,Best Performance by an Actress in a Television Series - Musical or Comedy,Glee,Lea Michele,FALSE,,
2010,2011,68,Best Television Series - Musical or Comedy,Glee,,TRUE,,
2010,2011,68,"Best Performance by an Actor in a Supporting Role in a Series, Limited Series or Motion Picture Made for Television",Hawaii Five-O,Scott Caan,FALSE,,
2010,2011,68,Best Performance by an Actor In A Television Series - Drama,House,Hugh Laurie,FALSE,,
2010,2011,68,Best Motion Picture - Animated,How To Train Your Dragon,,FALSE,,
2010,2011,68,Best Performance by an Actor in a Television Series - Musical or Comedy,Hung,Thomas Jane,FALSE,,
2010,2011,68,Best Motion Picture - Foreign Language,I Am Love,Luca Guadagnino,FALSE,,Italy
2010,2011,68,Best Motion Picture - Foreign Language,In A Better World,Susanne Bier,TRUE,,Denmark
2010,2011,68,Best Director - Motion Picture,Inception,Christopher Nolan,FALSE,,
2010,2011,68,Best Motion Picture - Drama,Inception,,FALSE,,
2010,2011,68,Best Original Score - Motion Picture,Inception,Hans Zimmer,FALSE,,
2010,2011,68,Best Screenplay - Motion Picture,Inception,Christopher Nolan,FALSE,,
2010,2011,68,Best Performance by an Actor in a Motion Picture - Musical or Comedy,Love & Other Drugs,Jake Gyllenhaal,FALSE,,
2010,2011,68,Best Performance by an Actress in a Motion Picture - Musical or Comedy,Love & Other Drugs,Anne Hathaway,FALSE,,
2010,2011,68,Best Performance by an Actor in a Limited Series or a Motion Picture Made for Television,Luther,Idris Elba,FALSE,,
2010,2011,68,Best Performance by an Actor In A Television Series - Drama,Mad Men,Jon Hamm,FALSE,,
2010,2011,68,Best Performance by an Actress In A Television Series - Drama,Mad Men,Elisabeth Moss,FALSE,,
2010,2011,68,Best Television Series - Drama,Mad Men,,FALSE,,
2010,2011,68,"Best Performance by an Actor in a Supporting Role in a Series, Limited Series or Motion Picture Made for Television",Modern Family,Eric Stonestreet,FALSE,,
2010,2011,68,"Best Performance by an Actress in a Supporting Role in a Series, Limited Series or Motion Picture Made for Television",Modern Family,Sofia Vergara,FALSE,,
2010,2011,68,Best Television Series - Musical or Comedy,Modern Family,,FALSE,,
2010,2011,68,Best Performance by an Actress in a Television Series - Musical or Comedy,Nurse Jackie,Edie Falco,FALSE,,
2010,2011,68,Best Television Series - Musical or Comedy,Nurse Jackie,,FALSE,,
2010,2011,68,Best Performance by an Actor in a Limited Series or a Motion Picture Made for Television,Pillars Of The Earth,Ian McShane,FALSE,,
2010,2011,68,Best Performance by an Actress in a Limited Series or a Motion Picture Made for Television,Pillars Of The Earth,Hayley Atwell,FALSE,,
2010,2011,68,Best Television Limited Series or Motion Picture Made for Television,Pillars Of The Earth,,FALSE,,
2010,2011,68,Best Performance by an Actress in a Motion Picture - Drama,Rabbit Hole,Nicole Kidman,FALSE,,
2010,2011,68,Best Motion Picture - Musical or Comedy,Red,,FALSE,,
2010,2011,68,Best Performance by an Actress in a Limited Series or a Motion Picture Made for Television,Return To Cranford,Judi Dench,FALSE,,
2010,2011,68,Best Performance by an Actress In A Television Series - Drama,Sons of Anarchy,Katey Sagal,TRUE,,
2010,2011,68,Best Motion Picture - Animated,Tangled,,FALSE,,
2010,2011,68,Best Original Song - Motion Picture,Tangled,Alan Menken,FALSE,I See The Light,
2010,2011,68,Best Original Song - Motion Picture,Tangled,Glenn Slater,FALSE,I See The Light,
2010,2011,68,"Best Performance by an Actor in a Supporting Role in a Series, Limited Series or Motion Picture Made for Television",Temple Grandin,David Strathairn,FALSE,,
2010,2011,68,Best Performance by an Actress in a Limited Series or a Motion Picture Made for Television,Temple Grandin,Claire Danes,TRUE,,
2010,2011,68,Best Television Limited Series or Motion Picture Made for Television,Temple Grandin,,FALSE,,
2010,2011,68,Best Performance by an Actor in a Television Series - Musical or Comedy,The Big Bang Theory,Jim Parsons,TRUE,,
2010,2011,68,Best Television Series - Musical or Comedy,The Big Bang Theory,,FALSE,,
2010,2011,68,Best Performance by an Actress in a Television Series - Musical or Comedy,The Big C,Laura Linney,TRUE,,
2010,2011,68,Best Television Series - Musical or Comedy,The Big C,,FALSE,,
2010,2011,68,Best Original Song - Motion Picture,The Chronicles of Narnia: The Voyage of The Dawn Treader,Carrie Underwood,FALSE,"""There's A Place For Us""",
2010,2011,68,Best Original Song - Motion Picture,The Chronicles of Narnia: The Voyage of The Dawn Treader,David Hodges,FALSE,"""There's A Place For Us""",
2010,2011,68,Best Original Song - Motion Picture,The Chronicles of Narnia: The Voyage of The Dawn Treader,Hillary Lindsey,FALSE,"""There's A Place For Us""",
2010,2011,68,Best Performance by an Actress in a Limited Series or a Motion Picture Made for Television,The Client List,Jennifer Love Hewitt,FALSE,,
2010,2011,68,Best Performance by an Actress In A Television Series - Drama,The Closer,Kyra Sedgwick,FALSE,,
2010,2011,68,Best Motion Picture - Foreign Language,The Concert,Radu Mihaileanu,FALSE,,France
2010,2011,68,Best Motion Picture - Foreign Language,The Edge,Aleksey Uchitel,FALSE,,Russia
2010,2011,68,Best Director - Motion Picture,The Fighter,David O. Russell,FALSE,,
2010,2011,68,Best Motion Picture - Drama,The Fighter,,FALSE,,
2010,2011,68,Best Performance by an Actor in a Motion Picture - Drama,The Fighter,Mark Wahlberg,FALSE,,
2010,2011,68,Best Performance by an Actor in a Supporting Role in any Motion Picture,The Fighter,Christian Bale,TRUE,,
2010,2011,68,Best Performance by an Actress in a Supporting Role in any Motion Picture,The Fighter,Amy Adams,FALSE,,
2010,2011,68,Best Performance by an Actress in a Supporting Role in any Motion Picture,The Fighter,Melissa Leo,TRUE,,
2010,2011,68,"Best Performance by an Actor in a Supporting Role in a Series, Limited Series or Motion Picture Made for Television",The Good Wife,Chris Noth,FALSE,,
2010,2011,68,Best Performance by an Actress In A Television Series - Drama,The Good Wife,Julianna Margulies,FALSE,,
2010,2011,68,Best Television Series - Drama,The Good Wife,,FALSE,,
2010,2011,68,Best Motion Picture - Animated,The Illusionist,,FALSE,,
2010,2011,68,Best Motion Picture - Musical or Comedy,The Kids Are All Right,,TRUE,,
2010,2011,68,Best Performance by an Actress in a Motion Picture - Musical or Comedy,The Kids Are All Right,Annette Bening,TRUE,,
2010,2011,68,Best Performance by an Actress in a Motion Picture - Musical or Comedy,The Kids Are All Right,Julianne Moore,FALSE,,
2010,2011,68,Best Screenplay - Motion Picture,The Kids Are All Right,Lisa Cholodenko,FALSE,,
2010,2011,68,Best Screenplay - Motion Picture,The Kids Are All Right,Stuart Blumberg,FALSE,,
2010,2011,68,Best Director - Motion Picture,The King's Speech,Tom Hooper,FALSE,,
2010,2011,68,Best Motion Picture - Drama,The King's Speech,,FALSE,,
2010,2011,68,Best Original Score - Motion Picture,The King's Speech,Alexandre Desplat,FALSE,,
2010,2011,68,Best Performance by an Actor in a Motion Picture - Drama,The King's Speech,Colin Firth,TRUE,,
2010,2011,68,Best Performance by an Actor in a Supporting Role in any Motion Picture,The King's Speech,Geoffrey Rush,FALSE,,
2010,2011,68,Best Performance by an Actress in a Supporting Role in any Motion Picture,The King's Speech,Helena Bonham Carter,FALSE,,
2010,2011,68,Best Screenplay - Motion Picture,The King's Speech,David Seidler,FALSE,,
2010,2011,68,Best Performance by an Actor in a Television Series - Musical or Comedy,The Office,Steve Carell,FALSE,,
2010,2011,68,Best Television Limited Series or Motion Picture Made for Television,The Pacific,,FALSE,,
2010,2011,68,Best Director - Motion Picture,The Social Network,David Fincher,TRUE,,
2010,2011,68,Best Motion Picture - Drama,The Social Network,,TRUE,,
2010,2011,68,Best Original Score - Motion Picture,The Social Network,Trent Reznor,TRUE,,
2010,2011,68,Best Original Score - Motion Picture,The Social Network,Atticus Ross,TRUE,,
2010,2011,68,Best Performance by an Actor in a Motion Picture - Drama,The Social Network,Jesse Eisenberg,FALSE,,
2010,2011,68,Best Performance by an Actor in a Supporting Role in any Motion Picture,The Social Network,Andrew Garfield,FALSE,,
2010,2011,68,Best Screenplay - Motion Picture,The Social Network,Aaron Sorkin,TRUE,,
2010,2011,68,Best Performance by an Actor in a Limited Series or a Motion Picture Made for Television,The Special Relationship,Dennis Quaid,FALSE,,
2010,2011,68,"Best Performance by an Actress in a Supporting Role in a Series, Limited Series or Motion Picture Made for Television",The Special Relationship,Hope Davis,FALSE,,
2010,2011,68,Best Motion Picture - Musical or Comedy,The Tourist,,FALSE,,
2010,2011,68,Best Performance by an Actor in a Motion Picture - Musical or Comedy,The Tourist,Johnny Depp,FALSE,,
2010,2011,68,Best Performance by an Actress in a Motion Picture - Musical or Comedy,The Tourist,Angelina Jolie,FALSE,,
2010,2011,68,Best Performance by an Actor in a Supporting Role in any Motion Picture,The Town,Jeremy Renner,FALSE,,
2010,2011,68,Best Television Series - Drama,The Walking Dead,,FALSE,,
2010,2011,68,Best Motion Picture - Animated,Toy Story 3,,TRUE,,
2010,2011,68,Best Performance by an Actress in a Television Series - Musical or Comedy,United States Of Tara,Toni Collette,FALSE,,
2010,2011,68,Best Performance by an Actor in a Supporting Role in any Motion Picture,Wall Street: Money Never Sleeps,Michael Douglas,FALSE,,
2010,2011,68,Best Performance by an Actress in a Motion Picture - Drama,Winter's Bone,Jennifer Lawrence,FALSE,,
2010,2011,68,Best Performance by an Actor in a Limited Series or a Motion Picture Made for Television,You Don't Know Jack,Al Pacino,TRUE,,
2010,2011,68,Best Television Limited Series or Motion Picture Made for Television,You Don't Know Jack,,FALSE,,
2010,2011,68,Cecil B. deMille Award,,Robert De Niro,FALSE,,
2011,2012,69,Best Performance by an Actor in a Television Series - Musical or Comedy,30 Rock,Alec Baldwin,FALSE,,
2011,2012,69,Best Performance by an Actress in a Television Series - Musical or Comedy,30 Rock,Tina Fey,FALSE,,
2011,2012,69,Best Motion Picture - Musical or Comedy,50/50,,FALSE,,
2011,2012,69,Best Performance by an Actor in a Motion Picture - Musical or Comedy,50/50,Joseph Gordon-Levitt,FALSE,,
2011,2012,69,Best Performance by an Actor in a Supporting Role in any Motion Picture,A Dangerous Method,Viggo Mortensen,FALSE,,
2011,2012,69,Best Motion Picture - Foreign Language,A Separation,Asghar Farhadi,TRUE,,Iran
2011,2012,69,Best Original Song - Motion Picture,Albert Nobbs,Brian Byrne,FALSE,"""Lay Your Head Down""",
2011,2012,69,Best Original Song - Motion Picture,Albert Nobbs,Glenn Close,FALSE,"""Lay Your Head Down""",
2011,2012,69,Best Performance by an Actress in a Motion Picture - Drama,Albert Nobbs,Glenn Close,FALSE,,
2011,2012,69,Best Performance by an Actress in a Supporting Role in any Motion Picture,Albert Nobbs,Janet McTeer,FALSE,,
2011,2012,69,"Best Performance by an Actress in a Supporting Role in a Series, Limited Series or Motion Picture Made for Television",American Horror Story,Jessica Lange,TRUE,,
2011,2012,69,Best Television Series - Drama,American Horror Story: Asylum,,FALSE,,
2011,2012,69,Best Performance by an Actress in a Limited Series or a Motion Picture Made for Television,Appropriate Adult,Emily Watson,FALSE,,
2011,2012,69,Best Motion Picture - Animated,Arthur Christmas,,FALSE,,
2011,2012,69,Best Performance by an Actor in a Supporting Role in any Motion Picture,Beginners,Christopher Plummer,TRUE,,
2011,2012,69,Best Performance by an Actor In A Television Series - Drama,Boardwalk Empire,Steve Buscemi,FALSE,,
2011,2012,69,"Best Performance by an Actress in a Supporting Role in a Series, Limited Series or Motion Picture Made for Television",Boardwalk Empire,Kelly MacDonald,FALSE,,
2011,2012,69,Best Television Series - Drama,Boardwalk Empire,,FALSE,,
2011,2012,69,Best Performance by an Actor In A Television Series - Drama,Boss,Kelsey Grammer,TRUE,,
2011,2012,69,Best Television Series - Drama,Boss,,FALSE,,
2011,2012,69,Best Performance by an Actor In A Television Series - Drama,Breaking Bad,Bryan Cranston,FALSE,,
2011,2012,69,Best Motion Picture - Musical or Comedy,Bridesmaids,,FALSE,,
2011,2012,69,Best Performance by an Actress in a Motion Picture - Musical or Comedy,Bridesmaids,Kristen Wiig,FALSE,,
2011,2012,69,Best Performance by an Actor in a Television Series - Musical or Comedy,Californication,David Duchovny,FALSE,,
2011,2012,69,Best Performance by an Actress in a Motion Picture - Musical or Comedy,Carnage,Jodie Foster,FALSE,,
2011,2012,69,Best Performance by an Actress in a Motion Picture - Musical or Comedy,Carnage,Kate Winslet,FALSE,,
2011,2012,69,Best Motion Picture - Animated,Cars 2,,FALSE,,
2011,2012,69,"Best Performance by an Actor in a Supporting Role in a Series, Limited Series or Motion Picture Made for Television",Cinema Verite,Tim Robbins,FALSE,,
2011,2012,69,Best Performance by an Actress in a Limited Series or a Motion Picture Made for Television,Cinema Verite,Diane Lane,FALSE,,
2011,2012,69,Best Television Limited Series or Motion Picture Made for Television,Cinema Verite,,FALSE,,
2011,2012,69,Best Performance by an Actor in a Motion Picture - Musical or Comedy,"Crazy, Stupid, Love.",Ryan Gosling,FALSE,,
2011,2012,69,Best Performance by an Actor in a Limited Series or a Motion Picture Made for Television,Downton Abbey,Hugh Bonneville,FALSE,,
2011,2012,69,Best Performance by an Actress in a Limited Series or a Motion Picture Made for Television,Downton Abbey,Elizabeth McGovern,FALSE,,
2011,2012,69,"Best Performance by an Actress in a Supporting Role in a Series, Limited Series or Motion Picture Made for Television",Downton Abbey,Maggie Smith,FALSE,,
2011,2012,69,Best Television Limited Series or Motion Picture Made for Television,Downton Abbey,,TRUE,,
2011,2012,69,Best Performance by an Actor in a Supporting Role in any Motion Picture,Drive,Albert Brooks,FALSE,,
2011,2012,69,Best Performance by an Actress in a Television Series - Musical or Comedy,Enlightened,Laura Dern,TRUE,,
2011,2012,69,Best Television Series - Musical or Comedy,Enlightened,,FALSE,,
2011,2012,69,Best Performance by an Actor in a Television Series - Musical or Comedy,Episodes,Matt LeBlanc,TRUE,,
2011,2012,69,Best Television Series - Musical or Comedy,Episodes,,FALSE,,
2011,2012,69,"Best Performance by an Actor in a Supporting Role in a Series, Limited Series or Motion Picture Made for Television",Game of Thrones,Peter Dinklage,TRUE,,
2011,2012,69,Best Television Series - Drama,Game of Thrones,,FALSE,,
2011,2012,69,Best Television Series - Musical or Comedy,Glee,,FALSE,,
2011,2012,69,Best Original Song - Motion Picture,Gnomeo & Juliet,Elton John,FALSE,Hello Hello,
2011,2012,69,Best Original Song - Motion Picture,Gnomeo & Juliet,Lady Gaga,FALSE,Hello Hello,
2011,2012,69,Best Original Song - Motion Picture,Gnomeo & Juliet,Bernie Taupin,FALSE,Hello Hello,
2011,2012,69,Best Performance by an Actor In A Television Series - Drama,Homeland,Damian Lewis,FALSE,,
2011,2012,69,Best Performance by an Actress In A Television Series - Drama,Homeland,Claire Danes,TRUE,,
2011,2012,69,Best Television Series - Drama,Homeland,,TRUE,,
2011,2012,69,Best Director - Motion Picture,Hugo,Martin Scorsese,TRUE,,
2011,2012,69,Best Motion Picture - Drama,Hugo,,FALSE,,
2011,2012,69,Best Original Score - Motion Picture,Hugo,Howard Shore,FALSE,,
2011,2012,69,Best Performance by an Actor in a Television Series - Musical or Comedy,Hung,Thomas Jane,FALSE,,
2011,2012,69,Best Motion Picture - Foreign Language,In The Land Of Blood And Honey,Angelina Jolie,FALSE,,United States
2011,2012,69,Best Performance by an Actor in a Motion Picture - Drama,J. Edgar,Leonardo DiCaprio,FALSE,,
2011,2012,69,Best Performance by an Actor in a Limited Series or a Motion Picture Made for Television,Luther,Idris Elba,TRUE,,
2011,2012,69,Best Original Song - Motion Picture,Machine Gun Preacher,Chris Cornell,FALSE,"""The Keeper""",
2011,2012,69,Best Director - Motion Picture,Midnight In Paris,Woody Allen,FALSE,,
2011,2012,69,Best Motion Picture - Musical or Comedy,Midnight In Paris,,FALSE,,
2011,2012,69,Best Performance by an Actor in a Motion Picture - Musical or Comedy,Midnight In Paris,Owen Wilson,FALSE,,
2011,2012,69,Best Screenplay - Motion Picture,Midnight In Paris,Woody Allen,TRUE,,
2011,2012,69,"Best Performance by an Actor in a Supporting Role in a Series, Limited Series or Motion Picture Made for Television",Mildred Pierce,Guy Pearce,FALSE,,
2011,2012,69,Best Performance by an Actress in a Limited Series or a Motion Picture Made for Television,Mildred Pierce,Kate Winslet,TRUE,,
2011,2012,69,"Best Performance by an Actress in a Supporting Role in a Series, Limited Series or Motion Picture Made for Television",Mildred Pierce,Evan Rachel Wood,FALSE,,
2011,2012,69,Best Television Limited Series or Motion Picture Made for Television,Mildred Pierce,,FALSE,,
2011,2012,69,"Best Performance by an Actor in a Supporting Role in a Series, Limited Series or Motion Picture Made for Television",Modern Family,Eric Stonestreet,FALSE,,
2011,2012,69,"Best Performance by an Actress in a Supporting Role in a Series, Limited Series or Motion Picture Made for Television",Modern Family,Sofia Vergara,FALSE,,
2011,2012,69,Best Television Series - Musical or Comedy,Modern Family,,TRUE,,
2011,2012,69,Best Motion Picture - Drama,Moneyball,,FALSE,,
2011,2012,69,Best Performance by an Actor in a Motion Picture - Drama,Moneyball,Brad Pitt,FALSE,,
2011,2012,69,Best Performance by an Actor in a Supporting Role in any Motion Picture,Moneyball,Jonah Hill,FALSE,,
2011,2012,69,Best Screenplay - Motion Picture,Moneyball,Aaron Sorkin,FALSE,,
2011,2012,69,Best Screenplay - Motion Picture,Moneyball,Steve Zaillian,FALSE,,
2011,2012,69,Best Screenplay - Motion Picture,Moneyball,Stan Chervin,FALSE,,
2011,2012,69,Best Motion Picture - Musical or Comedy,My Week With Marilyn,,FALSE,,
2011,2012,69,Best Performance by an Actor in a Supporting Role in any Motion Picture,My Week With Marilyn,Kenneth Branagh,FALSE,,
2011,2012,69,Best Performance by an Actress in a Motion Picture - Musical or Comedy,My Week With Marilyn,Michelle Williams,TRUE,,
2011,2012,69,Best Performance by an Actress In A Television Series - Drama,Necessary Roughness,Callie Thorne,FALSE,,
2011,2012,69,Best Performance by an Actress in a Television Series - Musical or Comedy,New Girl,Zooey Deschanel,FALSE,,
2011,2012,69,Best Television Series - Musical or Comedy,New Girl,,FALSE,,
2011,2012,69,Best Performance by an Actor in a Limited Series or a Motion Picture Made for Television,Page Eight,Bill Nighy,FALSE,,
2011,2012,69,Best Performance by an Actress in a Television Series - Musical or Comedy,Parks And Recreation,Amy Poehler,FALSE,,
2011,2012,69,Best Motion Picture - Animated,Puss In Boots,,FALSE,,
2011,2012,69,Best Motion Picture - Animated,Rango,,FALSE,,
2011,2012,69,Best Performance by an Actress In A Television Series - Drama,Revenge,Madeleine Stowe,FALSE,,
2011,2012,69,Best Performance by an Actor in a Motion Picture - Drama,Shame,Michael Fassbender,FALSE,,
2011,2012,69,Best Motion Picture - Animated,The Adventures of Tintin,,TRUE,,
2011,2012,69,Best Director - Motion Picture,The Artist,Michel Hazanavicius,FALSE,,
2011,2012,69,Best Motion Picture - Musical or Comedy,The Artist,,TRUE,,
2011,2012,69,Best Original Score - Motion Picture,The Artist,Ludovic Bource,TRUE,,
2011,2012,69,Best Performance by an Actor in a Motion Picture - Musical or Comedy,The Artist,Jean Dujardin,TRUE,,
2011,2012,69,Best Performance by an Actress in a Supporting Role in any Motion Picture,The Artist,Bérénice Bejo,FALSE,,
2011,2012,69,Best Screenplay - Motion Picture,The Artist,Michel Hazanavicius,FALSE,,
2011,2012,69,Best Performance by an Actor in a Television Series - Musical or Comedy,The Big Bang Theory,Johnny Galecki,FALSE,,
2011,2012,69,Best Performance by an Actress in a Television Series - Musical or Comedy,The Big C,Laura Linney,FALSE,,
2011,2012,69,Best Performance by an Actor In A Television Series - Drama,The Borgias,Jeremy Irons,FALSE,,
2011,2012,69,Best Director - Motion Picture,The Descendants,Alexander Payne,FALSE,,
2011,2012,69,Best Motion Picture - Drama,The Descendants,,TRUE,,
2011,2012,69,Best Performance by an Actor in a Motion Picture - Drama,The Descendants,George Clooney,TRUE,,
2011,2012,69,Best Performance by an Actress in a Supporting Role in any Motion Picture,The Descendants,Shailene Woodley,FALSE,,
2011,2012,69,Best Screenplay - Motion Picture,The Descendants,Nat Faxon,FALSE,,
2011,2012,69,Best Screenplay - Motion Picture,The Descendants,Jim Rash,FALSE,,
2011,2012,69,Best Screenplay - Motion Picture,The Descendants,Alexander Payne,FALSE,,
2011,2012,69,Best Motion Picture - Foreign Language,The Flowers Of War,Zhang Yimou,FALSE,,China
2011,2012,69,Best Original Score - Motion Picture,The Girl With The Dragon Tattoo,Atticus Ross,FALSE,,
2011,2012,69,Best Original Score - Motion Picture,The Girl With The Dragon Tattoo,Trent Reznor,FALSE,,
2011,2012,69,Best Performance by an Actress in a Motion Picture - Drama,The Girl With The Dragon Tattoo,Rooney Mara,FALSE,,
2011,2012,69,Best Performance by an Actress In A Television Series - Drama,The Good Wife,Julianna Margulies,FALSE,,
2011,2012,69,Best Performance by an Actor in a Motion Picture - Musical or Comedy,The Guard,Brendan Gleeson,FALSE,,
2011,2012,69,Best Motion Picture - Drama,The Help,,FALSE,,
2011,2012,69,Best Original Song - Motion Picture,The Help,Mary J. Blige,FALSE,"""The Living Proof""",
2011,2012,69,Best Original Song - Motion Picture,The Help,Thomas Newman,FALSE,"""The Living Proof""",
2011,2012,69,Best Original Song - Motion Picture,The Help,Harvey Mason,FALSE,"""The Living Proof""",
2011,2012,69,Best Original Song - Motion Picture,The Help,Jr.,FALSE,"""The Living Proof""",
2011,2012,69,Best Original Song - Motion Picture,The Help,Damon Thomas,FALSE,"""The Living Proof""",
2011,2012,69,Best Performance by an Actress in a Motion Picture - Drama,The Help,Viola Davis,FALSE,,
2011,2012,69,Best Performance by an Actress in a Supporting Role in any Motion Picture,The Help,Jessica Chastain,FALSE,,
2011,2012,69,Best Performance by an Actress in a Supporting Role in any Motion Picture,The Help,Octavia Spencer,TRUE,,
2011,2012,69,Best Performance by an Actor in a Limited Series or a Motion Picture Made for Television,The Hour,Dominic West,FALSE,,
2011,2012,69,Best Performance by an Actress in a Limited Series or a Motion Picture Made for Television,The Hour,Romola Garai,FALSE,,
2011,2012,69,Best Television Limited Series or Motion Picture Made for Television,The Hour,,FALSE,,
2011,2012,69,Best Director - Motion Picture,The Ides of March,George Clooney,FALSE,,
2011,2012,69,Best Motion Picture - Drama,The Ides of March,,FALSE,,
2011,2012,69,Best Performance by an Actor in a Motion Picture - Drama,The Ides of March,Ryan Gosling,FALSE,,
2011,2012,69,Best Screenplay - Motion Picture,The Ides of March,George Clooney,FALSE,,
2011,2012,69,Best Screenplay - Motion Picture,The Ides of March,Grant Heslov,FALSE,,
2011,2012,69,Best Screenplay - Motion Picture,The Ides of March,Beau Willimon,FALSE,,
2011,2012,69,Best Performance by an Actress in a Motion Picture - Drama,The Iron Lady,Meryl Streep,TRUE,,
2011,2012,69,Best Motion Picture - Foreign Language,The Kid With A Bike,Jean-Pierre Dardenne,FALSE,,"Belgium,Belgium"
2011,2012,69,Best Motion Picture - Foreign Language,The Kid With A Bike,Luc Dardenne,FALSE,,"Belgium,Belgium"
2011,2012,69,Best Performance by an Actress In A Television Series - Drama,The Killing,Mireille Enos,FALSE,,
2011,2012,69,Best Motion Picture - Foreign Language,The Skin I Live In,Pedro Almodóvar,FALSE,,Spain
2011,2012,69,Best Performance by an Actor in a Limited Series or a Motion Picture Made for Television,Too Big To Fail,William Hurt,FALSE,,
2011,2012,69,"Best Performance by an Actor in a Supporting Role in a Series, Limited Series or Motion Picture Made for Television",Too Big To Fail,Paul Giamatti,FALSE,,
2011,2012,69,Best Television Limited Series or Motion Picture Made for Television,Too Big To Fail,,FALSE,,
2011,2012,69,Best Original Score - Motion Picture,W.E.,Abel Korzeniowski,FALSE,,
2011,2012,69,Best Original Song - Motion Picture,W.E.,Madonna,TRUE,"""Masterpiece""",
2011,2012,69,Best Original Song - Motion Picture,W.E.,Julie Frost,TRUE,"""Masterpiece""",
2011,2012,69,Best Original Song - Motion Picture,W.E.,Jimmy Harry,TRUE,"""Masterpiece""",
2011,2012,69,Best Motion Picture - Drama,War Horse,,FALSE,,
2011,2012,69,Best Original Score - Motion Picture,War Horse,John Williams,FALSE,,
2011,2012,69,Best Performance by an Actress in a Motion Picture - Drama,We Need To Talk About Kevin,Tilda Swinton,FALSE,,
2011,2012,69,Best Performance by an Actress in a Motion Picture - Musical or Comedy,Young Adult,Charlize Theron,FALSE,,
2011,2012,69,Cecil B. deMille Award,,Morgan Freeman,FALSE,,
2012,2013,70,Best Performance by an Actor in a Television Series - Musical or Comedy,30 Rock,Alec Baldwin,FALSE,,
2012,2013,70,Best Performance by an Actress in a Television Series - Musical or Comedy,30 Rock,Tina Fey,FALSE,,
2012,2013,70,Best Motion Picture - Foreign Language,A Royal Affair,Nikolaj Arcel,FALSE,,Denmark
2012,2013,70,Best Original Song - Motion Picture,Act of Valor,Keith Urban,FALSE,"""For You""",
2012,2013,70,Best Original Song - Motion Picture,Act of Valor,Monty Powell,FALSE,"""For You""",
2012,2013,70,Best Performance by an Actress in a Limited Series or a Motion Picture Made for Television,American Horror Story: Asylum,Jessica Lange,FALSE,,
2012,2013,70,Best Motion Picture - Foreign Language,Amour,Michael Haneke,TRUE,,Austria
2012,2013,70,Best Original Score - Motion Picture,Anna Karenina,Dario Marianelli,FALSE,,
2012,2013,70,Best Performance by an Actor in a Motion Picture - Drama,Arbitrage,Richard Gere,FALSE,,
2012,2013,70,Best Director - Motion Picture,Argo,Ben Affleck,TRUE,,
2012,2013,70,Best Motion Picture - Drama,Argo,,TRUE,,
2012,2013,70,Best Original Score - Motion Picture,Argo,Alexandre Desplat,FALSE,,
2012,2013,70,Best Performance by an Actor in a Supporting Role in any Motion Picture,Argo,Alan Arkin,FALSE,,
2012,2013,70,Best Screenplay - Motion Picture,Argo,Chris Terrio,FALSE,,
2012,2013,70,Best Performance by an Actor in a Motion Picture - Musical or Comedy,Bernie,Jack Black,FALSE,,
2012,2013,70,Best Performance by an Actor In A Television Series - Drama,Boardwalk Empire,Steve Buscemi,FALSE,,
2012,2013,70,Best Television Series - Drama,Boardwalk Empire,,FALSE,,
2012,2013,70,Best Motion Picture - Animated,Brave,,TRUE,,
2012,2013,70,Best Performance by an Actor In A Television Series - Drama,Breaking Bad,Bryan Cranston,FALSE,,
2012,2013,70,Best Television Series - Drama,Breaking Bad,,FALSE,,
2012,2013,70,Best Original Score - Motion Picture,Cloud Atlas,Tom Tykwer,FALSE,,
2012,2013,70,Best Original Score - Motion Picture,Cloud Atlas,Johnny Klimek,FALSE,,
2012,2013,70,Best Original Score - Motion Picture,Cloud Atlas,Reinhold Heil,FALSE,,
2012,2013,70,Best Performance by an Actress In A Television Series - Drama,Damages,Glenn Close,FALSE,,
2012,2013,70,Best Director - Motion Picture,Django Unchained,Quentin Tarantino,FALSE,,
2012,2013,70,Best Motion Picture - Drama,Django Unchained,,FALSE,,
2012,2013,70,Best Performance by an Actor in a Supporting Role in any Motion Picture,Django Unchained,Christoph Waltz,TRUE,,
2012,2013,70,Best Performance by an Actor in a Supporting Role in any Motion Picture,Django Unchained,Leonardo DiCaprio,FALSE,,
2012,2013,70,Best Screenplay - Motion Picture,Django Unchained,Quentin Tarantino,TRUE,,
2012,2013,70,"Best Performance by an Actress in a Supporting Role in a Series, Limited Series or Motion Picture Made for Television",Downton Abbey,Maggie Smith,TRUE,,
2012,2013,70,Best Performance by an Actress In A Television Series - Drama,Downton Abbey,Michelle Dockery,FALSE,,
2012,2013,70,Best Television Series - Drama,Downton Abbey,,FALSE,,
2012,2013,70,Best Performance by an Actor in a Television Series - Musical or Comedy,Episodes,Matt LeBlanc,FALSE,,
2012,2013,70,Best Television Series - Musical or Comedy,Episodes,,FALSE,,
2012,2013,70,Best Performance by an Actor in a Motion Picture - Drama,Flight,Denzel Washington,FALSE,,
2012,2013,70,Best Motion Picture - Animated,Frankenweenie,,FALSE,,
2012,2013,70,Best Performance by an Actor in a Limited Series or a Motion Picture Made for Television,Game Change,Woody Harrelson,FALSE,,
2012,2013,70,"Best Performance by an Actor in a Supporting Role in a Series, Limited Series or Motion Picture Made for Television",Game Change,Ed Harris,TRUE,,
2012,2013,70,Best Performance by an Actress in a Limited Series or a Motion Picture Made for Television,Game Change,Julianne Moore,TRUE,,
2012,2013,70,"Best Performance by an Actress in a Supporting Role in a Series, Limited Series or Motion Picture Made for Television",Game Change,Sarah Paulson,FALSE,,
2012,2013,70,Best Television Limited Series or Motion Picture Made for Television,Game Change,,TRUE,,
2012,2013,70,Best Performance by an Actress in a Television Series - Musical or Comedy,Girls,Lena Dunham,TRUE,,
2012,2013,70,Best Television Series - Musical or Comedy,Girls,,TRUE,,
2012,2013,70,Best Performance by an Actor in a Limited Series or a Motion Picture Made for Television,Hatfields & McCoys,Kevin Costner,TRUE,,
2012,2013,70,Best Television Limited Series or Motion Picture Made for Television,Hatfields & McCoys,,FALSE,,
2012,2013,70,Best Performance by an Actor in a Limited Series or a Motion Picture Made for Television,Hemingway & Gellhorn,Clive Owen,FALSE,,
2012,2013,70,Best Performance by an Actress in a Limited Series or a Motion Picture Made for Television,Hemingway & Gellhorn,Nicole Kidman,FALSE,,
2012,2013,70,Best Performance by an Actress in a Motion Picture - Drama,Hitchcock,Helen Mirren,FALSE,,
2012,2013,70,"Best Performance by an Actor in a Supporting Role in a Series, Limited Series or Motion Picture Made for Television",Homeland,Mandy Patinkin,FALSE,,
2012,2013,70,Best Performance by an Actor In A Television Series - Drama,Homeland,Damian Lewis,TRUE,,
2012,2013,70,Best Performance by an Actress In A Television Series - Drama,Homeland,Claire Danes,TRUE,,
2012,2013,70,Best Television Series - Drama,Homeland,,TRUE,,
2012,2013,70,Best Performance by an Actress in a Motion Picture - Musical or Comedy,Hope Springs,Meryl Streep,FALSE,,
2012,2013,70,Best Motion Picture - Animated,Hotel Transylvania,,FALSE,,
2012,2013,70,Best Performance by an Actor in a Television Series - Musical or Comedy,House of Lies,Don Cheadle,TRUE,,
2012,2013,70,Best Performance by an Actor in a Motion Picture - Musical or Comedy,Hyde Park on Hudson,Bill Murray,FALSE,,
2012,2013,70,Best Motion Picture - Foreign Language,Kon Tiki,Joachim Rønning,FALSE,,"Norway,United Kingdom,Norway,Denmark,Norway,Norway"
2012,2013,70,Best Motion Picture - Foreign Language,Kon Tiki,Espen Sandberg,FALSE,,"Norway,United Kingdom,Norway,Denmark,Norway,Norway"
2012,2013,70,Best Motion Picture - Musical or Comedy,Les Misérables,,TRUE,,
2012,2013,70,Best Original Song - Motion Picture,Les Misérables,Herbert Kretzmer,FALSE,"""Suddenly""",
2012,2013,70,Best Original Song - Motion Picture,Les Misérables,Claude-Michel Schonberg,FALSE,"""Suddenly""",
2012,2013,70,Best Original Song - Motion Picture,Les Misérables,Alain Boublil,FALSE,"""Suddenly""",
2012,2013,70,Best Performance by an Actor in a Motion Picture - Musical or Comedy,Les Misérables,Hugh Jackman,TRUE,,
2012,2013,70,Best Performance by an Actress in a Supporting Role in any Motion Picture,Les Misérables,Anne Hathaway,TRUE,,
2012,2013,70,Best Director - Motion Picture,Life of Pi,Ang Lee,FALSE,,
2012,2013,70,Best Motion Picture - Drama,Life of Pi,,FALSE,,
2012,2013,70,Best Original Score - Motion Picture,Life of Pi,Mychael Danna,TRUE,,
2012,2013,70,Best Director - Motion Picture,Lincoln,Steven Spielberg,FALSE,,
2012,2013,70,Best Motion Picture - Drama,Lincoln,,FALSE,,
2012,2013,70,Best Original Score - Motion Picture,Lincoln,John Williams,FALSE,,
2012,2013,70,Best Performance by an Actor in a Motion Picture - Drama,Lincoln,Daniel Day-Lewis,TRUE,,
2012,2013,70,Best Performance by an Actor in a Supporting Role in any Motion Picture,Lincoln,Tommy Lee Jones,FALSE,,
2012,2013,70,Best Performance by an Actress in a Supporting Role in any Motion Picture,Lincoln,Sally Field,FALSE,,
2012,2013,70,Best Screenplay - Motion Picture,Lincoln,Tony Kushner,FALSE,,
2012,2013,70,Best Performance by an Actor in a Television Series - Musical or Comedy,Louie,Louis C.K.,FALSE,,
2012,2013,70,Best Performance by an Actor In A Television Series - Drama,Mad Men,Jon Hamm,FALSE,,
2012,2013,70,"Best Performance by an Actor in a Supporting Role in a Series, Limited Series or Motion Picture Made for Television",Magic City,Danny Huston,FALSE,,
2012,2013,70,"Best Performance by an Actor in a Supporting Role in a Series, Limited Series or Motion Picture Made for Television",Modern Family,Eric Stonestreet,FALSE,,
2012,2013,70,"Best Performance by an Actress in a Supporting Role in a Series, Limited Series or Motion Picture Made for Television",Modern Family,Sofia Vergara,FALSE,,
2012,2013,70,Best Television Series - Musical or Comedy,Modern Family,,FALSE,,
2012,2013,70,Best Motion Picture - Musical or Comedy,Moonrise Kingdom,,FALSE,,
2012,2013,70,"Best Performance by an Actress in a Supporting Role in a Series, Limited Series or Motion Picture Made for Television",Nashville,Hayden Panettiere,FALSE,,
2012,2013,70,Best Performance by an Actress In A Television Series - Drama,Nashville,Connie Britton,FALSE,,
2012,2013,70,"Best Performance by an Actor in a Supporting Role in a Series, Limited Series or Motion Picture Made for Television",New Girl,Max Greenfield,FALSE,,
2012,2013,70,Best Performance by an Actress in a Television Series - Musical or Comedy,New Girl,Zooey Deschanel,FALSE,,
2012,2013,70,Best Performance by an Actress in a Television Series - Musical or Comedy,Parks And Recreation,Amy Poehler,FALSE,,
2012,2013,70,Best Performance by an Actress in a Limited Series or a Motion Picture Made for Television,Political Animals,Sigourney Weaver,FALSE,,
2012,2013,70,Best Television Limited Series or Motion Picture Made for Television,Political Animals,,FALSE,,
2012,2013,70,Best Performance by an Actress in a Motion Picture - Musical or Comedy,Quartet,Maggie Smith,FALSE,,
2012,2013,70,Best Motion Picture - Animated,Rise of the Guardians,,FALSE,,
2012,2013,70,Best Motion Picture - Foreign Language,Rust and Bone,Jacques Audiard,FALSE,,France
2012,2013,70,Best Performance by an Actress in a Motion Picture - Drama,Rust and Bone,Marion Cotillard,FALSE,,
2012,2013,70,Best Motion Picture - Musical or Comedy,Salmon Fishing in the Yemen,,FALSE,,
2012,2013,70,Best Performance by an Actor in a Motion Picture - Musical or Comedy,Salmon Fishing in the Yemen,Ewan McGregor,FALSE,,
2012,2013,70,Best Performance by an Actress in a Motion Picture - Musical or Comedy,Salmon Fishing in the Yemen,Emily Blunt,FALSE,,
2012,2013,70,Best Performance by an Actor in a Limited Series or a Motion Picture Made for Television,Sherlock: Season 2,Benedict Cumberbatch,FALSE,,
2012,2013,70,Best Motion Picture - Musical or Comedy,Silver Linings Playbook,,FALSE,,
2012,2013,70,Best Performance by an Actor in a Motion Picture - Musical or Comedy,Silver Linings Playbook,Bradley Cooper,FALSE,,
2012,2013,70,Best Performance by an Actress in a Motion Picture - Musical or Comedy,Silver Linings Playbook,Jennifer Lawrence,TRUE,,
2012,2013,70,Best Screenplay - Motion Picture,Silver Linings Playbook,David O. Russell,FALSE,,
2012,2013,70,Best Original Song - Motion Picture,Skyfall,Adele,TRUE,"""Skyfall""",
2012,2013,70,Best Original Song - Motion Picture,Skyfall,Paul Epworth,TRUE,"""Skyfall""",
2012,2013,70,Best Television Series - Musical or Comedy,Smash,,FALSE,,
2012,2013,70,Best Original Song - Motion Picture,Stand Up Guys,Jon Bon Jovi,FALSE,"""Not Running Anymore""",
2012,2013,70,Best Motion Picture - Musical or Comedy,The Best Exotic Marigold Hotel,,FALSE,,
2012,2013,70,Best Performance by an Actress in a Motion Picture - Musical or Comedy,The Best Exotic Marigold Hotel,Judi Dench,FALSE,,
2012,2013,70,Best Performance by an Actor in a Television Series - Musical or Comedy,The Big Bang Theory,Jim Parsons,FALSE,,
2012,2013,70,Best Television Series - Musical or Comedy,The Big Bang Theory,,FALSE,,
2012,2013,70,Best Performance by an Actress in a Motion Picture - Drama,The Deep Blue Sea,Rachel Weisz,FALSE,,
2012,2013,70,Best Performance by an Actor in a Limited Series or a Motion Picture Made for Television,The Girl,Toby Jones,FALSE,,
2012,2013,70,Best Performance by an Actress in a Limited Series or a Motion Picture Made for Television,The Girl,Sienna Miller,FALSE,,
2012,2013,70,Best Television Limited Series or Motion Picture Made for Television,The Girl,,FALSE,,
2012,2013,70,"Best Performance by an Actress in a Supporting Role in a Series, Limited Series or Motion Picture Made for Television",The Good Wife,Archie Panjabi,FALSE,,
2012,2013,70,Best Performance by an Actress In A Television Series - Drama,The Good Wife,Julianna Margulies,FALSE,,
2012,2013,70,Best Television Limited Series or Motion Picture Made for Television,The Hour,,FALSE,,
2012,2013,70,Best Original Song - Motion Picture,The Hunger Games,Taylor Swift,FALSE,"""Safe & Sound""",
2012,2013,70,Best Original Song - Motion Picture,The Hunger Games,John Paul White,FALSE,"""Safe & Sound""",
2012,2013,70,Best Original Song - Motion Picture,The Hunger Games,Joy Williams,FALSE,"""Safe & Sound""",
2012,2013,70,Best Original Song - Motion Picture,The Hunger Games,T Bone Burnett,FALSE,"""Safe & Sound""",
2012,2013,70,Best Performance by an Actress in a Motion Picture - Drama,The Impossible,Naomi Watts,FALSE,,
2012,2013,70,Best Motion Picture - Foreign Language,The Intouchables,Olivier Nakache,FALSE,,"France,France"
2012,2013,70,Best Motion Picture - Foreign Language,The Intouchables,Éric Toledano,FALSE,,"France,France"
2012,2013,70,Best Performance by an Actor in a Motion Picture - Drama,The Master,Joaquin Phoenix,FALSE,,
2012,2013,70,Best Performance by an Actor in a Supporting Role in any Motion Picture,The Master,Philip Seymour Hoffman,FALSE,,
2012,2013,70,Best Performance by an Actress in a Supporting Role in any Motion Picture,The Master,Amy Adams,FALSE,,
2012,2013,70,Best Performance by an Actor In A Television Series - Drama,The Newsroom,Jeff Daniels,FALSE,,
2012,2013,70,Best Television Series - Drama,The Newsroom,,FALSE,,
2012,2013,70,Best Performance by an Actress in a Supporting Role in any Motion Picture,The Paperboy,Nicole Kidman,FALSE,,
2012,2013,70,Best Performance by an Actor in a Motion Picture - Drama,The Sessions,John Hawkes,FALSE,,
2012,2013,70,Best Performance by an Actress in a Supporting Role in any Motion Picture,The Sessions,Helen Hunt,FALSE,,
2012,2013,70,Best Performance by an Actress in a Television Series - Musical or Comedy,Veep,Julia Louis-Dreyfus,FALSE,,
2012,2013,70,Best Motion Picture - Animated,Wreck-It Ralph,,FALSE,,
2012,2013,70,Best Director - Motion Picture,Zero Dark Thirty,Kathryn Bigelow,FALSE,,
2012,2013,70,Best Motion Picture - Drama,Zero Dark Thirty,,FALSE,,
2012,2013,70,Best Performance by an Actress in a Motion Picture - Drama,Zero Dark Thirty,Jessica Chastain,TRUE,,
2012,2013,70,Best Screenplay - Motion Picture,Zero Dark Thirty,Mark Boal,FALSE,,
2012,2013,70,Cecil B. deMille Award,,Jodie Foster,FALSE,,
2013,2014,71,Best Director - Motion Picture,12 Years a Slave,Steve McQueen,FALSE,,
2013,2014,71,Best Motion Picture - Drama,12 Years a Slave,,TRUE,,
2013,2014,71,Best Original Score - Motion Picture,12 Years a Slave,Hans Zimmer,FALSE,,
2013,2014,71,Best Performance by an Actor in a Motion Picture - Drama,12 Years a Slave,Chiwetel Ejiofor,FALSE,,
2013,2014,71,Best Performance by an Actor in a Supporting Role in any Motion Picture,12 Years a Slave,Michael Fassbender,FALSE,,
2013,2014,71,Best Performance by an Actress in a Supporting Role in any Motion Picture,12 Years a Slave,Lupita Nyong'o,FALSE,,
2013,2014,71,Best Screenplay - Motion Picture,12 Years a Slave,John Ridley,FALSE,,
2013,2014,71,Best Original Score - Motion Picture,All Is Lost,Alex Ebert,TRUE,,
2013,2014,71,Best Performance by an Actor in a Motion Picture - Drama,All Is Lost,Robert Redford,FALSE,,
2013,2014,71,Best Performance by an Actress in a Limited Series or a Motion Picture Made for Television,American Horror Story: Coven,Jessica Lange,FALSE,,
2013,2014,71,Best Television Limited Series or Motion Picture Made for Television,American Horror Story: Coven,,FALSE,,
2013,2014,71,Best Director - Motion Picture,American Hustle,David O. Russell,FALSE,,
2013,2014,71,Best Motion Picture - Musical or Comedy,American Hustle,,TRUE,,
2013,2014,71,Best Performance by an Actor in a Motion Picture - Musical or Comedy,American Hustle,Christian Bale,FALSE,,
2013,2014,71,Best Performance by an Actor in a Supporting Role in any Motion Picture,American Hustle,Bradley Cooper,FALSE,,
2013,2014,71,Best Performance by an Actress in a Motion Picture - Musical or Comedy,American Hustle,Amy Adams,TRUE,,
2013,2014,71,Best Performance by an Actress in a Supporting Role in any Motion Picture,American Hustle,Jennifer Lawrence,TRUE,,
2013,2014,71,Best Screenplay - Motion Picture,American Hustle,Eric Warren Singer,FALSE,,
2013,2014,71,Best Screenplay - Motion Picture,American Hustle,David O. Russell,FALSE,,
2013,2014,71,Best Performance by an Actor in a Television Series - Musical or Comedy,Arrested Development,Jason Bateman,FALSE,,
2013,2014,71,Best Performance by an Actress in a Motion Picture - Musical or Comedy,August: Osage County,Meryl Streep,FALSE,,
2013,2014,71,Best Performance by an Actress in a Supporting Role in any Motion Picture,August: Osage County,Julia Roberts,FALSE,,
2013,2014,71,Best Performance by an Actress in a Motion Picture - Musical or Comedy,Before Midnight,Julie Delpy,FALSE,,
2013,2014,71,Best Performance by an Actor in a Limited Series or a Motion Picture Made for Television,Behind the Candelabra,Matt Damon,FALSE,,
2013,2014,71,Best Performance by an Actor in a Limited Series or a Motion Picture Made for Television,Behind the Candelabra,Michael Douglas,TRUE,,
2013,2014,71,"Best Performance by an Actor in a Supporting Role in a Series, Limited Series or Motion Picture Made for Television",Behind the Candelabra,Rob Lowe,FALSE,,
2013,2014,71,Best Television Limited Series or Motion Picture Made for Television,Behind the Candelabra,,TRUE,,
2013,2014,71,Best Motion Picture - Foreign Language,Blue is the Warmest Color,Abdellatif Kechiche,FALSE,,France
2013,2014,71,Best Performance by an Actress in a Motion Picture - Drama,Blue Jasmine,Cate Blanchett,TRUE,,
2013,2014,71,Best Performance by an Actress in a Supporting Role in any Motion Picture,Blue Jasmine,Sally Hawkins,FALSE,,
2013,2014,71,"Best Performance by an Actor in a Supporting Role in a Series, Limited Series or Motion Picture Made for Television",Breaking Bad,Aaron Paul,FALSE,,
2013,2014,71,Best Performance by an Actor In A Television Series - Drama,Breaking Bad,Bryan Cranston,TRUE,,
2013,2014,71,Best Television Series - Drama,Breaking Bad,,TRUE,,
2013,2014,71,Best Performance by an Actor in a Television Series - Musical or Comedy,Brooklyn Nine-Nine,Andy Samberg,TRUE,,
2013,2014,71,Best Television Series - Musical or Comedy,Brooklyn Nine-Nine,,TRUE,,
2013,2014,71,Best Performance by an Actress in a Limited Series or a Motion Picture Made for Television,Burton and Taylor,Helena Bonham Carter,FALSE,,
2013,2014,71,Best Director - Motion Picture,Captain Phillips,Paul Greengrass,FALSE,,
2013,2014,71,Best Motion Picture - Drama,Captain Phillips,,FALSE,,
2013,2014,71,Best Performance by an Actor in a Motion Picture - Drama,Captain Phillips,Tom Hanks,FALSE,,
2013,2014,71,Best Performance by an Actor in a Supporting Role in any Motion Picture,Captain Phillips,Barkhad Abdi,FALSE,,
2013,2014,71,Best Performance by an Actor in a Motion Picture - Drama,Dallas Buyers Club,Matthew McConaughey,TRUE,,
2013,2014,71,Best Performance by an Actor in a Supporting Role in any Motion Picture,Dallas Buyers Club,Jared Leto,TRUE,,
2013,2014,71,Best Performance by an Actor in a Limited Series or a Motion Picture Made for Television,Dancing on the Edge,Chiwetel Ejiofor,FALSE,,
2013,2014,71,"Best Performance by an Actress in a Supporting Role in a Series, Limited Series or Motion Picture Made for Television",Dancing on the Edge,Jacqueline Bisset,TRUE,,
2013,2014,71,Best Television Limited Series or Motion Picture Made for Television,Dancing on the Edge,,FALSE,,
2013,2014,71,Best Motion Picture - Animated,Despicable Me 2,,FALSE,,
2013,2014,71,Best Television Series - Drama,Downton Abbey,,FALSE,,
2013,2014,71,Best Performance by an Actress in a Motion Picture - Musical or Comedy,Enough Said,Julia Louis-Dreyfus,FALSE,,
2013,2014,71,Best Performance by an Actress in a Motion Picture - Musical or Comedy,Frances Ha,Greta Gerwig,FALSE,,
2013,2014,71,Best Motion Picture - Animated,Frozen,,TRUE,,
2013,2014,71,Best Original Song - Motion Picture,Frozen,Kristen Anderson Lopez,FALSE,"""Let It Go""",
2013,2014,71,Best Original Song - Motion Picture,Frozen,Robert Lopez,FALSE,"""Let It Go""",
2013,2014,71,Best Performance by an Actress in a Television Series - Musical or Comedy,Girls,Lena Dunham,FALSE,,
2013,2014,71,Best Television Series - Musical or Comedy,Girls,,FALSE,,
2013,2014,71,Best Director - Motion Picture,Gravity,Alfonso Cuarón,TRUE,,
2013,2014,71,Best Motion Picture - Drama,Gravity,,FALSE,,
2013,2014,71,Best Original Score - Motion Picture,Gravity,Steven Price,FALSE,,
2013,2014,71,Best Performance by an Actress in a Motion Picture - Drama,Gravity,Sandra Bullock,FALSE,,
2013,2014,71,Best Motion Picture - Musical or Comedy,Her,,FALSE,,
2013,2014,71,Best Performance by an Actor in a Motion Picture - Musical or Comedy,Her,Joaquin Phoenix,FALSE,,
2013,2014,71,Best Screenplay - Motion Picture,Her,Spike Jonze,TRUE,,
2013,2014,71,"Best Performance by an Actor in a Supporting Role in a Series, Limited Series or Motion Picture Made for Television",House of Cards,Corey Stoll,FALSE,,
2013,2014,71,Best Performance by an Actor In A Television Series - Drama,House of Cards,Kevin Spacey,FALSE,,
2013,2014,71,Best Performance by an Actress In A Television Series - Drama,House of Cards,Robin Wright,TRUE,,
2013,2014,71,Best Television Series - Drama,House of Cards,,FALSE,,
2013,2014,71,Best Performance by an Actor in a Television Series - Musical or Comedy,House of Lies,Don Cheadle,FALSE,,
2013,2014,71,Best Motion Picture - Musical or Comedy,Inside Llewyn Davis,,FALSE,,
2013,2014,71,Best Original Song - Motion Picture,Inside Llewyn Davis,Ed Rush,FALSE,"""Please Mr. Kennedy""",
2013,2014,71,Best Original Song - Motion Picture,Inside Llewyn Davis,George Cromarty,FALSE,"""Please Mr. Kennedy""",
2013,2014,71,Best Original Song - Motion Picture,Inside Llewyn Davis,T Bone Burnett,FALSE,"""Please Mr. Kennedy""",
2013,2014,71,Best Original Song - Motion Picture,Inside Llewyn Davis,Justin Timberlake,FALSE,"""Please Mr. Kennedy""",
2013,2014,71,Best Original Song - Motion Picture,Inside Llewyn Davis,Joel Coen,FALSE,"""Please Mr. Kennedy""",
2013,2014,71,Best Original Song - Motion Picture,Inside Llewyn Davis,Ethan Coen,FALSE,"""Please Mr. Kennedy""",
2013,2014,71,Best Performance by an Actor in a Motion Picture - Musical or Comedy,Inside Llewyn Davis,Oscar Isaac,FALSE,,
2013,2014,71,Best Performance by an Actress in a Motion Picture - Drama,Labor Day,Kate Winslet,FALSE,,
2013,2014,71,Best Performance by an Actor in a Limited Series or a Motion Picture Made for Television,Luther,Idris Elba,FALSE,,
2013,2014,71,Best Original Score - Motion Picture,Mandela: Long Walk to Freedom,Alex Heffes,FALSE,,
2013,2014,71,Best Original Song - Motion Picture,Mandela: Long Walk to Freedom,U2,TRUE,"""Ordinary Love""",
2013,2014,71,Best Original Song - Motion Picture,Mandela: Long Walk to Freedom,Danger Mouse,TRUE,"""Ordinary Love""",
2013,2014,71,Best Original Song - Motion Picture,Mandela: Long Walk to Freedom,Bono,TRUE,"""Ordinary Love""",
2013,2014,71,Best Performance by an Actor in a Motion Picture - Drama,Mandela: Long Walk to Freedom,Idris Elba,FALSE,,
2013,2014,71,Best Performance by an Actor In A Television Series - Drama,Masters of Sex,Michael Sheen,FALSE,,
2013,2014,71,Best Television Series - Drama,Masters of Sex,,FALSE,,
2013,2014,71,"Best Performance by an Actress in a Supporting Role in a Series, Limited Series or Motion Picture Made for Television",Modern Family,Sofia Vergara,FALSE,,
2013,2014,71,Best Television Series - Musical or Comedy,Modern Family,,FALSE,,
2013,2014,71,"Best Performance by an Actress in a Supporting Role in a Series, Limited Series or Motion Picture Made for Television",Nashville,Hayden Panettiere,FALSE,,
2013,2014,71,Best Director - Motion Picture,Nebraska,Alexander Payne,FALSE,,
2013,2014,71,Best Motion Picture - Musical or Comedy,Nebraska,,FALSE,,
2013,2014,71,Best Performance by an Actor in a Motion Picture - Musical or Comedy,Nebraska,Bruce Dern,FALSE,,
2013,2014,71,Best Performance by an Actress in a Supporting Role in any Motion Picture,Nebraska,June Squibb,FALSE,,
2013,2014,71,Best Screenplay - Motion Picture,Nebraska,Bob Nelson,FALSE,,
2013,2014,71,Best Performance by an Actress in a Television Series - Musical or Comedy,New Girl,Zooey Deschanel,FALSE,,
2013,2014,71,Best Performance by an Actress in a Television Series - Musical or Comedy,Nurse Jackie,Edie Falco,FALSE,,
2013,2014,71,Best Original Song - Motion Picture,One Chance,Taylor Swift,FALSE,"""Sweeter Than Fiction""",
2013,2014,71,Best Original Song - Motion Picture,One Chance,Jack Antonoff,FALSE,"""Sweeter Than Fiction""",
2013,2014,71,Best Performance by an Actress In A Television Series - Drama,Orange is the New Black,Taylor Schilling,FALSE,,
2013,2014,71,Best Performance by an Actress In A Television Series - Drama,Orphan Black,Tatiana Maslany,FALSE,,
2013,2014,71,"Best Performance by an Actress in a Supporting Role in a Series, Limited Series or Motion Picture Made for Television",Parenthood,Monica Potter,FALSE,,
2013,2014,71,Best Performance by an Actress in a Television Series - Musical or Comedy,Parks And Recreation,Amy Poehler,TRUE,,
2013,2014,71,Best Television Series - Musical or Comedy,Parks And Recreation,,FALSE,,
2013,2014,71,Best Performance by an Actor in a Limited Series or a Motion Picture Made for Television,Phil Spector,Al Pacino,FALSE,,
2013,2014,71,Best Performance by an Actress in a Limited Series or a Motion Picture Made for Television,Phil Spector,Helen Mirren,FALSE,,
2013,2014,71,Best Motion Picture - Drama,Philomena,,FALSE,,
2013,2014,71,Best Performance by an Actress in a Motion Picture - Drama,Philomena,Judi Dench,FALSE,,
2013,2014,71,Best Screenplay - Motion Picture,Philomena,Steve Coogan,FALSE,,
2013,2014,71,Best Screenplay - Motion Picture,Philomena,Jeff Pope,FALSE,,
2013,2014,71,"Best Performance by an Actor in a Supporting Role in a Series, Limited Series or Motion Picture Made for Television",Ray Donovan,Jon Voight,TRUE,,
2013,2014,71,Best Performance by an Actor In A Television Series - Drama,Ray Donovan,Liev Schreiber,FALSE,,
2013,2014,71,Best Motion Picture - Drama,Rush,,FALSE,,
2013,2014,71,Best Performance by an Actor in a Supporting Role in any Motion Picture,Rush,Daniel Brühl,FALSE,,
2013,2014,71,Best Performance by an Actress in a Motion Picture - Drama,Saving Mr. Banks,Emma Thompson,FALSE,,
2013,2014,71,Best Performance by an Actress In A Television Series - Drama,Scandal,Kerry Washington,FALSE,,
2013,2014,71,Best Performance by an Actor in a Television Series - Musical or Comedy,The Big Bang Theory,Jim Parsons,FALSE,,
2013,2014,71,Best Television Series - Musical or Comedy,The Big Bang Theory,,FALSE,,
2013,2014,71,Best Performance by an Actor In A Television Series - Drama,The Blacklist,James Spader,FALSE,,
2013,2014,71,Best Original Score - Motion Picture,The Book Thief,John Williams,FALSE,,
2013,2014,71,Best Motion Picture - Animated,The Croods,,FALSE,,
2013,2014,71,"Best Performance by an Actor in a Supporting Role in a Series, Limited Series or Motion Picture Made for Television",The Good Wife,Josh Charles,FALSE,,
2013,2014,71,Best Performance by an Actress In A Television Series - Drama,The Good Wife,Julianna Margulies,FALSE,,
2013,2014,71,Best Television Series - Drama,The Good Wife,,FALSE,,
2013,2014,71,Best Motion Picture - Foreign Language,The Great Beauty,Paolo Sorrentino,TRUE,,Italy
2013,2014,71,Best Original Song - Motion Picture,The Hunger Games: Catching Fire,Chris Martin,FALSE,"""Atlas""",
2013,2014,71,Best Original Song - Motion Picture,The Hunger Games: Catching Fire,Guy Berryman,FALSE,"""Atlas""",
2013,2014,71,Best Original Song - Motion Picture,The Hunger Games: Catching Fire,Jon Buckland,FALSE,"""Atlas""",
2013,2014,71,Best Original Song - Motion Picture,The Hunger Games: Catching Fire,Will Champion,FALSE,"""Atlas""",
2013,2014,71,Best Motion Picture - Foreign Language,The Hunt,Thomas Vinterberg,FALSE,,Denmark
2013,2014,71,Best Performance by an Actor in a Television Series - Musical or Comedy,The Michael J. Fox Show,Michael J. Fox,FALSE,,
2013,2014,71,Best Motion Picture - Foreign Language,The Past,Asghar Farhadi,FALSE,,Iran
2013,2014,71,Best Performance by an Actress in a Limited Series or a Motion Picture Made for Television,The White Queen,Rebecca Ferguson,FALSE,,
2013,2014,71,"Best Performance by an Actress in a Supporting Role in a Series, Limited Series or Motion Picture Made for Television",The White Queen,Janet McTeer,FALSE,,
2013,2014,71,Best Television Limited Series or Motion Picture Made for Television,The White Queen,,FALSE,,
2013,2014,71,Best Motion Picture - Foreign Language,The Wind Rises,Hayao Miyazaki,FALSE,,Japan
2013,2014,71,Best Motion Picture - Musical or Comedy,The Wolf of Wall Street,,FALSE,,
2013,2014,71,Best Performance by an Actor in a Motion Picture - Musical or Comedy,The Wolf of Wall Street,Leonardo DiCaprio,TRUE,,
2013,2014,71,Best Performance by an Actress in a Limited Series or a Motion Picture Made for Television,Top of the Lake,Elisabeth Moss,TRUE,,
2013,2014,71,Best Television Limited Series or Motion Picture Made for Television,Top of the Lake,,FALSE,,
2013,2014,71,Best Performance by an Actress in a Television Series - Musical or Comedy,Veep,Julia Louis-Dreyfus,FALSE,,
2013,2014,71,Cecil B. deMille Award,,Woody Allen,FALSE,,
2014,2015,72,Best Performance by an Actress in a Supporting Role in any Motion Picture,A Most Violent Year,Jessica Chastain,FALSE,,
2014,2015,72,Best Performance by an Actress in a Limited Series or a Motion Picture Made for Television,American Horror Story: Freak Show,Jessica Lange,FALSE,,
2014,2015,72,"Best Performance by an Actress in a Supporting Role in a Series, Limited Series or Motion Picture Made for Television",American Horror Story: Freak Show,Kathy Bates,FALSE,,
2014,2015,72,Best Original Song - Motion Picture,Annie,Sia,FALSE,"""Opportunity""",
2014,2015,72,Best Original Song - Motion Picture,Annie,Will Gluck,FALSE,"""Opportunity""",
2014,2015,72,Best Original Song - Motion Picture,Annie,Greg Kurstin,FALSE,"""Opportunity""",
2014,2015,72,Best Performance by an Actress in a Motion Picture - Musical or Comedy,Annie,Quvenzhané Wallis,FALSE,,
2014,2015,72,Best Original Song - Motion Picture,Big Eyes,Lana Del Rey,FALSE,"""Big Eyes""",
2014,2015,72,Best Original Song - Motion Picture,Big Eyes,Daniel Heath,FALSE,"""Big Eyes""",
2014,2015,72,Best Performance by an Actor in a Motion Picture - Musical or Comedy,Big Eyes,Christoph Waltz,FALSE,,
2014,2015,72,Best Performance by an Actress in a Motion Picture - Musical or Comedy,Big Eyes,Amy Adams,TRUE,,
2014,2015,72,Best Motion Picture - Animated,Big Hero 6,,FALSE,,
2014,2015,72,Best Director - Motion Picture,Birdman,Alejandro González Iñárritu,FALSE,,
2014,2015,72,Best Motion Picture - Musical or Comedy,Birdman,,FALSE,,
2014,2015,72,Best Original Score - Motion Picture,Birdman,Antonio Sanchez,FALSE,,
2014,2015,72,Best Performance by an Actor in a Motion Picture - Musical or Comedy,Birdman,Michael Keaton,TRUE,,
2014,2015,72,Best Performance by an Actor in a Supporting Role in any Motion Picture,Birdman,Edward Norton,FALSE,,
2014,2015,72,Best Performance by an Actress in a Supporting Role in any Motion Picture,Birdman,Emma Stone,FALSE,,
2014,2015,72,Best Screenplay - Motion Picture,Birdman,Alejandro González Iñárritu,TRUE,,
2014,2015,72,Best Screenplay - Motion Picture,Birdman,Nicolás Giacobone,TRUE,,
2014,2015,72,Best Screenplay - Motion Picture,Birdman,Alexander Dinelaris,TRUE,,
2014,2015,72,Best Screenplay - Motion Picture,Birdman,Armando Bo,TRUE,,
2014,2015,72,Best Director - Motion Picture,Boyhood,Richard Linklater,TRUE,,
2014,2015,72,Best Motion Picture - Drama,Boyhood,,TRUE,,
2014,2015,72,Best Performance by an Actor in a Supporting Role in any Motion Picture,Boyhood,Ethan Hawke,FALSE,,
2014,2015,72,Best Performance by an Actress in a Supporting Role in any Motion Picture,Boyhood,Patricia Arquette,TRUE,,
2014,2015,72,Best Screenplay - Motion Picture,Boyhood,Richard Linklater,FALSE,,
2014,2015,72,Best Performance by an Actress in a Motion Picture - Drama,Cake,Jennifer Aniston,FALSE,,
2014,2015,72,Best Performance by an Actor in a Television Series - Musical or Comedy,Derek,Ricky Gervais,FALSE,,
2014,2015,72,"Best Performance by an Actress in a Supporting Role in a Series, Limited Series or Motion Picture Made for Television",Downton Abbey,Joanne Froggatt,TRUE,,
2014,2015,72,Best Television Series - Drama,Downton Abbey,,FALSE,,
2014,2015,72,Best Performance by an Actor in a Limited Series or a Motion Picture Made for Television,Fargo,Billy Bob Thornton,TRUE,,
2014,2015,72,Best Performance by an Actor in a Limited Series or a Motion Picture Made for Television,Fargo,Martin Freeman,FALSE,,
2014,2015,72,"Best Performance by an Actor in a Supporting Role in a Series, Limited Series or Motion Picture Made for Television",Fargo,Colin Hanks,FALSE,,
2014,2015,72,Best Performance by an Actress in a Limited Series or a Motion Picture Made for Television,Fargo,Allison Tolman,FALSE,,
2014,2015,72,Best Television Limited Series or Motion Picture Made for Television,Fargo,,TRUE,,
2014,2015,72,Best Motion Picture - Foreign Language,Force Majeure,Ruben Östlund,FALSE,,Sweden
2014,2015,72,Best Motion Picture - Drama,Foxcatcher,,FALSE,,
2014,2015,72,Best Performance by an Actor in a Motion Picture - Drama,Foxcatcher,Steve Carell,FALSE,,
2014,2015,72,Best Performance by an Actor in a Supporting Role in any Motion Picture,Foxcatcher,Mark Ruffalo,FALSE,,
2014,2015,72,Best Television Series - Drama,Game of Thrones,,FALSE,,
2014,2015,72,Best Motion Picture - Foreign Language,Gett: The Trial of Viviane Amsalem,Ronit Elkabetz,FALSE,,"Israel,Israel"
2014,2015,72,Best Motion Picture - Foreign Language,Gett: The Trial of Viviane Amsalem,Shlomi Elkabetz,FALSE,,"Israel,Israel"
2014,2015,72,Best Performance by an Actress in a Television Series - Musical or Comedy,Girls,Lena Dunham,FALSE,,
2014,2015,72,Best Television Series - Musical or Comedy,Girls,,FALSE,,
2014,2015,72,Best Director - Motion Picture,Gone Girl,David Fincher,FALSE,,
2014,2015,72,Best Original Score - Motion Picture,Gone Girl,Trent Reznor,FALSE,,
2014,2015,72,Best Original Score - Motion Picture,Gone Girl,Atticus Ross,FALSE,,
2014,2015,72,Best Performance by an Actress in a Motion Picture - Drama,Gone Girl,Rosamund Pike,FALSE,,
2014,2015,72,Best Screenplay - Motion Picture,Gone Girl,Gillian Flynn,FALSE,,
2014,2015,72,Best Performance by an Actress In A Television Series - Drama,Homeland,Claire Danes,FALSE,,
2014,2015,72,Best Performance by an Actor In A Television Series - Drama,House of Cards,Kevin Spacey,TRUE,,
2014,2015,72,Best Performance by an Actress In A Television Series - Drama,House of Cards,Robin Wright,FALSE,,
2014,2015,72,Best Television Series - Drama,House of Cards,,FALSE,,
2014,2015,72,Best Performance by an Actor in a Television Series - Musical or Comedy,House of Lies,Don Cheadle,FALSE,,
2014,2015,72,Best Performance by an Actress In A Television Series - Drama,How To Get Away With Murder,Viola Davis,FALSE,,
2014,2015,72,Best Motion Picture - Animated,How to Train Your Dragon 2,,TRUE,,
2014,2015,72,Best Motion Picture - Foreign Language,Ida,Pawel Pawlikowski,FALSE,,"Poland,Denmark,Poland"
2014,2015,72,Best Performance by an Actor in a Motion Picture - Musical or Comedy,Inherent Vice,Joaquin Phoenix,FALSE,,
2014,2015,72,Best Original Score - Motion Picture,Interstellar,Hans Zimmer,FALSE,,
2014,2015,72,Best Motion Picture - Musical or Comedy,Into the Woods,,FALSE,,
2014,2015,72,Best Performance by an Actress in a Motion Picture - Musical or Comedy,Into the Woods,Emily Blunt,FALSE,,
2014,2015,72,Best Performance by an Actress in a Supporting Role in any Motion Picture,Into the Woods,Meryl Streep,FALSE,,
2014,2015,72,Best Performance by an Actress in a Television Series - Musical or Comedy,Jane The Virgin,Gina Rodriguez,TRUE,,
2014,2015,72,Best Television Series - Musical or Comedy,Jane The Virgin,,FALSE,,
2014,2015,72,Best Motion Picture - Foreign Language,Leviathan,Andrey Zvyagintsev,TRUE,,Russia
2014,2015,72,Best Performance by an Actor in a Television Series - Musical or Comedy,Louie,Louis C.K.,FALSE,,
2014,2015,72,Best Performance by an Actress in a Motion Picture - Musical or Comedy,Maps To The Stars,Julianne Moore,FALSE,,
2014,2015,72,"Best Performance by an Actress in a Supporting Role in a Series, Limited Series or Motion Picture Made for Television",Mom,Allison Janney,FALSE,,
2014,2015,72,Best Performance by an Actor in a Motion Picture - Drama,Nightcrawler,Jake Gyllenhaal,FALSE,,
2014,2015,72,Best Original Song - Motion Picture,Noah,Patti Smith,FALSE,"""Mercy Is""",
2014,2015,72,Best Original Song - Motion Picture,Noah,Lenny Kaye,FALSE,"""Mercy Is""",
2014,2015,72,Best Performance by an Actress in a Television Series - Musical or Comedy,Nurse Jackie,Edie Falco,FALSE,,
2014,2015,72,"Best Performance by an Actor in a Supporting Role in a Series, Limited Series or Motion Picture Made for Television",Olive Kitteridge,Bill Murray,FALSE,,
2014,2015,72,Best Performance by an Actress in a Limited Series or a Motion Picture Made for Television,Olive Kitteridge,Frances McDormand,FALSE,,
2014,2015,72,Best Television Limited Series or Motion Picture Made for Television,Olive Kitteridge,,FALSE,,
2014,2015,72,"Best Performance by an Actress in a Supporting Role in a Series, Limited Series or Motion Picture Made for Television",Orange is the New Black,Uzo Aduba,FALSE,,
2014,2015,72,Best Performance by an Actress in a Television Series - Musical or Comedy,Orange is the New Black,Taylor Schilling,FALSE,,
2014,2015,72,Best Television Series - Musical or Comedy,Orange is the New Black,,FALSE,,
2014,2015,72,Best Motion Picture - Musical or Comedy,Pride,,FALSE,,
2014,2015,72,"Best Performance by an Actor in a Supporting Role in a Series, Limited Series or Motion Picture Made for Television",Ray Donovan,Jon Voight,FALSE,,
2014,2015,72,Best Performance by an Actor In A Television Series - Drama,Ray Donovan,Liev Schreiber,FALSE,,
2014,2015,72,Best Director - Motion Picture,Selma,Ava DuVernay,FALSE,,
2014,2015,72,Best Motion Picture - Drama,Selma,,FALSE,,
2014,2015,72,Best Original Song - Motion Picture,Selma,Common,TRUE,"""Glory""",
2014,2015,72,Best Original Song - Motion Picture,Selma,John Legend,TRUE,"""Glory""",
2014,2015,72,Best Performance by an Actor in a Motion Picture - Drama,Selma,David Oyelowo,FALSE,,
2014,2015,72,Best Performance by an Actor in a Television Series - Musical or Comedy,Shameless,William H. Macy,FALSE,,
2014,2015,72,Best Television Series - Musical or Comedy,Silicon Valley,,FALSE,,
2014,2015,72,Best Motion Picture - Musical or Comedy,St. Vincent,,FALSE,,
2014,2015,72,Best Performance by an Actor in a Motion Picture - Musical or Comedy,St. Vincent,Bill Murray,FALSE,,
2014,2015,72,Best Performance by an Actress in a Motion Picture - Drama,Still Alice,Julianne Moore,TRUE,,
2014,2015,72,Best Motion Picture - Foreign Language,Tangerines,Zaza Urushadze,FALSE,,Estonia
2014,2015,72,Best Performance by an Actor In A Television Series - Drama,The Affair,Dominic West,FALSE,,
2014,2015,72,Best Performance by an Actress In A Television Series - Drama,The Affair,Ruth Wilson,TRUE,,
2014,2015,72,Best Television Series - Drama,The Affair,,TRUE,,
2014,2015,72,Best Performance by an Actor In A Television Series - Drama,The Blacklist,James Spader,FALSE,,
2014,2015,72,Best Motion Picture - Animated,The Book of Life,,FALSE,,
2014,2015,72,Best Motion Picture - Animated,The Boxtrolls,,FALSE,,
2014,2015,72,Best Performance by an Actress In A Television Series - Drama,The Good Wife,Julianna Margulies,FALSE,,
2014,2015,72,Best Television Series - Drama,The Good Wife,,FALSE,,
2014,2015,72,Best Director - Motion Picture,The Grand Budapest Hotel,Wes Anderson,FALSE,,
2014,2015,72,Best Motion Picture - Musical or Comedy,The Grand Budapest Hotel,,TRUE,,
2014,2015,72,Best Performance by an Actor in a Motion Picture - Musical or Comedy,The Grand Budapest Hotel,Ralph Fiennes,FALSE,,
2014,2015,72,Best Screenplay - Motion Picture,The Grand Budapest Hotel,Wes Anderson,FALSE,,
2014,2015,72,Best Performance by an Actress in a Limited Series or a Motion Picture Made for Television,The Honourable Woman,Maggie Gyllenhaal,TRUE,,
2014,2015,72,Best Performance by an Actress in a Motion Picture - Musical or Comedy,The Hundred-Foot Journey,Helen Mirren,FALSE,,
2014,2015,72,Best Original Song - Motion Picture,The Hunger Games: Mockingjay - Part 1,Lorde,FALSE,"""Yellow Flicker Beat""",
2014,2015,72,Best Original Song - Motion Picture,The Hunger Games: Mockingjay - Part 1,Joel Little,FALSE,"""Yellow Flicker Beat""",
2014,2015,72,Best Motion Picture - Drama,The Imitation Game,,FALSE,,
2014,2015,72,Best Original Score - Motion Picture,The Imitation Game,Alexandre Desplat,FALSE,,
2014,2015,72,Best Performance by an Actor in a Motion Picture - Drama,The Imitation Game,Benedict Cumberbatch,FALSE,,
2014,2015,72,Best Performance by an Actress in a Supporting Role in any Motion Picture,The Imitation Game,Keira Knightley,FALSE,,
2014,2015,72,Best Screenplay - Motion Picture,The Imitation Game,Graham Moore,FALSE,,
2014,2015,72,Best Performance by an Actor in a Supporting Role in any Motion Picture,The Judge,Robert Duvall,FALSE,,
2014,2015,72,Best Performance by an Actor In A Television Series - Drama,The Knick,Clive Owen,FALSE,,
2014,2015,72,Best Motion Picture - Animated,The LEGO Movie,,FALSE,,
2014,2015,72,Best Performance by an Actress in a Limited Series or a Motion Picture Made for Television,The Missing,Frances O'Connor,FALSE,,
2014,2015,72,Best Television Limited Series or Motion Picture Made for Television,The Missing,,FALSE,,
2014,2015,72,Best Performance by an Actor in a Limited Series or a Motion Picture Made for Television,The Normal Heart,Mark Ruffalo,FALSE,,
2014,2015,72,"Best Performance by an Actor in a Supporting Role in a Series, Limited Series or Motion Picture Made for Television",The Normal Heart,Matt Bomer,TRUE,,
2014,2015,72,Best Television Limited Series or Motion Picture Made for Television,The Normal Heart,,FALSE,,
2014,2015,72,Best Motion Picture - Drama,The Theory of Everything,,FALSE,,
2014,2015,72,Best Original Score - Motion Picture,The Theory of Everything,Jóhann Jóhannsson,TRUE,,
2014,2015,72,Best Performance by an Actor in a Motion Picture - Drama,The Theory of Everything,Eddie Redmayne,TRUE,,
2014,2015,72,Best Performance by an Actress in a Motion Picture - Drama,The Theory of Everything,Felicity Jones,FALSE,,
2014,2015,72,Best Performance by an Actor in a Television Series - Musical or Comedy,Transparent,Jeffrey Tambor,TRUE,,
2014,2015,72,Best Television Series - Musical or Comedy,Transparent,,TRUE,,
2014,2015,72,Best Performance by an Actor in a Limited Series or a Motion Picture Made for Television,True Detective,Matthew McConaughey,FALSE,,
2014,2015,72,Best Performance by an Actor in a Limited Series or a Motion Picture Made for Television,True Detective,Woody Harrelson,FALSE,,
2014,2015,72,"Best Performance by an Actress in a Supporting Role in a Series, Limited Series or Motion Picture Made for Television",True Detective,Michelle Monaghan,FALSE,,
2014,2015,72,Best Television Limited Series or Motion Picture Made for Television,True Detective,,FALSE,,
2014,2015,72,Best Performance by an Actress in a Television Series - Musical or Comedy,Veep,Julia Louis-Dreyfus,FALSE,,
2014,2015,72,Best Performance by an Actor in a Supporting Role in any Motion Picture,Whiplash,J.K. Simmons,TRUE,,
2014,2015,72,Best Performance by an Actress in a Motion Picture - Drama,Wild,Reese Witherspoon,FALSE,,
2014,2015,72,"Best Performance by an Actor in a Supporting Role in a Series, Limited Series or Motion Picture Made for Television",,Alan Cumming,FALSE,,
2014,2015,72,Cecil B. deMille Award,,George Clooney,FALSE,,
2015,2016,73,Best Performance by an Actor in a Supporting Role in any Motion Picture,99 Homes,Michael Shannon,FALSE,,
2015,2016,73,Best Performance by an Actress in a Limited Series or a Motion Picture Made for Television,American Crime,Felicity Huffman,FALSE,,
2015,2016,73,"Best Performance by an Actress in a Supporting Role in a Series, Limited Series or Motion Picture Made for Television",American Crime,Regina King,FALSE,,
2015,2016,73,Best Television Limited Series or Motion Picture Made for Television,American Crime,,FALSE,,
2015,2016,73,Best Performance by an Actress in a Limited Series or a Motion Picture Made for Television,American Horror Story: Hotel,Lady Gaga,TRUE,,
2015,2016,73,Best Television Limited Series or Motion Picture Made for Television,American Horror Story: Hotel,,FALSE,,
2015,2016,73,Best Motion Picture - Animated,Anomalisa,,FALSE,,
2015,2016,73,Best Performance by an Actor in a Supporting Role in any Motion Picture,Beasts of No Nation,Idris Elba,FALSE,,
2015,2016,73,Best Performance by an Actress in a Limited Series or a Motion Picture Made for Television,Bessie,Queen Latifah,FALSE,,
2015,2016,73,Best Performance by an Actor In A Television Series - Drama,Better Call Saul,Bob Odenkirk,FALSE,,
2015,2016,73,"Best Performance by an Actor in a Supporting Role in a Series, Limited Series or Motion Picture Made for Television",Bloodline,Ben Mendelsohn,FALSE,,
2015,2016,73,Best Performance by an Actor in a Television Series - Musical or Comedy,Blunt Talk,Patrick Stewart,FALSE,,
2015,2016,73,Best Performance by an Actor in a Supporting Role in any Motion Picture,Bridge of Spies,Mark Rylance,FALSE,,
2015,2016,73,Best Performance by an Actress in a Motion Picture - Drama,Brooklyn,Saoirse Ronan,FALSE,,
2015,2016,73,Best Director - Motion Picture,Carol,Todd Haynes,FALSE,,
2015,2016,73,Best Motion Picture - Drama,Carol,,FALSE,,
2015,2016,73,Best Original Score - Motion Picture,Carol,Carter Burwell,FALSE,,
2015,2016,73,Best Performance by an Actress in a Motion Picture - Drama,Carol,Cate Blanchett,FALSE,,
2015,2016,73,Best Performance by an Actress in a Motion Picture - Drama,Carol,Rooney Mara,FALSE,,
2015,2016,73,Best Television Series - Musical or Comedy,Casual,,FALSE,,
2015,2016,73,Best Performance by an Actor in a Motion Picture - Drama,Concussion,Will Smith,FALSE,,
2015,2016,73,Best Performance by an Actress in a Television Series - Musical or Comedy,Crazy Ex-Girlfriend,Rachel Bloom,TRUE,,
2015,2016,73,Best Performance by an Actor in a Supporting Role in any Motion Picture,Creed,Sylvester Stallone,TRUE,,
2015,2016,73,Best Performance by an Actor in a Motion Picture - Musical or Comedy,Danny Collins,Al Pacino,FALSE,,
2015,2016,73,"Best Performance by an Actress in a Supporting Role in a Series, Limited Series or Motion Picture Made for Television",Downton Abbey,Joanne Froggatt,FALSE,,
2015,2016,73,Best Performance by an Actress In A Television Series - Drama,Empire,Taraji P. Henson,TRUE,,
2015,2016,73,Best Television Series - Drama,Empire,,FALSE,,
2015,2016,73,Best Performance by an Actress in a Supporting Role in any Motion Picture,Ex Machina,Alicia Vikander,FALSE,,
2015,2016,73,Best Performance by an Actor in a Limited Series or a Motion Picture Made for Television,Fargo,Patrick Wilson,FALSE,,
2015,2016,73,Best Performance by an Actress in a Limited Series or a Motion Picture Made for Television,Fargo,Kirsten Dunst,FALSE,,
2015,2016,73,Best Television Limited Series or Motion Picture Made for Television,Fargo,,FALSE,,
2015,2016,73,Best Original Song - Motion Picture,Fifty Shades of Grey,Tove Lo,FALSE,"""Love Me Like You Do""",
2015,2016,73,Best Original Song - Motion Picture,Fifty Shades of Grey,Max Martin,FALSE,"""Love Me Like You Do""",
2015,2016,73,Best Original Song - Motion Picture,Fifty Shades of Grey,Savan Kotecha,FALSE,"""Love Me Like You Do""",
2015,2016,73,Best Original Song - Motion Picture,Fifty Shades of Grey,Ali Payami,FALSE,"""Love Me Like You Do""",
2015,2016,73,Best Original Song - Motion Picture,Fifty Shades of Grey,Ilya Salmanzadeh,FALSE,"""Love Me Like You Do""",
2015,2016,73,Best Performance by an Actress in a Limited Series or a Motion Picture Made for Television,Flesh & Bone,Sarah Hay,FALSE,,
2015,2016,73,Best Television Limited Series or Motion Picture Made for Television,Flesh & Bone,,FALSE,,
2015,2016,73,Best Original Song - Motion Picture,Furious 7,DJ Frank E,FALSE,"""See You Again""",
2015,2016,73,Best Original Song - Motion Picture,Furious 7,Andrew Cedar,FALSE,"""See You Again""",
2015,2016,73,Best Original Song - Motion Picture,Furious 7,Charlie Puth,FALSE,"""See You Again""",
2015,2016,73,Best Original Song - Motion Picture,Furious 7,Wiz Khalifa,FALSE,"""See You Again""",
2015,2016,73,Best Television Series - Drama,Game of Thrones,,FALSE,,
2015,2016,73,Best Performance by an Actress in a Television Series - Musical or Comedy,Grace and Frankie,Lily Tomlin,FALSE,,
2015,2016,73,Best Performance by an Actress in a Motion Picture - Musical or Comedy,Grandma,Lily Tomlin,FALSE,,
2015,2016,73,Best Performance by an Actress In A Television Series - Drama,House of Cards,Robin Wright,FALSE,,
2015,2016,73,Best Performance by an Actress In A Television Series - Drama,How To Get Away With Murder,Viola Davis,FALSE,,
2015,2016,73,Best Performance by an Actor in a Motion Picture - Musical or Comedy,Infinitely Polar Bear,Mark Ruffalo,FALSE,,
2015,2016,73,Best Motion Picture - Animated,Inside Out,,TRUE,,
2015,2016,73,Best Performance by an Actress in a Television Series - Musical or Comedy,Jane The Virgin,Gina Rodriguez,FALSE,,
2015,2016,73,Best Motion Picture - Musical or Comedy,Joy,,FALSE,,
2015,2016,73,Best Performance by an Actress in a Motion Picture - Musical or Comedy,Joy,Jennifer Lawrence,TRUE,,
2015,2016,73,Best Original Song - Motion Picture,Love & Mercy,Brian Wilson,FALSE,"""One Kind of Love""",
2015,2016,73,Best Original Song - Motion Picture,Love & Mercy,Scott Bennett,FALSE,"""One Kind of Love""",
2015,2016,73,Best Performance by an Actor in a Supporting Role in any Motion Picture,Love & Mercy,Paul Dano,FALSE,,
2015,2016,73,Best Performance by an Actor in a Limited Series or a Motion Picture Made for Television,Luther,Idris Elba,FALSE,,
2015,2016,73,Best Director - Motion Picture,Mad Max: Fury Road,George Miller,FALSE,,
2015,2016,73,Best Motion Picture - Drama,Mad Max: Fury Road,,FALSE,,
2015,2016,73,Best Performance by an Actor In A Television Series - Drama,Mad Men,Jon Hamm,TRUE,,
2015,2016,73,Best Performance by an Actor in a Television Series - Musical or Comedy,Master of None,Aziz Ansari,FALSE,,
2015,2016,73,Best Performance by an Actor in a Television Series - Musical or Comedy,Mozart in the Jungle,Gael García Bernal,TRUE,,
2015,2016,73,Best Television Series - Musical or Comedy,Mozart in the Jungle,,TRUE,,
2015,2016,73,"Best Performance by an Actor in a Supporting Role in a Series, Limited Series or Motion Picture Made for Television",Mr. Robot,Christian Slater,TRUE,,
2015,2016,73,Best Performance by an Actor In A Television Series - Drama,Mr. Robot,Rami Malek,FALSE,,
2015,2016,73,Best Television Series - Drama,Mr. Robot,,TRUE,,
2015,2016,73,Best Motion Picture - Foreign Language,Mustang,Deniz Gamze Ergüven,FALSE,,France
2015,2016,73,Best Performance by an Actor In A Television Series - Drama,Narcos,Wagner Moura,FALSE,,
2015,2016,73,Best Television Series - Drama,Narcos,,FALSE,,
2015,2016,73,Best Performance by an Actor in a Limited Series or a Motion Picture Made for Television,Nightingale,David Oyelowo,FALSE,,
2015,2016,73,"Best Performance by an Actress in a Supporting Role in a Series, Limited Series or Motion Picture Made for Television",Orange is the New Black,Uzo Aduba,FALSE,,
2015,2016,73,Best Television Series - Musical or Comedy,Orange is the New Black,,FALSE,,
2015,2016,73,"Best Performance by an Actor in a Supporting Role in a Series, Limited Series or Motion Picture Made for Television",Outlander,Tobias Menzies,FALSE,,
2015,2016,73,Best Performance by an Actress In A Television Series - Drama,Outlander,Caitriona Balfe,FALSE,,
2015,2016,73,Best Television Series - Drama,Outlander,,FALSE,,
2015,2016,73,Best Performance by an Actress In A Television Series - Drama,Penny Dreadful,Eva Green,FALSE,,
2015,2016,73,Best Performance by an Actor In A Television Series - Drama,Ray Donovan,Liev Schreiber,FALSE,,
2015,2016,73,Best Motion Picture - Drama,Room,,FALSE,,
2015,2016,73,Best Performance by an Actress in a Motion Picture - Drama,Room,Brie Larson,TRUE,,
2015,2016,73,Best Screenplay - Motion Picture,Room,Emma Donoghue,FALSE,,
2015,2016,73,Best Performance by an Actress in a Television Series - Musical or Comedy,Scream Queens,Jamie Lee Curtis,FALSE,,
2015,2016,73,Best Motion Picture - Animated,Shaun the Sheep Movie,,FALSE,,
2015,2016,73,Best Performance by an Actor in a Limited Series or a Motion Picture Made for Television,Show Me a Hero,Oscar Isaac,TRUE,,
2015,2016,73,Best Television Series - Musical or Comedy,Silicon Valley,,FALSE,,
2015,2016,73,Best Motion Picture - Foreign Language,Son of Saul,László Nemes,TRUE,,Hungary
2015,2016,73,Best Original Song - Motion Picture,Spectre,Sam Smith,TRUE,"""Writing's On The Wall""",
2015,2016,73,Best Original Song - Motion Picture,Spectre,Jimmy Napes,TRUE,"""Writing's On The Wall""",
2015,2016,73,Best Director - Motion Picture,Spotlight,Tom McCarthy,FALSE,,
2015,2016,73,Best Motion Picture - Drama,Spotlight,,FALSE,,
2015,2016,73,Best Screenplay - Motion Picture,Spotlight,Tom McCarthy,FALSE,,
2015,2016,73,Best Screenplay - Motion Picture,Spotlight,Josh Singer,FALSE,,
2015,2016,73,Best Motion Picture - Musical or Comedy,Spy,,FALSE,,
2015,2016,73,Best Performance by an Actress in a Motion Picture - Musical or Comedy,Spy,Melissa McCarthy,FALSE,,
2015,2016,73,Best Original Score - Motion Picture,Steve Jobs,Daniel Pemberton,FALSE,,
2015,2016,73,Best Performance by an Actor in a Motion Picture - Drama,Steve Jobs,Michael Fassbender,FALSE,,
2015,2016,73,Best Performance by an Actress in a Supporting Role in any Motion Picture,Steve Jobs,Kate Winslet,TRUE,,
2015,2016,73,Best Screenplay - Motion Picture,Steve Jobs,Aaron Sorkin,TRUE,,
2015,2016,73,"Best Performance by an Actress in a Supporting Role in a Series, Limited Series or Motion Picture Made for Television",The Affair,Maura Tierney,TRUE,,
2015,2016,73,Best Motion Picture - Musical or Comedy,The Big Short,,FALSE,,
2015,2016,73,Best Performance by an Actor in a Motion Picture - Musical or Comedy,The Big Short,Christian Bale,FALSE,,
2015,2016,73,Best Performance by an Actor in a Motion Picture - Musical or Comedy,The Big Short,Steve Carell,FALSE,,
2015,2016,73,Best Screenplay - Motion Picture,The Big Short,Charles Randolph,FALSE,,
2015,2016,73,Best Screenplay - Motion Picture,The Big Short,Adam McKay,FALSE,,
2015,2016,73,Best Motion Picture - Foreign Language,The Brand New Testament,Jaco Van Dormael,FALSE,,"Belgium,France,Belgium,Luxembourg,Belgium"
2015,2016,73,Best Motion Picture - Foreign Language,The Club,Pablo Larraín,FALSE,,Chile
2015,2016,73,Best Original Score - Motion Picture,The Danish Girl,Alexandre Desplat,FALSE,,
2015,2016,73,Best Performance by an Actor in a Motion Picture - Drama,The Danish Girl,Eddie Redmayne,FALSE,,
2015,2016,73,Best Performance by an Actress in a Motion Picture - Drama,The Danish Girl,Alicia Vikander,FALSE,,
2015,2016,73,Best Motion Picture - Foreign Language,The Fencer,Klaus Härö,FALSE,,"Finland,Germany,Finland,Estonia,Finland"
2015,2016,73,Best Motion Picture - Animated,The Good Dinosaur,,FALSE,,
2015,2016,73,Best Performance by an Actor in a Television Series - Musical or Comedy,The Grinder,Rob Lowe,FALSE,,
2015,2016,73,Best Original Score - Motion Picture,The Hateful Eight,Ennio Morricone,TRUE,,
2015,2016,73,Best Performance by an Actress in a Supporting Role in any Motion Picture,The Hateful Eight,Jennifer Jason Leigh,FALSE,,
2015,2016,73,Best Screenplay - Motion Picture,The Hateful Eight,Quentin Tarantino,FALSE,,
2015,2016,73,Best Performance by an Actress in a Motion Picture - Musical or Comedy,The Lady in the Van,Maggie Smith,FALSE,,
2015,2016,73,Best Director - Motion Picture,The Martian,Ridley Scott,FALSE,,
2015,2016,73,Best Motion Picture - Musical or Comedy,The Martian,,TRUE,,
2015,2016,73,Best Performance by an Actor in a Motion Picture - Musical or Comedy,The Martian,Matt Damon,TRUE,,
2015,2016,73,Best Motion Picture - Animated,The Peanuts Movie,,FALSE,,
2015,2016,73,Best Director - Motion Picture,The Revenant,Alejandro González Iñárritu,TRUE,,
2015,2016,73,Best Motion Picture - Drama,The Revenant,,TRUE,,
2015,2016,73,Best Original Score - Motion Picture,The Revenant,Ryuichi Sakamoto,FALSE,,
2015,2016,73,Best Original Score - Motion Picture,The Revenant,Alva Noto,FALSE,,
2015,2016,73,Best Performance by an Actor in a Motion Picture - Drama,The Revenant,Leonardo DiCaprio,TRUE,,
2015,2016,73,Best Motion Picture - Musical or Comedy,Trainwreck,,FALSE,,
2015,2016,73,Best Performance by an Actress in a Motion Picture - Musical or Comedy,Trainwreck,Amy Schumer,FALSE,,
2015,2016,73,Best Performance by an Actor in a Television Series - Musical or Comedy,Transparent,Jeffrey Tambor,FALSE,,
2015,2016,73,"Best Performance by an Actress in a Supporting Role in a Series, Limited Series or Motion Picture Made for Television",Transparent,Judith Light,FALSE,,
2015,2016,73,Best Television Series - Musical or Comedy,Transparent,,FALSE,,
2015,2016,73,Best Performance by an Actor in a Motion Picture - Drama,Trumbo,Bryan Cranston,FALSE,,
2015,2016,73,Best Performance by an Actress in a Supporting Role in any Motion Picture,Trumbo,Helen Mirren,FALSE,,
2015,2016,73,Best Performance by an Actress in a Television Series - Musical or Comedy,Veep,Julia Louis-Dreyfus,FALSE,,
2015,2016,73,Best Television Series - Musical or Comedy,Veep,,FALSE,,
2015,2016,73,Best Performance by an Actor in a Limited Series or a Motion Picture Made for Television,Wolf Hall,Mark Rylance,FALSE,,
2015,2016,73,"Best Performance by an Actor in a Supporting Role in a Series, Limited Series or Motion Picture Made for Television",Wolf Hall,Damian Lewis,FALSE,,
2015,2016,73,Best Television Limited Series or Motion Picture Made for Television,Wolf Hall,,TRUE,,
2015,2016,73,Best Original Song - Motion Picture,Youth,David Lang,FALSE,"""Simple Song #3""",
2015,2016,73,Best Performance by an Actress in a Supporting Role in any Motion Picture,Youth,Jane Fonda,FALSE,,
2015,2016,73,"Best Performance by an Actor in a Supporting Role in a Series, Limited Series or Motion Picture Made for Television",,Alan Cumming,FALSE,,
2015,2016,73,Cecil B. deMille Award,,Denzel Washington,FALSE,,
2016,2017,74,Best Motion Picture - Musical or Comedy,20th Century Women,,FALSE,,
2016,2017,74,Best Performance by an Actress in a Motion Picture - Musical or Comedy,20th Century Women,Annette Bening,FALSE,,
2016,2017,74,Best Performance by an Actor in a Limited Series or a Motion Picture Made for Television,All the Way,Bryan Cranston,FALSE,,
2016,2017,74,Best Performance by an Actress in a Limited Series or a Motion Picture Made for Television,American Crime,Felicity Huffman,FALSE,,
2016,2017,74,Best Television Limited Series or Motion Picture Made for Television,American Crime,,FALSE,,
2016,2017,74,Best Original Score - Motion Picture,Arrival,Jóhann Jóhannsson,FALSE,,
2016,2017,74,Best Performance by an Actress in a Motion Picture - Drama,Arrival,Amy Adams,FALSE,,
2016,2017,74,Best Performance by an Actor in a Television Series - Musical or Comedy,Atlanta,Donald Glover,TRUE,,
2016,2017,74,Best Television Series - Musical or Comedy,Atlanta,,TRUE,,
2016,2017,74,Best Performance by an Actor In A Television Series - Drama,Better Call Saul,Bob Odenkirk,FALSE,,
2016,2017,74,Best Performance by an Actor in a Television Series - Musical or Comedy,Black-ish,Anthony Anderson,FALSE,,
2016,2017,74,Best Performance by an Actress in a Television Series - Musical or Comedy,Black-ish,Tracee Ellis Ross,TRUE,,
2016,2017,74,Best Television Series - Musical or Comedy,Black-ish,,FALSE,,
2016,2017,74,Best Performance by an Actor in a Motion Picture - Drama,Captain Fantastic,Viggo Mortensen,FALSE,,
2016,2017,74,Best Performance by an Actress in a Limited Series or a Motion Picture Made for Television,Confirmation,Kerry Washington,FALSE,,
2016,2017,74,Best Performance by an Actress in a Television Series - Musical or Comedy,Crazy Ex-Girlfriend,Rachel Bloom,FALSE,,
2016,2017,74,Best Motion Picture - Musical or Comedy,Deadpool,,FALSE,,
2016,2017,74,Best Performance by an Actor in a Motion Picture - Musical or Comedy,Deadpool,Ryan Reynolds,FALSE,,
2016,2017,74,Best Motion Picture - Foreign Language,Divines,Houda Benyamina,FALSE,,France
2016,2017,74,Best Performance by an Actress in a Television Series - Musical or Comedy,Divorce,Sarah Jessica Parker,FALSE,,
2016,2017,74,Best Motion Picture - Foreign Language,Elle,Paul Verhoeven,TRUE,,France
2016,2017,74,Best Performance by an Actress in a Motion Picture - Drama,Elle,Isabelle Huppert,TRUE,,
2016,2017,74,Best Performance by an Actor in a Motion Picture - Drama,Fences,Denzel Washington,FALSE,,
2016,2017,74,Best Performance by an Actress in a Supporting Role in any Motion Picture,Fences,Viola Davis,TRUE,,
2016,2017,74,Best Motion Picture - Musical or Comedy,Florence Foster Jenkins,,FALSE,,
2016,2017,74,Best Performance by an Actor in a Motion Picture - Musical or Comedy,Florence Foster Jenkins,Hugh Grant,FALSE,,
2016,2017,74,Best Performance by an Actor in a Supporting Role in any Motion Picture,Florence Foster Jenkins,Simon Helberg,FALSE,,
2016,2017,74,Best Performance by an Actress in a Motion Picture - Musical or Comedy,Florence Foster Jenkins,Meryl Streep,FALSE,,
2016,2017,74,"Best Performance by an Actress in a Supporting Role in a Series, Limited Series or Motion Picture Made for Television",Game of Thrones,Lena Headey,FALSE,,
2016,2017,74,Best Television Series - Drama,Game of Thrones,,FALSE,,
2016,2017,74,Best Original Song - Motion Picture,Gold,Iggy Pop,FALSE,"""Gold""",
2016,2017,74,Best Original Song - Motion Picture,Gold,Danger Mouse,FALSE,"""Gold""",
2016,2017,74,Best Original Song - Motion Picture,Gold,Daniel Pemberton,FALSE,"""Gold""",
2016,2017,74,Best Original Song - Motion Picture,Gold,Stephen Gaghan,FALSE,"""Gold""",
2016,2017,74,Best Performance by an Actor In A Television Series - Drama,Goliath,Billy Bob Thornton,TRUE,,
2016,2017,74,Best Performance by an Actor in a Television Series - Musical or Comedy,Graves,Nick Nolte,FALSE,,
2016,2017,74,Best Director - Motion Picture,Hacksaw Ridge,Mel Gibson,FALSE,,
2016,2017,74,Best Motion Picture - Drama,Hacksaw Ridge,,FALSE,,
2016,2017,74,Best Performance by an Actor in a Motion Picture - Drama,Hacksaw Ridge,Andrew Garfield,FALSE,,
2016,2017,74,Best Motion Picture - Drama,Hell or High Water,,FALSE,,
2016,2017,74,Best Performance by an Actor in a Supporting Role in any Motion Picture,Hell or High Water,Jeff Bridges,FALSE,,
2016,2017,74,Best Screenplay - Motion Picture,Hell or High Water,Taylor Sheridan,FALSE,,
2016,2017,74,Best Original Score - Motion Picture,Hidden Figures,Hans Zimmer,FALSE,,
2016,2017,74,Best Original Score - Motion Picture,Hidden Figures,Pharrell Williams,FALSE,,
2016,2017,74,Best Original Score - Motion Picture,Hidden Figures,Benjamin Wallfisch,FALSE,,
2016,2017,74,Best Performance by an Actress in a Supporting Role in any Motion Picture,Hidden Figures,Octavia Spencer,FALSE,,
2016,2017,74,Best Performance by an Actress in a Television Series - Musical or Comedy,Insecure,Issa Rae,FALSE,,
2016,2017,74,Best Performance by an Actress in a Motion Picture - Drama,Jackie,Natalie Portman,FALSE,,
2016,2017,74,Best Performance by an Actress in a Television Series - Musical or Comedy,Jane The Virgin,Gina Rodriguez,FALSE,,
2016,2017,74,Best Motion Picture - Animated,Kubo and the Two Strings,,FALSE,,
2016,2017,74,Best Director - Motion Picture,La La Land,Damien Chazelle,TRUE,,
2016,2017,74,Best Motion Picture - Musical or Comedy,La La Land,,TRUE,,
2016,2017,74,Best Original Score - Motion Picture,La La Land,Justin Hurwitz,TRUE,,
2016,2017,74,Best Original Song - Motion Picture,La La Land,Justin Hurwitz,TRUE,"""City of Stars""",
2016,2017,74,Best Original Song - Motion Picture,La La Land,Benj Pasek,TRUE,"""City of Stars""",
2016,2017,74,Best Original Song - Motion Picture,La La Land,Justin Paul,TRUE,"""City of Stars""",
2016,2017,74,Best Performance by an Actor in a Motion Picture - Musical or Comedy,La La Land,Ryan Gosling,TRUE,,
2016,2017,74,Best Performance by an Actress in a Motion Picture - Musical or Comedy,La La Land,Emma Stone,TRUE,,
2016,2017,74,Best Screenplay - Motion Picture,La La Land,Damien Chazelle,TRUE,,
2016,2017,74,Best Motion Picture - Drama,Lion,,FALSE,,
2016,2017,74,Best Original Score - Motion Picture,Lion,Dustin O'Halloran,FALSE,,
2016,2017,74,Best Original Score - Motion Picture,Lion,Hauschka,FALSE,,
2016,2017,74,Best Performance by an Actor in a Supporting Role in any Motion Picture,Lion,Dev Patel,FALSE,,
2016,2017,74,Best Performance by an Actress in a Supporting Role in any Motion Picture,Lion,Nicole Kidman,FALSE,,
2016,2017,74,Best Performance by an Actress in a Limited Series or a Motion Picture Made for Television,London Spy,Charlotte Rampling,FALSE,,
2016,2017,74,Best Performance by an Actor in a Motion Picture - Drama,Loving,Joel Edgerton,FALSE,,
2016,2017,74,Best Performance by an Actress in a Motion Picture - Drama,Loving,Ruth Negga,FALSE,,
2016,2017,74,Best Director - Motion Picture,Manchester by the Sea,Kenneth Lonergan,FALSE,,
2016,2017,74,Best Motion Picture - Drama,Manchester by the Sea,,FALSE,,
2016,2017,74,Best Performance by an Actor in a Motion Picture - Drama,Manchester by the Sea,Casey Affleck,TRUE,,
2016,2017,74,Best Performance by an Actress in a Supporting Role in any Motion Picture,Manchester by the Sea,Michelle Williams,FALSE,,
2016,2017,74,Best Screenplay - Motion Picture,Manchester by the Sea,Kenneth Lonergan,FALSE,,
2016,2017,74,Best Performance by an Actress in a Motion Picture - Drama,Miss Sloane,Jessica Chastain,FALSE,,
2016,2017,74,Best Motion Picture - Animated,Moana,,FALSE,,
2016,2017,74,Best Original Song - Motion Picture,Moana,Lin-Manuel Miranda,FALSE,"""How Far I'll Go""",
2016,2017,74,Best Director - Motion Picture,Moonlight,Barry Jenkins,FALSE,,
2016,2017,74,Best Motion Picture - Drama,Moonlight,,TRUE,,
2016,2017,74,Best Original Score - Motion Picture,Moonlight,Nicholas Britell,FALSE,,
2016,2017,74,Best Performance by an Actor in a Supporting Role in any Motion Picture,Moonlight,Mahershala Ali,FALSE,,
2016,2017,74,Best Performance by an Actress in a Supporting Role in any Motion Picture,Moonlight,Naomie Harris,FALSE,,
2016,2017,74,Best Screenplay - Motion Picture,Moonlight,Barry Jenkins,FALSE,,
2016,2017,74,Best Performance by an Actor in a Television Series - Musical or Comedy,Mozart in the Jungle,Gael García Bernal,FALSE,,
2016,2017,74,Best Television Series - Musical or Comedy,Mozart in the Jungle,,FALSE,,
2016,2017,74,"Best Performance by an Actor in a Supporting Role in a Series, Limited Series or Motion Picture Made for Television",Mr. Robot,Christian Slater,FALSE,,
2016,2017,74,Best Performance by an Actor In A Television Series - Drama,Mr. Robot,Rami Malek,FALSE,,
2016,2017,74,Best Motion Picture - Animated,My Life as a Zucchini,,FALSE,,
2016,2017,74,Best Motion Picture - Foreign Language,Neruda,Pablo Larraín,FALSE,,Chile
2016,2017,74,Best Director - Motion Picture,Nocturnal Animals,Tom Ford,FALSE,,
2016,2017,74,Best Performance by an Actor in a Supporting Role in any Motion Picture,Nocturnal Animals,Aaron Taylor-Johnson,TRUE,,
2016,2017,74,Best Screenplay - Motion Picture,Nocturnal Animals,Tom Ford,FALSE,,
2016,2017,74,Best Performance by an Actress In A Television Series - Drama,Outlander,Caitriona Balfe,FALSE,,
2016,2017,74,Best Performance by an Actor In A Television Series - Drama,Ray Donovan,Liev Schreiber,FALSE,,
2016,2017,74,Best Performance by an Actress in a Motion Picture - Musical or Comedy,Rules Don't Apply,Lily Collins,FALSE,,
2016,2017,74,Best Motion Picture - Animated,Sing,,FALSE,,
2016,2017,74,Best Original Song - Motion Picture,Sing,Stevie Wonder,FALSE,"""Faith""",
2016,2017,74,Best Original Song - Motion Picture,Sing,Ryan Tedder,FALSE,"""Faith""",
2016,2017,74,Best Original Song - Motion Picture,Sing,Francis and the Lights,FALSE,"""Faith""",
2016,2017,74,Best Motion Picture - Musical or Comedy,Sing Street,,FALSE,,
2016,2017,74,Best Performance by an Actress In A Television Series - Drama,Stranger Things,Winona Ryder,FALSE,,
2016,2017,74,Best Television Series - Drama,Stranger Things,,FALSE,,
2016,2017,74,Best Performance by an Actor In A Television Series - Drama,The Americans,Matthew Rhys,FALSE,,
2016,2017,74,Best Performance by an Actress In A Television Series - Drama,The Americans,Keri Russell,FALSE,,
2016,2017,74,"Best Performance by an Actor in a Supporting Role in a Series, Limited Series or Motion Picture Made for Television",The Crown,John Lithgow,FALSE,,
2016,2017,74,Best Performance by an Actress In A Television Series - Drama,The Crown,Claire Foy,TRUE,,
2016,2017,74,Best Television Series - Drama,The Crown,,TRUE,,
2016,2017,74,Best Television Limited Series or Motion Picture Made for Television,The Dresser,,FALSE,,
2016,2017,74,Best Performance by an Actress in a Motion Picture - Musical or Comedy,The Edge of Seventeen,Hailee Steinfeld,FALSE,,
2016,2017,74,Best Performance by an Actress in a Limited Series or a Motion Picture Made for Television,The Girlfriend Experience,Riley Keough,FALSE,,
2016,2017,74,Best Performance by an Actor in a Motion Picture - Musical or Comedy,The Lobster,Colin Farrell,FALSE,,
2016,2017,74,Best Performance by an Actor in a Limited Series or a Motion Picture Made for Television,The Night Manager,Tom Hiddleston,TRUE,,
2016,2017,74,"Best Performance by an Actor in a Supporting Role in a Series, Limited Series or Motion Picture Made for Television",The Night Manager,Hugh Laurie,TRUE,,
2016,2017,74,"Best Performance by an Actress in a Supporting Role in a Series, Limited Series or Motion Picture Made for Television",The Night Manager,Olivia Colman,TRUE,,
2016,2017,74,Best Television Limited Series or Motion Picture Made for Television,The Night Manager,,FALSE,,
2016,2017,74,Best Performance by an Actor in a Limited Series or a Motion Picture Made for Television,The Night Of,John Turturro,FALSE,,
2016,2017,74,Best Performance by an Actor in a Limited Series or a Motion Picture Made for Television,The Night Of,Riz Ahmed,FALSE,,
2016,2017,74,Best Television Limited Series or Motion Picture Made for Television,The Night Of,,FALSE,,
2016,2017,74,Best Performance by an Actor in a Limited Series or a Motion Picture Made for Television,The People v. O.J. Simpson: American Crime Story,Courtney B. Vance,FALSE,,
2016,2017,74,"Best Performance by an Actor in a Supporting Role in a Series, Limited Series or Motion Picture Made for Television",The People v. O.J. Simpson: American Crime Story,John Travolta,FALSE,,
2016,2017,74,"Best Performance by an Actor in a Supporting Role in a Series, Limited Series or Motion Picture Made for Television",The People v. O.J. Simpson: American Crime Story,Sterling K. Brown,FALSE,,
2016,2017,74,Best Performance by an Actress in a Limited Series or a Motion Picture Made for Television,The People v. O.J. Simpson: American Crime Story,Sarah Paulson,TRUE,,
2016,2017,74,Best Television Limited Series or Motion Picture Made for Television,The People v. O.J. Simpson: American Crime Story,,TRUE,,
2016,2017,74,Best Motion Picture - Foreign Language,The Salesman,Asghar Farhadi,FALSE,,Iran
2016,2017,74,"Best Performance by an Actress in a Supporting Role in a Series, Limited Series or Motion Picture Made for Television",This Is Us,Chrissy Metz,FALSE,,
2016,2017,74,"Best Performance by an Actress in a Supporting Role in a Series, Limited Series or Motion Picture Made for Television",This Is Us,Mandy Moore,FALSE,,
2016,2017,74,Best Television Series - Drama,This Is Us,,FALSE,,
2016,2017,74,Best Motion Picture - Foreign Language,Toni Erdmann,Maren Ade,FALSE,,Germany
2016,2017,74,Best Performance by an Actor in a Television Series - Musical or Comedy,Transparent,Jeffrey Tambor,FALSE,,
2016,2017,74,Best Television Series - Musical or Comedy,Transparent,,FALSE,,
2016,2017,74,Best Original Song - Motion Picture,Trolls,Justin Timberlake,FALSE,"""Can't Stop the Feeling!""",
2016,2017,74,Best Original Song - Motion Picture,Trolls,Max Martin,FALSE,"""Can't Stop the Feeling!""",
2016,2017,74,Best Original Song - Motion Picture,Trolls,Shellback,FALSE,"""Can't Stop the Feeling!""",
2016,2017,74,Best Performance by an Actress in a Television Series - Musical or Comedy,Veep,Julia Louis-Dreyfus,FALSE,,
2016,2017,74,Best Television Series - Musical or Comedy,Veep,,FALSE,,
2016,2017,74,Best Performance by an Actor in a Motion Picture - Musical or Comedy,War Dogs,Jonah Hill,FALSE,,
2016,2017,74,"Best Performance by an Actress in a Supporting Role in a Series, Limited Series or Motion Picture Made for Television",Westworld,Thandie Newton,FALSE,,
2016,2017,74,Best Performance by an Actress In A Television Series - Drama,Westworld,Evan Rachel Wood,FALSE,,
2016,2017,74,Best Television Series - Drama,Westworld,,FALSE,,
2016,2017,74,Best Motion Picture - Animated,Zootopia,,TRUE,,
2016,2017,74,Cecil B. deMille Award,,Meryl Streep,FALSE,,
2017,2018,75,Best Performance by an Actress In A Television Series - Drama,13 Reasons Why,Katherine Langford,FALSE,,
2017,2018,75,Best Motion Picture - Foreign Language,A Fantastic Woman,Sebastián Lelio,FALSE,,Chile
2017,2018,75,Best Director - Motion Picture,All The Money In The World,Ridley Scott,FALSE,,
2017,2018,75,Best Performance by an Actor in a Supporting Role in any Motion Picture,All The Money In The World,Christopher Plummer,FALSE,,
2017,2018,75,Best Performance by an Actress in a Motion Picture - Drama,All The Money In The World,Michelle Williams,FALSE,,
2017,2018,75,Best Performance by an Actor in a Motion Picture - Musical or Comedy,Baby Driver,Ansel Elgort,FALSE,,
2017,2018,75,Best Performance by an Actor in a Motion Picture - Musical or Comedy,Battle of the Sexes,Steve Carell,FALSE,,
2017,2018,75,Best Performance by an Actress in a Motion Picture - Musical or Comedy,Battle of the Sexes,Emma Stone,FALSE,,
2017,2018,75,Best Performance by an Actor In A Television Series - Drama,Better Call Saul,Bob Odenkirk,FALSE,,
2017,2018,75,Best Performance by an Actress in a Television Series - Musical or Comedy,Better Things,Pamela Adlon,FALSE,,
2017,2018,75,"Best Performance by an Actor in a Supporting Role in a Series, Limited Series or Motion Picture Made for Television",Big Little Lies,Alexander Skarsgård,TRUE,,
2017,2018,75,Best Performance by an Actress in a Limited Series or a Motion Picture Made for Television,Big Little Lies,Nicole Kidman,TRUE,,
2017,2018,75,Best Performance by an Actress in a Limited Series or a Motion Picture Made for Television,Big Little Lies,Reese Witherspoon,FALSE,,
2017,2018,75,"Best Performance by an Actress in a Supporting Role in a Series, Limited Series or Motion Picture Made for Television",Big Little Lies,Laura Dern,TRUE,,
2017,2018,75,"Best Performance by an Actress in a Supporting Role in a Series, Limited Series or Motion Picture Made for Television",Big Little Lies,Shailene Woodley,FALSE,,
2017,2018,75,Best Television Limited Series or Motion Picture Made for Television,Big Little Lies,,TRUE,,
2017,2018,75,Best Performance by an Actor in a Television Series - Musical or Comedy,Black-ish,Anthony Anderson,FALSE,,
2017,2018,75,Best Television Series - Musical or Comedy,Black-ish,,FALSE,,
2017,2018,75,Best Motion Picture - Drama,Call Me By Your Name,,FALSE,,
2017,2018,75,Best Performance by an Actor in a Motion Picture - Drama,Call Me By Your Name,Timothée Chalamet,FALSE,,
2017,2018,75,Best Performance by an Actor in a Supporting Role in any Motion Picture,Call Me By Your Name,Armie Hammer,FALSE,,
2017,2018,75,Best Motion Picture - Animated,Coco,,TRUE,,
2017,2018,75,Best Original Song - Motion Picture,Coco,Kristen Anderson Lopez,FALSE,"""Remember Me""",
2017,2018,75,Best Original Song - Motion Picture,Coco,Robert Lopez,FALSE,"""Remember Me""",
2017,2018,75,Best Performance by an Actor in a Motion Picture - Drama,Darkest Hour,Gary Oldman,TRUE,,
2017,2018,75,Best Performance by an Actress in a Supporting Role in any Motion Picture,Downsizing,Hong Chau,FALSE,,
2017,2018,75,Best Director - Motion Picture,Dunkirk,Christopher Nolan,FALSE,,
2017,2018,75,Best Motion Picture - Drama,Dunkirk,,FALSE,,
2017,2018,75,Best Original Score - Motion Picture,Dunkirk,Hans Zimmer,FALSE,,
2017,2018,75,Best Performance by an Actor in a Limited Series or a Motion Picture Made for Television,Fargo,Ewan McGregor,TRUE,,
2017,2018,75,"Best Performance by an Actor in a Supporting Role in a Series, Limited Series or Motion Picture Made for Television",Fargo,David Thewlis,FALSE,,
2017,2018,75,Best Television Limited Series or Motion Picture Made for Television,Fargo,,FALSE,,
2017,2018,75,Best Motion Picture - Animated,Ferdinand,,FALSE,,
2017,2018,75,Best Original Song - Motion Picture,Ferdinand,Nick Jonas,FALSE,"""Home""",
2017,2018,75,Best Original Song - Motion Picture,Ferdinand,Justin Tranter,FALSE,"""Home""",
2017,2018,75,Best Original Song - Motion Picture,Ferdinand,Nick Monson,FALSE,"""Home""",
2017,2018,75,"Best Performance by an Actor in a Supporting Role in a Series, Limited Series or Motion Picture Made for Television",Feud: Bette And Joan,Alfred Molina,FALSE,,
2017,2018,75,Best Performance by an Actress in a Limited Series or a Motion Picture Made for Television,Feud: Bette And Joan,Jessica Lange,FALSE,,
2017,2018,75,Best Performance by an Actress in a Limited Series or a Motion Picture Made for Television,Feud: Bette And Joan,Susan Sarandon,FALSE,,
2017,2018,75,Best Television Limited Series or Motion Picture Made for Television,Feud: Bette And Joan,,FALSE,,
2017,2018,75,Best Motion Picture - Foreign Language,First They Killed My Father,Angelina Jolie,FALSE,,Cambodia
2017,2018,75,Best Television Series - Drama,Game of Thrones,,FALSE,,
2017,2018,75,Best Performance by an Actor in a Limited Series or a Motion Picture Made for Television,Genius,Geoffrey Rush,FALSE,,
2017,2018,75,Best Motion Picture - Musical or Comedy,Get Out,,FALSE,,
2017,2018,75,Best Performance by an Actor in a Motion Picture - Musical or Comedy,Get Out,Daniel Kaluuya,FALSE,,
2017,2018,75,Best Performance by an Actress in a Television Series - Musical or Comedy,GLOW,Alison Brie,FALSE,,
2017,2018,75,Best Performance by an Actor in a Television Series - Musical or Comedy,I Love Dick,Kevin Bacon,FALSE,,
2017,2018,75,Best Motion Picture - Musical or Comedy,"I, Tonya",,FALSE,,
2017,2018,75,Best Performance by an Actress in a Motion Picture - Musical or Comedy,"I, Tonya",Margot Robbie,FALSE,,
2017,2018,75,Best Performance by an Actress in a Supporting Role in any Motion Picture,"I, Tonya",Allison Janney,TRUE,,
2017,2018,75,Best Motion Picture - Foreign Language,In The Fade,Fatih Akin,TRUE,,Germany
2017,2018,75,Best Performance by an Actress in a Television Series - Musical or Comedy,Insecure,Issa Rae,FALSE,,
2017,2018,75,Best Motion Picture - Musical or Comedy,Lady Bird,,TRUE,,
2017,2018,75,Best Performance by an Actress in a Motion Picture - Musical or Comedy,Lady Bird,Saoirse Ronan,TRUE,,
2017,2018,75,Best Performance by an Actress in a Supporting Role in any Motion Picture,Lady Bird,Laurie Metcalf,FALSE,,
2017,2018,75,Best Screenplay - Motion Picture,Lady Bird,Greta Gerwig,FALSE,,
2017,2018,75,Best Motion Picture - Foreign Language,Loveless,Andrey Zvyagintsev,FALSE,,Russia
2017,2018,75,Best Motion Picture - Animated,Loving Vincent,,FALSE,,
2017,2018,75,Best Performance by an Actor in a Television Series - Musical or Comedy,Master of None,Aziz Ansari,TRUE,,
2017,2018,75,Best Television Series - Musical or Comedy,Master of None,,FALSE,,
2017,2018,75,Best Performance by an Actress in a Motion Picture - Drama,Molly's Game,Jessica Chastain,FALSE,,
2017,2018,75,Best Screenplay - Motion Picture,Molly's Game,Aaron Sorkin,FALSE,,
2017,2018,75,"Best Performance by an Actor in a Supporting Role in a Series, Limited Series or Motion Picture Made for Television",Mr. Robot,Christian Slater,FALSE,,
2017,2018,75,Best Original Song - Motion Picture,Mudbound,Raphael Saadiq,FALSE,"""Mighty River""",
2017,2018,75,Best Original Song - Motion Picture,Mudbound,Taura Stinson,FALSE,"""Mighty River""",
2017,2018,75,Best Original Song - Motion Picture,Mudbound,Mary J. Blige,FALSE,"""Mighty River""",
2017,2018,75,Best Performance by an Actress in a Supporting Role in any Motion Picture,Mudbound,Mary J. Blige,FALSE,,
2017,2018,75,Best Performance by an Actress In A Television Series - Drama,Outlander,Caitriona Balfe,FALSE,,
2017,2018,75,Best Performance by an Actor In A Television Series - Drama,Ozark,Jason Bateman,FALSE,,
2017,2018,75,Best Original Score - Motion Picture,Phantom Thread,Jonny Greenwood,FALSE,,
2017,2018,75,Best Performance by an Actor in a Motion Picture - Drama,Phantom Thread,Daniel Day-Lewis,FALSE,,
2017,2018,75,Best Performance by an Actor In A Television Series - Drama,Ray Donovan,Liev Schreiber,FALSE,,
2017,2018,75,Best Performance by an Actor in a Motion Picture - Drama,"Roman J. Israel, Esq.",Denzel Washington,FALSE,,
2017,2018,75,Best Performance by an Actor in a Television Series - Musical or Comedy,Shameless,William H. Macy,FALSE,,
2017,2018,75,Best Performance by an Actress in a Television Series - Musical or Comedy,SMILF,Frankie Shaw,FALSE,,
2017,2018,75,Best Television Series - Musical or Comedy,SMILF,,FALSE,,
2017,2018,75,"Best Performance by an Actor in a Supporting Role in a Series, Limited Series or Motion Picture Made for Television",Stranger Things,David Harbour,FALSE,,
2017,2018,75,Best Television Series - Drama,Stranger Things,,FALSE,,
2017,2018,75,Best Motion Picture - Animated,The Boss Baby,,FALSE,,
2017,2018,75,Best Motion Picture - Animated,The Breadwinner,,FALSE,,
2017,2018,75,Best Performance by an Actress In A Television Series - Drama,The Crown,Claire Foy,FALSE,,
2017,2018,75,Best Television Series - Drama,The Crown,,FALSE,,
2017,2018,75,Best Performance by an Actress In A Television Series - Drama,The Deuce,Maggie Gyllenhaal,FALSE,,
2017,2018,75,Best Motion Picture - Musical or Comedy,The Disaster Artist,,FALSE,,
2017,2018,75,Best Performance by an Actor in a Motion Picture - Musical or Comedy,The Disaster Artist,James Franco,TRUE,,
2017,2018,75,Best Performance by an Actor in a Supporting Role in any Motion Picture,The Florida Project,Willem Dafoe,FALSE,,
2017,2018,75,Best Performance by an Actor In A Television Series - Drama,The Good Doctor,Freddie Highmore,FALSE,,
2017,2018,75,Best Motion Picture - Musical or Comedy,The Greatest Showman,,FALSE,,
2017,2018,75,Best Original Song - Motion Picture,The Greatest Showman,Justin Paul,TRUE,"""This Is Me""",
2017,2018,75,Best Original Song - Motion Picture,The Greatest Showman,Benj Pasek,TRUE,"""This Is Me""",
2017,2018,75,Best Performance by an Actor in a Motion Picture - Musical or Comedy,The Greatest Showman,Hugh Jackman,FALSE,,
2017,2018,75,"Best Performance by an Actress in a Supporting Role in a Series, Limited Series or Motion Picture Made for Television",The Handmaid's Tale,Ann Dowd,FALSE,,
2017,2018,75,Best Performance by an Actress In A Television Series - Drama,The Handmaid's Tale,Elisabeth Moss,TRUE,,
2017,2018,75,Best Television Series - Drama,The Handmaid's Tale,,TRUE,,
2017,2018,75,Best Performance by an Actress in a Motion Picture - Musical or Comedy,The Leisure Seeker,Helen Mirren,FALSE,,
2017,2018,75,Best Performance by an Actress in a Television Series - Musical or Comedy,The Marvelous Mrs. Maisel,Rachel Brosnahan,TRUE,,
2017,2018,75,Best Television Series - Musical or Comedy,The Marvelous Mrs. Maisel,,TRUE,,
2017,2018,75,Best Director - Motion Picture,The Post,Steven Spielberg,FALSE,,
2017,2018,75,Best Motion Picture - Drama,The Post,,FALSE,,
2017,2018,75,Best Original Score - Motion Picture,The Post,John Williams,FALSE,,
2017,2018,75,Best Performance by an Actor in a Motion Picture - Drama,The Post,Tom Hanks,FALSE,,
2017,2018,75,Best Performance by an Actress in a Motion Picture - Drama,The Post,Meryl Streep,FALSE,,
2017,2018,75,Best Screenplay - Motion Picture,The Post,Liz Hannah,FALSE,,
2017,2018,75,Best Screenplay - Motion Picture,The Post,Josh Singer,FALSE,,
2017,2018,75,Best Director - Motion Picture,The Shape of Water,Guillermo del Toro,TRUE,,
2017,2018,75,Best Motion Picture - Drama,The Shape of Water,,FALSE,,
2017,2018,75,Best Original Score - Motion Picture,The Shape of Water,Alexandre Desplat,TRUE,,
2017,2018,75,Best Performance by an Actor in a Supporting Role in any Motion Picture,The Shape of Water,Richard Jenkins,FALSE,,
2017,2018,75,Best Performance by an Actress in a Motion Picture - Drama,The Shape of Water,Sally Hawkins,FALSE,,
2017,2018,75,Best Performance by an Actress in a Supporting Role in any Motion Picture,The Shape of Water,Octavia Spencer,FALSE,,
2017,2018,75,Best Screenplay - Motion Picture,The Shape of Water,Guillermo del Toro,FALSE,,
2017,2018,75,Best Screenplay - Motion Picture,The Shape of Water,Vanessa Taylor,FALSE,,
2017,2018,75,Best Performance by an Actress in a Limited Series or a Motion Picture Made for Television,The Sinner,Jessica Biel,FALSE,,
2017,2018,75,Best Television Limited Series or Motion Picture Made for Television,The Sinner,,FALSE,,
2017,2018,75,Best Motion Picture - Foreign Language,The Square,Ruben Östlund,FALSE,,Sweden
2017,2018,75,Best Original Song - Motion Picture,The Star,Mariah Carey,FALSE,"""The Star""",
2017,2018,75,Best Original Song - Motion Picture,The Star,Marc Shaiman,FALSE,"""The Star""",
2017,2018,75,Best Performance by an Actor in a Limited Series or a Motion Picture Made for Television,The Wizard of Lies,Robert De Niro,FALSE,,
2017,2018,75,"Best Performance by an Actress in a Supporting Role in a Series, Limited Series or Motion Picture Made for Television",The Wizard of Lies,Michelle Pfeiffer,FALSE,,
2017,2018,75,Best Performance by an Actor in a Limited Series or a Motion Picture Made for Television,The Young Pope,Jude Law,FALSE,,
2017,2018,75,Best Performance by an Actor In A Television Series - Drama,This Is Us,Sterling K. Brown,TRUE,,
2017,2018,75,"Best Performance by an Actress in a Supporting Role in a Series, Limited Series or Motion Picture Made for Television",This Is Us,Chrissy Metz,FALSE,,
2017,2018,75,Best Television Series - Drama,This Is Us,,FALSE,,
2017,2018,75,Best Director - Motion Picture,"Three Billboards Outside Ebbing, Missouri",Martin McDonagh,FALSE,,
2017,2018,75,Best Motion Picture - Drama,"Three Billboards Outside Ebbing, Missouri",,TRUE,,
2017,2018,75,Best Original Score - Motion Picture,"Three Billboards Outside Ebbing, Missouri",Carter Burwell,FALSE,,
2017,2018,75,Best Performance by an Actor in a Supporting Role in any Motion Picture,"Three Billboards Outside Ebbing, Missouri",Sam Rockwell,TRUE,,
2017,2018,75,Best Performance by an Actress in a Motion Picture - Drama,"Three Billboards Outside Ebbing, Missouri",Frances McDormand,TRUE,,
2017,2018,75,Best Screenplay - Motion Picture,"Three Billboards Outside Ebbing, Missouri",Martin McDonagh,TRUE,,
2017,2018,75,Best Television Limited Series or Motion Picture Made for Television,Top of The Lake: China Girl,,FALSE,,
2017,2018,75,Best Performance by an Actor in a Limited Series or a Motion Picture Made for Television,"Twin Peaks, The Return",Kyle MacLachlan,FALSE,,
2017,2018,75,Best Performance by an Actress in a Motion Picture - Musical or Comedy,Victoria & Abdul,Judi Dench,FALSE,,
2017,2018,75,Best Performance by an Actor in a Television Series - Musical or Comedy,Will & Grace,Eric McCormack,FALSE,,
2017,2018,75,Best Television Series - Musical or Comedy,Will & Grace,,FALSE,,
2017,2018,75,Cecil B. deMille Award,,Oprah Winfrey,FALSE,,
2018,2019,76,Best Original Song - Motion Picture,A Private War,Annie Lennox,FALSE,Requiem For A Private War,
2018,2019,76,Best Performance by an Actress in a Motion Picture - Drama,A Private War,Rosamund Pike,FALSE,,
2018,2019,76,Best Original Score - Motion Picture,A Quiet Place,Marco Beltrami,FALSE,,
2018,2019,76,Best Director - Motion Picture,A Star Is Born,Bradley Cooper,FALSE,,
2018,2019,76,Best Motion Picture - Drama,A Star Is Born,,FALSE,,
2018,2019,76,Best Original Song - Motion Picture,A Star Is Born,Lady Gaga,TRUE,Shallow,
2018,2019,76,Best Original Song - Motion Picture,A Star Is Born,Mark Ronson,TRUE,Shallow,
2018,2019,76,Best Original Song - Motion Picture,A Star Is Born,Anthony Rossomando,TRUE,Shallow,
2018,2019,76,Best Original Song - Motion Picture,A Star Is Born,Andrew Wyatt,TRUE,Shallow,
2018,2019,76,Best Performance by an Actor in a Motion Picture - Drama,A Star Is Born,Bradley Cooper,FALSE,,
2018,2019,76,Best Performance by an Actress in a Motion Picture - Drama,A Star Is Born,Lady Gaga,FALSE,,
2018,2019,76,Best Performance by an Actor in a Limited Series or a Motion Picture Made for Television,A Very English Scandal,Hugh Grant,FALSE,,
2018,2019,76,"Best Performance by an Actor in a Supporting Role in a Series, Limited Series or Motion Picture Made for Television",A Very English Scandal,Ben Whishaw,TRUE,,
2018,2019,76,Best Television Limited Series or Motion Picture Made for Television,A Very English Scandal,,FALSE,,
2018,2019,76,Best Performance by an Actor in a Motion Picture - Drama,At Eternity's Gate,Willem Dafoe,FALSE,,
2018,2019,76,Best Performance by an Actor in a Television Series - Musical or Comedy,Atlanta,Donald Glover,FALSE,,
2018,2019,76,"Best Performance by an Actor in a Supporting Role in a Series, Limited Series or Motion Picture Made for Television",Barry,Henry Winkler,FALSE,,
2018,2019,76,Best Performance by an Actor in a Television Series - Musical or Comedy,Barry,Bill Hader,FALSE,,
2018,2019,76,Best Television Series - Musical or Comedy,Barry,,FALSE,,
2018,2019,76,Best Performance by an Actor in a Supporting Role in any Motion Picture,Beautiful Boy,Timothée Chalamet,FALSE,,
2018,2019,76,Best Motion Picture - Drama,Black Panther,,FALSE,,
2018,2019,76,Best Original Score - Motion Picture,Black Panther,Ludwig Göransson,FALSE,,
2018,2019,76,Best Original Song - Motion Picture,Black Panther,All The Stars,FALSE,,
2018,2019,76,Best Director - Motion Picture,BlacKkKlansman,Spike Lee,FALSE,,
2018,2019,76,Best Motion Picture - Drama,BlacKkKlansman,,FALSE,,
2018,2019,76,Best Performance by an Actor in a Motion Picture - Drama,BlacKkKlansman,John David Washington,FALSE,,
2018,2019,76,Best Performance by an Actor in a Supporting Role in any Motion Picture,BlacKkKlansman,Adam Driver,FALSE,,
2018,2019,76,Best Performance by an Actor In A Television Series - Drama,Bodyguard,Richard Madden,TRUE,,
2018,2019,76,Best Television Series - Drama,Bodyguard,,FALSE,,
2018,2019,76,Best Motion Picture - Drama,Bohemian Rhapsody,,TRUE,,
2018,2019,76,Best Performance by an Actor in a Motion Picture - Drama,Bohemian Rhapsody,Rami Malek,TRUE,,
2018,2019,76,Best Original Song - Motion Picture,Boy Erased,Revelation,FALSE,,
2018,2019,76,Best Performance by an Actor in a Motion Picture - Drama,Boy Erased,Lucas Hedges,FALSE,,
2018,2019,76,Best Performance by an Actor in a Supporting Role in any Motion Picture,Can You Ever Forgive Me?,Richard E. Grant,FALSE,,
2018,2019,76,Best Performance by an Actress in a Motion Picture - Drama,Can You Ever Forgive Me?,Melissa McCarthy,FALSE,,
2018,2019,76,Best Motion Picture - Foreign Language,Capernaum,Nadine Labaki,FALSE,,Lebanon
2018,2019,76,Best Motion Picture - Musical or Comedy,Crazy Rich Asians,,FALSE,,
2018,2019,76,Best Performance by an Actress in a Motion Picture - Musical or Comedy,Crazy Rich Asians,Constance Wu,FALSE,,
2018,2019,76,Best Performance by an Actress in a Motion Picture - Drama,Destroyer,Nicole Kidman,FALSE,,
2018,2019,76,Best Performance by an Actress in a Limited Series or a Motion Picture Made for Television,Dirty John,Connie Britton,FALSE,,
2018,2019,76,Best Original Song - Motion Picture,Dumplin',Dolly Parton,FALSE,Girl in the Movies,
2018,2019,76,Best Original Song - Motion Picture,Dumplin',Linda Perry,FALSE,Girl in the Movies,
2018,2019,76,Best Performance by an Actress in a Motion Picture - Musical or Comedy,Eighth Grade,Elsie Fisher,FALSE,,
2018,2019,76,Best Performance by an Actress in a Limited Series or a Motion Picture Made for Television,Escape at Dannemora,Patricia Arquette,TRUE,,
2018,2019,76,Best Television Limited Series or Motion Picture Made for Television,Escape at Dannemora,,FALSE,,
2018,2019,76,Best Original Score - Motion Picture,First Man,Justin Hurwitz,TRUE,,
2018,2019,76,Best Performance by an Actress in a Supporting Role in any Motion Picture,First Man,Claire Foy,FALSE,,
2018,2019,76,Best Performance by an Actor in a Limited Series or a Motion Picture Made for Television,Genius: Picasso,Antonio Banderas,FALSE,,
2018,2019,76,Best Motion Picture - Foreign Language,Girl,Lukas Dhont,FALSE,,Belgium
2018,2019,76,Best Performance by an Actress in a Television Series - Musical or Comedy,GLOW,Alison Brie,FALSE,,
2018,2019,76,Best Director - Motion Picture,Green Book,Peter Farrelly,FALSE,,
2018,2019,76,Best Motion Picture - Musical or Comedy,Green Book,,TRUE,,
2018,2019,76,Best Performance by an Actor in a Motion Picture - Musical or Comedy,Green Book,Viggo Mortensen,FALSE,,
2018,2019,76,Best Performance by an Actor in a Supporting Role in any Motion Picture,Green Book,Mahershala Ali,TRUE,,
2018,2019,76,Best Screenplay - Motion Picture,Green Book,Nick Vallelonga,TRUE,,
2018,2019,76,Best Screenplay - Motion Picture,Green Book,Brian Currie,TRUE,,
2018,2019,76,Best Screenplay - Motion Picture,Green Book,Peter Farrelly,TRUE,,
2018,2019,76,Best Performance by an Actor In A Television Series - Drama,Homecoming,Stephan James,FALSE,,
2018,2019,76,Best Performance by an Actress In A Television Series - Drama,Homecoming,Julia Roberts,FALSE,,
2018,2019,76,Best Television Series - Drama,Homecoming,,FALSE,,
2018,2019,76,Best Motion Picture - Drama,If Beale Street Could Talk,,FALSE,,
2018,2019,76,Best Performance by an Actress in a Supporting Role in any Motion Picture,If Beale Street Could Talk,Regina King,TRUE,,
2018,2019,76,Best Screenplay - Motion Picture,If Beale Street Could Talk,Barry Jenkins,FALSE,,
2018,2019,76,Best Motion Picture - Animated,Incredibles 2,,FALSE,,
2018,2019,76,Best Motion Picture - Animated,Isle of Dogs,,FALSE,,
2018,2019,76,Best Original Score - Motion Picture,Isle of Dogs,Alexandre Desplat,FALSE,,
2018,2019,76,Best Performance by an Actor in a Television Series - Musical or Comedy,Kidding,Jim Carrey,FALSE,,
2018,2019,76,Best Television Series - Musical or Comedy,Kidding,,FALSE,,
2018,2019,76,Best Performance by an Actress In A Television Series - Drama,Killing Eve,Sandra Oh,TRUE,,
2018,2019,76,Best Television Series - Drama,Killing Eve,,FALSE,,
2018,2019,76,Best Motion Picture - Musical or Comedy,Mary Poppins Returns,,FALSE,,
2018,2019,76,Best Original Score - Motion Picture,Mary Poppins Returns,Marc Shaiman,FALSE,,
2018,2019,76,Best Performance by an Actor in a Motion Picture - Musical or Comedy,Mary Poppins Returns,Lin-Manuel Miranda,FALSE,,
2018,2019,76,Best Performance by an Actress in a Motion Picture - Musical or Comedy,Mary Poppins Returns,Emily Blunt,FALSE,,
2018,2019,76,Best Motion Picture - Animated,Mirai,,FALSE,,
2018,2019,76,Best Performance by an Actress in a Television Series - Musical or Comedy,Murphy Brown,Candice Bergen,FALSE,,
2018,2019,76,Best Motion Picture - Foreign Language,Never Look Away,Florian Henckel von Donnersmarck,FALSE,,Germany
2018,2019,76,Best Performance by an Actress In A Television Series - Drama,Outlander,Caitriona Balfe,FALSE,,
2018,2019,76,Best Performance by an Actor In A Television Series - Drama,Ozark,Jason Bateman,FALSE,,
2018,2019,76,Best Performance by an Actor in a Limited Series or a Motion Picture Made for Television,Patrick Melrose,Benedict Cumberbatch,FALSE,,
2018,2019,76,Best Performance by an Actor In A Television Series - Drama,Pose,Billy Porter,FALSE,,
2018,2019,76,Best Television Series - Drama,Pose,,FALSE,,
2018,2019,76,Best Motion Picture - Animated,Ralph Breaks the Internet,,FALSE,,
2018,2019,76,Best Director - Motion Picture,Roma,Alfonso Cuarón,TRUE,,
2018,2019,76,Best Motion Picture - Foreign Language,Roma,Alfonso Cuarón,TRUE,,Mexico
2018,2019,76,Best Screenplay - Motion Picture,Roma,Alfonso Cuarón,FALSE,,
2018,2019,76,Best Performance by an Actress in a Limited Series or a Motion Picture Made for Television,Seven Seconds,Regina King,FALSE,,
2018,2019,76,Best Performance by an Actress in a Limited Series or a Motion Picture Made for Television,Sharp Objects,Amy Adams,FALSE,,
2018,2019,76,"Best Performance by an Actress in a Supporting Role in a Series, Limited Series or Motion Picture Made for Television",Sharp Objects,Patricia Clarkson,TRUE,,
2018,2019,76,Best Television Limited Series or Motion Picture Made for Television,Sharp Objects,,FALSE,,
2018,2019,76,Best Motion Picture - Foreign Language,Shoplifters,Hirokazu Koreeda,FALSE,,Japan
2018,2019,76,Best Motion Picture - Animated,Spider-Man: Into the Spider-Verse,,TRUE,,
2018,2019,76,Best Performance by an Actor in a Motion Picture - Musical or Comedy,Stan & Ollie,John C. Reilly,FALSE,,
2018,2019,76,"Best Performance by an Actor in a Supporting Role in a Series, Limited Series or Motion Picture Made for Television",Succession,Kieran Culkin,FALSE,,
2018,2019,76,Best Performance by an Actor in a Limited Series or a Motion Picture Made for Television,The Alienist,Daniel Brühl,FALSE,,
2018,2019,76,Best Television Limited Series or Motion Picture Made for Television,The Alienist,,FALSE,,
2018,2019,76,Best Performance by an Actor In A Television Series - Drama,The Americans,Matthew Rhys,FALSE,,
2018,2019,76,Best Performance by an Actress In A Television Series - Drama,The Americans,Keri Russell,FALSE,,
2018,2019,76,Best Television Series - Drama,The Americans,,TRUE,,
2018,2019,76,Best Performance by an Actor in a Limited Series or a Motion Picture Made for Television,The Assassination of Gianni Versace: American Crime Story,Darren Criss,TRUE,,
2018,2019,76,"Best Performance by an Actor in a Supporting Role in a Series, Limited Series or Motion Picture Made for Television",The Assassination of Gianni Versace: American Crime Story,Edgar Ramírez,FALSE,,
2018,2019,76,"Best Performance by an Actress in a Supporting Role in a Series, Limited Series or Motion Picture Made for Television",The Assassination of Gianni Versace: American Crime Story,Penélope Cruz,FALSE,,
2018,2019,76,Best Television Limited Series or Motion Picture Made for Television,The Assassination of Gianni Versace: American Crime Story,,TRUE,,
2018,2019,76,Best Motion Picture - Musical or Comedy,The Favourite,,FALSE,,
2018,2019,76,Best Performance by an Actress in a Motion Picture - Musical or Comedy,The Favourite,Olivia Colman,TRUE,,
2018,2019,76,Best Performance by an Actress in a Supporting Role in any Motion Picture,The Favourite,Emma Stone,FALSE,,
2018,2019,76,Best Performance by an Actress in a Supporting Role in any Motion Picture,The Favourite,Rachel Weisz,FALSE,,
2018,2019,76,Best Screenplay - Motion Picture,The Favourite,Deborah Davis,FALSE,,
2018,2019,76,Best Screenplay - Motion Picture,The Favourite,Tony McNamara,FALSE,,
2018,2019,76,Best Performance by an Actress in a Television Series - Musical or Comedy,The Good Place,Kristen Bell,FALSE,,
2018,2019,76,Best Television Series - Musical or Comedy,The Good Place,,FALSE,,
2018,2019,76,"Best Performance by an Actress in a Supporting Role in a Series, Limited Series or Motion Picture Made for Television",The Handmaid's Tale,Yvonne Strahovski,FALSE,,
2018,2019,76,Best Performance by an Actress In A Television Series - Drama,The Handmaid's Tale,Elisabeth Moss,FALSE,,
2018,2019,76,"Best Performance by an Actor in a Supporting Role in a Series, Limited Series or Motion Picture Made for Television",The Kominsky Method,Alan Arkin,FALSE,,
2018,2019,76,Best Performance by an Actor in a Television Series - Musical or Comedy,The Kominsky Method,Michael Douglas,TRUE,,
2018,2019,76,Best Television Series - Musical or Comedy,The Kominsky Method,,TRUE,,
2018,2019,76,"Best Performance by an Actress in a Supporting Role in a Series, Limited Series or Motion Picture Made for Television",The Marvelous Mrs. Maisel,Alex Borstein,FALSE,,
2018,2019,76,Best Performance by an Actress in a Television Series - Musical or Comedy,The Marvelous Mrs. Maisel,Rachel Brosnahan,TRUE,,
2018,2019,76,Best Television Series - Musical or Comedy,The Marvelous Mrs. Maisel,,FALSE,,
2018,2019,76,Best Performance by an Actor in a Motion Picture - Musical or Comedy,The Old Man & the Gun,Robert Redford,FALSE,,
2018,2019,76,Best Performance by an Actress in a Limited Series or a Motion Picture Made for Television,The Tale,Laura Dern,FALSE,,
2018,2019,76,Best Performance by an Actress in a Motion Picture - Drama,The Wife,Glenn Close,TRUE,,
2018,2019,76,Best Performance by an Actress in a Motion Picture - Musical or Comedy,Tully,Charlize Theron,FALSE,,
2018,2019,76,Best Director - Motion Picture,Vice,Adam McKay,FALSE,,
2018,2019,76,Best Motion Picture - Musical or Comedy,Vice,,FALSE,,
2018,2019,76,Best Performance by an Actor in a Motion Picture - Musical or Comedy,Vice,Christian Bale,TRUE,,
2018,2019,76,Best Performance by an Actor in a Supporting Role in any Motion Picture,Vice,Sam Rockwell,FALSE,,
2018,2019,76,Best Performance by an Actress in a Supporting Role in any Motion Picture,Vice,Amy Adams,FALSE,,
2018,2019,76,Best Screenplay - Motion Picture,Vice,Adam McKay,FALSE,,
2018,2019,76,"Best Performance by an Actress in a Supporting Role in a Series, Limited Series or Motion Picture Made for Television",Westworld,Thandie Newton,FALSE,,
2018,2019,76,Best Performance by an Actor in a Television Series - Musical or Comedy,Who is America?,Sacha Baron Cohen,FALSE,,
2018,2019,76,Best Performance by an Actress in a Television Series - Musical or Comedy,Will & Grace,Debra Messing,FALSE,,
2018,2019,76,Carol Burnett Award,,Carol Burnett,FALSE,,
2018,2019,76,Cecil B. deMille Award,,Jeff Bridges,FALSE,,
2019,2020,77,Best Director - Motion Picture,1917,Sam Mendes,TRUE,,
2019,2020,77,Best Motion Picture - Drama,1917,,TRUE,,
2019,2020,77,Best Original Score - Motion Picture,1917,Thomas Newman,FALSE,,
2019,2020,77,Best Performance by an Actor in a Supporting Role in any Motion Picture,A Beautiful Day in the Neighborhood,Tom Hanks,FALSE,,
2019,2020,77,"Best Performance by an Actor in a Supporting Role in a Series, Limited Series or Motion Picture Made for Television",Barry,Henry Winkler,FALSE,,
2019,2020,77,Best Performance by an Actor in a Television Series - Musical or Comedy,Barry,Bill Hader,FALSE,,
2019,2020,77,Best Television Series - Musical or Comedy,Barry,,FALSE,,
2019,2020,77,"Best Performance by an Actress in a Supporting Role in a Series, Limited Series or Motion Picture Made for Television",Big Little Lies,Meryl Streep,FALSE,,
2019,2020,77,Best Performance by an Actress In A Television Series - Drama,Big Little Lies,Nicole Kidman,FALSE,,
2019,2020,77,Best Television Series - Drama,Big Little Lies,,FALSE,,
2019,2020,77,Best Performance by an Actress in a Motion Picture - Drama,Bombshell,Charlize Theron,FALSE,,
2019,2020,77,Best Performance by an Actress in a Supporting Role in any Motion Picture,Bombshell,Margot Robbie,FALSE,,
2019,2020,77,Best Performance by an Actress in a Motion Picture - Musical or Comedy,Booksmart,Beanie Feldstein,FALSE,,
2019,2020,77,Best Performance by an Actor in a Limited Series or a Motion Picture Made for Television,Catch-22,Christopher Abbott,FALSE,,
2019,2020,77,Best Television Limited Series or Motion Picture Made for Television,Catch-22,,FALSE,,
2019,2020,77,Best Performance by an Actress in a Limited Series or a Motion Picture Made for Television,Catherine the Great,Helen Mirren,FALSE,,
2019,2020,77,Best Original Song - Motion Picture,Cats,Andrew Lloyd Webber,FALSE,Beautiful Ghosts,
2019,2020,77,Best Original Song - Motion Picture,Cats,Taylor Swift,FALSE,Beautiful Ghosts,
2019,2020,77,Best Performance by an Actor in a Limited Series or a Motion Picture Made for Television,Chernobyl,Jared Harris,FALSE,,
2019,2020,77,"Best Performance by an Actor in a Supporting Role in a Series, Limited Series or Motion Picture Made for Television",Chernobyl,Stellan Skarsgård,TRUE,,
2019,2020,77,"Best Performance by an Actress in a Supporting Role in a Series, Limited Series or Motion Picture Made for Television",Chernobyl,Emily Watson,FALSE,,
2019,2020,77,Best Television Limited Series or Motion Picture Made for Television,Chernobyl,,TRUE,,
2019,2020,77,Best Performance by an Actress in a Television Series - Musical or Comedy,Dead to Me,Christina Applegate,FALSE,,
2019,2020,77,Best Motion Picture - Musical or Comedy,Dolemite Is My Name,,FALSE,,
2019,2020,77,Best Performance by an Actor in a Motion Picture - Musical or Comedy,Dolemite Is My Name,Eddie Murphy,FALSE,,
2019,2020,77,"Best Performance by an Actor in a Supporting Role in a Series, Limited Series or Motion Picture Made for Television",Fleabag,Andrew Scott,FALSE,,
2019,2020,77,Best Performance by an Actress in a Television Series - Musical or Comedy,Fleabag,Phoebe Waller-Bridge,TRUE,,
2019,2020,77,Best Television Series - Musical or Comedy,Fleabag,,TRUE,,
2019,2020,77,Best Performance by an Actor in a Motion Picture - Drama,Ford v Ferrari,Christian Bale,FALSE,,
2019,2020,77,Best Performance by an Actor in a Limited Series or a Motion Picture Made for Television,Fosse/Verdon,Sam Rockwell,FALSE,,
2019,2020,77,Best Performance by an Actress in a Limited Series or a Motion Picture Made for Television,Fosse/Verdon,Michelle Williams,TRUE,,
2019,2020,77,Best Television Limited Series or Motion Picture Made for Television,Fosse/Verdon,,FALSE,,
2019,2020,77,Best Motion Picture - Animated,Frozen II,,FALSE,,
2019,2020,77,Best Original Song - Motion Picture,Frozen II,Kristen Anderson Lopez,FALSE,Into the Unknown,
2019,2020,77,Best Original Song - Motion Picture,Frozen II,Robert Lopez,FALSE,Into the Unknown,
2019,2020,77,Best Performance by an Actor In A Television Series - Drama,Game of Thrones,Kit Harington,FALSE,,
2019,2020,77,Best Original Song - Motion Picture,Harriet,Joshuah Brian Campbell,FALSE,Stand Up,
2019,2020,77,Best Original Song - Motion Picture,Harriet,Cynthia Erivo,FALSE,Stand Up,
2019,2020,77,Best Performance by an Actress in a Motion Picture - Drama,Harriet,Cynthia Erivo,FALSE,,
2019,2020,77,Best Motion Picture - Animated,How to Train Your Dragon: The Hidden World,,FALSE,,
2019,2020,77,Best Performance by an Actress in a Supporting Role in any Motion Picture,Hustlers,Jennifer Lopez,FALSE,,
2019,2020,77,Best Motion Picture - Musical or Comedy,Jojo Rabbit,,FALSE,,
2019,2020,77,Best Performance by an Actor in a Motion Picture - Musical or Comedy,Jojo Rabbit,Roman Griffin Davis,FALSE,,
2019,2020,77,Best Director - Motion Picture,Joker,Todd Phillips,FALSE,,
2019,2020,77,Best Motion Picture - Drama,Joker,,FALSE,,
2019,2020,77,Best Original Score - Motion Picture,Joker,Hildur Guðnadóttir,TRUE,,
2019,2020,77,Best Performance by an Actor in a Motion Picture - Drama,Joker,Joaquin Phoenix,TRUE,,
2019,2020,77,Best Performance by an Actress in a Motion Picture - Drama,Judy,Renée Zellweger,TRUE,,
2019,2020,77,Best Performance by an Actress In A Television Series - Drama,Killing Eve,Jodie Comer,FALSE,,
2019,2020,77,Best Television Series - Drama,Killing Eve,,FALSE,,
2019,2020,77,Best Motion Picture - Musical or Comedy,Knives Out,,FALSE,,
2019,2020,77,Best Performance by an Actor in a Motion Picture - Musical or Comedy,Knives Out,Daniel Craig,FALSE,,
2019,2020,77,Best Performance by an Actress in a Motion Picture - Musical or Comedy,Knives Out,Ana de Armas,FALSE,,
2019,2020,77,Best Performance by an Actress in a Motion Picture - Musical or Comedy,Late Night,Emma Thompson,FALSE,,
2019,2020,77,Best Motion Picture - Foreign Language,Les Misérables,Ladj Ly,FALSE,,France
2019,2020,77,Best Original Score - Motion Picture,Little Women,Alexandre Desplat,FALSE,,
2019,2020,77,Best Performance by an Actress in a Motion Picture - Drama,Little Women,Saoirse Ronan,FALSE,,
2019,2020,77,Best Performance by an Actor in a Television Series - Musical or Comedy,Living with Yourself,Paul Rudd,FALSE,,
2019,2020,77,Best Motion Picture - Drama,Marriage Story,,FALSE,,
2019,2020,77,Best Original Score - Motion Picture,Marriage Story,Randy Newman,FALSE,,
2019,2020,77,Best Performance by an Actor in a Motion Picture - Drama,Marriage Story,Adam Driver,FALSE,,
2019,2020,77,Best Performance by an Actress in a Motion Picture - Drama,Marriage Story,Scarlett Johansson,FALSE,,
2019,2020,77,Best Performance by an Actress in a Supporting Role in any Motion Picture,Marriage Story,Laura Dern,TRUE,,
2019,2020,77,Best Screenplay - Motion Picture,Marriage Story,Noah Baumbach,FALSE,,
2019,2020,77,Best Motion Picture - Animated,Missing Link,,TRUE,,
2019,2020,77,Best Original Score - Motion Picture,Motherless Brooklyn,Daniel Pemberton,FALSE,,
2019,2020,77,Best Performance by an Actor In A Television Series - Drama,Mr. Robot,Rami Malek,FALSE,,
2019,2020,77,Best Performance by an Actress in a Television Series - Musical or Comedy,On Becoming a God in Central Florida,Kirsten Dunst,FALSE,,
2019,2020,77,Best Director - Motion Picture,Once Upon a Time...in Hollywood,Quentin Tarantino,FALSE,,
2019,2020,77,Best Motion Picture - Musical or Comedy,Once Upon a Time...in Hollywood,,TRUE,,
2019,2020,77,Best Performance by an Actor in a Motion Picture - Musical or Comedy,Once Upon a Time...in Hollywood,Leonardo DiCaprio,FALSE,,
2019,2020,77,Best Performance by an Actor in a Supporting Role in any Motion Picture,Once Upon a Time...in Hollywood,Brad Pitt,TRUE,,
2019,2020,77,Best Screenplay - Motion Picture,Once Upon a Time...in Hollywood,Quentin Tarantino,TRUE,,
2019,2020,77,Best Motion Picture - Foreign Language,Pain and Glory,Pedro Almodóvar,FALSE,,Spain
2019,2020,77,Best Performance by an Actor in a Motion Picture - Drama,Pain and Glory,Antonio Banderas,FALSE,,
2019,2020,77,Best Director - Motion Picture,Parasite,Bong Joon Ho,FALSE,,
2019,2020,77,Best Motion Picture - Foreign Language,Parasite,Bong Joon Ho,TRUE,,South Korea
2019,2020,77,Best Screenplay - Motion Picture,Parasite,Bong Joon Ho,FALSE,,
2019,2020,77,Best Screenplay - Motion Picture,Parasite,Han Jin Won,FALSE,,
2019,2020,77,Best Motion Picture - Foreign Language,Portrait of a Lady on Fire,Céline Sciamma,FALSE,,France
2019,2020,77,Best Performance by an Actor In A Television Series - Drama,Pose,Billy Porter,FALSE,,
2019,2020,77,Best Performance by an Actor in a Television Series - Musical or Comedy,Ramy,Ramy Youssef,TRUE,,
2019,2020,77,Best Performance by an Actress in a Supporting Role in any Motion Picture,Richard Jewell,Kathy Bates,FALSE,,
2019,2020,77,Best Motion Picture - Musical or Comedy,Rocketman,,FALSE,,
2019,2020,77,Best Original Song - Motion Picture,Rocketman,Elton John,TRUE,I'm Gonna Love Me Again,
2019,2020,77,Best Original Song - Motion Picture,Rocketman,Bernie Taupin,TRUE,I'm Gonna Love Me Again,
2019,2020,77,Best Performance by an Actor in a Motion Picture - Musical or Comedy,Rocketman,Taron Egerton,TRUE,,
2019,2020,77,Best Performance by an Actress in a Television Series - Musical or Comedy,Russian Doll,Natasha Lyonne,FALSE,,
2019,2020,77,"Best Performance by an Actor in a Supporting Role in a Series, Limited Series or Motion Picture Made for Television",Succession,Kieran Culkin,FALSE,,
2019,2020,77,Best Performance by an Actor In A Television Series - Drama,Succession,Brian Cox,TRUE,,
2019,2020,77,Best Television Series - Drama,Succession,,TRUE,,
2019,2020,77,Best Performance by an Actress in a Limited Series or a Motion Picture Made for Television,The Act,Joey King,FALSE,,
2019,2020,77,"Best Performance by an Actress in a Supporting Role in a Series, Limited Series or Motion Picture Made for Television",The Act,Patricia Arquette,TRUE,,
2019,2020,77,Best Performance by an Actor In A Television Series - Drama,The Crown,Tobias Menzies,FALSE,,
2019,2020,77,"Best Performance by an Actress in a Supporting Role in a Series, Limited Series or Motion Picture Made for Television",The Crown,Helena Bonham Carter,FALSE,,
2019,2020,77,Best Performance by an Actress In A Television Series - Drama,The Crown,Olivia Colman,TRUE,,
2019,2020,77,Best Television Series - Drama,The Crown,,FALSE,,
2019,2020,77,Best Motion Picture - Foreign Language,The Farewell,Lulu Wang,FALSE,,USA
2019,2020,77,Best Performance by an Actress in a Motion Picture - Musical or Comedy,The Farewell,Awkwafina,TRUE,,
2019,2020,77,Best Director - Motion Picture,The Irishman,Martin Scorsese,FALSE,,
2019,2020,77,Best Motion Picture - Drama,The Irishman,,FALSE,,
2019,2020,77,Best Performance by an Actor in a Supporting Role in any Motion Picture,The Irishman,Al Pacino,FALSE,,
2019,2020,77,Best Performance by an Actor in a Supporting Role in any Motion Picture,The Irishman,Joe Pesci,FALSE,,
2019,2020,77,Best Screenplay - Motion Picture,The Irishman,Steven Zaillian,FALSE,,
2019,2020,77,"Best Performance by an Actor in a Supporting Role in a Series, Limited Series or Motion Picture Made for Television",The Kominsky Method,Alan Arkin,FALSE,,
2019,2020,77,Best Performance by an Actor in a Television Series - Musical or Comedy,The Kominsky Method,Michael Douglas,FALSE,,
2019,2020,77,Best Television Series - Musical or Comedy,The Kominsky Method,,FALSE,,
2019,2020,77,Best Motion Picture - Animated,The Lion King,,FALSE,,
2019,2020,77,Best Original Song - Motion Picture,The Lion King,Timothy McKenzie,FALSE,Spirit,
2019,2020,77,Best Original Song - Motion Picture,The Lion King,Ilya Salmanzadeh,FALSE,Spirit,
2019,2020,77,Best Original Song - Motion Picture,The Lion King,Beyoncé,FALSE,Spirit,
2019,2020,77,Best Performance by an Actor in a Limited Series or a Motion Picture Made for Television,The Loudest Voice,Russell Crowe,TRUE,,
2019,2020,77,Best Television Limited Series or Motion Picture Made for Television,The Loudest Voice,,FALSE,,
2019,2020,77,Best Performance by an Actress in a Television Series - Musical or Comedy,The Marvelous Mrs. Maisel,Rachel Brosnahan,FALSE,,
2019,2020,77,Best Television Series - Musical or Comedy,The Marvelous Mrs. Maisel,,FALSE,,
2019,2020,77,Best Performance by an Actress In A Television Series - Drama,The Morning Show,Jennifer Aniston,FALSE,,
2019,2020,77,Best Performance by an Actress In A Television Series - Drama,The Morning Show,Reese Witherspoon,FALSE,,
2019,2020,77,Best Television Series - Drama,The Morning Show,,FALSE,,
2019,2020,77,Best Performance by an Actor in a Television Series - Musical or Comedy,The Politician,Ben Platt,FALSE,,
2019,2020,77,Best Television Series - Musical or Comedy,The Politician,,FALSE,,
2019,2020,77,Best Performance by an Actress in a Supporting Role in any Motion Picture,The Report,Annette Bening,FALSE,,
2019,2020,77,Best Performance by an Actor in a Limited Series or a Motion Picture Made for Television,The Spy,Sacha Baron Cohen,FALSE,,
2019,2020,77,Best Motion Picture - Drama,The Two Popes,,FALSE,,
2019,2020,77,Best Performance by an Actor in a Motion Picture - Drama,The Two Popes,Jonathan Pryce,FALSE,,
2019,2020,77,Best Performance by an Actor in a Supporting Role in any Motion Picture,The Two Popes,Anthony Hopkins,FALSE,,
2019,2020,77,Best Screenplay - Motion Picture,The Two Popes,Anthony McCarten,FALSE,,
2019,2020,77,Best Motion Picture - Animated,Toy Story 4,,FALSE,,
2019,2020,77,Best Performance by an Actress in a Limited Series or a Motion Picture Made for Television,Unbelievable,Kaitlyn Dever,FALSE,,
2019,2020,77,Best Performance by an Actress in a Limited Series or a Motion Picture Made for Television,Unbelievable,Merritt Wever,FALSE,,
2019,2020,77,"Best Performance by an Actress in a Supporting Role in a Series, Limited Series or Motion Picture Made for Television",Unbelievable,Toni Collette,FALSE,,
2019,2020,77,Best Television Limited Series or Motion Picture Made for Television,Unbelievable,,FALSE,,
2019,2020,77,Best Performance by an Actress in a Motion Picture - Musical or Comedy,"Where'd You Go, Bernadette",Cate Blanchett,FALSE,,
2019,2020,77,Carol Burnett Award,,Ellen DeGeneres,TRUE,,
2019,2020,77,Cecil B. deMille Award,,Tom Hanks,TRUE,,
2020,2021,78,Best Director - Motion Picture,Nomadland,Chloé Zhao,TRUE,,
2020,2021,78,Best Director - Motion Picture,Promising Young Woman,Emerald Fennell,FALSE,,
2020,2021,78,Best Director - Motion Picture,Mank,David Fincher,FALSE,,
2020,2021,78,Best Director - Motion Picture,One Night in Miami...,Regina King,FALSE,,
2020,2021,78,Best Director - Motion Picture,The Trial of the Chicago 7,Aaron Sorkin,FALSE,,
2020,2021,78,Best Motion Picture - Animated,Soul,,TRUE,,
2020,2021,78,Best Motion Picture - Animated,The Croods: A New Age,,FALSE,,
2020,2021,78,Best Motion Picture - Animated,Onward,,FALSE,,
2020,2021,78,Best Motion Picture - Animated,Over the Moon,,FALSE,,
2020,2021,78,Best Motion Picture - Animated,Wolfwalkers,,FALSE,,
2020,2021,78,Best Motion Picture - Drama,Nomadland,,TRUE,,
2020,2021,78,Best Motion Picture - Drama,The Father,,FALSE,,
2020,2021,78,Best Motion Picture - Drama,Mank,,FALSE,,
2020,2021,78,Best Motion Picture - Drama,Promising Young Woman,,FALSE,,
2020,2021,78,Best Motion Picture - Drama,The Trial of the Chicago 7,,FALSE,,
2020,2021,78,Best Motion Picture - Foreign Language,Minari,,TRUE,,USA
2020,2021,78,Best Motion Picture - Foreign Language,Another Round,,FALSE,,Denmark
2020,2021,78,Best Motion Picture - Foreign Language,La Llorona,,FALSE,,Guatemala
2020,2021,78,Best Motion Picture - Foreign Language,The Life Ahead,,FALSE,,Italy
2020,2021,78,Best Motion Picture - Foreign Language,Two of Us,,FALSE,,France
2020,2021,78,Best Motion Picture - Musical or Comedy,Borat Subsequent Moviefilm: Delivery of Prodigious Bribe to American Regime for Make Benefit Once Glorious Nation of Kazakhstan,,TRUE,,
2020,2021,78,Best Motion Picture - Musical or Comedy,Hamilton,,FALSE,,
2020,2021,78,Best Motion Picture - Musical or Comedy,Music,,FALSE,,
2020,2021,78,Best Motion Picture - Musical or Comedy,Palm Springs,,FALSE,,
2020,2021,78,Best Motion Picture - Musical or Comedy,The Prom,,FALSE,,
2020,2021,78,Best Original Score - Motion Picture,Soul,Jon Batiste,TRUE,,
2020,2021,78,Best Original Score - Motion Picture,Soul,Trent Reznor,TRUE,,
2020,2021,78,Best Original Score - Motion Picture,Soul,Atticus Ross,TRUE,,
2020,2021,78,Best Original Score - Motion Picture,The Midnight Sky,Alexandre Desplat,FALSE,,
2020,2021,78,Best Original Score - Motion Picture,Tenet,Ludwig Göransson,FALSE,,
2020,2021,78,Best Original Score - Motion Picture,News of the World,James Newton Howard,FALSE,,
2020,2021,78,Best Original Score - Motion Picture,Mank,Trent Reznor,FALSE,,
2020,2021,78,Best Original Score - Motion Picture,Mank,Atticus Ross,FALSE,,
2020,2021,78,Best Original Song - Motion Picture,The Life Ahead,Niccolò Agliardi,TRUE,"""Io sì (Seen)""",
2020,2021,78,Best Original Song - Motion Picture,The Life Ahead,Laura Pausini,TRUE,"""Io sì (Seen)""",
2020,2021,78,Best Original Song - Motion Picture,The Life Ahead,Diane Warren,TRUE,"""Io sì (Seen)""",
2020,2021,78,Best Original Song - Motion Picture,Judas and the Black Messiah,d'Mile,FALSE,"""Fight for You""",
2020,2021,78,Best Original Song - Motion Picture,Judas and the Black Messiah,H.E.R.,FALSE,"""Fight for You""",
2020,2021,78,Best Original Song - Motion Picture,Judas and the Black Messiah,Tiara Thomas,FALSE,"""Fight for You""",
2020,2021,78,Best Original Song - Motion Picture,The Trial of the Chicago 7,Celeste,FALSE,"""Hear My Voice""",
2020,2021,78,Best Original Song - Motion Picture,The Trial of the Chicago 7,Daniel Pemberton,FALSE,"""Hear My Voice""",
2020,2021,78,Best Original Song - Motion Picture,One Night in Miami...,Sam Ashworth,FALSE,"""Speak Now""",
2020,2021,78,Best Original Song - Motion Picture,One Night in Miami...,"Leslie Odom, Jr.",FALSE,"""Speak Now""",
2020,2021,78,Best Original Song - Motion Picture,The United States vs. Billie Holiday,Andra Day,FALSE,"""Tigress & Tweed""",
2020,2021,78,Best Original Song - Motion Picture,The United States vs. Billie Holiday,Raphael Saadiq,FALSE,"""Tigress & Tweed""",
2020,2021,78,Best Performance by an Actor in a Limited Series or a Motion Picture Made for Television,I Know This Much Is True,Mark Ruffalo,TRUE,,
2020,2021,78,Best Performance by an Actor in a Limited Series or a Motion Picture Made for Television,Your Honor,Bryan Cranston,FALSE,,
2020,2021,78,Best Performance by an Actor in a Limited Series or a Motion Picture Made for Television,The Comey Rule,Jeff Daniels,FALSE,,
2020,2021,78,Best Performance by an Actor in a Limited Series or a Motion Picture Made for Television,The Undoing,Hugh Grant,FALSE,,
2020,2021,78,Best Performance by an Actor in a Limited Series or a Motion Picture Made for Television,The Good Lord Bird,Ethan Hawke,FALSE,,
2020,2021,78,Best Performance by an Actor in a Motion Picture - Drama,Ma Rainey's Black Bottom,Chadwick Boseman,TRUE,,
2020,2021,78,Best Performance by an Actor in a Motion Picture - Drama,Sound of Metal,Riz Ahmed,FALSE,,
2020,2021,78,Best Performance by an Actor in a Motion Picture - Drama,The Father,Anthony Hopkins,FALSE,,
2020,2021,78,Best Performance by an Actor in a Motion Picture - Drama,Mank,Gary Oldman,FALSE,,
2020,2021,78,Best Performance by an Actor in a Motion Picture - Drama,The Mauritanian,Tahar Rahim,FALSE,,
2020,2021,78,Best Performance by an Actor in a Motion Picture - Musical or Comedy,Borat Subsequent Moviefilm: Delivery of Prodigious Bribe to American Regime for Make Benefit Once Glorious Nation of Kazakhstan,Sacha Baron Cohen,TRUE,,
2020,2021,78,Best Performance by an Actor in a Motion Picture - Musical or Comedy,The Prom,James Corden,FALSE,,
2020,2021,78,Best Performance by an Actor in a Motion Picture - Musical or Comedy,Hamilton,Lin-Manuel Miranda,FALSE,,
2020,2021,78,Best Performance by an Actor in a Motion Picture - Musical or Comedy,The Personal History of David Copperfield,Dev Patel,FALSE,,
2020,2021,78,Best Performance by an Actor in a Motion Picture - Musical or Comedy,Palm Springs,Andy Samberg,FALSE,,
2020,2021,78,"Best Performance by an Actor in a Supporting Role in a Series, Limited Series or Motion Picture Made for Television",Small Axe,John Boyega,TRUE,,
2020,2021,78,"Best Performance by an Actor in a Supporting Role in a Series, Limited Series or Motion Picture Made for Television",The Comey Rule,Brendan Gleeson,FALSE,,
2020,2021,78,"Best Performance by an Actor in a Supporting Role in a Series, Limited Series or Motion Picture Made for Television",Schitt's Creek,Dan Levy,FALSE,,
2020,2021,78,"Best Performance by an Actor in a Supporting Role in a Series, Limited Series or Motion Picture Made for Television",Hollywood,Jim Parsons,FALSE,,
2020,2021,78,"Best Performance by an Actor in a Supporting Role in a Series, Limited Series or Motion Picture Made for Television",The Undoing,Donald Sutherland,FALSE,,
2020,2021,78,Best Performance by an Actor in a Supporting Role in any Motion Picture,Judas and the Black Messiah,Daniel Kaluuya,TRUE,,
2020,2021,78,Best Performance by an Actor in a Supporting Role in any Motion Picture,The Trial of the Chicago 7,Sacha Baron Cohen,FALSE,,
2020,2021,78,Best Performance by an Actor in a Supporting Role in any Motion Picture,The Little Things,Jared Leto,FALSE,,
2020,2021,78,Best Performance by an Actor in a Supporting Role in any Motion Picture,On the Rocks,Bill Murray,FALSE,,
2020,2021,78,Best Performance by an Actor in a Supporting Role in any Motion Picture,One Night in Miami...,"Leslie Odom, Jr.",FALSE,,
2020,2021,78,Best Performance by an Actor In A Television Series - Drama,The Crown,Josh o'Connor,TRUE,,
2020,2021,78,Best Performance by an Actor In A Television Series - Drama,Ozark,Jason Bateman,FALSE,,
2020,2021,78,Best Performance by an Actor In A Television Series - Drama,Better Call Saul,Bob Odenkirk,FALSE,,
2020,2021,78,Best Performance by an Actor In A Television Series - Drama,Hunters,Al Pacino,FALSE,,
2020,2021,78,Best Performance by an Actor In A Television Series - Drama,Perry Mason,Matthew Rhys,FALSE,,
2020,2021,78,Best Performance by an Actor in a Television Series - Musical or Comedy,Ted Lasso,Jason Sudeikis,TRUE,,
2020,2021,78,Best Performance by an Actor in a Television Series - Musical or Comedy,Black Monday,Don Cheadle,FALSE,,
2020,2021,78,Best Performance by an Actor in a Television Series - Musical or Comedy,The Great,Nicholas Hoult,FALSE,,
2020,2021,78,Best Performance by an Actor in a Television Series - Musical or Comedy,Schitt's Creek,Eugene Levy,FALSE,,
2020,2021,78,Best Performance by an Actor in a Television Series - Musical or Comedy,Ramy,Ramy Youssef,FALSE,,
2020,2021,78,Best Performance by an Actress in a Limited Series or a Motion Picture Made for Television,The Queen's Gambit,Anya Taylor-Joy,TRUE,,
2020,2021,78,Best Performance by an Actress in a Limited Series or a Motion Picture Made for Television,Mrs. America,Cate Blanchett,FALSE,,
2020,2021,78,Best Performance by an Actress in a Limited Series or a Motion Picture Made for Television,Normal People,Daisy Edgar-Jones,FALSE,,
2020,2021,78,Best Performance by an Actress in a Limited Series or a Motion Picture Made for Television,Unorthodox,Shira Haas,FALSE,,
2020,2021,78,Best Performance by an Actress in a Limited Series or a Motion Picture Made for Television,The Undoing,Nicole Kidman,FALSE,,
2020,2021,78,Best Performance by an Actress in a Motion Picture - Drama,The United States vs. Billie Holiday,Andra Day,TRUE,,
2020,2021,78,Best Performance by an Actress in a Motion Picture - Drama,Ma Rainey's Black Bottom,Viola Davis,FALSE,,
2020,2021,78,Best Performance by an Actress in a Motion Picture - Drama,Pieces of a Woman,Vanessa Kirby,FALSE,,
2020,2021,78,Best Performance by an Actress in a Motion Picture - Drama,Nomadland,Frances McDormand,FALSE,,
2020,2021,78,Best Performance by an Actress in a Motion Picture - Drama,Promising Young Woman,Carey Mulligan,FALSE,,
2020,2021,78,Best Performance by an Actress in a Motion Picture - Musical or Comedy,I Care a Lot,Rosamund Pike,TRUE,,
2020,2021,78,Best Performance by an Actress in a Motion Picture - Musical or Comedy,Borat Subsequent Moviefilm: Delivery of Prodigious Bribe to American Regime for Make Benefit Once Glorious Nation of Kazakhstan,Maria Bakalova,FALSE,,
2020,2021,78,Best Performance by an Actress in a Motion Picture - Musical or Comedy,Music,Kate Hudson,FALSE,,
2020,2021,78,Best Performance by an Actress in a Motion Picture - Musical or Comedy,French Exit,Michelle Pfeiffer,FALSE,,
2020,2021,78,Best Performance by an Actress in a Motion Picture - Musical or Comedy,Emma,Anya Taylor-Joy,FALSE,,
2020,2021,78,"Best Performance by an Actress in a Supporting Role in a Series, Limited Series or Motion Picture Made for Television",The Crown,Gillian Anderson,TRUE,,
2020,2021,78,"Best Performance by an Actress in a Supporting Role in a Series, Limited Series or Motion Picture Made for Television",The Crown,Helena Bonham Carter,FALSE,,
2020,2021,78,"Best Performance by an Actress in a Supporting Role in a Series, Limited Series or Motion Picture Made for Television",Ozark,Julia Garner,FALSE,,
2020,2021,78,"Best Performance by an Actress in a Supporting Role in a Series, Limited Series or Motion Picture Made for Television",Schitt's Creek,Annie Murphy,FALSE,,
2020,2021,78,"Best Performance by an Actress in a Supporting Role in a Series, Limited Series or Motion Picture Made for Television",Ratched,Cynthia Nixon,FALSE,,
2020,2021,78,Best Performance by an Actress in a Supporting Role in any Motion Picture,The Mauritanian,Jodie Foster,TRUE,,
2020,2021,78,Best Performance by an Actress in a Supporting Role in any Motion Picture,Hillbilly Elegy,Glenn Close,FALSE,,
2020,2021,78,Best Performance by an Actress in a Supporting Role in any Motion Picture,The Father,Olivia Colman,FALSE,,
2020,2021,78,Best Performance by an Actress in a Supporting Role in any Motion Picture,Mank,Amanda Seyfried,FALSE,,
2020,2021,78,Best Performance by an Actress in a Supporting Role in any Motion Picture,News of the World,Helena Zengel,FALSE,,
2020,2021,78,Best Performance by an Actress In A Television Series - Drama,The Crown,Emma Corrin,TRUE,,
2020,2021,78,Best Performance by an Actress In A Television Series - Drama,The Crown,Olivia Colman,FALSE,,
2020,2021,78,Best Performance by an Actress In A Television Series - Drama,Killing Eve,Jodie Comer,FALSE,,
2020,2021,78,Best Performance by an Actress In A Television Series - Drama,Ozark,Laura Linney,FALSE,,
2020,2021,78,Best Performance by an Actress In A Television Series - Drama,Ratched,Sarah Paulson,FALSE,,
2020,2021,78,Best Performance by an Actress in a Television Series - Musical or Comedy,Schitt's Creek,Catherine o'Hara,TRUE,,
2020,2021,78,Best Performance by an Actress in a Television Series - Musical or Comedy,Emily in Paris,Lily Collins,FALSE,,
2020,2021,78,Best Performance by an Actress in a Television Series - Musical or Comedy,The Flight Attendant,Kaley Cuoco,FALSE,,
2020,2021,78,Best Performance by an Actress in a Television Series - Musical or Comedy,The Great,Elle Fanning,FALSE,,
2020,2021,78,Best Performance by an Actress in a Television Series - Musical or Comedy,Zoey's Extraordinary Playlist,Jane Levy,FALSE,,
2020,2021,78,Best Screenplay - Motion Picture,The Trial of the Chicago 7,Aaron Sorkin,TRUE,,
2020,2021,78,Best Screenplay - Motion Picture,Promising Young Woman,Emerald Fennell,FALSE,,
2020,2021,78,Best Screenplay - Motion Picture,Mank,Jack Fincher,FALSE,,
2020,2021,78,Best Screenplay - Motion Picture,The Father,Christopher Hampton,FALSE,,
2020,2021,78,Best Screenplay - Motion Picture,The Father,Florian Zeller,FALSE,,
2020,2021,78,Best Screenplay - Motion Picture,Nomadland,Chloé Zhao,FALSE,,
2020,2021,78,Best Television Limited Series or Motion Picture Made for Television,The Queen's Gambit,,TRUE,,
2020,2021,78,Best Television Limited Series or Motion Picture Made for Television,Normal People,,FALSE,,
2020,2021,78,Best Television Limited Series or Motion Picture Made for Television,Small Axe,,FALSE,,
2020,2021,78,Best Television Limited Series or Motion Picture Made for Television,The Undoing,,FALSE,,
2020,2021,78,Best Television Limited Series or Motion Picture Made for Television,Unorthodox,,FALSE,,
2020,2021,78,Best Television Series - Drama,The Crown,,TRUE,,
2020,2021,78,Best Television Series - Drama,Lovecraft Country,,FALSE,,
2020,2021,78,Best Television Series - Drama,The Mandalorian,,FALSE,,
2020,2021,78,Best Television Series - Drama,Ozark,,FALSE,,
2020,2021,78,Best Television Series - Drama,Ratched,,FALSE,,
2020,2021,78,Best Television Series - Musical or Comedy,Schitt's Creek,,TRUE,,
2020,2021,78,Best Television Series - Musical or Comedy,Emily in Paris,,FALSE,,
2020,2021,78,Best Television Series - Musical or Comedy,The Flight Attendant,,FALSE,,
2020,2021,78,Best Television Series - Musical or Comedy,The Great,,FALSE,,
2020,2021,78,Best Television Series - Musical or Comedy,Ted Lasso,,FALSE,,
2020,2021,78,Carol Burnett Award,,Norman Lear,TRUE,,
2020,2021,78,Cecil B. deMille Award,,Jane Fonda,TRUE,,
2021,2022,79,Best Director - Motion Picture,The Power of the Dog,Jane Campion,TRUE,,
2021,2022,79,Best Director - Motion Picture,Belfast,Kenneth Branagh,FALSE,,
2021,2022,79,Best Director - Motion Picture,The Lost Daughter,Maggie Gyllenhaal,FALSE,,
2021,2022,79,Best Director - Motion Picture,West Side Story,Steven Spielberg,FALSE,,
2021,2022,79,Best Director - Motion Picture,Dune,Denis Villeneuve,FALSE,,
2021,2022,79,Best Motion Picture - Animated,Encanto,,TRUE,,
2021,2022,79,Best Motion Picture - Animated,Flee,,FALSE,,
2021,2022,79,Best Motion Picture - Animated,Luca,,FALSE,,
2021,2022,79,Best Motion Picture - Animated,My Sunny Maad,,FALSE,,
2021,2022,79,Best Motion Picture - Animated,Raya and the Last Dragon,,FALSE,,
2021,2022,79,Best Motion Picture - Drama,The Power of the Dog,,TRUE,,
2021,2022,79,Best Motion Picture - Drama,Belfast,,FALSE,,
2021,2022,79,Best Motion Picture - Drama,CODA,,FALSE,,
2021,2022,79,Best Motion Picture - Drama,Dune,,FALSE,,
2021,2022,79,Best Motion Picture - Drama,King Richard,,FALSE,,
2021,2022,79,Best Motion Picture - Foreign Language,Drive My Car,,TRUE,,Japan
2021,2022,79,Best Motion Picture - Foreign Language,Compartment No. 6,,FALSE,,Finland
2021,2022,79,Best Motion Picture - Foreign Language,The Hand of God,,FALSE,,Italy
2021,2022,79,Best Motion Picture - Foreign Language,A Hero,,FALSE,,Iran
2021,2022,79,Best Motion Picture - Foreign Language,Parallel Mothers,,FALSE,,Spain
2021,2022,79,Best Motion Picture - Musical or Comedy,West Side Story,,TRUE,,
2021,2022,79,Best Motion Picture - Musical or Comedy,Cyrano,,FALSE,,
2021,2022,79,Best Motion Picture - Musical or Comedy,Don't Look Up,,FALSE,,
2021,2022,79,Best Motion Picture - Musical or Comedy,Licorice Pizza,,FALSE,,
2021,2022,79,Best Motion Picture - Musical or Comedy,"tick, tick...BOOM!",,FALSE,,
2021,2022,79,Best Original Score - Motion Picture,Dune,Hans Zimmer,TRUE,,
2021,2022,79,Best Original Score - Motion Picture,The French Dispatch,Alexandre Desplat,FALSE,,
2021,2022,79,Best Original Score - Motion Picture,Encanto,Germaine Franco,FALSE,,
2021,2022,79,Best Original Score - Motion Picture,The Power of the Dog,Jonny Greenwood,FALSE,,
2021,2022,79,Best Original Score - Motion Picture,Parallel Mothers,Alberto Iglesias,FALSE,,
2021,2022,79,Best Original Song - Motion Picture,No Time to Die,Billie Eilish,TRUE,"""No Time to Die""",
2021,2022,79,Best Original Song - Motion Picture,No Time to Die,Finneas o'Connell,TRUE,"""No Time to Die""",
2021,2022,79,Best Original Song - Motion Picture,King Richard,Beyoncé,FALSE,"""Be Alive""",
2021,2022,79,Best Original Song - Motion Picture,King Richard,Dixson,FALSE,"""Be Alive""",
2021,2022,79,Best Original Song - Motion Picture,Encanto,Lin-Manuel Miranda,FALSE,"""Dos Oruguitas""",
2021,2022,79,Best Original Song - Motion Picture,Belfast,Van Morrison,FALSE,"""Down to Joy""",
2021,2022,79,Best Original Song - Motion Picture,Respect,Jamie Hartman,FALSE,"""Here I Am (Singing My Way Home)""",
2021,2022,79,Best Original Song - Motion Picture,Respect,Jennifer Hudson,FALSE,"""Here I Am (Singing My Way Home)""",
2021,2022,79,Best Original Song - Motion Picture,Respect,Carole King,FALSE,"""Here I Am (Singing My Way Home)""",
2021,2022,79,Best Performance by an Actor in a Limited Series or a Motion Picture Made for Television,Dopesick,Michael Keaton,TRUE,,
2021,2022,79,Best Performance by an Actor in a Limited Series or a Motion Picture Made for Television,WandaVision,Paul Bettany,FALSE,,
2021,2022,79,Best Performance by an Actor in a Limited Series or a Motion Picture Made for Television,Scenes from a Marriage,Oscar Isaac,FALSE,,
2021,2022,79,Best Performance by an Actor in a Limited Series or a Motion Picture Made for Television,Halston,Ewan McGregor,FALSE,,
2021,2022,79,Best Performance by an Actor in a Limited Series or a Motion Picture Made for Television,The Serpent,Tahar Rahim,FALSE,,
2021,2022,79,Best Performance by an Actor in a Motion Picture - Drama,King Richard,Will Smith,TRUE,,
2021,2022,79,Best Performance by an Actor in a Motion Picture - Drama,Swan Song,Mahershala Ali,FALSE,,
2021,2022,79,Best Performance by an Actor in a Motion Picture - Drama,Being the Ricardos,Javier Bardem,FALSE,,
2021,2022,79,Best Performance by an Actor in a Motion Picture - Drama,The Power of the Dog,Benedict Cumberbatch,FALSE,,
2021,2022,79,Best Performance by an Actor in a Motion Picture - Drama,The Tragedy of Macbeth,Denzel Washington,FALSE,,
2021,2022,79,Best Performance by an Actor in a Motion Picture - Musical or Comedy,"tick, tick...BOOM!",Andrew Garfield,TRUE,,
2021,2022,79,Best Performance by an Actor in a Motion Picture - Musical or Comedy,Don't Look Up,Leonardo diCaprio,FALSE,,
2021,2022,79,Best Performance by an Actor in a Motion Picture - Musical or Comedy,Cyrano,Peter Dinklage,FALSE,,
2021,2022,79,Best Performance by an Actor in a Motion Picture - Musical or Comedy,Licorice Pizza,Cooper Hoffman,FALSE,,
2021,2022,79,Best Performance by an Actor in a Motion Picture - Musical or Comedy,In the Heights,Anthony Ramos,FALSE,,
2021,2022,79,"Best Performance by an Actor in a Supporting Role in a Series, Limited Series or Motion Picture Made for Television",Squid Game,O Yeong-su,TRUE,,
2021,2022,79,"Best Performance by an Actor in a Supporting Role in a Series, Limited Series or Motion Picture Made for Television",The Morning Show,Billy Crudup,FALSE,,
2021,2022,79,"Best Performance by an Actor in a Supporting Role in a Series, Limited Series or Motion Picture Made for Television",Succession,Kieran Culkin,FALSE,,
2021,2022,79,"Best Performance by an Actor in a Supporting Role in a Series, Limited Series or Motion Picture Made for Television",The Morning Show,Mark Duplass,FALSE,,
2021,2022,79,"Best Performance by an Actor in a Supporting Role in a Series, Limited Series or Motion Picture Made for Television",Ted Lasso,Brett Goldstein,FALSE,,
2021,2022,79,Best Performance by an Actor in a Supporting Role in any Motion Picture,The Power of the Dog,Kodi Smit-McPhee,TRUE,,
2021,2022,79,Best Performance by an Actor in a Supporting Role in any Motion Picture,The Tender Bar,Ben Affleck,FALSE,,
2021,2022,79,Best Performance by an Actor in a Supporting Role in any Motion Picture,Belfast,Jamie Dornan,FALSE,,
2021,2022,79,Best Performance by an Actor in a Supporting Role in any Motion Picture,Belfast,Ciarán Hinds,FALSE,,
2021,2022,79,Best Performance by an Actor in a Supporting Role in any Motion Picture,CODA,Troy Kotsur,FALSE,,
2021,2022,79,Best Performance by an Actor In A Television Series - Drama,Succession,Jeremy Strong,TRUE,,
2021,2022,79,Best Performance by an Actor In A Television Series - Drama,Succession,Brian Cox,FALSE,,
2021,2022,79,Best Performance by an Actor In A Television Series - Drama,Squid Game,Lee Jung-jae,FALSE,,
2021,2022,79,Best Performance by an Actor In A Television Series - Drama,Pose,Billy Porter,FALSE,,
2021,2022,79,Best Performance by an Actor In A Television Series - Drama,Lupin,Omar Sy,FALSE,,
2021,2022,79,Best Performance by an Actor in a Television Series - Musical or Comedy,Ted Lasso,Jason Sudeikis,TRUE,,
2021,2022,79,Best Performance by an Actor in a Television Series - Musical or Comedy,Black-ish,Anthony Anderson,FALSE,,
2021,2022,79,Best Performance by an Actor in a Television Series - Musical or Comedy,The Great,Nicholas Hoult,FALSE,,
2021,2022,79,Best Performance by an Actor in a Television Series - Musical or Comedy,Only Murders in the Building,Steve Martin,FALSE,,
2021,2022,79,Best Performance by an Actor in a Television Series - Musical or Comedy,Only Murders in the Building,Martin Short,FALSE,,
2021,2022,79,Best Performance by an Actress in a Limited Series or a Motion Picture Made for Television,Mare of Easttown,Kate Winslet,TRUE,,
2021,2022,79,Best Performance by an Actress in a Limited Series or a Motion Picture Made for Television,Scenes from a Marriage,Jessica Chastain,FALSE,,
2021,2022,79,Best Performance by an Actress in a Limited Series or a Motion Picture Made for Television,Genius: Aretha,Cynthia Erivo,FALSE,,
2021,2022,79,Best Performance by an Actress in a Limited Series or a Motion Picture Made for Television,WandaVision,Elizabeth Olsen,FALSE,,
2021,2022,79,Best Performance by an Actress in a Limited Series or a Motion Picture Made for Television,Maid,Margaret Qualley,FALSE,,
2021,2022,79,Best Performance by an Actress in a Motion Picture - Drama,Being the Ricardos,Nicole Kidman,TRUE,,
2021,2022,79,Best Performance by an Actress in a Motion Picture - Drama,The Eyes of Tammy Faye,Jessica Chastain,FALSE,,
2021,2022,79,Best Performance by an Actress in a Motion Picture - Drama,The Lost Daughter,Olivia Colman,FALSE,,
2021,2022,79,Best Performance by an Actress in a Motion Picture - Drama,House of Gucci,Lady Gaga,FALSE,,
2021,2022,79,Best Performance by an Actress in a Motion Picture - Drama,Spencer,Kristen Stewart,FALSE,,
2021,2022,79,Best Performance by an Actress in a Motion Picture - Musical or Comedy,West Side Story,Rachel Zegler,TRUE,,
2021,2022,79,Best Performance by an Actress in a Motion Picture - Musical or Comedy,Annette,Marion Cotillard,FALSE,,
2021,2022,79,Best Performance by an Actress in a Motion Picture - Musical or Comedy,Licorice Pizza,Alana Haim,FALSE,,
2021,2022,79,Best Performance by an Actress in a Motion Picture - Musical or Comedy,Don't Look Up,Jennifer Lawrence,FALSE,,
2021,2022,79,Best Performance by an Actress in a Motion Picture - Musical or Comedy,Cruella,Emma Stone,FALSE,,
2021,2022,79,"Best Performance by an Actress in a Supporting Role in a Series, Limited Series or Motion Picture Made for Television",Succession,Sarah Snook,TRUE,,
2021,2022,79,"Best Performance by an Actress in a Supporting Role in a Series, Limited Series or Motion Picture Made for Television",The White Lotus,Jennifer Coolidge,FALSE,,
2021,2022,79,"Best Performance by an Actress in a Supporting Role in a Series, Limited Series or Motion Picture Made for Television",Dopesick,Kaitlyn Dever,FALSE,,
2021,2022,79,"Best Performance by an Actress in a Supporting Role in a Series, Limited Series or Motion Picture Made for Television",Maid,Andie MacDowell,FALSE,,
2021,2022,79,"Best Performance by an Actress in a Supporting Role in a Series, Limited Series or Motion Picture Made for Television",Ted Lasso,Hannah Waddingham,FALSE,,
2021,2022,79,Best Performance by an Actress in a Supporting Role in any Motion Picture,West Side Story,Ariana deBose,TRUE,,
2021,2022,79,Best Performance by an Actress in a Supporting Role in any Motion Picture,Belfast,Caitriona Balfe,FALSE,,
2021,2022,79,Best Performance by an Actress in a Supporting Role in any Motion Picture,The Power of the Dog,Kirsten Dunst,FALSE,,
2021,2022,79,Best Performance by an Actress in a Supporting Role in any Motion Picture,King Richard,Aunjanue Ellis,FALSE,,
2021,2022,79,Best Performance by an Actress in a Supporting Role in any Motion Picture,Passing,Ruth Negga,FALSE,,
2021,2022,79,Best Performance by an Actress In A Television Series - Drama,Pose,Michaela Jaé Rodriguez,TRUE,,
2021,2022,79,Best Performance by an Actress In A Television Series - Drama,In Treatment,Uzo Aduba,FALSE,,
2021,2022,79,Best Performance by an Actress In A Television Series - Drama,The Morning Show,Jennifer Aniston,FALSE,,
2021,2022,79,Best Performance by an Actress In A Television Series - Drama,The Good Fight,Christine Baranski,FALSE,,
2021,2022,79,Best Performance by an Actress In A Television Series - Drama,The Handmaid's Tale,Elisabeth Moss,FALSE,,
2021,2022,79,Best Performance by an Actress in a Television Series - Musical or Comedy,Hacks,Jean Smart,TRUE,,
2021,2022,79,Best Performance by an Actress in a Television Series - Musical or Comedy,Hacks,Hannah Einbinder,FALSE,,
2021,2022,79,Best Performance by an Actress in a Television Series - Musical or Comedy,The Great,Elle Fanning,FALSE,,
2021,2022,79,Best Performance by an Actress in a Television Series - Musical or Comedy,Insecure,Issa Rae,FALSE,,
2021,2022,79,Best Performance by an Actress in a Television Series - Musical or Comedy,Black-ish,Tracee Ellis Ross,FALSE,,
2021,2022,79,Best Screenplay - Motion Picture,Belfast,Kenneth Branagh,TRUE,,
2021,2022,79,Best Screenplay - Motion Picture,Licorice Pizza,Paul Thomas Anderson,FALSE,,
2021,2022,79,Best Screenplay - Motion Picture,The Power of the Dog,Jane Campion,FALSE,,
2021,2022,79,Best Screenplay - Motion Picture,Don't Look Up,Adam McKay,FALSE,,
2021,2022,79,Best Screenplay - Motion Picture,Being the Ricardos,Aaron Sorkin,FALSE,,
2021,2022,79,Best Television Limited Series or Motion Picture Made for Television,The Underground Railroad,,TRUE,,
2021,2022,79,Best Television Limited Series or Motion Picture Made for Television,Dopesick,,FALSE,,
2021,2022,79,Best Television Limited Series or Motion Picture Made for Television,Impeachment: American Crime Story,,FALSE,,
2021,2022,79,Best Television Limited Series or Motion Picture Made for Television,Maid,,FALSE,,
2021,2022,79,Best Television Limited Series or Motion Picture Made for Television,Mare of Easttown,,FALSE,,
2021,2022,79,Best Television Series - Drama,Succession,,TRUE,,
2021,2022,79,Best Television Series - Drama,Lupin,,FALSE,,
2021,2022,79,Best Television Series - Drama,The Morning Show,,FALSE,,
2021,2022,79,Best Television Series - Drama,Pose,,FALSE,,
2021,2022,79,Best Television Series - Drama,Squid Game,,FALSE,,
2021,2022,79,Best Television Series - Musical or Comedy,Hacks,,TRUE,,
2021,2022,79,Best Television Series - Musical or Comedy,The Great,,FALSE,,
2021,2022,79,Best Television Series - Musical or Comedy,Only Murders in the Building,,FALSE,,
2021,2022,79,Best Television Series - Musical or Comedy,Reservation Dogs,,FALSE,,
2021,2022,79,Best Television Series - Musical or Comedy,Ted Lasso,,FALSE,,
2021,2022,79,Carol Burnett Award,,,FALSE,,
2021,2022,79,Cecil B. deMille Award,,,FALSE,,
2022,2023,80,Best Director - Motion Picture,Avatar: The Way of Water,James Cameron,FALSE,,
2022,2023,80,Best Director - Motion Picture,Everything Everywhere All at Once,Daniel Kwan,FALSE,,
2022,2023,80,Best Director - Motion Picture,Everything Everywhere All at Once,Daniel Scheinert,FALSE,,
2022,2023,80,Best Director - Motion Picture,Elvis,Baz Luhrmann,FALSE,,
2022,2023,80,Best Director - Motion Picture,The Banshees of Inisherin,Martin McDonagh,FALSE,,
2022,2023,80,Best Director - Motion Picture,The Fabelmans,Steven Spielberg,TRUE,,
2022,2023,80,Best Motion Picture - Animated,Guillermo del Toro's 'Pinocchio',,TRUE,,
2022,2023,80,Best Motion Picture - Animated,Inu-Oh,,FALSE,,
2022,2023,80,Best Motion Picture - Animated,Marcel the Shell with Shoes On,,FALSE,,
2022,2023,80,Best Motion Picture - Animated,Puss in Boots: The Last Wish,,FALSE,,
2022,2023,80,Best Motion Picture - Animated,Turning Red,,FALSE,,
2022,2023,80,Best Motion Picture - Drama,Avatar: The Way of Water,,FALSE,,
2022,2023,80,Best Motion Picture - Drama,Elvis,,FALSE,,
2022,2023,80,Best Motion Picture - Drama,The Fabelmans,,TRUE,,
2022,2023,80,Best Motion Picture - Drama,Tár,,FALSE,,
2022,2023,80,Best Motion Picture - Drama,Top Gun: Maverick,,FALSE,,
2022,2023,80,Best Motion Picture - Foreign Language,All Quiet on the Western Front,,FALSE,,Germany
2022,2023,80,Best Motion Picture - Foreign Language,"Argentina, 1985",,TRUE,,Argentina
2022,2023,80,Best Motion Picture - Foreign Language,Close,,FALSE,,"Belgium, France, Netherlands"
2022,2023,80,Best Motion Picture - Foreign Language,Decision to Leave,,FALSE,,South Korea
2022,2023,80,Best Motion Picture - Foreign Language,RRR,,FALSE,,India
2022,2023,80,Best Motion Picture - Musical or Comedy,Babylon,,FALSE,,
2022,2023,80,Best Motion Picture - Musical or Comedy,The Banshees of Inisherin,,TRUE,,
2022,2023,80,Best Motion Picture - Musical or Comedy,Everything Everywhere All at Once,,FALSE,,
2022,2023,80,Best Motion Picture - Musical or Comedy,Glass Onion: A 'Knives Out' Mystery,,FALSE,,
2022,2023,80,Best Motion Picture - Musical or Comedy,Triangle of Sadness,,FALSE,,
2022,2023,80,Best Original Score - Motion Picture,The Banshees of Inisherin,Carter Burwell,FALSE,,
2022,2023,80,Best Original Score - Motion Picture,Guillermo del Toro's 'Pinocchio',Alexandre Desplat,FALSE,,
2022,2023,80,Best Original Score - Motion Picture,Women Talking,Hildur Guðnadóttir,FALSE,,
2022,2023,80,Best Original Score - Motion Picture,Babylon,Justin Hurwitz,TRUE,,
2022,2023,80,Best Original Score - Motion Picture,The Fabelmans,John Williams,FALSE,,
2022,2023,80,Best Original Song - Motion Picture,Where the Crawdads Sing,Taylor Swift,FALSE,"""Carolina""",
2022,2023,80,Best Original Song - Motion Picture,Guillermo del Toro's 'Pinocchio',Roeben Katz,FALSE,"""Ciao Papa""",
2022,2023,80,Best Original Song - Motion Picture,Guillermo del Toro's 'Pinocchio',Guillermo del Toro,FALSE,"""Ciao Papa""",
2022,2023,80,Best Original Song - Motion Picture,Top Gun: Maverick,Lady Gaga,FALSE,"""Hold My Hand""",
2022,2023,80,Best Original Song - Motion Picture,Top Gun: Maverick,BloodPop,FALSE,"""Hold My Hand""",
2022,2023,80,Best Original Song - Motion Picture,Black Panther: Wakanda Forever,Tems,FALSE,"""Lift Me Up""",
2022,2023,80,Best Original Song - Motion Picture,Black Panther: Wakanda Forever,Ludwig Göransson,FALSE,"""Lift Me Up""",
2022,2023,80,Best Original Song - Motion Picture,Black Panther: Wakanda Forever,Rihanna,FALSE,"""Lift Me Up""",
2022,2023,80,Best Original Song - Motion Picture,Black Panther: Wakanda Forever,Ryan Coogler,FALSE,"""Lift Me Up""",
2022,2023,80,Best Original Song - Motion Picture,RRR,Kala Bhairava,TRUE,"""Naatu Naatu""",
2022,2023,80,Best Original Song - Motion Picture,RRR,M. M. Keeravani,TRUE,"""Naatu Naatu""",
2022,2023,80,Best Original Song - Motion Picture,RRR,Rahul Sipligunj,TRUE,"""Naatu Naatu""",
2022,2023,80,"Best Performance by an Actor in a Limited Series, Anthology Series or a Motion Picture Made for Television",Black Bird,Taron Egerton,FALSE,,
2022,2023,80,"Best Performance by an Actor in a Limited Series, Anthology Series or a Motion Picture Made for Television",The Staircase,Colin Firth,FALSE,,
2022,2023,80,"Best Performance by an Actor in a Limited Series, Anthology Series or a Motion Picture Made for Television",Under the Banner of Heaven,Andrew Garfield,FALSE,,
2022,2023,80,"Best Performance by an Actor in a Limited Series, Anthology Series or a Motion Picture Made for Television",Monster: The Jeffrey Dahmer Story,Evan Peters,TRUE,,
2022,2023,80,"Best Performance by an Actor in a Limited Series, Anthology Series or a Motion Picture Made for Television",Pam & Tommy,Sebastian Stan,FALSE,,
2022,2023,80,Best Performance by an Actor in a Motion Picture - Drama,Elvis,Austin Butler,TRUE,,
2022,2023,80,Best Performance by an Actor in a Motion Picture - Drama,The Whale,Brendan Fraser,FALSE,,
2022,2023,80,Best Performance by an Actor in a Motion Picture - Drama,The Son,Hugh Jackman,FALSE,,
2022,2023,80,Best Performance by an Actor in a Motion Picture - Drama,Living,Bill Nighy,FALSE,,
2022,2023,80,Best Performance by an Actor in a Motion Picture - Drama,The Inspection,Jeremy Pope,FALSE,,
2022,2023,80,Best Performance by an Actor in a Motion Picture - Musical or Comedy,Babylon,Diego Calva,FALSE,,
2022,2023,80,Best Performance by an Actor in a Motion Picture - Musical or Comedy,Glass Onion: A 'Knives Out' Mystery,Daniel Craig,FALSE,,
2022,2023,80,Best Performance by an Actor in a Motion Picture - Musical or Comedy,White Noise,Adam Driver,FALSE,,
2022,2023,80,Best Performance by an Actor in a Motion Picture - Musical or Comedy,The Banshees of Inisherin,Colin Farrell,TRUE,,
2022,2023,80,Best Performance by an Actor in a Motion Picture - Musical or Comedy,The Menu,Ralph Fiennes,FALSE,,
2022,2023,80,"Best Performance by an Actor in a Supporting Role in a Limited Series, Anthology Series or Motion Picture Made for Television",The White Lotus,F. Murray Abraham,FALSE,,
2022,2023,80,"Best Performance by an Actor in a Supporting Role in a Limited Series, Anthology Series or Motion Picture Made for Television",The Patient,Domhnall Gleeson,FALSE,,
2022,2023,80,"Best Performance by an Actor in a Supporting Role in a Limited Series, Anthology Series or Motion Picture Made for Television",Black Bird,Paul Walter Hauser,TRUE,,
2022,2023,80,"Best Performance by an Actor in a Supporting Role in a Limited Series, Anthology Series or Motion Picture Made for Television",Monster: The Jeffrey Dahmer Story,Richard Jenkins,FALSE,,
2022,2023,80,"Best Performance by an Actor in a Supporting Role in a Limited Series, Anthology Series or Motion Picture Made for Television",Pam & Tommy,Seth Rogen,FALSE,,
2022,2023,80,Best Performance by an Actor in a Supporting Role in any Motion Picture,The Banshees of Inisherin,Brendan Gleeson,FALSE,,
2022,2023,80,Best Performance by an Actor in a Supporting Role in any Motion Picture,The Banshees of Inisherin,Barry Keoghan,FALSE,,
2022,2023,80,Best Performance by an Actor in a Supporting Role in any Motion Picture,Babylon,Brad Pitt,FALSE,,
2022,2023,80,Best Performance by an Actor in a Supporting Role in any Motion Picture,Everything Everywhere All at Once,Ke Huy Quan,TRUE,,
2022,2023,80,Best Performance by an Actor in a Supporting Role in any Motion Picture,The Good Nurse,Eddie Redmayne,FALSE,,
2022,2023,80,Best Performance by an Actor In A Television Series - Drama,The Old Man,Jeff Bridges,FALSE,,
2022,2023,80,Best Performance by an Actor In A Television Series - Drama,Yellowstone,Kevin Costner,TRUE,,
2022,2023,80,Best Performance by an Actor In A Television Series - Drama,Andor,Diego Luna,FALSE,,
2022,2023,80,Best Performance by an Actor In A Television Series - Drama,Better Call Saul,Bob Odenkirk,FALSE,,
2022,2023,80,Best Performance by an Actor In A Television Series - Drama,Severance,Adam Scott,FALSE,,
2022,2023,80,Best Performance by an Actor in a Television Series - Musical or Comedy,Altanta,Donald Glover,FALSE,,
2022,2023,80,Best Performance by an Actor in a Television Series - Musical or Comedy,Barry,Bill Hader,FALSE,,
2022,2023,80,Best Performance by an Actor in a Television Series - Musical or Comedy,Only Murders in the Building,Steve Martin,FALSE,,
2022,2023,80,Best Performance by an Actor in a Television Series - Musical or Comedy,Only Murders in the Building,Martin Short,FALSE,,
2022,2023,80,Best Performance by an Actor in a Television Series - Musical or Comedy,The Bear,Jeremy Allen White,TRUE,,
2022,2023,80,"Best Performance by an Actress in a Limited Series, Anthology Series or a Motion Picture Made for Television",George and Tammy,Jessica Chastain,FALSE,,
2022,2023,80,"Best Performance by an Actress in a Limited Series, Anthology Series or a Motion Picture Made for Television",Inventing Anna,Julia Garner,FALSE,,
2022,2023,80,"Best Performance by an Actress in a Limited Series, Anthology Series or a Motion Picture Made for Television",Pam & Tommy,Lily James,FALSE,,
2022,2023,80,"Best Performance by an Actress in a Limited Series, Anthology Series or a Motion Picture Made for Television",Gaslit,Julia Roberts,FALSE,,
2022,2023,80,"Best Performance by an Actress in a Limited Series, Anthology Series or a Motion Picture Made for Television",The Dropout,Amanda Seyfried,TRUE,,
2022,2023,80,Best Performance by an Actress in a Motion Picture - Drama,Tár,Cate Blanchett,TRUE,,
2022,2023,80,Best Performance by an Actress in a Motion Picture - Drama,Empire of Light,Olivia Colman,FALSE,,
2022,2023,80,Best Performance by an Actress in a Motion Picture - Drama,The Woman King,Viola Davis,FALSE,,
2022,2023,80,Best Performance by an Actress in a Motion Picture - Drama,Blonde,Ana de Armas,FALSE,,
2022,2023,80,Best Performance by an Actress in a Motion Picture - Drama,The Fabelmans,Michelle Williams,FALSE,,
2022,2023,80,Best Performance by an Actress in a Motion Picture - Musical or Comedy,Mrs. Harris Goes to Paris,Lesley Manville,FALSE,,
2022,2023,80,Best Performance by an Actress in a Motion Picture - Musical or Comedy,Babylon,Margot Robbie,FALSE,,
2022,2023,80,Best Performance by an Actress in a Motion Picture - Musical or Comedy,The Menu,Anya Taylor-Joy,FALSE,,
2022,2023,80,Best Performance by an Actress in a Motion Picture - Musical or Comedy,"Good Luck to You, Leo Grande",Emma Thompson,FALSE,,
2022,2023,80,Best Performance by an Actress in a Motion Picture - Musical or Comedy,Everything Everywhere All at Once,Michelle Yeoh,TRUE,,
2022,2023,80,"Best Performance by an Actress in a Supporting Role in a Limited Series, Anthology Series or Motion Picture Made for Television",The White Lotus,Jennifer Coolidge,FALSE,,
2022,2023,80,"Best Performance by an Actress in a Supporting Role in a Limited Series, Anthology Series or Motion Picture Made for Television",Fleishman Is in Trouble,Claire Danes,FALSE,,
2022,2023,80,"Best Performance by an Actress in a Supporting Role in a Limited Series, Anthology Series or Motion Picture Made for Television",Under the Banner of Heaven,Daisy Edgar-Jones,FALSE,,
2022,2023,80,"Best Performance by an Actress in a Supporting Role in a Limited Series, Anthology Series or Motion Picture Made for Television",Monster: The Jeffrey Dahmer Story,Niecy Nash-Betts,FALSE,,
2022,2023,80,"Best Performance by an Actress in a Supporting Role in a Limited Series, Anthology Series or Motion Picture Made for Television",The White Lotus,Aubrey Plaza,FALSE,,
2022,2023,80,Best Performance by an Actress in a Supporting Role in any Motion Picture,Black Panther: Wakanda Forever,Angela Bassett,TRUE,,
2022,2023,80,Best Performance by an Actress in a Supporting Role in any Motion Picture,The Banshees of Inisherin,Kerry Condon,FALSE,,
2022,2023,80,Best Performance by an Actress in a Supporting Role in any Motion Picture,Everything Everywhere All at Once,Jamie Lee Curtis,FALSE,,
2022,2023,80,Best Performance by an Actress in a Supporting Role in any Motion Picture,Triangle of Sadness,Dolly de Leon,FALSE,,
2022,2023,80,Best Performance by an Actress in a Supporting Role in any Motion Picture,She Said,Carey Mulligan,FALSE,,
2022,2023,80,Best Performance by an Actress In A Television Series - Drama,House of the Dragon,Emma d'Arcy,FALSE,,
2022,2023,80,Best Performance by an Actress In A Television Series - Drama,Ozark,Laura Linney,FALSE,,
2022,2023,80,Best Performance by an Actress In A Television Series - Drama,The Crown,Imelda Staunton,FALSE,,
2022,2023,80,Best Performance by an Actress In A Television Series - Drama,Alaska Daily,Hilary Swank,FALSE,,
2022,2023,80,Best Performance by an Actress In A Television Series - Drama,Euphoria,Zendaya,TRUE,,
2022,2023,80,Best Performance by an Actress in a Television Series - Musical or Comedy,Abbott Elementary,Quinta Brunson,TRUE,,
2022,2023,80,Best Performance by an Actress in a Television Series - Musical or Comedy,The Flight Attendant,Kaley Cuoco,FALSE,,
2022,2023,80,Best Performance by an Actress in a Television Series - Musical or Comedy,Only Murders in the Building,Selena Gomez,FALSE,,
2022,2023,80,Best Performance by an Actress in a Television Series - Musical or Comedy,Wednesday,Jenna Ortega,FALSE,,
2022,2023,80,Best Performance by an Actress in a Television Series - Musical or Comedy,Hacks,Jean Smart,FALSE,,
2022,2023,80,Best Screenplay - Motion Picture,Tár,Todd Field,FALSE,,
2022,2023,80,Best Screenplay - Motion Picture,Everything Everywhere All at Once,Daniel Kwan,FALSE,,
2022,2023,80,Best Screenplay - Motion Picture,Everything Everywhere All at Once,Daniel Scheinert,FALSE,,
2022,2023,80,Best Screenplay - Motion Picture,The Banshees of Inisherin,Martin McDonagh,TRUE,,
2022,2023,80,Best Screenplay - Motion Picture,Women Talking,Sarah Polley,FALSE,,
2022,2023,80,Best Screenplay - Motion Picture,The Fabelmans,Steven Spielberg,FALSE,,
2022,2023,80,Best Screenplay - Motion Picture,The Fabelmans,Tony Kushner,FALSE,,
2022,2023,80,"Best Television Limited Series, Anthology Series or Motion Picture Made for Television",Black Bird,,FALSE,,
2022,2023,80,"Best Television Limited Series, Anthology Series or Motion Picture Made for Television",Monster: The Jeffrey Dahmer Story,,FALSE,,
2022,2023,80,"Best Television Limited Series, Anthology Series or Motion Picture Made for Television",The Dropout,,FALSE,,
2022,2023,80,"Best Television Limited Series, Anthology Series or Motion Picture Made for Television",Pam & Tommy,,FALSE,,
2022,2023,80,"Best Television Limited Series, Anthology Series or Motion Picture Made for Television",The White Lotus,,TRUE,,
2022,2023,80,Best Television Series - Drama,Better Call Saul,,FALSE,,
2022,2023,80,Best Television Series - Drama,The Crown,,FALSE,,
2022,2023,80,Best Television Series - Drama,House of the Dragon,,TRUE,,
2022,2023,80,Best Television Series - Drama,Ozark,,FALSE,,
2022,2023,80,Best Television Series - Drama,Severance,,FALSE,,
2022,2023,80,Best Television Series - Musical or Comedy,Abbott Elementary,,TRUE,,
2022,2023,80,Best Television Series - Musical or Comedy,The Bear,,FALSE,,
2022,2023,80,Best Television Series - Musical or Comedy,Hacks,,FALSE,,
2022,2023,80,Best Television Series - Musical or Comedy,Only Murders in the Building,,FALSE,,
2022,2023,80,Best Television Series - Musical or Comedy,Wednesday,,FALSE,,
2022,2023,80,Best Performance by an Actress in a Supporting Role in a Musical-Comedy or Drama Television Series,The Crown,Elizabeth Debicki,FALSE,,
2022,2023,80,Best Performance by an Actress in a Supporting Role in a Musical-Comedy or Drama Television Series,Hacks,Hannah Einbinder,FALSE,,
2022,2023,80,Best Performance by an Actress in a Supporting Role in a Musical-Comedy or Drama Television Series,Ozark,Julia Garner,TRUE,,
2022,2023,80,Best Performance by an Actress in a Supporting Role in a Musical-Comedy or Drama Television Series,Abbott Elementary,Janelle James,FALSE,,
2022,2023,80,Best Performance by an Actress in a Supporting Role in a Musical-Comedy or Drama Television Series,Abbott Elementary,Sheryl Lee Ralph,FALSE,,
2022,2023,80,Best Performance by an Actor in a Supporting Role in a Musical-Comedy or Drama Television Series,The Old Man,John Lithgow,FALSE,,
2022,2023,80,Best Performance by an Actor in a Supporting Role in a Musical-Comedy or Drama Television Series,The Crown,Jonathan Pryce,FALSE,,
2022,2023,80,Best Performance by an Actor in a Supporting Role in a Musical-Comedy or Drama Television Series,Severance,John Turturro,FALSE,,
2022,2023,80,Best Performance by an Actor in a Supporting Role in a Musical-Comedy or Drama Television Series,Abbott Elementary,Tyler James Williams,TRUE,,
2022,2023,80,Best Performance by an Actor in a Supporting Role in a Musical-Comedy or Drama Television Series,Barry,Henry Winkler,FALSE,,
2022,2023,80,Carol Burnett Award,,Ryan Murphy,TRUE,,
2022,2023,80,Cecil B. deMille Award,,Eddie Murphy,TRUE,,
2023,2024,81,Best Director - Motion Picture,Maestro,Bradley Cooper,FALSE,,
2023,2024,81,Best Director - Motion Picture,Barbie,Greta Gerwig,FALSE,,
2023,2024,81,Best Director - Motion Picture,Poor Things,Yorgos Lanthimos,FALSE,,
2023,2024,81,Best Director - Motion Picture,Oppenheimer,Christopher Nolan,TRUE,,
2023,2024,81,Best Director - Motion Picture,Killers of the Flower Moon,Martin Scorcese,FALSE,,
2023,2024,81,Best Director - Motion Picture,Past Lives,Celine Song,FALSE,,
2023,2024,81,Best Motion Picture - Animated,The Boy and the Heron,,TRUE,,
2023,2024,81,Best Motion Picture - Animated,Elemental,,FALSE,,
2023,2024,81,Best Motion Picture - Animated,Spider-Man: Across the Spider-Verse,,FALSE,,
2023,2024,81,Best Motion Picture - Animated,The Super Mario Bros. Movie,,FALSE,,
2023,2024,81,Best Motion Picture - Animated,Suzume,,FALSE,,
2023,2024,81,Best Motion Picture - Animated,Wish,,FALSE,,
2023,2024,81,Best Motion Picture - Drama,Oppenheimer,,TRUE,,
2023,2024,81,Best Motion Picture - Drama,Killers of the Flower Moon,,FALSE,,
2023,2024,81,Best Motion Picture - Drama,Maestro,,FALSE,,
2023,2024,81,Best Motion Picture - Drama,Past Lives,,FALSE,,
2023,2024,81,Best Motion Picture - Drama,The Zone of Interest,,FALSE,,
2023,2024,81,Best Motion Picture - Drama,Anatomy of a Fall,,FALSE,,
2023,2024,81,Best Motion Picture - Foreign Language,Anatomy of a Fall,,TRUE,,France
2023,2024,81,Best Motion Picture - Foreign Language,Fallen Leaves,,FALSE,,Finland
2023,2024,81,Best Motion Picture - Foreign Language,Io Capitano,,FALSE,,Italy
2023,2024,81,Best Motion Picture - Foreign Language,Past Lives,,FALSE,,United States
2023,2024,81,Best Motion Picture - Foreign Language,Society of the Snow,,FALSE,,Spain
2023,2024,81,Best Motion Picture - Foreign Language,The Zone of Interest,,FALSE,,United Kingdom
2023,2024,81,Best Motion Picture - Musical or Comedy,Barbie,,FALSE,,
2023,2024,81,Best Motion Picture - Musical or Comedy,Poor Things,,TRUE,,
2023,2024,81,Best Motion Picture - Musical or Comedy,American Fiction,,FALSE,,
2023,2024,81,Best Motion Picture - Musical or Comedy,The Holdovers,,FALSE,,
2023,2024,81,Best Motion Picture - Musical or Comedy,May December,,FALSE,,
2023,2024,81,Best Motion Picture - Musical or Comedy,Air,,FALSE,,
2023,2024,81,Best Original Score - Motion Picture,Oppenheimer,Ludwig Göransson,TRUE,,
2023,2024,81,Best Original Score - Motion Picture,Poor Things,Jerskin Fendrix,FALSE,,
2023,2024,81,Best Original Score - Motion Picture,Killers of the Flower Moon,Robbie Robertson,FALSE,,
2023,2024,81,Best Original Score - Motion Picture,The Zone of Interest,Mica Levi,FALSE,,
2023,2024,81,Best Original Score - Motion Picture,Spider-Man: Across the Spider-Verse,Daniel Pemberton,FALSE,,
2023,2024,81,Best Original Score - Motion Picture,The Boy and the Heron,Joe Hisaishi,FALSE,,
2023,2024,81,Best Original Song - Motion Picture,Barbie,Billie Eilish,TRUE,"""What Was I Made For?""",
2023,2024,81,Best Original Song - Motion Picture,Barbie,Finneas O'Connell,TRUE,"""What Was I Made For?""",
2023,2024,81,Best Original Song - Motion Picture,Barbie,Caroline Ailin,FALSE,"""Dance the Night""",
2023,2024,81,Best Original Song - Motion Picture,Barbie,Dua Lipa,FALSE,"""Dance the Night""",
2023,2024,81,Best Original Song - Motion Picture,Barbie,Mark Ronson,FALSE,"""Dance the Night""",
2023,2024,81,Best Original Song - Motion Picture,Barbie,Andrew Wyatt,FALSE,"""Dance the Night""",
2023,2024,81,Best Original Song - Motion Picture,She Came to Me,Bruce Springsteen,FALSE,"""Addicted to Romance""",
2023,2024,81,Best Original Song - Motion Picture,She Came to Me,Patti Scialfa,FALSE,"""Addicted to Romance""",
2023,2024,81,Best Original Song - Motion Picture,The Super Mario Bros. Movie,Jack Black,FALSE,"""Peaches""",
2023,2024,81,Best Original Song - Motion Picture,The Super Mario Bros. Movie,Aaron Horvath,FALSE,"""Peaches""",
2023,2024,81,Best Original Song - Motion Picture,The Super Mario Bros. Movie,Michael Jelenic,FALSE,"""Peaches""",
2023,2024,81,Best Original Song - Motion Picture,The Super Mario Bros. Movie,Eric Osmond,FALSE,"""Peaches""",
2023,2024,81,Best Original Song - Motion Picture,The Super Mario Bros. Movie,John Spiker,FALSE,"""Peaches""",
2023,2024,81,Best Original Song - Motion Picture,Barbie,Mark Ronson,FALSE,"""I'm Just Ken""",
2023,2024,81,Best Original Song - Motion Picture,Barbie,Andrew Wyatt,FALSE,"""I'm Just Ken""",
2023,2024,81,Best Original Song - Motion Picture,Rustin,Lenny Kravitz,FALSE,"""Road to Freedom""",
2023,2024,81,"Best Performance by an Actor in a Limited Series, Anthology Series or a Motion Picture Made for Television",Fellow Travelers,Matt Bomer,FALSE,,
2023,2024,81,"Best Performance by an Actor in a Limited Series, Anthology Series or a Motion Picture Made for Television",Daisy Jones & the Six,Sam Claflin,FALSE,,
2023,2024,81,"Best Performance by an Actor in a Limited Series, Anthology Series or a Motion Picture Made for Television",Fargo,Jon Hamm,FALSE,,
2023,2024,81,"Best Performance by an Actor in a Limited Series, Anthology Series or a Motion Picture Made for Television",White House Plumbers,Woody Harrelson,FALSE,,
2023,2024,81,"Best Performance by an Actor in a Limited Series, Anthology Series or a Motion Picture Made for Television",Lawmen: Bass Reeves,David Oyelowo,FALSE,,
2023,2024,81,"Best Performance by an Actor in a Limited Series, Anthology Series or a Motion Picture Made for Television",Beef,Steven Yeun,TRUE,,
2023,2024,81,Best Performance by an Actor in a Motion Picture - Drama,Maestro,Bradley Cooper,FALSE,,
2023,2024,81,Best Performance by an Actor in a Motion Picture - Drama,Oppenheimer,Cillian Murphy,TRUE,,
2023,2024,81,Best Performance by an Actor in a Motion Picture - Drama,Killers of the Flower Moon,Leonardo diCaprio,FALSE,,
2023,2024,81,Best Performance by an Actor in a Motion Picture - Drama,Rustin,Colman Domingo,FALSE,,
2023,2024,81,Best Performance by an Actor in a Motion Picture - Drama,All of Us Strangers,Andrew Scott,FALSE,,
2023,2024,81,Best Performance by an Actor in a Motion Picture - Drama,Saltburn,Barry Keoghan,FALSE,,
2023,2024,81,Best Performance by an Actor in a Motion Picture - Musical or Comedy,Dream Scenario,Nicholas Cage,FALSE,,
2023,2024,81,Best Performance by an Actor in a Motion Picture - Musical or Comedy,Wonka,Timothée Chalamet,FALSE,,
2023,2024,81,Best Performance by an Actor in a Motion Picture - Musical or Comedy,Air,Matt Damon,FALSE,,
2023,2024,81,Best Performance by an Actor in a Motion Picture - Musical or Comedy,The Holdovers,Paul Giamatti,TRUE,,
2023,2024,81,Best Performance by an Actor in a Motion Picture - Musical or Comedy,Beau Is Afraid,Joaquin Phoenix,FALSE,,
2023,2024,81,Best Performance by an Actor in a Motion Picture - Musical or Comedy,American Fiction,Jeffrey Wright,FALSE,,
2023,2024,81,Best Performance by an Actor in a Supporting Role in any Motion Picture,Poor Things,Willem Dafoe,FALSE,,
2023,2024,81,Best Performance by an Actor in a Supporting Role in any Motion Picture,Killers of the Flower Moon,Robert deNiro,FALSE,,
2023,2024,81,Best Performance by an Actor in a Supporting Role in any Motion Picture,Oppenheimer,"Robert Downey, Jr.",TRUE,,
2023,2024,81,Best Performance by an Actor in a Supporting Role in any Motion Picture,Barbie,Ryan Gosling,FALSE,,
2023,2024,81,Best Performance by an Actor in a Supporting Role in any Motion Picture,May December,Charles Melton,FALSE,,
2023,2024,81,Best Performance by an Actor in a Supporting Role in any Motion Picture,Poor Things,Mark Ruffalo,FALSE,,
2023,2024,81,Best Performance by an Actor In A Television Series - Drama,The Last of Us,Pedro Pascal,FALSE,,
2023,2024,81,Best Performance by an Actor In A Television Series - Drama,Succession,Kieran Culkin,TRUE,,
2023,2024,81,Best Performance by an Actor In A Television Series - Drama,Succession,Jeremy Strong,FALSE,,
2023,2024,81,Best Performance by an Actor In A Television Series - Drama,Succession,Brian Cox,FALSE,,
2023,2024,81,Best Performance by an Actor In A Television Series - Drama,Slow Horses,Gary Oldman,FALSE,,
2023,2024,81,Best Performance by an Actor In A Television Series - Drama,The Crown,Dominic West,FALSE,,
2023,2024,81,Best Performance by an Actor in a Television Series - Musical or Comedy,Barry,Bill Hader,FALSE,,
2023,2024,81,Best Performance by an Actor in a Television Series - Musical or Comedy,Only Murders in the Building,Steve Martin,FALSE,,
2023,2024,81,Best Performance by an Actor in a Television Series - Musical or Comedy,Only Murders in the Building,Martin Short,FALSE,,
2023,2024,81,Best Performance by an Actor in a Television Series - Musical or Comedy,Shrinking,Jason Segel,FALSE,,
2023,2024,81,Best Performance by an Actor in a Television Series - Musical or Comedy,Ted Lasso,Jason Sudeikis,FALSE,,
2023,2024,81,Best Performance by an Actor in a Television Series - Musical or Comedy,The Bear,Jeremy Allen White,TRUE,,
2023,2024,81,"Best Performance by an Actress in a Limited Series, Anthology Series or a Motion Picture Made for Television",Daisy Jones & the Six,Riley Keough,FALSE,,
2023,2024,81,"Best Performance by an Actress in a Limited Series, Anthology Series or a Motion Picture Made for Television",Lessons in Chemistry,Brie Larson,FALSE,,
2023,2024,81,"Best Performance by an Actress in a Limited Series, Anthology Series or a Motion Picture Made for Television",Love and Death,Elizabeth Olsen,FALSE,,
2023,2024,81,"Best Performance by an Actress in a Limited Series, Anthology Series or a Motion Picture Made for Television",Fargo,Juno Temple,FALSE,,
2023,2024,81,"Best Performance by an Actress in a Limited Series, Anthology Series or a Motion Picture Made for Television",Dead Ringers,Rachel Weisz,FALSE,,
2023,2024,81,"Best Performance by an Actress in a Limited Series, Anthology Series or a Motion Picture Made for Television",Beef,Ali Wong,TRUE,,
2023,2024,81,Best Performance by an Actress in a Motion Picture - Drama,Killers of the Flower Moon,Lily Gladstone,TRUE,,
2023,2024,81,Best Performance by an Actress in a Motion Picture - Drama,Maestro,Carey Mulligan,FALSE,,
2023,2024,81,Best Performance by an Actress in a Motion Picture - Drama,Anatomy of a Fall,Sandra Hüller,FALSE,,
2023,2024,81,Best Performance by an Actress in a Motion Picture - Drama,Nyad,Annette Bening,FALSE,,
2023,2024,81,Best Performance by an Actress in a Motion Picture - Drama,Past Lives,Greta Lee,FALSE,,
2023,2024,81,Best Performance by an Actress in a Motion Picture - Drama,Priscilla,Cailee Spaeny,FALSE,,
2023,2024,81,Best Performance by an Actress in a Motion Picture - Musical or Comedy,The Color Purple,Fantasia Barrino,FALSE,,
2023,2024,81,Best Performance by an Actress in a Motion Picture - Musical or Comedy,No Hard Feelings,Jennifer Lawrence,FALSE,,
2023,2024,81,Best Performance by an Actress in a Motion Picture - Musical or Comedy,May December,Natalie Portman,FALSE,,
2023,2024,81,Best Performance by an Actress in a Motion Picture - Musical or Comedy,Fallen Leaves,Alma Pöysti,FALSE,,
2023,2024,81,Best Performance by an Actress in a Motion Picture - Musical or Comedy,Barbie,Margot Robbie,FALSE,,
2023,2024,81,Best Performance by an Actress in a Motion Picture - Musical or Comedy,Poor Things,Emma Stone,TRUE,,
2023,2024,81,Best Performance by an Actress in a Supporting Role in any Motion Picture,Oppenheimer,Emily Blunt,FALSE,,
2023,2024,81,Best Performance by an Actress in a Supporting Role in any Motion Picture,The Color Purple,Danielle Brooks,FALSE,,
2023,2024,81,Best Performance by an Actress in a Supporting Role in any Motion Picture,Nyad,Jodie Foster,FALSE,,
2023,2024,81,Best Performance by an Actress in a Supporting Role in any Motion Picture,May December,Julianne Moore,FALSE,,
2023,2024,81,Best Performance by an Actress in a Supporting Role in any Motion Picture,Saltburn,Rosamund Pike,FALSE,,
2023,2024,81,Best Performance by an Actress in a Supporting Role in any Motion Picture,The Holdovers,Da'Vine Joy Randolph,TRUE,,
2023,2024,81,Best Performance by an Actress In A Television Series - Drama,1923,Helen Mirren,FALSE,,
2023,2024,81,Best Performance by an Actress In A Television Series - Drama,The Last of Us,Bella Ramsey,FALSE,,
2023,2024,81,Best Performance by an Actress In A Television Series - Drama,The Diplomat,Keri Russell,FALSE,,
2023,2024,81,Best Performance by an Actress In A Television Series - Drama,Succession,Sarah Snook,TRUE,,
2023,2024,81,Best Performance by an Actress In A Television Series - Drama,The Crown,Imelda Staunton,FALSE,,
2023,2024,81,Best Performance by an Actress In A Television Series - Drama,The Curse,Emma Stone,FALSE,,
2023,2024,81,Best Performance by an Actress in a Television Series - Musical or Comedy,The Bear,Ayo Edebiri,TRUE,,
2023,2024,81,Best Performance by an Actress in a Television Series - Musical or Comedy,Poker Face,Natasha Lyonne,FALSE,,
2023,2024,81,Best Performance by an Actress in a Television Series - Musical or Comedy,Abbott Elementary,Quinta Brunson,FALSE,,
2023,2024,81,Best Performance by an Actress in a Television Series - Musical or Comedy,The Marvelous Mrs. Maisel,Rachel Brosnahan,FALSE,,
2023,2024,81,Best Performance by an Actress in a Television Series - Musical or Comedy,Only Murders in the Building,Selena Gomez,FALSE,,
2023,2024,81,Best Performance by an Actress in a Television Series - Musical or Comedy,The Great,Elle Fanning,FALSE,,
2023,2024,81,Best Screenplay - Motion Picture,Barbie,Greta Gerwig,FALSE,,
2023,2024,81,Best Screenplay - Motion Picture,Barbie,Noah Baumbach,FALSE,,
2023,2024,81,Best Screenplay - Motion Picture,Poor Things,Tony McNamara,FALSE,,
2023,2024,81,Best Screenplay - Motion Picture,Oppenheimer,Christopher Nolan,FALSE,,
2023,2024,81,Best Screenplay - Motion Picture,Killers of the Flower Moon,Eric Roth,FALSE,,
2023,2024,81,Best Screenplay - Motion Picture,Killers of the Flower Moon,Martin Scorcese,FALSE,,
2023,2024,81,Best Screenplay - Motion Picture,Past Lives,Celine Song,FALSE,,
2023,2024,81,Best Screenplay - Motion Picture,Anatomy of a Fall,Justine Triet,TRUE,,
2023,2024,81,Best Screenplay - Motion Picture,Anatomy of a Fall,Arthur Harari,TRUE,,
2023,2024,81,"Best Television Limited Series, Anthology Series or Motion Picture Made for Television",Beef,,TRUE,,
2023,2024,81,"Best Television Limited Series, Anthology Series or Motion Picture Made for Television",Lessons in Chemistry,,FALSE,,
2023,2024,81,"Best Television Limited Series, Anthology Series or Motion Picture Made for Television",Daisy Jones & the Six,,FALSE,,
2023,2024,81,"Best Television Limited Series, Anthology Series or Motion Picture Made for Television",All the Light We Cannot See,,FALSE,,
2023,2024,81,"Best Television Limited Series, Anthology Series or Motion Picture Made for Television",Fellow Travelers,,FALSE,,
2023,2024,81,"Best Television Limited Series, Anthology Series or Motion Picture Made for Television",Fargo,,FALSE,,
2023,2024,81,Best Television Series - Drama,1923,,FALSE,,
2023,2024,81,Best Television Series - Drama,The Crown,,FALSE,,
2023,2024,81,Best Television Series - Drama,The Diplomat,,FALSE,,
2023,2024,81,Best Television Series - Drama,The Last of Us,,FALSE,,
2023,2024,81,Best Television Series - Drama,The Morning Show,,FALSE,,
2023,2024,81,Best Television Series - Drama,Succession,,TRUE,,
2023,2024,81,Best Television Series - Musical or Comedy,The Bear,,TRUE,,
2023,2024,81,Best Television Series - Musical or Comedy,Ted Lasso,,FALSE,,
2023,2024,81,Best Television Series - Musical or Comedy,Abbott Elementary,,FALSE,,
2023,2024,81,Best Television Series - Musical or Comedy,Jury Duty,,FALSE,,
2023,2024,81,Best Television Series - Musical or Comedy,Only Murders in the Building,,FALSE,,
2023,2024,81,Best Television Series - Musical or Comedy,Barry,,FALSE,,
2023,2024,81,Best Performance by an Actress in a Supporting Role in a Television Series,The Crown,Elizabeth Debicki,TRUE,,
2023,2024,81,Best Performance by an Actress in a Supporting Role in a Television Series,The Bear,Abby Elliott,FALSE,,
2023,2024,81,Best Performance by an Actress in a Supporting Role in a Television Series,Yellowjackets,Christina Ricci,FALSE,,
2023,2024,81,Best Performance by an Actress in a Supporting Role in a Television Series,Succession,J. Smith-Cameron,FALSE,,
2023,2024,81,Best Performance by an Actress in a Supporting Role in a Television Series,Only Murders in the Building,Meryl Streep,FALSE,,
2023,2024,81,Best Performance by an Actress in a Supporting Role in a Television Series,Ted Lasso,Hannah Waddingham,FALSE,,
2023,2024,81,Best Performance by an Actor in a Supporting Role in a Musical-Comedy or Drama Television Series,The Morning Show,Billy Crudup,FALSE,,
2023,2024,81,Best Performance by an Actor in a Supporting Role in a Musical-Comedy or Drama Television Series,Succession,Matthew MacFadyen,TRUE,,
2023,2024,81,Best Performance by an Actor in a Supporting Role in a Musical-Comedy or Drama Television Series,Jury Duty,James Marsden,FALSE,,
2023,2024,81,Best Performance by an Actor in a Supporting Role in a Musical-Comedy or Drama Television Series,The Bear,Ebon Moss-Bachrach,FALSE,,
2023,2024,81,Best Performance by an Actor in a Supporting Role in a Musical-Comedy or Drama Television Series,Succession,Alan Ruck,FALSE,,
2023,2024,81,Best Performance by an Actor in a Supporting Role in a Musical-Comedy or Drama Television Series,Succession,Alexander Skarsgård,FALSE,,
2023,2024,81,Carol Burnett Award,,,FALSE,,
2023,2024,81,Cecil B. deMille Award,,,FALSE,,
2023,2024,81,Best Performance in a Stand-Up Comedy or Television,Ricky Gervais: Armageddon,Ricky Gervais,TRUE,,
2023,2024,81,Best Performance in a Stand-Up Comedy or Television,"Trevor Noah: Where Was I""",Trevor Noah,FALSE,,
2023,2024,81,Best Performance in a Stand-Up Comedy or Television,Chris Rock: Selective Outrage,Chris Rock,FALSE,,
2023,2024,81,Best Performance in a Stand-Up Comedy or Television,Amy Schumer: Emergency Contact,Amy Schumer,FALSE,,
2023,2024,81,Best Performance in a Stand-Up Comedy or Television,Sarah Silverman: Someone You Love,Sarah Silverman,FALSE,,
2023,2024,81,Best Performance in a Stand-Up Comedy or Television,Wanda Sykes: I'm an Entertainer,Wanda Sykes,FALSE,,
2023,2024,81,Cinematic and Box Office Achievement,Barbie,,TRUE,,
2023,2024,81,Cinematic and Box Office Achievement,Guardians of the Galaxy Vol. 3,,FALSE,,
2023,2024,81,Cinematic and Box Office Achievement,John Wick: Chapter 4,,FALSE,,
2023,2024,81,Cinematic and Box Office Achievement,Mission: Impossible — Dead Reckoning Part One,,FALSE,,
2023,2024,81,Cinematic and Box Office Achievement,Oppenheimer,,FALSE,,
2023,2024,81,Cinematic and Box Office Achievement,Spider-Man: Across the Spider-Verse,,FALSE,,
2023,2024,81,Cinematic and Box Office Achievement,The Super Mario Bros. Movie,,FALSE,,
2023,2024,81,Cinematic and Box Office Achievement,Taylor Swift: The Eras Tour,,FALSE,,
2025,2026,83,Best Motion Picture - Drama,Hamnet,,TRUE,,
2025,2026,83,Best Motion Picture - Drama,Frankenstein,,FALSE,,
2025,2026,83,Best Motion Picture - Drama,It Was Just an Accident,,FALSE,,
2025,2026,83,Best Motion Picture - Drama,The Secret Agent,,FALSE,,
2025,2026,83,Best Motion Picture - Drama,Sentimental Value,,FALSE,,
2025,2026,83,Best Motion Picture - Drama,Sinners,,FALSE,,
2025,2026,83,Best Motion Picture - Musical or Comedy,One Battle After Another,,TRUE,,
2025,2026,83,Best Motion Picture - Musical or Comedy,Blue Moon,,FALSE,,
2025,2026,83,Best Motion Picture - Musical or Comedy,Bugonia,,FALSE,,
2025,2026,83,Best Motion Picture - Musical or Comedy,Marty Supreme,,FALSE,,
2025,2026,83,Best Motion Picture - Musical or Comedy,No Other Choice,,FALSE,,
2025,2026,83,Best Motion Picture - Musical or Comedy,Nouvelle Vague,,FALSE,,
2025,2026,83,Best Motion Picture - Animated,KPop Demon Hunters,,TRUE,,
2025,2026,83,Best Motion Picture - Animated,Arco,,FALSE,,
2025,2026,83,Best Motion Picture - Animated,Demon Slayer: Kimetsu no Yaiba - The Movie: Infinity Castle,,FALSE,,
2025,2026,83,Best Motion Picture - Animated,Elio,,FALSE,,
2025,2026,83,Best Motion Picture - Animated,Little Amélie or the Character of Rain,,FALSE,,
2025,2026,83,Best Motion Picture - Animated,Zootopia 2,,FALSE,,
2025,2026,83,Best Motion Picture - Non-English Language,The Secret Agent,,TRUE,,Brazil
2025,2026,83,Best Motion Picture - Non-English Language,It Was Just an Accident,,FALSE,,France
2025,2026,83,Best Motion Picture - Non-English Language,No Other Choice,,FALSE,,South Korea
2025,2026,83,Best Motion Picture - Non-English Language,Sentimental Value,,FALSE,,Norway
2025,2026,83,Best Motion Picture - Non-English Language,Sirāt,,FALSE,,Spain
2025,2026,83,Best Motion Picture - Non-English Language,The Voice of Hind Rajab,,FALSE,,Tunisia
2025,2026,83,Cinematic and Box Office Achievement,Sinners,,TRUE,,
2025,2026,83,Cinematic and Box Office Achievement,Avatar: Fire and Ash,,FALSE,,
2025,2026,83,Cinematic and Box Office Achievement,F1,,FALSE,,
2025,2026,83,Cinematic and Box Office Achievement,KPop Demon Hunters,,FALSE,,
2025,2026,83,Cinematic and Box Office Achievement,Mission: Impossible - The Final Reckoning,,FALSE,,
2025,2026,83,Cinematic and Box Office Achievement,Weapons,,FALSE,,
2025,2026,83,Cinematic and Box Office Achievement,Wicked: For Good,,FALSE,,
2025,2026,83,Cinematic and Box Office Achievement,Zootopia 2,,FALSE,,
2025,2026,83,Best Male Actor in a Motion Picture - Drama,The Secret Agent,Wagner Moura,TRUE,,
2025,2026,83,Best Male Actor in a Motion Picture - Drama,Train Dreams,Joel Edgerton,FALSE,,
2025,2026,83,Best Male Actor in a Motion Picture - Drama,Frankenstein,Oscar Isaac,FALSE,,
2025,2026,83,Best Male Actor in a Motion Picture - Drama,The Smashing Machine,Dwayne Johnson,FALSE,,
2025,2026,83,Best Male Actor in a Motion Picture - Drama,Sinners,Michael B. Jordan,FALSE,,
2025,2026,83,Best Male Actor in a Motion Picture - Drama,Springsteen: Deliver Me from Nowhere,Jeremy Allen White,FALSE,,
2025,2026,83,Best Female Actor in a Motion Picture - Drama,Hamnet,Jessie Buckley,TRUE,,
2025,2026,83,Best Female Actor in a Motion Picture - Drama,Die My Love,Jennifer Lawrence,FALSE,,
2025,2026,83,Best Female Actor in a Motion Picture - Drama,Sentimental Value,Renate Reinsve,FALSE,,
2025,2026,83,Best Female Actor in a Motion Picture - Drama,After the Hunt,Julia Roberts,FALSE,,
2025,2026,83,Best Female Actor in a Motion Picture - Drama,Hedda,Tessa Thompson,FALSE,,
2025,2026,83,Best Female Actor in a Motion Picture - Drama,"Sorry, Baby",Eva Victor,FALSE,,
2025,2026,83,Best Male Actor in a Motion Picture - Musical or Comedy,Marty Supreme,Timothée Chalamet,TRUE,,
2025,2026,83,Best Male Actor in a Motion Picture - Musical or Comedy,Jay Kelly,George Clooney,FALSE,,
2025,2026,83,Best Male Actor in a Motion Picture - Musical or Comedy,One Battle After Another,Leonardo DiCaprio,FALSE,,
2025,2026,83,Best Male Actor in a Motion Picture - Musical or Comedy,Blue Moon,Ethan Hawke,FALSE,,
2025,2026,83,Best Male Actor in a Motion Picture - Musical or Comedy,No Other Choice,Lee Byung-hun,FALSE,,
2025,2026,83,Best Male Actor in a Motion Picture - Musical or Comedy,Bugonia,Jesse Plemons,FALSE,,
2025,2026,83,Best Female Actor in a Motion Picture - Musical or Comedy,If I Had Legs I'd Kick You,Rose Byrne,TRUE,,
2025,2026,83,Best Female Actor in a Motion Picture - Musical or Comedy,Wicked: For Good,Cynthia Erivo,FALSE,,
2025,2026,83,Best Female Actor in a Motion Picture - Musical or Comedy,Song Sung Blue,Kate Hudson,FALSE,,
2025,2026,83,Best Female Actor in a Motion Picture - Musical or Comedy,One Battle After Another,Chase Infiniti,FALSE,,
2025,2026,83,Best Female Actor in a Motion Picture - Musical or Comedy,The Testament of Ann Lee,Amanda Seyfried,FALSE,,
2025,2026,83,Best Female Actor in a Motion Picture - Musical or Comedy,Bugonia,Emma Stone,FALSE,,
2025,2026,83,Best Supporting Male Actor in a Motion Picture,Sentimental Value,Stellan Skarsgård,TRUE,,
2025,2026,83,Best Supporting Male Actor in a Motion Picture,One Battle After Another,Benicio del Toro,FALSE,,
2025,2026,83,Best Supporting Male Actor in a Motion Picture,Frankenstein,Jacob Elordi,FALSE,,
2025,2026,83,Best Supporting Male Actor in a Motion Picture,Hamnet,Paul Mescal,FALSE,,
2025,2026,83,Best Supporting Male Actor in a Motion Picture,One Battle After Another,Sean Penn,FALSE,,
2025,2026,83,Best Supporting Male Actor in a Motion Picture,Jay Kelly,Adam Sandler,FALSE,,
2025,2026,83,Best Supporting Female Actor in a Motion Picture,One Battle After Another,Teyana Taylor,TRUE,,
2025,2026,83,Best Supporting Female Actor in a Motion Picture,The Smashing Machine,Emily Blunt,FALSE,,
2025,2026,83,Best Supporting Female Actor in a Motion Picture,Sentimental Value,Elle Fanning,FALSE,,
2025,2026,83,Best Supporting Female Actor in a Motion Picture,Wicked: For Good,Ariana Grande,FALSE,,
2025,2026,83,Best Supporting Female Actor in a Motion Picture,Sentimental Value,Inga Ibsdotter Lilleaas,FALSE,,
2025,2026,83,Best Supporting Female Actor in a Motion Picture,Weapons,Amy Madigan,FALSE,,
2025,2026,83,Best Director,One Battle After Another,Paul Thomas Anderson,TRUE,,
2025,2026,83,Best Director,Sinners,Ryan Coogler,FALSE,,
2025,2026,83,Best Director,Frankenstein,Guillermo del Toro,FALSE,,
2025,2026,83,Best Director,It Was Just an Accident,Jafar Panahi,FALSE,,
2025,2026,83,Best Director,Sentimental Value,Joachim Trier,FALSE,,
2025,2026,83,Best Director,Hamnet,Chloé Zhao,FALSE,,
2025,2026,83,Best Screenplay,One Battle After Another,Paul Thomas Anderson,TRUE,,
2025,2026,83,Best Screenplay,Marty Supreme,Ronald Bronstein,FALSE,,
2025,2026,83,Best Screenplay,Marty Supreme,Josh Safdie,FALSE,,
2025,2026,83,Best Screenplay,Sinners,Ryan Coogler,FALSE,,
2025,2026,83,Best Screenplay,It Was Just an Accident,Jafar Panahi,FALSE,,
2025,2026,83,Best Screenplay,Sentimental Value,Eskil Vogt,FALSE,,
2025,2026,83,Best Screenplay,Sentimental Value,Joachim Trier,FALSE,,
2025,2026,83,Best Screenplay,Hamnet,Chloé Zhao,FALSE,,
2025,2026,83,Best Screenplay,Hamnet,Maggie O'Farrell,FALSE,,
2025,2026,83,Best Original Score,Sinners,Ludwig Göransson,TRUE,,
2025,2026,83,Best Original Score,Frankenstein,Alexandre Desplat,FALSE,,
2025,2026,83,Best Original Score,One Battle After Another,Jonny Greenwood,FALSE,,
2025,2026,83,Best Original Score,Sirāt,Kangding Ray,FALSE,,
2025,2026,83,Best Original Score,Hamnet,Max Richter,FALSE,,
2025,2026,83,Best Original Score,F1,Hans Zimmer,FALSE,,
2025,2026,83,Best Original Song,KPop Demon Hunters,Ejae,TRUE,Golden,
2025,2026,83,Best Original Song,KPop Demon Hunters,Mark Sonnenblick,TRUE,Golden,
2025,2026,83,Best Original Song,KPop Demon Hunters,Ido,TRUE,Golden,
2025,2026,83,Best Original Song,KPop Demon Hunters,24,TRUE,Golden,
2025,2026,83,Best Original Song,KPop Demon Hunters,Teddy Park,TRUE,Golden,
2025,2026,83,Best Original Song,Avatar: Fire and Ash,Miley Cyrus,FALSE,Dream as One,
2025,2026,83,Best Original Song,Avatar: Fire and Ash,Andrew Wyatt,FALSE,Dream as One,
2025,2026,83,Best Original Song,Avatar: Fire and Ash,Mark Ronson,FALSE,Dream as One,
2025,2026,83,Best Original Song,Avatar: Fire and Ash,Simon Franglen,FALSE,Dream as One,
2025,2026,83,Best Original Song,Wicked: For Good,Stephen Schwartz,FALSE,The Girl in the Bubble,
2025,2026,83,Best Original Song,Sinners,Raphael Saadiq,FALSE,I Lied to You,
2025,2026,83,Best Original Song,Sinners,Ludwig Göransson,FALSE,I Lied to You,
2025,2026,83,Best Original Song,Wicked: For Good,Stephen Schwartz,FALSE,No Place Like Home,
2025,2026,83,Best Original Song,Train Dreams,Nick Cave,FALSE,Train Dreams,
2025,2026,83,Best Original Song,Train Dreams,Bryce Dessner,FALSE,Train Dreams,