Year,Category,Concordance,Film,Film_Original,Country,Nominee,Won,Role,Adapted from,Character
2024,Best Actor in a Leading Role,Actor in a Leading Role,Conclave,,,Ralph Fiennes,FALSE,,,Thomas Cardinal Lawrence
2024,Best Actor in a Leading Role,Actor in a Leading Role,Sing Sing,,,Colman Domingo,FALSE,,,"John ""Divine G"" Whitfield"
2024,Best Actor in a Leading Role,Actor in a Leading Role,The Brutalist,,,Adrien Brody,TRUE,,,László Tóth
2024,Best Actor in a Leading Role,Actor in a Leading Role,Heretic,,,Hugh Grant,FALSE,,,Mr. Reed
2024,Best Actor in a Leading Role,Actor in a Leading Role,The Apprentice,,,Sebastian Stan,FALSE,,,Donald Trump
2024,Best Actor in a Leading Role,Actor in a Leading Role,A Complete Unknown,,,Timothée Chalamet,FALSE,,,Bob Dylan
2024,Best Actor in a Supporting Role,Actor in a Supporting Role,The Brutalist,,,Guy Pearce,FALSE,,,Harrison Lee Van Buren
2024,Best Actor in a Supporting Role,Actor in a Supporting Role,The Apprentice,,,Jeremy Strong,FALSE,,,Roy Cohn
2024,Best Actor in a Supporting Role,Actor in a Supporting Role,Anora,,,Yura Borisov,FALSE,,,Igor
2024,Best Actor in a Supporting Role,Actor in a Supporting Role,A Real Pain,,,Kieran Culkin,TRUE,,,Benji Kaplan
2024,Best Actor in a Supporting Role,Actor in a Supporting Role,A Complete Unknown,,,Edward Norton,FALSE,,,Pete Seeger
2024,Best Actor in a Supporting Role,Actor in a Supporting Role,Sing Sing,,,Clarence Maclin,FALSE,,,"Clarence ""Divine Eye"" Maclin"
2024,Best Actress in a Leading Role,Actress in a Leading Role,Wicked,,,Cynthia Erivo,FALSE,,,Elphaba Thropp
2024,Best Actress in a Leading Role,Actress in a Leading Role,Emilia Pérez,,,Karla Sofía Gascón,FALSE,,,"Emilia Pérez / Juan ""Manitas"" del Monte"
2024,Best Actress in a Leading Role,Actress in a Leading Role,The Substance,,,Demi Moore,FALSE,,,Elisabeth Sparkle
2024,Best Actress in a Leading Role,Actress in a Leading Role,Hard Truths,,,Marianne Jean-Baptiste,FALSE,,,Pansy Deacon
2024,Best Actress in a Leading Role,Actress in a Leading Role,Anora,,,Mikey Madison,TRUE,,,"Anora ""Ani"" Mikheeva"
2024,Best Actress in a Leading Role,Actress in a Leading Role,The Outrun,,,Saoirse Ronan,FALSE,,,Rona
2024,Best Actress in a Supporting Role,Actress in a Supporting Role,Emilia Pérez,,,Selena Gomez,FALSE,,,Jessi Del Monte
2024,Best Actress in a Supporting Role,Actress in a Supporting Role,Wicked,,,Ariana Grande,FALSE,,,Galinda Upland
2024,Best Actress in a Supporting Role,Actress in a Supporting Role,The Brutalist,,,Felicity Jones,FALSE,,,Erzsébet Tóth
2024,Best Actress in a Supporting Role,Actress in a Supporting Role,Conclave,,,Isabella Rossellini,FALSE,,,Sister Agnes
2024,Best Actress in a Supporting Role,Actress in a Supporting Role,Emilia Pérez,,,Zoe Saldaña,TRUE,,,Rita Mora Castro
2024,Best Actress in a Supporting Role,Actress in a Supporting Role,The Last Showgirl,,,Jamie Lee Curtis,FALSE,,,Annette
2024,Best Adapted Screenplay,Screenplay (Adapted),Emilia Pérez,,,Jacques Audiard,FALSE,,,
2024,Best Adapted Screenplay,Screenplay (Adapted),Conclave,,,Peter Straughan,TRUE,,,
2024,Best Adapted Screenplay,Screenplay (Adapted),Nickel Boys,,,Joslyn Barnes,FALSE,,,
2024,Best Adapted Screenplay,Screenplay (Adapted),Nickel Boys,,,RaMell Ross,FALSE,,,
2024,Best Adapted Screenplay,Screenplay (Adapted),Sing Sing,,,Clint Bentley,FALSE,,,
2024,Best Adapted Screenplay,Screenplay (Adapted),A Complete Unknown,,,Jay Cocks,FALSE,,,
2024,Best Adapted Screenplay,Screenplay (Adapted),Sing Sing,,,Greg Kwedar,FALSE,,,
2024,Best Adapted Screenplay,Screenplay (Adapted),Sing Sing,,,"John ""Divine G"" Whitfield",FALSE,,,
2024,Best Adapted Screenplay,Screenplay (Adapted),Sing Sing,,,Clarence Maclin,FALSE,,,
2024,Best Adapted Screenplay,Screenplay (Adapted),A Complete Unknown,,,James Mangold,FALSE,,,
2024,Best Animated Film,Animated Feature-Length Film,Flow,,,Gints Zilbalodis,FALSE,,,
2024,Best Animated Film,Animated Feature-Length Film,Inside Out 2,,,Kelsey Mann,FALSE,,,
2024,Best Animated Film,Animated Feature-Length Film,Inside Out 2,,,Mark Nielsen,FALSE,,,
2024,Best Animated Film,Animated Feature-Length Film,Wallace & Gromit: Vengeance Most Fowl,,,Nick Park,TRUE,,,
2024,Best Animated Film,Animated Feature-Length Film,Flow,,,Matīss Kaža,FALSE,,,
2024,Best Animated Film,Animated Feature-Length Film,The Wild Robot,,,Chris Sanders,FALSE,,,
2024,Best Animated Film,Animated Feature-Length Film,Wallace & Gromit: Vengeance Most Fowl,,,Merlin Crossingham,TRUE,,,
2024,Best Animated Film,Animated Feature-Length Film,Wallace & Gromit: Vengeance Most Fowl,,,Richard Beek,TRUE,,,
2024,Best Animated Film,Animated Feature-Length Film,The Wild Robot,,,Jeff Hermann,FALSE,,,
2024,Best British Short Animation,,Adiós,,,José Prats,FALSE,,,
2024,Best British Short Animation,,Adiós,,,Natalia Kyriacou,FALSE,,,
2024,Best British Short Animation,,Adiós,,,Bernardo Angeletti,FALSE,,,
2024,Best British Short Animation,,Mog's Christmas,,,Robin Shaw,FALSE,,,
2024,Best British Short Animation,,Wander to Wonder,,,Maarten Swart,FALSE,,,
2024,Best British Short Animation,,Mog's Christmas,,,Joanna Harrison,FALSE,,,
2024,Best British Short Animation,,Mog's Christmas,,,Camilla Deakin,FALSE,,,
2024,Best British Short Animation,,Mog's Christmas,,,Ruth Fielding,FALSE,,,
2024,Best British Short Animation,,Wander to Wonder,,,Simon Cartwright,TRUE,,,
2024,Best British Short Animation,,Wander to Wonder,,,Nina Gantz,TRUE,,,
2024,Best British Short Animation,,Wander to Wonder,,,Stienette Bosklopper,TRUE,,,
2024,Best British Short Film,,"The Flowers Stand Silently, Witnessing",,,Marissa Keating,FALSE,,,
2024,Best British Short Film,,Marion,,,Joe Weiland,FALSE,,,
2024,Best British Short Film,,Marion,,,Finn Constantine,FALSE,,,
2024,Best British Short Film,,Marion,,,Marija Djikic,FALSE,,,
2024,Best British Short Film,,Milk,,,Miranda Stern,FALSE,,,
2024,Best British Short Film,,Milk,,,Ashionye Ogene,FALSE,,,
2024,Best British Short Film,,"Rock, Paper, Scissors",,,Franz Böhm,TRUE,,,
2024,Best British Short Film,,"Rock, Paper, Scissors",,,Ivan,TRUE,,,
2024,Best British Short Film,,"The Flowers Stand Silently, Witnessing",,,Theo Panagopoulos,FALSE,,,
2024,Best British Short Film,,"Rock, Paper, Scissors",,,Hayder Rothschild Hoozeer,TRUE,,,
2024,Best British Short Film,,Stomach Bug,,,Matty Crawford,FALSE,,,
2024,Best British Short Film,,Stomach Bug,,,Karima Sammout-Kanellopoulou,FALSE,,,
2024,Best Casting,,Conclave,,,Martin Ware,FALSE,,,
2024,Best Casting,,Kneecap,,,Carla Stronge,FALSE,,,
2024,Best Casting,,Anora,,,Sean Baker,TRUE,,,
2024,Best Casting,,Anora,,,Samantha Quan,TRUE,,,
2024,Best Casting,,The Apprentice,,,Carmen Cuba,FALSE,,,
2024,Best Casting,,The Apprentice,,,Stephanie Gorin,FALSE,,,
2024,Best Casting,,A Complete Unknown,,,Yesi Ramirez,FALSE,,,
2024,Best Casting,,Conclave,,,Nina Gold,FALSE,,,
2024,Best Children's & Family Film,,Kensuke's Kingdom,,,Kirk Hendry,FALSE,,,
2024,Best Children's & Family Film,,Kensuke's Kingdom,,,Neil Boyle,FALSE,,,
2024,Best Children's & Family Film,,Kensuke's Kingdom,,,Camilla Deakin,FALSE,,,
2024,Best Children's & Family Film,,Wallace & Gromit: Vengeance Most Fowl,,,Nick Park,TRUE,,,
2024,Best Children's & Family Film,,Wallace & Gromit: Vengeance Most Fowl,,,Merlin Crossingham,TRUE,,,
2024,Best Children's & Family Film,,Wallace & Gromit: Vengeance Most Fowl,,,Richard Beek,TRUE,,,
2024,Best Children's & Family Film,,The Wild Robot,,,Chris Sanders,FALSE,,,
2024,Best Children's & Family Film,,The Wild Robot,,,Jeff Hermann,FALSE,,,
2024,Best Children's & Family Film,,Flow,,,Gints Zilbalodis,FALSE,,,
2024,Best Children's & Family Film,,Flow,,,Matīss Kaža,FALSE,,,
2024,Best Cinematography,Cinematography,Conclave,,,Stéphane Fontaine,FALSE,,,
2024,Best Cinematography,Cinematography,Dune: Part Two,,,Greig Fraser,FALSE,,,
2024,Best Cinematography,Cinematography,Emilia Pérez,,,Paul Guilhaume,FALSE,,,
2024,Best Cinematography,Cinematography,The Brutalist,,,Lol Crawley,TRUE,,,
2024,Best Cinematography,Cinematography,Nosferatu,,,Jarin Blaschke,FALSE,,,
2024,Best Costume Design,Costuming,Blitz,,,Jacqueline Durran,FALSE,,,
2024,Best Costume Design,Costuming,A Complete Unknown,,,Arianne Phillips,FALSE,,,
2024,Best Costume Design,Costuming,Conclave,,,Lisy Christl,FALSE,,,
2024,Best Costume Design,Costuming,Nosferatu,,,Linda Muir,FALSE,,,
2024,Best Costume Design,Costuming,Wicked,,,Paul Tazewell,TRUE,,,
2024,Best Director,Directing,Emilia Pérez,,,Jacques Audiard,FALSE,,,
2024,Best Director,Directing,Anora,,,Sean Baker,FALSE,,,
2024,Best Director,Directing,Conclave,,,Edward Berger,FALSE,,,
2024,Best Director,Directing,The Brutalist,,,Brady Corbet,TRUE,,,
2024,Best Director,Directing,The Substance,,,Coralie Fargeat,FALSE,,,
2024,Best Director,Directing,Dune: Part Two,,,Denis Villeneuve,FALSE,,,
2024,Best Documentary,Documentary Film,Daughters,,,Angela Patton,FALSE,,,
2024,Best Documentary,Documentary Film,Daughters,,,Sam Bisbee,FALSE,,,
2024,Best Documentary,Documentary Film,No Other Land,,,Hamdan Ballal,FALSE,,,
2024,Best Documentary,Documentary Film,No Other Land,,,Yuval Abraham,FALSE,,,
2024,Best Documentary,Documentary Film,No Other Land,,,Rachel Szor,FALSE,,,
2024,Best Documentary,Documentary Film,No Other Land,,,Basel Adra,FALSE,,,
2024,Best Documentary,Documentary Film,Super/Man: The Christopher Reeve Story,,,Ian Bonhôte,TRUE,,,
2024,Best Documentary,Documentary Film,Super/Man: The Christopher Reeve Story,,,Peter Ettedgui,TRUE,,,
2024,Best Documentary,Documentary Film,Daughters,,,Natalie Rae,FALSE,,,
2024,Best Documentary,Documentary Film,Will & Harper,,,Christopher Leggett,FALSE,,,
2024,Best Documentary,Documentary Film,Black Box Diaries,,,Shiori Itō,FALSE,,,
2024,Best Documentary,Documentary Film,Black Box Diaries,,,Hanna Aqvilin,FALSE,,,
2024,Best Documentary,Documentary Film,Black Box Diaries,,,Eric Nyari,FALSE,,,
2024,Best Documentary,Documentary Film,Will & Harper,,,Will Ferrell,FALSE,,,
2024,Best Documentary,Documentary Film,Super/Man: The Christopher Reeve Story,,,Otto Burnham,TRUE,,,
2024,Best Documentary,Documentary Film,Super/Man: The Christopher Reeve Story,,,Connor Schell,TRUE,,,
2024,Best Documentary,Documentary Film,Will & Harper,,,Josh Greenbaum,FALSE,,,
2024,Best Documentary,Documentary Film,Will & Harper,,,Jessica Elbaum,FALSE,,,
2024,Best Editing,Film Editing,Dune: Part Two,,,Joe Walker,FALSE,,,
2024,Best Editing,Film Editing,Kneecap,,,Chris Gill,FALSE,,,
2024,Best Editing,Film Editing,Conclave,,,Nick Emerson,TRUE,,,
2024,Best Editing,Film Editing,Emilia Pérez,,,Juliette Welfling,FALSE,,,
2024,Best Editing,Film Editing,Kneecap,,,Julian Ulrichs,FALSE,,,
2024,Best Editing,Film Editing,Anora,,,Sean Baker,FALSE,,,
2024,Best Film,Live-Action Feature-Length Film,The Brutalist,,,Trevor Matthews,FALSE,,,
2024,Best Film,Live-Action Feature-Length Film,Anora,,,Sean Baker,FALSE,,,
2024,Best Film,Live-Action Feature-Length Film,The Brutalist,,,Andrew Lauren,FALSE,,,
2024,Best Film,Live-Action Feature-Length Film,The Brutalist,,,Nick Gordon,FALSE,,,
2024,Best Film,Live-Action Feature-Length Film,The Brutalist,,,Brian Young,FALSE,,,
2024,Best Film,Live-Action Feature-Length Film,The Brutalist,,,Andrew Morrison,FALSE,,,
2024,Best Film,Live-Action Feature-Length Film,Anora,,,Samantha Quan,FALSE,,,
2024,Best Film,Live-Action Feature-Length Film,Conclave,,,Michael A. Jackman,TRUE,,,
2024,Best Film,Live-Action Feature-Length Film,Emilia Pérez,,,Jacques Audiard,FALSE,,,
2024,Best Film,Live-Action Feature-Length Film,Emilia Pérez,,,Pascal Caucheteux,FALSE,,,
2024,Best Film,Live-Action Feature-Length Film,Emilia Pérez,,,Valérie Schermann,FALSE,,,
2024,Best Film,Live-Action Feature-Length Film,Emilia Pérez,,,Anthony Vaccarello,FALSE,,,
2024,Best Film,Live-Action Feature-Length Film,The Brutalist,,,D.J. Gugenheim,FALSE,,,
2024,Best Film,Live-Action Feature-Length Film,The Brutalist,,,Brady Corbet,FALSE,,,
2024,Best Film,Live-Action Feature-Length Film,Anora,,,Alex Coco,FALSE,,,
2024,Best Film,Live-Action Feature-Length Film,Conclave,,,Juliette Howell,TRUE,,,
2024,Best Film,Live-Action Feature-Length Film,A Complete Unknown,,,Alex Heineman,FALSE,,,
2024,Best Film,Live-Action Feature-Length Film,A Complete Unknown,,,Fred Berger,FALSE,,,
2024,Best Film,Live-Action Feature-Length Film,A Complete Unknown,,,James Mangold,FALSE,,,
2024,Best Film,Live-Action Feature-Length Film,Conclave,,,Tessa Ross,TRUE,,,
2024,Best Film Not in the English Language,Foreign Film,The Seed of the Sacred Fig,,,Rozita Hendijanian,FALSE,,,
2024,Best Film Not in the English Language,Foreign Film,The Seed of the Sacred Fig,,,Amin Sadraei,FALSE,,,
2024,Best Film Not in the English Language,Foreign Film,The Seed of the Sacred Fig,,,Jean-Christophe Simon,FALSE,,,
2024,Best Film Not in the English Language,Foreign Film,The Seed of the Sacred Fig,,,Mani Tilgner,FALSE,,,
2024,Best Film Not in the English Language,Foreign Film,The Seed of the Sacred Fig,,,Mohammad Rasoulof,FALSE,,,
2024,Best Film Not in the English Language,Foreign Film,All We Imagine as Light,,,Payal Kapadia,FALSE,,,
2024,Best Film Not in the English Language,Foreign Film,All We Imagine as Light,,,Thomas Hakim,FALSE,,,
2024,Best Film Not in the English Language,Foreign Film,All We Imagine as Light,,,Julien Graff,FALSE,,,
2024,Best Film Not in the English Language,Foreign Film,Emilia Pérez,,,Jacques Audiard,TRUE,,,
2024,Best Film Not in the English Language,Foreign Film,Emilia Pérez,,,Pascal Caucheteux,TRUE,,,
2024,Best Film Not in the English Language,Foreign Film,Emilia Pérez,,,Valerie Schermann,TRUE,,,
2024,Best Film Not in the English Language,Foreign Film,Emilia Pérez,,,Anthony Vaccarello,TRUE,,,
2024,Best Film Not in the English Language,Foreign Film,Kneecap,,,Trevor Birney,FALSE,,,
2024,Best Film Not in the English Language,Foreign Film,I'm Still Here,,,Walter Salles,FALSE,,,
2024,Best Film Not in the English Language,Foreign Film,I'm Still Here,,,Rodrigo Teixeira,FALSE,,,
2024,Best Film Not in the English Language,Foreign Film,I'm Still Here,,,Martine de Clermont-Tonnerre,FALSE,,,
2024,Best Film Not in the English Language,Foreign Film,Kneecap,,,Rich Peppiatt,FALSE,,,
2024,Best Film Not in the English Language,Foreign Film,Kneecap,,,Jack Tarling,FALSE,,,
2024,Best Make Up & Hair,Make-Up & Hairstyling,Wicked,,,Laura Blount,FALSE,,,
2024,Best Make Up & Hair,Make-Up & Hairstyling,Wicked,,,Sarah Nuth,FALSE,,,
2024,Best Make Up & Hair,Make-Up & Hairstyling,Emilia Pérez,,,Julia Floch Carbonel,FALSE,,,
2024,Best Make Up & Hair,Make-Up & Hairstyling,Emilia Pérez,,,Emmanuel Janvier,FALSE,,,
2024,Best Make Up & Hair,Make-Up & Hairstyling,Emilia Pérez,,,Jean-Christophe Spadaccini,FALSE,,,
2024,Best Make Up & Hair,Make-Up & Hairstyling,The Substance,,,Stéphanie Guillon,TRUE,,,
2024,Best Make Up & Hair,Make-Up & Hairstyling,The Substance,,,Frédérique Arguello,TRUE,,,
2024,Best Make Up & Hair,Make-Up & Hairstyling,The Substance,,,Marilyne Scarselli,TRUE,,,
2024,Best Make Up & Hair,Make-Up & Hairstyling,Wicked,,,Frances Hannon,FALSE,,,
2024,Best Make Up & Hair,Make-Up & Hairstyling,Dune: Part Two,,,Love Larson,FALSE,,,
2024,Best Make Up & Hair,Make-Up & Hairstyling,Dune: Part Two,,,Eva von Bahr,FALSE,,,
2024,Best Make Up & Hair,Make-Up & Hairstyling,Nosferatu,,,David White,FALSE,,,
2024,Best Make Up & Hair,Make-Up & Hairstyling,Nosferatu,,,Traci Loader,FALSE,,,
2024,Best Make Up & Hair,Make-Up & Hairstyling,Nosferatu,,,Suzanne Stokes-Munton,FALSE,,,
2024,Best Make Up & Hair,Make-Up & Hairstyling,Emilia Pérez,,,Romain Marietti,FALSE,,,
2024,Best Make Up & Hair,Make-Up & Hairstyling,The Substance,,,Pierre-Olivier Persin,TRUE,,,
2024,Best Original Score,Original Score,The Brutalist,,,Daniel Blumberg,TRUE,,,
2024,Best Original Score,Original Score,Conclave,,,Volker Bertelmann,FALSE,,,
2024,Best Original Score,Original Score,Emilia Pérez,,,Camille,FALSE,,,
2024,Best Original Score,Original Score,Emilia Pérez,,,Clément Ducol,FALSE,,,
2024,Best Original Score,Original Score,Nosferatu,,,Robin Carolan,FALSE,,,
2024,Best Original Score,Original Score,The Wild Robot,,,Kris Bowers,FALSE,,,
2024,Best Original Screenplay,Screenplay (Original),Kneecap,,,Rich Peppiatt,FALSE,,,
2024,Best Original Screenplay,Screenplay (Original),The Substance,,,Coralie Fargeat,FALSE,,,
2024,Best Original Screenplay,Screenplay (Original),Kneecap,,,Naoise Ó Cairealláin,FALSE,,,
2024,Best Original Screenplay,Screenplay (Original),Kneecap,,,Liam Óg Ó Hannaidh,FALSE,,,
2024,Best Original Screenplay,Screenplay (Original),Kneecap,,,JJ Ó Dochartaigh,FALSE,,,
2024,Best Original Screenplay,Screenplay (Original),A Real Pain,,,Jesse Eisenberg,TRUE,,,
2024,Best Original Screenplay,Screenplay (Original),Anora,,,Sean Baker,FALSE,,,
2024,Best Original Screenplay,Screenplay (Original),The Brutalist,,,Brady Corbet,FALSE,,,
2024,Best Original Screenplay,Screenplay (Original),The Brutalist,,,Mona Fastvold,FALSE,,,
2024,Best Production Design,Art Direction,Dune: Part Two,,,Shane Vieau,FALSE,,,
2024,Best Production Design,Art Direction,Conclave,,,Suzie Davies,FALSE,,,
2024,Best Production Design,Art Direction,Conclave,,,Cynthia Sleiter,FALSE,,,
2024,Best Production Design,Art Direction,Dune: Part Two,,,Patrice Vermette,FALSE,,,
2024,Best Production Design,Art Direction,The Brutalist,,,Judy Becker,FALSE,,,
2024,Best Production Design,Art Direction,Nosferatu,,,Craig Lathrop,FALSE,,,
2024,Best Production Design,Art Direction,Wicked,,,Nathan Crowley,TRUE,,,
2024,Best Production Design,Art Direction,Wicked,,,Lee Sandales,TRUE,,,
2024,Best Production Design,Art Direction,The Brutalist,,,Patricia Cuccia,FALSE,,,
2024,Best Sound,Sound Mixing,Blitz,,,John Casali,FALSE,,,
2024,Best Sound,Sound Mixing,Wicked,,,Andy Nelson,FALSE,,,
2024,Best Sound,Sound Mixing,Wicked,,,Nancy Nugent Title,FALSE,,,
2024,Best Sound,Sound Mixing,Gladiator II,,,Stéphane Bucher,FALSE,,,
2024,Best Sound,Sound Mixing,Gladiator II,,,Matthew Collinge,FALSE,,,
2024,Best Sound,Sound Mixing,Gladiator II,,,Paul Massey,FALSE,,,
2024,Best Sound,Sound Mixing,Gladiator II,,,Danny Sheehan,FALSE,,,
2024,Best Sound,Sound Mixing,The Substance,,,Valérie Deloof,FALSE,,,
2024,Best Sound,Sound Mixing,The Substance,,,Victor Fleurant,FALSE,,,
2024,Best Sound,Sound Mixing,The Substance,,,Victor Praud,FALSE,,,
2024,Best Sound,Sound Mixing,Blitz,,,Paul Cotterell,FALSE,,,
2024,Best Sound,Sound Mixing,Blitz,,,James Harrison,FALSE,,,
2024,Best Sound,Sound Mixing,Dune: Part Two,,,Ron Bartlett,TRUE,,,
2024,Best Sound,Sound Mixing,Dune: Part Two,,,Doug Hemphill,TRUE,,,
2024,Best Sound,Sound Mixing,Dune: Part Two,,,Gareth John,TRUE,,,
2024,Best Sound,Sound Mixing,Dune: Part Two,,,Richard King,TRUE,,,
2024,Best Sound,Sound Mixing,The Substance,,,Emmanuelle Villard,FALSE,,,
2024,Best Sound,Sound Mixing,Wicked,,,Robin Baynton,FALSE,,,
2024,Best Sound,Sound Mixing,Wicked,,,Simon Hayes,FALSE,,,
2024,Best Sound,Sound Mixing,The Substance,,,Stéphane Thiébaut,FALSE,,,
2024,Best Sound,Sound Mixing,Wicked,,,John Marquis,FALSE,,,
2024,Best Special Visual Effects,Effects,Better Man,,,Luke Millar,FALSE,,,
2024,Best Special Visual Effects,Effects,Better Man,,,David Clayton,FALSE,,,
2024,Best Special Visual Effects,Effects,Better Man,,,Keith Herft,FALSE,,,
2024,Best Special Visual Effects,Effects,Dune: Part Two,,,Paul Lambert,TRUE,,,
2024,Best Special Visual Effects,Effects,Dune: Part Two,,,Stephen James,TRUE,,,
2024,Best Special Visual Effects,Effects,Dune: Part Two,,,Gerd Nefzer,TRUE,,,
2024,Best Special Visual Effects,Effects,Better Man,,,Peter Stubbs,FALSE,,,
2024,Best Special Visual Effects,Effects,Kingdom of the Planet of the Apes,,,Erik Winquist,FALSE,,,
2024,Best Special Visual Effects,Effects,Kingdom of the Planet of the Apes,,,Rodney Burke,FALSE,,,
2024,Best Special Visual Effects,Effects,Kingdom of the Planet of the Apes,,,Paul Story,FALSE,,,
2024,Best Special Visual Effects,Effects,Kingdom of the Planet of the Apes,,,Stephen Unterfranz,FALSE,,,
2024,Best Special Visual Effects,Effects,Wicked,,,Pablo Helman,FALSE,,,
2024,Best Special Visual Effects,Effects,Wicked,,,Paul Corbould,FALSE,,,
2024,Best Special Visual Effects,Effects,Wicked,,,Jonathan Fawkner,FALSE,,,
2024,Best Special Visual Effects,Effects,Wicked,,,Anthony Smith,FALSE,,,
2024,Best Special Visual Effects,Effects,Dune: Part Two,,,Rhys Salcombe,TRUE,,,
2024,Best Special Visual Effects,Effects,Gladiator II,,,Mark Bakowski,FALSE,,,
2024,Best Special Visual Effects,Effects,Gladiator II,,,Neil Corbould,FALSE,,,
2024,Best Special Visual Effects,Effects,Gladiator II,,,Nikki Penny,FALSE,,,
2024,Best Special Visual Effects,Effects,Gladiator II,,,Pietro Ponti,FALSE,,,
2024,EE Rising Star Award,,,,,Marisa Abela,FALSE,,,
2024,EE Rising Star Award,,,,,Jharrel Jerome,FALSE,,,
2024,EE Rising Star Award,,,,,Nabhaan Rizwan,FALSE,,,
2024,EE Rising Star Award,,,,,David Jonsson,TRUE,,,
2024,EE Rising Star Award,,,,,Mikey Madison,FALSE,,,
2024,Outstanding British Film,,Lee,,,John Collee,FALSE,,,
2024,Outstanding British Film,,Lee,,,Lem Dobbs,FALSE,,,
2024,Outstanding British Film,,Love Lies Bleeding,,,Rose Glass,FALSE,,,
2024,Outstanding British Film,,Love Lies Bleeding,,,Andrea Cornwell,FALSE,,,
2024,Outstanding British Film,,Love Lies Bleeding,,,Oliver Kassman,FALSE,,,
2024,Outstanding British Film,,Love Lies Bleeding,,,Weronika Tofilska,FALSE,,,
2024,Outstanding British Film,,The Outrun,,,Nora Fingscheidt,FALSE,,,
2024,Outstanding British Film,,The Outrun,,,Sarah Brocklehurst,FALSE,,,
2024,Outstanding British Film,,Bird,,,Andrea Arnold,FALSE,,,
2024,Outstanding British Film,,Bird,,,Tessa Ross,FALSE,,,
2024,Outstanding British Film,,Bird,,,Juliette Howell,FALSE,,,
2024,Outstanding British Film,,Bird,,,Lee Groombridge,FALSE,,,
2024,Outstanding British Film,,Blitz,,,Steve McQueen,FALSE,,,
2024,Outstanding British Film,,Blitz,,,Tim Bevan,FALSE,,,
2024,Outstanding British Film,,Blitz,,,Eric Fellner,FALSE,,,
2024,Outstanding British Film,,Blitz,,,Anita Overland,FALSE,,,
2024,Outstanding British Film,,Conclave,,,Edward Berger,TRUE,,,
2024,Outstanding British Film,,Conclave,,,Tessa Ross,TRUE,,,
2024,Outstanding British Film,,Conclave,,,Juliette Howell,TRUE,,,
2024,Outstanding British Film,,Conclave,,,Michael A. Jackman,TRUE,,,
2024,Outstanding British Film,,Conclave,,,Peter Straughan,TRUE,,,
2024,Outstanding British Film,,Gladiator II,,,Ridley Scott,FALSE,,,
2024,Outstanding British Film,,Gladiator II,,,Douglas Wick,FALSE,,,
2024,Outstanding British Film,,Gladiator II,,,Lucy Fisher,FALSE,,,
2024,Outstanding British Film,,Gladiator II,,,Michael Pruss,FALSE,,,
2024,Outstanding British Film,,Gladiator II,,,David Scarpa,FALSE,,,
2024,Outstanding British Film,,Gladiator II,,,Peter Craig,FALSE,,,
2024,Outstanding British Film,,Hard Truths,,,Mike Leigh,FALSE,,,
2024,Outstanding British Film,,Hard Truths,,,Georgina Lowe,FALSE,,,
2024,Outstanding British Film,,Kneecap,,,Rich Peppiatt,FALSE,,,
2024,Outstanding British Film,,Kneecap,,,Trevor Birney,FALSE,,,
2024,Outstanding British Film,,Kneecap,,,Jack Tarling,FALSE,,,
2024,Outstanding British Film,,Lee,,,Liz Hannah,FALSE,,,
2024,Outstanding British Film,,Lee,,,Marion Hume,FALSE,,,
2024,Outstanding British Film,,The Outrun,,,Dominic Norris,FALSE,,,
2024,Outstanding British Film,,The Outrun,,,Jack Lowden,FALSE,,,
2024,Outstanding British Film,,The Outrun,,,Saoirse Ronan,FALSE,,,
2024,Outstanding British Film,,The Outrun,,,Amy Liptrot,FALSE,,,
2024,Outstanding British Film,,Wallace & Gromit: Vengeance Most Fowl,,,Nick Park,FALSE,,,
2024,Outstanding British Film,,Wallace & Gromit: Vengeance Most Fowl,,,Merlin Crossingham,FALSE,,,
2024,Outstanding British Film,,Wallace & Gromit: Vengeance Most Fowl,,,Richard Beek,FALSE,,,
2024,Outstanding British Film,,Wallace & Gromit: Vengeance Most Fowl,,,Mark Burton,FALSE,,,
2024,Outstanding British Film,,Kneecap,,,Naoise Ó Cairealláin,FALSE,,,
2024,Outstanding British Film,,Kneecap,,,Liam Óg Ó Hannaidh,FALSE,,,
2024,Outstanding British Film,,Kneecap,,,JJ Ó Dochartaigh,FALSE,,,
2024,Outstanding British Film,,Lee,,,Ellen Kuras,FALSE,,,
2024,Outstanding British Film,,Lee,,,Kate Solomon,FALSE,,,
2024,Outstanding British Film,,Lee,,,Kate Winslet,FALSE,,,
2024,"Outstanding Debut by a British Writer, Director or Producer",,Hoard,,,Luna Carmoon,FALSE,Director,,
2024,"Outstanding Debut by a British Writer, Director or Producer",,Hoard,,,Luna Carmoon,FALSE,Writer,,
2024,"Outstanding Debut by a British Writer, Director or Producer",,Kneecap,,,Rich Peppiatt,TRUE,Director,,
2024,"Outstanding Debut by a British Writer, Director or Producer",,Kneecap,,,Rich Peppiatt,TRUE,Writer,,
2024,"Outstanding Debut by a British Writer, Director or Producer",,Monkey Man,,,Dev Patel,FALSE,Director,,
2024,"Outstanding Debut by a British Writer, Director or Producer",,Santosh,,,Sandhya Suri,FALSE,Director,,
2024,"Outstanding Debut by a British Writer, Director or Producer",,Santosh,,,Sandhya Suri,FALSE,Writer,,
2024,"Outstanding Debut by a British Writer, Director or Producer",,Santosh,,,James Bowsher,FALSE,Producer,,
2024,"Outstanding Debut by a British Writer, Director or Producer",,Santosh,,,Balthazar de Ganay,FALSE,Producer,,
2024,"Outstanding Debut by a British Writer, Director or Producer",,Sister Midnight,,,Karan Kandhari,FALSE,Director,,
2024,"Outstanding Debut by a British Writer, Director or Producer",,Sister Midnight,,,Karan Kandhari,FALSE,Writer,,
2023,Best Actor in a Leading Role,Actor in a Leading Role,Rustin,,,Colman Domingo,FALSE,,,Bayard Rustin
2023,Best Actor in a Leading Role,Actor in a Leading Role,The Holdovers,,,Paul Giamatti,FALSE,,,Paul Hunham
2023,Best Actor in a Leading Role,Actor in a Leading Role,Oppenheimer,,,Cillian Murphy,TRUE,,,J. Robert Oppenheimer
2023,Best Actor in a Leading Role,Actor in a Leading Role,Maestro,,,Bradley Cooper,FALSE,,,Leonard Bernstein
2023,Best Actor in a Leading Role,Actor in a Leading Role,Past Lives,,,Teo Yoo,FALSE,,,Hae Sung
2023,Best Actor in a Leading Role,Actor in a Leading Role,Saltburn,,,Barry Keoghan,FALSE,,,Oliver Quick
2023,Best Actor in a Supporting Role,Actor in a Supporting Role,Saltburn,,,Jacob Elordi,FALSE,,,Felix Catton
2023,Best Actor in a Supporting Role,Actor in a Supporting Role,Barbie,,,Ryan Gosling,FALSE,,,Ken
2023,Best Actor in a Supporting Role,Actor in a Supporting Role,All of Us Strangers,,,Paul Mescal,FALSE,,,Harry
2023,Best Actor in a Supporting Role,Actor in a Supporting Role,The Holdovers,,,Dominic Sessa,FALSE,,,Angus Tully
2023,Best Actor in a Supporting Role,Actor in a Supporting Role,Oppenheimer,,,Robert Downey Jr.,TRUE,,,Lewis Strauss
2023,Best Actor in a Supporting Role,Actor in a Supporting Role,Killers of the Flower Moon,,,Robert De Niro,FALSE,,,William King Hale
2023,Best Actress in a Leading Role,Actress in a Leading Role,Anatomy of a Fall,,,Sandra Hüller,FALSE,,,Sandra Voyter
2023,Best Actress in a Leading Role,Actress in a Leading Role,Maestro,,,Carey Mulligan,FALSE,,,Felicia Montealegre
2023,Best Actress in a Leading Role,Actress in a Leading Role,Rye Lane,,,Vivian Oparah,FALSE,,,Yas
2023,Best Actress in a Leading Role,Actress in a Leading Role,Barbie,,,Margot Robbie,FALSE,,,Barbie
2023,Best Actress in a Leading Role,Actress in a Leading Role,Poor Things,,,Emma Stone,TRUE,,,Bella Baxter
2023,Best Actress in a Leading Role,Actress in a Leading Role,The Color Purple,,,Fantasia Barrino,FALSE,,,Celie Harris-Johnson
2023,Best Actress in a Supporting Role,Actress in a Supporting Role,The Zone of Interest,,,Sandra Hüller,FALSE,,,Hedwig Höss
2023,Best Actress in a Supporting Role,Actress in a Supporting Role,Oppenheimer,,,Emily Blunt,FALSE,,,Kitty Oppenheimer
2023,Best Actress in a Supporting Role,Actress in a Supporting Role,All of Us Strangers,,,Claire Foy,FALSE,,,Mum
2023,Best Actress in a Supporting Role,Actress in a Supporting Role,Saltburn,,,Rosamund Pike,FALSE,,,Lady Elspeth Catton
2023,Best Actress in a Supporting Role,Actress in a Supporting Role,The Holdovers,,,Da'Vine Joy Randolph,TRUE,,,Mary Lamb
2023,Best Actress in a Supporting Role,Actress in a Supporting Role,The Color Purple,,,Danielle Brooks,FALSE,,,Sofia
2023,Best Adapted Screenplay,Screenplay (Adapted),Oppenheimer,,,Christopher Nolan,FALSE,,,
2023,Best Adapted Screenplay,Screenplay (Adapted),American Fiction,,,Cord Jefferson,TRUE,,,
2023,Best Adapted Screenplay,Screenplay (Adapted),Poor Things,,,Tony McNamara,FALSE,,,
2023,Best Adapted Screenplay,Screenplay (Adapted),The Zone of Interest,,,Jonathan Glazer,FALSE,,,
2023,Best Adapted Screenplay,Screenplay (Adapted),All of Us Strangers,,,Andrew Haigh,FALSE,,,
2023,Best Animated Film,Animated Feature-Length Film,Chicken Run: Dawn of the Nugget,,,Leyla Hobart,FALSE,,,
2023,Best Animated Film,Animated Feature-Length Film,Spider-Man: Across the Spider-Verse,,,Joaquim Dos Santos,FALSE,,,
2023,Best Animated Film,Animated Feature-Length Film,Chicken Run: Dawn of the Nugget,,,Steve Pegram,FALSE,,,
2023,Best Animated Film,Animated Feature-Length Film,Elemental,,,Peter Sohn,FALSE,,,
2023,Best Animated Film,Animated Feature-Length Film,Elemental,,,Denise Ream,FALSE,,,
2023,Best Animated Film,Animated Feature-Length Film,The Boy and the Heron,,,Toshio Suzuki,TRUE,,,
2023,Best Animated Film,Animated Feature-Length Film,Chicken Run: Dawn of the Nugget,,,Sam Fell,FALSE,,,
2023,Best Animated Film,Animated Feature-Length Film,Spider-Man: Across the Spider-Verse,,,Kemp Powers,FALSE,,,
2023,Best Animated Film,Animated Feature-Length Film,Spider-Man: Across the Spider-Verse,,,Christina Steinberg,FALSE,,,
2023,Best Animated Film,Animated Feature-Length Film,Spider-Man: Across the Spider-Verse,,,Avi Arad,FALSE,,,
2023,Best Animated Film,Animated Feature-Length Film,Spider-Man: Across the Spider-Verse,,,Phil Lord,FALSE,,,
2023,Best Animated Film,Animated Feature-Length Film,Spider-Man: Across the Spider-Verse,,,Christopher Miller,FALSE,,,
2023,Best Animated Film,Animated Feature-Length Film,Spider-Man: Across the Spider-Verse,,,Amy Pascal,FALSE,,,
2023,Best Animated Film,Animated Feature-Length Film,The Boy and the Heron,,,Hayao Miyazaki,TRUE,,,
2023,Best Animated Film,Animated Feature-Length Film,Spider-Man: Across the Spider-Verse,,,Justin K. Thompson,FALSE,,,
2023,Best British Short Animation,,Crab Day,,,Bartosz Stanislawek,TRUE,,,
2023,Best British Short Animation,,Crab Day,,,Aleksandra Sykulak,TRUE,,,
2023,Best British Short Animation,,Visible Mending,,,Samantha Moore,FALSE,,,
2023,Best British Short Animation,,Visible Mending,,,Tilley Bancroft,FALSE,,,
2023,Best British Short Animation,,Wild Summon,,,Karni Arieli,FALSE,,,
2023,Best British Short Animation,,Wild Summon,,,Saul Freed,FALSE,,,
2023,Best British Short Animation,,Wild Summon,,,Jay Woolley,FALSE,,,
2023,Best British Short Animation,,Crab Day,,,Ross Stringer,TRUE,,,
2023,Best British Short Film,,Yellow,,,Azeem Bhati,FALSE,,,
2023,Best British Short Film,,Yellow,,,Yiannis Manolopoulos,FALSE,,,
2023,Best British Short Film,,Festival of Slaps,,,Abdou Cissé,FALSE,,,
2023,Best British Short Film,,Festival of Slaps,,,Cheri Darbon,FALSE,,,
2023,Best British Short Film,,Festival of Slaps,,,George Telfer,FALSE,,,
2023,Best British Short Film,,Gorka,,,Joe Weiland,FALSE,,,
2023,Best British Short Film,,Gorka,,,Alex Jefferson,FALSE,,,
2023,Best British Short Film,,Jellyfish and Lobster,,,Yasmin Afifi,TRUE,,,
2023,Best British Short Film,,Jellyfish and Lobster,,,Elizabeth Rufai,TRUE,,,
2023,Best British Short Film,,Yellow,,,Dina Mousawi,FALSE,,,
2023,Best British Short Film,,Such a Lovely Day,,,Kate Phibbs,FALSE,,,
2023,Best British Short Film,,Such a Lovely Day,,,Simon Woods,FALSE,,,
2023,Best British Short Film,,Such a Lovely Day,,,Polly Stokes,FALSE,,,
2023,Best British Short Film,,Such a Lovely Day,,,Emma Norton,FALSE,,,
2023,Best British Short Film,,Yellow,,,Elham Ehsas,FALSE,,,
2023,Best Casting,,Killers of the Flower Moon,,,Ellen Lewis,FALSE,,,
2023,Best Casting,,All of Us Strangers,,,Kahleen Crawford,FALSE,,,
2023,Best Casting,,The Holdovers,,,Susan Shopmaker,TRUE,,,
2023,Best Casting,,Killers of the Flower Moon,,,Rene Haynes,FALSE,,,
2023,Best Casting,,Anatomy of a Fall,,,Cynthia Arra,FALSE,,,
2023,Best Casting,,How to Have Sex,,,Isabella Odoffin,FALSE,,,
2023,Best Cinematography,Cinematography,Killers of the Flower Moon,,,Rodrigo Prieto,FALSE,,,
2023,Best Cinematography,Cinematography,Oppenheimer,,,Hoyte van Hoytema,TRUE,,,
2023,Best Cinematography,Cinematography,Poor Things,,,Robbie Ryan,FALSE,,,
2023,Best Cinematography,Cinematography,Maestro,,,Matthew Libatique,FALSE,,,
2023,Best Cinematography,Cinematography,The Zone of Interest,,,Łukasz Żal,FALSE,,,
2023,Best Costume Design,Costuming,Killers of the Flower Moon,,,Jacqueline West,FALSE,,,
2023,Best Costume Design,Costuming,Napoleon,,,David Crossman,FALSE,,,
2023,Best Costume Design,Costuming,Napoleon,,,Janty Yates,FALSE,,,
2023,Best Costume Design,Costuming,Oppenheimer,,,Ellen Mirojnick,FALSE,,,
2023,Best Costume Design,Costuming,Poor Things,,,Holly Waddington,TRUE,,,
2023,Best Costume Design,Costuming,Barbie,,,Jacqueline Durran,FALSE,,,
2023,Best Director,Directing,Maestro,,,Bradley Cooper,FALSE,,,
2023,Best Director,Directing,The Zone of Interest,,,Jonathan Glazer,FALSE,,,
2023,Best Director,Directing,All of Us Strangers,,,Andrew Haigh,FALSE,,,
2023,Best Director,Directing,Oppenheimer,,,Christopher Nolan,TRUE,,,
2023,Best Director,Directing,The Holdovers,,,Alexander Payne,FALSE,,,
2023,Best Director,Directing,Anatomy of a Fall,,,Justine Triet,FALSE,,,
2023,Best Documentary,Documentary Film,American Symphony,,,Matthew Heineman,FALSE,,,
2023,Best Documentary,Documentary Film,American Symphony,,,Lauren Domino,FALSE,,,
2023,Best Documentary,Documentary Film,American Symphony,,,Joedan Okun,FALSE,,,
2023,Best Documentary,Documentary Film,Beyond Utopia,,,Madeleine Gavin,FALSE,,,
2023,Best Documentary,Documentary Film,20 Days in Mariupol,,,Raney Aronson-Rath,TRUE,,,
2023,Best Documentary,Documentary Film,Still: A Michael J. Fox Movie,,,Jonathan King,FALSE,,,
2023,Best Documentary,Documentary Film,Beyond Utopia,,,Rachel Cohen,FALSE,,,
2023,Best Documentary,Documentary Film,20 Days in Mariupol,,,Mstyslav Chernov,TRUE,,,
2023,Best Documentary,Documentary Film,Still: A Michael J. Fox Movie,,,Davis Guggenheim,FALSE,,,
2023,Best Documentary,Documentary Film,Still: A Michael J. Fox Movie,,,Annetta Marion,FALSE,,,
2023,Best Documentary,Documentary Film,Wham!,,,Chris Smith,FALSE,,,
2023,Best Documentary,Documentary Film,Beyond Utopia,,,Jana Edelbaum,FALSE,,,
2023,Best Editing,Film Editing,Killers of the Flower Moon,,,Thelma Schoonmaker,FALSE,,,
2023,Best Editing,Film Editing,Oppenheimer,,,Jennifer Lame,TRUE,,,
2023,Best Editing,Film Editing,Poor Things,,,Yorgos Mavropsaridis,FALSE,,,
2023,Best Editing,Film Editing,Anatomy of a Fall,,,Laurent Sénéchal,FALSE,,,
2023,Best Editing,Film Editing,The Zone of Interest,,,Paul Watts,FALSE,,,
2023,Best Film,Live-Action Feature-Length Film,Oppenheimer,,,Christopher Nolan,TRUE,,,
2023,Best Film,Live-Action Feature-Length Film,Oppenheimer,,,Charles Roven,TRUE,,,
2023,Best Film,Live-Action Feature-Length Film,Oppenheimer,,,Emma Thomas,TRUE,,,
2023,Best Film,Live-Action Feature-Length Film,Poor Things,,,Ed Guiney,FALSE,,,
2023,Best Film,Live-Action Feature-Length Film,Killers of the Flower Moon,,,Bradley Thomas,FALSE,,,
2023,Best Film,Live-Action Feature-Length Film,Poor Things,,,Yorgos Lanthimos,FALSE,,,
2023,Best Film,Live-Action Feature-Length Film,Anatomy of a Fall,,,Marie-Ange Luciani,FALSE,,,
2023,Best Film,Live-Action Feature-Length Film,Poor Things,,,Emma Stone,FALSE,,,
2023,Best Film,Live-Action Feature-Length Film,Anatomy of a Fall,,,David Thion,FALSE,,,
2023,Best Film,Live-Action Feature-Length Film,The Holdovers,,,Mark Johnson,FALSE,,,
2023,Best Film,Live-Action Feature-Length Film,Killers of the Flower Moon,,,Dan Friedkin,FALSE,,,
2023,Best Film,Live-Action Feature-Length Film,Killers of the Flower Moon,,,Daniel Lupi,FALSE,,,
2023,Best Film,Live-Action Feature-Length Film,Killers of the Flower Moon,,,Martin Scorsese,FALSE,,,
2023,Best Film,Live-Action Feature-Length Film,Poor Things,,,Andrew Lowe,FALSE,,,
2023,Best Film Not in the English Language,International Feature-Length Film,Anatomy of a Fall,,,Justine Triet,FALSE,,,
2023,Best Film Not in the English Language,International Feature-Length Film,Past Lives,,,David Hinojosa,FALSE,,,
2023,Best Film Not in the English Language,International Feature-Length Film,Anatomy of a Fall,,,Marie-Ange Luciani,FALSE,,,
2023,Best Film Not in the English Language,International Feature-Length Film,Anatomy of a Fall,,,David Thion,FALSE,,,
2023,Best Film Not in the English Language,International Feature-Length Film,Past Lives,,,Celine Song,FALSE,,,
2023,Best Film Not in the English Language,International Feature-Length Film,20 Days in Mariupol,,,Raney Aronson-Rath,FALSE,,,
2023,Best Film Not in the English Language,International Feature-Length Film,Society of the Snow,,,Belén Atienza,FALSE,,,
2023,Best Film Not in the English Language,International Feature-Length Film,Past Lives,,,Pamela Koffler,FALSE,,,
2023,Best Film Not in the English Language,International Feature-Length Film,20 Days in Mariupol,,,Mstyslav Chernov,FALSE,,,
2023,Best Film Not in the English Language,International Feature-Length Film,Society of the Snow,,,J. A. Bayona,FALSE,,,
2023,Best Film Not in the English Language,International Feature-Length Film,The Zone of Interest,,,Jonathan Glazer,TRUE,,,
2023,Best Film Not in the English Language,International Feature-Length Film,The Zone of Interest,,,James Wilson,TRUE,,,
2023,Best Film Not in the English Language,International Feature-Length Film,Past Lives,,,Christine Vachon,FALSE,,,
2023,Best Make Up & Hair,Make-Up & Hairstyling,Maestro,,,Siân Grigg,FALSE,,,
2023,Best Make Up & Hair,Make-Up & Hairstyling,Maestro,,,Kay Georgiou,FALSE,,,
2023,Best Make Up & Hair,Make-Up & Hairstyling,Maestro,,,Kazu Hiro,FALSE,,,
2023,Best Make Up & Hair,Make-Up & Hairstyling,Maestro,,,Lori McCoy-Bell,FALSE,,,
2023,Best Make Up & Hair,Make-Up & Hairstyling,Napoleon,,,Jana Carboni,FALSE,,,
2023,Best Make Up & Hair,Make-Up & Hairstyling,Napoleon,,,Francesco Pegoretti,FALSE,,,
2023,Best Make Up & Hair,Make-Up & Hairstyling,Napoleon,,,Satinder Chumber,FALSE,,,
2023,Best Make Up & Hair,Make-Up & Hairstyling,Napoleon,,,Julia Vernon,FALSE,,,
2023,Best Make Up & Hair,Make-Up & Hairstyling,Oppenheimer,,,Luisa Abel,FALSE,,,
2023,Best Make Up & Hair,Make-Up & Hairstyling,Oppenheimer,,,Jaime Leigh McIntosh,FALSE,,,
2023,Best Make Up & Hair,Make-Up & Hairstyling,Oppenheimer,,,Jason Hamer,FALSE,,,
2023,Best Make Up & Hair,Make-Up & Hairstyling,Oppenheimer,,,Ahou Mofid,FALSE,,,
2023,Best Make Up & Hair,Make-Up & Hairstyling,Poor Things,,,Nadia Stacey,TRUE,,,
2023,Best Make Up & Hair,Make-Up & Hairstyling,Poor Things,,,Mark Coulier,TRUE,,,
2023,Best Make Up & Hair,Make-Up & Hairstyling,Killers of the Flower Moon,,,Kay Georgiou,FALSE,,,
2023,Best Make Up & Hair,Make-Up & Hairstyling,Killers of the Flower Moon,,,Thomas Nellen,FALSE,,,
2023,Best Make Up & Hair,Make-Up & Hairstyling,Poor Things,,,Josh Weston,TRUE,,,
2023,Best Original Score,Original Score,Killers of the Flower Moon,,,Robbie Robertson,FALSE,,,
2023,Best Original Score,Original Score,Oppenheimer,,,Ludwig Göransson,TRUE,,,
2023,Best Original Score,Original Score,Poor Things,,,Jerskin Fendrix,FALSE,,,
2023,Best Original Score,Original Score,Saltburn,,,Anthony Willis,FALSE,,,
2023,Best Original Score,Original Score,Spider-Man: Across the Spider-Verse,,,Daniel Pemberton,FALSE,,,
2023,Best Original Screenplay,Screenplay (Original),Barbie,,,Greta Gerwig,FALSE,,,
2023,Best Original Screenplay,Screenplay (Original),Maestro,,,Josh Singer,FALSE,,,
2023,Best Original Screenplay,Screenplay (Original),Barbie,,,Noah Baumbach,FALSE,,,
2023,Best Original Screenplay,Screenplay (Original),The Holdovers,,,David Hemingson,FALSE,,,
2023,Best Original Screenplay,Screenplay (Original),Maestro,,,Bradley Cooper,FALSE,,,
2023,Best Original Screenplay,Screenplay (Original),Anatomy of a Fall,,,Arthur Harari,TRUE,,,
2023,Best Original Screenplay,Screenplay (Original),Past Lives,,,Celine Song,FALSE,,,
2023,Best Original Screenplay,Screenplay (Original),Anatomy of a Fall,,,Justine Triet,TRUE,,,
2023,Best Production Design,Art Direction,Barbie,,,Sarah Greenwood,FALSE,,,
2023,Best Production Design,Art Direction,Barbie,,,Katie Spencer,FALSE,,,
2023,Best Production Design,Art Direction,Killers of the Flower Moon,,,Adam Willis,FALSE,,,
2023,Best Production Design,Art Direction,Oppenheimer,,,Ruth De Jong,FALSE,,,
2023,Best Production Design,Art Direction,Oppenheimer,,,Claire Kaufman,FALSE,,,
2023,Best Production Design,Art Direction,Killers of the Flower Moon,,,Jack Fisk,FALSE,,,
2023,Best Production Design,Art Direction,Poor Things,,,James Price,TRUE,,,
2023,Best Production Design,Art Direction,Poor Things,,,Zsuzsa Mihalek,TRUE,,,
2023,Best Production Design,Art Direction,The Zone of Interest,,,Chris Oddy,FALSE,,,
2023,Best Production Design,Art Direction,The Zone of Interest,,,Joanna Maria Kuś,FALSE,,,
2023,Best Production Design,Art Direction,The Zone of Interest,,,Katarzyna Sikora,FALSE,,,
2023,Best Production Design,Art Direction,Poor Things,,,Shona Heath,TRUE,,,
2023,Best Sound,Sound Mixing,Ferrari,,,Tony Lamberti,FALSE,,,
2023,Best Sound,Sound Mixing,Ferrari,,,Andy Nelson,FALSE,,,
2023,Best Sound,Sound Mixing,Ferrari,,,Lee Orloff,FALSE,,,
2023,Best Sound,Sound Mixing,Ferrari,,,Angelo Bonanni,FALSE,,,
2023,Best Sound,Sound Mixing,Maestro,,,Richard King,FALSE,,,
2023,Best Sound,Sound Mixing,Maestro,,,Steve Morrow,FALSE,,,
2023,Best Sound,Sound Mixing,Maestro,,,Tom Ozanich,FALSE,,,
2023,Best Sound,Sound Mixing,Ferrari,,,Bernard Weiser,FALSE,,,
2023,Best Sound,Sound Mixing,Maestro,,,Dean Zupancic,FALSE,,,
2023,Best Sound,Sound Mixing,Mission: Impossible - Dead Reckoning Part One,,,Chris Burdon,FALSE,,,
2023,Best Sound,Sound Mixing,Mission: Impossible - Dead Reckoning Part One,,,James H. Mather,FALSE,,,
2023,Best Sound,Sound Mixing,Mission: Impossible - Dead Reckoning Part One,,,Chris Munro,FALSE,,,
2023,Best Sound,Sound Mixing,Mission: Impossible - Dead Reckoning Part One,,,Mark Taylor,FALSE,,,
2023,Best Sound,Sound Mixing,Oppenheimer,,,Willie Burton,FALSE,,,
2023,Best Sound,Sound Mixing,Oppenheimer,,,Richard King,FALSE,,,
2023,Best Sound,Sound Mixing,Oppenheimer,,,Kevin O'Connell,FALSE,,,
2023,Best Sound,Sound Mixing,Oppenheimer,,,Gary A. Rizzo,FALSE,,,
2023,Best Sound,Sound Mixing,The Zone of Interest,,,Johnnie Burn,TRUE,,,
2023,Best Sound,Sound Mixing,The Zone of Interest,,,Tarn Willers,TRUE,,,
2023,Best Sound,Sound Mixing,Maestro,,,Jason Ruder,FALSE,,,
2023,Best Special Visual Effects,Effects,The Creator,,,Jonathan Bullock,FALSE,,,
2023,Best Special Visual Effects,Effects,The Creator,,,Ian Comley,FALSE,,,
2023,Best Special Visual Effects,Effects,The Creator,,,Jay Cooper,FALSE,,,
2023,Best Special Visual Effects,Effects,Guardians of the Galaxy Vol. 3,,,Theo Bialek,FALSE,,,
2023,Best Special Visual Effects,Effects,Guardians of the Galaxy Vol. 3,,,Stephane Ceretti,FALSE,,,
2023,Best Special Visual Effects,Effects,Guardians of the Galaxy Vol. 3,,,Alexis Wajsbrot,FALSE,,,
2023,Best Special Visual Effects,Effects,Guardians of the Galaxy Vol. 3,,,Guy Williams,FALSE,,,
2023,Best Special Visual Effects,Effects,Mission: Impossible - Dead Reckoning Part One,,,Neil Corbould,FALSE,,,
2023,Best Special Visual Effects,Effects,Mission: Impossible - Dead Reckoning Part One,,,Simone Coco,FALSE,,,
2023,Best Special Visual Effects,Effects,Mission: Impossible - Dead Reckoning Part One,,,Jeff Sutherland,FALSE,,,
2023,Best Special Visual Effects,Effects,Mission: Impossible - Dead Reckoning Part One,,,Alex Wuttke,FALSE,,,
2023,Best Special Visual Effects,Effects,Napoleon,,,Henry Badgett,FALSE,,,
2023,Best Special Visual Effects,Effects,Napoleon,,,Neil Corbould,FALSE,,,
2023,Best Special Visual Effects,Effects,The Creator,,,Charmaine Chan,FALSE,,,
2023,Best Special Visual Effects,Effects,Napoleon,,,Luc-Ewen Martin-Fenouillet,FALSE,,,
2023,Best Special Visual Effects,Effects,Poor Things,,,Tim Barter,TRUE,,,
2023,Best Special Visual Effects,Effects,Poor Things,,,Simon Hughes,TRUE,,,
2023,Best Special Visual Effects,Effects,Poor Things,,,Dean koonjul,TRUE,,,
2023,Best Special Visual Effects,Effects,Poor Things,,,Jane Paton,TRUE,,,
2023,Best Special Visual Effects,Effects,Napoleon,,,Charley Henley,FALSE,,,
2023,EE Rising Star Award,,,,,Phoebe Dynevor,FALSE,,,
2023,EE Rising Star Award,,,,,Ayo Edebiri,FALSE,,,
2023,EE Rising Star Award,,,,,Jacob Elordi,FALSE,,,
2023,EE Rising Star Award,,,,,Mia McKenna-Bruce,FALSE,,,
2023,EE Rising Star Award,,,,,Sophie Wilde,FALSE,,,
2023,Outstanding British Film,,All of Us Strangers,,,Andrew Haigh,FALSE,,,
2023,Outstanding British Film,,All of Us Strangers,,,Graham Broadbent,FALSE,,,
2023,Outstanding British Film,,All of Us Strangers,,,Pete Czernin,FALSE,,,
2023,Outstanding British Film,,How to Have Sex,,,Molly Manning Walker,FALSE,,,
2023,Outstanding British Film,,How to Have Sex,,,Emily Leo,FALSE,,,
2023,Outstanding British Film,,How to Have Sex,,,Ivana MacKinnon,FALSE,,,
2023,Outstanding British Film,,All of Us Strangers,,,Sarah Harvey,FALSE,,,
2023,Outstanding British Film,,Napoleon,,,Ridley Scott,FALSE,,,
2023,Outstanding British Film,,Napoleon,,,Mark Huffam,FALSE,,,
2023,Outstanding British Film,,Napoleon,,,Kevin J. Walsh,FALSE,,,
2023,Outstanding British Film,,How to Have Sex,,,Konstantinos Kontovrakis,FALSE,,,
2023,Outstanding British Film,,The Old Oak,,,Ken Loach,FALSE,,,
2023,Outstanding British Film,,The Old Oak,,,Rebecca O'Brien,FALSE,,,
2023,Outstanding British Film,,The Old Oak,,,Paul Laverty,FALSE,,,
2023,Outstanding British Film,,Poor Things,,,Yorgos Lanthimos,FALSE,,,
2023,Outstanding British Film,,Poor Things,,,Ed Guiney,FALSE,,,
2023,Outstanding British Film,,Poor Things,,,Andrew Lowe,FALSE,,,
2023,Outstanding British Film,,Poor Things,,,Emma Stone,FALSE,,,
2023,Outstanding British Film,,Poor Things,,,Tony McNamara,FALSE,,,
2023,Outstanding British Film,,Rye Lane,,,Raine Allen-Miller,FALSE,,,
2023,Outstanding British Film,,Rye Lane,,,Yvonne Isimeme Ibazebo,FALSE,,,
2023,Outstanding British Film,,Rye Lane,,,Damian Jones,FALSE,,,
2023,Outstanding British Film,,Rye Lane,,,Nathan Bryon,FALSE,,,
2023,Outstanding British Film,,Napoleon,,,David Scarpa,FALSE,,,
2023,Outstanding British Film,,Saltburn,,,Emerald Fennell,FALSE,,,
2023,Outstanding British Film,,Saltburn,,,Josey McNamara,FALSE,,,
2023,Outstanding British Film,,Saltburn,,,Margot Robbie,FALSE,,,
2023,Outstanding British Film,,Scrapper,,,Charlotte Regan,FALSE,,,
2023,Outstanding British Film,,Scrapper,,,Theo Barrowclough,FALSE,,,
2023,Outstanding British Film,,Wonka,,,Paul King,FALSE,,,
2023,Outstanding British Film,,Wonka,,,Alexandra Derbyshire,FALSE,,,
2023,Outstanding British Film,,Wonka,,,David Heyman,FALSE,,,
2023,Outstanding British Film,,Wonka,,,Simon Farnaby,FALSE,,,
2023,Outstanding British Film,,The Zone of Interest,,,Jonathan Glazer,TRUE,,,
2023,Outstanding British Film,,The Zone of Interest,,,James Wilson,TRUE,,,
2023,Outstanding British Film,,Rye Lane,,,Tom Melia,FALSE,,,
2023,"Outstanding Debut by a British Writer, Director or Producer",,Blue Bag Life,,,Lisa Selby,FALSE,Director,,
2023,"Outstanding Debut by a British Writer, Director or Producer",,Blue Bag Life,,,Rebecca Lloyd-Evans,FALSE,Director,,
2023,"Outstanding Debut by a British Writer, Director or Producer",,Blue Bag Life,,,Alex Fry,FALSE,Director,,
2023,"Outstanding Debut by a British Writer, Director or Producer",,Bobi Wine: The People's President,,,Christopher Sharp,FALSE,Director,,
2023,"Outstanding Debut by a British Writer, Director or Producer",,Earth Mama,,,Savanah Leaf,TRUE,Writer,,
2023,"Outstanding Debut by a British Writer, Director or Producer",,Earth Mama,,,Savanah Leaf,TRUE,Director,,
2023,"Outstanding Debut by a British Writer, Director or Producer",,Earth Mama,,,Savanah Leaf,TRUE,Producer,,
2023,"Outstanding Debut by a British Writer, Director or Producer",,Earth Mama,,,Shirley o'Connor,TRUE,Producer,,
2023,"Outstanding Debut by a British Writer, Director or Producer",,Earth Mama,,,Medb Riordan,TRUE,Producer,,
2023,"Outstanding Debut by a British Writer, Director or Producer",,How to Have Sex,,,Molly Manning Walker,FALSE,Writer,,
2023,"Outstanding Debut by a British Writer, Director or Producer",,How to Have Sex,,,Molly Manning Walker,FALSE,Director,,
2023,"Outstanding Debut by a British Writer, Director or Producer",,Is There Anybody Out There?,,,Ella Glendining,FALSE,Director,,
2022,Best Actor in a Leading Role,Actor in a Leading Role,Elvis,,,Austin Butler,TRUE,,,Elvis Presley
2022,Best Actor in a Leading Role,Actor in a Leading Role,The Banshees of Inisherin,,,Colin Farrell,FALSE,,,Pádraic Súilleabháin
2022,Best Actor in a Leading Role,Actor in a Leading Role,The Whale,,,Brendan Fraser,FALSE,,,Charlie
2022,Best Actor in a Leading Role,Actor in a Leading Role,"Good Luck to You, Leo Grande",,,Daryl McCormack,FALSE,,,Leo Grande / Connor
2022,Best Actor in a Leading Role,Actor in a Leading Role,Aftersun,,,Paul Mescal,FALSE,,,Calum Paterson
2022,Best Actor in a Leading Role,Actor in a Leading Role,Living,,,Bill Nighy,FALSE,,,Mr. Williams
2022,Best Actor in a Supporting Role,Actor in a Supporting Role,The Banshees of Inisherin,,,Barry Keoghan,TRUE,,,Dominic Kearney
2022,Best Actor in a Supporting Role,Actor in a Supporting Role,The Banshees of Inisherin,,,Brendan Gleeson,FALSE,,,Colm Doherty
2022,Best Actor in a Supporting Role,Actor in a Supporting Role,Everything Everywhere All at Once,,,Ke Huy Quan,FALSE,,,Waymond Wang
2022,Best Actor in a Supporting Role,Actor in a Supporting Role,The Good Nurse,,,Eddie Redmayne,FALSE,,,Charlie Cullen
2022,Best Actor in a Supporting Role,Actor in a Supporting Role,All Quiet on the Western Front,Im Westen Nichts Neues,,Albrecht Schuch,FALSE,,,"Stanislaus ""Kat"" Katczinsky"
2022,Best Actor in a Supporting Role,Actor in a Supporting Role,Empire of Light,,,Michael Ward,FALSE,,,Stephen
2022,Best Actress in a Leading Role,Actress in a Leading Role,Tár,,,Cate Blanchett,TRUE,,,Lydia Tár
2022,Best Actress in a Leading Role,Actress in a Leading Role,The Woman King,,,Viola Davis,FALSE,,,General Nanisca
2022,Best Actress in a Leading Role,Actress in a Leading Role,Blonde,,,Ana de Armas,FALSE,,,Norma Jeane Mortensen / Marilyn Monroe
2022,Best Actress in a Leading Role,Actress in a Leading Role,"Good Luck to You, Leo Grande",,,Emma Thomspon,FALSE,,,Nancy Stokes / Susan Robinson
2022,Best Actress in a Leading Role,Actress in a Leading Role,Everything Everywhere All at Once,,,Michelle Yeoh,FALSE,,,Evelyn Quan Wang
2022,Best Actress in a Leading Role,Actress in a Leading Role,Till,,,Danielle Deadwyler,FALSE,,,Mamie Till-Mobley
2022,Best Actress in a Supporting Role,Actress in a Supporting Role,The Banshees of Inisherin,,,Kerry Condon,TRUE,,,Siobhán Súilleabháin
2022,Best Actress in a Supporting Role,Actress in a Supporting Role,She Said,,,Carey Mulligan,FALSE,,,Megan Twohey
2022,Best Actress in a Supporting Role,Actress in a Supporting Role,Black Panther: Wakanda Forever,,,Angela Bassett,FALSE,,,Queen Ramonda
2022,Best Actress in a Supporting Role,Actress in a Supporting Role,The Whale,,,Hong Chau,FALSE,,,Liz
2022,Best Actress in a Supporting Role,Actress in a Supporting Role,Everything Everywhere All at Once,,,Jamie Lee Curtis,FALSE,,,Deirdre Beaubeirdre
2022,Best Actress in a Supporting Role,Actress in a Supporting Role,Triangle of Sadness,,,Dolly de Leon,FALSE,,,Abigail
2022,Best Adapted Screenplay,Screenplay (Adapted),All Quiet on the Western Front,Im Westen Nichts Neues,,Edward Berger,TRUE,,All Quiet on the Western Front by Erich Maria Remarque,
2022,Best Adapted Screenplay,Screenplay (Adapted),All Quiet on the Western Front,Im Westen Nichts Neues,,Lesley Paterson,TRUE,,All Quiet on the Western Front by Erich Maria Remarque,
2022,Best Adapted Screenplay,Screenplay (Adapted),All Quiet on the Western Front,Im Westen Nichts Neues,,Ian Stokell,TRUE,,All Quiet on the Western Front by Erich Maria Remarque,
2022,Best Adapted Screenplay,Screenplay (Adapted),Living,,,Kazuo Ishiguro,FALSE,,"Ikiru by Akira Kurosawa, Shinobu Hashimoto, and Hideo Oguni",
2022,Best Adapted Screenplay,Screenplay (Adapted),The Quiet Girl,,,Colm Bairéad,FALSE,,Foster by Claire Keegan,
2022,Best Adapted Screenplay,Screenplay (Adapted),She Said,,,Rebecca Lenkiewicz,FALSE,,She Said by Jodi Kantor and Megan Twohey,
2022,Best Adapted Screenplay,Screenplay (Adapted),The Whale,,,Samuel D. Hunter,FALSE,,The Whale by Samuel D. Hunter,
2022,Best Animated Film,Animated Feature-Length Film,Guillermo del Toro's 'Pinocchio',,"United States, Mexico",Guillermo del Toro,TRUE,Director,,
2022,Best Animated Film,Animated Feature-Length Film,Guillermo del Toro's 'Pinocchio',,"United States, Mexico",Mark Gustafson,TRUE,Director,,
2022,Best Animated Film,Animated Feature-Length Film,Guillermo del Toro's 'Pinocchio',,"United States, Mexico",Gary Ungr,TRUE,Producer,,
2022,Best Animated Film,Animated Feature-Length Film,Guillermo del Toro's 'Pinocchio',,"United States, Mexico",Alex Bulkley,TRUE,Producer,,
2022,Best Animated Film,Animated Feature-Length Film,Marcel the Shell with Shoes On,,United States,Dean Fleischer Camp,FALSE,Director,,
2022,Best Animated Film,Animated Feature-Length Film,Marcel the Shell with Shoes On,,United States,Andrew Goldman,FALSE,Producer,,
2022,Best Animated Film,Animated Feature-Length Film,Marcel the Shell with Shoes On,,United States,Elisabeth Holm,FALSE,Producer,,
2022,Best Animated Film,Animated Feature-Length Film,Marcel the Shell with Shoes On,,United States,Caroline Kaplan,FALSE,Producer,,
2022,Best Animated Film,Animated Feature-Length Film,Marcel the Shell with Shoes On,,United States,Paul Mezey,FALSE,Producer,,
2022,Best Animated Film,Animated Feature-Length Film,Puss in Boots: The Last Wish,,United States,Joel Crawford,FALSE,Director,,
2022,Best Animated Film,Animated Feature-Length Film,Puss in Boots: The Last Wish,,United States,Mark Swift,FALSE,Producer,,
2022,Best Animated Film,Animated Feature-Length Film,Turning Red,,United States,Domee Shi,FALSE,Director,,
2022,Best Animated Film,Animated Feature-Length Film,Turning Red,,United States,Lindsey Collins,FALSE,Producer,,
2022,Best Casting,,Elvis,,,Nikki Barrett,TRUE,,,
2022,Best Casting,,Elvis,,,Denise Chamian,TRUE,,,
2022,Best Casting,,Aftersun,,,Lucy Pardee,FALSE,,,
2022,Best Casting,,All Quiet on the Western Front,Im Westen Nichts Neues,,Simone Bär,FALSE,,,
2022,Best Casting,,Everything Everywhere All at Once,,,Sarah Halley Finn,FALSE,,,
2022,Best Casting,,Triangle of Sadness,,,Pauline Hansson,FALSE,,,
2022,Best Cinematography,Cinematography,All Quiet on the Western Front,Im Westen Nichts Neues,,James Friend,TRUE,,,
2022,Best Cinematography,Cinematography,The Batman,,,Greig Fraser,FALSE,,,
2022,Best Cinematography,Cinematography,Elvis,,,Mandy Walker,FALSE,,,
2022,Best Cinematography,Cinematography,Empire of Light,,,Roger Deakins,FALSE,,,
2022,Best Cinematography,Cinematography,Top Gun: Maverick,,,Claudio Miranda,FALSE,,,
2022,Best Costume Design,Costuming,Elvis,,,Catherine Martin,TRUE,,,
2022,Best Costume Design,Costuming,All Quiet on the Western Front,Im Westen Nichts Neues,,Lisy Christi,FALSE,,,
2022,Best Costume Design,Costuming,Amsterdam,,,J. R. Hawbaker,FALSE,,,
2022,Best Costume Design,Costuming,Amsterdam,,,Albert Wolsky,FALSE,,,
2022,Best Costume Design,Costuming,Babylon,,,Mary Zophres,FALSE,,,
2022,Best Costume Design,Costuming,Mrs. Harris Goes to Paris,,,Jenny Beavan,FALSE,,,
2022,Best Direction,Director,All Quiet on the Western Front,Im Westen Nichts Neues,,Edward Berger,TRUE,,,
2022,Best Direction,Director,Decision to Leave,"헤어질 결심, 헤어질 決心",,Chan-wook Park,FALSE,,,
2022,Best Direction,Director,Tár,,,Todd Field,FALSE,,,
2022,Best Direction,Director,Everything Everywhere All at Once,,,Daniel Kwan,FALSE,,,
2022,Best Direction,Director,Everything Everywhere All at Once,,,Daniel Scheinert,FALSE,,,
2022,Best Direction,Director,The Banshees of Inisherin,,,Martin McDonagh,FALSE,,,
2022,Best Direction,Director,The Woman King,,,Gina Prince-Bythewood,FALSE,,,
2022,Best Documentary,Documentary Film,Navalny,,,Daniel Roher,TRUE,,,
2022,Best Documentary,Documentary Film,Navalny,,,Diane Becker,TRUE,,,
2022,Best Documentary,Documentary Film,Navalny,,,Shane Boris,TRUE,,,
2022,Best Documentary,Documentary Film,Navalny,,,Melanie Miller,TRUE,,,
2022,Best Documentary,Documentary Film,Navalny,,,Odessa Rae,TRUE,,,
2022,Best Documentary,Documentary Film,All That Breathes,,,Shaunak Sen,FALSE,,,
2022,Best Documentary,Documentary Film,All That Breathes,,,Teddy Leifer,FALSE,,,
2022,Best Documentary,Documentary Film,All That Breathes,,,Arnan Mann,FALSE,,,
2022,Best Documentary,Documentary Film,All the Beauty and the Bloodshed,,,Laura Poitras,FALSE,,,
2022,Best Documentary,Documentary Film,All the Beauty and the Bloodshed,,,Howard Gertler,FALSE,,,
2022,Best Documentary,Documentary Film,All the Beauty and the Bloodshed,,,Nan Goldin,FALSE,,,
2022,Best Documentary,Documentary Film,All the Beauty and the Bloodshed,,,Yoni Golijov,FALSE,,,
2022,Best Documentary,Documentary Film,All the Beauty and the Bloodshed,,,John Lyons,FALSE,,,
2022,Best Documentary,Documentary Film,Fire of Love,,,Sara Dosa,FALSE,,,
2022,Best Documentary,Documentary Film,Fire of Love,,,Shane Boris,FALSE,,,
2022,Best Documentary,Documentary Film,Fire of Love,,,Ina Fichman,FALSE,,,
2022,Best Documentary,Documentary Film,Moonage Daydream,,,Brett Morgan,FALSE,,,
2022,Best Editing,Film Editing,Everything Everywhere All at Once,,,Paul Rogers,TRUE,,,
2022,Best Editing,Film Editing,All Quiet on the Western Front,Im Westen Nichts Neues,,Sven Budelmann,FALSE,,,
2022,Best Editing,Film Editing,The Banshees of Inisherin,,,Mikkel E. G. Nielsen,FALSE,,,
2022,Best Editing,Film Editing,Elvis,,,Jonathan Redmond,FALSE,,,
2022,Best Editing,Film Editing,Elvis,,,Matt Villa,FALSE,,,
2022,Best Editing,Film Editing,Top Gun: Maverick,,,Eddie Hamilton,FALSE,,,
2022,Best Film,Live-Action Feature-Length Film,All Quiet on the Western Front,Im Westen Nichts Neues,"Germany
United States",Malte Grunert,TRUE,Producer,,
2022,Best Film,Live-Action Feature-Length Film,All Quiet on the Western Front,Im Westen Nichts Neues,"Germany
United States",Edward Berger,TRUE,Director,,
2022,Best Film,Live-Action Feature-Length Film,The Banshees of Inisherin,,"Ireland
United Kingdom
United States",Graham Broadbent,FALSE,Producer,,
2022,Best Film,Live-Action Feature-Length Film,The Banshees of Inisherin,,"Ireland
United Kingdom
United States",Peter Czernin,FALSE,Producer,,
2022,Best Film,Live-Action Feature-Length Film,The Banshees of Inisherin,,"Ireland
United Kingdom
United States",Martin McDonagh,FALSE,Producer,,
2022,Best Film,Live-Action Feature-Length Film,The Banshees of Inisherin,,"Ireland
United Kingdom
United States",Martin McDonagh,FALSE,Director,,
2022,Best Film,Live-Action Feature-Length Film,Elvis,,"Australia
United States",Gail Berman,FALSE,Producer,,
2022,Best Film,Live-Action Feature-Length Film,Elvis,,"Australia
United States",Baz Luhrmann,FALSE,Producer,,
2022,Best Film,Live-Action Feature-Length Film,Elvis,,"Australia
United States",Baz Luhrmann,FALSE,Director,,
2022,Best Film,Live-Action Feature-Length Film,Elvis,,"Australia
United States",Catherine Martin,FALSE,Producer,,
2022,Best Film,Live-Action Feature-Length Film,Elvis,,"Australia
United States",Patrick McCormick,FALSE,Producer,,
2022,Best Film,Live-Action Feature-Length Film,Elvis,,"Australia
United States",Schuyler Weiss,FALSE,Producer,,
2022,Best Film,Live-Action Feature-Length Film,Everything Everywhere All at Once,,United States,Daniel Kwan,FALSE,Producer,,
2022,Best Film,Live-Action Feature-Length Film,Everything Everywhere All at Once,,United States,Daniel Kwan,FALSE,Director,,
2022,Best Film,Live-Action Feature-Length Film,Everything Everywhere All at Once,,United States,Daniel Scheinert,FALSE,Producer,,
2022,Best Film,Live-Action Feature-Length Film,Everything Everywhere All at Once,,United States,Daniel Scheinert,FALSE,Director,,
2022,Best Film,Live-Action Feature-Length Film,Everything Everywhere All at Once,,United States,Jonathan Wang,FALSE,Producer,,
2022,Best Film,Live-Action Feature-Length Film,Tár,,"United States
Germany",Todd Field,FALSE,Director,,
2022,Best Film,Live-Action Feature-Length Film,Tár,,"United States
Germany",Todd Field,FALSE,Producer,,
2022,Best Film,Live-Action Feature-Length Film,Tár,,"United States
Germany",Scott Lambert,FALSE,Producer,,
2022,Best Film,Live-Action Feature-Length Film,Tár,,"United States
Germany",Alexandra Milchan,FALSE,Producer,,
2022,Best Film Not in the English Language,Foreign Film,All Quiet on the Western Front,Im Westen Nichts Neues,Germany,Edward Berger,TRUE,Director,,
2022,Best Film Not in the English Language,Foreign Film,All Quiet on the Western Front,Im Westen Nichts Neues,Germany,Edward Berger,TRUE,Producer,,
2022,Best Film Not in the English Language,Foreign Film,All Quiet on the Western Front,Im Westen Nichts Neues,Germany,Malte Grunert,TRUE,Producer,,
2022,Best Film Not in the English Language,Foreign Film,"Argentina, 1985",,Argentina,Santiago Mitre,FALSE,Director,,
2022,Best Film Not in the English Language,Foreign Film,"Argentina, 1985",,Argentina,Santiago Mitre,FALSE,Producer,,
2022,Best Film Not in the English Language,Foreign Film,Corsage,,"Austria
Germany
Luxembourg
France",Marie Kreutzer,FALSE,Director,,
2022,Best Film Not in the English Language,Foreign Film,Corsage,,"Austria
Germany
Luxembourg
France",Marie Kreutzer,FALSE,Producer,,
2022,Best Film Not in the English Language,Foreign Film,Decision to Leave,"헤어질 결심, 헤어질 決心",South Korea,Chan-wook Park,FALSE,Director,,
2022,Best Film Not in the English Language,Foreign Film,Decision to Leave,"헤어질 결심, 헤어질 決心",South Korea,Chan-wook Park,FALSE,Producer,,
2022,Best Film Not in the English Language,Foreign Film,Decision to Leave,"헤어질 결심, 헤어질 決心",South Korea,Dae-seok Ko,FALSE,Producer,,
2022,Best Film Not in the English Language,Foreign Film,The Quiet Girl,An Cailín Ciúin,Ireland,Colm Bairéad,FALSE,Director,,
2022,Best Film Not in the English Language,Foreign Film,The Quiet Girl,An Cailín Ciúin,Ireland,Colm Bairéad,FALSE,Producer,,
2022,Best Film Not in the English Language,Foreign Film,The Quiet Girl,An Cailín Ciúin,Ireland,Cleona Ní Chrualaoí,FALSE,Producer,,
2022,Best Make-up and Hair,Make-Up & Hairstyling,Elvis,,,Jason Baird,TRUE,,,
2022,Best Make-up and Hair,Make-Up & Hairstyling,Elvis,,,Mark Coulier,TRUE,,,
2022,Best Make-up and Hair,Make-Up & Hairstyling,Elvis,,,Louise Coulston,TRUE,,,
2022,Best Make-up and Hair,Make-Up & Hairstyling,Elvis,,,Shane Thomas,TRUE,,,
2022,Best Make-up and Hair,Make-Up & Hairstyling,All Quiet on the Western Front,Im Westen Nichts Neues,,Heike Merker,FALSE,,,
2022,Best Make-up and Hair,Make-Up & Hairstyling,The Batman,,,Naomi Donne,FALSE,,,
2022,Best Make-up and Hair,Make-Up & Hairstyling,The Batman,,,Mike Marino,FALSE,,,
2022,Best Make-up and Hair,Make-Up & Hairstyling,The Batman,,,Zoe Tahir,FALSE,,,
2022,Best Make-up and Hair,Make-Up & Hairstyling,Roald Dahl's 'Matilda': The Musical,,,Naomi Donne,FALSE,,,
2022,Best Make-up and Hair,Make-Up & Hairstyling,Roald Dahl's 'Matilda': The Musical,,,Barrie Gower,FALSE,,,
2022,Best Make-up and Hair,Make-Up & Hairstyling,Roald Dahl's 'Matilda': The Musical,,,Sharon Martin,FALSE,,,
2022,Best Make-up and Hair,Make-Up & Hairstyling,The Whale,,,Anne Marie Bradley,FALSE,,,
2022,Best Make-up and Hair,Make-Up & Hairstyling,The Whale,,,Judy Chin,FALSE,,,
2022,Best Make-up and Hair,Make-Up & Hairstyling,The Whale,,,Adrien Morot,FALSE,,,
2022,Best Original Music,Original Score,All Quiet on the Western Front,Im Westen Nichts Neues,,Volker Bertlemann,TRUE,,,
2022,Best Original Music,Original Score,Babylon,,,Justin Hurwitz,FALSE,,,
2022,Best Original Music,Original Score,The Banshees of Inisherin,,,Carter Burwell,FALSE,,,
2022,Best Original Music,Original Score,Everything Everywhere All at Once,,,Son Lux,FALSE,,,
2022,Best Original Music,Original Score,Guillermo del Toro's 'Pinocchio',,,Alexandre Desplat,FALSE,,,
2022,Best Original Screenplay,Screenplay (Original),The Banshees of Inisherin,,,Martin McDonagh,TRUE,,,
2022,Best Original Screenplay,Screenplay (Original),Everything Everywhere All at Once,,,Daniel Kwan,FALSE,,,
2022,Best Original Screenplay,Screenplay (Original),Everything Everywhere All at Once,,,Daniel Scheinert,FALSE,,,
2022,Best Original Screenplay,Screenplay (Original),The Fabelmans,,,Tony Kushner,FALSE,,,
2022,Best Original Screenplay,Screenplay (Original),The Fabelmans,,,Steven Spielberg,FALSE,,,
2022,Best Original Screenplay,Screenplay (Original),Tár,,,Todd Field,FALSE,,,
2022,Best Original Screenplay,Screenplay (Original),Triangle of Sadness,,,Ruben Östlund,FALSE,,,
2022,Best Production Design,Art Direction,Babylon,,,Florencia Martin,TRUE,,,
2022,Best Production Design,Art Direction,Babylon,,,Anthony Carlino,TRUE,,,
2022,Best Production Design,Art Direction,All Quiet on the Western Front,Im Westen Nichts Neues,,Christian M. Goldbeck,FALSE,,,
2022,Best Production Design,Art Direction,All Quiet on the Western Front,Im Westen Nichts Neues,,Ernestine Hipper,FALSE,,,
2022,Best Production Design,Art Direction,The Batman,,,James Chinlund,FALSE,,,
2022,Best Production Design,Art Direction,The Batman,,,Lee Sandales,FALSE,,,
2022,Best Production Design,Art Direction,Elvis,,,Catherine Martin,FALSE,,,
2022,Best Production Design,Art Direction,Elvis,,,Karen Murphy,FALSE,,,
2022,Best Production Design,Art Direction,Elvis,,,Bev Dunn,FALSE,,,
2022,Best Production Design,Art Direction,Guillermo del Toro's 'Pinocchio',,,Curt Enderle,FALSE,,,
2022,Best Production Design,Art Direction,Guillermo del Toro's 'Pinocchio',,,Guy Davis,FALSE,,,
2022,Best Short Animation,Animated Short Film,"The Boy, the Mole, the Fox, and the Horse",,,Peter Baynton,TRUE,,,
2022,Best Short Animation,Animated Short Film,"The Boy, the Mole, the Fox, and the Horse",,,Charlie Mackesy,TRUE,,,
2022,Best Short Animation,Animated Short Film,"The Boy, the Mole, the Fox, and the Horse",,,Cara Speiler,TRUE,,,
2022,Best Short Animation,Animated Short Film,"The Boy, the Mole, the Fox, and the Horse",,,Hannah Minghella,TRUE,,,
2022,Best Short Animation,Animated Short Film,Middle Watch,,,John Stevenson,FALSE,,,
2022,Best Short Animation,Animated Short Film,Middle Watch,,,Aiesha Penwarden,FALSE,,,
2022,Best Short Animation,Animated Short Film,Middle Watch,,,Giles Healy,FALSE,,,
2022,Best Short Animation,Animated Short Film,Your Mountain Is Waiting,,,Hannah Jacobs,FALSE,,,
2022,Best Short Animation,Animated Short Film,Your Mountain Is Waiting,,,Zoe Muslim,FALSE,,,
2022,Best Short Animation,Animated Short Film,Your Mountain Is Waiting,,,Harriet Gillian,FALSE,,,
2022,Best Short Film,Live-Action Short Film,An Irish Goodbye,,,Tom Berkeley,TRUE,,,
2022,Best Short Film,Live-Action Short Film,An Irish Goodbye,,,Ross White,TRUE,,,
2022,Best Short Film,Live-Action Short Film,The Ballad of Olive Morris,,,Alex Kayode-Kay,FALSE,,,
2022,Best Short Film,Live-Action Short Film,Bazigaga,,,Jo Ingabire Moys,FALSE,,,
2022,Best Short Film,Live-Action Short Film,Bazigaga,,,Stephanie Charmail,FALSE,,,
2022,Best Short Film,Live-Action Short Film,Bus Girl,,,Jessica Henwick,FALSE,,,
2022,Best Short Film,Live-Action Short Film,Bus Girl,,,Louise Palmkvist Hansen,FALSE,,,
2022,Best Short Film,Live-Action Short Film,A Drifting Up,,,Jacob Lee,FALSE,,,
2022,Best Sound,Sound Mixing,All Quiet on the Western Front,Im Westen Nichts Neues,,Lars Ginzsel,TRUE,,,
2022,Best Sound,Sound Mixing,All Quiet on the Western Front,Im Westen Nichts Neues,,Frank Kruse,TRUE,,,
2022,Best Sound,Sound Mixing,All Quiet on the Western Front,Im Westen Nichts Neues,,Viktor Prášil,TRUE,,,
2022,Best Sound,Sound Mixing,All Quiet on the Western Front,Im Westen Nichts Neues,,Markus Stemler,TRUE,,,
2022,Best Sound,Sound Mixing,Avatar: The Way of Water,,,Christopher Boyes,FALSE,,,
2022,Best Sound,Sound Mixing,Avatar: The Way of Water,,,Michael Hedges,FALSE,,,
2022,Best Sound,Sound Mixing,Avatar: The Way of Water,,,Julian Howarth,FALSE,,,
2022,Best Sound,Sound Mixing,Avatar: The Way of Water,,,Gary Summers,FALSE,,,
2022,Best Sound,Sound Mixing,Avatar: The Way of Water,,,Gwendolyn Yates Whittle,FALSE,,,
2022,Best Sound,Sound Mixing,Elvis,,,Michael Keller,FALSE,,,
2022,Best Sound,Sound Mixing,Elvis,,,David Lee,FALSE,,,
2022,Best Sound,Sound Mixing,Elvis,,,Andy Nelson,FALSE,,,
2022,Best Sound,Sound Mixing,Elvis,,,Wayne Pashley,FALSE,,,
2022,Best Sound,Sound Mixing,Tár,,,Deb Adair,FALSE,,,
2022,Best Sound,Sound Mixing,Tár,,,Stephen Griffiths,FALSE,,,
2022,Best Sound,Sound Mixing,Tár,,,Andy Shelley,FALSE,,,
2022,Best Sound,Sound Mixing,Tár,,,Steve Single,FALSE,,,
2022,Best Sound,Sound Mixing,Tár,,,Roland Winke,FALSE,,,
2022,Best Sound,Sound Mixing,Top Gun: Maverick,,,Chris Burdon,FALSE,,,
2022,Best Sound,Sound Mixing,Top Gun: Maverick,,,James H. Mather,FALSE,,,
2022,Best Sound,Sound Mixing,Top Gun: Maverick,,,Al Nelson,FALSE,,,
2022,Best Sound,Sound Mixing,Top Gun: Maverick,,,Mark Taylor,FALSE,,,
2022,Best Sound,Sound Mixing,Top Gun: Maverick,,,Mark Weingarten,FALSE,,,
2022,Best Special Visual Effects,Effects,Avatar: The Way of Water,,,Richard Baneham,TRUE,,,
2022,Best Special Visual Effects,Effects,Avatar: The Way of Water,,,Daniel Barrett,TRUE,,,
2022,Best Special Visual Effects,Effects,Avatar: The Way of Water,,,Joe Letteri,TRUE,,,
2022,Best Special Visual Effects,Effects,Avatar: The Way of Water,,,Eric Saindon,TRUE,,,
2022,Best Special Visual Effects,Effects,All Quiet on the Western Front,Im Westen Nichts Neues,,Markus Frank,FALSE,,,
2022,Best Special Visual Effects,Effects,All Quiet on the Western Front,Im Westen Nichts Neues,,Kamil Jafar,FALSE,,,
2022,Best Special Visual Effects,Effects,All Quiet on the Western Front,Im Westen Nichts Neues,,VIktor Müller,FALSE,,,
2022,Best Special Visual Effects,Effects,All Quiet on the Western Front,Im Westen Nichts Neues,,Frank Petzoid,FALSE,,,
2022,Best Special Visual Effects,Effects,The Batman,,,Russell Earl,FALSE,,,
2022,Best Special Visual Effects,Effects,The Batman,,,Dan Lemmon,FALSE,,,
2022,Best Special Visual Effects,Effects,The Batman,,,Anders Langlands,FALSE,,,
2022,Best Special Visual Effects,Effects,The Batman,,,Dominic Tuohy,FALSE,,,
2022,Best Special Visual Effects,Effects,Everything Everywhere All at Once,,,Benjamin Brewer,FALSE,,,
2022,Best Special Visual Effects,Effects,Everything Everywhere All at Once,,,Ethan Feldblau,FALSE,,,
2022,Best Special Visual Effects,Effects,Everything Everywhere All at Once,,,Jonathan Kombrinck,FALSE,,,
2022,Best Special Visual Effects,Effects,Everything Everywhere All at Once,,,Zak Stoltz,FALSE,,,
2022,Best Special Visual Effects,Effects,Top Gun: Maverick,,,Seth Hill,FALSE,,,
2022,Best Special Visual Effects,Effects,Top Gun: Maverick,,,Scott R. Fisher,FALSE,,,
2022,Best Special Visual Effects,Effects,Top Gun: Maverick,,,Bryan Litson,FALSE,,,
2022,Best Special Visual Effects,Effects,Top Gun: Maverick,,,Ryan Tudhope,FALSE,,,
2022,Outstanding British Film,,The Banshees of Inisherin,,,Martin McDonagh,TRUE,Producer,,
2022,Outstanding British Film,,The Banshees of Inisherin,,,Graham Broadbent,TRUE,Producer,,
2022,Outstanding British Film,,The Banshees of Inisherin,,,Pete Czernin,TRUE,Producer,,
2022,Outstanding British Film,,Aftersun,,,Charlotte Wells,FALSE,Producer,,
2022,Outstanding British Film,,Aftersun,,,Mark Ceryak,FALSE,Producer,,
2022,Outstanding British Film,,Aftersun,,,Amy Jackson,FALSE,Producer,,
2022,Outstanding British Film,,Aftersun,,,Barry Jenkins,FALSE,Producer,,
2022,Outstanding British Film,,Aftersun,,,Adele Romanski,FALSE,Producer,,
2022,Outstanding British Film,,Brian and Charles,,,Jim Archer,FALSE,Producer,,
2022,Outstanding British Film,,Brian and Charles,,,Rupert Majendie,FALSE,Producer,,
2022,Outstanding British Film,,Brian and Charles,,,David Earl,FALSE,Producer,,
2022,Outstanding British Film,,Brian and Charles,,,Chris Hayward,FALSE,Producer,,
2022,Outstanding British Film,,Empire of Light,,,Sam Mendes,FALSE,Producer,,
2022,Outstanding British Film,,Empire of Light,,,Pippa Harris,FALSE,Producer,,
2022,Outstanding British Film,,"Good Luck to You, Leo Grande",,,Sophie Hyde,FALSE,Producer,,
2022,Outstanding British Film,,"Good Luck to You, Leo Grande",,,Debbie Gray,FALSE,Producer,,
2022,Outstanding British Film,,"Good Luck to You, Leo Grande",,,Adrian Politowski,FALSE,Producer,,
2022,Outstanding British Film,,"Good Luck to You, Leo Grande",,,Katy Brand,FALSE,Producer,,
2022,Outstanding British Film,,Living,,,Oliver Hermanus,FALSE,Producer,,
2022,Outstanding British Film,,Living,,,Elizabeth Karlsen,FALSE,Producer,,
2022,Outstanding British Film,,Living,,,Stephen Woolley,FALSE,Producer,,
2022,Outstanding British Film,,Living,,,Kazuo Ishiguro,FALSE,Producer,,
2022,Outstanding British Film,,Roald Dahl's Matilda the Musical,,,Matthew Warchus,FALSE,Producer,,
2022,Outstanding British Film,,Roald Dahl's Matilda the Musical,,,Tim Bevan,FALSE,Producer,,
2022,Outstanding British Film,,Roald Dahl's Matilda the Musical,,,Eric Fellner,FALSE,Producer,,
2022,Outstanding British Film,,Roald Dahl's Matilda the Musical,,,Jon Finn,FALSE,Producer,,
2022,Outstanding British Film,,Roald Dahl's Matilda the Musical,,,Luke Kelly,FALSE,Producer,,
2022,Outstanding British Film,,Roald Dahl's Matilda the Musical,,,Dennis Kelly,FALSE,Producer,,
2022,Outstanding British Film,,See How They Run,,,Tom George,FALSE,Producer,,
2022,Outstanding British Film,,See How They Run,,,Gina Carter,FALSE,Producer,,
2022,Outstanding British Film,,See How They Run,,,Damian Jones,FALSE,Producer,,
2022,Outstanding British Film,,See How They Run,,,Mark Chappell,FALSE,Producer,,
2022,Outstanding British Film,,The Swimmers,,,Sally El Hosaini,FALSE,Producer,,
2022,Outstanding British Film,,The Swimmers,,,Tim Bevan,FALSE,Producer,,
2022,Outstanding British Film,,The Swimmers,,,Tim Cole,FALSE,Producer,,
2022,Outstanding British Film,,The Swimmers,,,Eric Fellner,FALSE,Producer,,
2022,Outstanding British Film,,The Swimmers,,,Ali Jaafar,FALSE,Producer,,
2022,Outstanding British Film,,The Swimmers,,,Jack Thorne,FALSE,Producer,,
2022,Outstanding British Film,,The Wonder,,,Sebastián Lelio,FALSE,Producer,,
2022,Outstanding British Film,,The Wonder,,,Ed Guiney,FALSE,Producer,,
2022,Outstanding British Film,,The Wonder,,,Juliette Howell,FALSE,Producer,,
2022,Outstanding British Film,,The Wonder,,,Andrew Lowe,FALSE,Producer,,
2022,Outstanding British Film,,The Wonder,,,Tessa Ross,FALSE,Producer,,
2022,Outstanding British Film,,The Wonder,,,Alice Birch,FALSE,Producer,,
2022,Outstanding British Film,,The Wonder,,,Emma Donoghue,FALSE,Producer,,
2022,"Outstanding Début by a British Writer, Director, or Producer",,Aftersun,,,Charlotte Wells,TRUE,Director,,
2022,"Outstanding Début by a British Writer, Director, or Producer",,Aftersun,,,Charlotte Wells,TRUE,Writer,,
2022,"Outstanding Début by a British Writer, Director, or Producer",,Blue Jean,,,Georgia Oakley,FALSE,Writer,,
2022,"Outstanding Début by a British Writer, Director, or Producer",,Blue Jean,,,Georgia Oakley,FALSE,Director,,
2022,"Outstanding Début by a British Writer, Director, or Producer",,Blue Jean,,,Hélène Sifre,FALSE,Producer,,
2022,"Outstanding Début by a British Writer, Director, or Producer",,Electric Malady,,,Marie Lidén,FALSE,Director,,
2022,"Outstanding Début by a British Writer, Director, or Producer",,"Good Luck to You, Leo Grande",,,Katy Brand,FALSE,Writer,,
2022,"Outstanding Début by a British Writer, Director, or Producer",,Rebellion,,,Elena Sánchez Bellot,FALSE,Director,,
2022,"Outstanding Début by a British Writer, Director, or Producer",,Rebellion,,,Maia Kenworthy,FALSE,Director,,
2022,Rising Star Award,,,,,Emma Mackey,TRUE,,,
2022,Rising Star Award,,,,,Naomi Ackie,FALSE,,,
2022,Rising Star Award,,,,,Sheila Atim,FALSE,,,
2022,Rising Star Award,,,,,Daryl McCormack,FALSE,,,
2022,Rising Star Award,,,,,Aimee Lou Wood,FALSE,,,
2021,Best Actor in a Leading Role,Actor in a Leading Role,Ali & Ava,,,Adeel Akhtar,FALSE,,,Ali
2021,Best Actor in a Leading Role,Actor in a Leading Role,Swan Song,,,Mahershala Ali,FALSE,,,Cameron Turner
2021,Best Actor in a Leading Role,Actor in a Leading Role,The Power of the Dog,,,Benedict Cumberbatch,FALSE,,,Phil Burbank
2021,Best Actor in a Leading Role,Actor in a Leading Role,King Richard,,,Will Smith,TRUE,,,Richard Williams
2021,Best Actor in a Leading Role,Actor in a Leading Role,Boiling Point,,,Stephen Graham,FALSE,,,Andy Jones
2021,Best Actor in a Leading Role,Actor in a Leading Role,Don't Look Up,,,Leonardo DiCaprio,FALSE,,,Dr. Randall Mindy
2021,Best Actor in a Supporting Role,Actor in a Supporting Role,West Side Story,,,Mike Faist,FALSE,,,Riff
2021,Best Actor in a Supporting Role,Actor in a Supporting Role,Belfast,,,Ciarán Hinds,FALSE,,,Pop
2021,Best Actor in a Supporting Role,Actor in a Supporting Role,C'mon C'mon,,,Woody Norman,FALSE,,,Jesse
2021,Best Actor in a Supporting Role,Actor in a Supporting Role,The Power of the Dog,,,Jesse Plemons,FALSE,,,George Burbank
2021,Best Actor in a Supporting Role,Actor in a Supporting Role,The Power of the Dog,,,Kodi Smit-McPhee,FALSE,,,Peter Gordon
2021,Best Actor in a Supporting Role,Actor in a Supporting Role,CODA,,,Troy Kotsur,TRUE,,,Frank Rossi
2021,Best Actress in a Leading Role,Actress in a Leading Role,After Love,,,Joanna Scanlan,TRUE,,,Mary Hussain
2021,Best Actress in a Leading Role,Actress in a Leading Role,House of Gucci,,,Lady Gaga,FALSE,,,Patrizia Reggiani
2021,Best Actress in a Leading Role,Actress in a Leading Role,Licorice Pizza,,,Alana Haim,FALSE,,,Alana Kane
2021,Best Actress in a Leading Role,Actress in a Leading Role,CODA,,,Emilia Jones,FALSE,,,Ruby Rossi
2021,Best Actress in a Leading Role,Actress in a Leading Role,The Worst Person in the World,,,Renate Reinsve,FALSE,,,Julie
2021,Best Actress in a Leading Role,Actress in a Leading Role,Passing,,,Tessa Thompson,FALSE,,,Irene Redfield
2021,Best Actress in a Supporting Role,Actress in a Supporting Role,West Side Story,,,Ariana DeBose,TRUE,,,Anita
2021,Best Actress in a Supporting Role,Actress in a Supporting Role,Belfast,,,Caitríona Balfe,FALSE,,,Ma
2021,Best Actress in a Supporting Role,Actress in a Supporting Role,The Lost Daughter,,,Jessie Buckley,FALSE,,,young Leda Caruso
2021,Best Actress in a Supporting Role,Actress in a Supporting Role,Mass,,,Ann Dowd,FALSE,,,Linda
2021,Best Actress in a Supporting Role,Actress in a Supporting Role,King Richard,,,Aunjanue Ellis,FALSE,,,Oracene Price
2021,Best Actress in a Supporting Role,Actress in a Supporting Role,Passing,,,Ruth Negga,FALSE,,,Clare Bellew
2021,Best Adapted Screenplay,Screenplay (Adapted),CODA,,,Sian Heder,TRUE,,La Famille Bélier by Victoria Bedos,
2021,Best Adapted Screenplay,Screenplay (Adapted),Dune,,,Denis Villeneuve,FALSE,,Dune by Frank Herbert,
2021,Best Adapted Screenplay,Screenplay (Adapted),The Lost Daughter,,,Maggie Gyllenhaal,FALSE,,The Lost Daughter by Elena Ferrante,
2021,Best Adapted Screenplay,Screenplay (Adapted),The Power of the Dog,,,Jane Campion,FALSE,,The Power of the Dog by Thomas Savage,
2021,Best Adapted Screenplay,Screenplay (Adapted),Drive My Car,,,Ryusuke Hamaguchi,FALSE,,Drive My Car by Haruki Murakami,
2021,Best Adapted Screenplay,Screenplay (Adapted),Drive My Car,,,Takamasa Oe,FALSE,,Drive My Car by Haruki Murakami,
2021,Best Adapted Screenplay,Screenplay (Adapted),Dune,,,Eric Roth,FALSE,,Dune by Frank Herbert,
2021,Best Adapted Screenplay,Screenplay (Adapted),Dune,,,Jon Spaihts,FALSE,,Dune by Frank Herbert,
2021,Best Animated Film,Animated Feature-Length Film,Flee,,"Denmark, United States",Monica Hellström,FALSE,Producer,,
2021,Best Animated Film,Animated Feature-Length Film,The Mitchells vs. the Machines,,United States,Christopher Miller,FALSE,Producer,,
2021,Best Animated Film,Animated Feature-Length Film,Flee,,"Denmark, United States",Signe Byrge Sørensen,FALSE,Producer,,
2021,Best Animated Film,Animated Feature-Length Film,Luca,,United States,Andrea Warren,FALSE,Producer,,
2021,Best Animated Film,Animated Feature-Length Film,The Mitchells vs. the Machines,,United States,Phil Lord,FALSE,Producer,,
2021,Best Animated Film,Animated Feature-Length Film,Encanto,,United States,Yvett Merino,TRUE,Producer,,
2021,Best Animated Film,Animated Feature-Length Film,The Mitchells vs. the Machines,,United States,Kurt Albrecht,FALSE,Producer,,
2021,Best Animated Film,Animated Feature-Length Film,Encanto,,United States,"Jared Bush, Byron Howard",TRUE,Director,,
2021,Best Animated Film,Animated Feature-Length Film,Flee,,"Denmark, United States",Jonas Poher Rasmussen,FALSE,Director,,
2021,Best Animated Film,Animated Feature-Length Film,Luca,,United States,Enrico Casarosa,FALSE,Director,,
2021,Best Animated Film,Animated Feature-Length Film,Encanto,,United States,Clark Spencer,TRUE,Producer,,
2021,Best Animated Film,Animated Feature-Length Film,The Mitchells vs. the Machines,,United States,Mike Rianda,FALSE,Director,,
2021,Best Casting,,West Side Story,,,Cindy Tolan,TRUE,,,
2021,Best Casting,,Boiling Point,,,Carolyn McLeod,FALSE,,,
2021,Best Casting,,Dune,,,Francine Maisler,FALSE,,,
2021,Best Casting,,The Hand of God,,,Massimo Appolloni,FALSE,,,
2021,Best Casting,,The Hand of God,,,Annamaria Sambucco,FALSE,,,
2021,Best Casting,,King Richard,,,Rich Delia,FALSE,,,
2021,Best Casting,,King Richard,,,Avy Kaufman,FALSE,,,
2021,Best Cinematography,Cinematography,Dune,,,Greig Fraser,TRUE,,,
2021,Best Cinematography,Cinematography,Nightmare Alley,,,Dan Laustsen,FALSE,,,
2021,Best Cinematography,Cinematography,No Time To Die,,,Linus Sandgren,FALSE,,,
2021,Best Cinematography,Cinematography,The Power of the Dog,,,Ari Wegner,FALSE,,,
2021,Best Cinematography,Cinematography,The Tragedy of Macbeth,,,Bruno Delbonnel,FALSE,,,
2021,Best Costume Design,Costuming,Cyrano,,,Massimo Cantini Parrini,FALSE,,,
2021,Best Costume Design,Costuming,Dune,,,Robert Morgan,FALSE,,,
2021,Best Costume Design,Costuming,Dune,,,Jacqueline West,FALSE,,,
2021,Best Costume Design,Costuming,The French Dispatch,,,Milena Canonero,FALSE,,,
2021,Best Costume Design,Costuming,Nightmare Alley,,,Luis Sequeira,FALSE,,,
2021,Best Costume Design,Costuming,Cruella,,,Jenny Beavan,TRUE,,,
2021,Best Direction,Director,After Love,,,Aleem Khan,FALSE,,,
2021,Best Direction,Director,The Power of the Dog,,,Jane Campion,TRUE,,,
2021,Best Direction,Director,Licorice Pizza,,,Paul Thomas Anderson,FALSE,,,
2021,Best Direction,Director,Happening,,,Audrey Diwan,FALSE,,,
2021,Best Direction,Director,Titane,,,Julia Ducournau,FALSE,,,
2021,Best Direction,Director,Drive My Car,,,Ryusuke Hamaguchi,FALSE,,,
2021,Best Documentary,Documentary Film,"Summer of Soul (...Or, When the Revolution Could Not Be Televised)",,,"Ahmir ""Questlove"" Thompson",TRUE,,,
2021,Best Documentary,Documentary Film,"Summer of Soul (...Or, When the Revolution Could Not Be Televised)",,,David Dinerstein,TRUE,,,
2021,Best Documentary,Documentary Film,"Summer of Soul (...Or, When the Revolution Could Not Be Televised)",,,Robert Fyvolent,TRUE,,,
2021,Best Documentary,Documentary Film,The Rescue,,,John Battsek,FALSE,,,
2021,Best Documentary,Documentary Film,The Rescue,,,P. J. van Sandwijk,FALSE,,,
2021,Best Documentary,Documentary Film,Becoming Cousteau,,,Dan Cogan,FALSE,,,
2021,Best Documentary,Documentary Film,Cow,,,Andrea Arnold,FALSE,,,
2021,Best Documentary,Documentary Film,"Summer of Soul (...Or, When the Revolution Could Not Be Televised)",,,Joseph Patel,TRUE,,,
2021,Best Documentary,Documentary Film,Becoming Cousteau,,,Liz Garbus,FALSE,,,
2021,Best Documentary,Documentary Film,Flee,,,Monica Hellström,FALSE,,,
2021,Best Documentary,Documentary Film,The Rescue,,,Elizabeth Chai Vasarhelyi,FALSE,,,
2021,Best Documentary,Documentary Film,Cow,,,Kat Mansoor,FALSE,,,
2021,Best Documentary,Documentary Film,Flee,,,Jonas Poher Rasmussen,FALSE,,,
2021,Best Documentary,Documentary Film,The Rescue,,,Jimmy Chin,FALSE,,,
2021,Best Editing,Film Editing,No Time to Die,,,Elliot Graham,TRUE,,,
2021,Best Editing,Film Editing,Belfast,,,Úna Ní Dhonghaíle,FALSE,,,
2021,Best Editing,Film Editing,Dune,,,Joe Walker,FALSE,,,
2021,Best Editing,Film Editing,No Time to Die,,,Tom Cross,TRUE,,,
2021,Best Editing,Film Editing,Summer of Soul,,,Joshua L. Pearson,FALSE,,,
2021,Best Editing,Film Editing,Licorice Pizza,,,Andy Jurgensen,FALSE,,,
2021,Best Film,Live-Action Feature-Length Film,The Power of the Dog,,"Australia
New Zealand
United States
United Kingdom
Canada",Jane Campion,TRUE,Producer,,
2021,Best Film,Live-Action Feature-Length Film,The Power of the Dog,,"Australia
New Zealand
United States
United Kingdom
Canada",Iain Canning,TRUE,Producer,,
2021,Best Film,Live-Action Feature-Length Film,The Power of the Dog,,"Australia
New Zealand
United States
United Kingdom
Canada",Roger Frappier,TRUE,Producer,,
2021,Best Film,Live-Action Feature-Length Film,The Power of the Dog,,"Australia
New Zealand
United States
United Kingdom
Canada",Tanya Seghatchian,TRUE,Producer,,
2021,Best Film,Live-Action Feature-Length Film,The Power of the Dog,,"Australia
New Zealand
United States
United Kingdom
Canada",Emile Sherman,TRUE,Producer,,
2021,Best Film,Live-Action Feature-Length Film,Belfast,,United Kingdom,Laura Berwick,FALSE,Producer,,
2021,Best Film,Live-Action Feature-Length Film,Belfast,,United Kingdom,Kenneth Branagh,FALSE,Producer,,
2021,Best Film,Live-Action Feature-Length Film,Belfast,,United Kingdom,Becca Kovacik,FALSE,Producer,,
2021,Best Film,Live-Action Feature-Length Film,Belfast,,United Kingdom,Tamar Thomas,FALSE,Producer,,
2021,Best Film,Live-Action Feature-Length Film,Don't Look Up,,United States,Adam McKay,FALSE,Producer,,
2021,Best Film,Live-Action Feature-Length Film,Don't Look Up,,United States,Kevin Messick,FALSE,Producer,,
2021,Best Film,Live-Action Feature-Length Film,Dune,,United States,Mary Parent,FALSE,Producer,,
2021,Best Film,Live-Action Feature-Length Film,Dune,,United States,Cayle Boyter,FALSE,Producer,,
2021,Best Film,Live-Action Feature-Length Film,Dune,,United States,Denis Villeneuve,FALSE,Producer,,
2021,Best Film,Live-Action Feature-Length Film,Licorice Pizza,,"United States
Canada",Sara Murphy,FALSE,Producer,,
2021,Best Film,Live-Action Feature-Length Film,Licorice Pizza,,"United States
Canada",Paul Thomas Anderson,FALSE,Producer,,
2021,Best Film,Live-Action Feature-Length Film,Licorice Pizza,,"United States
Canada",Adam Somner,FALSE,Producer,,
2021,Best Film,Live-Action Feature-Length Film,The Power of the Dog,,"Australia
New Zealand
United States
United Kingdom
Canada",Jane Campion,TRUE,Director,,
2021,Best Film,Live-Action Feature-Length Film,Belfast,,United Kingdom,Kenneth Branagh,FALSE,Director,,
2021,Best Film,Live-Action Feature-Length Film,Don't Look Up,,United States,Adam McKay,FALSE,Director,,
2021,Best Film,Live-Action Feature-Length Film,Dune,,United States,Denis Villeneuve,FALSE,Director,,
2021,Best Film,Live-Action Feature-Length Film,Licorice Pizza,,"United States
Canada",Paul Thomas Anderson,FALSE,Director,,
2021,Best Film Not in the English Language,Foreign Film,Drive My Car,ドライブ・マイ・カー,Japan Japan,Tsuyoshi Gorô,TRUE,Producer,,
2021,Best Film Not in the English Language,Foreign Film,Drive My Car,ドライブ・マイ・カー,Japan Japan,Misaki Kawamura,TRUE,Producer,,
2021,Best Film Not in the English Language,Foreign Film,Parallel Mothers,Madres paralelas,Spain Spain,Agustín Almodóvar,FALSE,Producer,,
2021,Best Film Not in the English Language,Foreign Film,Parallel Mothers,Madres paralelas,Spain Spain,Esther García,FALSE,Producer,,
2021,Best Film Not in the English Language,Foreign Film,Petite Maman,Céline Sciamma,,France France,FALSE,Producer,,
2021,Best Film Not in the English Language,Foreign Film,The Worst Person in the World,Verdens verste menneske,Norway Norway,Andrea Berentsen Ottmar,FALSE,Producer,,
2021,Best Film Not in the English Language,Foreign Film,Drive My Car,ドライブ・マイ・カー,Japan Japan,Osamu Kubota,TRUE,Producer,,
2021,Best Film Not in the English Language,Foreign Film,Drive My Car,ドライブ・マイ・カー,Japan Japan,Sachio Matsushita,TRUE,Producer,,
2021,Best Film Not in the English Language,Foreign Film,Drive My Car,ドライブ・マイ・カー,Japan Japan,Yoshito Nakabe,TRUE,Producer,,
2021,Best Film Not in the English Language,Foreign Film,Drive My Car,ドライブ・マイ・カー,Japan Japan,Keiji Okumura,TRUE,Producer,,
2021,Best Film Not in the English Language,Foreign Film,Drive My Car,ドライブ・マイ・カー,Japan Japan,Jin Suzuki,TRUE,Producer,,
2021,Best Film Not in the English Language,Foreign Film,Drive My Car,ドライブ・マイ・カー,Japan Japan,Akihisa Yamamoto,TRUE,Producer,,
2021,Best Film Not in the English Language,Foreign Film,The Hand of God,È stata la mano di Dio,Italy Italy,Paolo Sorrentino,FALSE,Producer,,
2021,Best Film Not in the English Language,Foreign Film,The Hand of God,È stata la mano di Dio,Italy Italy,Lorenzo Mieli,FALSE,Producer,,
2021,Best Film Not in the English Language,Foreign Film,Parallel Mothers,Madres paralelas,Spain Spain,Pedro Almodóvar,FALSE,Producer,,
2021,Best Film Not in the English Language,Foreign Film,Drive My Car,ドライブ・マイ・カー,Japan Japan,Ryusuke Hamaguchi,TRUE,Director,,
2021,Best Film Not in the English Language,Foreign Film,The Hand of God,È stata la mano di Dio,Italy Italy,Paolo Sorrentino,FALSE,Director,,
2021,Best Film Not in the English Language,Foreign Film,Parallel Mothers,Madres paralelas,Spain Spain,Pedro Almodóvar,FALSE,Director,,
2021,Best Film Not in the English Language,Foreign Film,Petite Maman,Céline Sciamma,,Bénédicte Couvreur,FALSE,Director,,
2021,Best Film Not in the English Language,Foreign Film,The Worst Person in the World,Verdens verste menneske,Norway Norway,Joachim Trier,FALSE,Director,,
2021,Best Film Not in the English Language,Foreign Film,The Worst Person in the World,Verdens verste menneske,Norway Norway,Thomas Robsahm,FALSE,Producer,,
2021,Best Make-up and Hair,Make-Up & Hairstyling,The Eyes of Tammy Faye,,,Linda Dowds,TRUE,,,
2021,Best Make-up and Hair,Make-Up & Hairstyling,Cruella,,,Naomi Donne,FALSE,,,
2021,Best Make-up and Hair,Make-Up & Hairstyling,Dune,,,Love Larson,FALSE,,,
2021,Best Make-up and Hair,Make-Up & Hairstyling,House of Gucci,,,Frederic Aspiras,FALSE,,,
2021,Best Make-up and Hair,Make-Up & Hairstyling,The Eyes of Tammy Faye,,,Stephanie Ingram,TRUE,,,
2021,Best Make-up and Hair,Make-Up & Hairstyling,The Eyes of Tammy Faye,,,Justin Raleigh,TRUE,,,
2021,Best Make-up and Hair,Make-Up & Hairstyling,Cruella,,,Nadia Stacey,FALSE,,,
2021,Best Make-up and Hair,Make-Up & Hairstyling,Cyrano,,,Siân Miller,FALSE,,,
2021,Best Make-up and Hair,Make-Up & Hairstyling,Dune,,,Donald Mowat,FALSE,,,
2021,Best Make-up and Hair,Make-Up & Hairstyling,House of Gucci,,,Jana Carboni,FALSE,,,
2021,Best Make-up and Hair,Make-Up & Hairstyling,House of Gucci,,,Giuliano Mariano,FALSE,,,
2021,Best Make-up and Hair,Make-Up & Hairstyling,House of Gucci,,,Sarah Nicole Tanno,FALSE,,,
2021,Best Make-up and Hair,Make-Up & Hairstyling,Cyrano,,,Alessandro Bertolazzi,FALSE,,,
2021,Best Original Music,Original Score,Dune,,,Hans Zimmer,TRUE,,,
2021,Best Original Music,Original Score,Being the Ricardos,,,Daniel Pemberton,FALSE,,,
2021,Best Original Music,Original Score,Don't Look Up,,,Nicholas Britell,FALSE,,,
2021,Best Original Music,Original Score,The French Dispatch,,,Alexandre Desplat,FALSE,,,
2021,Best Original Music,Original Score,The Power of the Dog,,,Jonny Greenwood,FALSE,,,
2021,Best Original Screenplay,Screenplay (Original),Licorice Pizza,,,Paul Thomas Anderson,TRUE,,,
2021,Best Original Screenplay,Screenplay (Original),Belfast,,,Kenneth Branagh,FALSE,,,
2021,Best Original Screenplay,Screenplay (Original),Don't Look Up,,,Adam McKay,FALSE,,,
2021,Best Original Screenplay,Screenplay (Original),King Richard,,,Zach Baylin,FALSE,,,
2021,Best Original Screenplay,Screenplay (Original),Being the Ricardos,,,Aaron Sorkin,FALSE,,,
2021,Best Production Design,Art Direction,Dune,,,Patrice Vermette,TRUE,,,
2021,Best Production Design,Art Direction,Cyrano,,,Sarah Greenwood,FALSE,,,
2021,Best Production Design,Art Direction,The French Dispatch,,,Adam Stockhausen,FALSE,,,
2021,Best Production Design,Art Direction,Nightmare Alley,,,Tamara Deverell,FALSE,,,
2021,Best Production Design,Art Direction,West Side Story,,,Adam Stockhausen,FALSE,,,
2021,Best Production Design,Art Direction,Dune,,,Zsuzsanna Sipos,TRUE,,,
2021,Best Production Design,Art Direction,Cyrano,,,Katie Spencer,FALSE,,,
2021,Best Production Design,Art Direction,The French Dispatch,,,Rena DeAngelo,FALSE,,,
2021,Best Production Design,Art Direction,Nightmare Alley,,,Shane Vieau,FALSE,,,
2021,Best Production Design,Art Direction,West Side Story,,,Rena DeAngelo,FALSE,,,
2021,Best Short Animation,Animated Short Film,Do Not Feed the Pigeons,,,Vladimir Krasilnikov,TRUE,,,
2021,Best Short Animation,Animated Short Film,Affairs of the Art,,,Les Mills,FALSE,,,
2021,Best Short Animation,Animated Short Film,Night of the Living Dread,,,Laura Jayne Tunbridge,FALSE,,,
2021,Best Short Animation,Animated Short Film,Affairs of the Art,,,Joanna Quinn,FALSE,,,
2021,Best Short Animation,Animated Short Film,Night of the Living Dread,,,Hannah Kelso,FALSE,,,
2021,Best Short Animation,Animated Short Film,Night of the Living Dread,,,Danielle Goff,FALSE,,,
2021,Best Short Animation,Animated Short Film,Do Not Feed the Pigeons,,,Jordi Morera,TRUE,,,
2021,Best Short Animation,Animated Short Film,Do Not Feed the Pigeons,,,Antonin Niclass,TRUE,,,
2021,Best Short Animation,Animated Short Film,Night of the Living Dread,,,Ida Melum,FALSE,,,
2021,Best Short Film,Live-Action Short Film,Femme,,,Sam H. Freeman,FALSE,,,
2021,Best Short Film,Live-Action Short Film,The Palace,,,Jo Prichard,FALSE,,,
2021,Best Short Film,Live-Action Short Film,The Black Cop,,,Cherish Oleka,TRUE,,,
2021,Best Short Film,Live-Action Short Film,Femme,,,Ng Choon Ping,FALSE,,,
2021,Best Short Film,Live-Action Short Film,Femme,,,Sam Ritzenberg,FALSE,,,
2021,Best Short Film,Live-Action Short Film,Stuffed,,,Joss Holden-Rea,FALSE,,,
2021,Best Short Film,Live-Action Short Film,Three Meetings of the Extraordinary Committee,,,Max Barron,FALSE,,,
2021,Best Short Film,Live-Action Short Film,Three Meetings of the Extraordinary Committee,,,Daniel Wheldon,FALSE,,,
2021,Best Short Film,Live-Action Short Film,Three Meetings of the Extraordinary Committee,,,Michael Woodward,FALSE,,,
2021,Best Short Film,Live-Action Short Film,Femme,,,Hayley Williams,FALSE,,,
2021,Best Short Film,Live-Action Short Film,Stuffed,,,Theo Rhys,FALSE,,,
2021,Best Sound,Sound Mixing,Last Night in Soho,,,Tim Cavagin,FALSE,,,
2021,Best Sound,Sound Mixing,No Time to Die,,,James Harrison,FALSE,,,
2021,Best Sound,Sound Mixing,A Quiet Place Part II,,,Erik Aadahl,FALSE,,,
2021,Best Sound,Sound Mixing,West Side Story,,,Brian Chumney,FALSE,,,
2021,Best Sound,Sound Mixing,Dune,,,Theo Green,TRUE,,,
2021,Best Sound,Sound Mixing,Last Night in Soho,,,Dan Morgan,FALSE,,,
2021,Best Sound,Sound Mixing,No Time to Die,,,Simon Hayes,FALSE,,,
2021,Best Sound,Sound Mixing,A Quiet Place Part II,,,Michael Barosky,FALSE,,,
2021,Best Sound,Sound Mixing,West Side Story,,,Tod A. Maitland,FALSE,,,
2021,Best Sound,Sound Mixing,Dune,,,Doug Hemphill,TRUE,,,
2021,Best Sound,Sound Mixing,Last Night in Soho,,,Colin Nicolson,FALSE,,,
2021,Best Sound,Sound Mixing,No Time to Die,,,Paul Massey,FALSE,,,
2021,Best Sound,Sound Mixing,A Quiet Place Part II,,,Brandon Proctor,FALSE,,,
2021,Best Sound,Sound Mixing,West Side Story,,,Andy Nelson,FALSE,,,
2021,Best Sound,Sound Mixing,Dune,,,Mark Mangini,TRUE,,,
2021,Best Sound,Sound Mixing,Last Night in Soho,,,Julian Slater,FALSE,,,
2021,Best Sound,Sound Mixing,No Time to Die,,,Oliver Tarney,FALSE,,,
2021,Best Sound,Sound Mixing,A Quiet Place Part II,,,Ethan Van der Ryn,FALSE,,,
2021,Best Sound,Sound Mixing,West Side Story,,,Gary Rydstrom,FALSE,,,
2021,Best Sound,Sound Mixing,Dune,,,Mac Ruth,TRUE,,,
2021,Best Sound,Sound Mixing,No Time to Die,,,Mark Taylor,FALSE,,,
2021,Best Sound,Sound Mixing,Dune,,,Ron Bartlett,TRUE,,,
2021,Best Special Visual Effects,Effects,Dune,,,Brian Connor,TRUE,,,
2021,Best Special Visual Effects,Effects,Ghostbusters: Afterlife,,,Aharon Bourland,FALSE,,,
2021,Best Special Visual Effects,Effects,The Matrix Resurrections,,,Tom Debenham,FALSE,,,
2021,Best Special Visual Effects,Effects,No Time to Die,,,Mark Bakowski,FALSE,,,
2021,Best Special Visual Effects,Effects,Free Guy,,,Swen Gillberg,FALSE,,,
2021,Best Special Visual Effects,Effects,No Time to Die,,,Charlie Noble,FALSE,,,
2021,Best Special Visual Effects,Effects,Free Guy,,,Bryan Grill,FALSE,,,
2021,Best Special Visual Effects,Effects,Ghostbusters: Afterlife,,,Sheena Duggal,FALSE,,,
2021,Best Special Visual Effects,Effects,The Matrix Resurrections,,,Huw J. Evans,FALSE,,,
2021,Best Special Visual Effects,Effects,No Time to Die,,,Chris Corbould,FALSE,,,
2021,Best Special Visual Effects,Effects,Dune,,,Tristan Myles,TRUE,,,
2021,Best Special Visual Effects,Effects,Free Guy,,,Nikos Kalaitzidis,FALSE,,,
2021,Best Special Visual Effects,Effects,Ghostbusters: Afterlife,,,Pier Lefebvre,FALSE,,,
2021,Best Special Visual Effects,Effects,The Matrix Resurrections,,,Dan Glass,FALSE,,,
2021,Best Special Visual Effects,Effects,No Time to Die,,,Joel Green,FALSE,,,
2021,Best Special Visual Effects,Effects,Dune,,,Gerd Nefzer,TRUE,,,
2021,Best Special Visual Effects,Effects,Free Guy,,,Dan Sudick,FALSE,,,
2021,Best Special Visual Effects,Effects,Ghostbusters: Afterlife,,,Alessandro Ongaro,FALSE,,,
2021,Best Special Visual Effects,Effects,Dune,,,Paul Lambert,TRUE,,,
2021,Best Special Visual Effects,Effects,The Matrix Resurrections,,,J. D. Schwalm,FALSE,,,
2021,Outstanding British Film,,Belfast,,,Kenneth Branagh,TRUE,Producer,,
2021,Outstanding British Film,,Belfast,,,Becca Kovacik,TRUE,Producer,,
2021,Outstanding British Film,,Belfast,,,Tamar Thomas,TRUE,Producer,,
2021,Outstanding British Film,,Belfast,,,Laura Berwick,TRUE,Producer,,
2021,Outstanding British Film,,After Love,,,Gabrielle Dumon,FALSE,Producer,,
2021,Outstanding British Film,,Ali & Ava,,,Tracy O'Riordan,FALSE,Producer,,
2021,Outstanding British Film,,Boiling Point,,,Hester Ruoff,FALSE,Producer,,
2021,Outstanding British Film,,After Love,,,Matthieu de Braconier,FALSE,Producer,,
2021,Outstanding British Film,,Cyrano,,,Tim Bevan,FALSE,Producer,,
2021,Outstanding British Film,,Cyrano,,,Eric Fellner,FALSE,Producer,,
2021,Outstanding British Film,,Cyrano,,,Guy Heeley,FALSE,Producer,,
2021,Outstanding British Film,,Boiling Point,,,Bart Ruspoli,FALSE,Producer,,
2021,Outstanding British Film,,Everybody's Talking About Jamie,,,Peter Carlton,FALSE,Producer,,
2021,Outstanding British Film,,Everybody's Talking About Jamie,,,Arnon Milchan,FALSE,Producer,,
2021,Outstanding British Film,,House of Gucci,,,Ridley Scott,FALSE,Producer,,
2021,Outstanding British Film,,House of Gucci,,,Giannina Facio Scott,FALSE,Producer,,
2021,Outstanding British Film,,House of Gucci,,,Kevin J. Walsh,FALSE,Producer,,
2021,Outstanding British Film,,House of Gucci,,,Mark Huffam,FALSE,Producer,,
2021,Outstanding British Film,,Last Night in Soho,,,Nira Park,FALSE,Producer,,
2021,Outstanding British Film,,Last Night in Soho,,,Tim Bevan,FALSE,Producer,,
2021,Outstanding British Film,,Last Night in Soho,,,Eric Fellner,FALSE,Producer,,
2021,Outstanding British Film,,Last Night in Soho,,,Edgar Wright,FALSE,Producer,,
2021,Outstanding British Film,,No Time To Die,,,Michael G. Wilson,FALSE,Producer,,
2021,Outstanding British Film,,No Time To Die,,,Barbara Broccoli,FALSE,Producer,,
2021,Outstanding British Film,,Everybody's Talking About Jamie,,,Mark Herbert,FALSE,Producer,,
2021,Outstanding British Film,,Belfast,,,Kenneth Branagh,TRUE,Director,,
2021,Outstanding British Film,,After Love,,,Aleem Khan,FALSE,Director,,
2021,Outstanding British Film,,Ali & Ava,,,Clio Barnard,FALSE,Director,,
2021,Outstanding British Film,,Boiling Point,,,Philip Barantini,FALSE,Director,,
2021,Outstanding British Film,,Cyrano,,,Joe Wright,FALSE,Director,,
2021,Outstanding British Film,,Everybody's Talking About Jamie,,,Johnathan Butterell,FALSE,Director,,
2021,Outstanding British Film,,House of Gucci,,,Ridley Scott,FALSE,Director,,
2021,Outstanding British Film,,Last Night in Soho,,,Edgar Wright,FALSE,Director,,
2021,Outstanding British Film,,No Time To Die,,,Cary Joji Fukunaga,FALSE,Director,,
2021,Outstanding British Film,,Passing,,,Rebecca Hall,FALSE,Director,,
2021,Outstanding British Film,,Passing,,,Forest Whitaker,FALSE,Producer,,
2021,Outstanding British Film,,Passing,,,Margot Hand,FALSE,Producer,,
2021,Outstanding British Film,,Passing,,,Rebecca Hall,FALSE,Producer,,
2021,Outstanding British Film,,Passing,,,Nina Yang Bongiovi,FALSE,Producer,,
2021,"Outstanding Début by a British Writer, Director, or Producer",,The Harder They Fall,,,Jeymes Samuel,TRUE,Director,,
2021,"Outstanding Début by a British Writer, Director, or Producer",,After Love,,,Aleem Khan,FALSE,Director,,
2021,"Outstanding Début by a British Writer, Director, or Producer",,Boiling Point,,,Hester Ruoff,FALSE,Producer,,
2021,"Outstanding Début by a British Writer, Director, or Producer",,The Harder They Fall,,,Jeymes Samuel,TRUE,Writer,,
2021,"Outstanding Début by a British Writer, Director, or Producer",,After Love,,,Aleem Khan,FALSE,Writer,,
2021,"Outstanding Début by a British Writer, Director, or Producer",,Boiling Point,,,James Cummings,FALSE,Writer,,
2021,"Outstanding Début by a British Writer, Director, or Producer",,Keyboard Fantasies,,,Posy Dixon,FALSE,Writer,,
2021,"Outstanding Début by a British Writer, Director, or Producer",,Keyboard Fantasies,,,Posy Dixon,FALSE,Director,,
2021,"Outstanding Début by a British Writer, Director, or Producer",,Passing,,,Rebecca Hall,FALSE,Writer,,
2021,"Outstanding Début by a British Writer, Director, or Producer",,Passing,,,Rebecca Hall,FALSE,Director,,
2021,"Outstanding Début by a British Writer, Director, or Producer",,Keyboard Fantasies,,,Liv Proctor,FALSE,Producer,,
2021,Rising Star Award,,,,,Millicent Simmonds,FALSE,,,
2021,Rising Star Award,,,,,Kodi Smit-McPhee,FALSE,,,
2021,Rising Star Award,,,,,Lashana Lynch,TRUE,,,
2021,Rising Star Award,,,,,Ariana DeBose,FALSE,,,
2021,Rising Star Award,,,,,Harris Dickinson,FALSE,,,
2020,Best Film,Live-Action Feature-Length Film,Nomadland,,United States,Chloé Zhao,TRUE,Director,,
2020,Best Film,Live-Action Feature-Length Film,Nomadland,,United States,Frances McDormand,TRUE,Producer,,
2020,Best Film,Live-Action Feature-Length Film,Nomadland,,United States,Peter Spears,TRUE,Producer,,
2020,Best Film,Live-Action Feature-Length Film,Nomadland,,United States,Mollye Asher,TRUE,Producer,,
2020,Best Film,Live-Action Feature-Length Film,Nomadland,,United States,Dan Janvey,TRUE,Producer,,
2020,Best Film,Live-Action Feature-Length Film,Nomadland,,United States,Chloé Zhao,TRUE,Producer,,
2020,Best Film,Live-Action Feature-Length Film,The Father,,United Kingdom,Florian Zeller,FALSE,Director,,
2020,Best Film,Live-Action Feature-Length Film,The Father,,United Kingdom,David Parfitt,FALSE,Producer,,
2020,Best Film,Live-Action Feature-Length Film,The Father,,United Kingdom,Jean-Louis Livi,FALSE,Producer,,
2020,Best Film,Live-Action Feature-Length Film,The Father,,United Kingdom,Philippe Carcassonne,FALSE,Producer,,
2020,Best Film,Live-Action Feature-Length Film,The Mauritanian,,"United Kingdom 
United States",Kevin Macdonald,FALSE,Director,,
2020,Best Film,Live-Action Feature-Length Film,The Mauritanian,,"United Kingdom 
United States",Adam Ackland,FALSE,Producer,,
2020,Best Film,Live-Action Feature-Length Film,The Mauritanian,,"United Kingdom 
United States",Leah Clarke,FALSE,Producer,,
2020,Best Film,Live-Action Feature-Length Film,The Mauritanian,,"United Kingdom 
United States",Christine Holder,FALSE,Producer,,
2020,Best Film,Live-Action Feature-Length Film,The Mauritanian,,"United Kingdom 
United States",Beatriz Levin,FALSE,Producer,,
2020,Best Film,Live-Action Feature-Length Film,The Mauritanian,,"United Kingdom 
United States",Lloyd Levin,FALSE,Producer,,
2020,Best Film,Live-Action Feature-Length Film,Promising Young Woman,,United States,Emerald Fennell,FALSE,Director,,
2020,Best Film,Live-Action Feature-Length Film,Promising Young Woman,,United States,Josey McNamara,FALSE,Producer,,
2020,Best Film,Live-Action Feature-Length Film,Promising Young Woman,,United States,Ben Browning,FALSE,Producer,,
2020,Best Film,Live-Action Feature-Length Film,Promising Young Woman,,United States,Ashley Fox,FALSE,Producer,,
2020,Best Film,Live-Action Feature-Length Film,Promising Young Woman,,United States,Emerald Fennell,FALSE,Producer,,
2020,Best Film,Live-Action Feature-Length Film,The Trial of the Chicago 7,,United States,Aaron Sorkin,FALSE,Director,,
2020,Best Film,Live-Action Feature-Length Film,The Trial of the Chicago 7,,United States,Stuart M. Besser,FALSE,Producer,,
2020,Best Film,Live-Action Feature-Length Film,The Trial of the Chicago 7,,United States,Marc Platt,FALSE,Producer,,
2020,Outstanding British Film,,Promising Young Woman,,United Kingdom,Emerald Fennell,TRUE,Director,,
2020,Outstanding British Film,,Promising Young Woman,,United Kingdom,Emerald Fennell,TRUE,Producer,,
2020,Outstanding British Film,,Promising Young Woman,,United Kingdom,Ben Browning,TRUE,Producer,,
2020,Outstanding British Film,,Promising Young Woman,,United Kingdom,Ashley Fox,TRUE,Producer,,
2020,Outstanding British Film,,Promising Young Woman,,United Kingdom,Josey McNamara,TRUE,Producer,,
2020,Outstanding British Film,,Calm with Horses,,United Kingdom,Nick Rowland,FALSE,Director,,
2020,Outstanding British Film,,Calm with Horses,,United Kingdom,Nick Rowland,FALSE,Producer,,
2020,Outstanding British Film,,Calm with Horses,,United Kingdom,Daniel Emmerson,FALSE,Producer,,
2020,Outstanding British Film,,Calm with Horses,,United Kingdom,Joe Murtagh,FALSE,Producer,,
2020,Outstanding British Film,,The Dig,,United Kingdom,Simon Stone,FALSE,Director,,
2020,Outstanding British Film,,The Dig,,United Kingdom,Simon Stone,FALSE,Producer,,
2020,Outstanding British Film,,The Dig,,United Kingdom,Gabrielle Tana,FALSE,Producer,,
2020,Outstanding British Film,,The Dig,,United Kingdom,Moira Buffini,FALSE,Producer,,
2020,Outstanding British Film,,The Father,,United Kingdom,Florian Zeller,FALSE,Director,,
2020,Outstanding British Film,,The Father,,United Kingdom,Florian Zeller,FALSE,Producer,,
2020,Outstanding British Film,,The Father,,United Kingdom,Philippe Carcassone,FALSE,Producer,,
2020,Outstanding British Film,,The Father,,United Kingdom,Jean-Louis Livi,FALSE,Producer,,
2020,Outstanding British Film,,The Father,,United Kingdom,David Parfitt,FALSE,Producer,,
2020,Outstanding British Film,,The Father,,United Kingdom,Christopher Hampton,FALSE,Producer,,
2020,Outstanding British Film,,His House,,United Kingdom,Remi Weekes,FALSE,Director,,
2020,Outstanding British Film,,His House,,United Kingdom,Remi Weekes,FALSE,Producer,,
2020,Outstanding British Film,,His House,,United Kingdom,Martin Gentles,FALSE,Producer,,
2020,Outstanding British Film,,His House,,United Kingdom,Edward King,FALSE,Producer,,
2020,Outstanding British Film,,His House,,United Kingdom,Roy Lee,FALSE,Producer,,
2020,Outstanding British Film,,Limbo,,United Kingdom,Ben Sharrock,FALSE,Director,,
2020,Outstanding British Film,,Limbo,,United Kingdom,Ben Sharrock,FALSE,Producer,,
2020,Outstanding British Film,,Limbo,,United Kingdom,Irune Gurtubai,FALSE,Producer,,
2020,Outstanding British Film,,Limbo,,United Kingdom,Angus Lamont,FALSE,Producer,,
2020,Outstanding British Film,,The Mauritanian,,United Kingdom,Kevin Macdonald,FALSE,Director,,
2020,Outstanding British Film,,The Mauritanian,,United Kingdom,Kevin Macdonald,FALSE,Producer,,
2020,Outstanding British Film,,The Mauritanian,,United Kingdom,Adam Ackland,FALSE,Producer,,
2020,Outstanding British Film,,The Mauritanian,,United Kingdom,Leah Clarke,FALSE,Producer,,
2020,Outstanding British Film,,The Mauritanian,,United Kingdom,Beatriz Levin,FALSE,Producer,,
2020,Outstanding British Film,,The Mauritanian,,United Kingdom,Lloyd Levin,FALSE,Producer,,
2020,Outstanding British Film,,The Mauritanian,,United Kingdom,Rory Haines,FALSE,Producer,,
2020,Outstanding British Film,,The Mauritanian,,United Kingdom,Sohrab Noshirvani,FALSE,Producer,,
2020,Outstanding British Film,,The Mauritanian,,United Kingdom,M.B. Traven,FALSE,Producer,,
2020,Outstanding British Film,,Mogul Mowgli,,United Kingdom,Bassam Tariq,FALSE,Director,,
2020,Outstanding British Film,,Mogul Mowgli,,United Kingdom,Bassam Tariq,FALSE,Producer,,
2020,Outstanding British Film,,Mogul Mowgli,,United Kingdom,Riz Ahmed,FALSE,Producer,,
2020,Outstanding British Film,,Mogul Mowgli,,United Kingdom,Thomas Benski,FALSE,Producer,,
2020,Outstanding British Film,,Mogul Mowgli,,United Kingdom,Bennett McGhee,FALSE,Producer,,
2020,Outstanding British Film,,Rocks,,United Kingdom,Sarah Gavron,FALSE,Director,,
2020,Outstanding British Film,,Rocks,,United Kingdom,Sarah Gavron,FALSE,Producer,,
2020,Outstanding British Film,,Rocks,,United Kingdom,Ameenah Ayub Allen,FALSE,Producer,,
2020,Outstanding British Film,,Rocks,,United Kingdom,Faye Ward,FALSE,Producer,,
2020,Outstanding British Film,,Rocks,,United Kingdom,Theresa Ikoko,FALSE,Producer,,
2020,Outstanding British Film,,Rocks,,United Kingdom,Claire Wilson,FALSE,Producer,,
2020,Outstanding British Film,,Saint Maud,,United Kingdom,Rose Glass,FALSE,Director,,
2020,Outstanding British Film,,Saint Maud,,United Kingdom,Rose Glass,FALSE,Producer,,
2020,Outstanding British Film,,Saint Maud,,United Kingdom,Andrea Cornwell,FALSE,Producer,,
2020,Outstanding British Film,,Saint Maud,,United Kingdom,Oliver Kassman,FALSE,Producer,,
2020,Best Film Not in the English Language,Foreign Film,Another Round,Druk,Denmark,Thomas Vinterberg,TRUE,Director,,
2020,Best Film Not in the English Language,Foreign Film,Another Round,Druk,Denmark,Sisse Graum Jørgensen,TRUE,Producer,,
2020,Best Film Not in the English Language,Foreign Film,Another Round,Druk,Denmark,Kasper Dissing,TRUE,Producer,,
2020,Best Film Not in the English Language,Foreign Film,Dear Comrades!,"Дорогие товарищи!, Dorogie tovarishchi!",Russia,Andrei Konchalovsky,FALSE,Director,,
2020,Best Film Not in the English Language,Foreign Film,Dear Comrades!,"Дорогие товарищи!, Dorogie tovarishchi!",Russia,Andrei Konchalovsky,FALSE,Producer,,
2020,Best Film Not in the English Language,Foreign Film,Dear Comrades!,"Дорогие товарищи!, Dorogie tovarishchi!",Russia,Olesya Gidrat,FALSE,Producer,,
2020,Best Film Not in the English Language,Foreign Film,Dear Comrades!,"Дорогие товарищи!, Dorogie tovarishchi!",Russia,Alisher Usmanov,FALSE,Producer,,
2020,Best Film Not in the English Language,Foreign Film,Les Misérables,,France,Ladj Ly,FALSE,Director,,
2020,Best Film Not in the English Language,Foreign Film,Les Misérables,,France,Toufik Ayadi,FALSE,Producer,,
2020,Best Film Not in the English Language,Foreign Film,Les Misérables,,France,Christophe Barral,FALSE,Producer,,
2020,Best Film Not in the English Language,Foreign Film,Minari,,United States,Lee Isaac Chung,FALSE,Director,,
2020,Best Film Not in the English Language,Foreign Film,Minari,,United States,Dede Gardner,FALSE,Producer,,
2020,Best Film Not in the English Language,Foreign Film,Minari,,United States,Jeremy Kleiner,FALSE,Producer,,
2020,Best Film Not in the English Language,Foreign Film,Minari,,United States,Christina Oh,FALSE,Producer,,
2020,Best Film Not in the English Language,Foreign Film,"Quo Vadis, Aida?",,Bosnia and Herzegovina,Jasmila Žbanić,FALSE,Director,,
2020,Best Film Not in the English Language,Foreign Film,"Quo Vadis, Aida?",,Bosnia and Herzegovina,Damir Ibrahimović,FALSE,Producer,,
2020,Best Film Not in the English Language,Foreign Film,"Quo Vadis, Aida?",,Bosnia and Herzegovina,Jasmila Žbanić,FALSE,Producer,,
2020,Best Animated Film,Animated Feature-Length Film,Soul,,United States,Pete Docter,TRUE,Director,,
2020,Best Animated Film,Animated Feature-Length Film,Soul,,United States,Kemp Powers,TRUE,Director,,
2020,Best Animated Film,Animated Feature-Length Film,Soul,,United States,Dana Murray,TRUE,Producer,,
2020,Best Animated Film,Animated Feature-Length Film,Onward,,United States,Dan Scanlon,FALSE,Director,,
2020,Best Animated Film,Animated Feature-Length Film,Onward,,United States,Kori Rae,FALSE,Producer,,
2020,Best Animated Film,Animated Feature-Length Film,Wolfwalkers,,"United States, United Kingdom, Ireland, Luxembourg, France",Tomm Moore,FALSE,Director,,
2020,Best Animated Film,Animated Feature-Length Film,Wolfwalkers,,"United States, United Kingdom, Ireland, Luxembourg, France",Ross Stewart,FALSE,Director,,
2020,Best Animated Film,Animated Feature-Length Film,Wolfwalkers,,"United States, United Kingdom, Ireland, Luxembourg, France",Paul Young,FALSE,Producer,,
2020,Best Animated Film,Animated Feature-Length Film,Wolfwalkers,,"United States, United Kingdom, Ireland, Luxembourg, France",Nora Twomey,FALSE,Producer,,
2020,Best Animated Film,Animated Feature-Length Film,Wolfwalkers,,"United States, United Kingdom, Ireland, Luxembourg, France",Tomm Moore,FALSE,Producer,,
2020,Best Animated Film,Animated Feature-Length Film,Wolfwalkers,,"United States, United Kingdom, Ireland, Luxembourg, France",Stéphan Roelants,FALSE,Producer,,
2020,Best Documentary,Documentary Film,My Octopus Teacher,,,Pippa Ehrlich,TRUE,,,
2020,Best Documentary,Documentary Film,My Octopus Teacher,,,James Reed,TRUE,,,
2020,Best Documentary,Documentary Film,My Octopus Teacher,,,Craig Foster,TRUE,,,
2020,Best Documentary,Documentary Film,David Attenborough: A Life on Our Planet,,,Alastair Fothergill,FALSE,,,
2020,Best Documentary,Documentary Film,David Attenborough: A Life on Our Planet,,,Jonnie Hughes,FALSE,,,
2020,Best Documentary,Documentary Film,David Attenborough: A Life on Our Planet,,,Keith Scholey,FALSE,,,
2020,Best Documentary,Documentary Film,Collective,,,Alexander Nanau,FALSE,,,
2020,Best Documentary,Documentary Film,The Dissident,,,Bryan Fogel,FALSE,,,
2020,Best Documentary,Documentary Film,The Dissident,,,Thor Halvorssen,FALSE,,,
2020,Best Documentary,Documentary Film,The Dissident,,,Mark Monroe,FALSE,,,
2020,Best Documentary,Documentary Film,The Dissident,,,Jake Swantko,FALSE,,,
2020,Best Documentary,Documentary Film,The Social Dilemma,,,Jeff Orlowski,FALSE,,,
2020,Best Documentary,Documentary Film,The Social Dilemma,,,Larissa Rhodes,FALSE,,,
2020,Best Short Film,Live-Action Short Film,The Present,,,Farah Nabulsi,TRUE,,,
2020,Best Short Film,Live-Action Short Film,Eyelash,,,Jesse Lewis Reece,FALSE,,,
2020,Best Short Film,Live-Action Short Film,Eyelash,,,Ike Newman,FALSE,,,
2020,Best Short Film,Live-Action Short Film,Lizard,,,Akinola Davies,FALSE,,,
2020,Best Short Film,Live-Action Short Film,Lizard,,,Rachel Dargavel,FALSE,,,
2020,Best Short Film,Live-Action Short Film,Lizard,,,Wale Davies,FALSE,,,
2020,Best Short Film,Live-Action Short Film,Lucky Break,,,John Addis,FALSE,,,
2020,Best Short Film,Live-Action Short Film,Lucky Break,,,Rami Sarras Pantoja,FALSE,,,
2020,Best Short Film,Live-Action Short Film,Miss Curvy,,,Ghada Eldemellawy,FALSE,,,
2020,Best Short Animation,Animated Short Film,The Owl and the Pussycat,,,Mole Hill,TRUE,,,
2020,Best Short Animation,Animated Short Film,The Owl and the Pussycat,,,Laura Duncalf,TRUE,,,
2020,Best Short Animation,Animated Short Film,The Fire Next Time,,,Renaldho Pelle,FALSE,,,
2020,Best Short Animation,Animated Short Film,The Fire Next Time,,,Yanling Wang,FALSE,,,
2020,Best Short Animation,Animated Short Film,The Fire Next Time,,,Kerry Jade Kolbe,FALSE,,,
2020,Best Short Animation,Animated Short Film,The Song of a Lost Boy,,,Daniel Quirke,FALSE,,,
2020,Best Short Animation,Animated Short Film,The Song of a Lost Boy,,,Jamie MacDonald,FALSE,,,
2020,Best Short Animation,Animated Short Film,The Song of a Lost Boy,,,Brid Arnstein,FALSE,,,
2020,"Outstanding Début by a British Writer, Director, or Producer",,His House,,,Remi Weekes,TRUE,Writer,,
2020,"Outstanding Début by a British Writer, Director, or Producer",,His House,,,Remi Weekes,TRUE,Director,,
2020,"Outstanding Début by a British Writer, Director, or Producer",,Limbo,,,Ben Sharrock,FALSE,Writer,,
2020,"Outstanding Début by a British Writer, Director, or Producer",,Limbo,,,Ben Sharrock,FALSE,Director,,
2020,"Outstanding Début by a British Writer, Director, or Producer",,Limbo,,,Irune Gurtubai,FALSE,Producer,,
2020,"Outstanding Début by a British Writer, Director, or Producer",,Moffie,,,Jack Sidney,FALSE,Writer,,
2020,"Outstanding Début by a British Writer, Director, or Producer",,Moffie,,,Jack Sidney,FALSE,Producer,,
2020,"Outstanding Début by a British Writer, Director, or Producer",,Rocks,,,Theresa Ikoko,FALSE,,,
2020,"Outstanding Début by a British Writer, Director, or Producer",,Rocks,,,Claire Wilson,FALSE,Writer,,
2020,"Outstanding Début by a British Writer, Director, or Producer",,Saint Maud,,,Rose Glass,FALSE,Writer,,
2020,"Outstanding Début by a British Writer, Director, or Producer",,Saint Maud,,,Rose Glass,FALSE,Director,,
2020,"Outstanding Début by a British Writer, Director, or Producer",,Saint Maud,,,Oliver Kassman,FALSE,Producer,,
2020,Best Direction,Director,Nomadland,,,Chloé Zhao,TRUE,,,
2020,Best Direction,Director,Minari,,,Lee Isaac Chung,FALSE,,,
2020,Best Direction,Director,Rocks,,,Sarah Gavron,FALSE,,,
2020,Best Direction,Director,Babyteeth,,,Shannon Murphy,FALSE,,,
2020,Best Direction,Director,Another Round,,,Thomas Vinterberg,FALSE,,,
2020,Best Direction,Director,"Quo Vadis, Aida?",,,Jasmila Žbanić,FALSE,,,
2020,Best Adapted Screenplay,Screenplay (Adapted),The Father,,,Florian Zeller,TRUE,,Le Père (The Father) by Florian Zeller,
2020,Best Adapted Screenplay,Screenplay (Adapted),The Father,,,Christopher Hampton,TRUE,,Le Père (The Father) by Florian Zeller,
2020,Best Adapted Screenplay,Screenplay (Adapted),The Dig,,,Moira Buffini,FALSE,,The Dig by John Preston,
2020,Best Adapted Screenplay,Screenplay (Adapted),The Mauritanian,,,M.B. Traven,FALSE,,Guantanamo Diary by Mohamedou Ould Salahi,
2020,Best Adapted Screenplay,Screenplay (Adapted),The Mauritanian,,,Rory Haines,FALSE,,Guantanamo Diary by Mohamedou Ould Salahi,
2020,Best Adapted Screenplay,Screenplay (Adapted),The Mauritanian,,,Sohrab Noshirvani,FALSE,,Guantanamo Diary by Mohamedou Ould Salahi,
2020,Best Adapted Screenplay,Screenplay (Adapted),Nomadland,,,Chloé Zhao,FALSE,,Nomadland by Jessica Bruder,
2020,Best Adapted Screenplay,Screenplay (Adapted),The White Tiger,,,Ramin Bahrani,FALSE,,The White Tiger by Aravind Adiga,
2020,Best Original Screenplay,Screenplay (Original),Promising Young Woman,,,Emerald Fennell,TRUE,,,
2020,Best Original Screenplay,Screenplay (Original),Another Round,,,Tobias Lindholm,FALSE,,,
2020,Best Original Screenplay,Screenplay (Original),Another Round,,,Thomas Vinterberg,FALSE,,,
2020,Best Original Screenplay,Screenplay (Original),Mank,,,Jack Fincher,FALSE,,,
2020,Best Original Screenplay,Screenplay (Original),Rocks,,,Theresa Ikoko,FALSE,,,
2020,Best Original Screenplay,Screenplay (Original),Rocks,,,Claire Wilson,FALSE,,,
2020,Best Original Screenplay,Screenplay (Original),The Trial of the Chicago 7,,,Aaron Sorkin,FALSE,,,
2020,Best Actor in a Leading Role,Actor in a Leading Role,The Father,,,Anthony Hopkins,TRUE,,,Anthony
2020,Best Actor in a Leading Role,Actor in a Leading Role,Sound of Metal,,,Riz Ahmed,FALSE,,,Ruben Stone
2020,Best Actor in a Leading Role,Actor in a Leading Role,Ma Rainey's Black Bottom,,,Chadwick Boseman,FALSE,,,Levee Green
2020,Best Actor in a Leading Role,Actor in a Leading Role,The White Tiger,,,Adarsh Gourav,FALSE,,,Balram Halwai
2020,Best Actor in a Leading Role,Actor in a Leading Role,Another Round,,,Mads Mikkelsen,FALSE,,,Martin
2020,Best Actor in a Leading Role,Actor in a Leading Role,The Mauritanian,,,Tahar Rahim,FALSE,,,Mohamedou Ould Salahi
2020,Best Actress in a Leading Role,Actress in a Leading Role,Nomadland,,,Frances McDormand,TRUE,,,Fern
2020,Best Actress in a Leading Role,Actress in a Leading Role,Rocks,,,Bukky Bakray,FALSE,,,"Olushola ""Rocks"" Omotoso"
2020,Best Actress in a Leading Role,Actress in a Leading Role,The Forty-Year-Old Version,,,Radha Blank,FALSE,,,Radha Blank
2020,Best Actress in a Leading Role,Actress in a Leading Role,Pieces of a Woman,,,Vanessa Kirby,FALSE,,,Martha Weiss
2020,Best Actress in a Leading Role,Actress in a Leading Role,His House,,,Wunmi Mosaku,FALSE,,,Rial Majur
2020,Best Actress in a Leading Role,Actress in a Leading Role,Clemency,,,Alfre Woodard,FALSE,,,Bernardine Williams
2020,Best Actor in a Supporting Role,Actor in a Supporting Role,Judas and the Black Messiah,,,Daniel Kaluuya,TRUE,,,Fred Hampton
2020,Best Actor in a Supporting Role,Actor in a Supporting Role,Calm with Horses,,,Barry Keoghan,FALSE,,,Dymphna
2020,Best Actor in a Supporting Role,Actor in a Supporting Role,Minari,,,Alan Kim,FALSE,,,David Yi
2020,Best Actor in a Supporting Role,Actor in a Supporting Role,One Night in Miami...,,,Leslie Odom Jr.,FALSE,,,Sam Cooke
2020,Best Actor in a Supporting Role,Actor in a Supporting Role,Da 5 Bloods,,,Clarke Peters,FALSE,,,Otis
2020,Best Actor in a Supporting Role,Actor in a Supporting Role,Sound of Metal,,,Paul Raci,FALSE,,,Joe
2020,Best Actress in a Supporting Role,Actress in a Supporting Role,Minari,,,Youn Yuh-jung,TRUE,,,Soon-ja
2020,Best Actress in a Supporting Role,Actress in a Supporting Role,Rocks,,,Kosar Ali,FALSE,,,Sumaya
2020,Best Actress in a Supporting Role,Actress in a Supporting Role,Borat Subsequent Moviefilm,,,Maria Bakalova,FALSE,,,Tutar Sagdiyev
2020,Best Actress in a Supporting Role,Actress in a Supporting Role,Judas and the Black Messiah,,,Dominique Fishback,FALSE,,,Deborah Johnson
2020,Best Actress in a Supporting Role,Actress in a Supporting Role,County Lines,,,Ashley Madekwe,FALSE,,,Toni
2020,Best Actress in a Supporting Role,Actress in a Supporting Role,Calm with Horses,,,Niamh Algar,FALSE,,,Ursula
2020,Best Cinematography,Cinematography,Nomadland,,,Joshua James Richards,TRUE,,,
2020,Best Cinematography,Cinematography,Judas and the Black Messiah,,,Sean Bobbitt,FALSE,,,
2020,Best Cinematography,Cinematography,Mank,,,Erik Messerschmidt,FALSE,,,
2020,Best Cinematography,Cinematography,The Mauritanian,,,Alwin H. Küchler,FALSE,,,
2020,Best Cinematography,Cinematography,News of the World,,,Dariusz Wolski,FALSE,,,
2020,Best Editing,Film Editing,Sound of Metal,,,Mikkel E. G. Nielsen,TRUE,,,
2020,Best Editing,Film Editing,The Father,,,Yorgos Lamprinos,FALSE,,,
2020,Best Editing,Film Editing,Nomadland,,,Chloé Zhao,FALSE,,,
2020,Best Editing,Film Editing,Promising Young Woman,,,Frédéric Thoraval,FALSE,,,
2020,Best Editing,Film Editing,The Trial of the Chicago 7,,,Alan Baumgarten,FALSE,,,
2020,Best Costume Design,Costuming,Ma Rainey's Black Bottom,,,Ann Roth,TRUE,,,
2020,Best Costume Design,Costuming,Ammonite,,,Michael O'Connor,FALSE,,,
2020,Best Costume Design,Costuming,The Dig,,,Alice Babidge,FALSE,,,
2020,Best Costume Design,Costuming,Emma,,,Alexandra Byrne,FALSE,,,
2020,Best Costume Design,Costuming,Mank,,,Trish Summerville,FALSE,,,
2020,Best Production Design,Art Direction,Mank,,,Donald Graham Burt,TRUE,,,
2020,Best Production Design,Art Direction,Mank,,,Jan Pascale,TRUE,,,
2020,Best Production Design,Art Direction,The Dig,,,Maria Djurkovic,FALSE,,,
2020,Best Production Design,Art Direction,The Dig,,,Tatiana Macdonald,FALSE,,,
2020,Best Production Design,Art Direction,The Father,,,Peter Francis,FALSE,,,
2020,Best Production Design,Art Direction,The Father,,,Cathy Featherstone,FALSE,,,
2020,Best Production Design,Art Direction,News of the World,,,David Crank,FALSE,,,
2020,Best Production Design,Art Direction,News of the World,,,Elizabeth Keenan,FALSE,,,
2020,Best Production Design,Art Direction,Rebecca,,,Sarah Greenwood,FALSE,,,
2020,Best Production Design,Art Direction,Rebecca,,,Katie Spencer,FALSE,,,
2020,Best Make-up and Hair,Make-Up & Hairstyling,Ma Rainey's Black Bottom,,,Matiki Anoff,TRUE,,,
2020,Best Make-up and Hair,Make-Up & Hairstyling,Ma Rainey's Black Bottom,,,Larry M. Cherry,TRUE,,,
2020,Best Make-up and Hair,Make-Up & Hairstyling,Ma Rainey's Black Bottom,,,Sergio Lopez-Rivera,TRUE,,,
2020,Best Make-up and Hair,Make-Up & Hairstyling,Ma Rainey's Black Bottom,,,Mia Neal,TRUE,,,
2020,Best Make-up and Hair,Make-Up & Hairstyling,The Dig,,,Jenny Shircore,FALSE,,,
2020,Best Make-up and Hair,Make-Up & Hairstyling,Hillbilly Elegy,,,Patricia Dehaney,FALSE,,,
2020,Best Make-up and Hair,Make-Up & Hairstyling,Hillbilly Elegy,,,Eryn Krueger Mekash,FALSE,,,
2020,Best Make-up and Hair,Make-Up & Hairstyling,Hillbilly Elegy,,,Matthew W. Mungle,FALSE,,,
2020,Best Make-up and Hair,Make-Up & Hairstyling,Mank,,,Colleen LaBaff,FALSE,,,
2020,Best Make-up and Hair,Make-Up & Hairstyling,Mank,,,Kimberley Spiteri,FALSE,,,
2020,Best Make-up and Hair,Make-Up & Hairstyling,Mank,,,Gigi Williams,FALSE,,,
2020,Best Make-up and Hair,Make-Up & Hairstyling,Pinocchio,,,Dalia Colli,FALSE,,,
2020,Best Make-up and Hair,Make-Up & Hairstyling,Pinocchio,,,Mark Coulier,FALSE,,,
2020,Best Make-up and Hair,Make-Up & Hairstyling,Pinocchio,,,Francesco Pegoretti,FALSE,,,
2020,Best Original Music,Original Score,Soul,,,Jon Batiste,TRUE,,,
2020,Best Original Music,Original Score,Soul,,,Trent Reznor,TRUE,,,
2020,Best Original Music,Original Score,Soul,,,Atticus Ross,TRUE,,,
2020,Best Original Music,Original Score,Minari,,,Emile Mosseri,FALSE,,,
2020,Best Original Music,Original Score,News of the World,,,James Newton Howard,FALSE,,,
2020,Best Original Music,Original Score,Promising Young Woman,,,Anthony Willis,FALSE,,,
2020,Best Original Music,Original Score,Mank,,,Trent Reznor,FALSE,,,
2020,Best Original Music,Original Score,Mank,,,Atticus Ross,FALSE,,,
2020,Best Sound,Sound Mixing,Sound of Metal,,,Jaime Baksht,TRUE,,,
2020,Best Sound,Sound Mixing,Sound of Metal,,,Nicolas Becker,TRUE,,,
2020,Best Sound,Sound Mixing,Sound of Metal,,,Phillip Bladh,TRUE,,,
2020,Best Sound,Sound Mixing,Sound of Metal,,,Carlos Cortés,TRUE,,,
2020,Best Sound,Sound Mixing,Sound of Metal,,,Michelle Couttolenc,TRUE,,,
2020,Best Sound,Sound Mixing,Greyhound,,,Beau Borders,FALSE,,,
2020,Best Sound,Sound Mixing,Greyhound,,,Christian P. Minkler,FALSE,,,
2020,Best Sound,Sound Mixing,Greyhound,,,Michael Minkler,FALSE,,,
2020,Best Sound,Sound Mixing,Greyhound,,,Warren Shaw,FALSE,,,
2020,Best Sound,Sound Mixing,Greyhound,,,David Wyman,FALSE,,,
2020,Best Sound,Sound Mixing,News of the World,,,Michael Fentum,FALSE,,,
2020,Best Sound,Sound Mixing,News of the World,,,William Miller,FALSE,,,
2020,Best Sound,Sound Mixing,News of the World,,,John Pritchett,FALSE,,,
2020,Best Sound,Sound Mixing,News of the World,,,Mike Prestwood Smith,FALSE,,,
2020,Best Sound,Sound Mixing,News of the World,,,Oliver Tarney,FALSE,,,
2020,Best Sound,Sound Mixing,Nomadland,,,Sergio Díaz,FALSE,,,
2020,Best Sound,Sound Mixing,Nomadland,,,Zach Seivers,FALSE,,,
2020,Best Sound,Sound Mixing,Nomadland,,,M. Wolf Snyder,FALSE,,,
2020,Best Sound,Sound Mixing,Soul,,,Coya Elliott,FALSE,,,
2020,Best Sound,Sound Mixing,Soul,,,Ren Klyce,FALSE,,,
2020,Best Sound,Sound Mixing,Soul,,,David Parker,FALSE,,,
2020,Best Special Visual Effects,Effects,Tenet,,,Scott Fisher,TRUE,,,
2020,Best Special Visual Effects,Effects,Tenet,,,Andrew Jackson,TRUE,,,
2020,Best Special Visual Effects,Effects,Tenet,,,Andrew Lockley,TRUE,,,
2020,Best Special Visual Effects,Effects,Greyhound,,,Pete Bebb,FALSE,,,
2020,Best Special Visual Effects,Effects,Greyhound,,,Nathan McGuinness,FALSE,,,
2020,Best Special Visual Effects,Effects,Greyhound,,,Sebastian von Overheidt,FALSE,,,
2020,Best Special Visual Effects,Effects,The Midnight Sky,,,Matt Kasmir,FALSE,,,
2020,Best Special Visual Effects,Effects,The Midnight Sky,,,Chris Lawrence,FALSE,,,
2020,Best Special Visual Effects,Effects,The Midnight Sky,,,David Watkins,FALSE,,,
2020,Best Special Visual Effects,Effects,Mulan,,,Sean Faden,FALSE,,,
2020,Best Special Visual Effects,Effects,Mulan,,,Steve Ingram,FALSE,,,
2020,Best Special Visual Effects,Effects,Mulan,,,Anders Langlands,FALSE,,,
2020,Best Special Visual Effects,Effects,Mulan,,,Seth Maury,FALSE,,,
2020,Best Special Visual Effects,Effects,The One and Only Ivan,,,Santiago Colomo Martinez,FALSE,,,
2020,Best Special Visual Effects,Effects,The One and Only Ivan,,,Nick Davis,FALSE,,,
2020,Best Special Visual Effects,Effects,The One and Only Ivan,,,Greg Fisher,FALSE,,,
2020,Best Casting,,Rocks,,,Lucy Pardee,TRUE,,,
2020,Best Casting,,Calm with Horses,,,Shaheen Baig,FALSE,,,
2020,Best Casting,,Judas and the Black Messiah,,,Alexa L. Fogel,FALSE,,,
2020,Best Casting,,Minari,,,Julia Kim,FALSE,,,
2020,Best Casting,,Promising Young Woman,,,Lindsay Graham Ahanonu,FALSE,,,
2020,Best Casting,,Promising Young Woman,,,Mary Vernieu,FALSE,,,
2020,Rising Star Award,,,,,Bukky Bakray,TRUE,,,
2020,Rising Star Award,,,,,Kingsley Ben-Adir,FALSE,,,
2020,Rising Star Award,,,,,Morfydd Clark,FALSE,,,
2020,Rising Star Award,,,,,Sope Dirisu,FALSE,,,
2020,Rising Star Award,,,,,Conrad Khan,FALSE,,,
2019,Best Film,Live-Action Feature-Length Film,1917,,"United Kingdom
United States",Sam Mendes,TRUE,Director,,
2019,Best Film,Live-Action Feature-Length Film,1917,,"United Kingdom
United States",Pippa Harris,TRUE,Producer,,
2019,Best Film,Live-Action Feature-Length Film,1917,,"United Kingdom
United States",Callum McDougall,TRUE,Producer,,
2019,Best Film,Live-Action Feature-Length Film,1917,,"United Kingdom
United States",Sam Mendes,TRUE,Producer,,
2019,Best Film,Live-Action Feature-Length Film,1917,,"United Kingdom
United States",Jayne-Ann Tenggren,TRUE,Producer,,
2019,Best Film,Live-Action Feature-Length Film,The Irishman,,United States,Martin Scorsese,FALSE,Director,,
2019,Best Film,Live-Action Feature-Length Film,The Irishman,,United States,Robert De Niro,FALSE,Producer,,
2019,Best Film,Live-Action Feature-Length Film,The Irishman,,United States,Jane Rosenthal,FALSE,Producer,,
2019,Best Film,Live-Action Feature-Length Film,The Irishman,,United States,Martin Scorsese,FALSE,Producer,,
2019,Best Film,Live-Action Feature-Length Film,The Irishman,,United States,Emma Tillinger Koskoff,FALSE,Producer,,
2019,Best Film,Live-Action Feature-Length Film,Joker,,United States,Todd Phillips,FALSE,Director,,
2019,Best Film,Live-Action Feature-Length Film,Joker,,United States,Bradley Cooper,FALSE,Producer,,
2019,Best Film,Live-Action Feature-Length Film,Joker,,United States,Todd Phillips,FALSE,Producer,,
2019,Best Film,Live-Action Feature-Length Film,Joker,,United States,Emma Tillinger Koskoff,FALSE,Producer,,
2019,Best Film,Live-Action Feature-Length Film,Once Upon a Time in Hollywood,,"United States
United Kingdom",Quentin Tarantino,FALSE,Director,,
2019,Best Film,Live-Action Feature-Length Film,Once Upon a Time in Hollywood,,"United States
United Kingdom",David Heyman,FALSE,Producer,,
2019,Best Film,Live-Action Feature-Length Film,Once Upon a Time in Hollywood,,"United States
United Kingdom",Shannon McIntosh,FALSE,Producer,,
2019,Best Film,Live-Action Feature-Length Film,Once Upon a Time in Hollywood,,"United States
United Kingdom",Quentin Tarantino,FALSE,Producer,,
2019,Best Film,Live-Action Feature-Length Film,"Parasite (기생충, Gisaengchoong)",,South Korea,Bong Joon-ho,FALSE,Director,,
2019,Best Film,Live-Action Feature-Length Film,"Parasite (기생충, Gisaengchoong)",,South Korea,Bong Joon-ho,FALSE,Producer,,
2019,Best Film,Live-Action Feature-Length Film,"Parasite (기생충, Gisaengchoong)",,South Korea,Kwak Sin-ae,FALSE,Producer,,
2019,Outstanding British Film,,1917,,United Kingdom,Sam Mendes,TRUE,Director,,
2019,Outstanding British Film,,1917,,United Kingdom,Sam Mendes,TRUE,Producer,,
2019,Outstanding British Film,,1917,,United Kingdom,Pippa Harris,TRUE,Producer,,
2019,Outstanding British Film,,1917,,United Kingdom,Jayne-Ann Tenggren,TRUE,Producer,,
2019,Outstanding British Film,,1917,,United Kingdom,Callum McDougall,TRUE,Producer,,
2019,Outstanding British Film,,1917,,United Kingdom,Krysty Wilson-Cairns,TRUE,Producer,,
2019,Outstanding British Film,,Bait,,United Kingdom,Mark Jenkin,FALSE,Director,,
2019,Outstanding British Film,,Bait,,United Kingdom,Mark Jenkin,FALSE,Producer,,
2019,Outstanding British Film,,Bait,,United Kingdom,Kate Byers,FALSE,Producer,,
2019,Outstanding British Film,,Bait,,United Kingdom,Linn Waite,FALSE,Producer,,
2019,Outstanding British Film,,For Sama,,United Kingdom,Waad Al-Khateab,FALSE,Director,,
2019,Outstanding British Film,,For Sama,,United Kingdom,Edward Watts,FALSE,Director,,
2019,Outstanding British Film,,For Sama,,United Kingdom,Waad Al-Khateab,FALSE,Producer,,
2019,Outstanding British Film,,For Sama,,United Kingdom,Edward Watts,FALSE,Producer,,
2019,Outstanding British Film,,Rocketman,,United Kingdom,Dexter Fletcher,FALSE,Director,,
2019,Outstanding British Film,,Rocketman,,United Kingdom,Dexter Fletcher,FALSE,Producer,,
2019,Outstanding British Film,,Rocketman,,United Kingdom,Adam Bohling,FALSE,Producer,,
2019,Outstanding British Film,,Rocketman,,United Kingdom,David Furnish,FALSE,Producer,,
2019,Outstanding British Film,,Rocketman,,United Kingdom,David Reid,FALSE,Producer,,
2019,Outstanding British Film,,Rocketman,,United Kingdom,Matthew Vaughn,FALSE,Producer,,
2019,Outstanding British Film,,Rocketman,,United Kingdom,Lee Hall,FALSE,Producer,,
2019,Outstanding British Film,,Sorry We Missed You,,United Kingdom,Ken Loach,FALSE,Director,,
2019,Outstanding British Film,,Sorry We Missed You,,United Kingdom,Ken Loach,FALSE,Producer,,
2019,Outstanding British Film,,Sorry We Missed You,,United Kingdom,Rebecca O'Brien,FALSE,Producer,,
2019,Outstanding British Film,,Sorry We Missed You,,United Kingdom,Paul Laverty,FALSE,Producer,,
2019,Outstanding British Film,,The Two Popes,,United Kingdom,Fernando Meirelles,FALSE,Director,,
2019,Outstanding British Film,,The Two Popes,,United Kingdom,Fernando Meirelles,FALSE,Producer,,
2019,Outstanding British Film,,The Two Popes,,United Kingdom,Jonathan Eirich,FALSE,Producer,,
2019,Outstanding British Film,,The Two Popes,,United Kingdom,Dan Lin,FALSE,Producer,,
2019,Outstanding British Film,,The Two Popes,,United Kingdom,Tracey Seaward,FALSE,Producer,,
2019,Outstanding British Film,,The Two Popes,,United Kingdom,Anthony McCarten,FALSE,Producer,,
2019,Best Film Not in the English Language,Foreign Film,Parasite,"기생충, Gisaengchung",South Korea,Bong Joon-ho,TRUE,Director,,
2019,Best Film Not in the English Language,Foreign Film,Parasite,"기생충, Gisaengchung",South Korea,Bong Joon-ho,TRUE,Producer,,
2019,Best Film Not in the English Language,Foreign Film,Parasite,"기생충, Gisaengchung",South Korea,Kwak Sin-ae,TRUE,Producer,,
2019,Best Film Not in the English Language,Foreign Film,Parasite,"기생충, Gisaengchung",South Korea,Moon Yang-kwon,TRUE,Producer,,
2019,Best Film Not in the English Language,Foreign Film,Parasite,"기생충, Gisaengchung",South Korea,Jang Young-hwan,TRUE,Producer,,
2019,Best Film Not in the English Language,Foreign Film,The Farewell,,United States,Lulu Wang,FALSE,Director,,
2019,Best Film Not in the English Language,Foreign Film,The Farewell,,United States,Lulu Wang,FALSE,Producer,,
2019,Best Film Not in the English Language,Foreign Film,The Farewell,,United States,Daniele Tate Melia,FALSE,Producer,,
2019,Best Film Not in the English Language,Foreign Film,The Farewell,,United States,Anita Gou,FALSE,Producer,,
2019,Best Film Not in the English Language,Foreign Film,The Farewell,,United States,Jane Zheng,FALSE,Producer,,
2019,Best Film Not in the English Language,Foreign Film,For Sama,"من أجل سما, ‘min ajl sama‘","Syria
 United Kingdom",Waad Al-Kateab,FALSE,Director,,
2019,Best Film Not in the English Language,Foreign Film,For Sama,"من أجل سما, ‘min ajl sama‘","Syria
 United Kingdom",Edward Watts,FALSE,Director,,
2019,Best Film Not in the English Language,Foreign Film,For Sama,"من أجل سما, ‘min ajl sama‘","Syria
 United Kingdom",Waad Al-Kateab,FALSE,Producer,,
2019,Best Film Not in the English Language,Foreign Film,Pain and Glory,Dolor y gloria,Spain,Pedro Almodóvar,FALSE,Director,,
2019,Best Film Not in the English Language,Foreign Film,Pain and Glory,Dolor y gloria,Spain,Agustín Almodóvar,FALSE,Producer,,
2019,Best Film Not in the English Language,Foreign Film,Pain and Glory,Dolor y gloria,Spain,Esther García,FALSE,Producer,,
2019,Best Film Not in the English Language,Foreign Film,Pain and Glory,Dolor y gloria,Spain,Ricardo Marco Budé,FALSE,Producer,,
2019,Best Film Not in the English Language,Foreign Film,Pain and Glory,Dolor y gloria,Spain,Ignacio Salazar-Simpson,FALSE,Producer,,
2019,Best Film Not in the English Language,Foreign Film,Portrait of a Lady on Fire,Portrait de la jeune fille en feu,France,Céline Sciamma,FALSE,Director,,
2019,Best Film Not in the English Language,Foreign Film,Portrait of a Lady on Fire,Portrait de la jeune fille en feu,France,Bénédicte Couvreur,FALSE,Producer,,
2019,Best Animated Film,Animated Feature-Length Film,Klaus,,Spain,Sergio Pablos,TRUE,Director,,
2019,Best Animated Film,Animated Feature-Length Film,Klaus,,Spain,Jinko Gotoh,TRUE,Producer,,
2019,Best Animated Film,Animated Feature-Length Film,Frozen II,,United States,Chris Buck,FALSE,Director,,
2019,Best Animated Film,Animated Feature-Length Film,Frozen II,,United States,Jennifer Lee,FALSE,Director,,
2019,Best Animated Film,Animated Feature-Length Film,Frozen II,,United States,Peter Del Vecho,FALSE,Producer,,
2019,Best Animated Film,Animated Feature-Length Film,A Shaun the Sheep Movie: Farmageddon,,United Kingdom,Will Becher,FALSE,Director,,
2019,Best Animated Film,Animated Feature-Length Film,A Shaun the Sheep Movie: Farmageddon,,United Kingdom,Richard Phelan,FALSE,Director,,
2019,Best Animated Film,Animated Feature-Length Film,A Shaun the Sheep Movie: Farmageddon,,United Kingdom,Paul Kewley,FALSE,Producer,,
2019,Best Animated Film,Animated Feature-Length Film,Toy Story 4,,United States,Josh Cooley,FALSE,Director,,
2019,Best Animated Film,Animated Feature-Length Film,Toy Story 4,,United States,Mark Nielsen,FALSE,Producer,,
2019,Best Documentary,Documentary Film,For Sama,,,Waad al-Kateab,TRUE,,,
2019,Best Documentary,Documentary Film,For Sama,,,Edward Watts,TRUE,,,
2019,Best Documentary,Documentary Film,American Factory,,,Steven Bognar,FALSE,,,
2019,Best Documentary,Documentary Film,American Factory,,,Julia Reichert,FALSE,,,
2019,Best Documentary,Documentary Film,Apollo 11,,,Todd Douglas Miller,FALSE,,,
2019,Best Documentary,Documentary Film,Diego Maradona,,,Asif Kapadia,FALSE,,,
2019,Best Documentary,Documentary Film,Diego Maradona,,,James Gay-Rees,FALSE,,,
2019,Best Documentary,Documentary Film,Diego Maradona,,,Paul Martin,FALSE,,,
2019,Best Documentary,Documentary Film,The Great Hack,,,Karim Amer,FALSE,,,
2019,Best Documentary,Documentary Film,The Great Hack,,,Jehane Noujaim,FALSE,,,
2019,Best Short Film,Live-Action Short Film,Learning to Skateboard in a Warzone (If You're a Girl),,,Carol Dysinger,TRUE,,,
2019,Best Short Film,Live-Action Short Film,Learning to Skateboard in a Warzone (If You're a Girl),,,Elena Andreicheva,TRUE,,,
2019,Best Short Film,Live-Action Short Film,Azaar,,,Myriam Raja,FALSE,,,
2019,Best Short Film,Live-Action Short Film,Azaar,,,Nathanael Baring,FALSE,,,
2019,Best Short Film,Live-Action Short Film,Goldfish,,,Hector Dockrill,FALSE,,,
2019,Best Short Film,Live-Action Short Film,Goldfish,,,Harri Kamalanathan,FALSE,,,
2019,Best Short Film,Live-Action Short Film,Goldfish,,,Benedict Turnbull,FALSE,,,
2019,Best Short Film,Live-Action Short Film,Goldfish,,,Laura Dockrill,FALSE,,,
2019,Best Short Film,Live-Action Short Film,Kamali,,,Sasha Rainbow,FALSE,,,
2019,Best Short Film,Live-Action Short Film,Kamali,,,Rosalind Croad,FALSE,,,
2019,Best Short Film,Live-Action Short Film,The Trap,,,Lena Headey,FALSE,,,
2019,Best Short Film,Live-Action Short Film,The Trap,,,Anthony Fitzgerald,FALSE,,,
2019,Best Short Animation,Animated Short Film,Grandad Was A Romantic,,,Maryam Mohajer,TRUE,,,
2019,Best Short Animation,Animated Short Film,In her Boots,,,Kathrin Steinbacher,FALSE,,,
2019,Best Short Animation,Animated Short Film,The Magic Boat,,,Naaman Azhari,FALSE,,,
2019,Best Short Animation,Animated Short Film,The Magic Boat,,,Lilia Laurel,FALSE,,,
2019,"Outstanding Début by a British Writer, Director, or Producer",,Bait,,,Mark Jenkin,TRUE,Writer,,
2019,"Outstanding Début by a British Writer, Director, or Producer",,Bait,,,Mark Jenkin,TRUE,Director,,
2019,"Outstanding Début by a British Writer, Director, or Producer",,Bait,,,Kate Byers,TRUE,,,
2019,"Outstanding Début by a British Writer, Director, or Producer",,Bait,,,Lynn Waite,TRUE,Producers,,
2019,"Outstanding Début by a British Writer, Director, or Producer",,For Sama,,,Waad Al-Khateab,FALSE,Director,,
2019,"Outstanding Début by a British Writer, Director, or Producer",,For Sama,,,Waad Al-Khateab,FALSE,Producer,,
2019,"Outstanding Début by a British Writer, Director, or Producer",,For Sama,,,Edward Watts,FALSE,director,,
2019,"Outstanding Début by a British Writer, Director, or Producer",,Maiden,,,Alex Holmes,FALSE,Director,,
2019,"Outstanding Début by a British Writer, Director, or Producer",,Only You,,,Harry Wootliff,FALSE,Writer,,
2019,"Outstanding Début by a British Writer, Director, or Producer",,Only You,,,Harry Wootliff,FALSE,Director,,
2019,"Outstanding Début by a British Writer, Director, or Producer",,Retablo,,,Alvaro Delgado-Aparicio,FALSE,Writer,,
2019,"Outstanding Début by a British Writer, Director, or Producer",,Retablo,,,Alvaro Delgado-Aparicio,FALSE,Director,,
2019,Best Direction,Director,1917,,,Sam Mendes,TRUE,,,
2019,Best Direction,Director,Parasite,,,Bong Joon-ho,FALSE,,,
2019,Best Direction,Director,Joker,,,Todd Phillips,FALSE,,,
2019,Best Direction,Director,The Irishman,,,Martin Scorsese,FALSE,,,
2019,Best Direction,Director,Once Upon a Time in Hollywood,,,Quentin Tarantino,FALSE,,,
2019,Best Adapted Screenplay,Screenplay (Adapted),Jojo Rabbit,,,Taika Waititi,TRUE,,Caging Skies by Christine Leunens,
2019,Best Adapted Screenplay,Screenplay (Adapted),The Irishman,,,Steven Zaillian,FALSE,,I Heard You Paint Houses by Charles Brandt,
2019,Best Adapted Screenplay,Screenplay (Adapted),Joker,,,Todd Phillips,FALSE,,Characters by DC,
2019,Best Adapted Screenplay,Screenplay (Adapted),Joker,,,Scott Silver,FALSE,,Characters by DC,
2019,Best Adapted Screenplay,Screenplay (Adapted),Little Women,,,Greta Gerwig,FALSE,,Little Women by Louisa May Alcott,
2019,Best Adapted Screenplay,Screenplay (Adapted),The Two Popes,,,Anthony McCarten,FALSE,,The Pope by Anthony McCarten,
2019,Best Original Screenplay,Screenplay (Original),Parasite,,,Han Jin Won,TRUE,,,
2019,Best Original Screenplay,Screenplay (Original),Parasite,,,Bong Joon-ho,TRUE,,,
2019,Best Original Screenplay,Screenplay (Original),Booksmart,,,Susanna Fogel,FALSE,,,
2019,Best Original Screenplay,Screenplay (Original),Booksmart,,,Emily Halpern,FALSE,,,
2019,Best Original Screenplay,Screenplay (Original),Booksmart,,,Sarah Haskins,FALSE,,,
2019,Best Original Screenplay,Screenplay (Original),Booksmart,,,Katie Silberman,FALSE,,,
2019,Best Original Screenplay,Screenplay (Original),Marriage Story,,,Noah Baumbach,FALSE,,,
2019,Best Original Screenplay,Screenplay (Original),Knives Out,,,Rian Johnson,FALSE,,,
2019,Best Original Screenplay,Screenplay (Original),Once Upon a Time in Hollywood,,,Quentin Tarantino,FALSE,,,
2019,Best Actor in a Leading Role,Actor in a Leading Role,Joker,,,Joaquin Phoenix,TRUE,,,Arthur Fleck / Joker
2019,Best Actor in a Leading Role,Actor in a Leading Role,Once Upon a Time in Hollywood,,,Leonardo DiCaprio,FALSE,,,Rick Dalton
2019,Best Actor in a Leading Role,Actor in a Leading Role,Marriage Story,,,Adam Driver,FALSE,,,Charlie Barber
2019,Best Actor in a Leading Role,Actor in a Leading Role,Rocketman,,,Taron Egerton,FALSE,,,Elton John
2019,Best Actor in a Leading Role,Actor in a Leading Role,The Two Popes,,,Jonathan Pryce,FALSE,,,Cardinal Jorge Mario Bergoglio
2019,Best Actress in a Leading Role,Actress in a Leading Role,Judy,,,Renée Zellweger,TRUE,,,Judy Garland
2019,Best Actress in a Leading Role,Actress in a Leading Role,Wild Rose,,,Jessie Buckley,FALSE,,,Rose-Lynn Harlan
2019,Best Actress in a Leading Role,Actress in a Leading Role,Marriage Story,,,Scarlett Johansson,FALSE,,,Nicole Barber
2019,Best Actress in a Leading Role,Actress in a Leading Role,Little Women,,,Saoirse Ronan,FALSE,,,"Josephine ""Jo"" March"
2019,Best Actress in a Leading Role,Actress in a Leading Role,Bombshell,,,Charlize Theron,FALSE,,,Megyn Kelly
2019,Best Actor in a Supporting Role,Actor in a Supporting Role,Once Upon a Time in Hollywood,,,Brad Pitt,TRUE,,,Cliff Booth
2019,Best Actor in a Supporting Role,Actor in a Supporting Role,A Beautiful Day in the Neighborhood,,,Tom Hanks,FALSE,,,Fred Rogers
2019,Best Actor in a Supporting Role,Actor in a Supporting Role,The Two Popes,,,Anthony Hopkins,FALSE,,,Pope Benedict XVI
2019,Best Actor in a Supporting Role,Actor in a Supporting Role,The Irishman,,,Al Pacino,FALSE,,,Jimmy Hoffa
2019,Best Actor in a Supporting Role,Actor in a Supporting Role,,,,Joe Pesci,FALSE,,,Russell Bufalino
2019,Best Actress in a Supporting Role,Actress in a Supporting Role,Marriage Story,,,Laura Dern,TRUE,,,Nora Fanshaw
2019,Best Actress in a Supporting Role,Actress in a Supporting Role,Jojo Rabbit,,,Scarlett Johansson,FALSE,,,Rosie Betzler
2019,Best Actress in a Supporting Role,Actress in a Supporting Role,Little Women,,,Florence Pugh,FALSE,,,Amy March
2019,Best Actress in a Supporting Role,Actress in a Supporting Role,Bombshell,,,Margot Robbie,FALSE,,,Kayla Pospisil
2019,Best Actress in a Supporting Role,Actress in a Supporting Role,Once Upon a Time in Hollywood,,,,FALSE,,,Sharon Tate
2019,Best Cinematography,Cinematography,1917,,,Roger Deakins,TRUE,,,
2019,Best Cinematography,Cinematography,Le Mans '66,,,Phedon Papamichael,FALSE,,,
2019,Best Cinematography,Cinematography,The Irishman,,,Rodrigo Prieto,FALSE,,,
2019,Best Cinematography,Cinematography,Joker,,,Lawrence Sher,FALSE,,,
2019,Best Cinematography,Cinematography,The Lighthouse,,,Jarin Blaschke,FALSE,,,
2019,Best Editing,Film Editing,Ford v Ferrari,,,Andrew Buckland,TRUE,,,
2019,Best Editing,Film Editing,Ford v Ferrari,,,Michael McCusker,TRUE,,,
2019,Best Editing,Film Editing,The Irishman,,,Thelma Schoonmaker,FALSE,,,
2019,Best Editing,Film Editing,Jojo Rabbit,,,Tom Eagles,FALSE,,,
2019,Best Editing,Film Editing,Joker,,,Jeff Groth,FALSE,,,
2019,Best Editing,Film Editing,Once Upon a Time in Hollywood,,,Fred Raskin,FALSE,,,
2019,Best Costume Design,Costuming,Little Women,,,Jacqueline Durran,TRUE,,,
2019,Best Costume Design,Costuming,The Irishman,,,Sandy Powell,FALSE,,,
2019,Best Costume Design,Costuming,The Irishman,,,Christopher Peterson,FALSE,,,
2019,Best Costume Design,Costuming,Jojo Rabbit,,,Mayes C. Rubeo,FALSE,,,
2019,Best Costume Design,Costuming,Judy,,,Jany Temime,FALSE,,,
2019,Best Costume Design,Costuming,Once Upon a Time in Hollywood,,,Arianne Phillips,FALSE,,,
2019,Best Production Design,Art Direction,1917,,,Dennis Gassner,TRUE,,,
2019,Best Production Design,Art Direction,1917,,,Lee Sandales,TRUE,,,
2019,Best Production Design,Art Direction,The Irishman,,,Bob Shaw,FALSE,,,
2019,Best Production Design,Art Direction,The Irishman,,,Regina Graves,FALSE,,,
2019,Best Production Design,Art Direction,Jojo Rabbit,,,Ra Vincent,FALSE,,,
2019,Best Production Design,Art Direction,Jojo Rabbit,,,Nora Sopková,FALSE,,,
2019,Best Production Design,Art Direction,Joker,,,Mark Friedberg,FALSE,,,
2019,Best Production Design,Art Direction,Joker,,,Kris Moran,FALSE,,,
2019,Best Production Design,Art Direction,Once Upon a Time in Hollywood,,,Barbara Ling,FALSE,,,
2019,Best Production Design,Art Direction,Once Upon a Time in Hollywood,,,Nancy Haigh,FALSE,,,
2019,Best Make-up and Hair,Make-Up & Hairstyling,Bombshell,,,Vivian Baker,TRUE,,,
2019,Best Make-up and Hair,Make-Up & Hairstyling,Bombshell,,,Kazu Hiro,TRUE,,,
2019,Best Make-up and Hair,Make-Up & Hairstyling,Bombshell,,,Anne Morgan,TRUE,,,
2019,Best Make-up and Hair,Make-Up & Hairstyling,1917,,,Naomi Donne,FALSE,,,
2019,Best Make-up and Hair,Make-Up & Hairstyling,Joker,,,Kay Georgiou,FALSE,,,
2019,Best Make-up and Hair,Make-Up & Hairstyling,Joker,,,Nicki Ledermann,FALSE,,,
2019,Best Make-up and Hair,Make-Up & Hairstyling,Judy,,,Jeremy Woodhead,FALSE,,,
2019,Best Make-up and Hair,Make-Up & Hairstyling,Rocketman,,,Lizzie Yianni Georgiou,FALSE,,,
2019,Best Original Music,Original Score,Joker,,,Hildur Guðnadóttir,TRUE,,,
2019,Best Original Music,Original Score,1917,,,Thomas Newman,FALSE,,,
2019,Best Original Music,Original Score,Jojo Rabbit,,,Michael Giacchino,FALSE,,,
2019,Best Original Music,Original Score,Little Women,,,Alexandre Desplat,FALSE,,,
2019,Best Original Music,Original Score,Star Wars: The Rise of Skywalker,,,John Williams,FALSE,,,
2019,Best Sound,Sound Mixing,1917,,,Scott Millan,TRUE,,,
2019,Best Sound,Sound Mixing,1917,,,Oliver Tarney,TRUE,,,
2019,Best Sound,Sound Mixing,1917,,,Rachael Tate,TRUE,,,
2019,Best Sound,Sound Mixing,1917,,,Mark Taylor,TRUE,,,
2019,Best Sound,Sound Mixing,1917,,,Stuart Wilson,TRUE,,,
2019,Best Sound,Sound Mixing,Ford v Ferrari,,,David Giammarco,FALSE,,,
2019,Best Sound,Sound Mixing,Ford v Ferrari,,,Paul Massey,FALSE,,,
2019,Best Sound,Sound Mixing,Ford v Ferrari,,,Steven A. Morrow,FALSE,,,
2019,Best Sound,Sound Mixing,Ford v Ferrari,,,Donald Sylvester,FALSE,,,
2019,Best Sound,Sound Mixing,Joker,,,Tod A. Maitland,FALSE,,,
2019,Best Sound,Sound Mixing,Joker,,,Alan Robert Murray,FALSE,,,
2019,Best Sound,Sound Mixing,Joker,,,Tom Ozanich,FALSE,,,
2019,Best Sound,Sound Mixing,Joker,,,Dean A. Zupancic,FALSE,,,
2019,Best Sound,Sound Mixing,Rocketman,,,Matthew Collinge,FALSE,,,
2019,Best Sound,Sound Mixing,Rocketman,,,John Hayes,FALSE,,,
2019,Best Sound,Sound Mixing,Rocketman,,,Danny Sheehan,FALSE,,,
2019,Best Sound,Sound Mixing,Rocketman,,,Mike Prestwood Smith,FALSE,,,
2019,Best Sound,Sound Mixing,Star Wars: The Rise of Skywalker,,,David Acord,FALSE,,,
2019,Best Sound,Sound Mixing,Star Wars: The Rise of Skywalker,,,Andy Nelson,FALSE,,,
2019,Best Sound,Sound Mixing,Star Wars: The Rise of Skywalker,,,Christopher Scarabosio,FALSE,,,
2019,Best Sound,Sound Mixing,Star Wars: The Rise of Skywalker,,,Stuart Wilson,FALSE,,,
2019,Best Sound,Sound Mixing,Star Wars: The Rise of Skywalker,,,Matthew Wood,FALSE,,,
2019,Best Special Visual Effects,Effects,1917,,,Greg Butler,TRUE,,,
2019,Best Special Visual Effects,Effects,1917,,,Guillaume Rocheron,TRUE,,,
2019,Best Special Visual Effects,Effects,1917,,,Dominic Tuohy,TRUE,,,
2019,Best Special Visual Effects,Effects,Avengers: Endgame,,,Dan DeLeeuw,FALSE,,,
2019,Best Special Visual Effects,Effects,Avengers: Endgame,,,Dan Sudick,FALSE,,,
2019,Best Special Visual Effects,Effects,The Irishman,,,Ivan Busquets,FALSE,,,
2019,Best Special Visual Effects,Effects,The Irishman,,,Leandro Estebecorena,FALSE,,,
2019,Best Special Visual Effects,Effects,The Irishman,,,Stephane Grabli,FALSE,,,
2019,Best Special Visual Effects,,The Irishman,,,Pablo Helman,FALSE,,,
2019,Best Special Visual Effects,Effects,The Lion King,,,Andrew R. Jones,FALSE,,,
2019,Best Special Visual Effects,Effects,The Lion King,,,Robert Legato,FALSE,,,
2019,Best Special Visual Effects,Effects,The Lion King,,,Elliot Newman,FALSE,,,
2019,Best Special Visual Effects,Effects,The Lion King,,,Adam Valdez,FALSE,,,
2019,Best Special Visual Effects,Effects,Star Wars: The Rise of Skywalker,,,Roger Guyett,FALSE,,,
2019,Best Special Visual Effects,Effects,Star Wars: The Rise of Skywalker,,,Paul Kavanagh,FALSE,,,
2019,Best Special Visual Effects,Effects,Star Wars: The Rise of Skywalker,,,Neal Scanlan,FALSE,,,
2019,Best Special Visual Effects,Effects,Star Wars: The Rise of Skywalker,,,Dominic Tuohy,FALSE,,,
2019,Best Casting,,Joker,,,Shayna Markowitz,TRUE,,,
2019,Best Casting,,Marriage Story,,,Douglas Aibel,FALSE,,,
2019,Best Casting,,Marriage Story,,,Francine Maisler,FALSE,,,
2019,Best Casting,,Once Upon a Time in Hollywood,,,Victoria Thomas,FALSE,,,
2019,Best Casting,,The Personal History of David Copperfield,,,Sarah Crowe,FALSE,,,
2019,Best Casting,,The Two Popes,,,Javier Braier,FALSE,,,
2019,Best Casting,,The Two Popes,,,Barbara Giordani,FALSE,,,
2019,Best Casting,,The Two Popes,,,Nina Gold,FALSE,,,
2019,Best Casting,,The Two Popes,,,Francesco Vedovati,FALSE,,,
2019,Best Casting,,The Two Popes,,,Gabriel Villegas,FALSE,,,
2019,Rising Star Award,,,,,Micheal Ward,TRUE,,,
2019,Rising Star Award,,,,,Awkwafina,FALSE,,,
2019,Rising Star Award,,,,,Jack Lowden,FALSE,,,
2019,Rising Star Award,,,,,Kaitlyn Dever,FALSE,,,
2019,Rising Star Award,,,,,Kelvin Harrison Jr.,FALSE,,,
2018,Best Film,Live-Action Feature-Length Film,Roma,,Mexico,Alfonso Cuarón,TRUE,Director,,
2018,Best Film,Live-Action Feature-Length Film,Roma,,Mexico,Alfonso Cuarón,TRUE,Producer,,
2018,Best Film,Live-Action Feature-Length Film,Roma,,Mexico,Gabriela Rodriguez,TRUE,Producer,,
2018,Best Film,Live-Action Feature-Length Film,Roma,,Mexico,Nicolas Celis,TRUE,Producer,,
2018,Best Film,Live-Action Feature-Length Film,BlacKkKlansman,,United States,Spike Lee,FALSE,Director,,
2018,Best Film,Live-Action Feature-Length Film,BlacKkKlansman,,United States,Jason Blum,FALSE,Producer,,
2018,Best Film,Live-Action Feature-Length Film,BlacKkKlansman,,United States,Spike Lee,FALSE,Producer,,
2018,Best Film,Live-Action Feature-Length Film,BlacKkKlansman,,United States,Raymond Mansfield,FALSE,Producer,,
2018,Best Film,Live-Action Feature-Length Film,BlacKkKlansman,,United States,Sean McKittrick,FALSE,Producer,,
2018,Best Film,Live-Action Feature-Length Film,BlacKkKlansman,,United States,Jordan Peele,FALSE,Producer,,
2018,Best Film,Live-Action Feature-Length Film,BlacKkKlansman,,United States,Shaun Redick,FALSE,Producer,,
2018,Best Film,Live-Action Feature-Length Film,The Favourite,,"United Kingdom
United States",Yorgos Lanthimos,FALSE,Director,,
2018,Best Film,Live-Action Feature-Length Film,The Favourite,,"United Kingdom
United States",Cecil Dempsey,FALSE,Producer,,
2018,Best Film,Live-Action Feature-Length Film,The Favourite,,"United Kingdom
United States",Ed Guiney,FALSE,Producer,,
2018,Best Film,Live-Action Feature-Length Film,The Favourite,,"United Kingdom
United States",Lee Magiday,FALSE,Producer,,
2018,Best Film,Live-Action Feature-Length Film,The Favourite,,"United Kingdom
United States",Yorgos Lanthimos,FALSE,Producer,,
2018,Best Film,Live-Action Feature-Length Film,Green Book,,United States,Peter Farrelly,FALSE,Director,,
2018,Best Film,Live-Action Feature-Length Film,Green Book,,United States,Jim Burke,FALSE,Producer,,
2018,Best Film,Live-Action Feature-Length Film,Green Book,,United States,Brian Hayes Currie,FALSE,Producer,,
2018,Best Film,Live-Action Feature-Length Film,Green Book,,United States,Peter Farrelly,FALSE,Producer,,
2018,Best Film,Live-Action Feature-Length Film,Green Book,,United States,Nick Vallelonga,FALSE,Producer,,
2018,Best Film,Live-Action Feature-Length Film,Green Book,,United States,Charles B. Wessler,FALSE,Producer,,
2018,Best Film,Live-Action Feature-Length Film,A Star is Born,,United States,Bradley Cooper,FALSE,Director,,
2018,Best Film,Live-Action Feature-Length Film,A Star is Born,,United States,Bill Gerber,FALSE,Producer,,
2018,Best Film,Live-Action Feature-Length Film,A Star is Born,,United States,Lynette Howell Taylor,FALSE,Producer,,
2018,Outstanding British Film,,The Favourite,,United Kingdom,Yorgos Lanthimos,TRUE,Director,,
2018,Outstanding British Film,,The Favourite,,United Kingdom,Yorgos Lanthimos,TRUE,Producer,,
2018,Outstanding British Film,,The Favourite,,United Kingdom,Ceci Dempsey,TRUE,Producer,,
2018,Outstanding British Film,,The Favourite,,United Kingdom,Ed Guiney,TRUE,Producer,,
2018,Outstanding British Film,,The Favourite,,United Kingdom,Lee Magiday,TRUE,Producer,,
2018,Outstanding British Film,,The Favourite,,United Kingdom,Deborah Davis,TRUE,Producer,,
2018,Outstanding British Film,,The Favourite,,United Kingdom,Tony McNamara,TRUE,Producer,,
2018,Outstanding British Film,,Beast,,United Kingdom,Michael Pearce,FALSE,Director,,
2018,Outstanding British Film,,Beast,,United Kingdom,Michael Pearce,FALSE,Producer,,
2018,Outstanding British Film,,Beast,,United Kingdom,Kristian Brodie,FALSE,Producer,,
2018,Outstanding British Film,,Beast,,United Kingdom,Lauren Dark,FALSE,Producer,,
2018,Outstanding British Film,,Beast,,United Kingdom,Ivana MacKinnon,FALSE,Producer,,
2018,Outstanding British Film,,Bohemian Rhapsody,,United Kingdom,Bryan Singer,FALSE,Director,,
2018,Outstanding British Film,,Bohemian Rhapsody,,United Kingdom,Graham King,FALSE,Producer,,
2018,Outstanding British Film,,Bohemian Rhapsody,,United Kingdom,Anthony McCarten,FALSE,Producer,,
2018,Outstanding British Film,,McQueen,,United Kingdom,Ian Bonhôte,FALSE,Director,,
2018,Outstanding British Film,,McQueen,,United Kingdom,Ian Bonhôte,FALSE,Producer,,
2018,Outstanding British Film,,McQueen,,United Kingdom,Peter Ettedgui,FALSE,Producer,,
2018,Outstanding British Film,,McQueen,,United Kingdom,Andee Ryder,FALSE,Producer,,
2018,Outstanding British Film,,McQueen,,United Kingdom,Nick Taussig,FALSE,Producer,,
2018,Outstanding British Film,,Stan & Ollie,,United Kingdom,Jon S. Baird,FALSE,Director,,
2018,Outstanding British Film,,Stan & Ollie,,United Kingdom,Jon S. Baird,FALSE,Producer,,
2018,Outstanding British Film,,Stan & Ollie,,United Kingdom,Faye Ward,FALSE,Producer,,
2018,Outstanding British Film,,Stan & Ollie,,United Kingdom,Jeff Pope,FALSE,Producer,,
2018,Outstanding British Film,,You Were Never Really Here,,United Kingdom,Lynne Ramsay,FALSE,Director,,
2018,Outstanding British Film,,You Were Never Really Here,,United Kingdom,Lynne Ramsay,FALSE,Producer,,
2018,Outstanding British Film,,You Were Never Really Here,,United Kingdom,Rosa Attab,FALSE,Producer,,
2018,Outstanding British Film,,You Were Never Really Here,,United Kingdom,Pascal Caucheteux,FALSE,Producer,,
2018,Outstanding British Film,,You Were Never Really Here,,United Kingdom,James Wilson,FALSE,Producer,,
2018,Best Film Not in the English Language,Foreign Film,Roma,,Mexico,Alfonso Cuarón,TRUE,Director,,
2018,Best Film Not in the English Language,Foreign Film,Roma,,Mexico,Alfonso Cuarón,TRUE,Producer,,
2018,Best Film Not in the English Language,Foreign Film,Roma,,Mexico,Gabriela Rodríguez,TRUE,Producer,,
2018,Best Film Not in the English Language,Foreign Film,Roma,,Mexico,Nicolás Celis,TRUE,Producer,,
2018,Best Film Not in the English Language,Foreign Film,Capernaum,"کفرناحوم, Kafarnāḥūm",Lebanon,Nadine Labaki,FALSE,Director,,
2018,Best Film Not in the English Language,Foreign Film,Capernaum,"کفرناحوم, Kafarnāḥūm",Lebanon,Michel Merkt,FALSE,Producer,,
2018,Best Film Not in the English Language,Foreign Film,Capernaum,"کفرناحوم, Kafarnāḥūm",Lebanon,Khaled Mouzanar,FALSE,Producer,,
2018,Best Film Not in the English Language,Foreign Film,Cold War,Zimna wojna,"Poland
 France",Paweł Pawlikowski,FALSE,Director,,
2018,Best Film Not in the English Language,Foreign Film,Cold War,Zimna wojna,"Poland
 France",Tanya Seghatchian,FALSE,Producer,,
2018,Best Film Not in the English Language,Foreign Film,Cold War,Zimna wojna,"Poland
 France",Ewa Puszczyńska,FALSE,Producer,,
2018,Best Film Not in the English Language,Foreign Film,Dogman,,Italy,Matteo Garrone,FALSE,Director,,
2018,Best Film Not in the English Language,Foreign Film,Dogman,,Italy,Matteo Garrone,FALSE,Producer,,
2018,Best Film Not in the English Language,Foreign Film,Dogman,,Italy,Jeremy Thomas,FALSE,Producer,,
2018,Best Film Not in the English Language,Foreign Film,Dogman,,Italy,Paolo Del Brocco,FALSE,Producer,,
2018,Best Film Not in the English Language,Foreign Film,Dogman,,Italy,Jean Labadie,FALSE,Producer,,
2018,Best Film Not in the English Language,Foreign Film,Shoplifters,"万引き家族, Manbiki Kazoku",Japan,Hirokazu Kore-eda,FALSE,Director,,
2018,Best Film Not in the English Language,Foreign Film,Shoplifters,"万引き家族, Manbiki Kazoku",Japan,Matsuzaki Kaoru,FALSE,Producer,,
2018,Best Film Not in the English Language,Foreign Film,Shoplifters,"万引き家族, Manbiki Kazoku",Japan,Hijiri Taguchi,FALSE,Producer,,
2018,Best Film Not in the English Language,Foreign Film,Shoplifters,"万引き家族, Manbiki Kazoku",Japan,Akihiko Yose,FALSE,Producer,,
2018,Best Animated Film,Animated Feature-Length Film,Spider-Man: Into the Spider-Verse,,United States,Bob Persichetti,TRUE,Director,,
2018,Best Animated Film,Animated Feature-Length Film,Spider-Man: Into the Spider-Verse,,United States,Peter Ramsey,TRUE,Director,,
2018,Best Animated Film,Animated Feature-Length Film,Spider-Man: Into the Spider-Verse,,United States,Rodney Rothman,TRUE,Director,,
2018,Best Animated Film,Animated Feature-Length Film,Spider-Man: Into the Spider-Verse,,United States,Phil Lord,TRUE,Producer,,
2018,Best Animated Film,Animated Feature-Length Film,Incredibles 2,,United States,Brad Bird,FALSE,Director,,
2018,Best Animated Film,Animated Feature-Length Film,Incredibles 2,,United States,John Walker,FALSE,Producer,,
2018,Best Animated Film,Animated Feature-Length Film,Isle of Dogs,,"United States, Germany",Wes Anderson,FALSE,Director,,
2018,Best Animated Film,Animated Feature-Length Film,Isle of Dogs,,"United States, Germany",Jeremy Dawson,FALSE,Producer,,
2018,Best Documentary,Documentary Film,Free Solo,,,Elizabeth Chai Vasarhelyi,TRUE,,,
2018,Best Documentary,Documentary Film,Free Solo,,,Jimmy Chin,TRUE,,,
2018,Best Documentary,Documentary Film,Free Solo,,,Shannon Dill,TRUE,,,
2018,Best Documentary,Documentary Film,Free Solo,,,Evan Hayes,TRUE,,,
2018,Best Documentary,Documentary Film,McQueen,,,Ian Bonhote,FALSE,,,
2018,Best Documentary,Documentary Film,McQueen,,,Peter Ettedgui,FALSE,,,
2018,Best Documentary,Documentary Film,RBG,,,Julie Cohen,FALSE,,,
2018,Best Documentary,Documentary Film,RBG,,,Betsy West,FALSE,,,
2018,Best Documentary,Documentary Film,They Shall Not Grow Old,,,Peter Jackson,FALSE,,,
2018,Best Documentary,Documentary Film,They Shall Not Grow Old,,,Clare Olssen,FALSE,,,
2018,Best Documentary,Documentary Film,Three Identical Strangers,,,Tim Wardle,FALSE,,,
2018,Best Documentary,Documentary Film,Three Identical Strangers,,,Grace Hughes-Hallett,FALSE,,,
2018,Best Documentary,Documentary Film,Three Identical Strangers,,,Becky Read,FALSE,,,
2018,Best Short Film,Live-Action Short Film,73 Cows,,,Alex Lockwood,TRUE,,,
2018,Best Short Film,Live-Action Short Film,"Bachelor, 38",,,Angela Clarke,FALSE,,,
2018,Best Short Film,Live-Action Short Film,The Blue Door,,,Paul Taylor,FALSE,,,
2018,Best Short Film,Live-Action Short Film,The Blue Door,,,Ben Clark,FALSE,,,
2018,Best Short Film,Live-Action Short Film,The Blue Door,,,Megan Pugh,FALSE,,,
2018,Best Short Film,Live-Action Short Film,The Field,,,Sandhya Suri,FALSE,,,
2018,Best Short Film,Live-Action Short Film,The Field,,,Thomas Bidegain,FALSE,,,
2018,Best Short Film,Live-Action Short Film,The Field,,,Balthazar de Ganay,FALSE,,,
2018,Best Short Film,Live-Action Short Film,Wale,,,Barnaby Blackburn,FALSE,,,
2018,Best Short Film,Live-Action Short Film,Wale,,,Sophie Alexander,FALSE,,,
2018,Best Short Film,Live-Action Short Film,Wale,,,Catherine Slater,FALSE,,,
2018,Best Short Film,Live-Action Short Film,Wale,,,Edward Speleers,FALSE,,,
2018,Best Short Animation,Animated Short Film,Roughhouse,,,Jonathan Hodgson,TRUE,,,
2018,Best Short Animation,Animated Short Film,Roughhouse,,,Richard Van Den Boom,TRUE,,,
2018,Best Short Animation,Animated Short Film,I'm OK,,,Elizabeth Hobbs,FALSE,,,
2018,Best Short Animation,Animated Short Film,I'm OK,,,Abigail Addison,FALSE,,,
2018,Best Short Animation,Animated Short Film,I'm OK,,,Jelena Popovic,FALSE,,,
2018,Best Short Animation,Animated Short Film,Marfa,,,Greg McLeod,FALSE,,,
2018,Best Short Animation,Animated Short Film,Marfa,,,Myles McLeod,FALSE,,,
2018,"Outstanding Début by a British Writer, Director, or Producer",,Beast,,,Michael Pearce,TRUE,Writer,,
2018,"Outstanding Début by a British Writer, Director, or Producer",,Beast,,,Michael Pearce,TRUE,Director,,
2018,"Outstanding Début by a British Writer, Director, or Producer",,Beast,,,Lauren Dark,TRUE,Producer,,
2018,"Outstanding Début by a British Writer, Director, or Producer",,Apostasy,,,Daniel Kokotajilo,FALSE,Writer,,
2018,"Outstanding Début by a British Writer, Director, or Producer",,Apostasy,,,Daniel Kokotajilo,FALSE,Director,,
2018,"Outstanding Début by a British Writer, Director, or Producer",,A Cambodian Spring,,,Chris Kelly,FALSE,Writer,,
2018,"Outstanding Début by a British Writer, Director, or Producer",,A Cambodian Spring,,,Chris Kelly,FALSE,Director,,
2018,"Outstanding Début by a British Writer, Director, or Producer",,A Cambodian Spring,,,Chris Kelly,FALSE,Producer,,
2018,"Outstanding Début by a British Writer, Director, or Producer",,Pili,,,Leanne Welham,FALSE,Writer,,
2018,"Outstanding Début by a British Writer, Director, or Producer",,Pili,,,Leanne Welham,FALSE,Director,,
2018,"Outstanding Début by a British Writer, Director, or Producer",,Pili,,,Sophie Harman,FALSE,Producer,,
2018,"Outstanding Début by a British Writer, Director, or Producer",,Ray & Liz,,,Richard Billingham,FALSE,Writer,,
2018,"Outstanding Début by a British Writer, Director, or Producer",,Ray & Liz,,,Richard Billingham,FALSE,Director,,
2018,"Outstanding Début by a British Writer, Director, or Producer",,Ray & Liz,,,Jacqui Davies,FALSE,Producer,,
2018,Best Direction,Director,Roma,,,Alfonso Cuarón,TRUE,,,
2018,Best Direction,Director,A Star Is Born,,,Bradley Cooper,FALSE,,,
2018,Best Direction,Director,The Favourite,,,Yorgos Lanthimos,FALSE,,,
2018,Best Direction,Director,BlacKkKlansman,,,Spike Lee,FALSE,,,
2018,Best Direction,Director,Cold War,,,Paweł Pawlikowski,FALSE,,,
2018,Best Adapted Screenplay,Screenplay (Adapted),BlacKkKlansman,,,Charlie Wachtel,TRUE,,Black Klansman by Ron Stallworth,
2018,Best Adapted Screenplay,Screenplay (Adapted),BlacKkKlansman,,,David Rabinowitz,TRUE,,Black Klansman by Ron Stallworth,
2018,Best Adapted Screenplay,Screenplay (Adapted),BlacKkKlansman,,,Kevin Willmott,TRUE,,Black Klansman by Ron Stallworth,
2018,Best Adapted Screenplay,Screenplay (Adapted),BlacKkKlansman,,,Spike Lee,TRUE,,Black Klansman by Ron Stallworth,
2018,Best Adapted Screenplay,Screenplay (Adapted),Can You Ever Forgive Me?,,,Nicole Holofcener,FALSE,,Can You Ever Forgive Me? by Lee Israel,
2018,Best Adapted Screenplay,Screenplay (Adapted),Can You Ever Forgive Me?,,,Jeff Whitty,FALSE,,Can You Ever Forgive Me? by Lee Israel,
2018,Best Adapted Screenplay,Screenplay (Adapted),First Man,,,Josh Singer,FALSE,,First Man: The Life of Neil A. Armstrong by James R. Hansen,
2018,Best Adapted Screenplay,Screenplay (Adapted),If Beale Street Could Talk,,,Barry Jenkins,FALSE,,If Beale Street Could Talk by James Baldwin,
2018,Best Adapted Screenplay,Screenplay (Adapted),A Star Is Born,,,Eric Roth,FALSE,,"A Star Is Born by William A. Wellman, Robert Carson, Dorothy Parker and Alan Campbell",
2018,Best Adapted Screenplay,Screenplay (Adapted),A Star Is Born,,,Bradley Cooper,FALSE,,"A Star Is Born by William A. Wellman, Robert Carson, Dorothy Parker and Alan Campbell",
2018,Best Adapted Screenplay,Screenplay (Adapted),A Star Is Born,,,Will Fetters,FALSE,,"A Star Is Born by William A. Wellman, Robert Carson, Dorothy Parker and Alan Campbell",
2018,Best Original Screenplay,Screenplay (Original),The Favourite,,,Deborah Davis,TRUE,,,
2018,Best Original Screenplay,Screenplay (Original),The Favourite,,,Tony McNamara,TRUE,,,
2018,Best Original Screenplay,Screenplay (Original),Cold War,,,Paweł Pawlikowski,FALSE,,,
2018,Best Original Screenplay,Screenplay (Original),Cold War,,,Janusz Głowacki,FALSE,,,
2018,Best Original Screenplay,Screenplay (Original),Green Book,,,Nick Vallelonga,FALSE,,,
2018,Best Original Screenplay,Screenplay (Original),Green Book,,,Brian Hayes Currie,FALSE,,,
2018,Best Original Screenplay,Screenplay (Original),Green Book,,,Peter Farrelly,FALSE,,,
2018,Best Original Screenplay,Screenplay (Original),Roma,,,Alfonso Cuarón,FALSE,,,
2018,Best Original Screenplay,Screenplay (Original),Vice,,,Adam McKay,FALSE,,,
2018,Best Actor in a Leading Role,Actor in a Leading Role,Bohemian Rhapsody,,,Rami Malek,TRUE,,,Freddie Mercury
2018,Best Actor in a Leading Role,Actor in a Leading Role,Vice,,,Christian Bale,FALSE,,,Dick Cheney
2018,Best Actor in a Leading Role,Actor in a Leading Role,Stan & Ollie,,,Steve Coogan,FALSE,,,Stan Laurel
2018,Best Actor in a Leading Role,Actor in a Leading Role,A Star Is Born,,,Bradley Cooper,FALSE,,,Jackson Maine
2018,Best Actor in a Leading Role,Actor in a Leading Role,Green Book,,,Viggo Mortensen,FALSE,,,"Frank ""Tony Lip"" Vallelonga"
2018,Best Actress in a Leading Role,Actress in a Leading Role,The Favourite,,,Olivia Colman,TRUE,,,Queen Anne
2018,Best Actress in a Leading Role,Actress in a Leading Role,The Wife,,,Glenn Close,FALSE,,,Joan Castleman
2018,Best Actress in a Leading Role,Actress in a Leading Role,Widows,,,Viola Davis,FALSE,,,Veronica Rawlings
2018,Best Actress in a Leading Role,Actress in a Leading Role,A Star Is Born,,,Lady Gaga,FALSE,,,Ally Maine
2018,Best Actress in a Leading Role,Actress in a Leading Role,Can You Ever Forgive Me?,,,Melissa McCarthy,FALSE,,,Lee Israel
2018,Best Actor in a Supporting Role,Actor in a Supporting Role,Green Book,,,Mahershala Ali,TRUE,,,Don Shirley
2018,Best Actor in a Supporting Role,Actor in a Supporting Role,Beautiful Boy,,,Timothée Chalamet,FALSE,,,Nic Sheff
2018,Best Actor in a Supporting Role,Actor in a Supporting Role,BlacKkKlansman,,,Adam Driver,FALSE,,,Flip Zimmerman
2018,Best Actor in a Supporting Role,Actor in a Supporting Role,Can You Ever Forgive Me?,,,Richard E. Grant,FALSE,,,Jack Hock
2018,Best Actor in a Supporting Role,Actor in a Supporting Role,Vice,,,Sam Rockwell,FALSE,,,George W. Bush
2018,Best Actress in a Supporting Role,Actress in a Supporting Role,The Favourite,,,Rachel Weisz,TRUE,,,Lady Sarah
2018,Best Actress in a Supporting Role,Actress in a Supporting Role,Vice,,,Amy Adams,FALSE,,,Lynne Cheney
2018,Best Actress in a Supporting Role,Actress in a Supporting Role,First Man,,,Claire Foy,FALSE,,,Janet Shearon Armstrong
2018,Best Actress in a Supporting Role,Actress in a Supporting Role,Mary Queen of Scots,,,Margot Robbie,FALSE,,,Queen Elizabeth I
2018,Best Actress in a Supporting Role,Actress in a Supporting Role,The Favourite,,,Emma Stone,FALSE,,,Abigail
2018,Best Cinematography,Cinematography,Roma,,,Alfonso Cuarón,TRUE,,,
2018,Best Cinematography,Cinematography,The Favourite,,,Robbie Ryan,FALSE,,,
2018,Best Cinematography,Cinematography,First Man,,,Linus Sandgren,FALSE,,,
2018,Best Cinematography,Cinematography,Bohemian Rhapsody,,,Newton Thomas Sigel,FALSE,,,
2018,Best Cinematography,Cinematography,Cold War,,,Łukasz Żal,FALSE,,,
2018,Best Editing,Film Editing,Vice,,,Hank Corwin,TRUE,,,
2018,Best Editing,Film Editing,Bohemian Rhapsody,,,John Ottman,FALSE,,,
2018,Best Editing,Film Editing,The Favourite,,,Yorgos Mavropsaridis,FALSE,,,
2018,Best Editing,Film Editing,First Man,,,Tom Cross,FALSE,,,
2018,Best Editing,Film Editing,Roma,,,Alfonso Cuarón,FALSE,,,
2018,Best Editing,Film Editing,Roma,,,Adam Gough,FALSE,,,
2018,Best Costume Design,Costuming,The Favourite,,,Sandy Powell,TRUE,,,
2018,Best Costume Design,Costuming,The Ballad of Buster Scruggs,,,Mary Zophres,FALSE,,,
2018,Best Costume Design,Costuming,Bohemian Rhapsody,,,Julian Day,FALSE,,,
2018,Best Costume Design,Costuming,Mary Poppins Returns,,,Sandy Powell,FALSE,,,
2018,Best Costume Design,Costuming,Mary Queen of Scots,,,Alexandra Byrne,FALSE,,,
2018,Best Production Design,Art Direction,The Favourite,,,Fiona Crombie,TRUE,,,
2018,Best Production Design,Art Direction,The Favourite,,,Alice Felton,TRUE,,,
2018,Best Production Design,Art Direction,Fantastic Beasts: The Crimes of Grindelwald,,,Stuart Craig,FALSE,,,
2018,Best Production Design,Art Direction,Fantastic Beasts: The Crimes of Grindelwald,,,Anna Pinnock,FALSE,,,
2018,Best Production Design,Art Direction,First Man,,,Nathan Crowley,FALSE,,,
2018,Best Production Design,Art Direction,First Man,,,Kathy Lucas,FALSE,,,
2018,Best Production Design,Art Direction,Mary Poppins Returns,,,John Myhre,FALSE,,,
2018,Best Production Design,Art Direction,Mary Poppins Returns,,,Gordon Sim,FALSE,,,
2018,Best Production Design,Art Direction,Roma,,,Eugenio Caballero,FALSE,,,
2018,Best Production Design,Art Direction,Roma,,,Bárbara Enríquez,FALSE,,,
2018,Best Make-up and Hair,Make-Up & Hairstyling,The Favourite,,,Nadia Stacey,TRUE,,,
2018,Best Make-up and Hair,Make-Up & Hairstyling,Bohemian Rhapsody,,,Mark Coulier,FALSE,,,
2018,Best Make-up and Hair,Make-Up & Hairstyling,Bohemian Rhapsody,,,Jan Sewell,FALSE,,,
2018,Best Make-up and Hair,Make-Up & Hairstyling,Mary Queen of Scots,,,Jenny Shircore,FALSE,,,
2018,Best Make-up and Hair,Make-Up & Hairstyling,Stan & Ollie,,,Mark Coulier,FALSE,,,
2018,Best Make-up and Hair,Make-Up & Hairstyling,Stan & Ollie,,,Jeremy Woodhead,FALSE,,,
2018,Best Make-up and Hair,Make-Up & Hairstyling,Stan & Ollie,,,Josh Weston,FALSE,,,
2018,Best Make-up and Hair,Make-Up & Hairstyling,Vice,,,Kate Biscoe,FALSE,,,
2018,Best Make-up and Hair,Make-Up & Hairstyling,Vice,,,Greg Cannom,FALSE,,,
2018,Best Make-up and Hair,Make-Up & Hairstyling,Vice,,,Patricia DeHaney,FALSE,,,
2018,Best Make-up and Hair,Make-Up & Hairstyling,Vice,,,Chris Gallaher,FALSE,,,
2018,Best Original Music,Original Score,A Star Is Born,,,Bradley Cooper,TRUE,,,
2018,Best Original Music,Original Score,A Star Is Born,,,Lady Gaga,TRUE,,,
2018,Best Original Music,Original Score,A Star Is Born,,,Lukas Nelson,TRUE,,,
2018,Best Original Music,Original Score,BlacKkKlansman,,,Terence Blanchard,FALSE,,,
2018,Best Original Music,Original Score,If Beale Street Could Talk,,,Nicholas Britell,FALSE,,,
2018,Best Original Music,Original Score,Isle of Dogs,,,Alexandre Desplat,FALSE,,,
2018,Best Original Music,Original Score,Mary Poppins Returns,,,Marc Shaiman,FALSE,,,
2018,Best Sound,Sound Mixing,Bohemian Rhapsody,,,John Casali,TRUE,,,
2018,Best Sound,Sound Mixing,Bohemian Rhapsody,,,Tim Cavagin,TRUE,,,
2018,Best Sound,Sound Mixing,Bohemian Rhapsody,,,Nina Hartstone,TRUE,,,
2018,Best Sound,Sound Mixing,Bohemian Rhapsody,,,Paul Massey,TRUE,,,
2018,Best Sound,Sound Mixing,Bohemian Rhapsody,,,John Warhurst,TRUE,,,
2018,Best Sound,Sound Mixing,First Man,,,Mary H. Ellis,FALSE,,,
2018,Best Sound,Sound Mixing,First Man,,,Mildred Iatrou Morgan,FALSE,,,
2018,Best Sound,Sound Mixing,First Man,,,Ai-Ling Lee,FALSE,,,
2018,Best Sound,Sound Mixing,First Man,,,Frank A. Montaño,FALSE,,,
2018,Best Sound,Sound Mixing,First Man,,,Jon Taylor,FALSE,,,
2018,Best Sound,Sound Mixing,Mission: Impossible – Fallout,,,Gilbert Lake,FALSE,,,
2018,Best Sound,Sound Mixing,Mission: Impossible – Fallout,,,James H. Mather,FALSE,,,
2018,Best Sound,Sound Mixing,Mission: Impossible – Fallout,,,Chris Munro,FALSE,,,
2018,Best Sound,Sound Mixing,Mission: Impossible – Fallout,,,Mike Prestwood Smith,FALSE,,,
2018,Best Sound,Sound Mixing,A Quiet Place,,,Erik Aadahl,FALSE,,,
2018,Best Sound,Sound Mixing,A Quiet Place,,,Michael Barosky,FALSE,,,
2018,Best Sound,Sound Mixing,A Quiet Place,,,Brandon Proctor,FALSE,,,
2018,Best Sound,Sound Mixing,A Quiet Place,,,Ethan Van der Ryn,FALSE,,,
2018,Best Sound,Sound Mixing,A Star Is Born,,,Steven A. Morrow,FALSE,,,
2018,Best Sound,Sound Mixing,A Star Is Born,,,Alan Robert Murray,FALSE,,,
2018,Best Sound,Sound Mixing,A Star Is Born,,,Jason Ruder,FALSE,,,
2018,Best Sound,Sound Mixing,A Star Is Born,,,Tom Ozanich,FALSE,,,
2018,Best Sound,Sound Mixing,A Star Is Born,,,Dean A. Zupancic,FALSE,,,
2018,Best Special Visual Effects,Effects,Black Panther,,,Geoffrey Baumann,TRUE,,,
2018,Best Special Visual Effects,Effects,Black Panther,,,Jesse James Chisholm,TRUE,,,
2018,Best Special Visual Effects,Effects,Black Panther,,,Craig Hammack,TRUE,,,
2018,Best Special Visual Effects,Effects,Black Panther,,,Dan Sudick,TRUE,,,
2018,Best Special Visual Effects,Effects,Avengers: Infinity War,,,Dan DeLeeuw,FALSE,,,
2018,Best Special Visual Effects,Effects,Avengers: Infinity War,,,Russell Earl,FALSE,,,
2018,Best Special Visual Effects,Effects,Avengers: Infinity War,,,Kelly Port,FALSE,,,
2018,Best Special Visual Effects,Effects,Avengers: Infinity War,,,Dan Sudick,FALSE,,,
2018,Best Special Visual Effects,Effects,Fantastic Beasts: The Crimes of Grindelwald,,,Tim Burke,FALSE,,,
2018,Best Special Visual Effects,Effects,Fantastic Beasts: The Crimes of Grindelwald,,,Andy Kind,FALSE,,,
2018,Best Special Visual Effects,Effects,Fantastic Beasts: The Crimes of Grindelwald,,,Christian Manz,FALSE,,,
2018,Best Special Visual Effects,Effects,Fantastic Beasts: The Crimes of Grindelwald,,,David Watkins,FALSE,,,
2018,Best Special Visual Effects,Effects,First Man,,,Ian Hunter,FALSE,,,
2018,Best Special Visual Effects,Effects,First Man,,,Paul Lambert,FALSE,,,
2018,Best Special Visual Effects,Effects,First Man,,,Tristan Myles,FALSE,,,
2018,Best Special Visual Effects,Effects,First Man,,,J.D. Schwalm,FALSE,,,
2018,Best Special Visual Effects,Effects,Ready Player One,,,Matthew E. Butler,FALSE,,,
2018,Best Special Visual Effects,Effects,Ready Player One,,,Grady Cofer,FALSE,,,
2018,Best Special Visual Effects,Effects,Ready Player One,,,Roger Guyett,FALSE,,,
2018,Best Special Visual Effects,Effects,Ready Player One,,,David Shirk,FALSE,,,
2018,Rising Star Award,,,,,Letitia Wright,TRUE,,,
2018,Rising Star Award,,,,,Jessie Buckley,FALSE,,,
2018,Rising Star Award,,,,,Cynthia Erivo,FALSE,,,
2018,Rising Star Award,,,,,Barry Keoghan,FALSE,,,
2018,Rising Star Award,,,,,Lakeith Stanfield,FALSE,,,
2017,Best Film,Live-Action Feature-Length Film,"Three Billboards Outside Ebbing, Missouri",,"United States
United Kingdom",Martin McDonagh,TRUE,Director,,
2017,Best Film,Live-Action Feature-Length Film,"Three Billboards Outside Ebbing, Missouri",,"United States
United Kingdom",Graham Broadbent,TRUE,Producer,,
2017,Best Film,Live-Action Feature-Length Film,"Three Billboards Outside Ebbing, Missouri",,"United States
United Kingdom",Pete Czernin,TRUE,Producer,,
2017,Best Film,Live-Action Feature-Length Film,"Three Billboards Outside Ebbing, Missouri",,"United States
United Kingdom",Martin McDonagh,TRUE,Producer,,
2017,Best Film,Live-Action Feature-Length Film,Call Me by Your Name,,"Italy
United States
France",Luca Guadagnino,FALSE,Director,,
2017,Best Film,Live-Action Feature-Length Film,Call Me by Your Name,,"Italy
United States
France",Emilie Georges,FALSE,Producer,,
2017,Best Film,Live-Action Feature-Length Film,Call Me by Your Name,,"Italy
United States
France",Luca Guadagnino,FALSE,Producer,,
2017,Best Film,Live-Action Feature-Length Film,Call Me by Your Name,,"Italy
United States
France",Marco Morabito,FALSE,Producer,,
2017,Best Film,Live-Action Feature-Length Film,Call Me by Your Name,,"Italy
United States
France",Peter Spears,FALSE,Producer,,
2017,Best Film,Live-Action Feature-Length Film,Darkest Hour,,United Kingdom,Joe Wright,FALSE,Director,,
2017,Best Film,Live-Action Feature-Length Film,Darkest Hour,,United Kingdom,Tim Bevan,FALSE,Producer,,
2017,Best Film,Live-Action Feature-Length Film,Darkest Hour,,United Kingdom,Lisa Bruce,FALSE,Producer,,
2017,Best Film,Live-Action Feature-Length Film,Darkest Hour,,United Kingdom,Eric Fellner,FALSE,Producer,,
2017,Best Film,Live-Action Feature-Length Film,Darkest Hour,,United Kingdom,Anthony McCarten,FALSE,Producer,,
2017,Best Film,Live-Action Feature-Length Film,Darkest Hour,,United Kingdom,Douglas Urbanski,FALSE,Producer,,
2017,Best Film,Live-Action Feature-Length Film,Dunkirk,,"United Kingdom
United States",Christopher Nolan,FALSE,Director,,
2017,Best Film,Live-Action Feature-Length Film,Dunkirk,,"United Kingdom
United States",Christopher Nolan,FALSE,Producer,,
2017,Best Film,Live-Action Feature-Length Film,Dunkirk,,"United Kingdom
United States",Emma Thomas,FALSE,Producer,,
2017,Best Film,Live-Action Feature-Length Film,The Shape of Water,,United States,Guillermo del Toro,FALSE,Director,,
2017,Best Film,Live-Action Feature-Length Film,The Shape of Water,,United States,Guillermo del Toro,FALSE,Producer,,
2017,Best Film,,The Shape of Water,,United States,J. Miles Dale,FALSE,Producer,,
2017,Outstanding British Film,,"Three Billboards Outside Ebbing, Missouri",,United Kingdom,Martin McDonagh,TRUE,Director,,
2017,Outstanding British Film,,"Three Billboards Outside Ebbing, Missouri",,United Kingdom,Martin McDonagh,TRUE,Producer,,
2017,Outstanding British Film,,"Three Billboards Outside Ebbing, Missouri",,United Kingdom,Graham Broadbent,TRUE,Producer,,
2017,Outstanding British Film,,"Three Billboards Outside Ebbing, Missouri",,United Kingdom,Peter Czernin,TRUE,Producer,,
2017,Outstanding British Film,,Darkest Hour,,United Kingdom,Joe Wright,FALSE,Director,,
2017,Outstanding British Film,,Darkest Hour,,United Kingdom,Joe Wright,FALSE,Producer,,
2017,Outstanding British Film,,Darkest Hour,,United Kingdom,Tim Bevan,FALSE,Producer,,
2017,Outstanding British Film,,Darkest Hour,,United Kingdom,Lisa Bruce,FALSE,Producer,,
2017,Outstanding British Film,,Darkest Hour,,United Kingdom,Eric Fellner,FALSE,Producer,,
2017,Outstanding British Film,,Darkest Hour,,United Kingdom,Anthony McCarten,FALSE,Producer,,
2017,Outstanding British Film,,Darkest Hour,,United Kingdom,Douglas Urbanski,FALSE,Producer,,
2017,Outstanding British Film,,The Death of Stalin,,United Kingdom,Armando Iannucci,FALSE,Director,,
2017,Outstanding British Film,,The Death of Stalin,,United Kingdom,Armando Iannucci,FALSE,Producer,,
2017,Outstanding British Film,,The Death of Stalin,,United Kingdom,Kevin Loader,FALSE,Producer,,
2017,Outstanding British Film,,The Death of Stalin,,United Kingdom,Laurent Zeitoun,FALSE,Producer,,
2017,Outstanding British Film,,The Death of Stalin,,United Kingdom,Yann Zenou,FALSE,Producer,,
2017,Outstanding British Film,,The Death of Stalin,,United Kingdom,Ian Martin,FALSE,Producer,,
2017,Outstanding British Film,,The Death of Stalin,,United Kingdom,David Schneider,FALSE,Producer,,
2017,Outstanding British Film,,God's Own Country,,United Kingdom,Francis Lee,FALSE,Director,,
2017,Outstanding British Film,,God's Own Country,,United Kingdom,Francis Lee,FALSE,Producer,,
2017,Outstanding British Film,,God's Own Country,,United Kingdom,Manon Ardisson,FALSE,Producer,,
2017,Outstanding British Film,,God's Own Country,,United Kingdom,Jack Tarling,FALSE,Producer,,
2017,Outstanding British Film,,Lady Macbeth,,United Kingdom,William Oldroyd,FALSE,Director,,
2017,Outstanding British Film,,Lady Macbeth,,United Kingdom,William Oldroyd,FALSE,Producer,,
2017,Outstanding British Film,,Lady Macbeth,,United Kingdom,Fodhla Cronin O'Reilly,FALSE,Producer,,
2017,Outstanding British Film,,Lady Macbeth,,United Kingdom,Alice Birch,FALSE,Producer,,
2017,Outstanding British Film,,Paddington 2,,United Kingdom,Paul King,FALSE,Director,,
2017,Outstanding British Film,,Paddington 2,,United Kingdom,Paul King,FALSE,Producer,,
2017,Outstanding British Film,,Paddington 2,,United Kingdom,David Heyman,FALSE,Producer,,
2017,Outstanding British Film,,Paddington 2,,United Kingdom,Simon Farnaby,FALSE,Producer,,
2017,Best Film Not in the English Language,Foreign Film,The Handmaiden,"아가씨, Agassi",South Korea,Park Chan-wook,TRUE,Director,,
2017,Best Film Not in the English Language,Foreign Film,The Handmaiden,"아가씨, Agassi",South Korea,Park Chan-wook,TRUE,Producer,,
2017,Best Film Not in the English Language,Foreign Film,The Handmaiden,"아가씨, Agassi",South Korea,Syd Lim,TRUE,Producer,,
2017,Best Film Not in the English Language,Foreign Film,Elle,,France,Paul Verhoeven,FALSE,Director,,
2017,Best Film Not in the English Language,Foreign Film,Elle,,France,Saïd Ben Saïd,FALSE,Producer,,
2017,Best Film Not in the English Language,Foreign Film,Elle,,France,Michel Merkt,FALSE,Producer,,
2017,Best Film Not in the English Language,Foreign Film,First They Killed My Father,"មុនដំបូងខ្មែរក្រហមសម្លាប់ប៉ារបស់ខ្ញុំ, Moun dambaung Khmer Krahm samleab ba robsa khnhom","Cambodia
 United States",Angelina Jolie,FALSE,Director,,
2017,Best Film Not in the English Language,Foreign Film,First They Killed My Father,"មុនដំបូងខ្មែរក្រហមសម្លាប់ប៉ារបស់ខ្ញុំ, Moun dambaung Khmer Krahm samleab ba robsa khnhom","Cambodia
 United States",Angelina Jolie,FALSE,Producer,,
2017,Best Film Not in the English Language,Foreign Film,First They Killed My Father,"មុនដំបូងខ្មែរក្រហមសម្លាប់ប៉ារបស់ខ្ញុំ, Moun dambaung Khmer Krahm samleab ba robsa khnhom","Cambodia
 United States",Ted Sarandos,FALSE,Producer,,
2017,Best Film Not in the English Language,Foreign Film,First They Killed My Father,"មុនដំបូងខ្មែរក្រហមសម្លាប់ប៉ារបស់ខ្ញុំ, Moun dambaung Khmer Krahm samleab ba robsa khnhom","Cambodia
 United States",Michael Vieira,FALSE,Producer,,
2017,Best Film Not in the English Language,Foreign Film,Loveless,"Нелюбовь, Nelyubov",Russia,Andrey Zvyagintsev,FALSE,Director,,
2017,Best Film Not in the English Language,Foreign Film,Loveless,"Нелюбовь, Nelyubov",Russia,Alexander Rodnyansky,FALSE,Producer,,
2017,Best Film Not in the English Language,Foreign Film,Loveless,"Нелюбовь, Nelyubov",Russia,Sergey Melkumov,FALSE,Producer,,
2017,Best Film Not in the English Language,Foreign Film,Loveless,"Нелюбовь, Nelyubov",Russia,Gleb Fetisov,FALSE,Producer,,
2017,Best Film Not in the English Language,Foreign Film,The Salesman,"فروشنده, Forušande",Iran,Asghar Farhadi,FALSE,Director,,
2017,Best Film Not in the English Language,Foreign Film,The Salesman,"فروشنده, Forušande",Iran,Alexandre Mallet-Guy,FALSE,Producer,,
2017,Best Film Not in the English Language,Foreign Film,The Salesman,"فروشنده, Forušande",Iran,Asghar Farhadi,FALSE,Producer,,
2017,Best Animated Film,Animated Feature-Length Film,Coco,,United States,Lee Unkrich,TRUE,Director,,
2017,Best Animated Film,Animated Feature-Length Film,Coco,,United States,Darla K. Anderson,TRUE,Producer,,
2017,Best Animated Film,Animated Feature-Length Film,Loving Vincent,,"Poland, United Kingdom",Dorota Kobiela,FALSE,Director,,
2017,Best Animated Film,Animated Feature-Length Film,Loving Vincent,,"Poland, United Kingdom",Hugh Welchman,FALSE,Director,,
2017,Best Animated Film,Animated Feature-Length Film,Loving Vincent,,"Poland, United Kingdom",Hugh Welchman,FALSE,Producer,,
2017,Best Animated Film,Animated Feature-Length Film,Loving Vincent,,"Poland, United Kingdom",Ivan Mactaggart,FALSE,Producer,,
2017,Best Animated Film,Animated Feature-Length Film,Loving Vincent,,"Poland, United Kingdom",Sean Bobbitt,FALSE,Producer,,
2017,Best Animated Film,Animated Feature-Length Film,My Life as a Courgette,,"Switzerland, France",Claude Barras,FALSE,Director,,
2017,Best Animated Film,Animated Feature-Length Film,My Life as a Courgette,,"Switzerland, France",Armelle Glorennec,FALSE,Producer,,
2017,Best Animated Film,Animated Feature-Length Film,My Life as a Courgette,,"Switzerland, France",Éric Jacquot,FALSE,Producer,,
2017,Best Animated Film,Animated Feature-Length Film,My Life as a Courgette,,"Switzerland, France",Marc Bonny,FALSE,Producer,,
2017,Best Documentary,Documentary Film,I Am Not Your Negro,,,Raoul Peck,TRUE,,,
2017,Best Documentary,Documentary Film,City of Ghosts,,,Matthew Heineman,FALSE,,,
2017,Best Documentary,Documentary Film,Icarus,,,Bryan Fogel,FALSE,,,
2017,Best Documentary,Documentary Film,Icarus,,,Dan Cogan,FALSE,,,
2017,Best Documentary,Documentary Film,An Inconvenient Sequel,,,Bonni Cohen,FALSE,,,
2017,Best Documentary,Documentary Film,An Inconvenient Sequel,,,Jon Shenk,FALSE,,,
2017,Best Documentary,Documentary Film,Jane,,,Brett Morgen,FALSE,,,
2017,Best Documentary,Documentary Film,Jane,,,Bryan Burk,FALSE,,,
2017,Best Short Film,Live-Action Short Film,Cowboy Dave,,,Colin O'Toole,TRUE,,,
2017,Best Short Film,Live-Action Short Film,Cowboy Dave,,,Mathias Gilay,TRUE,,,
2017,Best Short Film,Live-Action Short Film,Cowboy Dave,,,Jonas Mortensen,TRUE,,,
2017,Best Short Film,Live-Action Short Film,Amir,,,Vika Evdokimenko,FALSE,,,
2017,Best Short Film,Live-Action Short Film,Amir,,,Emma Stone,FALSE,,,
2017,Best Short Film,Live-Action Short Film,Amir,,,Oliver Shuster,FALSE,,,
2017,Best Short Film,Live-Action Short Film,A Drowning Man,,,Mahdi Fleifel,FALSE,,,
2017,Best Short Film,Live-Action Short Film,A Drowning Man,,,Signe Byrge Sørensen,FALSE,,,
2017,Best Short Film,Live-Action Short Film,A Drowning Man,,,Patrick Campbell,FALSE,,,
2017,Best Short Film,Live-Action Short Film,Work,,,Aneil Karia,FALSE,,,
2017,Best Short Film,Live-Action Short Film,Work,,,Scott O'Donnell,FALSE,,,
2017,Best Short Film,Live-Action Short Film,Wren Boys,,,Harry Lighton,FALSE,,,
2017,Best Short Film,Live-Action Short Film,Wren Boys,,,Sorcha Bacon,FALSE,,,
2017,Best Short Film,Live-Action Short Film,Wren Boys,,,John Fitzpatrick,FALSE,,,
2017,Best Short Animation,Animated Short Film,Poles Apart,,,Paloma Baeza,TRUE,,,
2017,Best Short Animation,Animated Short Film,Poles Apart,,,Ser En Low,TRUE,,,
2017,Best Short Animation,Animated Short Film,Have Heart,,,Will Anderson,FALSE,,,
2017,Best Short Animation,Animated Short Film,Mamoon,,,Ben Steer,FALSE,,,
2017,"Outstanding Début by a British Writer, Director, or Producer",,I Am Not a Witch,,,Rungano Nyoni,TRUE,Writer,,
2017,"Outstanding Début by a British Writer, Director, or Producer",,I Am Not a Witch,,,Rungano Nyoni,TRUE,Director,,
2017,"Outstanding Début by a British Writer, Director, or Producer",,I Am Not a Witch,,,Emily Morgan,TRUE,Producer,,
2017,"Outstanding Début by a British Writer, Director, or Producer",,The Ghoul,,,Gareth Tunley,FALSE,Writer,,
2017,"Outstanding Début by a British Writer, Director, or Producer",,The Ghoul,,,Gareth Tunley,FALSE,Director,,
2017,"Outstanding Début by a British Writer, Director, or Producer",,The Ghoul,,,Gareth Tunley,FALSE,Producer,,
2017,"Outstanding Début by a British Writer, Director, or Producer",,The Ghoul,,,Jack Healy Guttman,FALSE,,,
2017,"Outstanding Début by a British Writer, Director, or Producer",,The Ghoul,,,Tom Meeten,FALSE,Producers,,
2017,"Outstanding Début by a British Writer, Director, or Producer",,Jawbone,,,Johnny Harris,FALSE,Writer,,
2017,"Outstanding Début by a British Writer, Director, or Producer",,Jawbone,,,Johnny Harris,FALSE,Producer,,
2017,"Outstanding Début by a British Writer, Director, or Producer",,Jawbone,,,Thomas Napper,FALSE,Director,,
2017,"Outstanding Début by a British Writer, Director, or Producer",,Kingdom of Us,,,Lucy Cohen,FALSE,Director,,
2017,"Outstanding Début by a British Writer, Director, or Producer",,Lady Macbeth,,,Alice Birch,FALSE,Writer,,
2017,"Outstanding Début by a British Writer, Director, or Producer",,Lady Macbeth,,,William Oldroyd,FALSE,Director,,
2017,"Outstanding Début by a British Writer, Director, or Producer",,Lady Macbeth,,,Fodhla Cronin O'Reilly,FALSE,Producer,,
2017,Best Direction,Director,The Shape of Water[25],,,Guillermo del Toro,TRUE,,,
2017,Best Direction,Director,Call Me by Your Name,,,Luca Guadagnino,FALSE,,,
2017,Best Direction,Director,"Three Billboards Outside Ebbing, Missouri",,,Martin McDonagh,FALSE,,,
2017,Best Direction,Director,Dunkirk,,,Christopher Nolan,FALSE,,,
2017,Best Direction,Director,Blade Runner 2049,,,Denis Villeneuve,FALSE,,,
2017,Best Adapted Screenplay,Screenplay (Adapted),Call Me by Your Name,,,James Ivory[23],TRUE,,Call Me by Your Name by André Aciman,
2017,Best Adapted Screenplay,Screenplay (Adapted),The Death of Stalin,,,Armando Iannucci,FALSE,,The Death of Stalin by Fabien Nury and Thierry Robin,
2017,Best Adapted Screenplay,Screenplay (Adapted),The Death of Stalin,,,Ian Martin,FALSE,,The Death of Stalin by Fabien Nury and Thierry Robin,
2017,Best Adapted Screenplay,Screenplay (Adapted),The Death of Stalin,,,David Schneider,FALSE,,The Death of Stalin by Fabien Nury and Thierry Robin,
2017,Best Adapted Screenplay,Screenplay (Adapted),Film Stars Don't Die in Liverpool,,,Matt Greenhalgh,FALSE,,Film Stars Don't Die in Liverpool by Peter Turner,
2017,Best Adapted Screenplay,Screenplay (Adapted),Molly's Game,,,Aaron Sorkin,FALSE,,Molly's Game by Molly Bloom,
2017,Best Adapted Screenplay,Screenplay (Adapted),Paddington 2,,,Simon Farnaby,FALSE,,Paddington Bear by Michael Bond,
2017,Best Adapted Screenplay,Screenplay (Adapted),Paddington 2,,,Paul King,FALSE,,Paddington Bear by Michael Bond,
2017,Best Original Screenplay,Screenplay (Original),"Three Billboards Outside Ebbing, Missouri",,,Martin McDonagh,TRUE,,,
2017,Best Original Screenplay,Screenplay (Original),Get Out,,,Jordan Peele,FALSE,,,
2017,Best Original Screenplay,Screenplay (Original),"I, Tonya",,,Steven Rogers,FALSE,,,
2017,Best Original Screenplay,Screenplay (Original),Lady Bird,,,Greta Gerwig,FALSE,,,
2017,Best Original Screenplay,Screenplay (Original),The Shape of Water,,,Guillermo del Toro,FALSE,,,
2017,Best Original Screenplay,Screenplay (Original),The Shape of Water,,,Vanessa Taylor,FALSE,,,
2017,Best Actor in a Leading Role,Actor in a Leading Role,Darkest Hour,,,Gary Oldman,TRUE,,,Winston Churchill
2017,Best Actor in a Leading Role,Actor in a Leading Role,Film Stars Don't Die in Liverpool,,,Jamie Bell,FALSE,,,Peter Turner
2017,Best Actor in a Leading Role,Actor in a Leading Role,Call Me by Your Name,,,Timothée Chalamet,FALSE,,,Elio Perlman
2017,Best Actor in a Leading Role,Actor in a Leading Role,Phantom Thread,,,Daniel Day-Lewis,FALSE,,,Reynolds Woodcock
2017,Best Actor in a Leading Role,Actor in a Leading Role,Get Out,,,Daniel Kaluuya,FALSE,,,Chris Washington
2017,Best Actress in a Leading Role,Actress in a Leading Role,"Three Billboards Outside Ebbing, Missouri",,,Frances McDormand,TRUE,,,Mildred Hayes
2017,Best Actress in a Leading Role,Actress in a Leading Role,Film Stars Don't Die in Liverpool,,,Annette Bening,FALSE,,,Gloria Grahame
2017,Best Actress in a Leading Role,Actress in a Leading Role,The Shape of Water,,,Sally Hawkins,FALSE,,,Elisa Esposito
2017,Best Actress in a Leading Role,Actress in a Leading Role,"I, Tonya",,,Margot Robbie,FALSE,,,Tonya Harding
2017,Best Actress in a Leading Role,Actress in a Leading Role,Lady Bird,,,Saoirse Ronan,FALSE,,,"Christine ""Lady Bird"" McPherson"
2017,Best Actor in a Supporting Role,Actor in a Supporting Role,"Three Billboards Outside Ebbing, Missouri",,,Sam Rockwell,TRUE,,,Jason Dixon
2017,Best Actor in a Supporting Role,Actor in a Supporting Role,The Florida Project,,,Willem Dafoe,FALSE,,,Bobby Hicks
2017,Best Actor in a Supporting Role,Actor in a Supporting Role,Paddington 2,,,Hugh Grant,FALSE,,,Phoenix Buchanan
2017,Best Actor in a Supporting Role,Actor in a Supporting Role,"Three Billboards Outside Ebbing, Missouri",,,Woody Harrelson,FALSE,,,Bill Willoughby
2017,Best Actor in a Supporting Role,Actor in a Supporting Role,All the Money in the World,,,Christopher Plummer,FALSE,,,J. Paul Getty
2017,Best Actress in a Supporting Role,Actress in a Supporting Role,"I, Tonya",,,Allison Janney,TRUE,,,LaVona Golden
2017,Best Actress in a Supporting Role,Actress in a Supporting Role,Phantom Thread,,,Lesley Manville,FALSE,,,Cyril Woodcock
2017,Best Actress in a Supporting Role,Actress in a Supporting Role,Lady Bird,,,Laurie Metcalf,FALSE,,,Marion McPherson
2017,Best Actress in a Supporting Role,Actress in a Supporting Role,Darkest Hour,,,Kristin Scott Thomas,FALSE,,,Clementine Churchill
2017,Best Actress in a Supporting Role,Actress in a Supporting Role,The Shape of Water,,,Octavia Spencer,FALSE,,,Zelda Fuller
2017,Best Cinematography,Cinematography,Blade Runner 2049,,,Roger Deakins,TRUE,,,
2017,Best Cinematography,Cinematography,"Three Billboards Outside Ebbing, Missouri",,,Ben Davis,FALSE,,,
2017,Best Cinematography,Cinematography,Darkest Hour,,,Bruno Delbonnel,FALSE,,,
2017,Best Cinematography,Cinematography,The Shape of Water,,,Dan Laustsen,FALSE,,,
2017,Best Cinematography,Cinematography,Dunkirk,,,Hoyte van Hoytema,FALSE,,,
2017,Best Editing,Film Editing,Baby Driver,,,Paul Machliss,TRUE,,,
2017,Best Editing,Film Editing,Baby Driver,,,Jonathan Amos,TRUE,,,
2017,Best Editing,Film Editing,Blade Runner 2049,,,Joe Walker,FALSE,,,
2017,Best Editing,Film Editing,Dunkirk,,,Lee Smith,FALSE,,,
2017,Best Editing,Film Editing,The Shape of Water,,,Sidney Wolinsky,FALSE,,,
2017,Best Editing,Film Editing,"Three Billboards Outside Ebbing, Missouri",,,Jon Gregory,FALSE,,,
2017,Best Costume Design,Costuming,Phantom Thread,,,Mark Bridges,TRUE,,,
2017,Best Costume Design,Costuming,Beauty and the Beast,,,Jacqueline Durran,FALSE,,,
2017,Best Costume Design,Costuming,Darkest Hour,,,,FALSE,,,
2017,Best Costume Design,Costuming,"I, Tonya",,,Jennifer Johnson,FALSE,,,
2017,Best Costume Design,Costuming,The Shape of Water,,,Luis Sequeira,FALSE,,,
2017,Best Production Design,Art Direction,The Shape of Water,,,Paul D. Austerberry,TRUE,,,
2017,Best Production Design,Art Direction,The Shape of Water,,,Jeff Melvin,TRUE,,,
2017,Best Production Design,Art Direction,The Shape of Water,,,Shane Vieau,TRUE,,,
2017,Best Production Design,Art Direction,Beauty and the Beast,,,Sarah Greenwood,FALSE,,,
2017,Best Production Design,Art Direction,Beauty and the Beast,,,Katie Spencer,FALSE,,,
2017,Best Production Design,Art Direction,Blade Runner 2049,,,Dennis Gassner,FALSE,,,
2017,Best Production Design,Art Direction,Blade Runner 2049,,,Alessandra Querzola,FALSE,,,
2017,Best Production Design,Art Direction,Darkest Hour,,,Sarah Greenwood,FALSE,,,
2017,Best Production Design,Art Direction,Darkest Hour,,,Katie Spencer,FALSE,,,
2017,Best Production Design,Art Direction,Dunkirk,,,Nathan Crowley,FALSE,,,
2017,Best Production Design,Art Direction,Dunkirk,,,Gary Fettis,FALSE,,,
2017,Best Make-up and Hair,Make-Up & Hairstyling,Darkest Hour,,,David Malinowski,TRUE,,,
2017,Best Make-up and Hair,Make-Up & Hairstyling,Darkest Hour,,,Ivana Primorac,TRUE,,,
2017,Best Make-up and Hair,Make-Up & Hairstyling,Darkest Hour,,,Lucy Sibbick,TRUE,,,
2017,Best Make-up and Hair,Make-Up & Hairstyling,Darkest Hour,,,Kazuhiro Tsuji,TRUE,,,
2017,Best Make-up and Hair,Make-Up & Hairstyling,Blade Runner 2049,,,Donald Mowat,FALSE,,,
2017,Best Make-up and Hair,Make-Up & Hairstyling,Blade Runner 2049,,,Kerry Warn,FALSE,,,
2017,Best Make-up and Hair,Make-Up & Hairstyling,"I, Tonya",,,Deborah La Mia Denaver,FALSE,,,
2017,Best Make-up and Hair,Make-Up & Hairstyling,"I, Tonya",,,Adruitha Lee,FALSE,,,
2017,Best Make-up and Hair,Make-Up & Hairstyling,Victoria & Abdul,,,Daniel Phillips,FALSE,,,
2017,Best Make-up and Hair,Make-Up & Hairstyling,Victoria & Abdul,,,Lou Sheppard,FALSE,,,
2017,Best Make-up and Hair,Make-Up & Hairstyling,Wonder,,,Naomi Bakstad,FALSE,,,
2017,Best Make-up and Hair,Make-Up & Hairstyling,Wonder,,,Robert Pandini,FALSE,,,
2017,Best Make-up and Hair,Make-Up & Hairstyling,Wonder,,,Arjen Tuiten,FALSE,,,
2017,Best Original Music,Original Score,The Shape of Water,,,Alexandre Desplat,TRUE,,,
2017,Best Original Music,Original Score,Blade Runner 2049,,,Benjamin Wallfisch,FALSE,,,
2017,Best Original Music,Original Score,Blade Runner 2049,,,Hans Zimmer,FALSE,,,
2017,Best Original Music,Original Score,Darkest Hour,,,Dario Marianelli,FALSE,,,
2017,Best Original Music,Original Score,Dunkirk,,,Hans Zimmer,FALSE,,,
2017,Best Original Music,Original Score,Phantom Thread,,,Jonny Greenwood,FALSE,,,
2017,Best Sound,Sound Mixing,Dunkirk,,,Alex Gibson,TRUE,,,
2017,Best Sound,Sound Mixing,Dunkirk,,,Richard King,TRUE,,,
2017,Best Sound,Sound Mixing,Dunkirk,,,Gregg Landaker,TRUE,,,
2017,Best Sound,Sound Mixing,Dunkirk,,,Gary Rizzo,TRUE,,,
2017,Best Sound,Sound Mixing,Dunkirk,,,Mark Weingarten,TRUE,,,
2017,Best Sound,Sound Mixing,Baby Driver,,,Tim Cavagin,FALSE,,,
2017,Best Sound,Sound Mixing,Baby Driver,,,Mary H. Ellis,FALSE,,,
2017,Best Sound,Sound Mixing,Baby Driver,,,Dan Morgan,FALSE,,,
2017,Best Sound,Sound Mixing,Baby Driver,,,Jeremy Price,FALSE,,,
2017,Best Sound,Sound Mixing,Baby Driver,,,Julian Slater,FALSE,,,
2017,Best Sound,Sound Mixing,Blade Runner 2049,,,Ron Bartlett,FALSE,,,
2017,Best Sound,Sound Mixing,Blade Runner 2049,,,Theo Green,FALSE,,,
2017,Best Sound,Sound Mixing,Blade Runner 2049,,,Doug Hemphill,FALSE,,,
2017,Best Sound,Sound Mixing,Blade Runner 2049,,,Mark Mangini,FALSE,,,
2017,Best Sound,Sound Mixing,Blade Runner 2049,,,Mac Ruth,FALSE,,,
2017,Best Sound,Sound Mixing,The Shape of Water,,,Christian Cooke,FALSE,,,
2017,Best Sound,Sound Mixing,The Shape of Water,,,Nelson Ferreira,FALSE,,,
2017,Best Sound,Sound Mixing,The Shape of Water,,,Glen Gauthier,FALSE,,,
2017,Best Sound,Sound Mixing,The Shape of Water,,,Nathan Robitaille,FALSE,,,
2017,Best Sound,Sound Mixing,The Shape of Water,,,Brad Zoern,FALSE,,,
2017,Best Sound,Sound Mixing,Star Wars: The Last Jedi,,,Ren Klyce,FALSE,,,
2017,Best Sound,Sound Mixing,Star Wars: The Last Jedi,,,David Parker,FALSE,,,
2017,Best Sound,Sound Mixing,Star Wars: The Last Jedi,,,Michael Semanick,FALSE,,,
2017,Best Sound,Sound Mixing,Star Wars: The Last Jedi,,,Stuart Wilson,FALSE,,,
2017,Best Sound,Sound Mixing,Star Wars: The Last Jedi,,,Matthew Wood,FALSE,,,
2017,Best Special Visual Effects,Effects,Blade Runner 2049,,,Richard R. Hoover,TRUE,,,
2017,Best Special Visual Effects,Effects,Blade Runner 2049,,,Paul Lambert,TRUE,,,
2017,Best Special Visual Effects,Effects,Blade Runner 2049,,,Gerd Nefzer,TRUE,,,
2017,Best Special Visual Effects,Effects,Blade Runner 2049,,,John Nelson,TRUE,,,
2017,Best Special Visual Effects,Effects,Dunkirk,,,Scott Fisher,FALSE,,,
2017,Best Special Visual Effects,Effects,Dunkirk,,,Andrew Jackson,FALSE,,,
2017,Best Special Visual Effects,Effects,Dunkirk,,,Paul Corbould,FALSE,,,
2017,Best Special Visual Effects,Effects,Dunkirk,,,Andrew Lockley,FALSE,,,
2017,Best Special Visual Effects,Effects,The Shape of Water,,,Dennis Berardi,FALSE,,,
2017,Best Special Visual Effects,Effects,The Shape of Water,,,Trey Harrell,FALSE,,,
2017,Best Special Visual Effects,Effects,The Shape of Water,,,Mike Hill,FALSE,,,
2017,Best Special Visual Effects,Effects,The Shape of Water,,,Kevin Scott,FALSE,,,
2017,Best Special Visual Effects,Effects,Star Wars: The Last Jedi,,,Stephen Aplin,FALSE,,,
2017,Best Special Visual Effects,Effects,Star Wars: The Last Jedi,,,Chris Corbould,FALSE,,,
2017,Best Special Visual Effects,Effects,Star Wars: The Last Jedi,,,Ben Morris,FALSE,,,
2017,Best Special Visual Effects,Effects,Star Wars: The Last Jedi,,,Neal Scanlan,FALSE,,,
2017,Best Special Visual Effects,Effects,War for the Planet of the Apes,,,Daniel Barrett,FALSE,,,
2017,Best Special Visual Effects,Effects,War for the Planet of the Apes,,,Dan Lemmon,FALSE,,,
2017,Best Special Visual Effects,Effects,War for the Planet of the Apes,,,Joe Letteri,FALSE,,,
2017,Best Special Visual Effects,Effects,War for the Planet of the Apes,,,Joel Whist,FALSE,,,
2017,Rising Star Award,,,,,Daniel Kaluuya,TRUE,,,
2017,Rising Star Award,,,,,Florence Pugh,FALSE,,,
2017,Rising Star Award,,,,,Josh O'Connor,FALSE,,,
2017,Rising Star Award,,,,,Tessa Thompson,FALSE,,,
2017,Rising Star Award,,,,,Timothée Chalamet,FALSE,,,
2016,Best Film,Live-Action Feature-Length Film,La La Land,,United States,Damien Chazelle,TRUE,Director,,
2016,Best Film,Live-Action Feature-Length Film,La La Land,,United States,Fred Berger,TRUE,Producer,,
2016,Best Film,Live-Action Feature-Length Film,La La Land,,United States,Jordan Horowitz,TRUE,Producer,,
2016,Best Film,Live-Action Feature-Length Film,La La Land,,United States,Marc Platt,TRUE,Producer,,
2016,Best Film,Live-Action Feature-Length Film,Arrival,,United States,Denis Villeneuve,FALSE,Director,,
2016,Best Film,Live-Action Feature-Length Film,Arrival,,United States,Dan Levine,FALSE,Producer,,
2016,Best Film,Live-Action Feature-Length Film,Arrival,,United States,Shawn Levy,FALSE,Producer,,
2016,Best Film,Live-Action Feature-Length Film,Arrival,,United States,David Linde,FALSE,Producer,,
2016,Best Film,Live-Action Feature-Length Film,Arrival,,United States,Aaron Ryder,FALSE,Producer,,
2016,Best Film,Live-Action Feature-Length Film,"I, Daniel Blake",,United Kingdom,Ken Loach,FALSE,Director,,
2016,Best Film,Live-Action Feature-Length Film,"I, Daniel Blake",,United Kingdom,Rebecca O'Brien,FALSE,Producer,,
2016,Best Film,Live-Action Feature-Length Film,Manchester by the Sea,,United States,Kenneth Lonergan,FALSE,Director,,
2016,Best Film,Live-Action Feature-Length Film,Manchester by the Sea,,United States,Lauren Beck,FALSE,Producer,,
2016,Best Film,Live-Action Feature-Length Film,Manchester by the Sea,,United States,Matt Damon,FALSE,Producer,,
2016,Best Film,Live-Action Feature-Length Film,Manchester by the Sea,,United States,Chris Moore,FALSE,Producer,,
2016,Best Film,Live-Action Feature-Length Film,Manchester by the Sea,,United States,Kimberly Steward,FALSE,Producer,,
2016,Best Film,Live-Action Feature-Length Film,Manchester by the Sea,,United States,Kevin J. Walsh,FALSE,Producer,,
2016,Best Film,Live-Action Feature-Length Film,Moonlight,,United States,Barry Jenkins,FALSE,Director,,
2016,Best Film,Live-Action Feature-Length Film,Moonlight,,United States,Dede Gardner,FALSE,Producer,,
2016,Best Film,Live-Action Feature-Length Film,Moonlight,,United States,Jeremy Kleiner,FALSE,Producer,,
2016,Best Film,Live-Action Feature-Length Film,Moonlight,,United States,Adele Romanski,FALSE,Producer,,
2016,Outstanding British Film,,"I, Daniel Blake",,United Kingdom,Ken Loach,TRUE,Director,,
2016,Outstanding British Film,,"I, Daniel Blake",,United Kingdom,Ken Loach,TRUE,Producer,,
2016,Outstanding British Film,,"I, Daniel Blake",,United Kingdom,Rebecca O'Brien,TRUE,Producer,,
2016,Outstanding British Film,,"I, Daniel Blake",,United Kingdom,Paul Laverty,TRUE,Producer,,
2016,Outstanding British Film,,American Honey,,United Kingdom,Andrea Arnold,FALSE,Director,,
2016,Outstanding British Film,,American Honey,,United Kingdom,Andrea Arnold,FALSE,Producer,,
2016,Outstanding British Film,,American Honey,,United Kingdom,Lars Knudsen,FALSE,Producer,,
2016,Outstanding British Film,,American Honey,,United Kingdom,Pouya Shahbazian,FALSE,Producer,,
2016,Outstanding British Film,,American Honey,,United Kingdom,Jay Van Hoy,FALSE,Producer,,
2016,Outstanding British Film,,Denial,,United Kingdom,Mick Jackson,FALSE,Director,,
2016,Outstanding British Film,,Denial,,United Kingdom,Mick Jackson,FALSE,Producer,,
2016,Outstanding British Film,,Denial,,United Kingdom,Gary Foster,FALSE,Producer,,
2016,Outstanding British Film,,Denial,,United Kingdom,Russ Krasnoff,FALSE,Producer,,
2016,Outstanding British Film,,Denial,,United Kingdom,David Hare,FALSE,Producer,,
2016,Outstanding British Film,,Fantastic Beasts and Where to Find Them,,United Kingdom,David Yates,FALSE,Director,,
2016,Outstanding British Film,,Fantastic Beasts and Where to Find Them,,United Kingdom,David Yates,FALSE,Producer,,
2016,Outstanding British Film,,Fantastic Beasts and Where to Find Them,,United Kingdom,J. K. Rowling,FALSE,Producer,,
2016,Outstanding British Film,,Fantastic Beasts and Where to Find Them,,United Kingdom,David Heyman,FALSE,Producer,,
2016,Outstanding British Film,,Fantastic Beasts and Where to Find Them,,United Kingdom,Steve Kloves,FALSE,Producer,,
2016,Outstanding British Film,,Fantastic Beasts and Where to Find Them,,United Kingdom,Lionel Wigram,FALSE,Producer,,
2016,Outstanding British Film,,Notes on Blindness,,United Kingdom,Peter Middleton,FALSE,Director,,
2016,Outstanding British Film,,Notes on Blindness,,United Kingdom,James Spinney,FALSE,Director,,
2016,Outstanding British Film,,Notes on Blindness,,United Kingdom,Peter Middleton,FALSE,Producer,,
2016,Outstanding British Film,,Notes on Blindness,,United Kingdom,James Spinney,FALSE,Producer,,
2016,Outstanding British Film,,Notes on Blindness,,United Kingdom,Mike Brett,FALSE,Producer,,
2016,Outstanding British Film,,Notes on Blindness,,United Kingdom,Jo-Jo Ellison,FALSE,Producer,,
2016,Outstanding British Film,,Notes on Blindness,,United Kingdom,Steve Jamison,FALSE,Producer,,
2016,Outstanding British Film,,Under the Shadow,,United Kingdom,Babak Anvari,FALSE,Director,,
2016,Outstanding British Film,,Under the Shadow,,United Kingdom,Babak Anvari,FALSE,Producer,,
2016,Outstanding British Film,,Under the Shadow,,United Kingdom,Emily Leo,FALSE,Producer,,
2016,Outstanding British Film,,Under the Shadow,,United Kingdom,Oliver Roskill,FALSE,Producer,,
2016,Outstanding British Film,,Under the Shadow,,United Kingdom,Lucan Toh,FALSE,Producer,,
2016,Best Film Not in the English Language,Foreign Film,Son of Saul,Saul fia,Hungary,László Nemes,TRUE,Director,,
2016,Best Film Not in the English Language,Foreign Film,Son of Saul,Saul fia,Hungary,Gábor Sipos,TRUE,Producer,,
2016,Best Film Not in the English Language,Foreign Film,Son of Saul,Saul fia,Hungary,Gábor Rajna,TRUE,Producer,,
2016,Best Film Not in the English Language,Foreign Film,Dheepan,,France,Jacques Audiard,FALSE,Director,,
2016,Best Film Not in the English Language,Foreign Film,Dheepan,,France,Pascal Caucheteux,FALSE,Producer,,
2016,Best Film Not in the English Language,Foreign Film,Julieta,,Spain,Pedro Almodóvar,FALSE,Director,,
2016,Best Film Not in the English Language,Foreign Film,Julieta,,Spain,Agustín Almodóvar,FALSE,Producer,,
2016,Best Film Not in the English Language,Foreign Film,Julieta,,Spain,Pedro Almodóvar,FALSE,Producer,,
2016,Best Film Not in the English Language,Foreign Film,Julieta,,Spain,Esther García,FALSE,Producer,,
2016,Best Film Not in the English Language,Foreign Film,Mustang,,"Turkey
 France",Deniz Gamze Ergüven,FALSE,Director,,
2016,Best Film Not in the English Language,Foreign Film,Mustang,,"Turkey
 France",Charles Gillibert,FALSE,Producer,,
2016,Best Film Not in the English Language,Foreign Film,Toni Erdmann,,"Germany
 Austria",Maren Ade,FALSE,Director,,
2016,Best Film Not in the English Language,Foreign Film,Toni Erdmann,,"Germany
 Austria",Maren Ade,FALSE,Producer,,
2016,Best Film Not in the English Language,Foreign Film,Toni Erdmann,,"Germany
 Austria",Jonas Dornbach,FALSE,Producer,,
2016,Best Film Not in the English Language,Foreign Film,Toni Erdmann,,"Germany
 Austria",Janine Jackowski,FALSE,Producer,,
2016,Best Film Not in the English Language,Foreign Film,Toni Erdmann,,"Germany
 Austria",Michel Merkt,FALSE,Producer,,
2016,Best Animated Film,Animated Feature-Length Film,Kubo and the Two Strings,,United States,Travis Knight,TRUE,Director,,
2016,Best Animated Film,Animated Feature-Length Film,Kubo and the Two Strings,,United States,Travis Knight,TRUE,Producer,,
2016,Best Animated Film,Animated Feature-Length Film,Kubo and the Two Strings,,United States,Arianne Sutner,TRUE,Producer,,
2016,Best Animated Film,Animated Feature-Length Film,Finding Dory,,United States,Andrew Stanton,FALSE,Director,,
2016,Best Animated Film,Animated Feature-Length Film,Finding Dory,,United States,Lindsey Collins,FALSE,Producer,,
2016,Best Animated Film,Animated Feature-Length Film,Moana,,United States,Ron Clements,FALSE,Director,,
2016,Best Animated Film,Animated Feature-Length Film,Moana,,United States,John Musker,FALSE,Director,,
2016,Best Animated Film,Animated Feature-Length Film,Moana,,United States,Osnat Shurer,FALSE,Producer,,
2016,Best Animated Film,Animated Feature-Length Film,Zootopia,,United States,Byron Howard,FALSE,Director,,
2016,Best Animated Film,Animated Feature-Length Film,Zootopia,,United States,Rich Moore,FALSE,Director,,
2016,Best Animated Film,Animated Feature-Length Film,Zootopia,,United States,Clark Spencer,FALSE,Producer,,
2016,Best Documentary,Documentary Film,13th,,,Ava DuVernay,TRUE,,,
2016,Best Documentary,Documentary Film,13th,,,Spencer Averick,TRUE,,,
2016,Best Documentary,Documentary Film,13th,,,Howard Barish,TRUE,,,
2016,Best Documentary,Documentary Film,The Beatles: Eight Days a Week – The Touring Years,,,Ron Howard,FALSE,,,
2016,Best Documentary,Documentary Film,The Beatles: Eight Days a Week – The Touring Years,,,Brian Grazer,FALSE,,,
2016,Best Documentary,Documentary Film,The Beatles: Eight Days a Week – The Touring Years,,,Scott Pascucci,FALSE,,,
2016,Best Documentary,Documentary Film,The Beatles: Eight Days a Week – The Touring Years,,,Nigel Sinclair,FALSE,,,
2016,Best Documentary,Documentary Film,The Eagle Huntress,,,Otto Bell,FALSE,,,
2016,Best Documentary,Documentary Film,The Eagle Huntress,,,Stacey Reiss,FALSE,,,
2016,Best Documentary,Documentary Film,Notes on Blindness,,,Peter Middleton,FALSE,,,
2016,Best Documentary,Documentary Film,Notes on Blindness,,,James Spinney,FALSE,,,
2016,Best Documentary,Documentary Film,Weiner,,,Josh Kriegman,FALSE,,,
2016,Best Documentary,Documentary Film,Weiner,,,Elyse Steinberg,FALSE,,,
2016,Best Short Film,Live-Action Short Film,Home,,,Daniel Mulloy,TRUE,,,
2016,Best Short Film,Live-Action Short Film,Home,,,Shpat Deda,TRUE,,,
2016,Best Short Film,Live-Action Short Film,Home,,,Afolabi Kuti,TRUE,,,
2016,Best Short Film,Live-Action Short Film,Home,,,Scott O'Donnell,TRUE,,,
2016,Best Short Film,Live-Action Short Film,Consumed,,,Richard John Seymour,FALSE,,,
2016,Best Short Film,Live-Action Short Film,Mouth of Hell,,,Bart Gavigan,FALSE,,,
2016,Best Short Film,Live-Action Short Film,Mouth of Hell,,,Samir Mehanović,FALSE,,,
2016,Best Short Film,Live-Action Short Film,Mouth of Hell,,,Allie Smith,FALSE,,,
2016,Best Short Film,Live-Action Short Film,Mouth of Hell,,,Michael Wilson,FALSE,,,
2016,Best Short Film,Live-Action Short Film,The Party,,,Farah Abushwesha,FALSE,,,
2016,Best Short Film,Live-Action Short Film,The Party,,,Emmet Fleming,FALSE,,,
2016,Best Short Film,Live-Action Short Film,The Party,,,Andrea Harkin,FALSE,,,
2016,Best Short Film,Live-Action Short Film,The Party,,,Conor MacNeill,FALSE,,,
2016,Best Short Film,Live-Action Short Film,Standby,,,Charlotte Regan,FALSE,,,
2016,Best Short Film,Live-Action Short Film,Standby,,,Jack Hannon,FALSE,,,
2016,Best Short Animation,Animated Short Film,A Love Story,,,Khaled Gad,TRUE,,,
2016,Best Short Animation,Animated Short Film,A Love Story,,,Anushka Kishani Naanayakkara,TRUE,,,
2016,Best Short Animation,Animated Short Film,A Love Story,,,Elena Ruscombe-King,TRUE,,,
2016,Best Short Animation,Animated Short Film,The Alan Dimension,,,Jac Clinch,FALSE,,,
2016,Best Short Animation,Animated Short Film,The Alan Dimension,,,Jonathan Harbottle,FALSE,,,
2016,Best Short Animation,Animated Short Film,The Alan Dimension,,,Millie Marsh,FALSE,,,
2016,Best Short Animation,Animated Short Film,Tough,,,Jennifer Zheng,FALSE,,,
2016,"Outstanding Début by a British Writer, Director, or Producer",,Under the Shadow,,,Babak Anvari,TRUE,Writer,,
2016,"Outstanding Début by a British Writer, Director, or Producer",,Under the Shadow,,,Babak Anvari,TRUE,Director,,
2016,"Outstanding Début by a British Writer, Director, or Producer",,Under the Shadow,,,Emily Leo,TRUE,,,
2016,"Outstanding Début by a British Writer, Director, or Producer",,Under the Shadow,,,Oliver Roskill,TRUE,,,
2016,"Outstanding Début by a British Writer, Director, or Producer",,Under the Shadow,,,Lucan Toh,TRUE,Producers,,
2016,"Outstanding Début by a British Writer, Director, or Producer",,The Girl with All the Gifts,,,Mike Carey,FALSE,Writer,,
2016,"Outstanding Début by a British Writer, Director, or Producer",,The Girl with All the Gifts,,,Mike Carey,FALSE,Director,,
2016,"Outstanding Début by a British Writer, Director, or Producer",,The Girl with All the Gifts,,,Camille Gatin,FALSE,Producer,,
2016,"Outstanding Début by a British Writer, Director, or Producer",,The Hard Stop,,,George Amponsah,FALSE,Director,,
2016,"Outstanding Début by a British Writer, Director, or Producer",,The Hard Stop,,,Dionne Walker,FALSE,Producer,,
2016,"Outstanding Début by a British Writer, Director, or Producer",,Notes on Blindness,,,Pete Middleton,FALSE,,,
2016,"Outstanding Début by a British Writer, Director, or Producer",,Notes on Blindness,,,James Spinney,FALSE,Directors,,
2016,"Outstanding Début by a British Writer, Director, or Producer",,Notes on Blindness,,,Jo-Jo Ellison,FALSE,Producer,,
2016,"Outstanding Début by a British Writer, Director, or Producer",,The Pass,,,John Donnelly,FALSE,Writer,,
2016,"Outstanding Début by a British Writer, Director, or Producer",,The Pass,,,Ben A Williams,FALSE,Director,,
2016,Best Direction,Director,La La Land,,,Damien Chazelle,TRUE,,,
2016,Best Direction,Director,Nocturnal Animals,,,Tom Ford,FALSE,,,
2016,Best Direction,Director,"I, Daniel Blake",,,Ken Loach,FALSE,,,
2016,Best Direction,Director,Manchester by the Sea,,,Kenneth Lonergan,FALSE,,,
2016,Best Direction,Director,Arrival,,,Denis Villeneuve,FALSE,,,
2016,Best Adapted Screenplay,Screenplay (Adapted),Lion,,,Luke Davies,TRUE,,A Long Way Home by Saroo Brierley and Larry Buttrose,
2016,Best Adapted Screenplay,Screenplay (Adapted),Arrival,,,Eric Heisserer,FALSE,,Story of Your Life by Ted Chiang,
2016,Best Adapted Screenplay,Screenplay (Adapted),Hacksaw Ridge,,,Andrew Knight,FALSE,,The Conscientious Objector by Terry Benedict,
2016,Best Adapted Screenplay,Screenplay (Adapted),Hacksaw Ridge,,,Robert Schenkkan,FALSE,,The Conscientious Objector by Terry Benedict,
2016,Best Adapted Screenplay,Screenplay (Adapted),Hidden Figures,,,Allison Schroeder,FALSE,,Hidden Figures by Margot Lee Shetterly,
2016,Best Adapted Screenplay,Screenplay (Adapted),Hidden Figures,,,Theodore Melfi,FALSE,,Hidden Figures by Margot Lee Shetterly,
2016,Best Adapted Screenplay,Screenplay (Adapted),Nocturnal Animals,,,Tom Ford,FALSE,,Tony and Susan by Austin Wright,
2016,Best Original Screenplay,Screenplay (Original),Manchester by the Sea,,,Kenneth Lonergan,TRUE,,,
2016,Best Original Screenplay,Screenplay (Original),Hell or High Water,,,Taylor Sheridan,FALSE,,,
2016,Best Original Screenplay,Screenplay (Original),"I, Daniel Blake",,,Paul Laverty,FALSE,,,
2016,Best Original Screenplay,Screenplay (Original),La La Land,,,Damien Chazelle,FALSE,,,
2016,Best Original Screenplay,Screenplay (Original),Moonlight,,,Barry Jenkins,FALSE,,,
2016,Best Actor in a Leading Role,Actor in a Leading Role,Manchester by the Sea,,,Casey Affleck,TRUE,,,Lee Chandler
2016,Best Actor in a Leading Role,Actor in a Leading Role,Hacksaw Ridge,,,Andrew Garfield,FALSE,,,Desmond T. Doss
2016,Best Actor in a Leading Role,Actor in a Leading Role,La La Land,,,Ryan Gosling,FALSE,,,Sebastian Wilder
2016,Best Actor in a Leading Role,Actor in a Leading Role,Nocturnal Animals,,,Jake Gyllenhaal,FALSE,,,Edward Sheffield / Tony Hastings
2016,Best Actor in a Leading Role,Actor in a Leading Role,Captain Fantastic,,,Viggo Mortensen,FALSE,,,Ben Cash
2016,Best Actress in a Leading Role,Actress in a Leading Role,La La Land,,,Emma Stone,TRUE,,,Mia Dolan
2016,Best Actress in a Leading Role,Actress in a Leading Role,Arrival,,,Amy Adams,FALSE,,,Dr. Louise Banks
2016,Best Actress in a Leading Role,Actress in a Leading Role,The Girl on the Train,,,Emily Blunt,FALSE,,,Rachel Watson
2016,Best Actress in a Leading Role,Actress in a Leading Role,Jackie,,,Natalie Portman,FALSE,,,Jackie Kennedy
2016,Best Actress in a Leading Role,Actress in a Leading Role,Florence Foster Jenkins,,,Meryl Streep,FALSE,,,Florence Foster Jenkins
2016,Best Actor in a Supporting Role,Actor in a Supporting Role,Lion,,,Dev Patel,TRUE,,,Saroo Brierley
2016,Best Actor in a Supporting Role,Actor in a Supporting Role,Moonlight,,,Mahershala Ali,FALSE,,,Juan
2016,Best Actor in a Supporting Role,Actor in a Supporting Role,Hell or High Water,,,Jeff Bridges,FALSE,,,Marcus Hamilton
2016,Best Actor in a Supporting Role,Actor in a Supporting Role,Florence Foster Jenkins,,,Hugh Grant,FALSE,,,St. Clair Bayfield
2016,Best Actor in a Supporting Role,Actor in a Supporting Role,Nocturnal Animals,,,Aaron Taylor-Johnson,FALSE,,,Ray Marcus
2016,Best Actress in a Supporting Role,Actress in a Supporting Role,Fences,,,Viola Davis,TRUE,,,Rose Maxson
2016,Best Actress in a Supporting Role,Actress in a Supporting Role,Moonlight,,,Naomie Harris,FALSE,,,Paula Harris
2016,Best Actress in a Supporting Role,Actress in a Supporting Role,Lion,,,Nicole Kidman,FALSE,,,Sue Brierley
2016,Best Actress in a Supporting Role,Actress in a Supporting Role,"I, Daniel Blake",,,Hayley Squires,FALSE,,,Katie Morgan
2016,Best Actress in a Supporting Role,Actress in a Supporting Role,Manchester by the Sea,,,Michelle Williams,FALSE,,,Randi Chandler
2016,Best Cinematography,Cinematography,La La Land,,,Linus Sandgren,TRUE,,,
2016,Best Cinematography,Cinematography,Lion,,,Greig Fraser,FALSE,,,
2016,Best Cinematography,Cinematography,Nocturnal Animals,,,Seamus McGarvey,FALSE,,,
2016,Best Cinematography,Cinematography,Hell or High Water,,,Giles Nuttgens,FALSE,,,
2016,Best Cinematography,Cinematography,Arrival,,,Bradford Young,FALSE,,,
2016,Best Editing,Film Editing,Hacksaw Ridge,,,John Gilbert,TRUE,,,
2016,Best Editing,Film Editing,Arrival,,,Joe Walker,FALSE,,,
2016,Best Editing,Film Editing,La La Land,,,Tom Cross,FALSE,,,
2016,Best Editing,Film Editing,Manchester by the Sea,,,Jennifer Lame,FALSE,,,
2016,Best Editing,Film Editing,Nocturnal Animals,,,Joan Sobel,FALSE,,,
2016,Best Costume Design,Costuming,Jackie,,,Madeline Fontaine,TRUE,,,
2016,Best Costume Design,Costuming,Allied,,,Joanna Johnston,FALSE,,,
2016,Best Costume Design,Costuming,Fantastic Beasts and Where to Find Them,,,Colleen Atwood,FALSE,,,
2016,Best Costume Design,Costuming,Florence Foster Jenkins,,,Consolata Boyle,FALSE,,,
2016,Best Costume Design,Costuming,La La Land,,,Mary Zophres,FALSE,,,
2016,Best Production Design,Art Direction,Fantastic Beasts and Where to Find Them,,,Stuart Craig,TRUE,,,
2016,Best Production Design,Art Direction,Fantastic Beasts and Where to Find Them,,,Anna Pinnock,TRUE,,,
2016,Best Production Design,Art Direction,Doctor Strange,,,John Bush,FALSE,,,
2016,Best Production Design,Art Direction,Doctor Strange,,,Charles Wood,FALSE,,,
2016,Best Production Design,Art Direction,"Hail, Caesar!",,,Jess Gonchor,FALSE,,,
2016,Best Production Design,Art Direction,"Hail, Caesar!",,,Nancy Haigh,FALSE,,,
2016,Best Production Design,Art Direction,La La Land,,,David,FALSE,,,
2016,Best Production Design,Art Direction,La La Land,,,Sandy Reynolds-Wasco,FALSE,,,
2016,Best Production Design,Art Direction,Nocturnal Animals,,,Shane Valentino,FALSE,,,
2016,Best Production Design,Art Direction,Nocturnal Animals,,,Meg Everist,FALSE,,,
2016,Best Make-up and Hair,Make-Up & Hairstyling,Florence Foster Jenkins,,,J. Roy Helland,TRUE,,,
2016,Best Make-up and Hair,Make-Up & Hairstyling,Florence Foster Jenkins,,,Daniel Phillips,TRUE,,,
2016,Best Make-up and Hair,Make-Up & Hairstyling,Doctor Strange,,,Jeremy Woodhead,FALSE,,,
2016,Best Make-up and Hair,Make-Up & Hairstyling,Hacksaw Ridge,,,Shane Thomas,FALSE,,,
2016,Best Make-up and Hair,Make-Up & Hairstyling,Nocturnal Animals,,,Donald Mowat,FALSE,,,
2016,Best Make-up and Hair,Make-Up & Hairstyling,Nocturnal Animals,,,Yolanda Toussieng,FALSE,,,
2016,Best Make-up and Hair,Make-Up & Hairstyling,Rogue One: A Star Wars Story,,,Amanda Knight,FALSE,,,
2016,Best Make-up and Hair,Make-Up & Hairstyling,Rogue One: A Star Wars Story,,,Neal Scanlan,FALSE,,,
2016,Best Make-up and Hair,Make-Up & Hairstyling,Rogue One: A Star Wars Story,,,Lisa Tomblin,FALSE,,,
2016,Best Original Music,Original Score,La La Land,,,Justin Hurwitz,TRUE,,,
2016,Best Original Music,Original Score,Arrival,,,Jóhann Jóhannsson,FALSE,,,
2016,Best Original Music,Original Score,Jackie,,,Mica Levi,FALSE,,,
2016,Best Original Music,Original Score,Lion,,,Hauschka,FALSE,,,
2016,Best Original Music,Original Score,Lion,,,Dustin O'Halloran,FALSE,,,
2016,Best Original Music,Original Score,Nocturnal Animals,,,Abel Korzeniowski,FALSE,,,
2016,Best Sound,Sound Mixing,Arrival,,,Claude La Haye,TRUE,,,
2016,Best Sound,Sound Mixing,Arrival,,,Bernard Gariépy Strobl,TRUE,,,
2016,Best Sound,Sound Mixing,Arrival,,,Sylvain Bellemare,TRUE,,,
2016,Best Sound,Sound Mixing,Deepwater Horizon,,,Mike Prestwood Smith,FALSE,,,
2016,Best Sound,Sound Mixing,Deepwater Horizon,,,Dror Mohar,FALSE,,,
2016,Best Sound,Sound Mixing,Deepwater Horizon,,,Wylie Stateman,FALSE,,,
2016,Best Sound,Sound Mixing,Deepwater Horizon,,,David Wyman,FALSE,,,
2016,Best Sound,Sound Mixing,Fantastic Beasts and Where to Find Them,,,Niv Adiri,FALSE,,,
2016,Best Sound,Sound Mixing,Fantastic Beasts and Where to Find Them,,,Glenn Freemantle,FALSE,,,
2016,Best Sound,Sound Mixing,Fantastic Beasts and Where to Find Them,,,Simon Hayes,FALSE,,,
2016,Best Sound,Sound Mixing,Fantastic Beasts and Where to Find Them,,,Andy Nelson,FALSE,,,
2016,Best Sound,Sound Mixing,Fantastic Beasts and Where to Find Them,,,Ian Tapp,FALSE,,,
2016,Best Sound,Sound Mixing,Hacksaw Ridge,,,Peter Grace,FALSE,,,
2016,Best Sound,Sound Mixing,Hacksaw Ridge,,,Robert Mackenzie,FALSE,,,
2016,Best Sound,Sound Mixing,Hacksaw Ridge,,,Kevin O'Connell,FALSE,,,
2016,Best Sound,Sound Mixing,Hacksaw Ridge,,,Andy Wright,FALSE,,,
2016,Best Sound,Sound Mixing,La La Land,,,Mildred Iatrou Morgan,FALSE,,,
2016,Best Sound,Sound Mixing,La La Land,,,Ai-Ling Lee,FALSE,,,
2016,Best Sound,Sound Mixing,La La Land,,,Steven A. Morrow,FALSE,,,
2016,Best Sound,Sound Mixing,La La Land,,,Andy Nelson,FALSE,,,
2016,Best Special Visual Effects,Effects,The Jungle Book,,,Robert Legato,TRUE,,,
2016,Best Special Visual Effects,Effects,The Jungle Book,,,Dan Lemmon,TRUE,,,
2016,Best Special Visual Effects,Effects,The Jungle Book,,,Andrew R. Jones,TRUE,,,
2016,Best Special Visual Effects,Effects,The Jungle Book,,,Adam Valdez,TRUE,,,
2016,Best Special Visual Effects,Effects,Arrival,,,Louis Morin,FALSE,,,
2016,Best Special Visual Effects,Effects,Doctor Strange,,,Richard Bluff,FALSE,,,
2016,Best Special Visual Effects,Effects,Doctor Strange,,,Stephane Ceretti,FALSE,,,
2016,Best Special Visual Effects,Effects,Doctor Strange,,,Paul Corbould,FALSE,,,
2016,Best Special Visual Effects,Effects,Doctor Strange,,,Jonathan Fawkner,FALSE,,,
2016,Best Special Visual Effects,Effects,Fantastic Beasts and Where to Find Them,,,Tim Burke,FALSE,,,
2016,Best Special Visual Effects,Effects,Fantastic Beasts and Where to Find Them,,,Pablo Grillo,FALSE,,,
2016,Best Special Visual Effects,Effects,Fantastic Beasts and Where to Find Them,,,Christian Manz,FALSE,,,
2016,Best Special Visual Effects,Effects,Fantastic Beasts and Where to Find Them,,,David Watkins,FALSE,,,
2016,Best Special Visual Effects,Effects,Rogue One: A Star Wars Story,,,Neil Corbould,FALSE,,,
2016,Best Special Visual Effects,Effects,Rogue One: A Star Wars Story,,,Hal Hickel,FALSE,,,
2016,Best Special Visual Effects,Effects,Rogue One: A Star Wars Story,,,Mohen Leo,FALSE,,,
2016,Best Special Visual Effects,Effects,Rogue One: A Star Wars Story,,,John Knoll,FALSE,,,
2016,Best Special Visual Effects,Effects,Rogue One: A Star Wars Story,,,Nigel Sumner,FALSE,,,
2016,Rising Star Award,,,,,Tom Holland,TRUE,,,
2016,Rising Star Award,,,,,Laia Costa,FALSE,,,
2016,Rising Star Award,,,,,Lucas Hedges,FALSE,,,
2016,Rising Star Award,,,,,Ruth Negga,FALSE,,,
2016,Rising Star Award,,,,,Anya Taylor-Joy,FALSE,,,
2015,Best Film,Live-Action Feature-Length Film,The Revenant,,United States,Alejandro González Iñárritu,TRUE,Director,,
2015,Best Film,Live-Action Feature-Length Film,The Revenant,,United States,Steve Golin,TRUE,Producer,,
2015,Best Film,Live-Action Feature-Length Film,The Revenant,,United States,Alejandro González Iñárritu,TRUE,Producer,,
2015,Best Film,Live-Action Feature-Length Film,The Revenant,,United States,Arnon Milchan,TRUE,Producer,,
2015,Best Film,Live-Action Feature-Length Film,The Revenant,,United States,Mary Parent,TRUE,Producer,,
2015,Best Film,Live-Action Feature-Length Film,The Revenant,,United States,Keith Redmon,TRUE,Producer,,
2015,Best Film,Live-Action Feature-Length Film,The Big Short,,United States,Adam McKay,FALSE,Director,,
2015,Best Film,Live-Action Feature-Length Film,The Big Short,,United States,Dede Gardner,FALSE,Producer,,
2015,Best Film,Live-Action Feature-Length Film,The Big Short,,United States,Jeremy Kleiner,FALSE,Producer,,
2015,Best Film,Live-Action Feature-Length Film,The Big Short,,United States,Brad Pitt,FALSE,Producer,,
2015,Best Film,Live-Action Feature-Length Film,Bridge of Spies,,United States,Steven Spielberg,FALSE,Director,,
2015,Best Film,Live-Action Feature-Length Film,Bridge of Spies,,United States,Kristie Macosko Krieger,FALSE,Producer,,
2015,Best Film,Live-Action Feature-Length Film,Bridge of Spies,,United States,Marc Platt,FALSE,Producer,,
2015,Best Film,Live-Action Feature-Length Film,Bridge of Spies,,United States,Steven Spielberg,FALSE,Producer,,
2015,Best Film,Live-Action Feature-Length Film,Carol,,"United Kingdom
United States",Todd Haynes,FALSE,Director,,
2015,Best Film,Live-Action Feature-Length Film,Carol,,"United Kingdom
United States",Elizabeth Karlsen,FALSE,Producer,,
2015,Best Film,Live-Action Feature-Length Film,Carol,,"United Kingdom
United States",Christine Vachon,FALSE,Producer,,
2015,Best Film,Live-Action Feature-Length Film,Carol,,"United Kingdom
United States",Stephen Woolley,FALSE,Producer,,
2015,Best Film,Live-Action Feature-Length Film,Spotlight,,United States,Tom McCarthy,FALSE,Director,,
2015,Best Film,Live-Action Feature-Length Film,Spotlight,,United States,Blye Pagon Faust,FALSE,Producer,,
2015,Best Film,Live-Action Feature-Length Film,Spotlight,,United States,Steve Golin,FALSE,Producer,,
2015,Best Film,Live-Action Feature-Length Film,Spotlight,,United States,Nicole Rocklin,FALSE,Producer,,
2015,Best Film,Live-Action Feature-Length Film,Spotlight,,United States,Michael Sugar,FALSE,Producer,,
2015,Outstanding British Film,,Brooklyn,,United Kingdom,John Crowley,TRUE,Director,,
2015,Outstanding British Film,,Brooklyn,,United Kingdom,John Crowley,TRUE,Producer,,
2015,Outstanding British Film,,Brooklyn,,United Kingdom,Finola Dwyer,TRUE,Producer,,
2015,Outstanding British Film,,Brooklyn,,United Kingdom,Amanda Posey,TRUE,Producer,,
2015,Outstanding British Film,,Brooklyn,,United Kingdom,Nick Hornby,TRUE,Producer,,
2015,Outstanding British Film,,45 Years,,United Kingdom,Andrew Haigh,FALSE,Director,,
2015,Outstanding British Film,,45 Years,,United Kingdom,Andrew Haigh,FALSE,Producer,,
2015,Outstanding British Film,,45 Years,,United Kingdom,Tristan Goligher,FALSE,Producer,,
2015,Outstanding British Film,,Amy,,United Kingdom,Asif Kapadia,FALSE,Director,,
2015,Outstanding British Film,,Amy,,United Kingdom,James Gay-Rees,FALSE,Producer,,
2015,Outstanding British Film,,The Danish Girl,,United Kingdom,Tom Hooper,FALSE,Director,,
2015,Outstanding British Film,,The Danish Girl,,United Kingdom,Tom Hooper,FALSE,Producer,,
2015,Outstanding British Film,,The Danish Girl,,United Kingdom,Tim Bevan,FALSE,Producer,,
2015,Outstanding British Film,,The Danish Girl,,United Kingdom,Eric Fellner,FALSE,Producer,,
2015,Outstanding British Film,,The Danish Girl,,United Kingdom,Anne Harrison,FALSE,Producer,,
2015,Outstanding British Film,,The Danish Girl,,United Kingdom,Gail Mutrux,FALSE,Producer,,
2015,Outstanding British Film,,The Danish Girl,,United Kingdom,Lucinda Coxon,FALSE,Producer,,
2015,Outstanding British Film,,Ex Machina,,United Kingdom,Alex Garland,FALSE,Director,,
2015,Outstanding British Film,,Ex Machina,,United Kingdom,Andrew Macdonald,FALSE,Producer,,
2015,Outstanding British Film,,Ex Machina,,United Kingdom,Allon Reich,FALSE,Producer,,
2015,Outstanding British Film,,The Lobster,,United Kingdom,Yorgos Lanthimos,FALSE,Director,,
2015,Outstanding British Film,,The Lobster,,United Kingdom,Ceci Dempsey,FALSE,Producer,,
2015,Outstanding British Film,,The Lobster,,United Kingdom,Ed Guiney,FALSE,Producer,,
2015,Outstanding British Film,,The Lobster,,United Kingdom,Lee Magiday,FALSE,Producer,,
2015,Outstanding British Film,,The Lobster,,United Kingdom,Efthimis Filippou,FALSE,Producer,,
2015,Best Film Not in the English Language,Foreign Film,Wild Tales,Relatos Salvajes,"Argentina
 Spain",Damián Szifron,TRUE,Director,,
2015,Best Film Not in the English Language,Foreign Film,Wild Tales,Relatos Salvajes,"Argentina
 Spain",Agustín Almodóvar,TRUE,Producer,,
2015,Best Film Not in the English Language,Foreign Film,Wild Tales,Relatos Salvajes,"Argentina
 Spain",Pedro Almodóvar,TRUE,Producer,,
2015,Best Film Not in the English Language,Foreign Film,Wild Tales,Relatos Salvajes,"Argentina
 Spain",Esther García,TRUE,Producer,,
2015,Best Film Not in the English Language,Foreign Film,Wild Tales,Relatos Salvajes,"Argentina
 Spain",Matías Mosteirín,TRUE,Producer,,
2015,Best Film Not in the English Language,Foreign Film,Wild Tales,Relatos Salvajes,"Argentina
 Spain",Hugo Sigman,TRUE,Producer,,
2015,Best Film Not in the English Language,Foreign Film,The Assassin,"刺客聶隱娘, Cìkè Niè Yǐnniáng","Taiwan
 China
 Hong Kong",Hou Hsiao-hsien,FALSE,Director,,
2015,Best Film Not in the English Language,Foreign Film,The Assassin,"刺客聶隱娘, Cìkè Niè Yǐnniáng","Taiwan
 China
 Hong Kong",Wen-Ying Huang,FALSE,Producer,,
2015,Best Film Not in the English Language,Foreign Film,Force Majeure,Turist,"Sweden
 France
 Norway",Ruben Östlund,FALSE,Director,,
2015,Best Film Not in the English Language,Foreign Film,Force Majeure,Turist,"Sweden
 France
 Norway",Erik Hemmendorff,FALSE,Producer,,
2015,Best Film Not in the English Language,Foreign Film,Force Majeure,Turist,"Sweden
 France
 Norway",Marie Kjellson,FALSE,Producer,,
2015,Best Film Not in the English Language,Foreign Film,Force Majeure,Turist,"Sweden
 France
 Norway",Philippe Bober,FALSE,Producer,,
2015,Best Film Not in the English Language,Foreign Film,Theeb,ذيب,"Jordan
 United Kingdom",Naji Abu Nowar,FALSE,Director,,
2015,Best Film Not in the English Language,Foreign Film,Theeb,ذيب,"Jordan
 United Kingdom",Bassel Ghandour,FALSE,Producer,,
2015,Best Film Not in the English Language,Foreign Film,Theeb,ذيب,"Jordan
 United Kingdom",Rupert Lloyd,FALSE,Producer,,
2015,Best Film Not in the English Language,Foreign Film,Timbuktu,,"Mauritania
 France",Abderrahmane Sissako,FALSE,Director,,
2015,Best Film Not in the English Language,Foreign Film,Timbuktu,,"Mauritania
 France",Étienne Comar,FALSE,Producer,,
2015,Best Film Not in the English Language,Foreign Film,Timbuktu,,"Mauritania
 France",Sylvie Pialat,FALSE,Producer,,
2015,Best Animated Film,Animated Feature-Length Film,Inside Out,,United States,Pete Docter,TRUE,Director,,
2015,Best Animated Film,Animated Feature-Length Film,Inside Out,,United States,Jonas Rivera,TRUE,Producer,,
2015,Best Animated Film,Animated Feature-Length Film,Minions,,United States,Pierre Coffin,FALSE,Director,,
2015,Best Animated Film,Animated Feature-Length Film,Minions,,United States,Kyle Balda,FALSE,Director,,
2015,Best Animated Film,Animated Feature-Length Film,Minions,,United States,Chris Meledandri,FALSE,Producer,,
2015,Best Animated Film,Animated Feature-Length Film,Minions,,United States,Janet Healy,FALSE,Producer,,
2015,Best Animated Film,Animated Feature-Length Film,Shaun the Sheep Movie,,United Kingdom,Richard Starzak,FALSE,Director,,
2015,Best Animated Film,Animated Feature-Length Film,Shaun the Sheep Movie,,United Kingdom,Mark Burton,FALSE,Director,,
2015,Best Animated Film,Animated Feature-Length Film,Shaun the Sheep Movie,,United Kingdom,Paul Kewley,FALSE,Producer,,
2015,Best Animated Film,Animated Feature-Length Film,Shaun the Sheep Movie,,United Kingdom,Julie Lockhart,FALSE,Producer,,
2015,Best Documentary,Documentary Film,Amy,,,James Gay-Rees,TRUE,,,
2015,Best Documentary,Documentary Film,Amy,,,Asif Kapadia,TRUE,,,
2015,Best Documentary,Documentary Film,Cartel Land,,,Matthew Heineman,FALSE,,,
2015,Best Documentary,Documentary Film,Cartel Land,,,Tom Yellin,FALSE,,,
2015,Best Documentary,Documentary Film,He Named Me Malala,,,Davis Guggenheim,FALSE,,,
2015,Best Documentary,Documentary Film,He Named Me Malala,,,Laurie MacDonald,FALSE,,,
2015,Best Documentary,Documentary Film,He Named Me Malala,,,Walter Parkes,FALSE,,,
2015,Best Documentary,Documentary Film,Listen to Me Marlon,,,John Battsek,FALSE,,,
2015,Best Documentary,Documentary Film,Listen to Me Marlon,,,George Chignell,FALSE,,,
2015,Best Documentary,Documentary Film,Listen to Me Marlon,,,R. J. Cutler,FALSE,,,
2015,Best Documentary,Documentary Film,Listen to Me Marlon,,,Stevan Riley,FALSE,,,
2015,Best Documentary,Documentary Film,Sherpa,,,Bridget Ikin,FALSE,,,
2015,Best Documentary,Documentary Film,Sherpa,,,Jennifer Peedom,FALSE,,,
2015,Best Documentary,Documentary Film,Sherpa,,,John Smithson,FALSE,,,
2015,Best Short Film,Live-Action Short Film,Operator,,,Rebecca Morgan,TRUE,,,
2015,Best Short Film,Live-Action Short Film,Operator,,,Caroline Bartleet,TRUE,,,
2015,Best Short Film,Live-Action Short Film,Elephant,,,Nick Helm,FALSE,,,
2015,Best Short Film,Live-Action Short Film,Elephant,,,Esther Smith,FALSE,,,
2015,Best Short Film,Live-Action Short Film,Mining Poems or Odes,,,Jack Cocker,FALSE,,,
2015,Best Short Film,Live-Action Short Film,Mining Poems or Odes,,,Callum Rice,FALSE,,,
2015,Best Short Film,Live-Action Short Film,Mining Poems or Odes,,,Robert Fullerton,FALSE,,,
2015,Best Short Film,Live-Action Short Film,Over,,,Jörn Threlfall,FALSE,,,
2015,Best Short Film,Live-Action Short Film,Over,,,Jeremy Bannister,FALSE,,,
2015,Best Short Film,Live-Action Short Film,Samuel-613,,,Cheyenne Conway,FALSE,,,
2015,Best Short Film,Live-Action Short Film,Samuel-613,,,Billy Lumby,FALSE,,,
2015,Best Short Animation,Animated Short Film,Edmond,,,Nina Gantz,TRUE,,,
2015,Best Short Animation,Animated Short Film,Edmond,,,Emilie Jouffroy,TRUE,,,
2015,Best Short Animation,Animated Short Film,Manoman,,,Simon Cartwright,FALSE,,,
2015,Best Short Animation,Animated Short Film,Manoman,,,Kamilla Kristiane Hodol,FALSE,,,
2015,Best Short Animation,Animated Short Film,Prologue,,,Richard Williams,FALSE,,,
2015,Best Short Animation,Animated Short Film,Prologue,,,Imogen Sutton,FALSE,,,
2015,"Outstanding Début by a British Writer, Director, or Producer",,Theeb,,,Naji Abu Nowar,TRUE,writer,,
2015,"Outstanding Début by a British Writer, Director, or Producer",,Theeb,,,Naji Abu Nowar,TRUE,director,,
2015,"Outstanding Début by a British Writer, Director, or Producer",,Theeb,,,Rupert Lloyd,TRUE,producer,,
2015,"Outstanding Début by a British Writer, Director, or Producer",,Ex Machina,,,Alex Garland,FALSE,director,,
2015,"Outstanding Début by a British Writer, Director, or Producer",,Second Coming,,,Debbie Tucker Green,FALSE,writer,,
2015,"Outstanding Début by a British Writer, Director, or Producer",,Second Coming,,,Debbie Tucker Green,FALSE,director,,
2015,"Outstanding Début by a British Writer, Director, or Producer",,The Survivalist,,,Stephen Fingleton,FALSE,writer,,
2015,"Outstanding Début by a British Writer, Director, or Producer",,The Survivalist,,,Stephen Fingleton,FALSE,director,,
2015,"Outstanding Début by a British Writer, Director, or Producer",,A Syrian Love Story,,,Sean McAllister,FALSE,director,,
2015,"Outstanding Début by a British Writer, Director, or Producer",,A Syrian Love Story,,,Sean McAllister,FALSE,producer,,
2015,"Outstanding Début by a British Writer, Director, or Producer",,A Syrian Love Story,,,Elhum Shakerifar,FALSE,producer,,
2015,Best Direction,Director,The Revenant,,,Alejandro González Iñárritu,TRUE,,,
2015,Best Direction,Director,Carol,,,Todd Haynes,FALSE,,,
2015,Best Direction,Director,The Big Short,,,Adam McKay,FALSE,,,
2015,Best Direction,Director,The Martian,,,Ridley Scott,FALSE,,,
2015,Best Direction,Director,Bridge of Spies,,,Steven Spielberg,FALSE,,,
2015,Best Adapted Screenplay,Screenplay (Adapted),The Big Short,,,Adam McKay,TRUE,,The Big Short by Michael Lewis,
2015,Best Adapted Screenplay,Screenplay (Adapted),The Big Short,,,Charles Randolph,TRUE,,The Big Short by Michael Lewis,
2015,Best Adapted Screenplay,Screenplay (Adapted),Brooklyn,,,Nick Hornby,FALSE,,Brooklyn by Colm Tóibín,
2015,Best Adapted Screenplay,Screenplay (Adapted),Carol,,,Phyllis Nagy,FALSE,,The Price of Salt by Patricia Highsmith,
2015,Best Adapted Screenplay,Screenplay (Adapted),Room,,,Emma Donoghue,FALSE,,Room by Emma Donoghue,
2015,Best Adapted Screenplay,Screenplay (Adapted),Steve Jobs,,,Aaron Sorkin,FALSE,,Steve Jobs by Walter Isaacson,
2015,Best Original Screenplay,Screenplay (Original),Spotlight,,,Tom McCarthy,TRUE,,,
2015,Best Original Screenplay,Screenplay (Original),Spotlight,,,Josh Singer,TRUE,,,
2015,Best Original Screenplay,Screenplay (Original),Bridge of Spies,,,Matt Charman,FALSE,,,
2015,Best Original Screenplay,Screenplay (Original),Bridge of Spies,,,Joel Coen,FALSE,,,
2015,Best Original Screenplay,Screenplay (Original),Bridge of Spies,,,Ethan Coen,FALSE,,,
2015,Best Original Screenplay,Screenplay (Original),Ex Machina,,,Alex Garland,FALSE,,,
2015,Best Original Screenplay,Screenplay (Original),The Hateful Eight,,,Quentin Tarantino,FALSE,,,
2015,Best Original Screenplay,Screenplay (Original),Inside Out,,,Pete Docter,FALSE,,,
2015,Best Original Screenplay,Screenplay (Original),Inside Out,,,Josh Cooley,FALSE,,,
2015,Best Original Screenplay,Screenplay (Original),Inside Out,,,Meg LeFauve,FALSE,,,
2015,Best Actor in a Leading Role,Actor in a Leading Role,The Revenant,,,Leonardo DiCaprio,TRUE,,,Hugh Glass
2015,Best Actor in a Leading Role,Actor in a Leading Role,Trumbo,,,Bryan Cranston,FALSE,,,Dalton Trumbo
2015,Best Actor in a Leading Role,Actor in a Leading Role,The Martian,,,Matt Damon,FALSE,,,Mark Watney
2015,Best Actor in a Leading Role,Actor in a Leading Role,Steve Jobs,,,Michael Fassbender,FALSE,,,Steve Jobs
2015,Best Actor in a Leading Role,Actor in a Leading Role,The Danish Girl,,,Eddie Redmayne,FALSE,,,Lili Elbe / Einar Wegener
2015,Best Actress in a Leading Role,Actress in a Leading Role,Room,,,Brie Larson,TRUE,,,"Joy ""Ma"" Newsome"
2015,Best Actress in a Leading Role,Actress in a Leading Role,Carol,,,Cate Blanchett,FALSE,,,Carol Aird
2015,Best Actress in a Leading Role,Actress in a Leading Role,Brooklyn,,,Saoirse Ronan,FALSE,,,Eilis Lacey
2015,Best Actress in a Leading Role,Actress in a Leading Role,The Lady in the Van,,,Maggie Smith,FALSE,,,Mary Shepherd / Margaret Fairchild
2015,Best Actress in a Leading Role,Actress in a Leading Role,The Danish Girl,,,Alicia Vikander,FALSE,,,Gerda Wegener
2015,Best Actor in a Supporting Role,Actor in a Supporting Role,Bridge of Spies,,,Mark Rylance,TRUE,,,Rudolf Abel
2015,Best Actor in a Supporting Role,Actor in a Supporting Role,The Big Short,,,Christian Bale,FALSE,,,Michael Burry
2015,Best Actor in a Supporting Role,Actor in a Supporting Role,Sicario,,,Benicio del Toro,FALSE,,,Alejandro Gillick
2015,Best Actor in a Supporting Role,Actor in a Supporting Role,Beasts of No Nation,,,Idris Elba,FALSE,,,The Commandant
2015,Best Actor in a Supporting Role,Actor in a Supporting Role,Spotlight,,,Mark Ruffalo,FALSE,,,Michael Rezendes
2015,Best Actress in a Supporting Role,Actress in a Supporting Role,Steve Jobs,,,Kate Winslet,TRUE,,,Joanna Hoffman
2015,Best Actress in a Supporting Role,Actress in a Supporting Role,The Hateful Eight,,,Jennifer Jason Leigh,FALSE,,,Daisy Domergue
2015,Best Actress in a Supporting Role,Actress in a Supporting Role,Carol,,,Rooney Mara,FALSE,,,Therese Belivet
2015,Best Actress in a Supporting Role,Actress in a Supporting Role,Ex Machina,,,Alicia Vikander,FALSE,,,Ava
2015,Best Actress in a Supporting Role,Actress in a Supporting Role,Brooklyn,,,Julie Walters,FALSE,,,Madge Kehoe
2015,Best Cinematography,Cinematography,The Revenant,,,Emmanuel Lubezki,TRUE,,,
2015,Best Cinematography,Cinematography,Sicario,,,Roger Deakins,FALSE,,,
2015,Best Cinematography,Cinematography,Bridge of Spies,,,Janusz Kamiński,FALSE,,,
2015,Best Cinematography,Cinematography,Carol,,,Edward Lachman,FALSE,,,
2015,Best Cinematography,Cinematography,Mad Max: Fury Road,,,John Seale,FALSE,,,
2015,Best Editing,Film Editing,Mad Max: Fury Road,,,Margaret Sixel,TRUE,,,
2015,Best Editing,Film Editing,The Big Short,,,Hank Corwin,FALSE,,,
2015,Best Editing,Film Editing,Bridge of Spies,,,Michael Kahn,FALSE,,,
2015,Best Editing,Film Editing,The Martian,,,Pietro Scalia,FALSE,,,
2015,Best Editing,Film Editing,The Revenant,,,Stephen Mirrione,FALSE,,,
2015,Best Costume Design,Costuming,Mad Max: Fury Road,,,Jenny Beavan,TRUE,,,
2015,Best Costume Design,Costuming,Brooklyn,,,Odile Dicks-Mireaux,FALSE,,,
2015,Best Costume Design,Costuming,Carol,,,Sandy Powell,FALSE,,,
2015,Best Costume Design,Costuming,Cinderella,,,,FALSE,,,
2015,Best Costume Design,Costuming,The Danish Girl,,,Paco Delgado,FALSE,,,
2015,Best Production Design,Art Direction,Mad Max: Fury Road,,,Colin Gibson,TRUE,,,
2015,Best Production Design,Art Direction,Mad Max: Fury Road,,,Lisa Thompson,TRUE,,,
2015,Best Production Design,Art Direction,Bridge of Spies,,,Rena DeAngelo,FALSE,,,
2015,Best Production Design,Art Direction,Bridge of Spies,,,Adam Stockhausen,FALSE,,,
2015,Best Production Design,Art Direction,Carol,,,Judy Becker,FALSE,,,
2015,Best Production Design,Art Direction,Carol,,,Heather Loeffler,FALSE,,,
2015,Best Production Design,Art Direction,The Martian,,,Celia Bobak,FALSE,,,
2015,Best Production Design,Art Direction,The Martian,,,Arthur Max,FALSE,,,
2015,Best Production Design,Art Direction,Star Wars: The Force Awakens,,,Rick Carter,FALSE,,,
2015,Best Production Design,Art Direction,Star Wars: The Force Awakens,,,Darren Gilford,FALSE,,,
2015,Best Production Design,Art Direction,Star Wars: The Force Awakens,,,Lee Sandales,FALSE,,,
2015,Best Make-up and Hair,Make-Up & Hairstyling,Mad Max: Fury Road,,,Damian Martin,TRUE,,,
2015,Best Make-up and Hair,Make-Up & Hairstyling,Mad Max: Fury Road,,,Lesley Vanderwalt,TRUE,,,
2015,Best Make-up and Hair,Make-Up & Hairstyling,Brooklyn,,,Morna Ferguson,FALSE,,,
2015,Best Make-up and Hair,Make-Up & Hairstyling,Brooklyn,,,Lorraine Glynn,FALSE,,,
2015,Best Make-up and Hair,Make-Up & Hairstyling,Carol,,,Jerry DeCarlo,FALSE,,,
2015,Best Make-up and Hair,Make-Up & Hairstyling,Carol,,,Patricia Regan,FALSE,,,
2015,Best Make-up and Hair,Make-Up & Hairstyling,Carol,,,Morag Ross,FALSE,,,
2015,Best Make-up and Hair,Make-Up & Hairstyling,The Danish Girl,,,Jan Sewell,FALSE,,,
2015,Best Make-up and Hair,Make-Up & Hairstyling,The Revenant,,,Siân Grigg,FALSE,,,
2015,Best Make-up and Hair,Make-Up & Hairstyling,The Revenant,,,Duncan Jarman,FALSE,,,
2015,Best Make-up and Hair,Make-Up & Hairstyling,The Revenant,,,Robert Pandini,FALSE,,,
2015,Best Original Music,Original Score,The Hateful Eight,,,Ennio Morricone,TRUE,,,
2015,Best Original Music,Original Score,Bridge of Spies,,,Thomas Newman,FALSE,,,
2015,Best Original Music,Original Score,The Revenant,,,Ryuichi Sakamoto,FALSE,,,
2015,Best Original Music,Original Score,The Revenant,,,Carsten Nicolai,FALSE,,,
2015,Best Original Music,Original Score,Sicario,,,Jóhann Jóhannsson,FALSE,,,
2015,Best Original Music,Original Score,Star Wars: The Force Awakens,,,John Williams,FALSE,,,
2015,Best Sound,Sound Mixing,The Revenant,,,Lon Bender,TRUE,,,
2015,Best Sound,Sound Mixing,The Revenant,,,Chris Duesterdiek,TRUE,,,
2015,Best Sound,Sound Mixing,The Revenant,,,Martin Hernández,TRUE,,,
2015,Best Sound,Sound Mixing,The Revenant,,,Frank A. Montaño,TRUE,,,
2015,Best Sound,Sound Mixing,The Revenant,,,Jon Taylor,TRUE,,,
2015,Best Sound,Sound Mixing,The Revenant,,,Randy Thom,TRUE,,,
2015,Best Sound,Sound Mixing,Bridge of Spies,,,Drew Kunin,FALSE,,,
2015,Best Sound,Sound Mixing,Bridge of Spies,,,Richard Hymns,FALSE,,,
2015,Best Sound,Sound Mixing,Bridge of Spies,,,Andy Nelson,FALSE,,,
2015,Best Sound,Sound Mixing,Bridge of Spies,,,Gary Rydstrom,FALSE,,,
2015,Best Sound,Sound Mixing,Mad Max: Fury Road,,,Scott Hecker,FALSE,,,
2015,Best Sound,Sound Mixing,Mad Max: Fury Road,,,Chris Jenkins,FALSE,,,
2015,Best Sound,Sound Mixing,Mad Max: Fury Road,,,Mark Mangini,FALSE,,,
2015,Best Sound,Sound Mixing,Mad Max: Fury Road,,,Ben Osmo,FALSE,,,
2015,Best Sound,Sound Mixing,Mad Max: Fury Road,,,Gregg Rudloff,FALSE,,,
2015,Best Sound,Sound Mixing,Mad Max: Fury Road,,,David White,FALSE,,,
2015,Best Sound,Sound Mixing,The Martian,,,Paul Massey,FALSE,,,
2015,Best Sound,Sound Mixing,The Martian,,,Mac Ruth,FALSE,,,
2015,Best Sound,Sound Mixing,The Martian,,,Oliver Tarney,FALSE,,,
2015,Best Sound,Sound Mixing,The Martian,,,Mark Taylor,FALSE,,,
2015,Best Sound,Sound Mixing,Star Wars: The Force Awakens,,,David Acord,FALSE,,,
2015,Best Sound,Sound Mixing,Star Wars: The Force Awakens,,,Andy Nelson,FALSE,,,
2015,Best Sound,Sound Mixing,Star Wars: The Force Awakens,,,Christopher Scarabosio,FALSE,,,
2015,Best Sound,Sound Mixing,Star Wars: The Force Awakens,,,Matthew Wood,FALSE,,,
2015,Best Sound,Sound Mixing,Star Wars: The Force Awakens,,,Stuart Wilson,FALSE,,,
2015,Best Special Visual Effects,Effects,Star Wars: The Force Awakens,,,Chris Corbould,TRUE,,,
2015,Best Special Visual Effects,Effects,Star Wars: The Force Awakens,,,Roger Guyett,TRUE,,,
2015,Best Special Visual Effects,Effects,Star Wars: The Force Awakens,,,Paul Kavanagh,TRUE,,,
2015,Best Special Visual Effects,Effects,Star Wars: The Force Awakens,,,Neal Scanlan,TRUE,,,
2015,Best Special Visual Effects,Effects,Ant-Man,,,Jake Morrison,FALSE,,,
2015,Best Special Visual Effects,Effects,Ant-Man,,,Greg Steele,FALSE,,,
2015,Best Special Visual Effects,Effects,Ant-Man,,,Dan Sudick,FALSE,,,
2015,Best Special Visual Effects,Effects,Ant-Man,,,Alex Wuttke,FALSE,,,
2015,Best Special Visual Effects,Effects,Ex Machina,,,Mark Williams Ardington,FALSE,,,
2015,Best Special Visual Effects,Effects,Ex Machina,,,Sara Bennett,FALSE,,,
2015,Best Special Visual Effects,Effects,Ex Machina,,,Paul Norris,FALSE,,,
2015,Best Special Visual Effects,Effects,Ex Machina,,,Andrew Whitehurst,FALSE,,,
2015,Best Special Visual Effects,Effects,Mad Max: Fury Road,,,Andrew Jackson,FALSE,,,
2015,Best Special Visual Effects,Effects,Mad Max: Fury Road,,,Dan Oliver,FALSE,,,
2015,Best Special Visual Effects,Effects,Mad Max: Fury Road,,,Tom Wood,FALSE,,,
2015,Best Special Visual Effects,Effects,Mad Max: Fury Road,,,Andy Williams,FALSE,,,
2015,Best Special Visual Effects,Effects,The Martian,,,Tim Ledbury,FALSE,,,
2015,Best Special Visual Effects,Effects,The Martian,,,Richard Stammers,FALSE,,,
2015,Best Special Visual Effects,Effects,The Martian,,,Steven Warner,FALSE,,,
2015,Rising Star Award,,,,,John Boyega,TRUE,,,
2015,Rising Star Award,,,,,Taron Egerton,FALSE,,,
2015,Rising Star Award,,,,,Dakota Johnson,FALSE,,,
2015,Rising Star Award,,,,,Brie Larson,FALSE,,,
2015,Rising Star Award,,,,,Bel Powley,FALSE,,,
2014,Best Film,Live-Action Feature-Length Film,Boyhood,,United States,Richard Linklater,TRUE,Director,,
2014,Best Film,Live-Action Feature-Length Film,Boyhood,,United States,Richard Linklater,TRUE,Producer,,
2014,Best Film,Live-Action Feature-Length Film,Boyhood,,United States,Cathleen Sutherland,TRUE,Producer,,
2014,Best Film,Live-Action Feature-Length Film,Birdman or (The Unexpected Virtue of Ignorance),,United States,Alejandro González Iñárritu,FALSE,Director,,
2014,Best Film,Live-Action Feature-Length Film,Birdman or (The Unexpected Virtue of Ignorance),,United States,Alejandro González Iñárritu,FALSE,Producer,,
2014,Best Film,Live-Action Feature-Length Film,Birdman or (The Unexpected Virtue of Ignorance),,United States,John Lesher,FALSE,Producer,,
2014,Best Film,Live-Action Feature-Length Film,Birdman or (The Unexpected Virtue of Ignorance),,United States,James W. Skotchdopole,FALSE,Producer,,
2014,Best Film,Live-Action Feature-Length Film,The Grand Budapest Hotel,,United States,Wes Anderson,FALSE,Director,,
2014,Best Film,Live-Action Feature-Length Film,The Grand Budapest Hotel,,United States,Wes Anderson,FALSE,Producer,,
2014,Best Film,Live-Action Feature-Length Film,The Grand Budapest Hotel,,United States,Scott Rudin,FALSE,Producer,,
2014,Best Film,Live-Action Feature-Length Film,The Grand Budapest Hotel,,United States,Steven Rales,FALSE,Producer,,
2014,Best Film,Live-Action Feature-Length Film,The Grand Budapest Hotel,,United States,Jeremy Dawson,FALSE,Producer,,
2014,Best Film,Live-Action Feature-Length Film,The Imitation Game,,United States,Morten Tyldum,FALSE,Director,,
2014,Best Film,Live-Action Feature-Length Film,The Imitation Game,,United States,Nora Grossman,FALSE,Producer,,
2014,Best Film,Live-Action Feature-Length Film,The Imitation Game,,United States,Ido Ostrowsky,FALSE,Producer,,
2014,Best Film,Live-Action Feature-Length Film,The Imitation Game,,United States,Teddy Schwarzman,FALSE,Producer,,
2014,Best Film,Live-Action Feature-Length Film,The Theory of Everything,,United Kingdom,James Marsh,FALSE,Director,,
2014,Best Film,Live-Action Feature-Length Film,The Theory of Everything,,United Kingdom,Tim Bevan,FALSE,Producer,,
2014,Best Film,Live-Action Feature-Length Film,The Theory of Everything,,United Kingdom,Eric Fellner,FALSE,Producer,,
2014,Best Film,Live-Action Feature-Length Film,The Theory of Everything,,United Kingdom,Lisa Bruce,FALSE,Producer,,
2014,Best Film,Live-Action Feature-Length Film,The Theory of Everything,,United Kingdom,Anthony McCarten,FALSE,Producer,,
2014,Outstanding British Film,,The Theory of Everything,,United Kingdom,James Marsh,TRUE,Director,,
2014,Outstanding British Film,,The Theory of Everything,,United Kingdom,Tim Bevan,TRUE,Producer,,
2014,Outstanding British Film,,The Theory of Everything,,United Kingdom,Eric Fellner,TRUE,Producer,,
2014,Outstanding British Film,,The Theory of Everything,,United Kingdom,Lisa Bruce,TRUE,Producer,,
2014,Outstanding British Film,,The Theory of Everything,,United Kingdom,Anthony McCarten,TRUE,Producer,,
2014,Outstanding British Film,,71,,United Kingdom,Yann Demange,FALSE,Director,,
2014,Outstanding British Film,,71,,United Kingdom,Angus Lamont,FALSE,Producer,,
2014,Outstanding British Film,,71,,United Kingdom,Robin Gutch,FALSE,Producer,,
2014,Outstanding British Film,,71,,United Kingdom,Gregory Burke,FALSE,Producer,,
2014,Outstanding British Film,,Paddington,,United Kingdom,Paul King,FALSE,Director,,
2014,Outstanding British Film,,Paddington,,United Kingdom,David Heyman,FALSE,Producer,,
2014,Outstanding British Film,,Pride,,United Kingdom,Matthew Warchus,FALSE,Director,,
2014,Outstanding British Film,,Pride,,United Kingdom,David Livingstone,FALSE,Producer,,
2014,Outstanding British Film,,Pride,,United Kingdom,Stephen Beresford,FALSE,Producer,,
2014,Outstanding British Film,,The Imitation Game,,United Kingdom,Morten Tyldum,FALSE,Director,,
2014,Outstanding British Film,,The Imitation Game,,United Kingdom,Nora Grossman,FALSE,Producer,,
2014,Outstanding British Film,,The Imitation Game,,United Kingdom,Ido Ostrowsky,FALSE,Producer,,
2014,Outstanding British Film,,The Imitation Game,,United Kingdom,Teddy Schwarzman,FALSE,Producer,,
2014,Outstanding British Film,,Under the Skin,,United Kingdom,Jonathan Glazer,FALSE,Director,,
2014,Outstanding British Film,,Under the Skin,,United Kingdom,James Wilson,FALSE,Producer,,
2014,Outstanding British Film,,Under the Skin,,United Kingdom,Nick Wechsler,FALSE,Producer,,
2014,Outstanding British Film,,Under the Skin,,United Kingdom,Walter Campbell,FALSE,Producer,,
2014,Best Film Not in the English Language,Foreign Film,Ida,,Poland,Pawel Pawlikowski,TRUE,Director,,
2014,Best Film Not in the English Language,Foreign Film,Ida,,Poland,Eric Abraham,TRUE,Producer,,
2014,Best Film Not in the English Language,Foreign Film,Ida,,Poland,Piotr Dzięcioł,TRUE,Producer,,
2014,Best Film Not in the English Language,Foreign Film,Ida,,Poland,Ewa Puszczyńska,TRUE,Producer,,
2014,Best Film Not in the English Language,Foreign Film,Leviathan,"Левиафан, Leviafan",Russia,Andrey Zvyagintsev,FALSE,Director,,
2014,Best Film Not in the English Language,Foreign Film,Leviathan,"Левиафан, Leviafan",Russia,Alexander Rodnyansky,FALSE,Producer,,
2014,Best Film Not in the English Language,Foreign Film,Leviathan,"Левиафан, Leviafan",Russia,Sergey Melkumov,FALSE,Producer,,
2014,Best Film Not in the English Language,Foreign Film,The Lunchbox,,India,Ritesh Batra,FALSE,Director,,
2014,Best Film Not in the English Language,Foreign Film,The Lunchbox,,India,Anurag Kashyap,FALSE,Producer,,
2014,Best Film Not in the English Language,Foreign Film,The Lunchbox,,India,Guneet Monga,FALSE,Producer,,
2014,Best Film Not in the English Language,Foreign Film,The Lunchbox,,India,Arun Rangachari,FALSE,Producer,,
2014,Best Film Not in the English Language,Foreign Film,Trash,,"United Kingdom
 Brazil",Stephen Daldry,FALSE,Director,,
2014,Best Film Not in the English Language,Foreign Film,Trash,,"United Kingdom
 Brazil",Tim Bevan,FALSE,Producer,,
2014,Best Film Not in the English Language,Foreign Film,Trash,,"United Kingdom
 Brazil",Eric Fellner,FALSE,Producer,,
2014,Best Film Not in the English Language,Foreign Film,Trash,,"United Kingdom
 Brazil",Kris Thykier,FALSE,Producer,,
2014,Best Film Not in the English Language,Foreign Film,"Two Days, One Night","Deux jours, une nuit","Belgium
 France",Jean-Pierre Dardenne,FALSE,Director,,
2014,Best Film Not in the English Language,Foreign Film,"Two Days, One Night","Deux jours, une nuit","Belgium
 France",Luc Dardenne,FALSE,Director,,
2014,Best Film Not in the English Language,Foreign Film,"Two Days, One Night","Deux jours, une nuit","Belgium
 France",Jean-Pierre Dardenne,FALSE,Producer,,
2014,Best Film Not in the English Language,Foreign Film,"Two Days, One Night","Deux jours, une nuit","Belgium
 France",Luc Dardenne,FALSE,Producer,,
2014,Best Film Not in the English Language,Foreign Film,"Two Days, One Night","Deux jours, une nuit","Belgium
 France",Denis Freyd,FALSE,Producer,,
2014,Best Animated Film,Animated Feature-Length Film,The Lego Movie,,"United States, Denmark, Australia",Phil Lord,TRUE,Director,,
2014,Best Animated Film,Animated Feature-Length Film,The Lego Movie,,"United States, Denmark, Australia",Christopher Miller,TRUE,Director,,
2014,Best Animated Film,Animated Feature-Length Film,The Lego Movie,,"United States, Denmark, Australia",Dan Lin,TRUE,Producer,,
2014,Best Animated Film,Animated Feature-Length Film,The Lego Movie,,"United States, Denmark, Australia",Roy Lee,TRUE,Producer,,
2014,Best Animated Film,Animated Feature-Length Film,Big Hero 6,,United States,Don Hall,FALSE,Director,,
2014,Best Animated Film,Animated Feature-Length Film,Big Hero 6,,United States,Chris Williams,FALSE,Director,,
2014,Best Animated Film,Animated Feature-Length Film,Big Hero 6,,United States,Roy Conli,FALSE,Producer,,
2014,Best Animated Film,Animated Feature-Length Film,The Boxtrolls,,United States,Anthony Stacchi,FALSE,Director,,
2014,Best Animated Film,Animated Feature-Length Film,The Boxtrolls,,United States,Graham Annable,FALSE,Director,,
2014,Best Animated Film,Animated Feature-Length Film,The Boxtrolls,,United States,Travis Knight,FALSE,Producer,,
2014,Best Animated Film,Animated Feature-Length Film,The Boxtrolls,,United States,David Ichioka,FALSE,Producer,,
2014,Best Documentary,Documentary Film,Citizenfour,,,Laura Poitras,TRUE,,,
2014,Best Documentary,Documentary Film,Citizenfour,,,Mathilde Bonnefoy,TRUE,,,
2014,Best Documentary,Documentary Film,Citizenfour,,,Dirk Wilutzky,TRUE,,,
2014,Best Documentary,Documentary Film,20 Feet from Stardom,,,Morgan Neville,FALSE,,,
2014,Best Documentary,Documentary Film,20 Feet from Stardom,,,Caitrin Rogers,FALSE,,,
2014,Best Documentary,Documentary Film,20 Feet from Stardom,,,Gil Friesen,FALSE,,,
2014,Best Documentary,Documentary Film,"20,000 Days on Earth",,,Iain Forsyth,FALSE,,,
2014,Best Documentary,Documentary Film,"20,000 Days on Earth",,,Jane Pollard,FALSE,,,
2014,Best Documentary,Documentary Film,Finding Vivian Maier,,,John Maloof,FALSE,,,
2014,Best Documentary,Documentary Film,Finding Vivian Maier,,,Charlie Siskel,FALSE,,,
2014,Best Documentary,Documentary Film,Virunga,,,Orlando von Einsiedel,FALSE,,,
2014,Best Documentary,Documentary Film,Virunga,,,Joanna Natasegara,FALSE,,,
2014,Best Short Film,Live-Action Short Film,Boogaloo and Graham,,,Michael Lennox,TRUE,,,
2014,Best Short Film,Live-Action Short Film,Boogaloo and Graham,,,Brian J. Falconer,TRUE,,,
2014,Best Short Film,Live-Action Short Film,Boogaloo and Graham,,,Richard Irwin,TRUE,,,
2014,Best Short Film,Live-Action Short Film,Boogaloo and Graham,,,Ronan Blaney,TRUE,,,
2014,Best Short Film,Live-Action Short Film,Emotional Fusebox,,,Rachel Tunnard,FALSE,,,
2014,Best Short Film,Live-Action Short Film,Emotional Fusebox,,,Paul Ashton,FALSE,,,
2014,Best Short Film,Live-Action Short Film,Emotional Fusebox,,,Michael Berliner,FALSE,,,
2014,Best Short Film,Live-Action Short Film,The Kármán Line,,,Oscar Sharp,FALSE,,,
2014,Best Short Film,Live-Action Short Film,The Kármán Line,,,Campbell Beaton,FALSE,,,
2014,Best Short Film,Live-Action Short Film,The Kármán Line,,,Dawn King,FALSE,,,
2014,Best Short Film,Live-Action Short Film,The Kármán Line,,,Tiernan Hanby,FALSE,,,
2014,Best Short Film,Live-Action Short Film,Slap,,,Michelangelo Fano,FALSE,,,
2014,Best Short Film,Live-Action Short Film,Slap,,,Islay Bell-Webb,FALSE,,,
2014,Best Short Film,Live-Action Short Film,Slap,,,Nick Rowland,FALSE,,,
2014,Best Short Film,Live-Action Short Film,Three Brothers,,,Matthieu de Braconier,FALSE,,,
2014,Best Short Film,Live-Action Short Film,Three Brothers,,,Stephanie Paeplow,FALSE,,,
2014,Best Short Film,Live-Action Short Film,Three Brothers,,,Aleem Khan,FALSE,,,
2014,Best Short Animation,Animated Short Film,The Bigger Picture,,,Chris Hees,TRUE,,,
2014,Best Short Animation,Animated Short Film,The Bigger Picture,,,Daisy Jacobs,TRUE,,,
2014,Best Short Animation,Animated Short Film,The Bigger Picture,,,Jennifer Majka,TRUE,,,
2014,Best Short Animation,Animated Short Film,Monkey Love Experiments,,,Ainslie Henderson,FALSE,,,
2014,Best Short Animation,Animated Short Film,Monkey Love Experiments,,,Cam Fraser,FALSE,,,
2014,Best Short Animation,Animated Short Film,Monkey Love Experiments,,,Will Anderson,FALSE,,,
2014,Best Short Animation,Animated Short Film,My Dad,,,Marcus Armitage,FALSE,,,
2014,"Outstanding Début by a British Writer, Director, or Producer",,Pride,,,Stephen Beresford,TRUE,writer,,
2014,"Outstanding Début by a British Writer, Director, or Producer",,Pride,,,David Livingstone,TRUE,producer,,
2014,"Outstanding Début by a British Writer, Director, or Producer",,71,,,Gregory Burke,FALSE,writer,,
2014,"Outstanding Début by a British Writer, Director, or Producer",,71,,,Yann Demange,FALSE,director,,
2014,"Outstanding Début by a British Writer, Director, or Producer",,Kajaki,,,Paul Katis,FALSE,director,,
2014,"Outstanding Début by a British Writer, Director, or Producer",,Kajaki,,,Paul Katis,FALSE,producer,,
2014,"Outstanding Début by a British Writer, Director, or Producer",,Kajaki,,,Andrew de Lotbiniere,FALSE,producer,,
2014,"Outstanding Début by a British Writer, Director, or Producer",,Lilting,,,Hong Khaou,FALSE,director,,
2014,"Outstanding Début by a British Writer, Director, or Producer",,Lilting,,,Hong Khaou,FALSE,writer,,
2014,"Outstanding Début by a British Writer, Director, or Producer",,Northern Soul,,,Elaine Constantine,FALSE,director,,
2014,"Outstanding Début by a British Writer, Director, or Producer",,Northern Soul,,,Elaine Constantine,FALSE,writer,,
2014,Best Direction,Director,Boyhood[19],,,Richard Linklater,TRUE,,,
2014,Best Direction,Director,The Grand Budapest Hotel,,,Wes Anderson,FALSE,,,
2014,Best Direction,Director,Whiplash,,,Damien Chazelle,FALSE,,,
2014,Best Direction,Director,Birdman,,,Alejandro González Iñárritu,FALSE,,,
2014,Best Direction,Director,The Theory of Everything,,,James Marsh,FALSE,,,
2014,Best Adapted Screenplay,Screenplay (Adapted),The Theory of Everything,,,Anthony McCarten,TRUE,,Travelling to Infinity: My Life with Stephen by Jane Wilde Hawking,
2014,Best Adapted Screenplay,Screenplay (Adapted),American Sniper,,,Jason Hall,FALSE,,"American Sniper by Chris Kyle, Scott McEwen, and Jim DeFelice",
2014,Best Adapted Screenplay,Screenplay (Adapted),Gone Girl,,,Gillian Flynn,FALSE,,Gone Girl by Gillian Flynn,
2014,Best Adapted Screenplay,Screenplay (Adapted),The Imitation Game,,,Graham Moore,FALSE,,Alan Turing: The Enigma by Andrew Hodges,
2014,Best Adapted Screenplay,Screenplay (Adapted),Paddington,,,Paul King,FALSE,,Paddington Bear by Michael Bond,
2014,Best Original Screenplay,Screenplay (Original),The Grand Budapest Hotel,,,Wes Anderson,TRUE,,,
2014,Best Original Screenplay,Screenplay (Original),The Grand Budapest Hotel,,,Hugo Guinness,TRUE,,,
2014,Best Original Screenplay,Screenplay (Original),Birdman or (The Unexpected Virtue of Ignorance),,,Alejandro González Iñárritu,FALSE,,,
2014,Best Original Screenplay,Screenplay (Original),Birdman or (The Unexpected Virtue of Ignorance),,,Nicolás Giacobone,FALSE,,,
2014,Best Original Screenplay,Screenplay (Original),Birdman or (The Unexpected Virtue of Ignorance),,,Alexander Dinelaris Jr.,FALSE,,,
2014,Best Original Screenplay,Screenplay (Original),Birdman or (The Unexpected Virtue of Ignorance),,,Armando Bo,FALSE,,,
2014,Best Original Screenplay,Screenplay (Original),Boyhood,,,Richard Linklater,FALSE,,,
2014,Best Original Screenplay,Screenplay (Original),Nightcrawler,,,Dan Gilroy,FALSE,,,
2014,Best Original Screenplay,Screenplay (Original),Whiplash,,,Damien Chazelle,FALSE,,,
2014,Best Actor in a Leading Role,Actor in a Leading Role,The Theory of Everything,,,Eddie Redmayne,TRUE,,,Stephen Hawking
2014,Best Actor in a Leading Role,Actor in a Leading Role,The Imitation Game,,,Benedict Cumberbatch,FALSE,,,Alan Turing
2014,Best Actor in a Leading Role,Actor in a Leading Role,The Grand Budapest Hotel,,,Ralph Fiennes,FALSE,,,Monsieur Gustave H.
2014,Best Actor in a Leading Role,Actor in a Leading Role,Nightcrawler,,,Jake Gyllenhaal,FALSE,,,"Louis ""Lou"" Bloom"
2014,Best Actor in a Leading Role,Actor in a Leading Role,Birdman,,,Michael Keaton,FALSE,,,Riggan Thomson
2014,Best Actress in a Leading Role,Actress in a Leading Role,Still Alice,,,Julianne Moore,TRUE,,,Dr. Alice Howland
2014,Best Actress in a Leading Role,Actress in a Leading Role,Big Eyes,,,Amy Adams,FALSE,,,Margaret Keane
2014,Best Actress in a Leading Role,Actress in a Leading Role,The Theory of Everything,,,Felicity Jones,FALSE,,,Jane Wilde Hawking
2014,Best Actress in a Leading Role,Actress in a Leading Role,Gone Girl,,,Rosamund Pike,FALSE,,,Amy Elliott-Dunne
2014,Best Actress in a Leading Role,Actress in a Leading Role,Wild,,,Reese Witherspoon,FALSE,,,Cheryl Strayed
2014,Best Actor in a Supporting Role,Actor in a Supporting Role,Whiplash,,,J. K. Simmons,TRUE,,,Terrence Fletcher
2014,Best Actor in a Supporting Role,Actor in a Supporting Role,Foxcatcher,,,Steve Carell,FALSE,,,John du Pont
2014,Best Actor in a Supporting Role,Actor in a Supporting Role,Boyhood,,,Ethan Hawke,FALSE,,,Mason Evans Sr.
2014,Best Actor in a Supporting Role,Actor in a Supporting Role,Birdman,,,Edward Norton,FALSE,,,Mike Shiner
2014,Best Actor in a Supporting Role,Actor in a Supporting Role,Foxcatcher,,,Mark Ruffalo,FALSE,,,David Schultz
2014,Best Actress in a Supporting Role,Actress in a Supporting Role,Boyhood,,,Patricia Arquette,TRUE,,,Olivia Evans
2014,Best Actress in a Supporting Role,Actress in a Supporting Role,The Imitation Game,,,Keira Knightley,FALSE,,,Joan Clarke
2014,Best Actress in a Supporting Role,Actress in a Supporting Role,Nightcrawler,,,Rene Russo,FALSE,,,Nina Romina
2014,Best Actress in a Supporting Role,Actress in a Supporting Role,Pride,,,Imelda Staunton,FALSE,,,Hefina Headon
2014,Best Actress in a Supporting Role,Actress in a Supporting Role,Birdman,,,Emma Stone,FALSE,,,Sam Thomson
2014,Best Cinematography,Cinematography,Birdman,,,Emmanuel Lubezki,TRUE,,,
2014,Best Cinematography,Cinematography,Ida,,,Ryszard Lenczewski,FALSE,,,
2014,Best Cinematography,Cinematography,Ida,,,Łukasz Żal,FALSE,,,
2014,Best Cinematography,Cinematography,Mr. Turner,,,Dick Pope,FALSE,,,
2014,Best Cinematography,Cinematography,Interstellar,,,Hoyte van Hoytema,FALSE,,,
2014,Best Cinematography,Cinematography,The Grand Budapest Hotel,,,Robert Yeoman,FALSE,,,
2014,Best Editing,Film Editing,Whiplash,,,Tom Cross,TRUE,,,
2014,Best Editing,Film Editing,Birdman,,,Douglas Crise,FALSE,,,
2014,Best Editing,Film Editing,Birdman,,,Stephen Mirrione,FALSE,,,
2014,Best Editing,Film Editing,The Grand Budapest Hotel,,,Barney Pilling,FALSE,,,
2014,Best Editing,Film Editing,The Imitation Game,,,William Goldenberg,FALSE,,,
2014,Best Editing,Film Editing,Nightcrawler,,,John Gilroy,FALSE,,,
2014,Best Editing,Film Editing,The Theory of Everything,,,Jinx Godfrey,FALSE,,,
2014,Best Costume Design,Costuming,The Grand Budapest Hotel,,,Milena Canonero,TRUE,,,
2014,Best Costume Design,Costuming,The Imitation Game,,,Sammy Sheldon Differ,FALSE,,,
2014,Best Costume Design,Costuming,Into the Woods,,,Colleen Atwood,FALSE,,,
2014,Best Costume Design,Costuming,Mr. Turner,,,Jacqueline Durran,FALSE,,,
2014,Best Costume Design,Costuming,The Theory of Everything,,,Steven Noble,FALSE,,,
2014,Best Production Design,Art Direction,The Grand Budapest Hotel,,,Adam Stockhausen,TRUE,,,
2014,Best Production Design,Art Direction,The Grand Budapest Hotel,,,Anna Pinnock,TRUE,,,
2014,Best Production Design,Art Direction,Big Eyes,,,Rick Heinrichs,FALSE,,,
2014,Best Production Design,Art Direction,Big Eyes,,,Shane Vieau,FALSE,,,
2014,Best Production Design,Art Direction,The Imitation Game,,,Maria Djurkovic,FALSE,,,
2014,Best Production Design,Art Direction,The Imitation Game,,,Tatiana MacDonald,FALSE,,,
2014,Best Production Design,Art Direction,Interstellar,,,Nathan Crowley,FALSE,,,
2014,Best Production Design,Art Direction,Interstellar,,,Gary Fettis,FALSE,,,
2014,Best Production Design,Art Direction,Mr. Turner,,,Suzie Davies,FALSE,,,
2014,Best Production Design,Art Direction,Mr. Turner,,,Charlotte Watts,FALSE,,,
2014,Best Make-up and Hair,Make-Up & Hairstyling,The Grand Budapest Hotel,,,Frances Hannon,TRUE,,,
2014,Best Make-up and Hair,Make-Up & Hairstyling,The Grand Budapest Hotel,,,Mark Coulier,TRUE,,,
2014,Best Make-up and Hair,Make-Up & Hairstyling,Guardians of the Galaxy,,,Elizabeth Yianni-Georgiou,FALSE,,,
2014,Best Make-up and Hair,Make-Up & Hairstyling,Guardians of the Galaxy,,,David White,FALSE,,,
2014,Best Make-up and Hair,Make-Up & Hairstyling,Into the Woods,,,Peter Swords King,FALSE,,,
2014,Best Make-up and Hair,Make-Up & Hairstyling,Into the Woods,,,J. Roy Helland,FALSE,,,
2014,Best Make-up and Hair,Make-Up & Hairstyling,Mr. Turner,,,Christine Blundell,FALSE,,,
2014,Best Make-up and Hair,Make-Up & Hairstyling,Mr. Turner,,,Lesa Warrener,FALSE,,,
2014,Best Make-up and Hair,Make-Up & Hairstyling,The Theory of Everything,,,Jan Sewell,FALSE,,,
2014,Best Make-up and Hair,Make-Up & Hairstyling,The Theory of Everything,,,Kristyan Mallett,FALSE,,,
2014,Best Original Music,Original Score,The Grand Budapest Hotel,,,Alexandre Desplat,TRUE,,,
2014,Best Original Music,Original Score,Birdman,,,Antonio Sánchez,FALSE,,,
2014,Best Original Music,Original Score,Interstellar,,,Hans Zimmer,FALSE,,,
2014,Best Original Music,Original Score,The Theory of Everything,,,Jóhann Jóhannsson,FALSE,,,
2014,Best Original Music,Original Score,Under the Skin,,,Mica Levi,FALSE,,,
2014,Best Sound,Sound Mixing,Whiplash,,,Thomas Curley,TRUE,,,
2014,Best Sound,Sound Mixing,Whiplash,,,Ben Wilkins,TRUE,,,
2014,Best Sound,Sound Mixing,Whiplash,,,Craig Mann,TRUE,,,
2014,Best Sound,Sound Mixing,American Sniper,,,Walt Martin,FALSE,,,
2014,Best Sound,Sound Mixing,American Sniper,,,John T. Reitz,FALSE,,,
2014,Best Sound,Sound Mixing,American Sniper,,,Gregg Rudloff,FALSE,,,
2014,Best Sound,Sound Mixing,American Sniper,,,Alan Robert Murray,FALSE,,,
2014,Best Sound,Sound Mixing,American Sniper,,,Bub Asman,FALSE,,,
2014,Best Sound,Sound Mixing,Birdman or (The Unexpected Virtue of Ignorance),,,Thomas Varga,FALSE,,,
2014,Best Sound,Sound Mixing,Birdman or (The Unexpected Virtue of Ignorance),,,Martin Hernández,FALSE,,,
2014,Best Sound,Sound Mixing,Birdman or (The Unexpected Virtue of Ignorance),,,Aaron Glascock,FALSE,,,
2014,Best Sound,Sound Mixing,Birdman or (The Unexpected Virtue of Ignorance),,,Jon Taylor,FALSE,,,
2014,Best Sound,Sound Mixing,Birdman or (The Unexpected Virtue of Ignorance),,,Frank A. Montaño,FALSE,,,
2014,Best Sound,Sound Mixing,The Grand Budapest Hotel,,,Wayne Lemmer,FALSE,,,
2014,Best Sound,Sound Mixing,The Grand Budapest Hotel,,,Christopher Scarabosio,FALSE,,,
2014,Best Sound,Sound Mixing,The Grand Budapest Hotel,,,Pawel Wdowczak,FALSE,,,
2014,Best Sound,Sound Mixing,The Imitation Game,,,John Midgley,FALSE,,,
2014,Best Sound,Sound Mixing,The Imitation Game,,,Lee Walpole,FALSE,,,
2014,Best Sound,Sound Mixing,The Imitation Game,,,Stuart Hilliker,FALSE,,,
2014,Best Sound,Sound Mixing,The Imitation Game,,,Martin Jensen,FALSE,,,
2014,Best Sound,Sound Mixing,The Imitation Game,,,Andy Kennedy,FALSE,,,
2014,Best Special Visual Effects,Effects,Interstellar,,,Paul Franklin,TRUE,,,
2014,Best Special Visual Effects,Effects,Interstellar,,,Scott R. Fisher,TRUE,,,
2014,Best Special Visual Effects,Effects,Interstellar,,,Andrew Lockley,TRUE,,,
2014,Best Special Visual Effects,Effects,Interstellar,,,Ian Hunter,TRUE,,,
2014,Best Special Visual Effects,Effects,Dawn of the Planet of the Apes,,,Joe Letteri,FALSE,,,
2014,Best Special Visual Effects,Effects,Dawn of the Planet of the Apes,,,Dan Lemmon,FALSE,,,
2014,Best Special Visual Effects,Effects,Dawn of the Planet of the Apes,,,Erik Winquist,FALSE,,,
2014,Best Special Visual Effects,Effects,Dawn of the Planet of the Apes,,,Daniel Barrett,FALSE,,,
2014,Best Special Visual Effects,Effects,Guardians of the Galaxy,,,Stephane Ceretti,FALSE,,,
2014,Best Special Visual Effects,Effects,Guardians of the Galaxy,,,Paul Corbould,FALSE,,,
2014,Best Special Visual Effects,Effects,Guardians of the Galaxy,,,Jonathan Fawkner,FALSE,,,
2014,Best Special Visual Effects,Effects,Guardians of the Galaxy,,,Nicolas Aithadi,FALSE,,,
2014,Best Special Visual Effects,Effects,The Hobbit: The Battle of the Five Armies,,,Joe Letteri,FALSE,,,
2014,Best Special Visual Effects,Effects,The Hobbit: The Battle of the Five Armies,,,Eric Saindon,FALSE,,,
2014,Best Special Visual Effects,Effects,The Hobbit: The Battle of the Five Armies,,,David Clayton,FALSE,,,
2014,Best Special Visual Effects,Effects,The Hobbit: The Battle of the Five Armies,,,R. Christopher White,FALSE,,,
2014,Best Special Visual Effects,Effects,X-Men: Days of Future Past,,,Richard Stammers,FALSE,,,
2014,Best Special Visual Effects,Effects,X-Men: Days of Future Past,,,Anders Langlands,FALSE,,,
2014,Best Special Visual Effects,Effects,X-Men: Days of Future Past,,,Tim Crosbie,FALSE,,,
2014,Best Special Visual Effects,Effects,X-Men: Days of Future Past,,,Cameron Waldbauer,FALSE,,,
2014,Rising Star Award,,,,,Jack o'Connell,TRUE,,,
2014,Rising Star Award,,,,,Gugu Mbatha-Raw,FALSE,,,
2014,Rising Star Award,,,,,Margot Robbie,FALSE,,,
2014,Rising Star Award,,,,,Miles Teller,FALSE,,,
2014,Rising Star Award,,,,,Shailene Woodley,FALSE,,,
2013,Best Film,Live-Action Feature-Length Film,12 Years a Slave,,"United States
United Kingdom",Steve McQueen,TRUE,Director,,
2013,Best Film,Live-Action Feature-Length Film,12 Years a Slave,,"United States
United Kingdom",Brad Pitt,TRUE,Producer,,
2013,Best Film,Live-Action Feature-Length Film,12 Years a Slave,,"United States
United Kingdom",Anthony Katagas,TRUE,Producer,,
2013,Best Film,Live-Action Feature-Length Film,12 Years a Slave,,"United States
United Kingdom",Dede Gardner,TRUE,Producer,,
2013,Best Film,Live-Action Feature-Length Film,12 Years a Slave,,"United States
United Kingdom",Jeremy Kleiner,TRUE,Producer,,
2013,Best Film,Live-Action Feature-Length Film,12 Years a Slave,,"United States
United Kingdom",Steve McQueen,TRUE,Producer,,
2013,Best Film,Live-Action Feature-Length Film,American Hustle,,United States,David O. Russell,FALSE,Director,,
2013,Best Film,Live-Action Feature-Length Film,American Hustle,,United States,Charles Roven,FALSE,Producer,,
2013,Best Film,Live-Action Feature-Length Film,American Hustle,,United States,Richard Suckle,FALSE,Producer,,
2013,Best Film,Live-Action Feature-Length Film,American Hustle,,United States,Megan Ellison,FALSE,Producer,,
2013,Best Film,Live-Action Feature-Length Film,American Hustle,,United States,Jonathan Gordon,FALSE,Producer,,
2013,Best Film,Live-Action Feature-Length Film,Captain Phillips,,United States,Paul Greengrass,FALSE,Director,,
2013,Best Film,Live-Action Feature-Length Film,Captain Phillips,,United States,Scott Rudin,FALSE,Producer,,
2013,Best Film,Live-Action Feature-Length Film,Captain Phillips,,United States,Dana Brunetti,FALSE,Producer,,
2013,Best Film,Live-Action Feature-Length Film,Captain Phillips,,United States,Michael De Luca,FALSE,Producer,,
2013,Best Film,Live-Action Feature-Length Film,Gravity,,"United States
United Kingdom",Alfonso Cuarón,FALSE,Director,,
2013,Best Film,Live-Action Feature-Length Film,Gravity,,"United States
United Kingdom",Alfonso Cuarón,FALSE,Producer,,
2013,Best Film,Live-Action Feature-Length Film,Gravity,,"United States
United Kingdom",David Heyman,FALSE,Producer,,
2013,Best Film,Live-Action Feature-Length Film,Philomena,,United Kingdom,Stephen Frears,FALSE,Director,,
2013,Best Film,Live-Action Feature-Length Film,Philomena,,United Kingdom,Gabrielle Tana,FALSE,Producer,,
2013,Best Film,Live-Action Feature-Length Film,Philomena,,United Kingdom,Steve Coogan,FALSE,Producer,,
2013,Best Film,Live-Action Feature-Length Film,Philomena,,United Kingdom,Tracey Seaward,FALSE,Producer,,
2013,Outstanding British Film,,Gravity,,United Kingdom,Alfonso Cuarón,TRUE,Director,,
2013,Outstanding British Film,,Gravity,,United Kingdom,Alfonso Cuarón,TRUE,Producer,,
2013,Outstanding British Film,,Gravity,,United Kingdom,David Heyman,TRUE,Producer,,
2013,Outstanding British Film,,Gravity,,United Kingdom,Jonás Cuarón,TRUE,Producer,,
2013,Outstanding British Film,,Mandela: Long Walk to Freedom,,United Kingdom,Justin Chadwick,FALSE,Director,,
2013,Outstanding British Film,,Mandela: Long Walk to Freedom,,United Kingdom,Justin Chadwick,FALSE,Producer,,
2013,Outstanding British Film,,Mandela: Long Walk to Freedom,,United Kingdom,Anant Singh,FALSE,Producer,,
2013,Outstanding British Film,,Mandela: Long Walk to Freedom,,United Kingdom,David M. Thompson,FALSE,Producer,,
2013,Outstanding British Film,,Mandela: Long Walk to Freedom,,United Kingdom,William Nicholson,FALSE,Producer,,
2013,Outstanding British Film,,Philomena,,United Kingdom,Stephen Frears,FALSE,Director,,
2013,Outstanding British Film,,Philomena,,United Kingdom,Gabrielle Tana,FALSE,Producer,,
2013,Outstanding British Film,,Philomena,,United Kingdom,Steve Coogan,FALSE,Producer,,
2013,Outstanding British Film,,Philomena,,United Kingdom,Tracey Seaward,FALSE,Producer,,
2013,Outstanding British Film,,Rush,,United Kingdom,Ron Howard,FALSE,Director,,
2013,Outstanding British Film,,Rush,,United Kingdom,Ron Howard,FALSE,Producer,,
2013,Outstanding British Film,,Rush,,United Kingdom,Andrew Eaton,FALSE,Producer,,
2013,Outstanding British Film,,Rush,,United Kingdom,Peter Morgan,FALSE,Producer,,
2013,Outstanding British Film,,Saving Mr. Banks,,United Kingdom,John Lee Hancock,FALSE,Director,,
2013,Outstanding British Film,,Saving Mr. Banks,,United Kingdom,Alison Owen,FALSE,Producer,,
2013,Outstanding British Film,,Saving Mr. Banks,,United Kingdom,Ian Collie,FALSE,Producer,,
2013,Outstanding British Film,,Saving Mr. Banks,,United Kingdom,Philip Steuer,FALSE,Producer,,
2013,Outstanding British Film,,Saving Mr. Banks,,United Kingdom,Kelly Marcel,FALSE,Producer,,
2013,Outstanding British Film,,Saving Mr. Banks,,United Kingdom,Sue Smith,FALSE,Producer,,
2013,Outstanding British Film,,The Selfish Giant,,United Kingdom,Clio Barnard,FALSE,Director,,
2013,Outstanding British Film,,The Selfish Giant,,United Kingdom,Tracy O'Riordan,FALSE,Producer,,
2013,Best Film Not in the English Language,Foreign Film,The Great Beauty,La grande bellezza,"Italy
 France",Paolo Sorrentino,TRUE,Director,,
2013,Best Film Not in the English Language,Foreign Film,The Great Beauty,La grande bellezza,"Italy
 France",Nicola Giuliano,TRUE,Producer,,
2013,Best Film Not in the English Language,Foreign Film,The Great Beauty,La grande bellezza,"Italy
 France",Francesca Cima,TRUE,Producer,,
2013,Best Film Not in the English Language,Foreign Film,The Great Beauty,La grande bellezza,"Italy
 France",Fabio Conversi,TRUE,Producer,,
2013,Best Film Not in the English Language,Foreign Film,The Act of Killing,,Denmark,Joshua Oppenheimer,FALSE,Director,,
2013,Best Film Not in the English Language,Foreign Film,The Act of Killing,,Denmark,Signe Byrge Sørensen,FALSE,Producer,,
2013,Best Film Not in the English Language,Foreign Film,Blue Is the Warmest Colour,La Vie d'Adèle – Chapitres 1 & 2,"France
 Belgium",Abdellatif Kechiche,FALSE,Director,,
2013,Best Film Not in the English Language,Foreign Film,Blue Is the Warmest Colour,La Vie d'Adèle – Chapitres 1 & 2,"France
 Belgium",Abdellatif Kechiche,FALSE,Producer,,
2013,Best Film Not in the English Language,Foreign Film,Blue Is the Warmest Colour,La Vie d'Adèle – Chapitres 1 & 2,"France
 Belgium",Brahim Chioua,FALSE,Producer,,
2013,Best Film Not in the English Language,Foreign Film,Blue Is the Warmest Colour,La Vie d'Adèle – Chapitres 1 & 2,"France
 Belgium",Vincent Maraval,FALSE,Producer,,
2013,Best Film Not in the English Language,Foreign Film,Metro Manila,,"United Kingdom
 Philippines",Sean Ellis,FALSE,Director,,
2013,Best Film Not in the English Language,Foreign Film,Metro Manila,,"United Kingdom
 Philippines",Mathilde Charpentier,FALSE,Producer,,
2013,Best Film Not in the English Language,Foreign Film,Metro Manila,,"United Kingdom
 Philippines",Sean Ellis,FALSE,Producer,,
2013,Best Film Not in the English Language,Foreign Film,Wadjda,وجدة,Saudi Arabia,Haifaa Al-Mansour,FALSE,Director,,
2013,Best Film Not in the English Language,Foreign Film,Wadjda,وجدة,Saudi Arabia,Gerhard Meixner,FALSE,Producer,,
2013,Best Film Not in the English Language,Foreign Film,Wadjda,وجدة,Saudi Arabia,Roman Paul,FALSE,Producer,,
2013,Best Animated Film,Animated Feature-Length Film,Frozen,,United States,Chris Buck,TRUE,Director,,
2013,Best Animated Film,Animated Feature-Length Film,Frozen,,United States,Jennifer Lee,TRUE,Director,,
2013,Best Animated Film,Animated Feature-Length Film,Frozen,,United States,Peter Del Vecho,TRUE,Producer,,
2013,Best Animated Film,Animated Feature-Length Film,Despicable Me 2,,United States,Pierre Coffin,FALSE,Director,,
2013,Best Animated Film,Animated Feature-Length Film,Despicable Me 2,,United States,Chris Renaud,FALSE,Director,,
2013,Best Animated Film,Animated Feature-Length Film,Despicable Me 2,,United States,Janet Healy,FALSE,Producer,,
2013,Best Animated Film,Animated Feature-Length Film,Despicable Me 2,,United States,Chris Meledandri,FALSE,Producer,,
2013,Best Animated Film,Animated Feature-Length Film,Monsters University,,United States,Dan Scanlon,FALSE,Director,,
2013,Best Animated Film,Animated Feature-Length Film,Monsters University,,United States,Kori Rae,FALSE,Producer,,
2013,Best Documentary,Documentary Film,The Act of Killing,,,Joshua Oppenheimer,TRUE,,,
2013,Best Documentary,Documentary Film,The Armstrong Lie,,,Alex Gibney,FALSE,,,
2013,Best Documentary,Documentary Film,Blackfish,,,Gabriela Cowperthwaite,FALSE,,,
2013,Best Documentary,Documentary Film,Tim's Vermeer,,,Teller,FALSE,,,
2013,Best Documentary,Documentary Film,Tim's Vermeer,,,Penn Jillette,FALSE,,,
2013,Best Documentary,Documentary Film,Tim's Vermeer,,,Farley Ziegler,FALSE,,,
2013,Best Documentary,Documentary Film,We Steal Secrets: The Story of WikiLeaks,,,Alex Gibney,FALSE,,,
2013,Best Short Film,Live-Action Short Film,Room 8,,,James W. Griffiths,TRUE,,,
2013,Best Short Film,Live-Action Short Film,Room 8,,,Sophie Venner,TRUE,,,
2013,Best Short Film,Live-Action Short Film,Island Queen,,,Ben Mallaby,FALSE,,,
2013,Best Short Film,Live-Action Short Film,Island Queen,,,Emma Hughes,FALSE,,,
2013,Best Short Film,Live-Action Short Film,Island Queen,,,Nat Luurtsema,FALSE,,,
2013,Best Short Film,Live-Action Short Film,Keeping Up with the Joneses,,,Michael Pearce,FALSE,,,
2013,Best Short Film,Live-Action Short Film,Keeping Up with the Joneses,,,Megan Rubens,FALSE,,,
2013,Best Short Film,Live-Action Short Film,Keeping Up with the Joneses,,,Selina Lim,FALSE,,,
2013,Best Short Film,Live-Action Short Film,Orbit Ever After,,,Jamie Magnus Stone,FALSE,,,
2013,Best Short Film,Live-Action Short Film,Orbit Ever After,,,Chee-Lan Chan,FALSE,,,
2013,Best Short Film,Live-Action Short Film,Orbit Ever After,,,Len Rowles,FALSE,,,
2013,Best Short Film,Live-Action Short Film,Sea View,,,Anna Duffield,FALSE,,,
2013,Best Short Film,Live-Action Short Film,Sea View,,,Jane Linfoot,FALSE,,,
2013,Best Short Animation,Animated Short Film,Sleeping With The Fishes,,,Yousif Al-Khalifa,TRUE,,,
2013,Best Short Animation,Animated Short Film,Sleeping With The Fishes,,,James Walker,TRUE,,,
2013,Best Short Animation,Animated Short Film,Sleeping With The Fishes,,,Sarah Woolner,TRUE,,,
2013,Best Short Animation,Animated Short Film,I Am Tom Moody,,,Ainslie Henderson,FALSE,,,
2013,Best Short Animation,Animated Short Film,Everything I Can See From Here,,,Bjorn-Erik Aschim,FALSE,,,
2013,Best Short Animation,Animated Short Film,Everything I Can See From Here,,,Friederike Nicolaus,FALSE,,,
2013,Best Short Animation,Animated Short Film,Everything I Can See From Here,,,Sam Taylor,FALSE,,,
2013,"Outstanding Début by a British Writer, Director, or Producer",,Kelly + Victor,,,Kieran Evans,TRUE,director,,
2013,"Outstanding Début by a British Writer, Director, or Producer",,Kelly + Victor,,,Kieran Evans,TRUE,writer,,
2013,"Outstanding Début by a British Writer, Director, or Producer",,For Those in Peril,,,Paul Wright,FALSE,director,,
2013,"Outstanding Début by a British Writer, Director, or Producer",,For Those in Peril,,,Paul Wright,FALSE,writer,,
2013,"Outstanding Début by a British Writer, Director, or Producer",,For Those in Peril,,,Polly Stokes,FALSE,producer,,
2013,"Outstanding Début by a British Writer, Director, or Producer",,Good Vibrations,,,Colin Carberry,FALSE,writer,,
2013,"Outstanding Début by a British Writer, Director, or Producer",,Good Vibrations,,,Glenn Patterson,FALSE,writer,,
2013,"Outstanding Début by a British Writer, Director, or Producer",,Saving Mr. Banks,,,Kelly Marcel,FALSE,writer,,
2013,"Outstanding Début by a British Writer, Director, or Producer",,Shell,,,Scott Graham,FALSE,director,,
2013,"Outstanding Début by a British Writer, Director, or Producer",,Shell,,,Scott Graham,FALSE,writer,,
2013,Best Direction,Director,Gravity,,,Alfonso Cuarón,TRUE,,,
2013,Best Direction,Director,Captain Phillips,,,Paul Greengrass,FALSE,,,
2013,Best Direction,Director,12 Years a Slave,,,Steve McQueen,FALSE,,,
2013,Best Direction,Director,American Hustle,,,David O. Russell,FALSE,,,
2013,Best Direction,Director,The Wolf of Wall Street,,,Martin Scorsese,FALSE,,,
2013,Best Adapted Screenplay,Screenplay (Adapted),Philomena,,,Steve Coogan,TRUE,,The Lost Child of Philomena Lee by Martin Sixsmith,
2013,Best Adapted Screenplay,Screenplay (Adapted),Philomena,,,Jeff Pope,TRUE,,The Lost Child of Philomena Lee by Martin Sixsmith,
2013,Best Adapted Screenplay,Screenplay (Adapted),12 Years a Slave,,,John Ridley,FALSE,,Twelve Years a Slave by Solomon Northup,
2013,Best Adapted Screenplay,Screenplay (Adapted),Behind the Candelabra,,,Richard LaGravenese,FALSE,,Behind the Candelabra: My Life with Liberace by Scott Thorson,
2013,Best Adapted Screenplay,Screenplay (Adapted),Captain Phillips,,,Billy Ray,FALSE,,A Captain's Duty by Richard Phillips with Stephan Talty,
2013,Best Adapted Screenplay,Screenplay (Adapted),The Wolf of Wall Street,,,Terence Winter,FALSE,,The Wolf of Wall Street by Jordan Belfort,
2013,Best Original Screenplay,Screenplay (Original),American Hustle,,,Eric Warren Singer,TRUE,,,
2013,Best Original Screenplay,Screenplay (Original),American Hustle,,,David O. Russell,TRUE,,,
2013,Best Original Screenplay,Screenplay (Original),Blue Jasmine,,,Woody Allen,FALSE,,,
2013,Best Original Screenplay,Screenplay (Original),Gravity,,,Alfonso Cuarón,FALSE,,,
2013,Best Original Screenplay,Screenplay (Original),Gravity,,,Jonás Cuarón,FALSE,,,
2013,Best Original Screenplay,Screenplay (Original),Inside Llewyn Davis,,,Joel Coen,FALSE,,,
2013,Best Original Screenplay,Screenplay (Original),Inside Llewyn Davis,,,Ethan Coen,FALSE,,,
2013,Best Original Screenplay,Screenplay (Original),Nebraska,,,Bob Nelson,FALSE,,,
2013,Best Actor in a Leading Role,Actor in a Leading Role,12 Years a Slave,,,Chiwetel Ejiofor,TRUE,,,Solomon Northup
2013,Best Actor in a Leading Role,Actor in a Leading Role,American Hustle,,,Christian Bale,FALSE,,,Irving Rosenfeld
2013,Best Actor in a Leading Role,Actor in a Leading Role,Nebraska,,,Bruce Dern,FALSE,,,Woody Grant
2013,Best Actor in a Leading Role,Actor in a Leading Role,The Wolf of Wall Street,,,Leonardo DiCaprio,FALSE,,,Jordan Belfort
2013,Best Actor in a Leading Role,Actor in a Leading Role,Captain Phillips,,,Tom Hanks,FALSE,,,Captain Richard Phillips
2013,Best Actress in a Leading Role,Actress in a Leading Role,Blue Jasmine,,,Cate Blanchett,TRUE,,,"Jeanette ""Jasmine"" Francis"
2013,Best Actress in a Leading Role,Actress in a Leading Role,American Hustle,,,Amy Adams,FALSE,,,Sydney Prosser / Lady Edith Greensly
2013,Best Actress in a Leading Role,Actress in a Leading Role,Gravity,,,Sandra Bullock,FALSE,,,Dr. Ryan Stone
2013,Best Actress in a Leading Role,Actress in a Leading Role,Philomena,,,Judi Dench,FALSE,,,Philomena Lee
2013,Best Actress in a Leading Role,Actress in a Leading Role,Saving Mr. Banks,,,Emma Thompson,FALSE,,,P. L. Travers
2013,Best Actor in a Supporting Role,Actor in a Supporting Role,Captain Phillips,,,Barkhad Abdi,TRUE,,,Abduwali Muse
2013,Best Actor in a Supporting Role,Actor in a Supporting Role,Rush,,,Daniel Brühl,FALSE,,,Niki Lauda
2013,Best Actor in a Supporting Role,Actor in a Supporting Role,American Hustle,,,Bradley Cooper,FALSE,,,"Richard ""Richie"" DiMaso"
2013,Best Actor in a Supporting Role,Actor in a Supporting Role,Behind the Candelabra,,,Matt Damon,FALSE,,,Scott Thorson
2013,Best Actor in a Supporting Role,Actor in a Supporting Role,12 Years a Slave,,,Michael Fassbender,FALSE,,,Edwin Epps
2013,Best Actress in a Supporting Role,Actress in a Supporting Role,American Hustle,,,Jennifer Lawrence,TRUE,,,Rosalyn Rosenfeld
2013,Best Actress in a Supporting Role,Actress in a Supporting Role,Blue Jasmine,,,Sally Hawkins,FALSE,,,Ginger
2013,Best Actress in a Supporting Role,Actress in a Supporting Role,12 Years a Slave,,,Lupita Nyong'o,FALSE,,,Patsey
2013,Best Actress in a Supporting Role,Actress in a Supporting Role,August: Osage County,,,Julia Roberts,FALSE,,,Barbara Weston-Fordham
2013,Best Actress in a Supporting Role,Actress in a Supporting Role,The Butler,,,Oprah Winfrey,FALSE,,,Gloria Gaines
2013,Best Cinematography,Cinematography,Gravity,,,Emmanuel Lubezki,TRUE,,,
2013,Best Cinematography,Cinematography,Captain Phillips,,,Barry Ackroyd,FALSE,,,
2013,Best Cinematography,Cinematography,12 Years a Slave,,,Sean Bobbitt,FALSE,,,
2013,Best Cinematography,Cinematography,Inside Llewyn Davis,,,Bruno Delbonnel,FALSE,,,
2013,Best Cinematography,Cinematography,Nebraska,,,Phedon Papamichael,FALSE,,,
2013,Best Editing,Film Editing,Rush,,,Daniel P. Hanley,TRUE,,,
2013,Best Editing,Film Editing,Rush,,,Mike Hill,TRUE,,,
2013,Best Editing,Film Editing,12 Years a Slave,,,Joe Walker,FALSE,,,
2013,Best Editing,Film Editing,Captain Phillips,,,Christopher Rouse,FALSE,,,
2013,Best Editing,Film Editing,Gravity,,,Alfonso Cuarón,FALSE,,,
2013,Best Editing,Film Editing,Gravity,,,Mark Sanger,FALSE,,,
2013,Best Editing,Film Editing,The Wolf of Wall Street,,,Thelma Schoonmaker,FALSE,,,
2013,Best Costume Design,Costuming,The Great Gatsby,,,Catherine Martin,TRUE,,,
2013,Best Costume Design,Costuming,American Hustle,,,Michael Wilkinson,FALSE,,,
2013,Best Costume Design,Costuming,Behind the Candelabra,,,Ellen Mirojnick,FALSE,,,
2013,Best Costume Design,Costuming,The Invisible Woman,,,Michael O'Connor,FALSE,,,
2013,Best Costume Design,Costuming,Saving Mr. Banks,,,Daniel Orlandi,FALSE,,,
2013,Best Production Design,Art Direction,The Great Gatsby,,,Catherine Martin,TRUE,,,
2013,Best Production Design,Art Direction,The Great Gatsby,,,Beverly Dunn,TRUE,,,
2013,Best Production Design,Art Direction,12 Years a Slave,,,Adam Stockhausen,FALSE,,,
2013,Best Production Design,Art Direction,12 Years a Slave,,,Alice Baker,FALSE,,,
2013,Best Production Design,Art Direction,American Hustle,,,Judy Becker,FALSE,,,
2013,Best Production Design,Art Direction,American Hustle,,,Heather Loeffler,FALSE,,,
2013,Best Production Design,Art Direction,Behind the Candelabra,,,Howard Cummings,FALSE,,,
2013,Best Production Design,Art Direction,Gravity,,,Andy Nicholson,FALSE,,,
2013,Best Production Design,Art Direction,Gravity,,,Rosie Goodwin,FALSE,,,
2013,Best Production Design,Art Direction,Gravity,,,Joanne Woollard,FALSE,,,
2013,Best Make-up and Hair,Make-Up & Hairstyling,American Hustle,,,Evelyne Noraz,TRUE,,,
2013,Best Make-up and Hair,Make-Up & Hairstyling,American Hustle,,,Lori McCoy-Bell,TRUE,,,
2013,Best Make-up and Hair,Make-Up & Hairstyling,American Hustle,,,Kathrine Gordon,TRUE,,,
2013,Best Make-up and Hair,Make-Up & Hairstyling,Behind the Candelabra,,,Kate Biscoe,FALSE,,,
2013,Best Make-up and Hair,Make-Up & Hairstyling,Behind the Candelabra,,,Marie Larkin,FALSE,,,
2013,Best Make-up and Hair,Make-Up & Hairstyling,The Butler,,,Debra Denson,FALSE,,,
2013,Best Make-up and Hair,Make-Up & Hairstyling,The Butler,,,Candace Neal,FALSE,,,
2013,Best Make-up and Hair,Make-Up & Hairstyling,The Butler,,,Robert L. Stevenson,FALSE,,,
2013,Best Make-up and Hair,Make-Up & Hairstyling,The Butler,,,Matthew W. Mungle,FALSE,,,
2013,Best Make-up and Hair,Make-Up & Hairstyling,The Great Gatsby,,,Maurizio Silvi,FALSE,,,
2013,Best Make-up and Hair,Make-Up & Hairstyling,The Great Gatsby,,,Kerry Warn,FALSE,,,
2013,Best Make-up and Hair,Make-Up & Hairstyling,The Hobbit: The Desolation of Smaug,,,Peter Swords King,FALSE,,,
2013,Best Make-up and Hair,Make-Up & Hairstyling,The Hobbit: The Desolation of Smaug,,,Richard Taylor,FALSE,,,
2013,Best Make-up and Hair,Make-Up & Hairstyling,The Hobbit: The Desolation of Smaug,,,Rick Findlater,FALSE,,,
2013,Best Original Music,Original Score,Gravity,,,Steven Price,TRUE,,,
2013,Best Original Music,Original Score,12 Years a Slave,,,Hans Zimmer,FALSE,,,
2013,Best Original Music,Original Score,The Book Thief,,,John Williams,FALSE,,,
2013,Best Original Music,Original Score,Captain Phillips,,,Henry Jackman,FALSE,,,
2013,Best Original Music,Original Score,Saving Mr. Banks,,,Thomas Newman,FALSE,,,
2013,Best Sound,Sound Mixing,Gravity,,,Glenn Freemantle,TRUE,,,
2013,Best Sound,Sound Mixing,Gravity,,,Skip Lievsay,TRUE,,,
2013,Best Sound,Sound Mixing,Gravity,,,Christopher Benstead,TRUE,,,
2013,Best Sound,Sound Mixing,Gravity,,,Niv Adiri,TRUE,,,
2013,Best Sound,Sound Mixing,Gravity,,,Chris Munro,TRUE,,,
2013,Best Sound,Sound Mixing,All Is Lost,,,Richard Hymns,FALSE,,,
2013,Best Sound,Sound Mixing,All Is Lost,,,Steve Boeddeker,FALSE,,,
2013,Best Sound,Sound Mixing,All Is Lost,,,Brandon Proctor,FALSE,,,
2013,Best Sound,Sound Mixing,All Is Lost,,,Micah Bloomberg,FALSE,,,
2013,Best Sound,Sound Mixing,All Is Lost,,,Gillian Arthur,FALSE,,,
2013,Best Sound,Sound Mixing,Captain Phillips,,,Chris Burdon,FALSE,,,
2013,Best Sound,Sound Mixing,Captain Phillips,,,Mark Taylor,FALSE,,,
2013,Best Sound,Sound Mixing,Captain Phillips,,,Mike Prestwood Smith,FALSE,,,
2013,Best Sound,Sound Mixing,Captain Phillips,,,Chris Munro,FALSE,,,
2013,Best Sound,Sound Mixing,Captain Phillips,,,Oliver Tarney,FALSE,,,
2013,Best Sound,Sound Mixing,Inside Llewyn Davis,,,Peter Kurland,FALSE,,,
2013,Best Sound,Sound Mixing,Inside Llewyn Davis,,,Skip Lievsay,FALSE,,,
2013,Best Sound,Sound Mixing,Inside Llewyn Davis,,,Greg Orloff,FALSE,,,
2013,Best Sound,Sound Mixing,Inside Llewyn Davis,,,Paul Urmson,FALSE,,,
2013,Best Sound,Sound Mixing,Rush,,,Danny Hambrook,FALSE,,,
2013,Best Sound,Sound Mixing,Rush,,,Martin Steyer,FALSE,,,
2013,Best Sound,Sound Mixing,Rush,,,Stefan Korte,FALSE,,,
2013,Best Sound,Sound Mixing,Rush,,,Markus Stemler,FALSE,,,
2013,Best Sound,Sound Mixing,Rush,,,Frank Kruse,FALSE,,,
2013,Best Special Visual Effects,Effects,Gravity,,,Tim Webber,TRUE,,,
2013,Best Special Visual Effects,Effects,Gravity,,,Chris Lawrence,TRUE,,,
2013,Best Special Visual Effects,Effects,Gravity,,,Dave Shirk,TRUE,,,
2013,Best Special Visual Effects,Effects,Gravity,,,Neil Corbould,TRUE,,,
2013,Best Special Visual Effects,Effects,Gravity,,,Nikki Penny,TRUE,,,
2013,Best Special Visual Effects,Effects,The Hobbit: The Desolation of Smaug,,,Joe Letteri,FALSE,,,
2013,Best Special Visual Effects,Effects,The Hobbit: The Desolation of Smaug,,,Eric Saindon,FALSE,,,
2013,Best Special Visual Effects,Effects,The Hobbit: The Desolation of Smaug,,,David Clayton,FALSE,,,
2013,Best Special Visual Effects,Effects,The Hobbit: The Desolation of Smaug,,,Eric Reynolds,FALSE,,,
2013,Best Special Visual Effects,Effects,Iron Man 3,,,Bryan Grill,FALSE,,,
2013,Best Special Visual Effects,Effects,Iron Man 3,,,Christopher Townsend,FALSE,,,
2013,Best Special Visual Effects,Effects,Iron Man 3,,,Guy Williams,FALSE,,,
2013,Best Special Visual Effects,Effects,Iron Man 3,,,Dan Sudick,FALSE,,,
2013,Best Special Visual Effects,Effects,Pacific Rim,,,Hal Hickel,FALSE,,,
2013,Best Special Visual Effects,Effects,Pacific Rim,,,John Knoll,FALSE,,,
2013,Best Special Visual Effects,Effects,Pacific Rim,,,Lindy DeQuattro,FALSE,,,
2013,Best Special Visual Effects,Effects,Pacific Rim,,,Nigel Sumner,FALSE,,,
2013,Best Special Visual Effects,Effects,Star Trek Into Darkness,,,Roger Guyett,FALSE,,,
2013,Best Special Visual Effects,Effects,Star Trek Into Darkness,,,Patrick Tubach,FALSE,,,
2013,Best Special Visual Effects,Effects,Star Trek Into Darkness,,,Ben Grossmann,FALSE,,,
2013,Best Special Visual Effects,Effects,Star Trek Into Darkness,,,Burt Dalton,FALSE,,,
2013,Rising Star Award,,,,,Will Poulter,TRUE,,,
2013,Rising Star Award,,,,,Dane DeHaan,FALSE,,,
2013,Rising Star Award,,,,,George MacKay,FALSE,,,
2013,Rising Star Award,,,,,Lupita Nyong'o,FALSE,,,
2013,Rising Star Award,,,,,Léa Seydoux,FALSE,,,
2012,Best Film,Live-Action Feature-Length Film,Argo,,United States,Ben Affleck,TRUE,Director,,
2012,Best Film,Live-Action Feature-Length Film,Argo,,United States,Grant Heslov,TRUE,Producer,,
2012,Best Film,Live-Action Feature-Length Film,Argo,,United States,Ben Affleck,TRUE,Producer,,
2012,Best Film,Live-Action Feature-Length Film,Argo,,United States,George Clooney,TRUE,Producer,,
2012,Best Film,Live-Action Feature-Length Film,Les Misérables,,United Kingdom,Tom Hooper,FALSE,Director,,
2012,Best Film,Live-Action Feature-Length Film,Les Misérables,,United Kingdom,Tim Bevan,FALSE,Producer,,
2012,Best Film,Live-Action Feature-Length Film,Les Misérables,,United Kingdom,Eric Fellner,FALSE,Producer,,
2012,Best Film,Live-Action Feature-Length Film,Les Misérables,,United Kingdom,Debra Hayward,FALSE,Producer,,
2012,Best Film,Live-Action Feature-Length Film,Les Misérables,,United Kingdom,Cameron Mackintosh,FALSE,Producer,,
2012,Best Film,Live-Action Feature-Length Film,Life of Pi,,"United States
Canada",Ang Lee,FALSE,Director,,
2012,Best Film,Live-Action Feature-Length Film,Life of Pi,,"United States
Canada",Gil Netter,FALSE,Producer,,
2012,Best Film,Live-Action Feature-Length Film,Life of Pi,,"United States
Canada",Ang Lee,FALSE,Producer,,
2012,Best Film,Live-Action Feature-Length Film,Life of Pi,,"United States
Canada",David Womark,FALSE,Producer,,
2012,Best Film,Live-Action Feature-Length Film,Lincoln,,United States,Steven Spielberg,FALSE,Director,,
2012,Best Film,Live-Action Feature-Length Film,Lincoln,,United States,Steven Spielberg,FALSE,Producer,,
2012,Best Film,Live-Action Feature-Length Film,Lincoln,,United States,Kathleen Kennedy,FALSE,Producer,,
2012,Best Film,Live-Action Feature-Length Film,Zero Dark Thirty,,United States,Kathryn Bigelow,FALSE,Director,,
2012,Best Film,Live-Action Feature-Length Film,Zero Dark Thirty,,United States,Mark Boal,FALSE,Producer,,
2012,Best Film,Live-Action Feature-Length Film,Zero Dark Thirty,,United States,Kathryn Bigelow,FALSE,Producer,,
2012,Best Film,Live-Action Feature-Length Film,Zero Dark Thirty,,United States,Megan Ellison,FALSE,Producer,,
2012,Outstanding British Film,,Skyfall,,United Kingdom,Sam Mendes,TRUE,Director,,
2012,Outstanding British Film,,Skyfall,,United Kingdom,Sam Mendes,TRUE,Producer,,
2012,Outstanding British Film,,Skyfall,,United Kingdom,Michael G. Wilson,TRUE,Producer,,
2012,Outstanding British Film,,Skyfall,,United Kingdom,Barbara Broccoli,TRUE,Producer,,
2012,Outstanding British Film,,Skyfall,,United Kingdom,Neal Purvis,TRUE,Producer,,
2012,Outstanding British Film,,Skyfall,,United Kingdom,Robert Wade,TRUE,Producer,,
2012,Outstanding British Film,,Skyfall,,United Kingdom,John Logan,TRUE,Producer,,
2012,Outstanding British Film,,Anna Karenina,,United Kingdom,Joe Wright,FALSE,Director,,
2012,Outstanding British Film,,Anna Karenina,,United Kingdom,Joe Wright,FALSE,Producer,,
2012,Outstanding British Film,,Anna Karenina,,United Kingdom,Tim Bevan,FALSE,Producer,,
2012,Outstanding British Film,,Anna Karenina,,United Kingdom,Eric Fellner,FALSE,Producer,,
2012,Outstanding British Film,,Anna Karenina,,United Kingdom,Paul Webster,FALSE,Producer,,
2012,Outstanding British Film,,Anna Karenina,,United Kingdom,Tom Stoppard,FALSE,Producer,,
2012,Outstanding British Film,,The Best Exotic Marigold Hotel,,United Kingdom,John Madden,FALSE,Director,,
2012,Outstanding British Film,,The Best Exotic Marigold Hotel,,United Kingdom,John Madden,FALSE,Producer,,
2012,Outstanding British Film,,The Best Exotic Marigold Hotel,,United Kingdom,Graham Broadbent,FALSE,Producer,,
2012,Outstanding British Film,,The Best Exotic Marigold Hotel,,United Kingdom,Pete Czernin,FALSE,Producer,,
2012,Outstanding British Film,,The Best Exotic Marigold Hotel,,United Kingdom,Oliver Parker,FALSE,Producer,,
2012,Outstanding British Film,,Les Misérables,,United Kingdom,Tom Hooper,FALSE,Director,,
2012,Outstanding British Film,,Les Misérables,,United Kingdom,Tom Hooper,FALSE,Producer,,
2012,Outstanding British Film,,Les Misérables,,United Kingdom,Tim Bevan,FALSE,Producer,,
2012,Outstanding British Film,,Les Misérables,,United Kingdom,Eric Fellner,FALSE,Producer,,
2012,Outstanding British Film,,Les Misérables,,United Kingdom,Debra Hayward,FALSE,Producer,,
2012,Outstanding British Film,,Les Misérables,,United Kingdom,Cameron Mackintosh,FALSE,Producer,,
2012,Outstanding British Film,,Les Misérables,,United Kingdom,William Nicholson,FALSE,Producer,,
2012,Outstanding British Film,,Les Misérables,,United Kingdom,Alain Boublil,FALSE,Producer,,
2012,Outstanding British Film,,Les Misérables,,United Kingdom,Claude-Michel Schönberg,FALSE,Producer,,
2012,Outstanding British Film,,Les Misérables,,United Kingdom,Herbert Kretzmer,FALSE,Producer,,
2012,Outstanding British Film,,Seven Psychopaths,,United Kingdom,Martin McDonagh,FALSE,Director,,
2012,Outstanding British Film,,Seven Psychopaths,,United Kingdom,Martin McDonagh,FALSE,Producer,,
2012,Outstanding British Film,,Seven Psychopaths,,United Kingdom,Graham Broadbent,FALSE,Producer,,
2012,Outstanding British Film,,Seven Psychopaths,,United Kingdom,Pete Czernin,FALSE,Producer,,
2012,Best Film Not in the English Language,Foreign Film,Amour,,"France
 Austria",Michael Haneke,TRUE,Director,,
2012,Best Film Not in the English Language,Foreign Film,Amour,,"France
 Austria",Margaret Ménégoz,TRUE,Producer,,
2012,Best Film Not in the English Language,Foreign Film,Amour,,"France
 Austria",Stefan Arndt,TRUE,Producer,,
2012,Best Film Not in the English Language,Foreign Film,Amour,,"France
 Austria",Veit Heiduschka,TRUE,Producer,,
2012,Best Film Not in the English Language,Foreign Film,Amour,,"France
 Austria",Michael Katz,TRUE,Producer,,
2012,Best Film Not in the English Language,Foreign Film,Headhunters,Hodejegerne,Norway,Morten Tyldum,FALSE,Director,,
2012,Best Film Not in the English Language,Foreign Film,Headhunters,Hodejegerne,Norway,Marianne Gray,FALSE,Producer,,
2012,Best Film Not in the English Language,Foreign Film,Headhunters,Hodejegerne,Norway,Asle Vatn,FALSE,Producer,,
2012,Best Film Not in the English Language,Foreign Film,The Hunt,Jagten,Denmark,Thomas Vinterberg,FALSE,Director,,
2012,Best Film Not in the English Language,Foreign Film,The Hunt,Jagten,Denmark,Morten Kaufmann,FALSE,Producer,,
2012,Best Film Not in the English Language,Foreign Film,The Hunt,Jagten,Denmark,Sisse Graum Jørgensen,FALSE,Producer,,
2012,Best Film Not in the English Language,Foreign Film,The Hunt,Jagten,Denmark,Thomas Vinterberg,FALSE,Producer,,
2012,Best Film Not in the English Language,Foreign Film,Rust and Bone,De rouille et d'os,"France
 Belgium",Jacques Audiard,FALSE,Director,,
2012,Best Film Not in the English Language,Foreign Film,Rust and Bone,De rouille et d'os,"France
 Belgium",Jacques Audiard,FALSE,Producer,,
2012,Best Film Not in the English Language,Foreign Film,Rust and Bone,De rouille et d'os,"France
 Belgium",Martine Cassinelli,FALSE,Producer,,
2012,Best Film Not in the English Language,Foreign Film,Rust and Bone,De rouille et d'os,"France
 Belgium",Pascal Caucheteux,FALSE,Producer,,
2012,Best Film Not in the English Language,Foreign Film,Rust and Bone,De rouille et d'os,"France
 Belgium",Alix Raynaud,FALSE,Producer,,
2012,Best Film Not in the English Language,Foreign Film,The Intouchables,Untouchable,France,Olivier Nakache,FALSE,Director,,
2012,Best Film Not in the English Language,Foreign Film,The Intouchables,Untouchable,France,Éric Toledano,FALSE,Director,,
2012,Best Film Not in the English Language,Foreign Film,The Intouchables,Untouchable,France,Nicolas Duval Adassovsky,FALSE,Producer,,
2012,Best Film Not in the English Language,Foreign Film,The Intouchables,Untouchable,France,Yann Zenou,FALSE,Producer,,
2012,Best Film Not in the English Language,Foreign Film,The Intouchables,Untouchable,France,Laurent Zeitoun,FALSE,Producer,,
2012,Best Animated Film,Animated Feature-Length Film,Brave,,United States,Mark Andrews,TRUE,Director,,
2012,Best Animated Film,Animated Feature-Length Film,Brave,,United States,Brenda Chapman,TRUE,Director,,
2012,Best Animated Film,Animated Feature-Length Film,Brave,,United States,Katherine Sarafian,TRUE,Producer,,
2012,Best Animated Film,Animated Feature-Length Film,Frankenweenie,,United States,Tim Burton,FALSE,Director,,
2012,Best Animated Film,Animated Feature-Length Film,Frankenweenie,,United States,Tim Burton,FALSE,Producer,,
2012,Best Animated Film,Animated Feature-Length Film,Frankenweenie,,United States,Allison Abbate,FALSE,Producer,,
2012,Best Animated Film,Animated Feature-Length Film,ParaNorman,,United States,Sam Fell,FALSE,Director,,
2012,Best Animated Film,Animated Feature-Length Film,ParaNorman,,United States,Chris Butler,FALSE,Director,,
2012,Best Animated Film,Animated Feature-Length Film,ParaNorman,,United States,Travis Knight,FALSE,Producer,,
2012,Best Animated Film,Animated Feature-Length Film,ParaNorman,,United States,Arianne Sutner,FALSE,Producer,,
2012,Best Documentary,Documentary Film,Searching for Sugar Man,,,Malik Bendjelloul,TRUE,,,
2012,Best Documentary,Documentary Film,Searching for Sugar Man,,,Simon Chinn,TRUE,,,
2012,Best Documentary,Documentary Film,The Imposter,,,Bart Layton,FALSE,,,
2012,Best Documentary,Documentary Film,The Imposter,,,Dimitri Doganis,FALSE,,,
2012,Best Documentary,Documentary Film,McCullin,,,David Morris,FALSE,,,
2012,Best Documentary,Documentary Film,McCullin,,,Jacqui Morris,FALSE,,,
2012,Best Documentary,Documentary Film,Marley,,,Kevin Macdonald,FALSE,,,
2012,Best Documentary,Documentary Film,Marley,,,Steve Bing,FALSE,,,
2012,Best Documentary,Documentary Film,Marley,,,Charles Steel,FALSE,,,
2012,Best Documentary,Documentary Film,West of Memphis,,,Amy J. Berg,FALSE,,,
2012,Best Short Film,Live-Action Short Film,Swimmer,,,Lynne Ramsay,TRUE,,,
2012,Best Short Film,Live-Action Short Film,Swimmer,,,Peter Carlton,TRUE,,,
2012,Best Short Film,Live-Action Short Film,Swimmer,,,Diarmid Scrimshaw,TRUE,,,
2012,Best Short Film,Live-Action Short Film,The Curse,,,Fyzal Boulifa,FALSE,,,
2012,Best Short Film,Live-Action Short Film,Good Night,,,Muriel d'Ansembourg,FALSE,,,
2012,Best Short Film,Live-Action Short Film,Good Night,,,Eva Sigurdardottir,FALSE,,,
2012,Best Short Film,Live-Action Short Film,Tumult,,,Rhianna Andrews,FALSE,,,
2012,Best Short Film,Live-Action Short Film,Tumult,,,Johnny Barrington,FALSE,,,
2012,Best Short Film,Live-Action Short Film,The Voorman Problem,,,Lee Thomas,FALSE,,,
2012,Best Short Film,Live-Action Short Film,The Voorman Problem,,,David Mitchell,FALSE,,,
2012,Best Short Film,Live-Action Short Film,The Voorman Problem,,,Baldwin Li,FALSE,,,
2012,Best Short Film,Live-Action Short Film,The Voorman Problem,,,Mark Gill,FALSE,,,
2012,Best Short Animation,Animated Short Film,The Making Of Longbird,,,Will Anderson,TRUE,,,
2012,Best Short Animation,Animated Short Film,The Making Of Longbird,,,Ainslie Henderson,TRUE,,,
2012,Best Short Animation,Animated Short Film,Here To Fall,,,Kris Kelly,FALSE,,,
2012,Best Short Animation,Animated Short Film,Here To Fall,,,Evelyn McGrath,FALSE,,,
2012,Best Short Animation,Animated Short Film,I’m Fine Thanks,,,Eamonn O'Neill,FALSE,,,
2012,"Outstanding Début by a British Writer, Director, or Producer",,The Imposter,,,Bart Layton,TRUE,director,,
2012,"Outstanding Début by a British Writer, Director, or Producer",,The Imposter,,,Dimitri Doganis,TRUE,producer,,
2012,"Outstanding Début by a British Writer, Director, or Producer",,I Am Nasrine,,,Tina Gharavi,FALSE,writer,,
2012,"Outstanding Début by a British Writer, Director, or Producer",,I Am Nasrine,,,Tina Gharavi,FALSE,director,,
2012,"Outstanding Début by a British Writer, Director, or Producer",,McCullin,,,David Morris,FALSE,director,,
2012,"Outstanding Début by a British Writer, Director, or Producer",,McCullin,,,Jacqui Morris,FALSE,director,,
2012,"Outstanding Début by a British Writer, Director, or Producer",,McCullin,,,Jacqui Morris,FALSE,producer,,
2012,"Outstanding Début by a British Writer, Director, or Producer",,The Muppets,,,James Bobin,FALSE,director,,
2012,"Outstanding Début by a British Writer, Director, or Producer",,Wild Bill,,,Dexter Fletcher,FALSE,writer,,
2012,"Outstanding Début by a British Writer, Director, or Producer",,Wild Bill,,,Dexter Fletcher,FALSE,director,,
2012,"Outstanding Début by a British Writer, Director, or Producer",,Wild Bill,,,Danny King,FALSE,writer,,
2012,Best Direction,Director,Argo,,,Ben Affleck,TRUE,,,
2012,Best Direction,Director,Zero Dark Thirty,,,Kathryn Bigelow,FALSE,,,
2012,Best Direction,Director,Amour,,,Michael Haneke,FALSE,,,
2012,Best Direction,Director,Life of Pi,,,Ang Lee,FALSE,,,
2012,Best Direction,Director,Django Unchained,,,Quentin Tarantino,FALSE,,,
2012,Best Adapted Screenplay,Screenplay (Adapted),Silver Linings Playbook,,,David O. Russell,TRUE,,The Silver Linings Playbook by Matthew Quick,
2012,Best Adapted Screenplay,Screenplay (Adapted),Argo,,,Chris Terrio,FALSE,,"The Master of Disguise by Tony Mendez
The Great Escape by Joshuah Bearman",
2012,Best Adapted Screenplay,Screenplay (Adapted),Beasts of the Southern Wild,,,Lucy Alibar,FALSE,,Juicy and Delicious by Lucy Alibar,
2012,Best Adapted Screenplay,Screenplay (Adapted),Beasts of the Southern Wild,,,Benh Zeitlin,FALSE,,Juicy and Delicious by Lucy Alibar,
2012,Best Adapted Screenplay,Screenplay (Adapted),Life of Pi,,,David Magee,FALSE,,Life of Pi by Yann Martel,
2012,Best Adapted Screenplay,Screenplay (Adapted),Lincoln,,,Tony Kushner,FALSE,,Team of Rivals: The Political Genius of Abraham Lincoln by Doris Kearns Goodwin,
2012,Best Original Screenplay,Screenplay (Original),Django Unchained,,,Quentin Tarantino,TRUE,,,
2012,Best Original Screenplay,Screenplay (Original),Amour,,,Michael Haneke,FALSE,,,
2012,Best Original Screenplay,Screenplay (Original),The Master,,,Paul Thomas Anderson,FALSE,,,
2012,Best Original Screenplay,Screenplay (Original),Moonrise Kingdom,,,Wes Anderson,FALSE,,,
2012,Best Original Screenplay,Screenplay (Original),Moonrise Kingdom,,,Roman Coppola,FALSE,,,
2012,Best Original Screenplay,Screenplay (Original),Zero Dark Thirty,,,Mark Boal,FALSE,,,
2012,Best Actor in a Leading Role,Actor in a Leading Role,Lincoln,,,Daniel Day-Lewis,TRUE,,,Abraham Lincoln
2012,Best Actor in a Leading Role,Actor in a Leading Role,Argo,,,Ben Affleck,FALSE,,,Tony Mendez
2012,Best Actor in a Leading Role,Actor in a Leading Role,Silver Linings Playbook,,,Bradley Cooper,FALSE,,,"Patrick ""Pat"" Solitano, Jr."
2012,Best Actor in a Leading Role,Actor in a Leading Role,Les Misérables,,,Hugh Jackman,FALSE,,,Jean Valjean
2012,Best Actor in a Leading Role,Actor in a Leading Role,The Master,,,Joaquin Phoenix,FALSE,,,Freddie Quell
2012,Best Actress in a Leading Role,Actress in a Leading Role,Amour,,,Emmanuelle Riva,TRUE,,,Anne Laurent
2012,Best Actress in a Leading Role,Actress in a Leading Role,Zero Dark Thirty,,,Jessica Chastain,FALSE,,,Maya Harris
2012,Best Actress in a Leading Role,Actress in a Leading Role,Rust and Bone,,,Marion Cotillard,FALSE,,,Stéphanie
2012,Best Actress in a Leading Role,Actress in a Leading Role,Silver Linings Playbook,,,Jennifer Lawrence,FALSE,,,Tiffany Maxwell
2012,Best Actress in a Leading Role,Actress in a Leading Role,Hitchcock,,,Helen Mirren,FALSE,,,Alma Reville Hitchcock
2012,Best Actor in a Supporting Role,Actor in a Supporting Role,Django Unchained,,,Christoph Waltz,TRUE,,,Dr. King Schultz
2012,Best Actor in a Supporting Role,Actor in a Supporting Role,Argo,,,Alan Arkin,FALSE,,,Lester Siegel
2012,Best Actor in a Supporting Role,Actor in a Supporting Role,Skyfall,,,Javier Bardem,FALSE,,,Raoul Silva
2012,Best Actor in a Supporting Role,Actor in a Supporting Role,The Master,,,Philip Seymour Hoffman,FALSE,,,Lancaster Dodd
2012,Best Actor in a Supporting Role,Actor in a Supporting Role,Lincoln,,,Tommy Lee Jones,FALSE,,,Thaddeus Stevens
2012,Best Actress in a Supporting Role,Actress in a Supporting Role,Les Misérables,,,Anne Hathaway,TRUE,,,Fantine
2012,Best Actress in a Supporting Role,Actress in a Supporting Role,The Master,,,Amy Adams,FALSE,,,Peggy Dodd
2012,Best Actress in a Supporting Role,Actress in a Supporting Role,Skyfall,,,Judi Dench,FALSE,,,M
2012,Best Actress in a Supporting Role,Actress in a Supporting Role,Lincoln,,,Sally Field,FALSE,,,Mary Todd Lincoln
2012,Best Actress in a Supporting Role,Actress in a Supporting Role,The Sessions,,,Helen Hunt,FALSE,,,Cheryl Cohen-Greene
2012,Best Cinematography,Cinematography,Life of Pi,,,Claudio Miranda,TRUE,,,
2012,Best Cinematography,Cinematography,Les Misérables,,,Danny Cohen,FALSE,,,
2012,Best Cinematography,Cinematography,Skyfall,,,Roger Deakins,FALSE,,,
2012,Best Cinematography,Cinematography,Lincoln,,,Janusz Kamiński,FALSE,,,
2012,Best Cinematography,Cinematography,Anna Karenina,,,Seamus McGarvey,FALSE,,,
2012,Best Editing,Film Editing,Argo,,,William Goldenberg,TRUE,,,
2012,Best Editing,Film Editing,Django Unchained,,,Fred Raskin,FALSE,,,
2012,Best Editing,Film Editing,Life of Pi,,,Tim Squyres,FALSE,,,
2012,Best Editing,Film Editing,Skyfall,,,Stuart Baird,FALSE,,,
2012,Best Editing,Film Editing,Zero Dark Thirty,,,Dylan Tichenor,FALSE,,,
2012,Best Editing,Film Editing,Zero Dark Thirty,,,William Goldenberg,FALSE,,,
2012,Best Costume Design,Costuming,Anna Karenina,,,Jacqueline Durran,TRUE,,,
2012,Best Costume Design,Costuming,Great Expectations,,,Beatrix Aruna Pasztor,FALSE,,,
2012,Best Costume Design,Costuming,Les Misérables,,,Paco Delgado,FALSE,,,
2012,Best Costume Design,Costuming,Lincoln,,,Joanna Johnston,FALSE,,,
2012,Best Costume Design,Costuming,Snow White and the Huntsman,,,Colleen Atwood,FALSE,,,
2012,Best Production Design,Art Direction,Les Misérables,,,Eve Stewart,TRUE,,,
2012,Best Production Design,Art Direction,Les Misérables,,,Anna Lynch-Robinson,TRUE,,,
2012,Best Production Design,Art Direction,Anna Karenina,,,Sarah Greenwood,FALSE,,,
2012,Best Production Design,Art Direction,Anna Karenina,,,Katie Spencer,FALSE,,,
2012,Best Production Design,Art Direction,Life of Pi,,,David Gropman,FALSE,,,
2012,Best Production Design,Art Direction,Life of Pi,,,Anna Pinnock,FALSE,,,
2012,Best Production Design,Art Direction,Lincoln,,,Rick Carter,FALSE,,,
2012,Best Production Design,Art Direction,Lincoln,,,Jim Erickson,FALSE,,,
2012,Best Production Design,Art Direction,Skyfall,,,Dennis Gassner,FALSE,,,
2012,Best Production Design,Art Direction,Skyfall,,,Anna Pinnock,FALSE,,,
2012,Best Make-up and Hair,Make-Up & Hairstyling,Les Misérables,,,Lisa Westcott,TRUE,,,
2012,Best Make-up and Hair,Make-Up & Hairstyling,Anna Karenina,,,Ivana Primorac,FALSE,,,
2012,Best Make-up and Hair,Make-Up & Hairstyling,Hitchcock,,,Julie Hewett,FALSE,,,
2012,Best Make-up and Hair,Make-Up & Hairstyling,Hitchcock,,,Martin Samuel,FALSE,,,
2012,Best Make-up and Hair,Make-Up & Hairstyling,Hitchcock,,,Howard Berger,FALSE,,,
2012,Best Make-up and Hair,Make-Up & Hairstyling,The Hobbit: An Unexpected Journey,,,Peter Swords King,FALSE,,,
2012,Best Make-up and Hair,Make-Up & Hairstyling,The Hobbit: An Unexpected Journey,,,Richard Taylor,FALSE,,,
2012,Best Make-up and Hair,Make-Up & Hairstyling,The Hobbit: An Unexpected Journey,,,Rick Findlater,FALSE,,,
2012,Best Make-up and Hair,Make-Up & Hairstyling,Lincoln,,,Lois Burwell,FALSE,,,
2012,Best Make-up and Hair,Make-Up & Hairstyling,Lincoln,,,Kay Georgiou,FALSE,,,
2012,Best Original Music,Original Score,Skyfall,,,Thomas Newman,TRUE,,,
2012,Best Original Music,Original Score,Anna Karerina,,,Dario Marianelli,FALSE,,,
2012,Best Original Music,Original Score,Argo,,,Alexandre Desplat,FALSE,,,
2012,Best Original Music,Original Score,Life of Pi,,,Mychael Danna,FALSE,,,
2012,Best Original Music,Original Score,Lincoln,,,John Williams,FALSE,,,
2012,Best Sound,Sound Mixing,Les Misérables,,,Simon Hayes,TRUE,,,
2012,Best Sound,Sound Mixing,Les Misérables,,,Andy Nelson,TRUE,,,
2012,Best Sound,Sound Mixing,Les Misérables,,,Mark Paterson,TRUE,,,
2012,Best Sound,Sound Mixing,Les Misérables,,,Jonathan Allen,TRUE,,,
2012,Best Sound,Sound Mixing,Les Misérables,,,Lee Walpole,TRUE,,,
2012,Best Sound,Sound Mixing,Les Misérables,,,John Warhurst,TRUE,,,
2012,Best Sound,Sound Mixing,Django Unchained,,,Mark Ulano,FALSE,,,
2012,Best Sound,Sound Mixing,Django Unchained,,,Michael Minkler,FALSE,,,
2012,Best Sound,Sound Mixing,Django Unchained,,,Tony Lamberti,FALSE,,,
2012,Best Sound,Sound Mixing,Django Unchained,,,Wylie Stateman,FALSE,,,
2012,Best Sound,Sound Mixing,The Hobbit: An Unexpected Journey,,,Tony Johnson,FALSE,,,
2012,Best Sound,Sound Mixing,The Hobbit: An Unexpected Journey,,,Christopher Boyes,FALSE,,,
2012,Best Sound,Sound Mixing,The Hobbit: An Unexpected Journey,,,Michael Hedges,FALSE,,,
2012,Best Sound,Sound Mixing,The Hobbit: An Unexpected Journey,,,Michael Semanick,FALSE,,,
2012,Best Sound,Sound Mixing,The Hobbit: An Unexpected Journey,,,Brent Burge,FALSE,,,
2012,Best Sound,Sound Mixing,The Hobbit: An Unexpected Journey,,,Chris Ward,FALSE,,,
2012,Best Sound,Sound Mixing,Life of Pi,,,Drew Kunin,FALSE,,,
2012,Best Sound,Sound Mixing,Life of Pi,,,Eugene Gearty,FALSE,,,
2012,Best Sound,Sound Mixing,Life of Pi,,,Philip Stockton,FALSE,,,
2012,Best Sound,Sound Mixing,Life of Pi,,,Ron Bartlett,FALSE,,,
2012,Best Sound,Sound Mixing,Life of Pi,,,Doug Hemphill,FALSE,,,
2012,Best Sound,Sound Mixing,Skyfall,,,Stuart Wilson,FALSE,,,
2012,Best Sound,Sound Mixing,Skyfall,,,Scott Millan,FALSE,,,
2012,Best Sound,Sound Mixing,Skyfall,,,Greg P. Russell,FALSE,,,
2012,Best Sound,Sound Mixing,Skyfall,,,Per Hallberg,FALSE,,,
2012,Best Sound,Sound Mixing,Skyfall,,,Karen Baker Landers,FALSE,,,
2012,Best Special Visual Effects,Effects,Life of Pi,,,Bill Westenhofer,TRUE,,,
2012,Best Special Visual Effects,Effects,Life of Pi,,,Guillaume Rocheron,TRUE,,,
2012,Best Special Visual Effects,Effects,Life of Pi,,,Erik-Jan de Boer,TRUE,,,
2012,Best Special Visual Effects,Effects,The Avengers,,,Janek Sirrs,FALSE,,,
2012,Best Special Visual Effects,Effects,The Avengers,,,Jeff White,FALSE,,,
2012,Best Special Visual Effects,Effects,The Avengers,,,Guy Williams,FALSE,,,
2012,Best Special Visual Effects,Effects,The Avengers,,,Dan Sudick,FALSE,,,
2012,Best Special Visual Effects,Effects,The Dark Knight Rises,,,Paul Franklin,FALSE,,,
2012,Best Special Visual Effects,Effects,The Dark Knight Rises,,,Chris Corbould,FALSE,,,
2012,Best Special Visual Effects,Effects,The Dark Knight Rises,,,Peter Bebb,FALSE,,,
2012,Best Special Visual Effects,Effects,The Dark Knight Rises,,,Andrew Lockley,FALSE,,,
2012,Best Special Visual Effects,Effects,The Hobbit: An Unexpected Journey,,,Joe Letteri,FALSE,,,
2012,Best Special Visual Effects,Effects,The Hobbit: An Unexpected Journey,,,Eric Saindon,FALSE,,,
2012,Best Special Visual Effects,Effects,The Hobbit: An Unexpected Journey,,,David Clayton,FALSE,,,
2012,Best Special Visual Effects,Effects,The Hobbit: An Unexpected Journey,,,R. Christopher White,FALSE,,,
2012,Best Special Visual Effects,Effects,Prometheus,,,Richard Stammers,FALSE,,,
2012,Best Special Visual Effects,Effects,Prometheus,,,Charley Henley,FALSE,,,
2012,Best Special Visual Effects,Effects,Prometheus,,,Trevor Wood,FALSE,,,
2012,Best Special Visual Effects,Effects,Prometheus,,,Paul Butterworth,FALSE,,,
2012,Rising Star Award,,,,,Juno Temple,TRUE,,,
2012,Rising Star Award,,,,,Elizabeth Olsen,FALSE,,,
2012,Rising Star Award,,,,,Andrea Riseborough,FALSE,,,
2012,Rising Star Award,,,,,Suraj Sharma,FALSE,,,
2012,Rising Star Award,,,,,Alicia Vikander,FALSE,,,
2011,Best Film,Live-Action Feature-Length Film,The Artist,,France,Michel Hazanavicius,TRUE,Director,,
2011,Best Film,Live-Action Feature-Length Film,The Artist,,France,Thomas Langmann,TRUE,Producer,,
2011,Best Film,Live-Action Feature-Length Film,The Descendants,,United States,Alexander Payne,FALSE,Director,,
2011,Best Film,Live-Action Feature-Length Film,The Descendants,,United States,Alexander Payne,FALSE,Producer,,
2011,Best Film,Live-Action Feature-Length Film,The Descendants,,United States,Jim Taylor,FALSE,Producer,,
2011,Best Film,Live-Action Feature-Length Film,The Descendants,,United States,Jim Burke,FALSE,Producer,,
2011,Best Film,Live-Action Feature-Length Film,Drive,,United States,Nicolas Winding Refn,FALSE,Director,,
2011,Best Film,Live-Action Feature-Length Film,Drive,,United States,Adam Siegel,FALSE,Producer,,
2011,Best Film,Live-Action Feature-Length Film,Drive,,United States,Marc Platt,FALSE,Producer,,
2011,Best Film,Live-Action Feature-Length Film,The Help,,United States,Tate Taylor,FALSE,Director,,
2011,Best Film,Live-Action Feature-Length Film,The Help,,United States,Brunson Green,FALSE,Producer,,
2011,Best Film,Live-Action Feature-Length Film,The Help,,United States,Chris Columbus,FALSE,Producer,,
2011,Best Film,Live-Action Feature-Length Film,The Help,,United States,Michael Barnathan,FALSE,Producer,,
2011,Best Film,Live-Action Feature-Length Film,Tinker Tailor Soldier Spy,,United States,Tomas Alfredson,FALSE,Director,,
2011,Best Film,Live-Action Feature-Length Film,Tinker Tailor Soldier Spy,,United States,Tim Bevan,FALSE,Producer,,
2011,Best Film,Live-Action Feature-Length Film,Tinker Tailor Soldier Spy,,United States,Robyn Slovo,FALSE,Producer,,
2011,Best Film,Live-Action Feature-Length Film,Tinker Tailor Soldier Spy,,United States,Eric Fellner,FALSE,Producer,,
2011,Outstanding British Film,,Tinker Tailor Soldier Spy,,United Kingdom,Tomas Alfredson,TRUE,Director,,
2011,Outstanding British Film,,Tinker Tailor Soldier Spy,,United Kingdom,Tomas Alfredson,TRUE,Producer,,
2011,Outstanding British Film,,Tinker Tailor Soldier Spy,,United Kingdom,Eric Fellner,TRUE,Producer,,
2011,Outstanding British Film,,Tinker Tailor Soldier Spy,,United Kingdom,Bridget O'Connor,TRUE,Producer,,
2011,Outstanding British Film,,Tinker Tailor Soldier Spy,,United Kingdom,Peter Straughan,TRUE,Producer,,
2011,Outstanding British Film,,Tinker Tailor Soldier Spy,,United Kingdom,Robyn Slovo,TRUE,Producer,,
2011,Outstanding British Film,,Tinker Tailor Soldier Spy,,United Kingdom,Tim Bevan,TRUE,Producer,,
2011,Outstanding British Film,,My Week with Marilyn,,United Kingdom,Simon Curtis,FALSE,Director,,
2011,Outstanding British Film,,My Week with Marilyn,,United Kingdom,Simon Curtis,FALSE,Producer,,
2011,Outstanding British Film,,My Week with Marilyn,,United Kingdom,Adrian Hodges,FALSE,Producer,,
2011,Outstanding British Film,,My Week with Marilyn,,United Kingdom,David Parfitt,FALSE,Producer,,
2011,Outstanding British Film,,My Week with Marilyn,,United Kingdom,Harvey Weinstein,FALSE,Producer,,
2011,Outstanding British Film,,Senna,,United Kingdom,Asif Kapadia,FALSE,Director,,
2011,Outstanding British Film,,Senna,,United Kingdom,Tim Bevan,FALSE,Producer,,
2011,Outstanding British Film,,Senna,,United Kingdom,Eric Fellner,FALSE,Producer,,
2011,Outstanding British Film,,Senna,,United Kingdom,James Gay-Rees,FALSE,Producer,,
2011,Outstanding British Film,,Senna,,United Kingdom,Asif Kapadia,FALSE,Producer,,
2011,Outstanding British Film,,Senna,,United Kingdom,Manish Pandey,FALSE,Producer,,
2011,Outstanding British Film,,Shame,,United Kingdom,Steve McQueen,FALSE,Director,,
2011,Outstanding British Film,,Shame,,United Kingdom,Emile Sherman,FALSE,Producer,,
2011,Outstanding British Film,,Shame,,United Kingdom,Abi Morgan,FALSE,Producer,,
2011,Outstanding British Film,,Shame,,United Kingdom,Steve McQueen,FALSE,Producer,,
2011,Outstanding British Film,,Shame,,United Kingdom,Iain Canning,FALSE,Producer,,
2011,Outstanding British Film,,We Need to Talk About Kevin,,United Kingdom,Lynne Ramsay,FALSE,Director,,
2011,Outstanding British Film,,We Need to Talk About Kevin,,United Kingdom,Jennifer Fox,FALSE,Producer,,
2011,Outstanding British Film,,We Need to Talk About Kevin,,United Kingdom,Rory Stewart Kinnear,FALSE,Producer,,
2011,Outstanding British Film,,We Need to Talk About Kevin,,United Kingdom,Lynne Ramsay,FALSE,Producer,,
2011,Outstanding British Film,,We Need to Talk About Kevin,,United Kingdom,Luc Roeg,FALSE,Producer,,
2011,Outstanding British Film,,We Need to Talk About Kevin,,United Kingdom,Robert Salerno,FALSE,Producer,,
2011,Best Film Not in the English Language,Foreign Film,The Skin I Live In,La piel que habito,Spain,Pedro Almodóvar,TRUE,Director,,
2011,Best Film Not in the English Language,Foreign Film,The Skin I Live In,La piel que habito,Spain,Agustín Almodóvar,TRUE,Producer,,
2011,Best Film Not in the English Language,Foreign Film,The Skin I Live In,La piel que habito,Spain,Esther García,TRUE,Producer,,
2011,Best Film Not in the English Language,Foreign Film,Incendies,,Canada,Denis Villeneuve,FALSE,Director,,
2011,Best Film Not in the English Language,Foreign Film,Incendies,,Canada,Luc Déry,FALSE,Producer,,
2011,Best Film Not in the English Language,Foreign Film,Incendies,,Canada,Kim McCraw,FALSE,Producer,,
2011,Best Film Not in the English Language,Foreign Film,Pina,,Germany,Wim Wenders,FALSE,Director,,
2011,Best Film Not in the English Language,Foreign Film,Pina,,Germany,Wim Wenders,FALSE,Producer,,
2011,Best Film Not in the English Language,Foreign Film,Pina,,Germany,Gian-Piero Ringel,FALSE,Producer,,
2011,Best Film Not in the English Language,Foreign Film,Potiche,,France,François Ozon,FALSE,Director,,
2011,Best Film Not in the English Language,Foreign Film,Potiche,,France,Eric Altmeyer,FALSE,Producer,,
2011,Best Film Not in the English Language,Foreign Film,Potiche,,France,Nicolas Altmeyer,FALSE,Producer,,
2011,Best Film Not in the English Language,Foreign Film,A Separation,"جدایی نادر از سیمین, Jodaí-e Nadér az Simín",Iran,Asghar Farhadi,FALSE,Director,,
2011,Best Film Not in the English Language,Foreign Film,A Separation,"جدایی نادر از سیمین, Jodaí-e Nadér az Simín",Iran,Asghar Farhadi,FALSE,Producer,,
2011,Best Animated Film,Animated Feature-Length Film,Rango,,United States,Gore Verbinski,TRUE,Director,,
2011,Best Animated Film,Animated Feature-Length Film,Rango,,United States,John B. Carls,TRUE,Producer,,
2011,Best Animated Film,Animated Feature-Length Film,Rango,,United States,Graham King,TRUE,Producer,,
2011,Best Animated Film,Animated Feature-Length Film,Rango,,United States,Gore Verbinski,TRUE,Producer,,
2011,Best Animated Film,Animated Feature-Length Film,The Adventures of Tintin,,"United States, New Zealand",Steven Spielberg,FALSE,Director,,
2011,Best Animated Film,Animated Feature-Length Film,The Adventures of Tintin,,"United States, New Zealand",Peter Jackson,FALSE,Producer,,
2011,Best Animated Film,Animated Feature-Length Film,The Adventures of Tintin,,"United States, New Zealand",Kathleen Kennedy,FALSE,Producer,,
2011,Best Animated Film,Animated Feature-Length Film,The Adventures of Tintin,,"United States, New Zealand",Steven Spielberg,FALSE,Producer,,
2011,Best Animated Film,Animated Feature-Length Film,Arthur Christmas,,"United Kingdom, United States",Sarah Smith,FALSE,Director,,
2011,Best Animated Film,Animated Feature-Length Film,Arthur Christmas,,"United Kingdom, United States",Steve Pegram,FALSE,Producer,,
2011,Best Animated Film,Animated Feature-Length Film,Arthur Christmas,,"United Kingdom, United States",Chris Juen,FALSE,Producer,,
2011,Best Documentary,Documentary Film,Senna,,,Tim Bevan,TRUE,,,
2011,Best Documentary,Documentary Film,Senna,,,Eric Fellner,TRUE,,,
2011,Best Documentary,Documentary Film,Senna,,,James Gay-Rees,TRUE,,,
2011,Best Documentary,Documentary Film,Senna,,,Asif Kapadia,TRUE,,,
2011,Best Documentary,Documentary Film,Senna,,,Manish Pandey,TRUE,,,
2011,Best Documentary,Documentary Film,George Harrison: Living in the Material World,,,Olivia Harrison,FALSE,,,
2011,Best Documentary,Documentary Film,George Harrison: Living in the Material World,,,Martin Scorsese,FALSE,,,
2011,Best Documentary,Documentary Film,George Harrison: Living in the Material World,,,Nigel Sinclair,FALSE,,,
2011,Best Documentary,Documentary Film,Project Nim,,,Simon Chinn,FALSE,,,
2011,Best Documentary,Documentary Film,Project Nim,,,James Marsh,FALSE,,,
2011,Best Short Film,Live-Action Short Film,Pitch Black Heist,,,John Maclean,TRUE,,,
2011,Best Short Film,Live-Action Short Film,Pitch Black Heist,,,Gerardine O'Flynn,TRUE,,,
2011,Best Short Film,Live-Action Short Film,Chalk,,,Martina Amati,FALSE,,,
2011,Best Short Film,Live-Action Short Film,Chalk,,,Gavin Emerson,FALSE,,,
2011,Best Short Film,Live-Action Short Film,Chalk,,,Ilaria Bernardini,FALSE,,,
2011,Best Short Film,Live-Action Short Film,Mwansa The Great,,,Rungano Nyoni,FALSE,,,
2011,Best Short Film,Live-Action Short Film,Mwansa The Great,,,Gabriel Gauchet,FALSE,,,
2011,Best Short Film,Live-Action Short Film,Only Sound Remains,,,Arash Ashtiani,FALSE,,,
2011,Best Short Film,Live-Action Short Film,Two & Two,,,Babak Anvari,FALSE,,,
2011,Best Short Film,Live-Action Short Film,Two & Two,,,Kit Fraser,FALSE,,,
2011,Best Short Film,Live-Action Short Film,Two & Two,,,Gavin Cullen,FALSE,,,
2011,Best Short Animation,Animated Short Film,A Morning Stroll,,,Grant Orchard,TRUE,,,
2011,Best Short Animation,Animated Short Film,A Morning Stroll,,,Sue Goffe,TRUE,,,
2011,Best Short Animation,Animated Short Film,Abuelas,,,Afarin Eghbal,FALSE,,,
2011,Best Short Animation,Animated Short Film,Abuelas,,,Francesca Gardiner,FALSE,,,
2011,Best Short Animation,Animated Short Film,Abuelas,,,Kasia Malipan,FALSE,,,
2011,Best Short Animation,Animated Short Film,Bobby Yeah,,,Robert Morgan,FALSE,,,
2011,"Outstanding Début by a British Writer, Director, or Producer",,Tyrannosaur,,,Paddy Considine,TRUE,director,,
2011,"Outstanding Début by a British Writer, Director, or Producer",,Tyrannosaur,,,Diarmid Scrimshaw,TRUE,producer,,
2011,"Outstanding Début by a British Writer, Director, or Producer",,Attack the Block,,,Joe Cornish,FALSE,director,,
2011,"Outstanding Début by a British Writer, Director, or Producer",,Black Pond,,,Tom Kingsley,FALSE,director,,
2011,"Outstanding Début by a British Writer, Director, or Producer",,Black Pond,,,Will Sharpe,FALSE,director,,
2011,"Outstanding Début by a British Writer, Director, or Producer",,Black Pond,,,Sarah Brocklehurst,FALSE,producer,,
2011,"Outstanding Début by a British Writer, Director, or Producer",,Coriolanus,,,Ralph Fiennes,FALSE,director,,
2011,"Outstanding Début by a British Writer, Director, or Producer",,Submarine,,,Richard Ayoade,FALSE,director,,
2011,Best Direction,Director,The Artist,,,Michel Hazanavicius,TRUE,,,
2011,Best Direction,Director,Tinker Tailor Soldier Spy,,,Tomas Alfredson,FALSE,,,
2011,Best Direction,Director,We Need to Talk About Kevin,,,Lynne Ramsay,FALSE,,,
2011,Best Direction,Director,Drive,,,Nicolas Winding Refn,FALSE,,,
2011,Best Direction,Director,Hugo,,,Martin Scorsese,FALSE,,,
2011,Best Adapted Screenplay,Screenplay (Adapted),Tinker Tailor Soldier Spy,,,Bridget O'Connor,TRUE,,Tinker Tailor Soldier Spy by John le Carré,
2011,Best Adapted Screenplay,Screenplay (Adapted),Tinker Tailor Soldier Spy,,,Peter Straughan,TRUE,,Tinker Tailor Soldier Spy by John le Carré,
2011,Best Adapted Screenplay,Screenplay (Adapted),The Descendants,,,Alexander Payne,FALSE,,The Descendants by Kaui Hart Hemmings,
2011,Best Adapted Screenplay,Screenplay (Adapted),The Descendants,,,Nat Faxon,FALSE,,The Descendants by Kaui Hart Hemmings,
2011,Best Adapted Screenplay,Screenplay (Adapted),The Descendants,,,Jim Rash,FALSE,,The Descendants by Kaui Hart Hemmings,
2011,Best Adapted Screenplay,Screenplay (Adapted),The Help,,,Tate Taylor,FALSE,,The Help by Kathryn Stockett,
2011,Best Adapted Screenplay,Screenplay (Adapted),The Ides of March,,,George Clooney,FALSE,,Farragut North by Beau Willimon,
2011,Best Adapted Screenplay,Screenplay (Adapted),The Ides of March,,,Beau Willimon,FALSE,,Farragut North by Beau Willimon,
2011,Best Adapted Screenplay,Screenplay (Adapted),The Ides of March,,,Grant Heslov,FALSE,,Farragut North by Beau Willimon,
2011,Best Adapted Screenplay,Screenplay (Adapted),Moneyball,,,Steven Zaillian,FALSE,,Moneyball by Michael Lewis,
2011,Best Adapted Screenplay,Screenplay (Adapted),Moneyball,,,Aaron Sorkin,FALSE,,Moneyball by Michael Lewis,
2011,Best Original Screenplay,Screenplay (Original),The Artist,,,Michel Hazanavicius,TRUE,,,
2011,Best Original Screenplay,Screenplay (Original),Bridesmaids,,,Kristen Wiig,FALSE,,,
2011,Best Original Screenplay,Screenplay (Original),Bridesmaids,,,Annie Mumolo,FALSE,,,
2011,Best Original Screenplay,Screenplay (Original),The Guard,,,John Michael McDonagh,FALSE,,,
2011,Best Original Screenplay,Screenplay (Original),Midnight in Paris,,,Woody Allen,FALSE,,,
2011,Best Original Screenplay,Screenplay (Original),The Iron Lady,,,Abi Morgan,FALSE,,,
2011,Best Actor in a Leading Role,Actor in a Leading Role,The Artist,,,Jean Dujardin,TRUE,,,George Valentin
2011,Best Actor in a Leading Role,Actor in a Leading Role,The Descendants,,,George Clooney,FALSE,,,"Matthew ""Matt"" King"
2011,Best Actor in a Leading Role,Actor in a Leading Role,Shame,,,Michael Fassbender,FALSE,,,Brandon Sullivan
2011,Best Actor in a Leading Role,Actor in a Leading Role,Tinker Tailor Soldier Spy,,,Gary Oldman,FALSE,,,George Smiley
2011,Best Actor in a Leading Role,Actor in a Leading Role,Moneyball,,,Brad Pitt,FALSE,,,Billy Beane
2011,Best Actress in a Leading Role,Actress in a Leading Role,The Iron Lady,,,Meryl Streep,TRUE,,,Margaret Thatcher
2011,Best Actress in a Leading Role,Actress in a Leading Role,The Artist,,,Bérénice Bejo,FALSE,,,Peppy Miller
2011,Best Actress in a Leading Role,Actress in a Leading Role,The Help,,,Viola Davis,FALSE,,,Aibleen Clark
2011,Best Actress in a Leading Role,Actress in a Leading Role,We Need to Talk About Kevin,,,Tilda Swinton,FALSE,,,Eva Khatchadourian
2011,Best Actress in a Leading Role,Actress in a Leading Role,My Week with Marilyn,,,Michelle Williams,FALSE,,,Marilyn Monroe
2011,Best Actor in a Supporting Role,Actor in a Supporting Role,Beginners,,,Christopher Plummer,TRUE,,,Hal Fields
2011,Best Actor in a Supporting Role,Actor in a Supporting Role,My Week with Marilyn,,,Kenneth Branagh,FALSE,,,Laurence Olivier
2011,Best Actor in a Supporting Role,Actor in a Supporting Role,The Iron Lady,,,Jim Broadbent,FALSE,,,Denis Thatcher
2011,Best Actor in a Supporting Role,Actor in a Supporting Role,Moneyball,,,Jonah Hill,FALSE,,,Peter Brand
2011,Best Actor in a Supporting Role,Actor in a Supporting Role,The Ides of March,,,Philip Seymour Hoffman,FALSE,,,Paul Zara
2011,Best Actress in a Supporting Role,Actress in a Supporting Role,The Help,,,Octavia Spencer,TRUE,,,Minny Jackson
2011,Best Actress in a Supporting Role,Actress in a Supporting Role,The Help,,,Jessica Chastain,FALSE,,,Celia Foote
2011,Best Actress in a Supporting Role,Actress in a Supporting Role,My Week with Marilyn,,,Judi Dench,FALSE,,,Sybil Thorndike
2011,Best Actress in a Supporting Role,Actress in a Supporting Role,Bridesmaids,,,Melissa McCarthy,FALSE,,,Megan Price
2011,Best Actress in a Supporting Role,Actress in a Supporting Role,Drive,,,Carey Mulligan,FALSE,,,Irene
2011,Best Cinematography,Cinematography,The Artist,,,Guillaume Schiffman,TRUE,,,
2011,Best Cinematography,Cinematography,The Girl with the Dragon Tattoo,,,Jeff Cronenweth,FALSE,,,
2011,Best Cinematography,Cinematography,War Horse,,,Janusz Kamiński,FALSE,,,
2011,Best Cinematography,Cinematography,Hugo,,,Robert Richardson,FALSE,,,
2011,Best Cinematography,Cinematography,Tinker Tailor Soldier Spy,,,Hoyte van Hoytema,FALSE,,,
2011,Best Editing,Film Editing,Senna,,,Chris King,TRUE,,,
2011,Best Editing,Film Editing,Senna,,,Gregers Sall,TRUE,,,
2011,Best Editing,Film Editing,The Artist,,,Anne-Sophie Bion,FALSE,,,
2011,Best Editing,Film Editing,The Artist,,,Michel Hazanavicius,FALSE,,,
2011,Best Editing,Film Editing,Drive,,,Mat Newman,FALSE,,,
2011,Best Editing,Film Editing,Hugo,,,Thelma Schoonmaker,FALSE,,,
2011,Best Editing,Film Editing,Tinker Tailor Soldier Spy,,,Dino Jonsäter,FALSE,,,
2011,Best Costume Design,Costuming,The Artist,,,Mark Bridges,TRUE,,,
2011,Best Costume Design,Costuming,Tinker Tailor Soldier Spy,,,Jacqueline Durran,FALSE,,,
2011,Best Costume Design,Costuming,Jane Eyre,,,Michael O'Connor,FALSE,,,
2011,Best Costume Design,Costuming,Hugo,,,Sandy Powell,FALSE,,,
2011,Best Costume Design,Costuming,My Week with Marilyn,,,Jill Taylor,FALSE,,,
2011,Best Production Design,Art Direction,Hugo,,,Dante Ferretti,TRUE,,,
2011,Best Production Design,Art Direction,Hugo,,,Francesca Lo Schiavo,TRUE,,,
2011,Best Production Design,Art Direction,The Artist,,,Laurence Bennett,FALSE,,,
2011,Best Production Design,Art Direction,The Artist,,,Robert Gould,FALSE,,,
2011,Best Production Design,Art Direction,Harry Potter and the Deathly Hallows – Part 2,,,Stuart Craig,FALSE,,,
2011,Best Production Design,Art Direction,Harry Potter and the Deathly Hallows – Part 2,,,Stephenie McMillan,FALSE,,,
2011,Best Production Design,Art Direction,Tinker Tailor Soldier Spy,,,Maria Djurkovic,FALSE,,,
2011,Best Production Design,Art Direction,Tinker Tailor Soldier Spy,,,Tatiana MacDonald,FALSE,,,
2011,Best Production Design,Art Direction,War Horse,,,Rick Carter,FALSE,,,
2011,Best Production Design,Art Direction,War Horse,,,Lee Sandales,FALSE,,,
2011,Best Make-up and Hair,Make-Up & Hairstyling,The Iron Lady,,,Marese Langan,TRUE,,,
2011,Best Make-up and Hair,Make-Up & Hairstyling,The Iron Lady,,,J. Roy Helland,TRUE,,,
2011,Best Make-up and Hair,Make-Up & Hairstyling,The Iron Lady,,,Mark Coulier,TRUE,,,
2011,Best Make-up and Hair,Make-Up & Hairstyling,The Artist,,,Cydney Cornell,FALSE,,,
2011,Best Make-up and Hair,Make-Up & Hairstyling,The Artist,,,Julie Hewett,FALSE,,,
2011,Best Make-up and Hair,Make-Up & Hairstyling,Harry Potter and the Deathly Hallows – Part 2,,,Nick Dudman,FALSE,,,
2011,Best Make-up and Hair,Make-Up & Hairstyling,Harry Potter and the Deathly Hallows – Part 2,,,Amanda Knight,FALSE,,,
2011,Best Make-up and Hair,Make-Up & Hairstyling,Harry Potter and the Deathly Hallows – Part 2,,,Lisa Tomblin,FALSE,,,
2011,Best Make-up and Hair,Make-Up & Hairstyling,Hugo,,,Jan Archibald,FALSE,,,
2011,Best Make-up and Hair,Make-Up & Hairstyling,Hugo,,,Morag Ross,FALSE,,,
2011,Best Make-up and Hair,Make-Up & Hairstyling,My Week with Marilyn,,,Jenny Shircore,FALSE,,,
2011,Best Original Music,Original Score,The Artist,,,Ludovic Bource,TRUE,,,
2011,Best Original Music,Original Score,The Girl with the Dragon Tattoo,,,Trent Reznor,FALSE,,,
2011,Best Original Music,Original Score,The Girl with the Dragon Tattoo,,,Atticus Ross,FALSE,,,
2011,Best Original Music,Original Score,Hugo,,,Howard Shore,FALSE,,,
2011,Best Original Music,Original Score,Tinker Tailor Soldier Spy,,,Alberto Iglesias,FALSE,,,
2011,Best Original Music,Original Score,War Horse,,,John Williams,FALSE,,,
2011,Best Sound,Sound Mixing,Hugo,,,Philip Stockton,TRUE,,,
2011,Best Sound,Sound Mixing,Hugo,,,Eugene Gearty,TRUE,,,
2011,Best Sound,Sound Mixing,Hugo,,,Tom Fleischman,TRUE,,,
2011,Best Sound,Sound Mixing,Hugo,,,John Midgley,TRUE,,,
2011,Best Sound,Sound Mixing,The Artist,,,Nadine Muse,FALSE,,,
2011,Best Sound,Sound Mixing,The Artist,,,Gérard Lamps,FALSE,,,
2011,Best Sound,Sound Mixing,The Artist,,,Michael Krikorian,FALSE,,,
2011,Best Sound,Sound Mixing,Harry Potter and the Deathly Hallows – Part 2,,,James Mather,FALSE,,,
2011,Best Sound,Sound Mixing,Harry Potter and the Deathly Hallows – Part 2,,,Stuart Wilson,FALSE,,,
2011,Best Sound,Sound Mixing,Harry Potter and the Deathly Hallows – Part 2,,,Stuart Hilliker,FALSE,,,
2011,Best Sound,Sound Mixing,Harry Potter and the Deathly Hallows – Part 2,,,Mike Dowson,FALSE,,,
2011,Best Sound,Sound Mixing,Harry Potter and the Deathly Hallows – Part 2,,,Adam Scrivener,FALSE,,,
2011,Best Sound,Sound Mixing,Tinker Tailor Soldier Spy,,,John Casali,FALSE,,,
2011,Best Sound,Sound Mixing,Tinker Tailor Soldier Spy,,,Howard Bargroff,FALSE,,,
2011,Best Sound,Sound Mixing,Tinker Tailor Soldier Spy,,,Doug Cooper,FALSE,,,
2011,Best Sound,Sound Mixing,Tinker Tailor Soldier Spy,,,Stephen Griffiths,FALSE,,,
2011,Best Sound,Sound Mixing,Tinker Tailor Soldier Spy,,,Andy Shelley,FALSE,,,
2011,Best Sound,Sound Mixing,War Horse,,,Stuart Wilson,FALSE,,,
2011,Best Sound,Sound Mixing,War Horse,,,Gary Rydstrom,FALSE,,,
2011,Best Sound,Sound Mixing,War Horse,,,Andy Nelson,FALSE,,,
2011,Best Sound,Sound Mixing,War Horse,,,Tom Johnson,FALSE,,,
2011,Best Sound,Sound Mixing,War Horse,,,Richard Hymns,FALSE,,,
2011,Best Special Visual Effects,Effects,Harry Potter and the Deathly Hallows – Part 2,,,Tim Burke,TRUE,,,
2011,Best Special Visual Effects,Effects,Harry Potter and the Deathly Hallows – Part 2,,,John Richardson,TRUE,,,
2011,Best Special Visual Effects,Effects,Harry Potter and the Deathly Hallows – Part 2,,,Greg Butler,TRUE,,,
2011,Best Special Visual Effects,Effects,Harry Potter and the Deathly Hallows – Part 2,,,David Vickery,TRUE,,,
2011,Best Special Visual Effects,Effects,The Adventures of Tintin: The Secret of the Unicorn,,,Joe Letteri,FALSE,,,
2011,Best Special Visual Effects,Effects,The Adventures of Tintin: The Secret of the Unicorn,,,Keith Miller,FALSE,,,
2011,Best Special Visual Effects,Effects,The Adventures of Tintin: The Secret of the Unicorn,,,Wayne Stables,FALSE,,,
2011,Best Special Visual Effects,Effects,The Adventures of Tintin: The Secret of the Unicorn,,,Jamie Beard,FALSE,,,
2011,Best Special Visual Effects,Effects,Hugo,,,Robert Legato,FALSE,,,
2011,Best Special Visual Effects,Effects,Hugo,,,Ben Grossmann,FALSE,,,
2011,Best Special Visual Effects,Effects,Hugo,,,Joss Williams,FALSE,,,
2011,Best Special Visual Effects,Effects,Rise of the Planet of the Apes,,,Joe Letteri,FALSE,,,
2011,Best Special Visual Effects,Effects,Rise of the Planet of the Apes,,,Dan Lemmon,FALSE,,,
2011,Best Special Visual Effects,Effects,Rise of the Planet of the Apes,,,R. Christopher White,FALSE,,,
2011,Best Special Visual Effects,Effects,War Horse,,,Ben Morris,FALSE,,,
2011,Best Special Visual Effects,Effects,War Horse,,,Neil Corbould,FALSE,,,
2011,Rising Star Award,,,,,Adam Deacon,TRUE,,,
2011,Rising Star Award,,,,,Chris Hemsworth,FALSE,,,
2011,Rising Star Award,,,,,Tom Hiddleston,FALSE,,,
2011,Rising Star Award,,,,,Chris O'Dowd,FALSE,,,
2011,Rising Star Award,,,,,Eddie Redmayne,FALSE,,,
2010,Best Film,Live-Action Feature-Length Film,The King's Speech,,"United Kingdom
Australia",Tom Hooper,TRUE,Director,,
2010,Best Film,Live-Action Feature-Length Film,The King's Speech,,"United Kingdom
Australia",Iain Canning,TRUE,Producer,,
2010,Best Film,Live-Action Feature-Length Film,The King's Speech,,"United Kingdom
Australia",Emile Sherman,TRUE,Producer,,
2010,Best Film,Live-Action Feature-Length Film,The King's Speech,,"United Kingdom
Australia",Gareth Unwin,TRUE,Producer,,
2010,Best Film,Live-Action Feature-Length Film,Black Swan,,United States,Darren Aronofsky,FALSE,Director,,
2010,Best Film,Live-Action Feature-Length Film,Black Swan,,United States,Darren Aronofsky,FALSE,Producer,,
2010,Best Film,Live-Action Feature-Length Film,Black Swan,,United States,Scott Franklin,FALSE,Producer,,
2010,Best Film,Live-Action Feature-Length Film,Black Swan,,United States,Mike Medavoy,FALSE,Producer,,
2010,Best Film,Live-Action Feature-Length Film,Black Swan,,United States,Arnold Messer,FALSE,Producer,,
2010,Best Film,Live-Action Feature-Length Film,Black Swan,,United States,Brian Oliver,FALSE,Producer,,
2010,Best Film,Live-Action Feature-Length Film,Inception,,United Kingdom,Christopher Nolan,FALSE,Director,,
2010,Best Film,Live-Action Feature-Length Film,Inception,,United Kingdom,Christopher Nolan,FALSE,Producer,,
2010,Best Film,Live-Action Feature-Length Film,Inception,,United Kingdom,Emma Thomas,FALSE,Producer,,
2010,Best Film,Live-Action Feature-Length Film,The Social Network,,United States,David Fincher,FALSE,Director,,
2010,Best Film,Live-Action Feature-Length Film,The Social Network,,United States,David Fincher,FALSE,Producer,,
2010,Best Film,Live-Action Feature-Length Film,The Social Network,,United States,Scott Rudin,FALSE,Producer,,
2010,Best Film,Live-Action Feature-Length Film,The Social Network,,United States,Dana Brunetti,FALSE,Producer,,
2010,Best Film,Live-Action Feature-Length Film,The Social Network,,United States,Michael De Luca,FALSE,Producer,,
2010,Best Film,Live-Action Feature-Length Film,The Social Network,,United States,Ceán Chaffin,FALSE,Producer,,
2010,Best Film,Live-Action Feature-Length Film,The Social Network,,United States,Kevin Spacey,FALSE,Producer,,
2010,Best Film,Live-Action Feature-Length Film,True Grit,,United States,Joel,FALSE,Director,,
2010,Best Film,Live-Action Feature-Length Film,True Grit,,United States,Ethan Coen,FALSE,Director,,
2010,Best Film,Live-Action Feature-Length Film,True Grit,,United States,Joel,FALSE,Producer,,
2010,Best Film,Live-Action Feature-Length Film,True Grit,,United States,Ethan Coen,FALSE,Producer,,
2010,Best Film,Live-Action Feature-Length Film,True Grit,,United States,Scott Rudin,FALSE,Producer,,
2010,Outstanding British Film,,The King's Speech,,United Kingdom,Tom Hooper,TRUE,Director,,
2010,Outstanding British Film,,The King's Speech,,United Kingdom,Tom Hooper,TRUE,Producer,,
2010,Outstanding British Film,,The King's Speech,,United Kingdom,Iain Canning,TRUE,Producer,,
2010,Outstanding British Film,,The King's Speech,,United Kingdom,Emile Sherman,TRUE,Producer,,
2010,Outstanding British Film,,The King's Speech,,United Kingdom,Gareth Unwin,TRUE,Producer,,
2010,Outstanding British Film,,127 Hours,,United Kingdom,Danny Boyle,FALSE,Director,,
2010,Outstanding British Film,,127 Hours,,United Kingdom,Danny Boyle,FALSE,Producer,,
2010,Outstanding British Film,,127 Hours,,United Kingdom,Christian Colson,FALSE,Producer,,
2010,Outstanding British Film,,127 Hours,,United Kingdom,John Smithson,FALSE,Producer,,
2010,Outstanding British Film,,Another Year,,United Kingdom,Mike Leigh,FALSE,Director,,
2010,Outstanding British Film,,Another Year,,United Kingdom,Mike Leigh,FALSE,Producer,,
2010,Outstanding British Film,,Another Year,,United Kingdom,Georgina Lowe,FALSE,Producer,,
2010,Outstanding British Film,,Four Lions,,United Kingdom,Chris Morris,FALSE,Director,,
2010,Outstanding British Film,,Four Lions,,United Kingdom,Chris Morris,FALSE,Producer,,
2010,Outstanding British Film,,Four Lions,,United Kingdom,Mark Herbert,FALSE,Producer,,
2010,Outstanding British Film,,Four Lions,,United Kingdom,Derrin Schlesinger,FALSE,Producer,,
2010,Outstanding British Film,,Made in Dagenham,,United Kingdom,Nigel Cole,FALSE,Director,,
2010,Outstanding British Film,,Made in Dagenham,,United Kingdom,Nigel Cole,FALSE,Producer,,
2010,Outstanding British Film,,Made in Dagenham,,United Kingdom,Stephen Woolley,FALSE,Producer,,
2010,Outstanding British Film,,Made in Dagenham,,United Kingdom,Elizabeth Karlsen,FALSE,Producer,,
2010,Best Film Not in the English Language,Foreign Film,The Girl with the Dragon Tattoo,Män som hatar kvinnor,Sweden,Niels Arden Oplev,TRUE,Director,,
2010,Best Film Not in the English Language,Foreign Film,The Girl with the Dragon Tattoo,Män som hatar kvinnor,Sweden,Søren Stærmose,TRUE,Producer,,
2010,Best Film Not in the English Language,Foreign Film,I Am Love,Io sono l'amore,Italy,Luca Guadagnino,FALSE,Director,,
2010,Best Film Not in the English Language,Foreign Film,I Am Love,Io sono l'amore,Italy,Luca Guadagnino,FALSE,Producer,,
2010,Best Film Not in the English Language,Foreign Film,I Am Love,Io sono l'amore,Italy,Tilda Swinton,FALSE,Producer,,
2010,Best Film Not in the English Language,Foreign Film,I Am Love,Io sono l'amore,Italy,Francesco Melzi d'Eril,FALSE,Producer,,
2010,Best Film Not in the English Language,Foreign Film,I Am Love,Io sono l'amore,Italy,Marco Morabito,FALSE,Producer,,
2010,Best Film Not in the English Language,Foreign Film,I Am Love,Io sono l'amore,Italy,Alessandro Usai,FALSE,Producer,,
2010,Best Film Not in the English Language,Foreign Film,I Am Love,Io sono l'amore,Italy,Massimiliano Violante,FALSE,Producer,,
2010,Best Film Not in the English Language,Foreign Film,Biutiful,,"Mexico
 Spain",Alejandro González Iñárritu,FALSE,Director,,
2010,Best Film Not in the English Language,Foreign Film,Biutiful,,"Mexico
 Spain",Alejandro González Iñárritu,FALSE,Producer,,
2010,Best Film Not in the English Language,Foreign Film,Biutiful,,"Mexico
 Spain",Jon Kilik,FALSE,Producer,,
2010,Best Film Not in the English Language,Foreign Film,Biutiful,,"Mexico
 Spain",Fernando Bovaira,FALSE,Producer,,
2010,Best Film Not in the English Language,Foreign Film,Biutiful,,"Mexico
 Spain",Ann Ruark,FALSE,Producer,,
2010,Best Film Not in the English Language,Foreign Film,Biutiful,,"Mexico
 Spain",Sandra Hermida,FALSE,Producer,,
2010,Best Film Not in the English Language,Foreign Film,Of Gods and Men,Des hommes et des dieux),France,Xavier Beauvois,FALSE,Director,,
2010,Best Film Not in the English Language,Foreign Film,Of Gods and Men,Des hommes et des dieux),France,Pascal Caucheteux,FALSE,Producer,,
2010,Best Film Not in the English Language,Foreign Film,Of Gods and Men,Des hommes et des dieux),France,Étienne Comar,FALSE,Producer,,
2010,Best Film Not in the English Language,Foreign Film,Of Gods and Men,Des hommes et des dieux),France,Grégoire Sorlat,FALSE,Producer,,
2010,Best Film Not in the English Language,Foreign Film,The Secret in Their Eyes,El secreto de sus ojos,Argentina,Juan José Campanella,FALSE,Director,,
2010,Best Film Not in the English Language,Foreign Film,The Secret in Their Eyes,El secreto de sus ojos,Argentina,Juan José Campanella,FALSE,Producer,,
2010,Best Film Not in the English Language,Foreign Film,The Secret in Their Eyes,El secreto de sus ojos,Argentina,Mariela Besuievski,FALSE,Producer,,
2010,Best Animated Film,Animated Feature-Length Film,Toy Story 3,,United States,Lee Unkrich,TRUE,Director,,
2010,Best Animated Film,Animated Feature-Length Film,Toy Story 3,,United States,Darla K. Anderson,TRUE,Producer,,
2010,Best Animated Film,Animated Feature-Length Film,Toy Story 3,,United States,John Lasseter,TRUE,Producer,,
2010,Best Animated Film,Animated Feature-Length Film,Toy Story 3,,United States,Nicole Paradis Grindle,TRUE,Producer,,
2010,Best Animated Film,Animated Feature-Length Film,Despicable Me,,United States,Pierre Coffin,FALSE,Director,,
2010,Best Animated Film,Animated Feature-Length Film,Despicable Me,,United States,Chris Renaud,FALSE,Director,,
2010,Best Animated Film,Animated Feature-Length Film,Despicable Me,,United States,John Cohen,FALSE,Producer,,
2010,Best Animated Film,Animated Feature-Length Film,Despicable Me,,United States,Janet Healy,FALSE,Producer,,
2010,Best Animated Film,Animated Feature-Length Film,Despicable Me,,United States,Chris Meledandri,FALSE,Producer,,
2010,Best Animated Film,Animated Feature-Length Film,How to Train Your Dragon,,United States,Chris Sanders,FALSE,Director,,
2010,Best Animated Film,Animated Feature-Length Film,How to Train Your Dragon,,United States,Dean DeBlois,FALSE,Director,,
2010,Best Animated Film,Animated Feature-Length Film,How to Train Your Dragon,,United States,Bonnie Arnold,FALSE,Producer,,
2010,Best Animated Film,Animated Feature-Length Film,How to Train Your Dragon,,United States,Doug Davison,FALSE,Producer,,
2010,Best Animated Film,Animated Feature-Length Film,How to Train Your Dragon,,United States,Roy Lee,FALSE,Producer,,
2010,Best Animated Film,Animated Feature-Length Film,How to Train Your Dragon,,United States,Michael Connolly,FALSE,Producer,,
2010,Best Animated Film,Animated Feature-Length Film,How to Train Your Dragon,,United States,Tim Johnson,FALSE,Producer,,
2010,Best Short Film,Live-Action Short Film,Until the River Runs Red,,,Poss Kondeatis,TRUE,,,
2010,Best Short Film,Live-Action Short Film,Until the River Runs Red,,,Paul Wright,TRUE,,,
2010,Best Short Film,Live-Action Short Film,Lin,,,Piers Thompson,FALSE,,,
2010,Best Short Film,Live-Action Short Film,Lin,,,Simon Hessel,FALSE,,,
2010,Best Short Film,Live-Action Short Film,Lin,,,Mila Kirova,FALSE,,,
2010,Best Short Film,Live-Action Short Film,Connect,,,Beau Gordon,FALSE,,,
2010,Best Short Film,Live-Action Short Film,Connect,,,Samuel Abrahams,FALSE,,,
2010,Best Short Film,Live-Action Short Film,Rite,,,Michael Pearce,FALSE,,,
2010,Best Short Film,Live-Action Short Film,Rite,,,Ross McKenzie,FALSE,,,
2010,Best Short Film,Live-Action Short Film,Rite,,,Paul Welsh,FALSE,,,
2010,Best Short Film,Live-Action Short Film,Turning,,,Kat Armour-Brown,FALSE,,,
2010,Best Short Film,Live-Action Short Film,Turning,,,Alison Sterling,FALSE,,,
2010,Best Short Film,Live-Action Short Film,Turning,,,Karni Arieli,FALSE,,,
2010,Best Short Film,Live-Action Short Film,Turning,,,Saul Freed,FALSE,,,
2010,Best Short Animation,Animated Short Film,The Eagleman Stag,,,Michael Please,TRUE,,,
2010,Best Short Animation,Animated Short Film,Matter Fisher,,,David Prosser,FALSE,,,
2010,Best Short Animation,Animated Short Film,Thursday,,,Matthias Hoegg,FALSE,,,
2010,"Outstanding Début by a British Writer, Director, or Producer",,Four Lions,,,Chris Morris,TRUE,writer,,
2010,"Outstanding Début by a British Writer, Director, or Producer",,Four Lions,,,Chris Morris,TRUE,director,,
2010,"Outstanding Début by a British Writer, Director, or Producer",,The Arbor,,,Clio Barnard,FALSE,director,,
2010,"Outstanding Début by a British Writer, Director, or Producer",,The Arbor,,,Tracy O'Riordan,FALSE,producer,,
2010,"Outstanding Début by a British Writer, Director, or Producer",,Exit Through the Gift Shop,,,Banksy,FALSE,director,,
2010,"Outstanding Début by a British Writer, Director, or Producer",,Exit Through the Gift Shop,,,Jaimie D'Cruz,FALSE,producer,,
2010,"Outstanding Début by a British Writer, Director, or Producer",,Monsters,,,Gareth Edwards,FALSE,writer,,
2010,"Outstanding Début by a British Writer, Director, or Producer",,Monsters,,,Gareth Edwards,FALSE,director,,
2010,"Outstanding Début by a British Writer, Director, or Producer",,Skeletons,,,Nick Whitfield,FALSE,writer,,
2010,"Outstanding Début by a British Writer, Director, or Producer",,Skeletons,,,Nick Whitfield,FALSE,director,,
2010,Best Direction,Director,The Social Network,,,David Fincher,TRUE,,,
2010,Best Direction,Director,Black Swan,,,Darren Aronofsky,FALSE,,,
2010,Best Direction,Director,127 Hours,,,Danny Boyle,FALSE,,,
2010,Best Direction,Director,The King's Speech,,,Tom Hooper,FALSE,,,
2010,Best Direction,Director,Inception,,,Christopher Nolan,FALSE,,,
2010,Best Adapted Screenplay,Screenplay (Adapted),The Social Network,,,Aaron Sorkin,TRUE,,The Accidental Billionaires by Ben Mezrich,
2010,Best Adapted Screenplay,Screenplay (Adapted),127 Hours,,,Danny Boyle,FALSE,,Between a Rock and a Hard Place by Aron Ralston,
2010,Best Adapted Screenplay,Screenplay (Adapted),127 Hours,,,Simon Beaufoy,FALSE,,Between a Rock and a Hard Place by Aron Ralston,
2010,Best Adapted Screenplay,Screenplay (Adapted),The Girl with the Dragon Tattoo,,,Rasmus Heisterberg,FALSE,,The Girl with the Dragon Tattoo by Stieg Larsson,
2010,Best Adapted Screenplay,Screenplay (Adapted),The Girl with the Dragon Tattoo,,,Nikolaj Arcel,FALSE,,The Girl with the Dragon Tattoo by Stieg Larsson,
2010,Best Adapted Screenplay,Screenplay (Adapted),Toy Story 3,,,Michael Arndt,FALSE,,"Characters from the film Toy Story created by John Lasseter, Pete Docter, Andrew Stanton, Joe Ranft, Joss Whedon, Joel Cohen, and Alec Sokolow
Characters from the film Toy Story 2 created by John Lasseter, Pete Docter, Ash Brannon, Andrew Stanton, Rita Hsiao, Doug Chamberlin, and Chris Webb",
2010,Best Adapted Screenplay,Screenplay (Adapted),True Grit,,,Joel Coen,FALSE,,True Grit by Charles Portis,
2010,Best Adapted Screenplay,Screenplay (Adapted),True Grit,,,Ethan Coen,FALSE,,True Grit by Charles Portis,
2010,Best Original Screenplay,Screenplay (Original),The King's Speech,,,David Seidler,TRUE,,,
2010,Best Original Screenplay,Screenplay (Original),Black Swan,,,Mark Heyman,FALSE,,,
2010,Best Original Screenplay,Screenplay (Original),Black Swan,,,Andres Heinz,FALSE,,,
2010,Best Original Screenplay,Screenplay (Original),Black Swan,,,John McLaughlin,FALSE,,,
2010,Best Original Screenplay,Screenplay (Original),The Fighter,,,Scott Silver,FALSE,,,
2010,Best Original Screenplay,Screenplay (Original),The Fighter,,,Paul Tamasy,FALSE,,,
2010,Best Original Screenplay,Screenplay (Original),The Fighter,,,Eric Johnson,FALSE,,,
2010,Best Original Screenplay,Screenplay (Original),Inception,,,Christopher Nolan,FALSE,,,
2010,Best Original Screenplay,Screenplay (Original),The Kids Are All Right,,,Lisa Cholodenko,FALSE,,,
2010,Best Original Screenplay,Screenplay (Original),The Kids Are All Right,,,Stuart Blumberg,FALSE,,,
2010,Best Actor in a Leading Role,Actor in a Leading Role,The King's Speech,,,Colin Firth,TRUE,,,King George VI
2010,Best Actor in a Leading Role,Actor in a Leading Role,Biutiful,,,Javier Bardem,FALSE,,,Uxbal
2010,Best Actor in a Leading Role,Actor in a Leading Role,True Grit,,,Jeff Bridges,FALSE,,,"Reuben ""Rooster"" Cogburn"
2010,Best Actor in a Leading Role,Actor in a Leading Role,The Social Network,,,Jesse Eisenberg,FALSE,,,Mark Zuckerberg
2010,Best Actor in a Leading Role,Actor in a Leading Role,127 Hours,,,James Franco,FALSE,,,Aron Ralston
2010,Best Actress in a Leading Role,Actress in a Leading Role,Black Swan,,,Natalie Portman,TRUE,,,Nina Sayers
2010,Best Actress in a Leading Role,Actress in a Leading Role,The Kids Are All Right,,,Annette Bening,FALSE,,,"Dr. Nicole ""Nic"" Allgood"
2010,Best Actress in a Leading Role,Actress in a Leading Role,,,,Julianne Moore,FALSE,,,Jules Allgood
2010,Best Actress in a Leading Role,Actress in a Leading Role,The Girl with the Dragon Tattoo,,,Noomi Rapace,FALSE,,,Lisbeth Salander
2010,Best Actress in a Leading Role,Actress in a Leading Role,True Grit,,,Hailee Steinfeld,FALSE,,,Mattie Ross
2010,Best Actor in a Supporting Role,Actor in a Supporting Role,The King's Speech,,,Geoffrey Rush,TRUE,,,Lionel Logue
2010,Best Actor in a Supporting Role,Actor in a Supporting Role,The Fighter,,,Christian Bale,FALSE,,,Dicky Eklund
2010,Best Actor in a Supporting Role,Actor in a Supporting Role,The Social Network,,,Andrew Garfield,FALSE,,,Eduardo Saverin
2010,Best Actor in a Supporting Role,Actor in a Supporting Role,The Town,,,Pete Postlethwaite,FALSE,,,"Fergus ""Fergie"" Colm"
2010,Best Actor in a Supporting Role,Actor in a Supporting Role,The Kids Are All Right,,,Mark Ruffalo,FALSE,,,Paul Hatfield
2010,Best Actress in a Supporting Role,Actress in a Supporting Role,The King's Speech,,,Helena Bonham Carter,TRUE,,,Queen Elizabeth
2010,Best Actress in a Supporting Role,Actress in a Supporting Role,The Fighter,,,Amy Adams,FALSE,,,Charlene Fleming
2010,Best Actress in a Supporting Role,Actress in a Supporting Role,Black Swan,,,Barbara Hershey,FALSE,,,Erica Sayers
2010,Best Actress in a Supporting Role,Actress in a Supporting Role,Another Year,,,Lesley Manville,FALSE,,,Mary Smith
2010,Best Actress in a Supporting Role,Actress in a Supporting Role,Made in Dagenham,,,Miranda Richardson,FALSE,,,Barbara Castle
2010,Best Cinematography,Cinematography,True Grit,,,Roger Deakins,TRUE,,,
2010,Best Cinematography,Cinematography,127 Hours,,,Enrique Chediak,FALSE,,,
2010,Best Cinematography,Cinematography,127 Hours,,,Anthony Dod Mantle,FALSE,,,
2010,Best Cinematography,Cinematography,The King's Speech,,,Danny Cohen,FALSE,,,
2010,Best Cinematography,Cinematography,Black Swan,,,Matthew Libatique,FALSE,,,
2010,Best Cinematography,Cinematography,Inception,,,Wally Pfister,FALSE,,,
2010,Best Editing,Film Editing,The Social Network,,,Kirk Baxter,TRUE,,,
2010,Best Editing,Film Editing,The Social Network,,,Angus Wall,TRUE,,,
2010,Best Editing,Film Editing,127 Hours,,,Jon Harris,FALSE,,,
2010,Best Editing,Film Editing,Black Swan,,,Andrew Weisblum,FALSE,,,
2010,Best Editing,Film Editing,Inception,,,Lee Smith,FALSE,,,
2010,Best Editing,Film Editing,The King's Speech,,,Tariq Anwar,FALSE,,,
2010,Best Costume Design,Costuming,Alice in Wonderland,,,Colleen Atwood,TRUE,,,
2010,Best Costume Design,Costuming,Black Swan,,,Amy Westcott,FALSE,,,
2010,Best Costume Design,Costuming,The King's Speech,,,Jenny Beavan,FALSE,,,
2010,Best Costume Design,Costuming,Made in Dagenham,,,Louise Stjernsward,FALSE,,,
2010,Best Costume Design,Costuming,True Grit,,,Mary Zophres,FALSE,,,
2010,Best Production Design,Art Direction,Inception,,,Guy Hendrix Dyas,TRUE,,,
2010,Best Production Design,Art Direction,Inception,,,Larry Dias,TRUE,,,
2010,Best Production Design,Art Direction,Inception,,,Doug Mowat,TRUE,,,
2010,Best Production Design,Art Direction,Alice in Wonderland,,,Robert Stromberg,FALSE,,,
2010,Best Production Design,Art Direction,Alice in Wonderland,,,Karen O'Hara,FALSE,,,
2010,Best Production Design,Art Direction,Black Swan,,,Thérèse DePrez,FALSE,,,
2010,Best Production Design,Art Direction,Black Swan,,,Tora Peterson,FALSE,,,
2010,Best Production Design,Art Direction,The King's Speech,,,Eve Stewart,FALSE,,,
2010,Best Production Design,Art Direction,The King's Speech,,,Judy Farr,FALSE,,,
2010,Best Production Design,Art Direction,True Grit,,,Jess Gonchor,FALSE,,,
2010,Best Production Design,Art Direction,True Grit,,,Nancy Haigh,FALSE,,,
2010,Best Make-up and Hair,Make-Up & Hairstyling,Alice in Wonderland,,,Valli O'Reilly,TRUE,,,
2010,Best Make-up and Hair,Make-Up & Hairstyling,Alice in Wonderland,,,Paul Gooch,TRUE,,,
2010,Best Make-up and Hair,Make-Up & Hairstyling,Black Swan,,,Judy Chin,FALSE,,,
2010,Best Make-up and Hair,Make-Up & Hairstyling,Black Swan,,,Geordie Sheffer,FALSE,,,
2010,Best Make-up and Hair,Make-Up & Hairstyling,Harry Potter and the Deathly Hallows – Part 1,,,Nick Dudman,FALSE,,,
2010,Best Make-up and Hair,Make-Up & Hairstyling,Harry Potter and the Deathly Hallows – Part 1,,,Amanda Knight,FALSE,,,
2010,Best Make-up and Hair,Make-Up & Hairstyling,Harry Potter and the Deathly Hallows – Part 1,,,Lisa Tomblin,FALSE,,,
2010,Best Make-up and Hair,Make-Up & Hairstyling,The King's Speech,,,Frances Hannon,FALSE,,,
2010,Best Make-up and Hair,Make-Up & Hairstyling,Made in Dagenham,,,Elizabeth Yianni-Georgiou,FALSE,,,
2010,Best Original Music,Original Score,The King's Speech,,,Alexandre Desplat,TRUE,,,
2010,Best Original Music,Original Score,127 Hours,,,A. R. Rahman,FALSE,,,
2010,Best Original Music,Original Score,Alice in Wonderland,,,Danny Elfman,FALSE,,,
2010,Best Original Music,Original Score,How to Train Your Dragon,,,John Powell,FALSE,,,
2010,Best Original Music,Original Score,Inception,,,Hans Zimmer,FALSE,,,
2010,Best Sound,Sound Mixing,Inception,,,Richard King,TRUE,,,
2010,Best Sound,Sound Mixing,Inception,,,Lora Hirschberg,TRUE,,,
2010,Best Sound,Sound Mixing,Inception,,,Gary Rizzo,TRUE,,,
2010,Best Sound,Sound Mixing,Inception,,,Ed Novick,TRUE,,,
2010,Best Sound,Sound Mixing,127 Hours,,,Glenn Freemantle,FALSE,,,
2010,Best Sound,Sound Mixing,127 Hours,,,Ian Tapp,FALSE,,,
2010,Best Sound,Sound Mixing,127 Hours,,,Richard Pryke,FALSE,,,
2010,Best Sound,Sound Mixing,127 Hours,,,Steven C. Laneri,FALSE,,,
2010,Best Sound,Sound Mixing,127 Hours,,,Douglas Cameron,FALSE,,,
2010,Best Sound,Sound Mixing,Black Swan,,,Ken Ishii,FALSE,,,
2010,Best Sound,Sound Mixing,Black Swan,,,Craig Henighan,FALSE,,,
2010,Best Sound,Sound Mixing,Black Swan,,,Dominick Tavella,FALSE,,,
2010,Best Sound,Sound Mixing,The King's Speech,,,John Midgley,FALSE,,,
2010,Best Sound,Sound Mixing,The King's Speech,,,Lee Walpole,FALSE,,,
2010,Best Sound,Sound Mixing,The King's Speech,,,Paul Hamblin,FALSE,,,
2010,Best Sound,Sound Mixing,True Grit,,,Skip Lievsay,FALSE,,,
2010,Best Sound,Sound Mixing,True Grit,,,Craig Berkey,FALSE,,,
2010,Best Sound,Sound Mixing,True Grit,,,Greg Orloff,FALSE,,,
2010,Best Sound,Sound Mixing,True Grit,,,Peter Kurland,FALSE,,,
2010,Best Sound,Sound Mixing,True Grit,,,Douglas Axtell,FALSE,,,
2010,Best Special Visual Effects,Effects,Inception,,,Chris Corbould,TRUE,,,
2010,Best Special Visual Effects,Effects,Inception,,,Paul Franklin,TRUE,,,
2010,Best Special Visual Effects,Effects,Inception,,,Andrew Lockley,TRUE,,,
2010,Best Special Visual Effects,Effects,Inception,,,Peter Bebb,TRUE,,,
2010,Best Special Visual Effects,Effects,Alice in Wonderland,,,Ken Ralston,FALSE,,,
2010,Best Special Visual Effects,Effects,Alice in Wonderland,,,David Schaub,FALSE,,,
2010,Best Special Visual Effects,Effects,Alice in Wonderland,,,Sean Philips,FALSE,,,
2010,Best Special Visual Effects,Effects,Alice in Wonderland,,,Carey Villegas,FALSE,,,
2010,Best Special Visual Effects,Effects,Black Swan,,,Dan Schrecker,FALSE,,,
2010,Best Special Visual Effects,Effects,Harry Potter and the Deathly Hallows – Part 1,,,Tim Burke,FALSE,,,
2010,Best Special Visual Effects,Effects,Harry Potter and the Deathly Hallows – Part 1,,,John Richardson,FALSE,,,
2010,Best Special Visual Effects,Effects,Harry Potter and the Deathly Hallows – Part 1,,,Nicolas Aithadi,FALSE,,,
2010,Best Special Visual Effects,Effects,Harry Potter and the Deathly Hallows – Part 1,,,Christian Manz,FALSE,,,
2010,Best Special Visual Effects,Effects,Toy Story 3,,,Guido Quaroni,FALSE,,,
2010,Best Special Visual Effects,Effects,Toy Story 3,,,Michael Fong,FALSE,,,
2010,Best Special Visual Effects,Effects,Toy Story 3,,,David Ryu,FALSE,,,
2010,Rising Star Award,,,,,Tom Hardy,TRUE,,,
2010,Rising Star Award,,,,,Gemma Arterton,FALSE,,,
2010,Rising Star Award,,,,,Andrew Garfield,FALSE,,,
2010,Rising Star Award,,,,,Aaron Taylor-Johnson,FALSE,,,
2010,Rising Star Award,,,,,Emma Stone,FALSE,,,
2009,Best Film,Live-Action Feature-Length Film,The Hurt Locker,,United States,Kathryn Bigelow,TRUE,Director,,
2009,Best Film,Live-Action Feature-Length Film,The Hurt Locker,,United States,Kathryn Bigelow,TRUE,Producer,,
2009,Best Film,Live-Action Feature-Length Film,The Hurt Locker,,United States,Mark Boal,TRUE,Producer,,
2009,Best Film,Live-Action Feature-Length Film,The Hurt Locker,,United States,Nicolas Chartier,TRUE,Producer,,
2009,Best Film,Live-Action Feature-Length Film,The Hurt Locker,,United States,Greg Shapiro,TRUE,Producer,,
2009,Best Film,Live-Action Feature-Length Film,Avatar,,United States,James Cameron,FALSE,Director,,
2009,Best Film,Live-Action Feature-Length Film,Avatar,,United States,James Cameron,FALSE,Producer,,
2009,Best Film,Live-Action Feature-Length Film,Avatar,,United States,Jon Landau,FALSE,Producer,,
2009,Best Film,Live-Action Feature-Length Film,An Education,,United Kingdom,Lone Scherfig,FALSE,Director,,
2009,Best Film,Live-Action Feature-Length Film,An Education,,United Kingdom,Finola Dwyer,FALSE,Producer,,
2009,Best Film,Live-Action Feature-Length Film,An Education,,United Kingdom,Amanda Posey,FALSE,Producer,,
2009,Best Film,Live-Action Feature-Length Film,Precious,,United States,Lee Daniels,FALSE,Director,,
2009,Best Film,Live-Action Feature-Length Film,Precious,,United States,Lee Daniels,FALSE,Producer,,
2009,Best Film,Live-Action Feature-Length Film,Precious,,United States,Sarah Siegel-Magness,FALSE,Producer,,
2009,Best Film,Live-Action Feature-Length Film,Precious,,United States,Gary Magness,FALSE,Producer,,
2009,Best Film,Live-Action Feature-Length Film,Up in the Air,,United States,Jason Reitman,FALSE,Director,,
2009,Best Film,Live-Action Feature-Length Film,Up in the Air,,United States,Ivan Reitman,FALSE,Producer,,
2009,Best Film,Live-Action Feature-Length Film,Up in the Air,,United States,Jason Reitman,FALSE,Producer,,
2009,Best Film,Live-Action Feature-Length Film,Up in the Air,,United States,Daniel Dubiecki,FALSE,Producer,,
2009,Outstanding British Film,,Fish Tank,,United Kingdom,Andrea Arnold,TRUE,Director,,
2009,Outstanding British Film,,Fish Tank,,United Kingdom,Kees Kasander,TRUE,Producer,,
2009,Outstanding British Film,,Fish Tank,,United Kingdom,Nick Laws,TRUE,Producer,,
2009,Outstanding British Film,,Fish Tank,,United Kingdom,Andrea Arnold,TRUE,Producer,,
2009,Outstanding British Film,,An Education,,United Kingdom,Lone Scherfig,FALSE,Director,,
2009,Outstanding British Film,,An Education,,United Kingdom,Finola Dwyer,FALSE,Producer,,
2009,Outstanding British Film,,An Education,,United Kingdom,Amanda Posey,FALSE,Producer,,
2009,Outstanding British Film,,An Education,,United Kingdom,Lone Scherfig,FALSE,Producer,,
2009,Outstanding British Film,,An Education,,United Kingdom,Nick Hornby,FALSE,Producer,,
2009,Outstanding British Film,,In the Loop,,United Kingdom,Armando Iannucci,FALSE,Director,,
2009,Outstanding British Film,,In the Loop,,United Kingdom,Kevin Loader,FALSE,Producer,,
2009,Outstanding British Film,,In the Loop,,United Kingdom,Adam Tandy,FALSE,Producer,,
2009,Outstanding British Film,,In the Loop,,United Kingdom,Armando Iannucci,FALSE,Producer,,
2009,Outstanding British Film,,In the Loop,,United Kingdom,Jesse Armstrong,FALSE,Producer,,
2009,Outstanding British Film,,In the Loop,,United Kingdom,Simon Blackwell,FALSE,Producer,,
2009,Outstanding British Film,,In the Loop,,United Kingdom,Tony Roche,FALSE,Producer,,
2009,Outstanding British Film,,Moon,,United Kingdom,Duncan Jones,FALSE,Director,,
2009,Outstanding British Film,,Moon,,United Kingdom,Stuart Fenegan,FALSE,Producer,,
2009,Outstanding British Film,,Moon,,United Kingdom,Trudie Styler,FALSE,Producer,,
2009,Outstanding British Film,,Moon,,United Kingdom,Duncan Jones,FALSE,Producer,,
2009,Outstanding British Film,,Moon,,United Kingdom,Nathan Parker,FALSE,Producer,,
2009,Outstanding British Film,,Nowhere Boy,,United Kingdom,Sam Taylor-Wood,FALSE,Director,,
2009,Outstanding British Film,,Nowhere Boy,,United Kingdom,Robert Bernstein,FALSE,Producer,,
2009,Outstanding British Film,,Nowhere Boy,,United Kingdom,Douglas Rae,FALSE,Producer,,
2009,Outstanding British Film,,Nowhere Boy,,United Kingdom,Kevin Loader,FALSE,Producer,,
2009,Outstanding British Film,,Nowhere Boy,,United Kingdom,Sam Taylor-Johnson,FALSE,Producer,,
2009,Outstanding British Film,,Nowhere Boy,,United Kingdom,Matt Greenhalgh,FALSE,Producer,,
2009,Best Film Not in the English Language,Foreign Film,A Prophet,Un prophète,France,Jacques Audiard,TRUE,Director,,
2009,Best Film Not in the English Language,Foreign Film,A Prophet,Un prophète,France,Lauranne Bourrachot,TRUE,Producer,,
2009,Best Film Not in the English Language,Foreign Film,A Prophet,Un prophète,France,Martine Cassinelli,TRUE,Producer,,
2009,Best Film Not in the English Language,Foreign Film,A Prophet,Un prophète,France,Pascal Caucheteux,TRUE,Producer,,
2009,Best Film Not in the English Language,Foreign Film,A Prophet,Un prophète,France,Marco Cherqui,TRUE,Producer,,
2009,Best Film Not in the English Language,Foreign Film,Broken Embraces,Los Abrazos Rotos,Spain,Pedro Almodóvar,FALSE,Director,,
2009,Best Film Not in the English Language,Foreign Film,Broken Embraces,Los Abrazos Rotos,Spain,Agustín Almodóvar,FALSE,Producer,,
2009,Best Film Not in the English Language,Foreign Film,Broken Embraces,Los Abrazos Rotos,Spain,Esther García,FALSE,Producer,,
2009,Best Film Not in the English Language,Foreign Film,Coco Before Chanel,Coco avant Chanel,"France
 Belgium",Anne Fontaine,FALSE,Director,,
2009,Best Film Not in the English Language,Foreign Film,Coco Before Chanel,Coco avant Chanel,"France
 Belgium",Simon Arnal,FALSE,Producer,,
2009,Best Film Not in the English Language,Foreign Film,Coco Before Chanel,Coco avant Chanel,"France
 Belgium",Caroline Benjo,FALSE,Producer,,
2009,Best Film Not in the English Language,Foreign Film,Coco Before Chanel,Coco avant Chanel,"France
 Belgium",Philippe Carcassonne,FALSE,Producer,,
2009,Best Film Not in the English Language,Foreign Film,Coco Before Chanel,Coco avant Chanel,"France
 Belgium",Carole Scotta,FALSE,Producer,,
2009,Best Film Not in the English Language,Foreign Film,Let the Right One In,Låt den rätte komma in,Sweden,Tomas Alfredson,FALSE,Director,,
2009,Best Film Not in the English Language,Foreign Film,Let the Right One In,Låt den rätte komma in,Sweden,Carl Molinder,FALSE,Producer,,
2009,Best Film Not in the English Language,Foreign Film,Let the Right One In,Låt den rätte komma in,Sweden,John Nordling,FALSE,Producer,,
2009,Best Film Not in the English Language,Foreign Film,The White Ribbon,"Das weiße Band, Eine deutsche Kindergeschichte","Germany
 Austria",Michael Haneke,FALSE,Director,,
2009,Best Film Not in the English Language,Foreign Film,The White Ribbon,"Das weiße Band, Eine deutsche Kindergeschichte","Germany
 Austria",Stefan Arndt,FALSE,Producer,,
2009,Best Film Not in the English Language,Foreign Film,The White Ribbon,"Das weiße Band, Eine deutsche Kindergeschichte","Germany
 Austria",Michael Katz,FALSE,Producer,,
2009,Best Film Not in the English Language,Foreign Film,The White Ribbon,"Das weiße Band, Eine deutsche Kindergeschichte","Germany
 Austria",Veit Heiduschka,FALSE,Producer,,
2009,Best Film Not in the English Language,Foreign Film,The White Ribbon,"Das weiße Band, Eine deutsche Kindergeschichte","Germany
 Austria",Margaret Ménégoz,FALSE,Producer,,
2009,Best Film Not in the English Language,Foreign Film,The White Ribbon,"Das weiße Band, Eine deutsche Kindergeschichte","Germany
 Austria",Andrea Occhipinti,FALSE,Producer,,
2009,Best Animated Film,Animated Feature-Length Film,Up,,United States,Pete Docter,TRUE,Director,,
2009,Best Animated Film,Animated Feature-Length Film,Up,,United States,Bob Peterson,TRUE,Director,,
2009,Best Animated Film,Animated Feature-Length Film,Up,,United States,Jonas Rivera,TRUE,Producer,,
2009,Best Animated Film,Animated Feature-Length Film,Up,,United States,John Lasseter,TRUE,Producer,,
2009,Best Animated Film,Animated Feature-Length Film,Up,,United States,Andrew Stanton,TRUE,Producer,,
2009,Best Animated Film,Animated Feature-Length Film,Coraline,,United States,Henry Selick,FALSE,Director,,
2009,Best Animated Film,Animated Feature-Length Film,Coraline,,United States,Claire Jennings,FALSE,Producer,,
2009,Best Animated Film,Animated Feature-Length Film,Fantastic Mr. Fox,,United States,Wes Anderson,FALSE,Director,,
2009,Best Animated Film,Animated Feature-Length Film,Fantastic Mr. Fox,,United States,Wes Anderson,FALSE,Producer,,
2009,Best Animated Film,Animated Feature-Length Film,Fantastic Mr. Fox,,United States,Scott Rudin,FALSE,Producer,,
2009,Best Animated Film,Animated Feature-Length Film,Fantastic Mr. Fox,,United States,Allison Abbate,FALSE,Producer,,
2009,Best Animated Film,Animated Feature-Length Film,Fantastic Mr. Fox,,United States,Steven M. Rales,FALSE,Producer,,
2009,Best Short Film,Live-Action Short Film,I Do Air,,,James Bolton,TRUE,,,
2009,Best Short Film,Live-Action Short Film,I Do Air,,,Martina Amati,TRUE,,,
2009,Best Short Film,Live-Action Short Film,Jade,,,Daniel Elliott,FALSE,,,
2009,Best Short Film,Live-Action Short Film,Jade,,,Samm Haillay,FALSE,,,
2009,Best Short Film,Live-Action Short Film,Jade,,,Duane Hopkins,FALSE,,,
2009,Best Short Film,Live-Action Short Film,Mixtape,,,Luke Snellin,FALSE,,,
2009,Best Short Film,Live-Action Short Film,Mixtape,,,Luti Fagbenle,FALSE,,,
2009,Best Short Film,Live-Action Short Film,Off Season,,,Jacob Jaffke,FALSE,,,
2009,Best Short Film,Live-Action Short Film,Off Season,,,Shrihari Sathe,FALSE,,,
2009,Best Short Film,Live-Action Short Film,Off Season,,,Jonathan van Tulleken,FALSE,,,
2009,Best Short Film,Live-Action Short Film,14,,,Asitha Ameresekere,FALSE,,,
2009,Best Short Animation,Animated Short Film,Mother of Many,,,Sally Arthur,TRUE,,,
2009,Best Short Animation,Animated Short Film,Mother of Many,,,Emma Lazenby,TRUE,,,
2009,Best Short Animation,Animated Short Film,The Gruffalo,,,Michael Rose,FALSE,,,
2009,Best Short Animation,Animated Short Film,The Gruffalo,,,Martin Pope,FALSE,,,
2009,Best Short Animation,Animated Short Film,The Gruffalo,,,Jakob Schuh,FALSE,,,
2009,Best Short Animation,Animated Short Film,The Gruffalo,,,Max Lang,FALSE,,,
2009,Best Short Animation,Animated Short Film,The Happy Duckling,,,Gili Dolev,FALSE,,,
2009,"Outstanding Début by a British Writer, Director, or Producer",,Moon,,,Duncan Jones,TRUE,writer,,
2009,"Outstanding Début by a British Writer, Director, or Producer",,Moon,,,Duncan Jones,TRUE,director,,
2009,"Outstanding Début by a British Writer, Director, or Producer",,Exam,,,Stuart Hazeldine,FALSE,writer,,
2009,"Outstanding Début by a British Writer, Director, or Producer",,Exam,,,Stuart Hazeldine,FALSE,director,,
2009,"Outstanding Début by a British Writer, Director, or Producer",,Exam,,,Stuart Hazeldine,FALSE,producer,,
2009,"Outstanding Début by a British Writer, Director, or Producer",,Mugabe and the White African,,,Lucy Bailey,FALSE,director,,
2009,"Outstanding Début by a British Writer, Director, or Producer",,Mugabe and the White African,,,Andrew Thompson,FALSE,director,,
2009,"Outstanding Début by a British Writer, Director, or Producer",,Mugabe and the White African,,,Elizabeth Morgan Hemlock,FALSE,producer,,
2009,"Outstanding Début by a British Writer, Director, or Producer",,Mugabe and the White African,,,David Pearson,FALSE,producer,,
2009,"Outstanding Début by a British Writer, Director, or Producer",,Nowhere Boy,,,Sam Taylor-Wood,FALSE,director,,
2009,"Outstanding Début by a British Writer, Director, or Producer",,Shifty,,,Eran Creevy,FALSE,writer,,
2009,"Outstanding Début by a British Writer, Director, or Producer",,Shifty,,,Eran Creevy,FALSE,director,,
2009,Best Direction,Director,The Hurt Locker,,,Kathryn Bigelow,TRUE,,,
2009,Best Direction,Director,District 9,,,Neill Blomkamp,FALSE,,,
2009,Best Direction,Director,Avatar,,,James Cameron,FALSE,,,
2009,Best Direction,Director,An Education,,,Lone Scherfig,FALSE,,,
2009,Best Direction,Director,Inglourious Basterds,,,Quentin Tarantino,FALSE,,,
2009,Best Adapted Screenplay,Screenplay (Adapted),Up in the Air,,,Jason Reitman,TRUE,,Up in the Air by Walter Kirn,
2009,Best Adapted Screenplay,Screenplay (Adapted),Up in the Air,,,Sheldon Turner,TRUE,,Up in the Air by Walter Kirn,
2009,Best Adapted Screenplay,Screenplay (Adapted),District 9,,,Neill Blomkamp,FALSE,,Alive in Joburg by Neill Blomkamp,
2009,Best Adapted Screenplay,Screenplay (Adapted),District 9,,,Terri Tatchell,FALSE,,Alive in Joburg by Neill Blomkamp,
2009,Best Adapted Screenplay,Screenplay (Adapted),An Education,,,Nick Hornby,FALSE,,An Education by Lynn Barber,
2009,Best Adapted Screenplay,Screenplay (Adapted),In the Loop,,,Simon Blackwell,FALSE,,The Thick of It by Armando Iannucci,
2009,Best Adapted Screenplay,Screenplay (Adapted),In the Loop,,,Jesse Armstrong,FALSE,,The Thick of It by Armando Iannucci,
2009,Best Adapted Screenplay,Screenplay (Adapted),In the Loop,,,Armando Iannucci,FALSE,,The Thick of It by Armando Iannucci,
2009,Best Adapted Screenplay,Screenplay (Adapted),In the Loop,,,Tony Roche,FALSE,,The Thick of It by Armando Iannucci,
2009,Best Adapted Screenplay,Screenplay (Adapted),Precious,,,Geoffrey Fletcher,FALSE,,Push by Sapphire,
2009,Best Original Screenplay,Screenplay (Original),The Hurt Locker,,,Mark Boal,TRUE,,,
2009,Best Original Screenplay,Screenplay (Original),The Hangover,,,Jon Lucas,FALSE,,,
2009,Best Original Screenplay,Screenplay (Original),The Hangover,,,Scott Moore,FALSE,,,
2009,Best Original Screenplay,Screenplay (Original),Inglourious Basterds,,,Quentin Tarantino,FALSE,,,
2009,Best Original Screenplay,Screenplay (Original),A Serious Man,,,Joel Coen,FALSE,,,
2009,Best Original Screenplay,Screenplay (Original),A Serious Man,,,Ethan Coen,FALSE,,,
2009,Best Original Screenplay,Screenplay (Original),Up,,,Pete Docter,FALSE,,,
2009,Best Original Screenplay,Screenplay (Original),Up,,,Bob Peterson,FALSE,,,
2009,Best Actor in a Leading Role,Actor in a Leading Role,A Single Man,,,Colin Firth,TRUE,,,George Falconer
2009,Best Actor in a Leading Role,Actor in a Leading Role,Crazy Heart,,,Jeff Bridges,FALSE,,,"Otis ""Bad"" Blake"
2009,Best Actor in a Leading Role,Actor in a Leading Role,Up in the Air,,,George Clooney,FALSE,,,Ryan Bingham
2009,Best Actor in a Leading Role,Actor in a Leading Role,The Hurt Locker,,,Jeremy Renner,FALSE,,,SFC. William James
2009,Best Actor in a Leading Role,Actor in a Leading Role,Sex & Drugs & Rock & Roll,,,Andy Serkis,FALSE,,,Ian Dury
2009,Best Actress in a Leading Role,Actress in a Leading Role,An Education,,,Carey Mulligan,TRUE,,,Jenny Mellor
2009,Best Actress in a Leading Role,Actress in a Leading Role,The Lovely Bones,,,Saoirse Ronan,FALSE,,,Susie Salmon
2009,Best Actress in a Leading Role,Actress in a Leading Role,Precious,,,Gabourey Sidibe,FALSE,,,"Claireece ""Precious"" Jones"
2009,Best Actress in a Leading Role,Actress in a Leading Role,Julie & Julia,,,Meryl Streep,FALSE,,,Julia Child
2009,Best Actress in a Leading Role,Actress in a Leading Role,Coco Before Chanel,,,Audrey Tautou,FALSE,,,Coco Chanel
2009,Best Actor in a Supporting Role,Actor in a Supporting Role,Inglourious Basterds,,,Christoph Waltz,TRUE,,,Col. Hans Landa
2009,Best Actor in a Supporting Role,Actor in a Supporting Role,It's Complicated,,,Alec Baldwin,FALSE,,,Jacob Adler
2009,Best Actor in a Supporting Role,Actor in a Supporting Role,Me and Orson Welles,,,Christian McKay,FALSE,,,Orson Welles
2009,Best Actor in a Supporting Role,Actor in a Supporting Role,An Education,,,Alfred Molina,FALSE,,,Jack Miller
2009,Best Actor in a Supporting Role,Actor in a Supporting Role,The Lovely Bones,,,Stanley Tucci,FALSE,,,George Harvey
2009,Best Actress in a Supporting Role,Actress in a Supporting Role,Precious,,,Mo'Nique,TRUE,,,Mary Lee Johnston
2009,Best Actress in a Supporting Role,Actress in a Supporting Role,Nowhere Boy,,,Anne-Marie Duff,FALSE,,,Julia Lennon
2009,Best Actress in a Supporting Role,Actress in a Supporting Role,Up in the Air,,,Vera Farmiga,FALSE,,,Alex Goran
2009,Best Actress in a Supporting Role,Actress in a Supporting Role,,,,Anna Kendrick,FALSE,,,Natalie Keener
2009,Best Actress in a Supporting Role,Actress in a Supporting Role,Nowhere Boy,,,Kristin Scott Thomas,FALSE,,,Mimi Smith
2009,Best Cinematography,Cinematography,The Hurt Locker,,,Barry Ackroyd,TRUE,,,
2009,Best Cinematography,Cinematography,The Road,,,Javier Aguirresarobe,FALSE,,,
2009,Best Cinematography,Cinematography,Avatar,,,Mauro Fiore,FALSE,,,
2009,Best Cinematography,Cinematography,District 9,,,Trent Opaloch,FALSE,,,
2009,Best Cinematography,Cinematography,Inglourious Basterds,,,Robert Richardson,FALSE,,,
2009,Best Editing,Film Editing,In Bruges,,,Jon Gregory,FALSE,,,
2009,Best Editing,Film Editing,The Hurt Locker,,,Chris Innis,TRUE,,,
2009,Best Editing,Film Editing,The Hurt Locker,,,Bob Murawski,TRUE,,,
2009,Best Editing,Film Editing,Avatar,,,James Cameron,FALSE,,,
2009,Best Editing,Film Editing,Avatar,,,John Refoua,FALSE,,,
2009,Best Editing,Film Editing,Avatar,,,Stephen E. Rivkin,FALSE,,,
2009,Best Editing,Film Editing,District 9,,,Julian Clarke,FALSE,,,
2009,Best Editing,Film Editing,Inglourious Basterds,,,Sally Menke,FALSE,,,
2009,Best Editing,Film Editing,Up in the Air,,,Dana E. Glauberman,FALSE,,,
2009,Best Costume Design,Costuming,The Young Victoria,,,Sandy Powell,TRUE,,,
2009,Best Costume Design,Costuming,Bright Star,,,Janet Patterson,FALSE,,,
2009,Best Costume Design,Costuming,Coco Before Chanel (Coco avant Chanel),,,Catherine Leterrier,FALSE,,,
2009,Best Costume Design,Costuming,An Education,,,Odile Dicks-Mireaux,FALSE,,,
2009,Best Costume Design,Costuming,A Single Man,,,Arianne Phillips,FALSE,,,
2009,Best Production Design,Art Direction,Avatar,,,Rick Carter,TRUE,,,
2009,Best Production Design,Art Direction,Avatar,,,Robert Stromberg,TRUE,,,
2009,Best Production Design,Art Direction,Avatar,,,Kim Sinclair,TRUE,,,
2009,Best Production Design,Art Direction,District 9,,,Philip Ivey,FALSE,,,
2009,Best Production Design,Art Direction,District 9,,,Guy Potgieter,FALSE,,,
2009,Best Production Design,Art Direction,Harry Potter and the Half-Blood Prince,,,Stuart Craig,FALSE,,,
2009,Best Production Design,Art Direction,Harry Potter and the Half-Blood Prince,,,Stephenie McMillan,FALSE,,,
2009,Best Production Design,Art Direction,The Imaginarium of Doctor Parnassus,,,Dave Warren,FALSE,,,
2009,Best Production Design,Art Direction,The Imaginarium of Doctor Parnassus,,,Anastasia Masaro,FALSE,,,
2009,Best Production Design,Art Direction,The Imaginarium of Doctor Parnassus,,,Caroline Smith,FALSE,,,
2009,Best Production Design,Art Direction,Inglourious Basterds,,,David,FALSE,,,
2009,Best Production Design,Art Direction,Inglourious Basterds,,,Sandy Reynolds-Wasco,FALSE,,,
2009,Best Make-up and Hair,Make-Up & Hairstyling,The Young Victoria,,,Jenny Shircore,TRUE,,,
2009,Best Make-up and Hair,Make-Up & Hairstyling,Coco Before Chanel,,,Madeleine Cofano,FALSE,,,
2009,Best Make-up and Hair,Make-Up & Hairstyling,Coco Before Chanel,,,Jane Milon,FALSE,,,
2009,Best Make-up and Hair,Make-Up & Hairstyling,Coco Before Chanel,,,Thi Thanh Tu Nguyen,FALSE,,,
2009,Best Make-up and Hair,Make-Up & Hairstyling,An Education,,,Elizabeth Yianni-Georgiou,FALSE,,,
2009,Best Make-up and Hair,Make-Up & Hairstyling,The Imaginarium of Doctor Parnassus,,,Sarah Monzani,FALSE,,,
2009,Best Make-up and Hair,Make-Up & Hairstyling,Nine,,,Peter Swords King,FALSE,,,
2009,Best Original Music,Original Score,Up,,,Michael Giacchino,TRUE,,,
2009,Best Original Music,Original Score,Avatar,,,James Horner,FALSE,,,
2009,Best Original Music,Original Score,Crazy Heart,,,T Bone Burnett,FALSE,,,
2009,Best Original Music,Original Score,Crazy Heart,,,Stephen Bruton,FALSE,,,
2009,Best Original Music,Original Score,Fantastic Mr. Fox,,,Alexandre Desplat,FALSE,,,
2009,Best Original Music,Original Score,Sex & Drugs & Rock & Roll,,,Chaz Jankel,FALSE,,,
2009,Best Sound,Sound Mixing,The Hurt Locker,,,Ray Beckett,TRUE,,,
2009,Best Sound,Sound Mixing,The Hurt Locker,,,Paul N. J. Ottosson,TRUE,,,
2009,Best Sound,Sound Mixing,Avatar,,,Christopher Boyes,FALSE,,,
2009,Best Sound,Sound Mixing,Avatar,,,Gary Summers,FALSE,,,
2009,Best Sound,Sound Mixing,Avatar,,,Andy Nelson,FALSE,,,
2009,Best Sound,Sound Mixing,Avatar,,,Tony Johnson,FALSE,,,
2009,Best Sound,Sound Mixing,Avatar,,,Addison Teague,FALSE,,,
2009,Best Sound,Sound Mixing,District 9,,,Brent Burge,FALSE,,,
2009,Best Sound,Sound Mixing,District 9,,,Chris Ward,FALSE,,,
2009,Best Sound,Sound Mixing,District 9,,,Dave Whitehead,FALSE,,,
2009,Best Sound,Sound Mixing,District 9,,,Michael Hedges,FALSE,,,
2009,Best Sound,Sound Mixing,District 9,,,Ken Saville,FALSE,,,
2009,Best Sound,Sound Mixing,Star Trek,,,Peter J. Devlin,FALSE,,,
2009,Best Sound,Sound Mixing,Star Trek,,,Andy Nelson,FALSE,,,
2009,Best Sound,Sound Mixing,Star Trek,,,Anna Behlmer,FALSE,,,
2009,Best Sound,Sound Mixing,Star Trek,,,Mark Stoeckinger,FALSE,,,
2009,Best Sound,Sound Mixing,Star Trek,,,Ben Burtt,FALSE,,,
2009,Best Sound,Sound Mixing,Up,,,Tom Myers,FALSE,,,
2009,Best Sound,Sound Mixing,Up,,,Michael Silvers,FALSE,,,
2009,Best Sound,Sound Mixing,Up,,,Michael Semanick,FALSE,,,
2009,Best Special Visual Effects,Effects,Avatar,,,Joe Letteri,TRUE,,,
2009,Best Special Visual Effects,Effects,Avatar,,,Stephen Rosenbaum,TRUE,,,
2009,Best Special Visual Effects,Effects,Avatar,,,Richard Baneham,TRUE,,,
2009,Best Special Visual Effects,Effects,Avatar,,,Andrew R. Jones,TRUE,,,
2009,Best Special Visual Effects,Effects,District 9,,,Dan Kaufman,FALSE,,,
2009,Best Special Visual Effects,Effects,District 9,,,Peter Muyzers,FALSE,,,
2009,Best Special Visual Effects,Effects,District 9,,,Robert Habros,FALSE,,,
2009,Best Special Visual Effects,Effects,District 9,,,Matt Aitken,FALSE,,,
2009,Best Special Visual Effects,Effects,Harry Potter and the Half-Blood Prince,,,John Richardson,FALSE,,,
2009,Best Special Visual Effects,Effects,Harry Potter and the Half-Blood Prince,,,Tim Burke,FALSE,,,
2009,Best Special Visual Effects,Effects,Harry Potter and the Half-Blood Prince,,,Tim Alexander,FALSE,,,
2009,Best Special Visual Effects,Effects,Harry Potter and the Half-Blood Prince,,,Nicolas Aithadi,FALSE,,,
2009,Best Special Visual Effects,Effects,The Hurt Locker,,,Richard Stutsman,FALSE,,,
2009,Best Special Visual Effects,Effects,Star Trek,,,Roger Guyett,FALSE,,,
2009,Best Special Visual Effects,Effects,Star Trek,,,Russell Earl,FALSE,,,
2009,Best Special Visual Effects,Effects,Star Trek,,,Paul Kavanagh,FALSE,,,
2009,Best Special Visual Effects,Effects,Star Trek,,,Burt Dalton,FALSE,,,
2009,Rising Star Award,,,,,Kristen Stewart,TRUE,,,
2009,Rising Star Award,,,,,Jesse Eisenberg,FALSE,,,
2009,Rising Star Award,,,,,Nicholas Hoult,FALSE,,,
2009,Rising Star Award,,,,,Carey Mulligan,FALSE,,,
2009,Rising Star Award,,,,,Tahar Rahim,FALSE,,,
2008,Best Film,Live-Action Feature-Length Film,Slumdog Millionaire,,United Kingdom,Danny Boyle,TRUE,Director,,
2008,Best Film,Live-Action Feature-Length Film,Slumdog Millionaire,,United Kingdom,Christian Colson,TRUE,Producer,,
2008,Best Film,Live-Action Feature-Length Film,The Curious Case of Benjamin Button,,United States,David Fincher,FALSE,Director,,
2008,Best Film,Live-Action Feature-Length Film,The Curious Case of Benjamin Button,,United States,Kathleen Kennedy,FALSE,Producer,,
2008,Best Film,Live-Action Feature-Length Film,The Curious Case of Benjamin Button,,United States,Frank Marshall,FALSE,Producer,,
2008,Best Film,Live-Action Feature-Length Film,The Curious Case of Benjamin Button,,United States,Ray Stark,FALSE,Producer,,
2008,Best Film,Live-Action Feature-Length Film,Frost/Nixon,,"United States
United Kingdom",Ron Howard,FALSE,Director,,
2008,Best Film,Live-Action Feature-Length Film,Frost/Nixon,,"United States
United Kingdom",Ron Howard,FALSE,Producer,,
2008,Best Film,Live-Action Feature-Length Film,Frost/Nixon,,"United States
United Kingdom",Brian Grazer,FALSE,Producer,,
2008,Best Film,Live-Action Feature-Length Film,Frost/Nixon,,"United States
United Kingdom",Tim Bevan,FALSE,Producer,,
2008,Best Film,Live-Action Feature-Length Film,Frost/Nixon,,"United States
United Kingdom",Eric Fellner,FALSE,Producer,,
2008,Best Film,Live-Action Feature-Length Film,Milk,,United States,Gus Van Sant,FALSE,Director,,
2008,Best Film,Live-Action Feature-Length Film,Milk,,United States,Dan Jinks,FALSE,Producer,,
2008,Best Film,Live-Action Feature-Length Film,Milk,,United States,Bruce Cohen,FALSE,Producer,,
2008,Best Film,Live-Action Feature-Length Film,The Reader,,"United States
Germany",Stephen Daldry,FALSE,Director,,
2008,Best Film,Live-Action Feature-Length Film,The Reader,,"United States
Germany",Anthony Minghella,FALSE,Producer,,
2008,Best Film,Live-Action Feature-Length Film,The Reader,,"United States
Germany",Sydney Pollack,FALSE,Producer,,
2008,Best Film,Live-Action Feature-Length Film,The Reader,,"United States
Germany",Scott Rudin,FALSE,Producer,,
2008,Outstanding British Film,,Man on Wire,,United Kingdom,James Marsh,TRUE,Director,,
2008,Outstanding British Film,,Man on Wire,,United Kingdom,Simon Chinn,TRUE,Producer,,
2008,Outstanding British Film,,Hunger,,United Kingdom,Steve McQueen,FALSE,Director,,
2008,Outstanding British Film,,Hunger,,United Kingdom,Laura Hastings-Smith,FALSE,Producer,,
2008,Outstanding British Film,,Hunger,,United Kingdom,Robin Gutch,FALSE,Producer,,
2008,Outstanding British Film,,In Bruges,,United Kingdom,Martin McDonagh,FALSE,Director,,
2008,Outstanding British Film,,In Bruges,,United Kingdom,Graham Broadbent,FALSE,Producer,,
2008,Outstanding British Film,,In Bruges,,United Kingdom,Peter Czernin,FALSE,Producer,,
2008,Outstanding British Film,,Mamma Mia!,,United Kingdom,Phyllida Lloyd,FALSE,Director,,
2008,Outstanding British Film,,Mamma Mia!,,United Kingdom,Judy Craymer,FALSE,Producer,,
2008,Outstanding British Film,,Mamma Mia!,,United Kingdom,Benny Andersson,FALSE,Producer,,
2008,Outstanding British Film,,Mamma Mia!,,United Kingdom,Björn Ulvaeus,FALSE,Producer,,
2008,Outstanding British Film,,Mamma Mia!,,United Kingdom,Phyllida Lloyd,FALSE,Producer,,
2008,Outstanding British Film,,Mamma Mia!,,United Kingdom,Tom Hanks,FALSE,Producer,,
2008,Outstanding British Film,,Mamma Mia!,,United Kingdom,Rita Wilson,FALSE,Producer,,
2008,Outstanding British Film,,Slumdog Millionaire,,United Kingdom,Danny Boyle,FALSE,Director,,
2008,Outstanding British Film,,Slumdog Millionaire,,United Kingdom,Loveleen Tandan,FALSE,Director,,
2008,Outstanding British Film,,Slumdog Millionaire,,United Kingdom,Christian Colson,FALSE,Producer,,
2008,Best Film Not in the English Language,Foreign Film,I've Loved You So Long,Il y a longtemps que je t'aime,France,Philippe Claudel,TRUE,Director,,
2008,Best Film Not in the English Language,Foreign Film,I've Loved You So Long,Il y a longtemps que je t'aime,France,Sylvestre Guarino,TRUE,Producer,,
2008,Best Film Not in the English Language,Foreign Film,I've Loved You So Long,Il y a longtemps que je t'aime,France,Yves Marmion,TRUE,Producer,,
2008,Best Film Not in the English Language,Foreign Film,The Baader Meinhof Complex,Der Baader Meinhof Komplex,Germany,Uli Edel,FALSE,Director,,
2008,Best Film Not in the English Language,Foreign Film,The Baader Meinhof Complex,Der Baader Meinhof Komplex,Germany,Bernd Eichinger,FALSE,Producer,,
2008,Best Film Not in the English Language,Foreign Film,Gomorrah,Gomorra,Italy,Matteo Garrone,FALSE,Director,,
2008,Best Film Not in the English Language,Foreign Film,Gomorrah,Gomorra,Italy,Domenico Procacci,FALSE,Producer,,
2008,Best Film Not in the English Language,Foreign Film,Persepolis,,"France
 United States",Marjane Satrapi,FALSE,Director,,
2008,Best Film Not in the English Language,Foreign Film,Persepolis,,"France
 United States",Vincent Paronnaud,FALSE,Director,,
2008,Best Film Not in the English Language,Foreign Film,Persepolis,,"France
 United States",Xavier Rigault,FALSE,Producer,,
2008,Best Film Not in the English Language,Foreign Film,Persepolis,,"France
 United States",Marc-Antoine Robert,FALSE,Producer,,
2008,Best Film Not in the English Language,Foreign Film,Waltz with Bashir,"ואלס עם באשיר, Vals Im Bashir",Israel,Ari Folman,FALSE,Director,,
2008,Best Film Not in the English Language,Foreign Film,Waltz with Bashir,"ואלס עם באשיר, Vals Im Bashir",Israel,Ari Folman,FALSE,Producer,,
2008,Best Film Not in the English Language,Foreign Film,Waltz with Bashir,"ואלס עם באשיר, Vals Im Bashir",Israel,Serge Lalou,FALSE,Producer,,
2008,Best Film Not in the English Language,Foreign Film,Waltz with Bashir,"ואלס עם באשיר, Vals Im Bashir",Israel,Gerhard Meixner,FALSE,Producer,,
2008,Best Film Not in the English Language,Foreign Film,Waltz with Bashir,"ואלס עם באשיר, Vals Im Bashir",Israel,Yael Nahlieli,FALSE,Producer,,
2008,Best Film Not in the English Language,Foreign Film,Waltz with Bashir,"ואלס עם באשיר, Vals Im Bashir",Israel,Roman Paul,FALSE,Producer,,
2008,Best Animated Film,Animated Feature-Length Film,WALL-E,,United States,Andrew Stanton,TRUE,Director,,
2008,Best Animated Film,Animated Feature-Length Film,WALL-E,,United States,Jim Morris,TRUE,Producer,,
2008,Best Animated Film,Animated Feature-Length Film,WALL-E,,United States,Lindsey Collins,TRUE,Producer,,
2008,Best Animated Film,Animated Feature-Length Film,WALL-E,,United States,John Lasseter,TRUE,Producer,,
2008,Best Animated Film,Animated Feature-Length Film,Persepolis,,"France, Iran",Marjane Satrapi,FALSE,Director,,
2008,Best Animated Film,Animated Feature-Length Film,Persepolis,,"France, Iran",Vincent Paronnaud,FALSE,Director,,
2008,Best Animated Film,Animated Feature-Length Film,Persepolis,,"France, Iran",Marc-Antoine Robert,FALSE,Producer,,
2008,Best Animated Film,Animated Feature-Length Film,Waltz with Bashir,,Israel,Ari Folman,FALSE,Director,,
2008,Best Animated Film,Animated Feature-Length Film,Waltz with Bashir,,Israel,Ari Folman,FALSE,Producer,,
2008,Best Animated Film,Animated Feature-Length Film,Waltz with Bashir,,Israel,Serge Lalou,FALSE,Producer,,
2008,Best Animated Film,Animated Feature-Length Film,Waltz with Bashir,,Israel,Gerhard Meixner,FALSE,Producer,,
2008,Best Animated Film,Animated Feature-Length Film,Waltz with Bashir,,Israel,Yael Nahlieli,FALSE,Producer,,
2008,Best Animated Film,Animated Feature-Length Film,Waltz with Bashir,,Israel,Roman Paul,FALSE,Producer,,
2008,Best Short Film,Live-Action Short Film,September,,,Esther May Campbell,TRUE,,,
2008,Best Short Film,Live-Action Short Film,September,,,Stewart Le Marechal,TRUE,,,
2008,Best Short Film,Live-Action Short Film,Kingsland #1: The Dreamer,,,Tony Grisoni,FALSE,,,
2008,Best Short Film,Live-Action Short Film,Kingsland #1: The Dreamer,,,Kate Ogborn,FALSE,,,
2008,Best Short Film,Live-Action Short Film,Love You More,,,Sam Taylor-Wood,FALSE,,,
2008,Best Short Film,Live-Action Short Film,Love You More,,,Adrian Sturges,FALSE,,,
2008,Best Short Film,Live-Action Short Film,Love You More,,,Patrick Marber,FALSE,,,
2008,Best Short Film,Live-Action Short Film,Ralph,,,Alex Winckler,FALSE,,,
2008,Best Short Film,Live-Action Short Film,Ralph,,,Olivier Kaempfer,FALSE,,,
2008,Best Short Film,Live-Action Short Film,Voyage d'Affaires (The Business Trip),,,Sean Ellis,FALSE,,,
2008,Best Short Film,Live-Action Short Film,Voyage d'Affaires (The Business Trip),,,Celine Quideau,FALSE,,,
2008,Best Short Animation,Animated Short Film,Wallace And Gromit: A Matter Of Loaf And Death,,,Steve Pegram,TRUE,,,
2008,Best Short Animation,Animated Short Film,Wallace And Gromit: A Matter Of Loaf And Death,,,Nick Park,TRUE,,,
2008,Best Short Animation,Animated Short Film,Wallace And Gromit: A Matter Of Loaf And Death,,,Bob Baker,TRUE,,,
2008,Best Short Animation,Animated Short Film,Codswallop,,,Greg McLeod,FALSE,,,
2008,Best Short Animation,Animated Short Film,Codswallop,,,Myles McLeod,FALSE,,,
2008,Best Short Animation,Animated Short Film,Varmints,,,Sue Goffe,FALSE,,,
2008,Best Short Animation,Animated Short Film,Varmints,,,Marc Craste,FALSE,,,
2008,"Outstanding Début by a British Writer, Director, or Producer",,Hunger,,,Steve McQueen,TRUE,Writer,,
2008,"Outstanding Début by a British Writer, Director, or Producer",,Hunger,,,Steve McQueen,TRUE,Director,,
2008,"Outstanding Début by a British Writer, Director, or Producer",,Mamma Mia!,,,Judy Craymer,FALSE,Producer,,
2008,"Outstanding Début by a British Writer, Director, or Producer",,Man on Wire,,,Simon Chinn,FALSE,Producer,,
2008,"Outstanding Début by a British Writer, Director, or Producer",,Of Time and the City,,,Roy Boulter,FALSE,,,
2008,"Outstanding Début by a British Writer, Director, or Producer",,Of Time and the City,,,Sol Papadopoulos,FALSE,Producer,,
2008,"Outstanding Début by a British Writer, Director, or Producer",,Son of Rambow,,,Garth Jennings,FALSE,Writer,,
2008,Best Direction,Director,Slumdog Millionaire,,,Danny Boyle,TRUE,,,
2008,Best Direction,Director,The Reader,,,Stephen Daldry,FALSE,,,
2008,Best Direction,Director,Changeling,,,Clint Eastwood,FALSE,,,
2008,Best Direction,Director,The Curious Case of Benjamin Button,,,David Fincher,FALSE,,,
2008,Best Direction,Director,Frost/Nixon,,,Ron Howard,FALSE,,,
2008,Best Adapted Screenplay,Screenplay (Adapted),Slumdog Millionaire,,,Simon Beaufoy,TRUE,,Q & A by Vikas Swarup,
2008,Best Adapted Screenplay,Screenplay (Adapted),The Curious Case of Benjamin Button,,,Eric Roth,FALSE,,The Curious Case of Benjamin Button by F. Scott Fitzgerald,
2008,Best Adapted Screenplay,Screenplay (Adapted),Frost/Nixon,,,Peter Morgan,FALSE,,Frost/Nixon by Peter Morgan,
2008,Best Adapted Screenplay,Screenplay (Adapted),The Reader,,,David Hare,FALSE,,The Reader by Bernhard Schlink,
2008,Best Adapted Screenplay,Screenplay (Adapted),Revolutionary Road,,,Justin Haythe,FALSE,,Revolutionary Road by Richard Yates,
2008,Best Original Screenplay,Screenplay (Original),In Bruges,,,Martin McDonagh,TRUE,,,
2008,Best Original Screenplay,Screenplay (Original),Burn After Reading,,,Joel Coen,FALSE,,,
2008,Best Original Screenplay,Screenplay (Original),Burn After Reading,,,Ethan Coen,FALSE,,,
2008,Best Original Screenplay,Screenplay (Original),Changeling,,,J. Michael Straczynski,FALSE,,,
2008,Best Original Screenplay,Screenplay (Original),I've Loved You So Long (Il y a longtemps que je t'aime),,,Philippe Claudel,FALSE,,,
2008,Best Original Screenplay,Screenplay (Original),Milk,,,Dustin Lance Black,FALSE,,,
2008,Best Actor in a Leading Role,Actor in a Leading Role,The Wrestler,,,Mickey Rourke,TRUE,,,"Randy ""The Ram"" Robinson"
2008,Best Actor in a Leading Role,Actor in a Leading Role,Frost/Nixon,,,Frank Langella,FALSE,,,Richard Nixon
2008,Best Actor in a Leading Role,Actor in a Leading Role,Slumdog Millionaire,,,Dev Patel,FALSE,,,Jamal Malik
2008,Best Actor in a Leading Role,Actor in a Leading Role,Milk,,,Sean Penn,FALSE,,,Harvey Milk
2008,Best Actor in a Leading Role,Actor in a Leading Role,The Curious Case of Benjamin Button,,,Brad Pitt,FALSE,,,Benjamin Button
2008,Best Actress in a Leading Role,Actress in a Leading Role,The Reader,,,Kate Winslet,TRUE,,,Hanna Schmitz
2008,Best Actress in a Leading Role,Actress in a Leading Role,Changeling,,,Angelina Jolie,FALSE,,,Christine Collins
2008,Best Actress in a Leading Role,Actress in a Leading Role,Doubt,,,Meryl Streep,FALSE,,,Sister Aloysius Beauvier
2008,Best Actress in a Leading Role,Actress in a Leading Role,I've Loved You So Long,,,Kristin Scott Thomas,FALSE,,,Juliette Fontaine
2008,Best Actress in a Leading Role,Actress in a Leading Role,Revolutionary Road,,,Kate Winslet,FALSE,,,April Wheeler
2008,Best Actor in a Supporting Role,Actor in a Supporting Role,The Dark Knight,,,Heath Ledger,TRUE,,,The Joker
2008,Best Actor in a Supporting Role,Actor in a Supporting Role,Tropic Thunder,,,Robert Downey Jr.,FALSE,,,Kirk Lazarus
2008,Best Actor in a Supporting Role,Actor in a Supporting Role,In Bruges,,,Brendan Gleeson,FALSE,,,Ken Daley
2008,Best Actor in a Supporting Role,Actor in a Supporting Role,Doubt,,,Philip Seymour Hoffman,FALSE,,,Father Brendan Flynn
2008,Best Actor in a Supporting Role,Actor in a Supporting Role,Burn After Reading,,,Brad Pitt,FALSE,,,Chad Feldheimer
2008,Best Actress in a Supporting Role,Actress in a Supporting Role,Vicky Cristina Barcelona,,,Penélope Cruz,TRUE,,,María Elena
2008,Best Actress in a Supporting Role,Actress in a Supporting Role,Doubt,,,Amy Adams,FALSE,,,Sister James
2008,Best Actress in a Supporting Role,Actress in a Supporting Role,Slumdog Millionaire,,,Freida Pinto,FALSE,,,Latika
2008,Best Actress in a Supporting Role,Actress in a Supporting Role,Burn After Reading,,,Tilda Swinton,FALSE,,,Katie Cox
2008,Best Actress in a Supporting Role,Actress in a Supporting Role,The Wrestler,,,Marisa Tomei,FALSE,,,Cassidy / Pam
2008,Best Cinematography,Cinematography,Slumdog Millionaire,,,Anthony Dod Mantle,TRUE,,,
2008,Best Cinematography,Cinematography,The Reader,,,Roger Deakins,FALSE,,,
2008,Best Cinematography,Cinematography,The Reader,,,Chris Menges,FALSE,,,
2008,Best Cinematography,Cinematography,The Curious Case of Benjamin Button,,,Claudio Miranda,FALSE,,,
2008,Best Cinematography,Cinematography,The Dark Knight,,,Wally Pfister,FALSE,,,
2008,Best Cinematography,Cinematography,Changeling,,,Tom Stern,FALSE,,,
2008,Best Editing,Film Editing,Slumdog Millionaire,,,Chris Dickens,TRUE,,,
2008,Best Editing,Film Editing,Changeling,,,Joel Cox,FALSE,,,
2008,Best Editing,Film Editing,Changeling,,,Gary D. Roach,FALSE,,,
2008,Best Editing,Film Editing,The Curious Case of Benjamin Button,,,Kirk Baxter,FALSE,,,
2008,Best Editing,Film Editing,The Curious Case of Benjamin Button,,,Angus Wall,FALSE,,,
2008,Best Editing,Film Editing,The Dark Knight,,,Lee Smith,FALSE,,,
2008,Best Editing,Film Editing,Frost/Nixon,,,Daniel P. Hanley,FALSE,,,
2008,Best Editing,Film Editing,Frost/Nixon,,,Mike Hill,FALSE,,,
2008,Best Costume Design,Costuming,The Duchess,,,Michael O'Connor,TRUE,,,
2008,Best Costume Design,Costuming,Changeling,,,Deborah Hopper,FALSE,,,
2008,Best Costume Design,Costuming,The Curious Case of Benjamin Button,,,Jacqueline West,FALSE,,,
2008,Best Costume Design,Costuming,The Dark Knight,,,Lindy Hemming,FALSE,,,
2008,Best Costume Design,Costuming,Revolutionary Road,,,Albert Wolsky,FALSE,,,
2008,Best Production Design,Art Direction,The Curious Case of Benjamin Button,,,Donald Graham Burt,TRUE,,,
2008,Best Production Design,Art Direction,The Curious Case of Benjamin Button,,,Victor J. Zolfo,TRUE,,,
2008,Best Production Design,Art Direction,Changeling,,,Gary Fettis,FALSE,,,
2008,Best Production Design,Art Direction,Changeling,,,James J. Murakami,FALSE,,,
2008,Best Production Design,Art Direction,The Dark Knight,,,Nathan Crowley,FALSE,,,
2008,Best Production Design,Art Direction,The Dark Knight,,,Peter Lando,FALSE,,,
2008,Best Production Design,Art Direction,Revolutionary Road,,,Debra Schutt,FALSE,,,
2008,Best Production Design,Art Direction,Revolutionary Road,,,Kristi Zea,FALSE,,,
2008,Best Production Design,Art Direction,Slumdog Millionaire,,,Michelle Day,FALSE,,,
2008,Best Production Design,Art Direction,Slumdog Millionaire,,,Mark Digby,FALSE,,,
2008,Best Make-up and Hair,Make-Up & Hairstyling,The Curious Case of Benjamin Button,,,Jean Ann Black,TRUE,,,
2008,Best Make-up and Hair,Make-Up & Hairstyling,The Curious Case of Benjamin Button,,,Colleen Callaghan,TRUE,,,
2008,Best Make-up and Hair,Make-Up & Hairstyling,The Dark Knight,,,Peter Robb-King,FALSE,,,
2008,Best Make-up and Hair,Make-Up & Hairstyling,The Duchess,,,Jan Archibald,FALSE,,,
2008,Best Make-up and Hair,Make-Up & Hairstyling,The Duchess,,,Daniel Phillips,FALSE,,,
2008,Best Make-up and Hair,Make-Up & Hairstyling,Frost/Nixon,,,Edouard F. Henriques,FALSE,,,
2008,Best Make-up and Hair,Make-Up & Hairstyling,Frost/Nixon,,,Kim Santantonio,FALSE,,,
2008,Best Make-up and Hair,Make-Up & Hairstyling,Milk,,,Steven E. Anderson,FALSE,,,
2008,Best Make-up and Hair,Make-Up & Hairstyling,Milk,,,Michael White,FALSE,,,
2008,Best Original Music,Original Score,Slumdog Millionaire,,,A. R. Rahman,TRUE,,,
2008,Best Original Music,Original Score,The Curious Case of Benjamin Button,,,Alexandre Desplat,FALSE,,,
2008,Best Original Music,Original Score,The Dark Knight,,,James Newton Howard,FALSE,,,
2008,Best Original Music,Original Score,The Dark Knight,,,Hans Zimmer,FALSE,,,
2008,Best Original Music,Original Score,Mamma Mia!,,,Benny Andersson,FALSE,,,
2008,Best Original Music,Original Score,Mamma Mia!,,,Björn Ulvaeus,FALSE,,,
2008,Best Original Music,Original Score,WALL-E,,,Thomas Newman,FALSE,,,
2008,Best Sound,Sound Mixing,Slumdog Millionaire,,,Glenn Freemantle,TRUE,,,
2008,Best Sound,Sound Mixing,Slumdog Millionaire,,,Resul Pookutty,TRUE,,,
2008,Best Sound,Sound Mixing,Slumdog Millionaire,,,Richard Pryke,TRUE,,,
2008,Best Sound,Sound Mixing,Slumdog Millionaire,,,Tom Sayers,TRUE,,,
2008,Best Sound,Sound Mixing,Slumdog Millionaire,,,Ian Tapp,TRUE,,,
2008,Best Sound,Sound Mixing,Changeling,,,Walt Martin,FALSE,,,
2008,Best Sound,Sound Mixing,Changeling,,,Alan Robert Murray,FALSE,,,
2008,Best Sound,Sound Mixing,Changeling,,,John T. Reitz,FALSE,,,
2008,Best Sound,Sound Mixing,Changeling,,,Gregg Rudloff,FALSE,,,
2008,Best Sound,Sound Mixing,The Dark Knight,,,Lora Hirschberg,FALSE,,,
2008,Best Sound,Sound Mixing,The Dark Knight,,,Richard King,FALSE,,,
2008,Best Sound,Sound Mixing,The Dark Knight,,,Ed Novick,FALSE,,,
2008,Best Sound,Sound Mixing,The Dark Knight,,,Gary Rizzo,FALSE,,,
2008,Best Sound,Sound Mixing,Quantum of Solace,,,Jimmy Boyle,FALSE,,,
2008,Best Sound,Sound Mixing,Quantum of Solace,,,Eddy Joseph,FALSE,,,
2008,Best Sound,Sound Mixing,Quantum of Solace,,,Chris Munro,FALSE,,,
2008,Best Sound,Sound Mixing,Quantum of Solace,,,Mike Prestwood Smith,FALSE,,,
2008,Best Sound,Sound Mixing,Quantum of Solace,,,Mark Taylor,FALSE,,,
2008,Best Sound,Sound Mixing,WALL-E,,,Ben Burtt,FALSE,,,
2008,Best Sound,Sound Mixing,WALL-E,,,Tom Myers,FALSE,,,
2008,Best Sound,Sound Mixing,WALL-E,,,Michael Semanick,FALSE,,,
2008,Best Sound,Sound Mixing,WALL-E,,,Matthew Wood,FALSE,,,
2008,Best Special Visual Effects,Effects,The Curious Case of Benjamin Button,,,Eric Barba,TRUE,,,
2008,Best Special Visual Effects,Effects,The Curious Case of Benjamin Button,,,Craig Barron,TRUE,,,
2008,Best Special Visual Effects,Effects,The Curious Case of Benjamin Button,,,Nathan McGuinness,TRUE,,,
2008,Best Special Visual Effects,Effects,The Curious Case of Benjamin Button,,,Edson Williams,TRUE,,,
2008,Best Special Visual Effects,Effects,The Dark Knight,,,Chris Corbould,FALSE,,,
2008,Best Special Visual Effects,Effects,The Dark Knight,,,Nick Davis,FALSE,,,
2008,Best Special Visual Effects,Effects,The Dark Knight,,,Paul Franklin,FALSE,,,
2008,Best Special Visual Effects,Effects,The Dark Knight,,,Tim Webber,FALSE,,,
2008,Best Special Visual Effects,Effects,Indiana Jones and the Kingdom of the Crystal Skull,,,Pablo Helman,FALSE,,,
2008,Best Special Visual Effects,Effects,Iron Man,,,Shane Patrick Mahan,FALSE,,,
2008,Best Special Visual Effects,Effects,Iron Man,,,John Nelson,FALSE,,,
2008,Best Special Visual Effects,Effects,Iron Man,,,Ben Snow,FALSE,,,
2008,Best Special Visual Effects,Effects,Quantum of Solace,,,Chris Corbould,FALSE,,,
2008,Best Special Visual Effects,Effects,Quantum of Solace,,,Kevin Tod Haug,FALSE,,,
2008,Rising Star Award,,,,,Noel Clarke,TRUE,,,
2008,Rising Star Award,,,,,Michael Cera,FALSE,,,
2008,Rising Star Award,,,,,Michael Fassbender,FALSE,,,
2008,Rising Star Award,,,,,Rebecca Hall,FALSE,,,
2008,Rising Star Award,,,,,Toby Kebbell,FALSE,,,
2007,Best Film,Live-Action Feature-Length Film,Atonement,,United Kingdom,Joe Wright,TRUE,Director,,
2007,Best Film,Live-Action Feature-Length Film,Atonement,,United Kingdom,Tim Bevan,TRUE,Producer,,
2007,Best Film,Live-Action Feature-Length Film,Atonement,,United Kingdom,Eric Fellner,TRUE,Producer,,
2007,Best Film,Live-Action Feature-Length Film,Atonement,,United Kingdom,Paul Webster,TRUE,Producer,,
2007,Best Film,Live-Action Feature-Length Film,American Gangster,,United States,Ridley Scott,FALSE,Director,,
2007,Best Film,Live-Action Feature-Length Film,American Gangster,,United States,Brian Grazer,FALSE,Producer,,
2007,Best Film,Live-Action Feature-Length Film,American Gangster,,United States,Ridley Scott,FALSE,Producer,,
2007,Best Film,Live-Action Feature-Length Film,The Lives of Others (Das Leben der Anderen),,Germany,Florian Henckel von Donnersmarck,FALSE,Director,,
2007,Best Film,Live-Action Feature-Length Film,The Lives of Others (Das Leben der Anderen),,Germany,Quirin Berg,FALSE,Producer,,
2007,Best Film,Live-Action Feature-Length Film,The Lives of Others (Das Leben der Anderen),,Germany,Max Wiedemann,FALSE,Producer,,
2007,Best Film,Live-Action Feature-Length Film,No Country for Old Men,,United States,Joel,FALSE,Director,,
2007,Best Film,Live-Action Feature-Length Film,No Country for Old Men,,United States,Ethan Coen,FALSE,Director,,
2007,Best Film,Live-Action Feature-Length Film,No Country for Old Men,,United States,Joel,FALSE,Producer,,
2007,Best Film,Live-Action Feature-Length Film,No Country for Old Men,,United States,Ethan Coen,FALSE,Producer,,
2007,Best Film,Live-Action Feature-Length Film,No Country for Old Men,,United States,Scott Rudin,FALSE,Producer,,
2007,Best Film,Live-Action Feature-Length Film,There Will Be Blood,,United States,Paul Thomas Anderson,FALSE,Director,,
2007,Best Film,Live-Action Feature-Length Film,There Will Be Blood,,United States,JoAnne Sellar,FALSE,Producer,,
2007,Best Film,Live-Action Feature-Length Film,There Will Be Blood,,United States,Daniel Lupi,FALSE,Producer,,
2007,Outstanding British Film,,This Is England,,United Kingdom,Shane Meadows,TRUE,Director,,
2007,Outstanding British Film,,This Is England,,United Kingdom,Mark Herbert,TRUE,Producer,,
2007,Outstanding British Film,,Atonement,,United Kingdom,Joe Wright,FALSE,Director,,
2007,Outstanding British Film,,Atonement,,United Kingdom,Tim Bevan,FALSE,Producer,,
2007,Outstanding British Film,,Atonement,,United Kingdom,Eric Fellner,FALSE,Producer,,
2007,Outstanding British Film,,Atonement,,United Kingdom,Paul Webster,FALSE,Producer,,
2007,Outstanding British Film,,The Bourne Ultimatum,,United Kingdom,Paul Greengrass,FALSE,Director,,
2007,Outstanding British Film,,The Bourne Ultimatum,,United Kingdom,Patrick Crowley,FALSE,Producer,,
2007,Outstanding British Film,,The Bourne Ultimatum,,United Kingdom,Frank Marshall,FALSE,Producer,,
2007,Outstanding British Film,,The Bourne Ultimatum,,United Kingdom,Paul L. Sandberg,FALSE,Producer,,
2007,Outstanding British Film,,The Bourne Ultimatum,,United Kingdom,Doug Liman,FALSE,Producer,,
2007,Outstanding British Film,,Control,,United Kingdom,Anton Corbijn,FALSE,Director,,
2007,Outstanding British Film,,Control,,United Kingdom,Tony Wilson,FALSE,Producer,,
2007,Outstanding British Film,,Control,,United Kingdom,Deborah Curtis,FALSE,Producer,,
2007,Outstanding British Film,,Eastern Promises,,United Kingdom,David Cronenberg,FALSE,Director,,
2007,Outstanding British Film,,Eastern Promises,,United Kingdom,Paul Webster,FALSE,Producer,,
2007,Outstanding British Film,,Eastern Promises,,United Kingdom,Robert Lantos,FALSE,Producer,,
2007,Best Film Not in the English Language,Foreign Film,The Lives of Others,Das Leben der Anderen,Germany,Florian Henckel von Donnersmarck,TRUE,Director,,
2007,Best Film Not in the English Language,Foreign Film,The Lives of Others,Das Leben der Anderen,Germany,Quirin Berg,TRUE,Producer,,
2007,Best Film Not in the English Language,Foreign Film,The Lives of Others,Das Leben der Anderen,Germany,Max Wiedemann,TRUE,Producer,,
2007,Best Film Not in the English Language,Foreign Film,The Diving Bell and the Butterfly,Le Scaphandre et le Papillon,France,Julian Schnabel,FALSE,Director,,
2007,Best Film Not in the English Language,Foreign Film,The Diving Bell and the Butterfly,Le Scaphandre et le Papillon,France,Kathleen Kennedy,FALSE,Producer,,
2007,Best Film Not in the English Language,Foreign Film,The Diving Bell and the Butterfly,Le Scaphandre et le Papillon,France,Jon Kilik,FALSE,Producer,,
2007,Best Film Not in the English Language,Foreign Film,The Kite Runner,,United States,Marc Forster,FALSE,Director,,
2007,Best Film Not in the English Language,Foreign Film,The Kite Runner,,United States,William Horberg,FALSE,Producer,,
2007,Best Film Not in the English Language,Foreign Film,The Kite Runner,,United States,Walter F. Parkes,FALSE,Producer,,
2007,Best Film Not in the English Language,Foreign Film,The Kite Runner,,United States,Rebecca Yeldham,FALSE,Producer,,
2007,Best Film Not in the English Language,Foreign Film,The Kite Runner,,United States,E. Bennett Walsh,FALSE,Producer,,
2007,Best Film Not in the English Language,Foreign Film,La Vie en Rose,La Môme,"France
 United Kingdom
 Czech Republic",Olivier Dahan,FALSE,Director,,
2007,Best Film Not in the English Language,Foreign Film,La Vie en Rose,La Môme,"France
 United Kingdom
 Czech Republic",Alain Goldman,FALSE,Producer,,
2007,Best Film Not in the English Language,Foreign Film,"Lust, Caution","色，戒, Sè, Jiè","Taiwan
 China
 United States",Ang Lee,FALSE,Director,,
2007,Best Film Not in the English Language,Foreign Film,"Lust, Caution","色，戒, Sè, Jiè","Taiwan
 China
 United States",Ang Lee,FALSE,Producer,,
2007,Best Film Not in the English Language,Foreign Film,"Lust, Caution","色，戒, Sè, Jiè","Taiwan
 China
 United States",William Kong,FALSE,Producer,,
2007,Best Film Not in the English Language,Foreign Film,"Lust, Caution","色，戒, Sè, Jiè","Taiwan
 China
 United States",James Schamus,FALSE,Producer,,
2007,Best Animated Film,Animated Feature-Length Film,Ratatouille,,United States,Brad Bird,TRUE,Director,,
2007,Best Animated Film,Animated Feature-Length Film,Ratatouille,,United States,Jan Pinkava,TRUE,Director,,
2007,Best Animated Film,Animated Feature-Length Film,Ratatouille,,United States,Brad Lewis,TRUE,Producer,,
2007,Best Animated Film,Animated Feature-Length Film,Ratatouille,,United States,John Lasseter,TRUE,Producer,,
2007,Best Animated Film,Animated Feature-Length Film,Ratatouille,,United States,Andrew Stanton,TRUE,Producer,,
2007,Best Animated Film,Animated Feature-Length Film,Ratatouille,,United States,Galyn Susman,TRUE,Producer,,
2007,Best Animated Film,Animated Feature-Length Film,Shrek the Third,,United States,Chris Miller,FALSE,Director,,
2007,Best Animated Film,Animated Feature-Length Film,Shrek the Third,,United States,Raman Hui,FALSE,Director,,
2007,Best Animated Film,Animated Feature-Length Film,Shrek the Third,,United States,Aron Warner,FALSE,Producer,,
2007,Best Animated Film,Animated Feature-Length Film,Shrek the Third,,United States,Andrew Adamson,FALSE,Producer,,
2007,Best Animated Film,Animated Feature-Length Film,Shrek the Third,,United States,Denise Nolan Cascino,FALSE,Producer,,
2007,Best Animated Film,Animated Feature-Length Film,The Simpsons Movie,,United States,David Silverman,FALSE,Director,,
2007,Best Animated Film,Animated Feature-Length Film,The Simpsons Movie,,United States,James L. Brooks,FALSE,Producer,,
2007,Best Animated Film,Animated Feature-Length Film,The Simpsons Movie,,United States,Matt Groening,FALSE,Producer,,
2007,Best Animated Film,Animated Feature-Length Film,The Simpsons Movie,,United States,Al Jean,FALSE,Producer,,
2007,Best Animated Film,Animated Feature-Length Film,The Simpsons Movie,,United States,Mike Scully,FALSE,Producer,,
2007,Best Animated Film,Animated Feature-Length Film,The Simpsons Movie,,United States,Richard Sakai,FALSE,Producer,,
2007,Best Short Film,Live-Action Short Film,Dog Altogether,,,Paddy Considine,TRUE,,,
2007,Best Short Film,Live-Action Short Film,Dog Altogether,,,Diarmid Scrimshaw,TRUE,,,
2007,Best Short Film,Live-Action Short Film,Hesitation,,,Julien Berlan,FALSE,,,
2007,Best Short Film,Live-Action Short Film,Hesitation,,,Michelle Eastwood,FALSE,,,
2007,Best Short Film,Live-Action Short Film,Hesitation,,,Virginia Gilbert,FALSE,,,
2007,Best Short Film,Live-Action Short Film,The One and Only Herb McGwyer Plays Wallis Island,,,James Griffith,FALSE,,,
2007,Best Short Film,Live-Action Short Film,The One and Only Herb McGwyer Plays Wallis Island,,,Charlie Henderson,FALSE,,,
2007,Best Short Film,Live-Action Short Film,The One and Only Herb McGwyer Plays Wallis Island,,,Tim Key,FALSE,,,
2007,Best Short Film,Live-Action Short Film,The One and Only Herb McGwyer Plays Wallis Island,,,Tom Basden,FALSE,,,
2007,Best Short Film,Live-Action Short Film,Soft,,,Simon Ellis,FALSE,,,
2007,Best Short Film,Live-Action Short Film,Soft,,,Jane Hooks,FALSE,,,
2007,Best Short Film,Live-Action Short Film,The Stronger,,,Lia Williams,FALSE,,,
2007,Best Short Film,Live-Action Short Film,The Stronger,,,Dan McCulloch,FALSE,,,
2007,Best Short Film,Live-Action Short Film,The Stronger,,,Frank McGuinness,FALSE,,,
2007,Best Short Animation,Animated Short Film,The Pearce Sisters,,,Jo Allen,TRUE,,,
2007,Best Short Animation,Animated Short Film,The Pearce Sisters,,,Luis Cook,TRUE,,,
2007,Best Short Animation,Animated Short Film,The Crumblegiant,,,Pearse Moore,FALSE,,,
2007,Best Short Animation,Animated Short Film,The Crumblegiant,,,John McCloskey,FALSE,,,
2007,Best Short Animation,Animated Short Film,Head Over Heels,,,Osbert Parker,FALSE,,,
2007,Best Short Animation,Animated Short Film,Head Over Heels,,,Fiona Pitkin,FALSE,,,
2007,Best Short Animation,Animated Short Film,Head Over Heels,,,Ian Gouldstone,FALSE,,,
2007,"Outstanding Début by a British Writer, Director, or Producer",,Control,,,Matt Greenhalgh,TRUE,,,
2007,"Outstanding Début by a British Writer, Director, or Producer",,Taking Liberties,,,Chris Atkins,FALSE,,,
2007,"Outstanding Début by a British Writer, Director, or Producer",,Scott Walker: 30 Century Man,,,Mia Bays,FALSE,,,
2007,"Outstanding Début by a British Writer, Director, or Producer",,Brick Lane,,,Sarah Gavron,FALSE,,,
2007,"Outstanding Début by a British Writer, Director, or Producer",,The Killing of John Lennon,,,Andrew Piddington,FALSE,,,
2007,Best Direction,Director,No Country for Old Men,,,Joel Coen,TRUE,,,
2007,Best Direction,Director,No Country for Old Men,,,Ethan Coen,TRUE,,,
2007,Best Direction,Director,There Will Be Blood,,,Paul Thomas Anderson,FALSE,,,
2007,Best Direction,Director,The Bourne Ultimatum,,,Paul Greengrass,FALSE,,,
2007,Best Direction,Director,The Lives of Others (Das Leben der Anderen),,,Florian Henckel von Donnersmarck,FALSE,,,
2007,Best Direction,Director,Atonement,,,Joe Wright,FALSE,,,
2007,Best Adapted Screenplay,Screenplay (Adapted),The Diving Bell and the Butterfly,,,Ronald Harwood,TRUE,,The Diving Bell and the Butterfly by Jean-Dominique Bauby,
2007,Best Adapted Screenplay,Screenplay (Adapted),Atonement,,,Christopher Hampton,FALSE,,Atonement by Ian McEwan,
2007,Best Adapted Screenplay,Screenplay (Adapted),The Kite Runner,,,David Benioff,FALSE,,The Kite Runner by Khaled Hosseini,
2007,Best Adapted Screenplay,Screenplay (Adapted),No Country for Old Men,,,Joel Coen,FALSE,,No Country for Old Men by Cormac McCarthy,
2007,Best Adapted Screenplay,Screenplay (Adapted),No Country for Old Men,,,Ethan Coen,FALSE,,No Country for Old Men by Cormac McCarthy,
2007,Best Adapted Screenplay,Screenplay (Adapted),There Will Be Blood,,,Paul Thomas Anderson,FALSE,,Oil! by Upton Sinclair,
2007,Best Original Screenplay,Screenplay (Original),Juno,,,Diablo Cody,TRUE,,,
2007,Best Original Screenplay,Screenplay (Original),American Gangster,,,Steven Zaillian,FALSE,,,
2007,Best Original Screenplay,Screenplay (Original),The Lives of Others (Das Leben der Anderen),,,Florian Henckel von Donnersmarck,FALSE,,,
2007,Best Original Screenplay,Screenplay (Original),Michael Clayton,,,Tony Gilroy,FALSE,,,
2007,Best Original Screenplay,Screenplay (Original),This Is England,,,Shane Meadows,FALSE,,,
2007,Best Actor in a Leading Role,Actor in a Leading Role,There Will Be Blood,,,Daniel Day-Lewis,TRUE,,,Daniel Plainview
2007,Best Actor in a Leading Role,Actor in a Leading Role,Michael Clayton,,,George Clooney,FALSE,,,Michael Clayton
2007,Best Actor in a Leading Role,Actor in a Leading Role,Atonement,,,James McAvoy,FALSE,,,Robbie Turner
2007,Best Actor in a Leading Role,Actor in a Leading Role,Eastern Promises,,,Viggo Mortensen,FALSE,,,Nikolai Luzhin
2007,Best Actor in a Leading Role,Actor in a Leading Role,The Lives of Others (Das Leben der Anderen),,,Ulrich Mühe,FALSE,,,Gerd Wiesler
2007,Best Actress in a Leading Role,Actress in a Leading Role,La Vie en Rose,,,Marion Cotillard,TRUE,,,Édith Piaf
2007,Best Actress in a Leading Role,Actress in a Leading Role,Elizabeth: The Golden Age,,,Cate Blanchett,FALSE,,,Queen Elizabeth I
2007,Best Actress in a Leading Role,Actress in a Leading Role,Away from Her,,,Julie Christie,FALSE,,,Fiona Anderson
2007,Best Actress in a Leading Role,Actress in a Leading Role,Atonement,,,Keira Knightley,FALSE,,,Cecilia Tallis
2007,Best Actress in a Leading Role,Actress in a Leading Role,Juno,,,Elliot Page,FALSE,,,Juno MacGuff
2007,Best Actor in a Supporting Role,Actor in a Supporting Role,No Country for Old Men,,,Javier Bardem,TRUE,,,Anton Chigurh
2007,Best Actor in a Supporting Role,Actor in a Supporting Role,There Will Be Blood,,,Paul Dano,FALSE,,,Eli Sunday / Paul Sunday
2007,Best Actor in a Supporting Role,Actor in a Supporting Role,Charlie Wilson's War,,,Philip Seymour Hoffman,FALSE,,,Gust Avrakotos
2007,Best Actor in a Supporting Role,Actor in a Supporting Role,No Country for Old Men,,,Tommy Lee Jones,FALSE,,,Sheriff Ed Tom Bell
2007,Best Actor in a Supporting Role,Actor in a Supporting Role,Michael Clayton,,,Tom Wilkinson,FALSE,,,Arthur Edens
2007,Best Actress in a Supporting Role,Actress in a Supporting Role,Michael Clayton,,,Tilda Swinton,TRUE,,,Karen Crowder
2007,Best Actress in a Supporting Role,Actress in a Supporting Role,I'm Not There,,,Cate Blanchett,FALSE,,,Jude Quinn
2007,Best Actress in a Supporting Role,Actress in a Supporting Role,No Country for Old Men,,,Kelly Macdonald,FALSE,,,Carla Jean Moss
2007,Best Actress in a Supporting Role,Actress in a Supporting Role,Control,,,Samantha Morton,FALSE,,,Deborah Woodruff Curtis
2007,Best Actress in a Supporting Role,Actress in a Supporting Role,Atonement,,,Saoirse Ronan,FALSE,,,Briony Tallis
2007,Best Cinematography,Cinematography,No Country for Old Men,,,Roger Deakins,TRUE,,,
2007,Best Cinematography,Cinematography,There Will Be Blood,,,Robert Elswit,FALSE,,,
2007,Best Cinematography,Cinematography,Atonement,,,Seamus McGarvey,FALSE,,,
2007,Best Cinematography,Cinematography,American Gangster,,,Harris Savides,FALSE,,,
2007,Best Cinematography,Cinematography,The Bourne Ultimatum,,,Oliver Wood,FALSE,,,
2007,Best Editing,Film Editing,The Bourne Ultimatum,,,Christopher Rouse,TRUE,,,
2007,Best Editing,Film Editing,American Gangster,,,Pietro Scalia,FALSE,,,
2007,Best Editing,Film Editing,Atonement,,,Paul Tothill,FALSE,,,
2007,Best Editing,Film Editing,Michael Clayton,,,John Gilroy,FALSE,,,
2007,Best Editing,Film Editing,No Country for Old Men,,,Roderick Jaynes,FALSE,,,
2007,Best Costume Design,Costuming,La Vie en Rose (La môme),,,Marit Allen,TRUE,,,
2007,Best Costume Design,Costuming,Atonement,,,Jacqueline Durran,FALSE,,,
2007,Best Costume Design,Costuming,Elizabeth: The Golden Age,,,Alexandra Byrne,FALSE,,,
2007,Best Costume Design,Costuming,"Lust, Caution",,,Lai Pan,FALSE,,,
2007,Best Costume Design,Costuming,Sweeney Todd: The Demon Barber of Fleet Street,,,Colleen Atwood,FALSE,,,
2007,Best Production Design,Art Direction,Atonement,,,Sarah Greenwood,TRUE,,,
2007,Best Production Design,Art Direction,Atonement,,,Katie Spencer,TRUE,,,
2007,Best Production Design,Art Direction,Elizabeth: The Golden Age,,,Guy Dyas,FALSE,,,
2007,Best Production Design,Art Direction,Elizabeth: The Golden Age,,,Richard Roberts,FALSE,,,
2007,Best Production Design,Art Direction,Harry Potter and the Order of the Phoenix,,,Stuart Craig,FALSE,,,
2007,Best Production Design,Art Direction,Harry Potter and the Order of the Phoenix,,,Stephenie McMillan,FALSE,,,
2007,Best Production Design,Art Direction,La Vie en Rose (La môme),,,Olivier Raoux,FALSE,,,
2007,Best Production Design,Art Direction,There Will Be Blood,,,Jim Erickson,FALSE,,,
2007,Best Production Design,Art Direction,There Will Be Blood,,,Jack Fisk,FALSE,,,
2007,Best Make-up and Hair,Make-Up & Hairstyling,La Vie en Rose (La môme),,,Jan Archibald,TRUE,,,
2007,Best Make-up and Hair,Make-Up & Hairstyling,La Vie en Rose (La môme),,,Didier Lavergne,TRUE,,,
2007,Best Make-up and Hair,Make-Up & Hairstyling,Atonement,,,Ivana Primorac,FALSE,,,
2007,Best Make-up and Hair,Make-Up & Hairstyling,Elizabeth: The Golden Age,,,Jenny Shircore,FALSE,,,
2007,Best Make-up and Hair,Make-Up & Hairstyling,Hairspray,,,Judi Cooper-Sealy,FALSE,,,
2007,Best Make-up and Hair,Make-Up & Hairstyling,Hairspray,,,Jordan Samuel,FALSE,,,
2007,Best Make-up and Hair,Make-Up & Hairstyling,Sweeney Todd: The Demon Barber of Fleet Street,,,Ivana Primorac,FALSE,,,
2007,Best Make-up and Hair,Make-Up & Hairstyling,Sweeney Todd: The Demon Barber of Fleet Street,,,Peter Owen,FALSE,,,
2007,Best Original Music,Original Score,La Vie en Rose (La môme),,,Christopher Gunning,TRUE,,,
2007,Best Original Music,Original Score,American Gangster,,,Marc Streitenfeld,FALSE,,,
2007,Best Original Music,Original Score,Atonement,,,Dario Marianelli,FALSE,,,
2007,Best Original Music,Original Score,The Kite Runner,,,Alberto Iglesias,FALSE,,,
2007,Best Original Music,Original Score,There Will Be Blood,,,Jonny Greenwood,FALSE,,,
2007,Best Sound,Sound Mixing,The Bourne Ultimatum,,,Kirk Francis,TRUE,,,
2007,Best Sound,Sound Mixing,The Bourne Ultimatum,,,Scott Millan,TRUE,,,
2007,Best Sound,Sound Mixing,The Bourne Ultimatum,,,Dave Parker,TRUE,,,
2007,Best Sound,Sound Mixing,The Bourne Ultimatum,,,Karen Baker Landers,TRUE,,,
2007,Best Sound,Sound Mixing,The Bourne Ultimatum,,,Per Hallberg,TRUE,,,
2007,Best Sound,Sound Mixing,Atonement,,,Danny Hambrook,FALSE,,,
2007,Best Sound,Sound Mixing,Atonement,,,Paul Hamblin,FALSE,,,
2007,Best Sound,Sound Mixing,Atonement,,,Catherine Hodgson,FALSE,,,
2007,Best Sound,Sound Mixing,Atonement,,,Becki Ponting,FALSE,,,
2007,Best Sound,Sound Mixing,La Vie en Rose (La Môme),,,Laurent Zeilig,FALSE,,,
2007,Best Sound,Sound Mixing,La Vie en Rose (La Môme),,,Pascal Villard,FALSE,,,
2007,Best Sound,Sound Mixing,La Vie en Rose (La Môme),,,Jean-Paul Hurier,FALSE,,,
2007,Best Sound,Sound Mixing,La Vie en Rose (La Môme),,,Marc Doisne,FALSE,,,
2007,Best Sound,Sound Mixing,No Country for Old Men,,,Peter Kurland,FALSE,,,
2007,Best Sound,Sound Mixing,No Country for Old Men,,,Skip Lievsay,FALSE,,,
2007,Best Sound,Sound Mixing,No Country for Old Men,,,Craig Berkey,FALSE,,,
2007,Best Sound,Sound Mixing,No Country for Old Men,,,Greg Orloff,FALSE,,,
2007,Best Sound,Sound Mixing,There Will Be Blood,,,Christopher Scarabosio,FALSE,,,
2007,Best Sound,Sound Mixing,There Will Be Blood,,,Matthew Wood,FALSE,,,
2007,Best Sound,Sound Mixing,There Will Be Blood,,,John Pritchett,FALSE,,,
2007,Best Sound,Sound Mixing,There Will Be Blood,,,Michael Semanick,FALSE,,,
2007,Best Sound,Sound Mixing,There Will Be Blood,,,Tom Johnson,FALSE,,,
2007,Best Special Visual Effects,Effects,The Golden Compass,,,Michael Fink,TRUE,,,
2007,Best Special Visual Effects,Effects,The Golden Compass,,,Bill Westenhofer,TRUE,,,
2007,Best Special Visual Effects,Effects,The Golden Compass,,,Ben Morris,TRUE,,,
2007,Best Special Visual Effects,Effects,The Golden Compass,,,Trevor Wood,TRUE,,,
2007,Best Special Visual Effects,Effects,The Bourne Ultimatum,,,Peter Chiang,FALSE,,,
2007,Best Special Visual Effects,Effects,The Bourne Ultimatum,,,Charlie Noble,FALSE,,,
2007,Best Special Visual Effects,Effects,The Bourne Ultimatum,,,Mattias Lindahl,FALSE,,,
2007,Best Special Visual Effects,Effects,The Bourne Ultimatum,,,Joss Williams,FALSE,,,
2007,Best Special Visual Effects,Effects,Harry Potter and the Order of the Phoenix,,,Tim Burke,FALSE,,,
2007,Best Special Visual Effects,Effects,Harry Potter and the Order of the Phoenix,,,John Richardson,FALSE,,,
2007,Best Special Visual Effects,Effects,Harry Potter and the Order of the Phoenix,,,Emma Norton,FALSE,,,
2007,Best Special Visual Effects,Effects,Harry Potter and the Order of the Phoenix,,,Chris Shaw,FALSE,,,
2007,Best Special Visual Effects,Effects,Pirates of the Caribbean: At World's End,,,John Knoll,FALSE,,,
2007,Best Special Visual Effects,Effects,Pirates of the Caribbean: At World's End,,,Charles Gibson,FALSE,,,
2007,Best Special Visual Effects,Effects,Pirates of the Caribbean: At World's End,,,Hal Hickel,FALSE,,,
2007,Best Special Visual Effects,Effects,Pirates of the Caribbean: At World's End,,,John Frazier,FALSE,,,
2007,Best Special Visual Effects,Effects,Spider-Man 3,,,Scott Stokdyk,FALSE,,,
2007,Best Special Visual Effects,Effects,Spider-Man 3,,,Peter Nofz,FALSE,,,
2007,Best Special Visual Effects,Effects,Spider-Man 3,,,John Frazier,FALSE,,,
2007,Best Special Visual Effects,Effects,Spider-Man 3,,,Spencer Cook,FALSE,,,
2007,Rising Star Award,,,,,Shia LaBeouf,TRUE,,,
2007,Rising Star Award,,,,,Sienna Miller,FALSE,,,
2007,Rising Star Award,,,,,Elliot Page,FALSE,,,
2007,Rising Star Award,,,,,Sam Riley,FALSE,,,
2007,Rising Star Award,,,,,Tang Wei,FALSE,,,
2006,Best Film,Live-Action Feature-Length Film,The Queen,,United Kingdom,Stephen Frears,TRUE,Director,,
2006,Best Film,Live-Action Feature-Length Film,The Queen,,United Kingdom,Tracey Seaward,TRUE,Producer,,
2006,Best Film,Live-Action Feature-Length Film,The Queen,,United Kingdom,Christine Langan,TRUE,Producer,,
2006,Best Film,Live-Action Feature-Length Film,The Queen,,United Kingdom,Andy Harries,TRUE,Producer,,
2006,Best Film,Live-Action Feature-Length Film,Babel,,"United States
Mexico",Alejandro González Iñárritu,FALSE,Director,,
2006,Best Film,Live-Action Feature-Length Film,Babel,,"United States
Mexico",Alejandro González Iñárritu,FALSE,Producer,,
2006,Best Film,Live-Action Feature-Length Film,Babel,,"United States
Mexico",Jon Kilik,FALSE,Producer,,
2006,Best Film,Live-Action Feature-Length Film,Babel,,"United States
Mexico",Steve Golin,FALSE,Producer,,
2006,Best Film,Live-Action Feature-Length Film,The Departed,,United States,Martin Scorsese,FALSE,Director,,
2006,Best Film,Live-Action Feature-Length Film,The Departed,,United States,Brad Pitt,FALSE,Producer,,
2006,Best Film,Live-Action Feature-Length Film,The Departed,,United States,Brad Grey,FALSE,Producer,,
2006,Best Film,Live-Action Feature-Length Film,The Departed,,United States,Graham King,FALSE,Producer,,
2006,Best Film,Live-Action Feature-Length Film,The Last King of Scotland,,United Kingdom,Kevin Macdonald,FALSE,Director,,
2006,Best Film,Live-Action Feature-Length Film,The Last King of Scotland,,United Kingdom,Andrea Calderwood,FALSE,Producer,,
2006,Best Film,Live-Action Feature-Length Film,The Last King of Scotland,,United Kingdom,Lisa Bryer,FALSE,Producer,,
2006,Best Film,Live-Action Feature-Length Film,The Last King of Scotland,,United Kingdom,Charles Steel,FALSE,Producer,,
2006,Best Film,Live-Action Feature-Length Film,Little Miss Sunshine,,United States,Jonathan Dayton,FALSE,Director,,
2006,Best Film,Live-Action Feature-Length Film,Little Miss Sunshine,,United States,Valerie Faris,FALSE,Director,,
2006,Best Film,Live-Action Feature-Length Film,Little Miss Sunshine,,United States,David T. Friendly,FALSE,Producer,,
2006,Best Film,Live-Action Feature-Length Film,Little Miss Sunshine,,United States,Peter Saraf,FALSE,Producer,,
2006,Best Film,Live-Action Feature-Length Film,Little Miss Sunshine,,United States,Marc Turtletaub,FALSE,Producer,,
2006,Outstanding British Film,,The Last King of Scotland,,United Kingdom,Kevin Macdonald,TRUE,Director,,
2006,Outstanding British Film,,The Last King of Scotland,,United Kingdom,Andrea Calderwood,TRUE,Producer,,
2006,Outstanding British Film,,The Last King of Scotland,,United Kingdom,Lisa Bryer,TRUE,Producer,,
2006,Outstanding British Film,,The Last King of Scotland,,United Kingdom,Charles Steel,TRUE,Producer,,
2006,Outstanding British Film,,The Last King of Scotland,,United Kingdom,Peter Morgan,TRUE,Producer,,
2006,Outstanding British Film,,The Queen,,United Kingdom,Stephen Frears,FALSE,Director,,
2006,Outstanding British Film,,The Queen,,United Kingdom,Tracey Seaward,FALSE,Producer,,
2006,Outstanding British Film,,The Queen,,United Kingdom,Christine Langan,FALSE,Producer,,
2006,Outstanding British Film,,The Queen,,United Kingdom,Andy Harries,FALSE,Producer,,
2006,Outstanding British Film,,The Queen,,United Kingdom,Peter Morgan,FALSE,Producer,,
2006,Outstanding British Film,,Casino Royale,,United Kingdom,Martin Campbell,FALSE,Director,,
2006,Outstanding British Film,,Casino Royale,,United Kingdom,Michael G. Wilson,FALSE,Producer,,
2006,Outstanding British Film,,Casino Royale,,United Kingdom,Barbara Broccoli,FALSE,Producer,,
2006,Outstanding British Film,,Casino Royale,,United Kingdom,Robert Wade,FALSE,Producer,,
2006,Outstanding British Film,,Casino Royale,,United Kingdom,Paul Haggis,FALSE,Producer,,
2006,Outstanding British Film,,Casino Royale,,United Kingdom,Neal Purvis,FALSE,Producer,,
2006,Outstanding British Film,,United 93,,United Kingdom,Paul Greengrass,FALSE,Director,,
2006,Outstanding British Film,,United 93,,United Kingdom,Tim Bevan,FALSE,Producer,,
2006,Outstanding British Film,,United 93,,United Kingdom,Lloyd Levin,FALSE,Producer,,
2006,Outstanding British Film,,Notes on a Scandal,,United Kingdom,Richard Eyre,FALSE,Director,,
2006,Outstanding British Film,,Notes on a Scandal,,United Kingdom,Scott Rudin,FALSE,Producer,,
2006,Outstanding British Film,,Notes on a Scandal,,United Kingdom,Robert Fox,FALSE,Producer,,
2006,Best Film Not in the English Language,Foreign Film,Pan's Labyrinth,El laberinto del fauno,"Spain
Mexico",Guillermo del Toro,TRUE,Director,,
2006,Best Film Not in the English Language,Foreign Film,Pan's Labyrinth,El laberinto del fauno,"Spain
Mexico",Guillermo del Toro,TRUE,Producer,,
2006,Best Film Not in the English Language,Foreign Film,Pan's Labyrinth,El laberinto del fauno,"Spain
Mexico",Bertha Navarro,TRUE,Producer,,
2006,Best Film Not in the English Language,Foreign Film,Pan's Labyrinth,El laberinto del fauno,"Spain
Mexico",Alfonso Cuarón,TRUE,Producer,,
2006,Best Film Not in the English Language,Foreign Film,Pan's Labyrinth,El laberinto del fauno,"Spain
Mexico",Frida Torresblanco,TRUE,Producer,,
2006,Best Film Not in the English Language,Foreign Film,Pan's Labyrinth,El laberinto del fauno,"Spain
Mexico",Álvaro Augustin,TRUE,Producer,,
2006,Best Film Not in the English Language,Foreign Film,Apocalypto,,United States,Mel Gibson,FALSE,Director,,
2006,Best Film Not in the English Language,Foreign Film,Apocalypto,,United States,Mel Gibson,FALSE,Producer,,
2006,Best Film Not in the English Language,Foreign Film,Apocalypto,,United States,Bruce Davey,FALSE,Producer,,
2006,Best Film Not in the English Language,Foreign Film,Black Book,Zwartboek,"Netherlands
 Germany
 Belgium",Paul Verhoeven,FALSE,Director,,
2006,Best Film Not in the English Language,Foreign Film,Black Book,Zwartboek,"Netherlands
 Germany
 Belgium",Jeroen Beker,FALSE,Producer,,
2006,Best Film Not in the English Language,Foreign Film,Black Book,Zwartboek,"Netherlands
 Germany
 Belgium",San Fu Maltha,FALSE,Producer,,
2006,Best Film Not in the English Language,Foreign Film,Black Book,Zwartboek,"Netherlands
 Germany
 Belgium",Teun Hilte,FALSE,Producer,,
2006,Best Film Not in the English Language,Foreign Film,Black Book,Zwartboek,"Netherlands
 Germany
 Belgium",Jens Meurer,FALSE,Producer,,
2006,Best Film Not in the English Language,Foreign Film,Black Book,Zwartboek,"Netherlands
 Germany
 Belgium",Frans van Gestel,FALSE,Producer,,
2006,Best Film Not in the English Language,Foreign Film,Rang De Basanti,,India,Rakeysh Omprakash Mehra,FALSE,Director,,
2006,Best Film Not in the English Language,Foreign Film,Rang De Basanti,,India,Rakeysh Omprakash Mehra,FALSE,Producer,,
2006,Best Film Not in the English Language,Foreign Film,Rang De Basanti,,India,Ronnie Screwvala,FALSE,Producer,,
2006,Best Film Not in the English Language,Foreign Film,Volver,,Spain,Pedro Almodóvar,FALSE,Director,,
2006,Best Film Not in the English Language,Foreign Film,Volver,,Spain,Agustín Almodóvar,FALSE,Producer,,
2006,Best Film Not in the English Language,Foreign Film,Volver,,Spain,Esther García,FALSE,Producer,,
2006,Best Animated Film,Animated Feature-Length Film,Happy Feet,,"United States, Australia",George Miller,TRUE,Director,,
2006,Best Animated Film,Animated Feature-Length Film,Happy Feet,,"United States, Australia",Warren Coleman,TRUE,Director,,
2006,Best Animated Film,Animated Feature-Length Film,Happy Feet,,"United States, Australia",Judy Morris,TRUE,Director,,
2006,Best Animated Film,Animated Feature-Length Film,Happy Feet,,"United States, Australia",Bill Miller,TRUE,Producer,,
2006,Best Animated Film,Animated Feature-Length Film,Happy Feet,,"United States, Australia",George Miller,TRUE,Producer,,
2006,Best Animated Film,Animated Feature-Length Film,Happy Feet,,"United States, Australia",Doug Mitchell,TRUE,Producer,,
2006,Best Animated Film,Animated Feature-Length Film,Happy Feet,,"United States, Australia",Philip Hearnshaw,TRUE,Producer,,
2006,Best Animated Film,Animated Feature-Length Film,Cars,,United States,John Lasseter,FALSE,Director,,
2006,Best Animated Film,Animated Feature-Length Film,Cars,,United States,Joe Ranft,FALSE,Director,,
2006,Best Animated Film,Animated Feature-Length Film,Cars,,United States,Darla K. Anderson,FALSE,Producer,,
2006,Best Animated Film,Animated Feature-Length Film,Flushed Away,,"United Kingdom, United States",David Bowers,FALSE,Director,,
2006,Best Animated Film,Animated Feature-Length Film,Flushed Away,,"United Kingdom, United States",Sam Fell,FALSE,Director,,
2006,Best Animated Film,Animated Feature-Length Film,Flushed Away,,"United Kingdom, United States",Dick Clement,FALSE,Producer,,
2006,Best Animated Film,Animated Feature-Length Film,Flushed Away,,"United Kingdom, United States",Ian La Frenais,FALSE,Producer,,
2006,Best Animated Film,Animated Feature-Length Film,Flushed Away,,"United Kingdom, United States",Simon Nye,FALSE,Producer,,
2006,Best Short Film,Live-Action Short Film,Do Not Erase,,,Asitha Ameresekere,TRUE,,,
2006,Best Short Film,Live-Action Short Film,Care,,,Corinna Faith,FALSE,,,
2006,Best Short Film,Live-Action Short Film,Care,,,Rachel Bailey,FALSE,,,
2006,Best Short Film,Live-Action Short Film,Care,,,Tracy Bass,FALSE,,,
2006,Best Short Film,Live-Action Short Film,Care,,,Corinna Faith,FALSE,,,
2006,Best Short Film,Live-Action Short Film,Cubs,,,Tom Harper,FALSE,,,
2006,Best Short Film,Live-Action Short Film,Cubs,,,Lisa Williams,FALSE,,,
2006,Best Short Film,Live-Action Short Film,Hikikomori,,,Paul Wright,FALSE,,,
2006,Best Short Film,Live-Action Short Film,Hikikomori,,,Karley Duffy,FALSE,,,
2006,Best Short Film,Live-Action Short Film,"Kissing, Tickling and Being Bored",,,Jim McRoberts,FALSE,,,
2006,Best Short Film,Live-Action Short Film,"Kissing, Tickling and Being Bored",,,David Smith,FALSE,,,
2006,Best Short Animation,Animated Short Film,Guy 101,,,Ian Gouldstone,TRUE,,,
2006,Best Short Animation,Animated Short Film,Dreams And Desires: Family Ties,,,Les Mills,FALSE,,,
2006,Best Short Animation,Animated Short Film,Dreams And Desires: Family Ties,,,Joanna Quinn,FALSE,,,
2006,Best Short Animation,Animated Short Film,Peter And The Wolf,,,Hugh Welchman,FALSE,,,
2006,Best Short Animation,Animated Short Film,Peter And The Wolf,,,Alan Dewhurst,FALSE,,,
2006,Best Short Animation,Animated Short Film,Peter And The Wolf,,,Suzie Templeton,FALSE,,,
2006,"Outstanding Début by a British Writer, Director, or Producer",,Red Road,,,Andrea Arnold,TRUE,,,
2006,"Outstanding Début by a British Writer, Director, or Producer",,Black Sun,,,Gary Tarn,FALSE,,,
2006,"Outstanding Début by a British Writer, Director, or Producer",,London to Brighton,,,Paul Andrew Williams,FALSE,,,
2006,"Outstanding Début by a British Writer, Director, or Producer",,Pierrepoint,,,Christine Langan,FALSE,,,
2006,"Outstanding Début by a British Writer, Director, or Producer",,Rollin' with the Nines,,,Julian Gilbey,FALSE,,,
2006,Best Direction,Director,United 93,,,Paul Greengrass,TRUE,,,
2006,Best Direction,Director,Little Miss Sunshine,,,Jonathan Dayton,FALSE,,,
2006,Best Direction,Director,Little Miss Sunshine,,,Valerie Faris,FALSE,,,
2006,Best Direction,Director,The Queen,,,Stephen Frears,FALSE,,,
2006,Best Direction,Director,Babel,,,Alejandro González Iñárritu,FALSE,,,
2006,Best Direction,Director,The Departed,,,Martin Scorsese,FALSE,,,
2006,Best Adapted Screenplay,Screenplay (Adapted),The Last King of Scotland,,,Jeremy Brock,TRUE,,The Last King of Scotland by Giles Foden,
2006,Best Adapted Screenplay,Screenplay (Adapted),The Last King of Scotland,,,Peter Morgan,TRUE,,The Last King of Scotland by Giles Foden,
2006,Best Adapted Screenplay,Screenplay (Adapted),Casino Royale,,,Paul Haggis,FALSE,,Casino Royale by Ian Fleming,
2006,Best Adapted Screenplay,Screenplay (Adapted),Casino Royale,,,Neal Purvis,FALSE,,Casino Royale by Ian Fleming,
2006,Best Adapted Screenplay,Screenplay (Adapted),Casino Royale,,,Robert Wade,FALSE,,Casino Royale by Ian Fleming,
2006,Best Adapted Screenplay,Screenplay (Adapted),The Departed,,,William Monahan,FALSE,,Infernal Affairs by Alan Mak and Felix Chong,
2006,Best Adapted Screenplay,Screenplay (Adapted),The Devil Wears Prada,,,Aline Brosh McKenna,FALSE,,The Devil Wears Prada by Lauren Weisberger,
2006,Best Adapted Screenplay,Screenplay (Adapted),Notes on a Scandal,,,Patrick Marber,FALSE,,Notes on a Scandal by Zoë Heller,
2006,Best Original Screenplay,Screenplay (Original),Little Miss Sunshine,,,Michael Arndt,TRUE,,,
2006,Best Original Screenplay,Screenplay (Original),Babel,,,Guillermo Arriaga,FALSE,,,
2006,Best Original Screenplay,Screenplay (Original),Pan's Labyrinth (El laberinto del fauno),,,Guillermo del Toro,FALSE,,,
2006,Best Original Screenplay,Screenplay (Original),The Queen,,,Peter Morgan,FALSE,,,
2006,Best Original Screenplay,Screenplay (Original),United 93,,,Paul Greengrass,FALSE,,,
2006,Best Actor in a Leading Role,Actor in a Leading Role,The Last King of Scotland,,,Forest Whitaker,TRUE,,,Idi Amin
2006,Best Actor in a Leading Role,Actor in a Leading Role,Casino Royale,,,Daniel Craig,FALSE,,,James Bond
2006,Best Actor in a Leading Role,Actor in a Leading Role,The Departed,,,Leonardo DiCaprio,FALSE,,,"William ""Billy"" Costigan, Jr."
2006,Best Actor in a Leading Role,Actor in a Leading Role,The History Boys,,,Richard Griffiths,FALSE,,,Hector
2006,Best Actor in a Leading Role,Actor in a Leading Role,Venus,,,Peter O'Toole,FALSE,,,Maurice Russell
2006,Best Actress in a Leading Role,Actress in a Leading Role,The Queen,,,Helen Mirren,TRUE,,,Queen Elizabeth II
2006,Best Actress in a Leading Role,Actress in a Leading Role,Volver,,,Penélope Cruz,FALSE,,,Raimunda
2006,Best Actress in a Leading Role,Actress in a Leading Role,Notes on a Scandal,,,Judi Dench,FALSE,,,Barbara Covett
2006,Best Actress in a Leading Role,Actress in a Leading Role,The Devil Wears Prada,,,Meryl Streep,FALSE,,,Miranda Priestly
2006,Best Actress in a Leading Role,Actress in a Leading Role,Little Children,,,Kate Winslet,FALSE,,,Sarah Pierce
2006,Best Actor in a Supporting Role,Actor in a Supporting Role,Little Miss Sunshine,,,Alan Arkin,TRUE,,,Edwin Hoover
2006,Best Actor in a Supporting Role,Actor in a Supporting Role,The Last King of Scotland,,,James McAvoy,FALSE,,,Nicholas Garrigan
2006,Best Actor in a Supporting Role,Actor in a Supporting Role,The Departed,,,Jack Nicholson,FALSE,,,Frank Costello
2006,Best Actor in a Supporting Role,Actor in a Supporting Role,Venus,,,Leslie Phillips,FALSE,,,Ian Brooks
2006,Best Actor in a Supporting Role,Actor in a Supporting Role,The Queen,,,Michael Sheen,FALSE,,,Tony Blair
2006,Best Actress in a Supporting Role,Actress in a Supporting Role,Dreamgirls,,,Jennifer Hudson,TRUE,,,Effie White
2006,Best Actress in a Supporting Role,Actress in a Supporting Role,The Devil Wears Prada,,,Emily Blunt,FALSE,,,Emily Charlton
2006,Best Actress in a Supporting Role,Actress in a Supporting Role,Little Miss Sunshine,,,Abigail Breslin,FALSE,,,Olive Hoover
2006,Best Actress in a Supporting Role,Actress in a Supporting Role,,,,Toni Collette,FALSE,,,Sheryl Hoover
2006,Best Actress in a Supporting Role,Actress in a Supporting Role,The History Boys,,,Frances de la Tour,FALSE,,,Dorothy Lintott
2006,Best Cinematography,Cinematography,Children of Men,,,Emmanuel Lubezki,TRUE,,,
2006,Best Cinematography,Cinematography,United 93,,,Barry Ackroyd,FALSE,,,
2006,Best Cinematography,Cinematography,Casino Royale,,,Phil Méheux,FALSE,,,
2006,Best Cinematography,Cinematography,Pan's Labyrinth (El laberinto del fauno),,,Guillermo Navarro,FALSE,,,
2006,Best Cinematography,Cinematography,Babel,,,Rodrigo Prieto,FALSE,,,
2006,Best Editing,Film Editing,United 93,,,Clare Douglas,TRUE,,,
2006,Best Editing,Film Editing,United 93,,,Richard Pearson,TRUE,,,
2006,Best Editing,Film Editing,United 93,,,Christopher Rouse,TRUE,,,
2006,Best Editing,Film Editing,Babel,,,Stephen Mirrione,FALSE,,,
2006,Best Editing,Film Editing,Babel,,,Douglas Crise,FALSE,,,
2006,Best Editing,Film Editing,Casino Royale,,,Stuart Baird,FALSE,,,
2006,Best Editing,Film Editing,The Departed,,,Thelma Schoonmaker,FALSE,,,
2006,Best Editing,Film Editing,The Queen,,,Lucia Zucchetti,FALSE,,,
2006,Best Costume Design,Costuming,Marie Antoinette,,,Milena Canonero,TRUE,,,
2006,Best Costume Design,Costuming,The Devil Wears Prada,,,Patricia Field,FALSE,,,
2006,Best Costume Design,Costuming,Pirates of the Caribbean: Dead Man's Chest,,,Penny Rose,FALSE,,,
2006,Best Costume Design,Costuming,The Queen,,,Consolata Boyle,FALSE,,,
2006,Best Costume Design,Costuming,Pan's Labyrinth (El laberinto del fauno),,,Lala Huete,FALSE,,,
2006,Best Production Design,Art Direction,Children of Men,,,Jim Clay,TRUE,,,
2006,Best Production Design,Art Direction,Children of Men,,,Geoffrey Kirkland,TRUE,,,
2006,Best Production Design,Art Direction,Children of Men,,,Jennifer Williams,TRUE,,,
2006,Best Production Design,Art Direction,Casino Royale,,,Peter Lamont,FALSE,,,
2006,Best Production Design,Art Direction,Casino Royale,,,Simon Wakefield,FALSE,,,
2006,Best Production Design,Art Direction,Marie Antoinette,,,K. K. Barrett,FALSE,,,
2006,Best Production Design,Art Direction,Marie Antoinette,,,Véronique Melery,FALSE,,,
2006,Best Production Design,Art Direction,Pan's Labyrinth (El laberinto del fauno),,,Eugenio Caballero,FALSE,,,
2006,Best Production Design,Art Direction,Pan's Labyrinth (El laberinto del fauno),,,Pilar Revuelta,FALSE,,,
2006,Best Production Design,Art Direction,Pirates of the Caribbean: Dead Man's Chest,,,Cheryl Carasik,FALSE,,,
2006,Best Production Design,Art Direction,Pirates of the Caribbean: Dead Man's Chest,,,Rick Heinrichs,FALSE,,,
2006,Best Make-up and Hair,Make-Up & Hairstyling,Pan's Labyrinth (El laberinto del fauno),,,José Quetglás,TRUE,,,
2006,Best Make-up and Hair,Make-Up & Hairstyling,Pan's Labyrinth (El laberinto del fauno),,,Blanca Sánchez,TRUE,,,
2006,Best Make-up and Hair,Make-Up & Hairstyling,The Devil Wears Prada,,,Angel De Angelis,FALSE,,,
2006,Best Make-up and Hair,Make-Up & Hairstyling,The Devil Wears Prada,,,Nicki Ledermann,FALSE,,,
2006,Best Make-up and Hair,Make-Up & Hairstyling,Marie Antoinette,,,Desiree Corridoni,FALSE,,,
2006,Best Make-up and Hair,Make-Up & Hairstyling,Marie Antoinette,,,Jean-Luc Russier,FALSE,,,
2006,Best Make-up and Hair,Make-Up & Hairstyling,Pirates of the Caribbean: Dead Man's Chest,,,Ve Neill,FALSE,,,
2006,Best Make-up and Hair,Make-Up & Hairstyling,Pirates of the Caribbean: Dead Man's Chest,,,Martin Samuel,FALSE,,,
2006,Best Make-up and Hair,Make-Up & Hairstyling,The Queen,,,Daniel Phillips,FALSE,,,
2006,Best Original Music,Original Score,Babel,,,Gustavo Santaolalla,TRUE,,,
2006,Best Original Music,Original Score,Casino Royale,,,David Arnold,FALSE,,,
2006,Best Original Music,Original Score,Dreamgirls,,,Henry Krieger,FALSE,,,
2006,Best Original Music,Original Score,Happy Feet,,,John Powell,FALSE,,,
2006,Best Original Music,Original Score,The Queen,,,Alexandre Desplat,FALSE,,,
2006,Best Sound,Sound Mixing,Casino Royale,,,Chris Munro,TRUE,,,
2006,Best Sound,Sound Mixing,Casino Royale,,,Eddy Joseph,TRUE,,,
2006,Best Sound,Sound Mixing,Casino Royale,,,Mike Prestwood Smith,TRUE,,,
2006,Best Sound,Sound Mixing,Casino Royale,,,Martin Cantwell,TRUE,,,
2006,Best Sound,Sound Mixing,Casino Royale,,,Mark Taylor,TRUE,,,
2006,Best Sound,Sound Mixing,Babel,,,José Antonio Garcia,FALSE,,,
2006,Best Sound,Sound Mixing,Babel,,,Jon Taylor,FALSE,,,
2006,Best Sound,Sound Mixing,Babel,,,Christian P. Minkler,FALSE,,,
2006,Best Sound,Sound Mixing,Babel,,,Martin Hernández,FALSE,,,
2006,Best Sound,Sound Mixing,Pan's Labyrinth (El laberinto del fauno),,,Martin Hernández,FALSE,,,
2006,Best Sound,Sound Mixing,Pan's Labyrinth (El laberinto del fauno),,,Jaime Baksht,FALSE,,,
2006,Best Sound,Sound Mixing,Pan's Labyrinth (El laberinto del fauno),,,Miguel Ángel Polo,FALSE,,,
2006,Best Sound,Sound Mixing,Pirates of the Caribbean: Dead Man's Chest,,,Christopher Boyes,FALSE,,,
2006,Best Sound,Sound Mixing,Pirates of the Caribbean: Dead Man's Chest,,,George Watters II,FALSE,,,
2006,Best Sound,Sound Mixing,Pirates of the Caribbean: Dead Man's Chest,,,Paul Massey,FALSE,,,
2006,Best Sound,Sound Mixing,Pirates of the Caribbean: Dead Man's Chest,,,Lee Orloff,FALSE,,,
2006,Best Sound,Sound Mixing,United 93,,,Chris Munro,FALSE,,,
2006,Best Sound,Sound Mixing,United 93,,,Mike Prestwood Smith,FALSE,,,
2006,Best Sound,Sound Mixing,United 93,,,Doug Cooper,FALSE,,,
2006,Best Sound,Sound Mixing,United 93,,,Oliver Tarney,FALSE,,,
2006,Best Sound,Sound Mixing,United 93,,,Eddy Joseph,FALSE,,,
2006,Best Special Visual Effects,Effects,Pirates of the Caribbean: Dead Man's Chest,,,John Knoll,TRUE,,,
2006,Best Special Visual Effects,Effects,Pirates of the Caribbean: Dead Man's Chest,,,Hal Hickel,TRUE,,,
2006,Best Special Visual Effects,Effects,Pirates of the Caribbean: Dead Man's Chest,,,Charles Gibson,TRUE,,,
2006,Best Special Visual Effects,Effects,Pirates of the Caribbean: Dead Man's Chest,,,Allen Hall,TRUE,,,
2006,Best Special Visual Effects,Effects,Casino Royale,,,Steven Begg,FALSE,,,
2006,Best Special Visual Effects,Effects,Casino Royale,,,Chris Corbould,FALSE,,,
2006,Best Special Visual Effects,Effects,Casino Royale,,,John Paul,FALSE,,,
2006,Best Special Visual Effects,Effects,Casino Royale,,,Ditch Doy,FALSE,,,
2006,Best Special Visual Effects,Effects,Children of Men,,,Frazer Churchill,FALSE,,,
2006,Best Special Visual Effects,Effects,Children of Men,,,Tim Webber,FALSE,,,
2006,Best Special Visual Effects,Effects,Children of Men,,,Mike Eames,FALSE,,,
2006,Best Special Visual Effects,Effects,Children of Men,,,Paul Corbould,FALSE,,,
2006,Best Special Visual Effects,Effects,Pan's Labyrinth (El laberinto del fauno),,,Edward Irastorza,FALSE,,,
2006,Best Special Visual Effects,Effects,Pan's Labyrinth (El laberinto del fauno),,,Everett Burrell,FALSE,,,
2006,Best Special Visual Effects,Effects,Pan's Labyrinth (El laberinto del fauno),,,David Martí,FALSE,,,
2006,Best Special Visual Effects,Effects,Pan's Labyrinth (El laberinto del fauno),,,Montse Ribé,FALSE,,,
2006,Best Special Visual Effects,Effects,Superman Returns,,,Mark Stetson,FALSE,,,
2006,Best Special Visual Effects,Effects,Superman Returns,,,Neil Corbould,FALSE,,,
2006,Best Special Visual Effects,Effects,Superman Returns,,,Richard R. Hoover,FALSE,,,
2006,Best Special Visual Effects,Effects,Superman Returns,,,Jon Thum,FALSE,,,
2006,Rising Star Award,,,,,Eva Green,TRUE,,,
2006,Rising Star Award,,,,,Emily Blunt,FALSE,,,
2006,Rising Star Award,,,,,Naomie Harris,FALSE,,,
2006,Rising Star Award,,,,,Cillian Murphy,FALSE,,,
2006,Rising Star Award,,,,,Ben Whishaw,FALSE,,,
2005,Best Film,Live-Action Feature-Length Film,Brokeback Mountain,,United States,Ang Lee,TRUE,Director,,
2005,Best Film,Live-Action Feature-Length Film,Brokeback Mountain,,United States,Diana Ossana,TRUE,Producer,,
2005,Best Film,Live-Action Feature-Length Film,Brokeback Mountain,,United States,James Schamus,TRUE,Producer,,
2005,Best Film,Live-Action Feature-Length Film,Capote,,"United States
Canada",Bennett Miller,FALSE,Director,,
2005,Best Film,Live-Action Feature-Length Film,Capote,,"United States
Canada",Caroline Baron,FALSE,Producer,,
2005,Best Film,Live-Action Feature-Length Film,Capote,,"United States
Canada",Michael Ohoven,FALSE,Producer,,
2005,Best Film,Live-Action Feature-Length Film,Capote,,"United States
Canada",William Vince,FALSE,Producer,,
2005,Best Film,Live-Action Feature-Length Film,The Constant Gardener,,United Kingdom,Fernando Meirelles,FALSE,Director,,
2005,Best Film,Live-Action Feature-Length Film,The Constant Gardener,,United Kingdom,Simon Channing Williams,FALSE,Producer,,
2005,Best Film,Live-Action Feature-Length Film,Crash,,United States,Paul Haggis,FALSE,Director,,
2005,Best Film,Live-Action Feature-Length Film,Crash,,United States,Don Cheadle,FALSE,Producer,,
2005,Best Film,Live-Action Feature-Length Film,Crash,,United States,Cathy Schulman,FALSE,Producer,,
2005,Best Film,Live-Action Feature-Length Film,Crash,,United States,Bob Yari,FALSE,Producer,,
2005,Best Film,Live-Action Feature-Length Film,"Good Night, and Good Luck.",,United States,George Clooney,FALSE,Director,,
2005,Best Film,Live-Action Feature-Length Film,"Good Night, and Good Luck.",,United States,Grant Heslov,FALSE,Producer,,
2005,Outstanding British Film,,Wallace & Gromit: The Curse of the Were-Rabbit,,United Kingdom,Nick Park,TRUE,Director,,
2005,Outstanding British Film,,Wallace & Gromit: The Curse of the Were-Rabbit,,United Kingdom,Steve Box,TRUE,Director,,
2005,Outstanding British Film,,Wallace & Gromit: The Curse of the Were-Rabbit,,United Kingdom,Claire Jennings,TRUE,Producer,,
2005,Outstanding British Film,,Wallace & Gromit: The Curse of the Were-Rabbit,,United Kingdom,David Sproxton,TRUE,Producer,,
2005,Outstanding British Film,,Wallace & Gromit: The Curse of the Were-Rabbit,,United Kingdom,Bob Baker,TRUE,Producer,,
2005,Outstanding British Film,,The Constant Gardener,,United Kingdom,Fernando Meirelles,FALSE,Director,,
2005,Outstanding British Film,,The Constant Gardener,,United Kingdom,Simon Channing Williams,FALSE,Producer,,
2005,Outstanding British Film,,The Constant Gardener,,United Kingdom,Jeffrey Caine,FALSE,Producer,,
2005,Outstanding British Film,,Pride & Prejudice,,United Kingdom,Joe Wright,FALSE,Director,,
2005,Outstanding British Film,,Pride & Prejudice,,United Kingdom,Tim Bevan,FALSE,Producer,,
2005,Outstanding British Film,,Pride & Prejudice,,United Kingdom,Eric Fellner,FALSE,Producer,,
2005,Outstanding British Film,,Pride & Prejudice,,United Kingdom,Paul Webster,FALSE,Producer,,
2005,Outstanding British Film,,Pride & Prejudice,,United Kingdom,Deborah Moggach,FALSE,Producer,,
2005,Outstanding British Film,,A Cock and Bull Story,,United Kingdom,Michael Winterbottom,FALSE,Director,,
2005,Outstanding British Film,,A Cock and Bull Story,,United Kingdom,Andrew Eaton,FALSE,Producer,,
2005,Outstanding British Film,,A Cock and Bull Story,,United Kingdom,Martin Hardy,FALSE,Producer,,
2005,Outstanding British Film,,Festival,,United Kingdom,Annie Griffin,FALSE,Director,,
2005,Outstanding British Film,,Festival,,United Kingdom,Christopher Young,FALSE,Producer,,
2005,Best Film Not in the English Language,Foreign Film,The Beat That My Heart Skipped,De battre mon cœur s'est arrêté,France,Jacques Audiard,TRUE,Director,,
2005,Best Film Not in the English Language,Foreign Film,The Beat That My Heart Skipped,De battre mon cœur s'est arrêté,France,Pascal Caucheteux,TRUE,Producer,,
2005,Best Film Not in the English Language,Foreign Film,Joyeux Noël,Merry Christmas,"France
 United Kingdom
 Germany
 Belgium",Christian Carion,FALSE,Director,,
2005,Best Film Not in the English Language,Foreign Film,Joyeux Noël,Merry Christmas,"France
 United Kingdom
 Germany
 Belgium",Benjamin Herrmann,FALSE,Producer,,
2005,Best Film Not in the English Language,Foreign Film,Joyeux Noël,Merry Christmas,"France
 United Kingdom
 Germany
 Belgium",Christophe Rossignon,FALSE,Producer,,
2005,Best Film Not in the English Language,Foreign Film,Kung Fu Hustle,"功夫, Gūng Fū","Hong Kong
 China",Stephen Chow,FALSE,Director,,
2005,Best Film Not in the English Language,Foreign Film,Kung Fu Hustle,"功夫, Gūng Fū","Hong Kong
 China",Stephen Chow,FALSE,Producer,,
2005,Best Film Not in the English Language,Foreign Film,Kung Fu Hustle,"功夫, Gūng Fū","Hong Kong
 China",Po Chu Chui,FALSE,Producer,,
2005,Best Film Not in the English Language,Foreign Film,Kung Fu Hustle,"功夫, Gūng Fū","Hong Kong
 China",Jeffrey Lau,FALSE,Producer,,
2005,Best Film Not in the English Language,Foreign Film,Le Grand Voyage,,"France
 Morocco",Ismaël Ferrouhki,FALSE,Director,,
2005,Best Film Not in the English Language,Foreign Film,Le Grand Voyage,,"France
 Morocco",Humbert Balsan,FALSE,Producer,,
2005,Best Film Not in the English Language,Foreign Film,Tsotsi,,South Africa,Gavin Hood,FALSE,Director,,
2005,Best Film Not in the English Language,Foreign Film,Tsotsi,,South Africa,Peter Fudakowski,FALSE,Producer,,
2005,Best Short Film,Live-Action Short Film,Antonio's Breakfast,,,Daniel Mulloy,TRUE,,,
2005,Best Short Film,Live-Action Short Film,Antonio's Breakfast,,,Amber Templemore-Finlayson,TRUE,,,
2005,Best Short Film,Live-Action Short Film,Antonio's Breakfast,,,Daniel Mulloy,TRUE,,,
2005,Best Short Film,Live-Action Short Film,Call Register,,,Ed Roe,FALSE,,,
2005,Best Short Film,Live-Action Short Film,Call Register,,,Kit Hawkins,FALSE,,,
2005,Best Short Film,Live-Action Short Film,Call Register,,,Adam Tudhope,FALSE,,,
2005,Best Short Film,Live-Action Short Film,Heavy Metal Drummer,,,Toby MacDonald,FALSE,,,
2005,Best Short Film,Live-Action Short Film,Heavy Metal Drummer,,,Luke Morris,FALSE,,,
2005,Best Short Film,Live-Action Short Film,Heavy Metal Drummer,,,Amanda Boyle,FALSE,,,
2005,Best Short Film,Live-Action Short Film,"Heydar, An Afghan in Tehran",,,Babak Jalali,FALSE,,,
2005,Best Short Film,Live-Action Short Film,"Heydar, An Afghan in Tehran",,,Homayoun Assadian,FALSE,,,
2005,Best Short Film,Live-Action Short Film,Lucky,,,Avie Luthra,FALSE,,,
2005,Best Short Film,Live-Action Short Film,Lucky,,,Bex Hopkins,FALSE,,,
2005,Best Short Animation,Animated Short Film,Fallen Art,,,Jarek Sawko,TRUE,,,
2005,Best Short Animation,Animated Short Film,Fallen Art,,,Piotr Sikora,TRUE,,,
2005,Best Short Animation,Animated Short Film,Fallen Art,,,Tomasz Bagiński,TRUE,,,
2005,Best Short Animation,Animated Short Film,Film Noir,,,Osbert Parker,FALSE,,,
2005,Best Short Animation,Animated Short Film,Kamiya's Correspondence,,,Sumito Sakakibara,FALSE,,,
2005,Best Short Animation,Animated Short Film,The Mysterious Geographic Explorations of Jasper Morello,,,Anthony Lucas,FALSE,,,
2005,Best Short Animation,Animated Short Film,The Mysterious Geographic Explorations of Jasper Morello,,,Julia Lucas,FALSE,,,
2005,Best Short Animation,Animated Short Film,The Mysterious Geographic Explorations of Jasper Morello,,,Mark Shirrefs,FALSE,,,
2005,Best Short Animation,Animated Short Film,Rabbit,,,Run Wrake,FALSE,,,
2005,"Outstanding Début by a British Writer, Director, or Producer",,Pride & Prejudice,,,Joe Wright,TRUE,,,
2005,"Outstanding Début by a British Writer, Director, or Producer",,Everything,,,Richard Hawkins,FALSE,,,
2005,"Outstanding Début by a British Writer, Director, or Producer",,Festival,,,Annie Griffin,FALSE,,,
2005,"Outstanding Début by a British Writer, Director, or Producer",,Shooting Dogs,,,David Belton,FALSE,,,
2005,"Outstanding Début by a British Writer, Director, or Producer",,Tsotsi,,,Peter Fudakowski,FALSE,,,
2005,Best Direction,Director,Brokeback Mountain,,,Ang Lee,TRUE,,,
2005,Best Direction,Director,"Good Night, and Good Luck.",,,George Clooney,FALSE,,,
2005,Best Direction,Director,Crash,,,Paul Haggis,FALSE,,,
2005,Best Direction,Director,The Constant Gardener,,,Fernando Meirelles,FALSE,,,
2005,Best Direction,Director,Capote,,,Bennett Miller,FALSE,,,
2005,Best Adapted Screenplay,Screenplay (Adapted),Brokeback Mountain,,,Larry McMurtry,TRUE,,Brokeback Mountain by E. Annie Proulx,
2005,Best Adapted Screenplay,Screenplay (Adapted),Brokeback Mountain,,,Diana Ossana,TRUE,,Brokeback Mountain by E. Annie Proulx,
2005,Best Adapted Screenplay,Screenplay (Adapted),Capote,,,Dan Futterman,FALSE,,Capote by Gerald Clarke,
2005,Best Adapted Screenplay,Screenplay (Adapted),The Constant Gardener,,,Jeffrey Caine,FALSE,,The Constant Gardener by John le Carré,
2005,Best Adapted Screenplay,Screenplay (Adapted),A History of Violence,,,Josh Olson,FALSE,,A History of Violence by John Wagner and Vince Locke,
2005,Best Adapted Screenplay,Screenplay (Adapted),Pride & Prejudice,,,Deborah Moggach,FALSE,,Pride and Prejudice by Jane Austen,
2005,Best Original Screenplay,Screenplay (Original),Crash,,,Paul Haggis,TRUE,,,
2005,Best Original Screenplay,Screenplay (Original),Crash,,,Bobby Moresco,TRUE,,,
2005,Best Original Screenplay,Screenplay (Original),Cinderella Man,,,Akiva Goldsman,FALSE,,,
2005,Best Original Screenplay,Screenplay (Original),Cinderella Man,,,Cliff Hollingsworth,FALSE,,,
2005,Best Original Screenplay,Screenplay (Original),"Good Night, and Good Luck.",,,George Clooney,FALSE,,,
2005,Best Original Screenplay,Screenplay (Original),"Good Night, and Good Luck.",,,Grant Heslov,FALSE,,,
2005,Best Original Screenplay,Screenplay (Original),Hotel Rwanda,,,Terry George,FALSE,,,
2005,Best Original Screenplay,Screenplay (Original),Hotel Rwanda,,,Keir Pearson,FALSE,,,
2005,Best Original Screenplay,Screenplay (Original),Mrs Henderson Presents,,,Martin Sherman,FALSE,,,
2005,Best Actor in a Leading Role,Actor in a Leading Role,Capote,,,Philip Seymour Hoffman,TRUE,,,Truman Capote
2005,Best Actor in a Leading Role,Actor in a Leading Role,The Constant Gardener,,,Ralph Fiennes,FALSE,,,Justin Quayle
2005,Best Actor in a Leading Role,Actor in a Leading Role,Brokeback Mountain,,,Heath Ledger,FALSE,,,Ennis Del Mar
2005,Best Actor in a Leading Role,Actor in a Leading Role,Walk the Line,,,Joaquin Phoenix,FALSE,,,Johnny Cash
2005,Best Actor in a Leading Role,Actor in a Leading Role,"Good Night, and Good Luck.",,,David Strathairn,FALSE,,,Edward R. Murrow
2005,Best Actress in a Leading Role,Actress in a Leading Role,Walk the Line,,,Reese Witherspoon,TRUE,,,June Carter Cash
2005,Best Actress in a Leading Role,Actress in a Leading Role,Mrs Henderson Presents,,,Judi Dench,FALSE,,,Laura Henderson
2005,Best Actress in a Leading Role,Actress in a Leading Role,North Country,,,Charlize Theron,FALSE,,,Josey Aimes
2005,Best Actress in a Leading Role,Actress in a Leading Role,The Constant Gardener,,,Rachel Weisz,FALSE,,,Tessa Abbott-Quayle
2005,Best Actress in a Leading Role,Actress in a Leading Role,Memoirs of a Geisha,,,Zhang Ziyi,FALSE,,,Chiyo Sakamoto / Sayuri Nitta
2005,Best Actor in a Supporting Role,Actor in a Supporting Role,Brokeback Mountain,,,Jake Gyllenhaal,TRUE,,,Jack Twist
2005,Best Actor in a Supporting Role,Actor in a Supporting Role,Crash,,,Don Cheadle,FALSE,,,Det. Graham Waters
2005,Best Actor in a Supporting Role,Actor in a Supporting Role,"Good Night, and Good Luck.",,,George Clooney,FALSE,,,Fred W. Friendly
2005,Best Actor in a Supporting Role,Actor in a Supporting Role,Syriana,,,,FALSE,,,Bob Barnes
2005,Best Actor in a Supporting Role,Actor in a Supporting Role,Crash,,,Matt Dillon,FALSE,,,Sgt. John Ryan
2005,Best Actress in a Supporting Role,Actress in a Supporting Role,Crash,,,Thandiwe Newton,TRUE,,,Christine Thayer
2005,Best Actress in a Supporting Role,Actress in a Supporting Role,Pride & Prejudice,,,Brenda Blethyn,FALSE,,,Mrs. Bennet
2005,Best Actress in a Supporting Role,Actress in a Supporting Role,Capote,,,Catherine Keener,FALSE,,,Harper Lee
2005,Best Actress in a Supporting Role,Actress in a Supporting Role,North Country,,,Frances McDormand,FALSE,,,Glory Dodge
2005,Best Actress in a Supporting Role,Actress in a Supporting Role,Brokeback Mountain,,,Michelle Williams,FALSE,,,Alma Beers Del Mar
2005,Best Cinematography,Cinematography,Memoirs of a Geisha,,,Dion Beebe,TRUE,,,
2005,Best Cinematography,Cinematography,March of the Penguins (La marche de l'empereur),,,Laurent Chalet,FALSE,,,
2005,Best Cinematography,Cinematography,March of the Penguins (La marche de l'empereur),,,Jérôme Maison,FALSE,,,
2005,Best Cinematography,Cinematography,The Constant Gardener,,,César Charlone,FALSE,,,
2005,Best Cinematography,Cinematography,Crash,,,J. Michael Muro,FALSE,,,
2005,Best Cinematography,Cinematography,Brokeback Mountain,,,Rodrigo Prieto,FALSE,,,
2005,Best Editing,Film Editing,The Constant Gardener,,,Claire Simpson,TRUE,,,
2005,Best Editing,Film Editing,Brokeback Mountain,,,Geraldine Peroni,FALSE,,,
2005,Best Editing,Film Editing,Brokeback Mountain,,,Dylan Tichenor,FALSE,,,
2005,Best Editing,Film Editing,Crash,,,Hughes Winborne,FALSE,,,
2005,Best Editing,Film Editing,"Good Night, and Good Luck.",,,Stephen Mirrione,FALSE,,,
2005,Best Editing,Film Editing,March of the Penguins (La marche de l'empereur),,,Sabine Emiliani,FALSE,,,
2005,Best Costume Design,Costuming,Memoirs of a Geisha,,,Colleen Atwood,TRUE,,,
2005,Best Costume Design,Costuming,Charlie and the Chocolate Factory,,,Gabriella Pescucci,FALSE,,,
2005,Best Costume Design,Costuming,"The Chronicles of Narnia: The Lion, the Witch and the Wardrobe",,,Isis Mussenden,FALSE,,,
2005,Best Costume Design,Costuming,Mrs Henderson Presents,,,Sandy Powell,FALSE,,,
2005,Best Costume Design,Costuming,Pride & Prejudice,,,Jacqueline Durran,FALSE,,,
2005,Best Production Design,Art Direction,Harry Potter and the Goblet of Fire,,,Stuart Craig,TRUE,,,
2005,Best Production Design,Art Direction,Batman Begins,,,Nathan Crowley,FALSE,,,
2005,Best Production Design,Art Direction,Charlie and the Chocolate Factory,,,Alex McDowell,FALSE,,,
2005,Best Production Design,Art Direction,King Kong,,,Grant Major,FALSE,,,
2005,Best Production Design,Art Direction,Memoirs of a Geisha,,,John Myhre,FALSE,,,
2005,Best Make-up and Hair,Make-Up & Hairstyling,"The Chronicles of Narnia: The Lion, the Witch and the Wardrobe",,,Howard Berger,TRUE,,,
2005,Best Make-up and Hair,Make-Up & Hairstyling,"The Chronicles of Narnia: The Lion, the Witch and the Wardrobe",,,Nikki Gooley,TRUE,,,
2005,Best Make-up and Hair,Make-Up & Hairstyling,"The Chronicles of Narnia: The Lion, the Witch and the Wardrobe",,,Greg Nicotero,TRUE,,,
2005,Best Make-up and Hair,Make-Up & Hairstyling,Charlie and the Chocolate Factory,,,Peter Owen,FALSE,,,
2005,Best Make-up and Hair,Make-Up & Hairstyling,Charlie and the Chocolate Factory,,,Ivana Primorac,FALSE,,,
2005,Best Make-up and Hair,Make-Up & Hairstyling,Harry Potter and the Goblet of Fire,,,Nick Dudman,FALSE,,,
2005,Best Make-up and Hair,Make-Up & Hairstyling,Harry Potter and the Goblet of Fire,,,Eithne Fennel,FALSE,,,
2005,Best Make-up and Hair,Make-Up & Hairstyling,Harry Potter and the Goblet of Fire,,,Amanda Knight,FALSE,,,
2005,Best Make-up and Hair,Make-Up & Hairstyling,Memoirs of a Geisha,,,Kate Biscoe,FALSE,,,
2005,Best Make-up and Hair,Make-Up & Hairstyling,Memoirs of a Geisha,,,Lyndell Quiyou,FALSE,,,
2005,Best Make-up and Hair,Make-Up & Hairstyling,Memoirs of a Geisha,,,Kelvin R. Trahan,FALSE,,,
2005,Best Make-up and Hair,Make-Up & Hairstyling,Memoirs of a Geisha,,,Noriko Watanabe,FALSE,,,
2005,Best Make-up and Hair,Make-Up & Hairstyling,Pride & Prejudice,,,Fae Hammond,FALSE,,,
2005,Best Original Music,Original Score,Memoirs of a Geisha,,,John Williams,TRUE,,,
2005,Best Original Music,Original Score,Brokeback Mountain,,,Gustavo Santaolalla,FALSE,,,
2005,Best Original Music,Original Score,The Constant Gardener,,,Alberto Iglesias,FALSE,,,
2005,Best Original Music,Original Score,Mrs Henderson Presents,,,George Fenton,FALSE,,,
2005,Best Original Music,Original Score,Walk the Line,,,T Bone Burnett,FALSE,,,
2005,Best Sound,Sound Mixing,Walk the Line,,,Paul Massey,TRUE,,,
2005,Best Sound,Sound Mixing,Walk the Line,,,Doug Hemphill,TRUE,,,
2005,Best Sound,Sound Mixing,Walk the Line,,,Peter Kurland,TRUE,,,
2005,Best Sound,Sound Mixing,Walk the Line,,,Donald Sylvester,TRUE,,,
2005,Best Sound,Sound Mixing,Batman Begins,,,David Evans,FALSE,,,
2005,Best Sound,Sound Mixing,Batman Begins,,,Stefan Henrix,FALSE,,,
2005,Best Sound,Sound Mixing,Batman Begins,,,Peter Lindsay,FALSE,,,
2005,Best Sound,Sound Mixing,The Constant Gardener,,,Joakim Sundström,FALSE,,,
2005,Best Sound,Sound Mixing,The Constant Gardener,,,Stuart Wilson,FALSE,,,
2005,Best Sound,Sound Mixing,The Constant Gardener,,,Mike Prestwood Smith,FALSE,,,
2005,Best Sound,Sound Mixing,The Constant Gardener,,,Sven Taits,FALSE,,,
2005,Best Sound,Sound Mixing,Crash,,,Richard Van Dyke,FALSE,,,
2005,Best Sound,Sound Mixing,Crash,,,Sandy Gendler,FALSE,,,
2005,Best Sound,Sound Mixing,Crash,,,Adam Jenkins,FALSE,,,
2005,Best Sound,Sound Mixing,Crash,,,Marc Fishman,FALSE,,,
2005,Best Sound,Sound Mixing,King Kong,,,Hammond Peek,FALSE,,,
2005,Best Sound,Sound Mixing,King Kong,,,Christopher Boyes,FALSE,,,
2005,Best Sound,Sound Mixing,King Kong,,,Mike Hopkins,FALSE,,,
2005,Best Sound,Sound Mixing,King Kong,,,Ethan Van der Ryn,FALSE,,,
2005,Best Special Visual Effects,Effects,King Kong,,,Joe Letteri,TRUE,,,
2005,Best Special Visual Effects,Effects,King Kong,,,Christian Rivers,TRUE,,,
2005,Best Special Visual Effects,Effects,King Kong,,,Brian Van't Hul,TRUE,,,
2005,Best Special Visual Effects,Effects,King Kong,,,Richard Taylor,TRUE,,,
2005,Best Special Visual Effects,Effects,Batman Begins,,,Janek Sirrs,FALSE,,,
2005,Best Special Visual Effects,Effects,Batman Begins,,,Dan Glass,FALSE,,,
2005,Best Special Visual Effects,Effects,Batman Begins,,,Chris Corbould,FALSE,,,
2005,Best Special Visual Effects,Effects,Batman Begins,,,Paul J. Franklin,FALSE,,,
2005,Best Special Visual Effects,Effects,Charlie and the Chocolate Factory,,,Nick Davis,FALSE,,,
2005,Best Special Visual Effects,Effects,Charlie and the Chocolate Factory,,,Jon Thum,FALSE,,,
2005,Best Special Visual Effects,Effects,Charlie and the Chocolate Factory,,,Chas Jarrett,FALSE,,,
2005,Best Special Visual Effects,Effects,Charlie and the Chocolate Factory,,,Joss Williams,FALSE,,,
2005,Best Special Visual Effects,Effects,"The Chronicles of Narnia: The Lion, the Witch and the Wardrobe",,,Dean Wright,FALSE,,,
2005,Best Special Visual Effects,Effects,"The Chronicles of Narnia: The Lion, the Witch and the Wardrobe",,,Bill Westenhofer,FALSE,,,
2005,Best Special Visual Effects,Effects,"The Chronicles of Narnia: The Lion, the Witch and the Wardrobe",,,Jim Berney,FALSE,,,
2005,Best Special Visual Effects,Effects,"The Chronicles of Narnia: The Lion, the Witch and the Wardrobe",,,Scott Farrar,FALSE,,,
2005,Best Special Visual Effects,Effects,Harry Potter and the Goblet of Fire,,,Jim Mitchell,FALSE,,,
2005,Best Special Visual Effects,Effects,Harry Potter and the Goblet of Fire,,,John Richardson,FALSE,,,
2005,Best Special Visual Effects,Effects,Harry Potter and the Goblet of Fire,,,Tim Webber,FALSE,,,
2005,Best Special Visual Effects,Effects,Harry Potter and the Goblet of Fire,,,Tim Alexander,FALSE,,,
2005,Rising Star Award,,,,,James McAvoy,TRUE,,,
2005,Rising Star Award,,,,,Chiwetel Ejiofor,FALSE,,,
2005,Rising Star Award,,,,,Gael García Bernal,FALSE,,,
2005,Rising Star Award,,,,,Rachel McAdams,FALSE,,,
2005,Rising Star Award,,,,,Michelle Williams,FALSE,,,