Year,Category_Oscar,Film,Nominee,Win_Oscar,Acting.Role,Adapted.Screenplay.Source,Song.Title,Contribution
2024,Best Picture,Anora,Alex Coco,TRUE,,,,
2024,Best Picture,Anora,Samantha Quan,TRUE,,,,
2024,Best Picture,Anora,Sean Baker,TRUE,,,,
2024,Best Picture,The Brutalist,Nick Gordon,FALSE,,,,
2024,Best Picture,The Brutalist,Brian Young,FALSE,,,,
2024,Best Picture,The Brutalist,Andrew Morrison,FALSE,,,,
2024,Best Picture,The Brutalist,D.J. Gugenheim,FALSE,,,,
2024,Best Picture,The Brutalist,Brady Corbet,FALSE,,,,
2024,Best Picture,A Complete Unknown,Fred Berger,FALSE,,,,
2024,Best Picture,A Complete Unknown,James Mangold,FALSE,,,,
2024,Best Picture,A Complete Unknown,Alex Heineman,FALSE,,,,
2024,Best Picture,Conclave,Tessa Ross,FALSE,,,,
2024,Best Picture,Conclave,Juliette Howell,FALSE,,,,
2024,Best Picture,Conclave,Michael A. Jackman,FALSE,,,,
2024,Best Picture,Dune: Part Two,Mary Parent,FALSE,,,,
2024,Best Picture,Dune: Part Two,Cale Boyter,FALSE,,,,
2024,Best Picture,Dune: Part Two,Tanya Lapointe,FALSE,,,,
2024,Best Picture,Dune: Part Two,Denis Villeneuve,FALSE,,,,
2024,Best Picture,Emilia Pérez,Pascal Caucheteux,FALSE,,,,
2024,Best Picture,Emilia Pérez,Jacques Audiard,FALSE,,,,
2024,Best Picture,I'm Still Here,Maria Carlota Bruno,FALSE,,,,
2024,Best Picture,I'm Still Here,Rodrigo Teixeira,FALSE,,,,
2024,Best Picture,Nickel Boys,Dede Gardner,FALSE,,,,
2024,Best Picture,Nickel Boys,Jeremy Kleiner,FALSE,,,,
2024,Best Picture,Nickel Boys,Joslyn Barnes,FALSE,,,,
2024,Best Picture,The Substance,Coralie Fargeat,FALSE,,,,
2024,Best Picture,The Substance,Tim Bevan,FALSE,,,,
2024,Best Picture,The Substance,Eric Fellner,FALSE,,,,
2024,Best Picture,Wicked,Marc Platt,FALSE,,,,
2024,Directing,Anora,Sean Baker,TRUE,,,,
2024,Directing,The Brutalist,Brady Corbet,FALSE,,,,
2024,Directing,A Complete Unknown,James Mangold,FALSE,,,,
2024,Directing,Emilia Pérez,Jacques Audiard,FALSE,,,,
2024,Directing,The Substance,Coralie Fargeat,FALSE,,,,
2024,Actor in a Leading Role,The Brutalist,Adrien Brody,TRUE,László Tóth,,,
2024,Actor in a Leading Role,A Complete Unknown,Timothée Chalamet,FALSE,Bob Dylan,,,
2024,Actor in a Leading Role,Sing Sing,Colman Domingo,FALSE,"John ""Divine G"" Whitfield",,,
2024,Actor in a Leading Role,Conclave,Ralph Fiennes,FALSE,Cardinal Thomas Lawrence,,,
2024,Actor in a Leading Role,The Apprentice,Sebastian Stan,FALSE,Donald Trump,,,
2024,Actress in a Leading Role,Wicked,Cynthia Erivo,FALSE,Elphaba Thropp,,,
2024,Actress in a Leading Role,Emilia Pérez,Karla Sofía Gascón,FALSE,"Emilia Pérez / Juan ""Manitas"" Del Monte",,,
2024,Actress in a Leading Role,Anora,Mikey Madison,TRUE,"Anora ""Ani"" Mikheeva",,,
2024,Actress in a Leading Role,The Substance,Demi Moore,FALSE,Elisabeth Sparkle,,,
2024,Actress in a Leading Role,I'm Still Here,Fernanda Torres,FALSE,Eunice Paiva,,,
2024,Actor in a Supporting Role,Anora,Yura Borisov,FALSE,Igor,,,
2024,Actor in a Supporting Role,A Real Pain,Kieran Culkin,TRUE,Benji Kaplan,,,
2024,Actor in a Supporting Role,A Complete Unknown,Edward Norton,FALSE,Pete Seeger,,,
2024,Actor in a Supporting Role,The Brutalist,Guy Pearce,FALSE,Harrison Lee Van Buren Sr.,,,
2024,Actor in a Supporting Role,The Apprentice,Jeremy Strong,FALSE,Roy Cohn,,,
2024,Actress in a Supporting Role,A Complete Unknown,Mónica Barbaro,FALSE,Joan Baez,,,
2024,Actress in a Supporting Role,Wicked,Ariana Grande,FALSE,"Galinda ""Glinda"" Upland",,,
2024,Actress in a Supporting Role,The Brutalist,Felicity Jones,FALSE,Erzsébet Tóth,,,
2024,Actress in a Supporting Role,Conclave,Isabella Rossellini,FALSE,Sister Agnes,,,
2024,Actress in a Supporting Role,Emilia Pérez,Zoe Saldaña,TRUE,Rita Mora Castro,,,
2024,Writing (Original Screenplay),Anora,Sean Baker,TRUE,,,,
2024,Writing (Original Screenplay),The Brutalist,Brady Corbet,FALSE,,,,
2024,Writing (Original Screenplay),The Brutalist,Mona Fastvold,FALSE,,,,
2024,Writing (Original Screenplay),A Real Pain,Jesse Eisenberg,FALSE,,,,
2024,Writing (Original Screenplay),September 5,Moritz Binder,FALSE,,,,
2024,Writing (Original Screenplay),September 5,Tim Fehlbaum,FALSE,,,,
2024,Writing (Original Screenplay),September 5,Alex David,FALSE,,,,Co-writing
2024,Writing (Original Screenplay),The Substance,Coralie Fargeat,FALSE,,,,
2024,Writing (Adapted Screenplay),A Complete Unknown,James Mangold,FALSE,,the book Dylan Goes Electric! by Elijah Wald,,
2024,Writing (Adapted Screenplay),A Complete Unknown,Jay Cocks,FALSE,,the book Dylan Goes Electric! by Elijah Wald,,
2024,Writing (Adapted Screenplay),Conclave,Peter Straughan,TRUE,,the novel by Robert Harris,,
2024,Writing (Adapted Screenplay),Emilia Pérez,Jacques Audiard,FALSE,,the opera libretto Emilia Pérez by Jacques Audiard and the novel Écoute by Boris Razon,,
2024,Writing (Adapted Screenplay),Emilia Pérez,Thomas Bidegain,FALSE,,the opera libretto Emilia Pérez by Jacques Audiard and the novel Écoute by Boris Razon,,Collaborating
2024,Writing (Adapted Screenplay),Emilia Pérez,Léa Mysius,FALSE,,the opera libretto Emilia Pérez by Jacques Audiard and the novel Écoute by Boris Razon,,Collaborating
2024,Writing (Adapted Screenplay),Emilia Pérez,Nicolas Livecchi,FALSE,,the opera libretto Emilia Pérez by Jacques Audiard and the novel Écoute by Boris Razon,,Collaborating
2024,Writing (Adapted Screenplay),Nickel Boys,RaMell Ross,FALSE,,the novel The Nickel Boys by Colson Whitehead,,
2024,Writing (Adapted Screenplay),Nickel Boys,Joslyn Barnes,FALSE,,the novel The Nickel Boys by Colson Whitehead,,
2024,Writing (Adapted Screenplay),Sing Sing,Greg Kwedar,FALSE,,the book The Sing Sing Follies by John H. Richardson and the play Breakin' the Mummy's Code by Brent Buell,,
2024,Writing (Adapted Screenplay),Sing Sing,Clint Bentley,FALSE,,the book The Sing Sing Follies by John H. Richardson and the play Breakin' the Mummy's Code by Brent Buell,,
2024,Writing (Adapted Screenplay),Sing Sing,Greg Kwedar,FALSE,,the book The Sing Sing Follies by John H. Richardson and the play Breakin' the Mummy's Code by Brent Buell,,Story
2024,Writing (Adapted Screenplay),Sing Sing,Clint Bentley,FALSE,,the book The Sing Sing Follies by John H. Richardson and the play Breakin' the Mummy's Code by Brent Buell,,Story
2024,Writing (Adapted Screenplay),Sing Sing,Clarence Maclin,FALSE,,the book The Sing Sing Follies by John H. Richardson and the play Breakin' the Mummy's Code by Brent Buell,,Story
2024,Writing (Adapted Screenplay),Sing Sing,"John ""Divine G"" Whitfield",FALSE,,the book The Sing Sing Follies by John H. Richardson and the play Breakin' the Mummy's Code by Brent Buell,,Story
2024,Animated Feature Film,Flow,Gints Zilbalodis,TRUE,,,,
2024,Animated Feature Film,Flow,Matīss Kaža,TRUE,,,,
2024,Animated Feature Film,Flow,Ron Dyens,TRUE,,,,
2024,Animated Feature Film,Flow,Gregory Zalcman,TRUE,,,,
2024,Animated Feature Film,Inside Out 2,Kelsey Mann,FALSE,,,,
2024,Animated Feature Film,Inside Out 2,Mark Nielsen,FALSE,,,,
2024,Animated Feature Film,Memoir of a Snail,Adam Elliot,FALSE,,,,
2024,Animated Feature Film,Memoir of a Snail,Liz Kearney,FALSE,,,,
2024,Animated Feature Film,Wallace & Gromit: Vengeance Most Fowl,Nick Park,FALSE,,,,
2024,Animated Feature Film,Wallace & Gromit: Vengeance Most Fowl,Merlin Crossingham,FALSE,,,,
2024,Animated Feature Film,Wallace & Gromit: Vengeance Most Fowl,Richard Beek,FALSE,,,,
2024,Animated Feature Film,The Wild Robot,Chris Sanders,FALSE,,,,
2024,Animated Feature Film,The Wild Robot,Jeff Hermann,FALSE,,,,
2024,International Feature Film,Emilia Pérez,Jacques Audiard,FALSE,,,,Directing
2024,International Feature Film,Flow,Gints Zilbalodis,FALSE,,,,Directing
2024,International Feature Film,The Girl with the Needle,Magnus von Horn,FALSE,,,,Directing
2024,International Feature Film,I'm Still Here,Walter Salles,TRUE,,,,Directing
2024,International Feature Film,The Seed of the Sacred Fig,Mohammad Rasoulof,FALSE,,,,Directing
2024,Documentary Feature Film,Black Box Diaries,Shiori Itō,FALSE,,,,
2024,Documentary Feature Film,Black Box Diaries,Eric Nyari,FALSE,,,,
2024,Documentary Feature Film,Black Box Diaries,Hanna Aqvilin,FALSE,,,,
2024,Documentary Feature Film,No Other Land,Basel Adra,TRUE,,,,
2024,Documentary Feature Film,No Other Land,Rachel Szor,TRUE,,,,
2024,Documentary Feature Film,No Other Land,Hamdan Ballal,TRUE,,,,
2024,Documentary Feature Film,No Other Land,Yuval Abraham,TRUE,,,,
2024,Documentary Feature Film,Porcelain War,Brendan Bellomo,FALSE,,,,
2024,Documentary Feature Film,Porcelain War,Slava Leontyev,FALSE,,,,
2024,Documentary Feature Film,Porcelain War,Aniela Sidorska,FALSE,,,,
2024,Documentary Feature Film,Porcelain War,Paula DuPré Pesmen,FALSE,,,,
2024,Documentary Feature Film,Soundtrack to a Coup d'Etat,Johan Grimonprez,FALSE,,,,
2024,Documentary Feature Film,Soundtrack to a Coup d'Etat,Daan Milius,FALSE,,,,
2024,Documentary Feature Film,Soundtrack to a Coup d'Etat,Rémi Grellety,FALSE,,,,
2024,Documentary Feature Film,Sugarcane,Julian Brave NoiseCat,FALSE,,,,
2024,Documentary Feature Film,Sugarcane,Emily Kassie,FALSE,,,,
2024,Documentary Feature Film,Sugarcane,Kellen Quinn,FALSE,,,,
2024,Documentary Short Film,Death by Numbers,Kim A. Snyder,FALSE,,,,
2024,Documentary Short Film,Death by Numbers,Janique L. Robillard,FALSE,,,,
2024,Documentary Short Film,"I Am Ready, Warden",Smriti Mundhra,FALSE,,,,
2024,Documentary Short Film,"I Am Ready, Warden",Maya Gnyp,FALSE,,,,
2024,Documentary Short Film,Incident,Bill Morrison,FALSE,,,,
2024,Documentary Short Film,Incident,Jamie Kalven,FALSE,,,,
2024,Documentary Short Film,Instruments of a Beating Heart,Ema Ryan Yamazaki,FALSE,,,,
2024,Documentary Short Film,Instruments of a Beating Heart,Eric Nyari,FALSE,,,,
2024,Documentary Short Film,The Only Girl in the Orchestra,Molly O'Brien,TRUE,,,,
2024,Documentary Short Film,The Only Girl in the Orchestra,Lisa Remington,TRUE,,,,
2024,Live Action Short Film,A Lien,Sam Cutler-Kreutz,FALSE,,,,
2024,Live Action Short Film,A Lien,David Cutler-Kreutz,FALSE,,,,
2024,Live Action Short Film,Anuja,Adam J. Graves,FALSE,,,,
2024,Live Action Short Film,Anuja,Suchitra Mattai,FALSE,,,,
2024,Live Action Short Film,I'm Not a Robot,Victoria Warmerdam,TRUE,,,,
2024,Live Action Short Film,I'm Not a Robot,Trent,TRUE,,,,
2024,Live Action Short Film,The Last Ranger,Cindy Lee,FALSE,,,,
2024,Live Action Short Film,The Last Ranger,Darwin Shaw,FALSE,,,,
2024,Live Action Short Film,The Man Who Could Not Remain Silent,Nebojša Slijepčević,FALSE,,,,
2024,Live Action Short Film,The Man Who Could Not Remain Silent,Danijel Pek,FALSE,,,,
2024,Animated Short Film,Beautiful Men,Nicolas Keppens,FALSE,,,,
2024,Animated Short Film,Beautiful Men,Brecht Van Elslande,FALSE,,,,
2024,Animated Short Film,In the Shadow of the Cypress,Shirin Sohani,TRUE,,,,
2024,Animated Short Film,In the Shadow of the Cypress,Hossein Molayemi,TRUE,,,,
2024,Animated Short Film,Magic Candies,Daisuke Nishio,FALSE,,,,
2024,Animated Short Film,Magic Candies,Takashi Washio,FALSE,,,,
2024,Animated Short Film,Wander to Wonder,Nina Gantz,FALSE,,,,
2024,Animated Short Film,Wander to Wonder,Stienette Bosklopper,FALSE,,,,
2024,Animated Short Film,Yuck!,Loïc Espuche,FALSE,,,,
2024,Animated Short Film,Yuck!,Juliette Marquet,FALSE,,,,
2024,Music (Original Score),The Brutalist,Daniel Blumberg,TRUE,,,,
2024,Music (Original Score),Conclave,Volker Bertelmann,FALSE,,,,
2024,Music (Original Score),Emilia Pérez,Clément Ducol,FALSE,,,,
2024,Music (Original Score),Emilia Pérez,Camille,FALSE,,,,
2024,Music (Original Score),Wicked,John Powell,FALSE,,,,
2024,Music (Original Score),Wicked,Stephen Schwartz,FALSE,,,,
2024,Music (Original Score),The Wild Robot,Kris Bowers,FALSE,,,,
2024,Music (Original Song),Emilia Pérez,Clément Ducol,TRUE,,,El Mal,Music
2024,Music (Original Song),Emilia Pérez,Camille,TRUE,,,El Mal,Music
2024,Music (Original Song),Emilia Pérez,Clément Ducol,TRUE,,,El Mal,Lyrics
2024,Music (Original Song),Emilia Pérez,Camille,TRUE,,,El Mal,Lyrics
2024,Music (Original Song),Emilia Pérez,Jacques Audiard,TRUE,,,El Mal,Lyrics
2024,Music (Original Song),The Six Triple Eight,Diane Warren,FALSE,,,The Journey,Music and lyrics
2024,Music (Original Song),Sing Sing,Abraham Alexander,FALSE,,,Like a Bird,Music and lyrics
2024,Music (Original Song),Sing Sing,Adrian Quesada,FALSE,,,Like a Bird,Music and lyrics
2024,Music (Original Song),Emilia Pérez,Camille,FALSE,,,Mi Camino,Music and lyrics
2024,Music (Original Song),Emilia Pérez,Clément Ducol,FALSE,,,Mi Camino,Music and lyrics
2024,Music (Original Song),Elton John: Never Too Late,Elton John,FALSE,,,Never Too Late,Music and lyrics
2024,Music (Original Song),Elton John: Never Too Late,Brandi Carlile,FALSE,,,Never Too Late,Music and lyrics
2024,Music (Original Song),Elton John: Never Too Late,Andrew Watt,FALSE,,,Never Too Late,Music and lyrics
2024,Music (Original Song),Elton John: Never Too Late,Bernie Taupin,FALSE,,,Never Too Late,Music and lyrics
2024,Sound,A Complete Unknown,Tod A. Maitland,FALSE,,,,
2024,Sound,A Complete Unknown,Donald Sylvester,FALSE,,,,
2024,Sound,A Complete Unknown,Ted Caplan,FALSE,,,,
2024,Sound,A Complete Unknown,Paul Massey,FALSE,,,,
2024,Sound,A Complete Unknown,David Giammarco,FALSE,,,,
2024,Sound,Dune: Part Two,Gareth John,TRUE,,,,
2024,Sound,Dune: Part Two,Richard King,TRUE,,,,
2024,Sound,Dune: Part Two,Ron Bartlett,TRUE,,,,
2024,Sound,Dune: Part Two,Doug Hemphill,TRUE,,,,
2024,Sound,Emilia Pérez,Erwan Kerzanet,FALSE,,,,
2024,Sound,Emilia Pérez,Aymeric Devoldère,FALSE,,,,
2024,Sound,Emilia Pérez,Maxence Dussère,FALSE,,,,
2024,Sound,Emilia Pérez,Cyril Holtz,FALSE,,,,
2024,Sound,Emilia Pérez,Niels Barletta,FALSE,,,,
2024,Sound,Wicked,Simon Hayes,FALSE,,,,
2024,Sound,Wicked,Nancy Nugent Title,FALSE,,,,
2024,Sound,Wicked,Jack Dolman,FALSE,,,,
2024,Sound,Wicked,Andy Nelson,FALSE,,,,
2024,Sound,Wicked,John Marquis,FALSE,,,,
2024,Sound,The Wild Robot,Randy Thom,FALSE,,,,
2024,Sound,The Wild Robot,Brian Chumney,FALSE,,,,
2024,Sound,The Wild Robot,Gary A. Rizzo,FALSE,,,,
2024,Sound,The Wild Robot,Leff Lefferts,FALSE,,,,
2024,Production Design,The Brutalist,Judy Becker,FALSE,,,,Production design
2024,Production Design,The Brutalist,Patricia Cuccia,FALSE,,,,Set decoration
2024,Production Design,Conclave,Suzie Davies,FALSE,,,,Production design
2024,Production Design,Conclave,Cynthia Sleiter,FALSE,,,,Set decoration
2024,Production Design,Dune: Part Two,Patrice Vermette,FALSE,,,,Production design
2024,Production Design,Dune: Part Two,Shane Vieau,FALSE,,,,Set decoration
2024,Production Design,Nosferatu,Craig Lathrop,FALSE,,,,Production design
2024,Production Design,Nosferatu,Beatrice Brentnerová,FALSE,,,,Set decoration
2024,Production Design,Wicked,Nathan Crowley,TRUE,,,,Production design
2024,Production Design,Wicked,Lee Sandales,TRUE,,,,Set decoration
2024,Cinematography,The Brutalist,Lol Crawley,TRUE,,,,
2024,Cinematography,Dune: Part Two,Greig Fraser,FALSE,,,,
2024,Cinematography,Emilia Pérez,Paul Guilhaume,FALSE,,,,
2024,Cinematography,Maria,Ed Lachman,FALSE,,,,
2024,Cinematography,Nosferatu,Jarin Blaschke,FALSE,,,,
2024,Makeup and Hairstyling,A Different Man,Mike Marino,FALSE,,,,
2024,Makeup and Hairstyling,A Different Man,David Presto,FALSE,,,,
2024,Makeup and Hairstyling,A Different Man,Crystal Jurado,FALSE,,,,
2024,Makeup and Hairstyling,Emilia Pérez,Julia Floch Carbonel,FALSE,,,,
2024,Makeup and Hairstyling,Emilia Pérez,Emmanuel Janvier,FALSE,,,,
2024,Makeup and Hairstyling,Emilia Pérez,Jean-Christophe Spadaccini,FALSE,,,,
2024,Makeup and Hairstyling,Nosferatu,David White,FALSE,,,,
2024,Makeup and Hairstyling,Nosferatu,Traci Loader,FALSE,,,,
2024,Makeup and Hairstyling,Nosferatu,Suzanne Stokes-Munton,FALSE,,,,
2024,Makeup and Hairstyling,The Substance,Pierre-Oliver Persin,TRUE,,,,
2024,Makeup and Hairstyling,The Substance,Stéphanie Guillon,TRUE,,,,
2024,Makeup and Hairstyling,The Substance,Marilyne Scarselli,TRUE,,,,
2024,Makeup and Hairstyling,Wicked,Frances Hannon,FALSE,,,,
2024,Makeup and Hairstyling,Wicked,Laura Blount,FALSE,,,,
2024,Makeup and Hairstyling,Wicked,Sarah Nuth,FALSE,,,,
2024,Costume Design,A Complete Unknown,Arianne Phillips,FALSE,,,,
2024,Costume Design,Conclave,Lisy Christl,FALSE,,,,
2024,Costume Design,Gladiator II,Janty Yates,FALSE,,,,
2024,Costume Design,Gladiator II,Dave Crossman,FALSE,,,,
2024,Costume Design,Nosferatu,Linda Muir,FALSE,,,,
2024,Costume Design,Wicked,Paul Tazewell,TRUE,,,,
2024,Film Editing,Anora,Sean Baker,TRUE,,,,
2024,Film Editing,The Brutalist,Dávid Jancsó,FALSE,,,,
2024,Film Editing,Conclave,Nick Emerson,FALSE,,,,
2024,Film Editing,Emilia Pérez,Juliette Welfling,FALSE,,,,
2024,Film Editing,Wicked,Myron Kerstein,FALSE,,,,
2024,Visual Effects,Alien: Romulus,Eric Barba,FALSE,,,,
2024,Visual Effects,Alien: Romulus,Nelson Sepulveda-Fauser,FALSE,,,,
2024,Visual Effects,Alien: Romulus,Daniel Macarin,FALSE,,,,
2024,Visual Effects,Alien: Romulus,Shane Mahan,FALSE,,,,
2024,Visual Effects,Better Man,Luke Millar,FALSE,,,,
2024,Visual Effects,Better Man,David Clayton,FALSE,,,,
2024,Visual Effects,Better Man,Keith Herft,FALSE,,,,
2024,Visual Effects,Better Man,Peter Stubbs,FALSE,,,,
2024,Visual Effects,Dune: Part Two,Paul Lambert,TRUE,,,,
2024,Visual Effects,Dune: Part Two,Stephen James,TRUE,,,,
2024,Visual Effects,Dune: Part Two,Rhys Salcombe,TRUE,,,,
2024,Visual Effects,Dune: Part Two,Gerd Nefzer,TRUE,,,,
2024,Visual Effects,Kingdom of the Planet of the Apes,Erik Winquist,FALSE,,,,
2024,Visual Effects,Kingdom of the Planet of the Apes,Stephen Unterfranz,FALSE,,,,
2024,Visual Effects,Kingdom of the Planet of the Apes,Paul Story,FALSE,,,,
2024,Visual Effects,Kingdom of the Planet of the Apes,Rodney Burke,FALSE,,,,
2024,Visual Effects,Wicked,Pablo Helman,FALSE,,,,
2024,Visual Effects,Wicked,Jonathan Fawkner,FALSE,,,,
2024,Visual Effects,Wicked,David Shirk,FALSE,,,,
2024,Visual Effects,Wicked,Paul Corbould,FALSE,,,,
2023,Actor in a Leading Role,Maestro,Bradley Cooper,FALSE,,,,
2023,Actor in a Leading Role,Rustin,Colman Domingo,FALSE,,,,
2023,Actor in a Leading Role,The Holdovers,Paul Giamatti,FALSE,,,,
2023,Actor in a Leading Role,Oppenheimer,Cillian Murphy,TRUE,,,,
2023,Actor in a Leading Role,American Fiction,Jeffrey Wright,FALSE,,,,
2023,Actor in a Supporting Role,American Fiction,Sterling K. Brown,FALSE,,,,
2023,Actor in a Supporting Role,Killers of the Flower Moon,Robert De Niro,FALSE,,,,
2023,Actor in a Supporting Role,Oppenheimer,Robert Downey Jr.,TRUE,,,,
2023,Actor in a Supporting Role,Barbie,Ryan Gosling,FALSE,,,,
2023,Actor in a Supporting Role,Poor Things,Mark Ruffalo,FALSE,,,,
2023,Actress in a Leading Role,Nyad,Annette Bening,FALSE,,,,
2023,Actress in a Leading Role,Killers of the Flower Moon,Lily Gladstone,FALSE,,,,
2023,Actress in a Leading Role,Anatomy of a Fall,Sandra Hüller,FALSE,,,,
2023,Actress in a Leading Role,Maestro,Carey Mulligan,FALSE,,,,
2023,Actress in a Leading Role,Poor Things,Emma Stone,TRUE,,,,
2023,Actress in a Supporting Role,Oppenheimer,Emily Blunt,FALSE,,,,
2023,Actress in a Supporting Role,The Color Purple,Danielle Brooks,FALSE,,,,
2023,Actress in a Supporting Role,Barbie,America Ferrera,FALSE,,,,
2023,Actress in a Supporting Role,Nyad,Jodie Foster,FALSE,,,,
2023,Actress in a Supporting Role,The Holdovers,Da'Vine Joy Randolph,TRUE,,,,
2023,Animated Feature Film,The Boy and the Heron,Hayao Miyazaki,TRUE,,,,
2023,Animated Feature Film,The Boy and the Heron,Toshio Suzuki,TRUE,,,,
2023,Animated Feature Film,Elemental,Peter Sohn,FALSE,,,,
2023,Animated Feature Film,Elemental,Denise Ream,FALSE,,,,
2023,Animated Feature Film,Nimona,Nick Bruno,FALSE,,,,
2023,Animated Feature Film,Nimona,Troy Quane,FALSE,,,,
2023,Animated Feature Film,Nimona,Karen Ryan,FALSE,,,,
2023,Animated Feature Film,Nimona,Julie Zackary,FALSE,,,,
2023,Animated Feature Film,Robot Dreams,Pablo Berger,FALSE,,,,
2023,Animated Feature Film,Robot Dreams,Ibon Cormenzana,FALSE,,,,
2023,Animated Feature Film,Robot Dreams,Ignasi Estapé,FALSE,,,,
2023,Animated Feature Film,Robot Dreams,Sandra Tapia Díaz,FALSE,,,,
2023,Animated Feature Film,Spider-Man: Across the Spider-Verse,Kemp Powers,FALSE,,,,
2023,Animated Feature Film,Spider-Man: Across the Spider-Verse,Justin K. Thompson,FALSE,,,,
2023,Animated Feature Film,Spider-Man: Across the Spider-Verse,Phil Lord,FALSE,,,,
2023,Animated Feature Film,Spider-Man: Across the Spider-Verse,Christopher Miller,FALSE,,,,
2023,Animated Feature Film,Spider-Man: Across the Spider-Verse,Amy Pascal,FALSE,,,,
2023,Cinematography,El Conde,Edward Lachman,FALSE,,,,
2023,Cinematography,Killers of the Flower Moon,Rodrigo Prieto,FALSE,,,,
2023,Cinematography,Maestro,Matthew Libatique,FALSE,,,,
2023,Cinematography,Oppenheimer,Hoyte van Hoytema,TRUE,,,,
2023,Cinematography,Poor Things,Robbie Ryan,FALSE,,,,
2023,Costume Design,Barbie,Jacqueline Durran,FALSE,,,,
2023,Costume Design,Killers of the Flower Moon,Jacqueline West,FALSE,,,,
2023,Costume Design,Napoleon,Janty Yates,FALSE,,,,
2023,Costume Design,Napoleon,Dave Crossman,FALSE,,,,
2023,Costume Design,Oppenheimer,Ellen Mirojnick,FALSE,,,,
2023,Costume Design,Poor Things,Holly Waddington,TRUE,,,,
2023,Directing,Anatomy of a Fall,Justine Triet,FALSE,,,,
2023,Directing,Killers of the Flower Moon,Martin Scorsese,FALSE,,,,
2023,Directing,Oppenheimer,Christopher Nolan,TRUE,,,,
2023,Directing,Poor Things,Yorgos Lanthimos,FALSE,,,,
2023,Directing,The Zone of Interest,Jonathan Glazer,FALSE,,,,
2023,Documentary Feature Film,Bobi Wine: The People's President,Moses Bwayo,FALSE,,,,
2023,Documentary Feature Film,Bobi Wine: The People's President,Christopher Sharp,FALSE,,,,
2023,Documentary Feature Film,Bobi Wine: The People's President,John Battsek,FALSE,,,,
2023,Documentary Feature Film,The Eternal Memory,,FALSE,,,,
2023,Documentary Feature Film,Four Daughters,Kaouther Ben Hania,FALSE,,,,
2023,Documentary Feature Film,Four Daughters,Nadim Cheikhrouha,FALSE,,,,
2023,Documentary Feature Film,To Kill a Tiger,Nisha Pahuja,FALSE,,,,
2023,Documentary Feature Film,To Kill a Tiger,Cornelia Principe,FALSE,,,,
2023,Documentary Feature Film,To Kill a Tiger,David Oppenheim,FALSE,,,,
2023,Documentary Feature Film,20 Days in Mariupol,Mstyslav Chernov,TRUE,,,,
2023,Documentary Feature Film,20 Days in Mariupol,Michelle Mizner,TRUE,,,,
2023,Documentary Feature Film,20 Days in Mariupol,Raney Aronson-Rath,TRUE,,,,
2023,Documentary Short Film,The ABCs of Book Banning,Sheila Nevins,FALSE,,,,
2023,Documentary Short Film,The ABCs of Book Banning,Trish Adlesic,FALSE,,,,
2023,Documentary Short Film,The Barber of Little Rock,John Hoffman,FALSE,,,,
2023,Documentary Short Film,The Barber of Little Rock,Christine Turner,FALSE,,,,
2023,Documentary Short Film,Island in Between,S. Leo Chiang,FALSE,,,,
2023,Documentary Short Film,Island in Between,Jean Tsien,FALSE,,,,
2023,Documentary Short Film,The Last Repair Shop,Ben Proudfoot,TRUE,,,,
2023,Documentary Short Film,The Last Repair Shop,Kris Bowers,TRUE,,,,
2023,Documentary Short Film,Nǎi Nai & Wài Pó,Sean Wang,FALSE,,,,
2023,Documentary Short Film,Nǎi Nai & Wài Pó,Sam Davis,FALSE,,,,
2023,Film Editing,Anatomy of a Fall,Laurent Sénéchal,FALSE,,,,
2023,Film Editing,The Holdovers,Kevin Tent,FALSE,,,,
2023,Film Editing,Killers of the Flower Moon,Thelma Schoonmaker,FALSE,,,,
2023,Film Editing,Oppenheimer,Jennifer Lame,TRUE,,,,
2023,Film Editing,Poor Things,Yorgos Mavropsaridis,FALSE,,,,
2023,International Feature Film,Io Capitano,,FALSE,,,,
2023,International Feature Film,Perfect Days,,FALSE,,,,
2023,International Feature Film,Society of the Snow,,FALSE,,,,
2023,International Feature Film,The Teachers' Lounge,,FALSE,,,,
2023,International Feature Film,The Zone of Interest,,TRUE,,,,
2023,Makeup and Hairstyling,Golda,Karen Hartley Thomas,FALSE,,,,
2023,Makeup and Hairstyling,Golda,Suzi Battersby,FALSE,,,,
2023,Makeup and Hairstyling,Golda,Ashra Kelly-Blue,FALSE,,,,
2023,Makeup and Hairstyling,Maestro,Kazu Hiro,FALSE,,,,
2023,Makeup and Hairstyling,Maestro,Kay Georgiou,FALSE,,,,
2023,Makeup and Hairstyling,Maestro,Lori McCoy-Bell,FALSE,,,,
2023,Makeup and Hairstyling,Oppenheimer,Luisa Abel,FALSE,,,,
2023,Makeup and Hairstyling,Poor Things,Nadia Stacey,TRUE,,,,
2023,Makeup and Hairstyling,Poor Things,Mark Coulier,TRUE,,,,
2023,Makeup and Hairstyling,Poor Things,Josh Weston,TRUE,,,,
2023,Makeup and Hairstyling,Society of the Snow,Ana López-Puigcerver,FALSE,,,,
2023,Makeup and Hairstyling,Society of the Snow,David Martí,FALSE,,,,
2023,Makeup and Hairstyling,Society of the Snow,Montse Ribé,FALSE,,,,
2023,Music (Original Score),American Fiction,Laura Karpman,FALSE,,,,
2023,Music (Original Score),Indiana Jones and the Dial of Destiny,John Williams,FALSE,,,,
2023,Music (Original Score),Killers of the Flower Moon,Robbie Robertson,FALSE,,,,
2023,Music (Original Score),Oppenheimer,Ludwig Göransson,TRUE,,,,
2023,Music (Original Score),Poor Things,Jerskin Fendrix,FALSE,,,,
2023,Music (Original Song),Flamin' Hot,Diane Warren,FALSE,,,"""The Fire Inside""",Music and Lyrics
2023,Music (Original Song),Barbie,Mark Ronson,FALSE,,,"""I'm Just Ken""",Music and Lyrics
2023,Music (Original Song),Barbie,Andrew Wyatt,FALSE,,,"""I'm Just Ken""",Music and Lyrics
2023,Music (Original Song),American Symphony,Jon Batiste,FALSE,,,"""It Never Went Away""",Music and Lyrics
2023,Music (Original Song),American Symphony,Dan Wilson,FALSE,,,"""It Never Went Away""",Music and Lyrics
2023,Music (Original Song),Killers of the Flower Moon,Scott George,FALSE,,,"""Wahzhazhe (A Song For My People)""",Music and Lyrics
2023,Music (Original Song),Barbie,Billie Eilish,TRUE,,,"""What Was I Made For?""",Music and Lyrics
2023,Music (Original Song),Barbie,Finneas O'Connell,TRUE,,,"""What Was I Made For?""",Music and Lyrics
2023,Best Picture,American Fiction,Ben LeClair,FALSE,,,,
2023,Best Picture,American Fiction,Nikos Karamigios,FALSE,,,,
2023,Best Picture,American Fiction,Cord Jefferson,FALSE,,,,
2023,Best Picture,American Fiction,Jermaine Johnson,FALSE,,,,
2023,Best Picture,Anatomy of a Fall,Marie-Ange Luciani,FALSE,,,,
2023,Best Picture,Anatomy of a Fall,David Thion,FALSE,,,,
2023,Best Picture,Barbie,David Heyman,FALSE,,,,
2023,Best Picture,Barbie,Margot Robbie,FALSE,,,,
2023,Best Picture,Barbie,Tom Ackerley,FALSE,,,,
2023,Best Picture,Barbie,Robbie Brenner,FALSE,,,,
2023,Best Picture,The Holdovers,Mark Johnson,FALSE,,,,
2023,Best Picture,Killers of the Flower Moon,Dan Friedkin,FALSE,,,,
2023,Best Picture,Killers of the Flower Moon,Bradley Thomas,FALSE,,,,
2023,Best Picture,Killers of the Flower Moon,Martin Scorsese,FALSE,,,,
2023,Best Picture,Killers of the Flower Moon,Daniel Lupi,FALSE,,,,
2023,Best Picture,Maestro,Bradley Cooper,FALSE,,,,
2023,Best Picture,Maestro,Steven Spielberg,FALSE,,,,
2023,Best Picture,Maestro,Fred Berner,FALSE,,,,
2023,Best Picture,Maestro,Amy Durning,FALSE,,,,
2023,Best Picture,Maestro,Kristie Macosko Krieger,FALSE,,,,
2023,Best Picture,Oppenheimer,Emma Thomas,TRUE,,,,
2023,Best Picture,Oppenheimer,Charles Roven,TRUE,,,,
2023,Best Picture,Oppenheimer,Christopher Nolan,TRUE,,,,
2023,Best Picture,Past Lives,David Hinojosa,FALSE,,,,
2023,Best Picture,Past Lives,Christine Vachon,FALSE,,,,
2023,Best Picture,Past Lives,Pamela Koffler,FALSE,,,,
2023,Best Picture,Poor Things,Ed Guiney,FALSE,,,,
2023,Best Picture,Poor Things,Andrew Lowe,FALSE,,,,
2023,Best Picture,Poor Things,Yorgos Lanthimos,FALSE,,,,
2023,Best Picture,Poor Things,Emma Stone,FALSE,,,,
2023,Best Picture,The Zone of Interest,James Wilson,FALSE,,,,
2023,Production Design,Barbie,Sarah Greenwood,FALSE,,,,Production design
2023,Production Design,Barbie,Katie Spencer,FALSE,,,,Set Decoration
2023,Production Design,Killers of the Flower Moon,Jack Fisk,FALSE,,,,Production design
2023,Production Design,Killers of the Flower Moon,Adam Willis,FALSE,,,,Set Decoration
2023,Production Design,Napoleon,Arthur Max,FALSE,,,,Production design
2023,Production Design,Napoleon,Elli Griff,FALSE,,,,Set Decoration
2023,Production Design,Oppenheimer,Ruth De Jong,FALSE,,,,Production design
2023,Production Design,Oppenheimer,Claire Kaufman,FALSE,,,,Set Decoration
2023,Production Design,Poor Things,James Price,TRUE,,,,Production design
2023,Production Design,Poor Things,Shona Heath,TRUE,,,,Production design
2023,Production Design,Poor Things,Zsuzsa Mihalek,TRUE,,,,Set Decoration
2023,Animated Short Film,Letter to a Pig,Tal Kantor,FALSE,,,,
2023,Animated Short Film,Letter to a Pig,Amit R. Gicelter,FALSE,,,,
2023,Animated Short Film,Ninety-Five Senses,Jerusha Hess,FALSE,,,,
2023,Animated Short Film,Ninety-Five Senses,Jared Hess,FALSE,,,,
2023,Animated Short Film,Our Uniform,Yegane Moghaddam,FALSE,,,,
2023,Animated Short Film,Pachyderme,Stéphanie Clément,FALSE,,,,
2023,Animated Short Film,Pachyderme,Marc Rius,FALSE,,,,
2023,Animated Short Film,WAR IS OVER! Inspired by the Music of John & Yoko,Dave Mullins,TRUE,,,,
2023,Animated Short Film,WAR IS OVER! Inspired by the Music of John & Yoko,Brad Booker,TRUE,,,,
2023,Live Action Short Film,The After,Misan Harriman,FALSE,,,,
2023,Live Action Short Film,The After,Nicky Bentham,FALSE,,,,
2023,Live Action Short Film,Invincible,Vincent René-Lortie,FALSE,,,,
2023,Live Action Short Film,Invincible,Samuel Caron,FALSE,,,,
2023,Live Action Short Film,Knight of Fortune,Lasse Lyskjær Noer,FALSE,,,,
2023,Live Action Short Film,Knight of Fortune,Christian Norlyk,FALSE,,,,
2023,Live Action Short Film,"Red, White and Blue",Nazrin Choudhury,FALSE,,,,
2023,Live Action Short Film,"Red, White and Blue",Sara McFarlane,FALSE,,,,
2023,Live Action Short Film,The Wonderful Story of Henry Sugar,Wes Anderson,TRUE,,,,
2023,Live Action Short Film,The Wonderful Story of Henry Sugar,Steven Rales,TRUE,,,,
2023,Sound,The Creator,Ian Voigt,FALSE,,,,
2023,Sound,The Creator,Erik Aadahl,FALSE,,,,
2023,Sound,The Creator,Ethan Van der Ryn,FALSE,,,,
2023,Sound,The Creator,Tom Ozanich,FALSE,,,,
2023,Sound,The Creator,Dean Zupancic,FALSE,,,,
2023,Sound,Maestro,Steven A. Morrow,FALSE,,,,
2023,Sound,Maestro,Richard King,FALSE,,,,
2023,Sound,Maestro,Jason Ruder,FALSE,,,,
2023,Sound,Maestro,Tom Ozanich,FALSE,,,,
2023,Sound,Maestro,Dean Zupancic,FALSE,,,,
2023,Sound,Mission: Impossible - Dead Reckoning Part One,Chris Munro,FALSE,,,,
2023,Sound,Mission: Impossible - Dead Reckoning Part One,James H. Mather,FALSE,,,,
2023,Sound,Mission: Impossible - Dead Reckoning Part One,Chris Burdon,FALSE,,,,
2023,Sound,Mission: Impossible - Dead Reckoning Part One,Mark Taylor,FALSE,,,,
2023,Sound,Oppenheimer,Willie Burton,FALSE,,,,
2023,Sound,Oppenheimer,Richard King,FALSE,,,,
2023,Sound,Oppenheimer,Gary A. Rizzo,FALSE,,,,
2023,Sound,Oppenheimer,Kevin O'Connell,FALSE,,,,
2023,Sound,The Zone of Interest,Tarn Willers,TRUE,,,,
2023,Sound,The Zone of Interest,Johnnie Burn,TRUE,,,,
2023,Visual Effects,The Creator,Jay Cooper,FALSE,,,,
2023,Visual Effects,The Creator,Ian Comley,FALSE,,,,
2023,Visual Effects,The Creator,Andrew Roberts,FALSE,,,,
2023,Visual Effects,The Creator,Neil Corbould,FALSE,,,,
2023,Visual Effects,Godzilla Minus One,Takashi Yamazaki,TRUE,,,,
2023,Visual Effects,Godzilla Minus One,Kiyoko Shibuya,TRUE,,,,
2023,Visual Effects,Godzilla Minus One,Masaki Takahashi,TRUE,,,,
2023,Visual Effects,Godzilla Minus One,Tatsuji Nojima,TRUE,,,,
2023,Visual Effects,Guardians of the Galaxy Vol. 3,Stephane Ceretti,FALSE,,,,
2023,Visual Effects,Guardians of the Galaxy Vol. 3,Alexis Wajsbrot,FALSE,,,,
2023,Visual Effects,Guardians of the Galaxy Vol. 3,Guy Williams,FALSE,,,,
2023,Visual Effects,Guardians of the Galaxy Vol. 3,Theo Bialek,FALSE,,,,
2023,Visual Effects,Mission: Impossible - Dead Reckoning Part One,Alex Wuttke,FALSE,,,,
2023,Visual Effects,Mission: Impossible - Dead Reckoning Part One,Simone Coco,FALSE,,,,
2023,Visual Effects,Mission: Impossible - Dead Reckoning Part One,Jeff Sutherland,FALSE,,,,
2023,Visual Effects,Mission: Impossible - Dead Reckoning Part One,Neil Corbould,FALSE,,,,
2023,Visual Effects,Napoleon,Charley Henley,FALSE,,,,
2023,Visual Effects,Napoleon,Luc-Ewen Martin-Fenouillet,FALSE,,,,
2023,Visual Effects,Napoleon,Simone Coco,FALSE,,,,
2023,Visual Effects,Napoleon,Neil Corbould,FALSE,,,,
2023,Writing (Adapted Screenplay),American Fiction,Cord Jefferson,TRUE,,,,
2023,Writing (Adapted Screenplay),Barbie,Greta Gerwig,FALSE,,,,
2023,Writing (Adapted Screenplay),Barbie,Noah Baumbach,FALSE,,,,
2023,Writing (Adapted Screenplay),Oppenheimer,Christopher Nolan,FALSE,,,,
2023,Writing (Adapted Screenplay),Poor Things,Tony McNamara,FALSE,,,,
2023,Writing (Adapted Screenplay),The Zone of Interest,Jonathan Glazer,FALSE,,,,
2023,Writing (Original Screenplay),Anatomy of a Fall,Justine Triet,TRUE,,,,
2023,Writing (Original Screenplay),Anatomy of a Fall,Arthur Harari,TRUE,,,,
2023,Writing (Original Screenplay),The Holdovers,David Hemingson,FALSE,,,,
2023,Writing (Original Screenplay),Maestro,Bradley Cooper,FALSE,,,,
2023,Writing (Original Screenplay),Maestro,Josh Singer,FALSE,,,,
2023,Writing (Original Screenplay),May December,Samy Burch,FALSE,,,,
2023,Writing (Original Screenplay),May December,Alex Mechanik,FALSE,,,,
2023,Writing (Original Screenplay),Past Lives,Celine Song,FALSE,,,,
2022,Actor in a Leading Role,Elvis,Austin Butler,FALSE,Elvis Presley,,,
2022,Actor in a Leading Role,The Banshees of Inisherin,Colin Farrell,FALSE,Pádraic Súilleabháin,,,
2022,Actor in a Leading Role,The Whale,Brendan Fraser,TRUE,Charlie,,,
2022,Actor in a Leading Role,Aftersun,Paul Mescal,FALSE,Calum,,,
2022,Actor in a Leading Role,Living,Bill Nighy,FALSE,Williams,,,
2022,Actor in a Supporting Role,The Banshees of Inisherin,Brendan Gleeson,FALSE,Colm Doherty,,,
2022,Actor in a Supporting Role,Causeway,Brian Tyree Henry,FALSE,James,,,
2022,Actor in a Supporting Role,The Fabelmans,Judd Hirsch,FALSE,Uncle Boris,,,
2022,Actor in a Supporting Role,The Banshees of Inisherin,Barry Keoghan,FALSE,Dominic Kearney,,,
2022,Actor in a Supporting Role,Everything Everywhere All at Once,Ke Huy Quan,TRUE,Waymond Wang,,,
2022,Actress in a Leading Role,Tár,Cate Blanchett,FALSE,Lydia Tár,,,
2022,Actress in a Leading Role,Blonde,Ana de Armas,FALSE,Norma Jeane,,,
2022,Actress in a Leading Role,To Leslie,Andrea Riseborough,FALSE,Leslie,,,
2022,Actress in a Leading Role,The Fabelmans,Michelle Williams,FALSE,Mitzi Fabelman,,,
2022,Actress in a Leading Role,Everything Everywhere All at Once,Michelle Yeoh,TRUE,Evelyn Wang,,,
2022,Actress in a Supporting Role,Black Panther: Wakanda Forever,Angela Bassett,FALSE,Ramonda,,,
2022,Actress in a Supporting Role,The Whale,Hong Chau,FALSE,Liz,,,
2022,Actress in a Supporting Role,The Banshees of Inisherin,Kerry Condon,FALSE,Siobhán Súilleabháin,,,
2022,Actress in a Supporting Role,Everything Everywhere All at Once,Jamie Lee Curtis,TRUE,Deirdre Beaubeirdre,,,
2022,Actress in a Supporting Role,Everything Everywhere All at Once,Stephanie Hsu,FALSE,Joy Wang,,,
2022,Actress in a Supporting Role,Everything Everywhere All at Once,Stephanie Hsu,FALSE,Jobu Tupaki,,,
2022,Adapted Screenplay,All Quiet on the Western Front,Edward Berger,FALSE,,the novel of the same name by Erich Maria Remarque,,Screenplay
2022,Adapted Screenplay,All Quiet on the Western Front,Lesley Paterson,FALSE,,the novel of the same name by Erich Maria Remarque,,Screenplay
2022,Adapted Screenplay,All Quiet on the Western Front,Ian Stokell,FALSE,,the novel of the same name by Erich Maria Remarque,,Screenplay
2022,Adapted Screenplay,Glass Onion: A 'Knives Out' Mystery,Rian Johnson,FALSE,,the character Benoît Blanc by Rian Johnson,,Story & Screenplay
2022,Adapted Screenplay,Living,Kazuo Ishiguro,FALSE,,the 1952 Japanese film 'Ikiru' by Akira Kurosawa,,Story & Screenplay
2022,Adapted Screenplay,Top Gun: Maverick,Ehren Kruger,FALSE,,"characters by Jim Cash & Jack Epps, Jr.",,Screenplay
2022,Adapted Screenplay,Top Gun: Maverick,Eric Warren Singer,FALSE,,"characters by Jim Cash & Jack Epps, Jr.",,Screenplay
2022,Adapted Screenplay,Top Gun: Maverick,Christopher McQuarrie,FALSE,,"characters by Jim Cash & Jack Epps, Jr.",,Screenplay
2022,Adapted Screenplay,Top Gun: Maverick,Peter Craig,FALSE,,"characters by Jim Cash & Jack Epps, Jr.",,Story
2022,Adapted Screenplay,Top Gun: Maverick,Justin Marks,FALSE,,"characters by Jim Cash & Jack Epps, Jr.",,Story
2022,Adapted Screenplay,Women Talking,Sarah Polley,TRUE,,the 2018 novel of the same name by Miriam Toews,,Screenplay
2022,Animated Feature,Guillermo del Toro's 'Pinocchio',Guillermo del Toro,TRUE,,,,
2022,Animated Feature,Guillermo del Toro's 'Pinocchio',Mark Gustafson,TRUE,,,,
2022,Animated Feature,Guillermo del Toro's 'Pinocchio',Gary Ungar,TRUE,,,,
2022,Animated Feature,Guillermo del Toro's 'Pinocchio',Alex Buckley,TRUE,,,,
2022,Animated Feature,Marcel the Shell with Shoes On,Dean Fleischer Camp,FALSE,,,,
2022,Animated Feature,Marcel the Shell with Shoes On,Elisabeth Holm,FALSE,,,,
2022,Animated Feature,Marcel the Shell with Shoes On,Andrew Goldman,FALSE,,,,
2022,Animated Feature,Marcel the Shell with Shoes On,Caroline Kaplan,FALSE,,,,
2022,Animated Feature,Marcel the Shell with Shoes On,Paul Mezey,FALSE,,,,
2022,Animated Feature,Puss in Boots: The Last Wish,Joel Crawford,FALSE,,,,
2022,Animated Feature,Puss in Boots: The Last Wish,Mark Swift,FALSE,,,,
2022,Animated Feature,The Sea Beast,Chris Williams,FALSE,,,,
2022,Animated Feature,The Sea Beast,Jed Schlanger,FALSE,,,,
2022,Animated Feature,Turning Red,Domee Shi,FALSE,,,,
2022,Animated Feature,Turning Red,Lindsey Collins,FALSE,,,,
2022,Animated Short,"The Boy, the Mole, the Fox and the House",Charlie Mackesy,TRUE,,,,
2022,Animated Short,"The Boy, the Mole, the Fox and the House",Matthew Freud,TRUE,,,,
2022,Animated Short,The Flying Sailor,Amanda Forbis,FALSE,,,,
2022,Animated Short,The Flying Sailor,Wendy Tilby,FALSE,,,,
2022,Animated Short,Ice Merchants,João González,FALSE,,,,
2022,Animated Short,Ice Merchants,Bruno Caetano,FALSE,,,,
2022,Animated Short,My Year of Dicks,Sara Gunnarsdóttir,FALSE,,,,
2022,Animated Short,My Year of Dicks,Pamela Ribbon,FALSE,,,,
2022,Animated Short,An Ostrich Told Me the World Is Fake and I Think I Believe It,Lachlan Pendragon,FALSE,,,,
2022,Best Picture,All Quiet on the Western Front,Malte Grunnert,FALSE,,,,
2022,Best Picture,Avatar: The Way of Water,James Cameron,FALSE,,,,
2022,Best Picture,Avatar: The Way of Water,Jon Landau,FALSE,,,,
2022,Best Picture,The Banshees of Inisherin,Graham Broadbent,FALSE,,,,
2022,Best Picture,The Banshees of Inisherin,Pete Czernin,FALSE,,,,
2022,Best Picture,The Banshees of Inisherin,Martin McDonagh,FALSE,,,,
2022,Best Picture,Elvis,Baz Luhrmann,FALSE,,,,
2022,Best Picture,Elvis,Catherine Martin,FALSE,,,,
2022,Best Picture,Elvis,Gail Berman,FALSE,,,,
2022,Best Picture,Elvis,Patrick McCormick,FALSE,,,,
2022,Best Picture,Elvis,Schuyler Weiss,FALSE,,,,
2022,Best Picture,Everything Everywhere All at Once,Daniel Kwan,TRUE,,,,
2022,Best Picture,Everything Everywhere All at Once,Daniel Scheinert,TRUE,,,,
2022,Best Picture,Everything Everywhere All at Once,Jonathan Wang,TRUE,,,,
2022,Best Picture,The Fabelmans,Kristie Macosko Krueger,FALSE,,,,
2022,Best Picture,The Fabelmans,Steven Spielberg,FALSE,,,,
2022,Best Picture,The Fabelmans,Tony Kushner,FALSE,,,,
2022,Best Picture,Tár,Todd Field,FALSE,,,,
2022,Best Picture,Tár,Alexandra Milchan,FALSE,,,,
2022,Best Picture,Tár,Scott Lambert,FALSE,,,,
2022,Best Picture,Top Gun: Maverick,Tom Cruise,FALSE,,,,
2022,Best Picture,Top Gun: Maverick,Christopher McQuarrie,FALSE,,,,
2022,Best Picture,Top Gun: Maverick,David Ellison,FALSE,,,,
2022,Best Picture,Top Gun: Maverick,Jerry Bruckheimer,FALSE,,,,
2022,Best Picture,Triangle of Sadness,Erik Hemmendorff,FALSE,,,,
2022,Best Picture,Triangle of Sadness,Philippe Bober,FALSE,,,,
2022,Best Picture,Women Talking,Dede Gardner,FALSE,,,,
2022,Best Picture,Women Talking,Jeremy Kleiner,FALSE,,,,
2022,Best Picture,Women Talking,Frances McDormand,FALSE,,,,
2022,Cinematography,All Quiet on the Western Front,James Friend,TRUE,,,,
2022,Cinematography,"Bardo, False Chronicles of a Handful of Truths",Darius Khondji,FALSE,,,,
2022,Cinematography,Elvis,Mandy Walker,FALSE,,,,
2022,Cinematography,Roger Deakins,Empire of Light,FALSE,,,,
2022,Cinematography,Tár,Florian Hoffmeister,FALSE,,,,
2022,Costume Design,Babylon,Mary Zophres,FALSE,,,,
2022,Costume Design,Black Panther: Wakanda Forever,Ruth Carter,TRUE,,,,
2022,Costume Design,Elvis,Catherine Martin,FALSE,,,,
2022,Costume Design,Everything Everywhere All at Once,Shirley Kurata,FALSE,,,,
2022,Costume Design,Mrs. Harris Goes to Paris,Jenny Beavan,FALSE,,,,
2022,Director,The Banshees of Inisherin,Martin McDonagh,FALSE,,,,
2022,Director,Everything Everywhere All at Once,Daniel Kwan,TRUE,,,,
2022,Director,Everything Everywhere All at Once,Daniel Scheinert,TRUE,,,,
2022,Director,The Fabelmans,Steven Spielberg,FALSE,,,,
2022,Director,Tár,Todd Field,FALSE,,,,
2022,Director,Triangle of Sadness,Ruben Östlund,FALSE,,,,
2022,Documentary Feature,All That Breathes,Shaunak Sen,FALSE,,,,
2022,Documentary Feature,All That Breathes,Aman Mann,FALSE,,,,
2022,Documentary Feature,All That Breathes,Teddy Leiden,FALSE,,,,
2022,Documentary Feature,All the Beauty and the Bloodshed,Laura Poitras,FALSE,,,,
2022,Documentary Feature,All the Beauty and the Bloodshed,Howard Gertler,FALSE,,,,
2022,Documentary Feature,All the Beauty and the Bloodshed,John Lyons,FALSE,,,,
2022,Documentary Feature,All the Beauty and the Bloodshed,Nan Goldin,FALSE,,,,
2022,Documentary Feature,All the Beauty and the Bloodshed,Yoni Golijov,FALSE,,,,
2022,Documentary Feature,Fire of Love,Sara Dosa,FALSE,,,,
2022,Documentary Feature,Fire of Love,Shane Boris,FALSE,,,,
2022,Documentary Feature,Fire of Love,Ina Fichman,FALSE,,,,
2022,Documentary Feature,A House Made of Splinters,Simon Lereng Wilmont,FALSE,,,,
2022,Documentary Feature,A House Made of Splinters,Monica Hellström,FALSE,,,,
2022,Documentary Feature,Navalny,Daniel Roher,TRUE,,,,
2022,Documentary Feature,Navalny,Odessa Rae,TRUE,,,,
2022,Documentary Feature,Navalny,Diane Becker,TRUE,,,,
2022,Documentary Feature,Navalny,Melanie Miller,TRUE,,,,
2022,Documentary Feature,Navalny,Shane Boris,TRUE,,,,
2022,Documentary Short,The Elephant Whisperers,Kartiki Gonsalves,TRUE,,,,
2022,Documentary Short,The Elephant Whisperers,Guneet Monga,TRUE,,,,
2022,Documentary Short,Haulout,Evgenia Arbugaeva,FALSE,,,,
2022,Documentary Short,Haulout,Maxim Arbugaev,FALSE,,,,
2022,Documentary Short,How Do You Measure a Year?,Jay Rosenblatt,FALSE,,,,
2022,Documentary Short,The Martha Mitchell Effect,Anne Alvergue,FALSE,,,,
2022,Documentary Short,The Marth Mitchell Effect,Beth Levison,FALSE,,,,
2022,Documentary Short,Stranger at the Gate,Joshua Seftel,FALSE,,,,
2022,Documentary Short,Stranger at the Gate,Conall Jones,FALSE,,,,
2022,Editing,The Banshees of Inisherin,Mikkel E.G. Nielsen,FALSE,,,,
2022,Editing,Elvis,Matt Villa,FALSE,,,,
2022,Editing,Elvis,Jonathan Redmond,FALSE,,,,
2022,Editing,Everything Everywhere All at Once,Paul Rogers,TRUE,,,,
2022,Editing,Tár,Monika Willi,FALSE,,,,
2022,Editing,Top Gun: Maverick,Eddie Hamilton,FALSE,,,,
2022,International Feature,All Quiet on the Western Front,,TRUE,,,,
2022,International Feature,"Argentina, 1985",,FALSE,,,,
2022,International Feature,Close,,FALSE,,,,
2022,International Feature,Eo,,FALSE,,,,
2022,International Feature,The Quiet Girl,,FALSE,,,,
2022,Live-Action Short,An Irish Goodbye,Tom Berkeley,TRUE,,,,
2022,Live-Action Short,An Irish Goodbye,Ross White,TRUE,,,,
2022,Live-Action Short,Ivalu,Anders Walter,FALSE,,,,
2022,Live-Action Short,Ivalu,Rebecca Pruzan,FALSE,,,,
2022,Live-Action Short,Le Pupille,Alice Rohrwacher,FALSE,,,,
2022,Live-Action Short,Le Pupille,Alfonso Cuarón,FALSE,,,,
2022,Live-Action Short,Night Ride,Eire Tveiten,FALSE,,,,
2022,Live-Action Short,Night Ride,Gaute Lid Larssen,FALSE,,,,
2022,Live-Action Short,The Red Suitcase,Cyrus Neshvad,FALSE,,,,
2022,Make-Up,All Quiet on the Western Front,Heike Merker,FALSE,,,,
2022,Make-Up,All Quiet on the Western Front,Linda Eisenhamerová,FALSE,,,,
2022,Make-Up,The Batman,Naomi Donne,FALSE,,,,
2022,Make-Up,The Batman,Mike Marino,FALSE,,,,
2022,Make-Up,The Batman,Mike Fontaine,FALSE,,,,
2022,Make-Up,Black Panther: Wakanda Forever,Camille Friend,FALSE,,,,
2022,Make-Up,Black Panther: Wakanda Forever,Joel Harlow,FALSE,,,,
2022,Make-Up,Elvis,Mark Coulier,FALSE,,,,
2022,Make-Up,Elvis,Jason Baird,FALSE,,,,
2022,Make-Up,Elvis,Aldo Signoretti,FALSE,,,,
2022,Make-Up,The Whale,Adrien Morot,TRUE,,,,
2022,Make-Up,The Whale,Judy Chin,TRUE,,,,
2022,Make-Up,The Whale,Anne Marie Bradley,TRUE,,,,
2022,Original Score,All Quiet on the Western Front,Volker Bertelmann,TRUE,,,,
2022,Original Score,Babylon,Justin Hurwitz,FALSE,,,,
2022,Original Score,The Banshees of Inisherin,Carter Burwell,FALSE,,,,
2022,Original Score,Everything Everywhere All at Once,Son Lux,FALSE,,,,
2022,Original Score,The Fabelmans,John Williams,FALSE,,,,
2022,Original Screenplay,The Banshees of Inisherin,Martin McDonagh,FALSE,,,,Story and Screenplay
2022,Original Screenplay,Everything Everywhere All at Once,Daniel Kwan,TRUE,,,,Story and Screenplay
2022,Original Screenplay,Everything Everywhere All at Once,Daniel Scheinert,TRUE,,,,Story
2022,Original Screenplay,The Fabelmans,Steven Spielberg,FALSE,,,,Story and Screenplay
2022,Original Screenplay,The Fabelmans,Tony Kushner,FALSE,,,,Story and Screenplay
2022,Original Screenplay,Tár,Todd Field,FALSE,,,,Story and Screenplay
2022,Original Screenplay,Triangle of Sadness,Ruben Östlund,FALSE,,,,Story and Screenplay
2022,Original Song,Tell It Like a Woman,Diane Warren,FALSE,,,"""Applause""",Music and Lyrics
2022,Original Song,Top Gun: Maverick,Lady Gaga,FALSE,,,"""Hold My Hand""",Music and Lyrics
2022,Original Song,Top Gun: Maverick,BloodPop,FALSE,,,"""Hold My Hand""",Music and Lyrics
2022,Original Song,Black Panther: Wakanda Forever,Tems,FALSE,,,"""Lift Me Up""",Music and Lyrics
2022,Original Song,Black Panther: Wakanda Forever,Rihanna,FALSE,,,"""Lift Me Up""",Music
2022,Original Song,Black Panther: Wakanda Forever,Ryan Coogler,FALSE,,,"""Lift Me Up""",Music and Lyrics
2022,Original Song,Black Panther: Wakanda Forever,Ludwig Goransson,FALSE,,,"""Lift Me Up""",Music
2022,Original Song,RRR,M. M. Keeravaani,TRUE,,,"""Naatu Naatu""",Music
2022,Original Song,RRR,Chandrabose,TRUE,,,"""Naatu Naatu""",Lyrics
2022,Original Song,Everything Everywhere All at Once,Ryan Lott,FALSE,,,"""This Is a Life""",Music and Lyrics
2022,Original Song,Everything Everywhere All at Once,David Byrne,FALSE,,,"""This Is a Life""",Music and Lyrics
2022,Original Song,Everything Everywhere All at Once,Mitski,FALSE,,,"""This Is a Life""",Music
2022,Production Design,All Quiet on the Western Front,Christian M. Goldbeck,TRUE,,,,Production design
2022,Production Design,All Quiet on the Western Front,Ernestine Hipper,TRUE,,,,Set decoration
2022,Production Design,Avatar: The Way of Water,Dylan Cole,FALSE,,,,Production design
2022,Production Design,Avatar: The Way of Water,Ben Procter,FALSE,,,,Production design
2022,Production Design,Avatar: The Way of Water,Vanessa Cole,FALSE,,,,Set decoration
2022,Production Design,Babylon,Florencia Martin,FALSE,,,,Production design
2022,Production Design,Babylon,Anthony Carlino,FALSE,,,,Set decoration
2022,Production Design,Elvis,Catherine Martin,FALSE,,,,Production design
2022,Production Design,Elvis,Karen Murphy,FALSE,,,,Production design
2022,Production Design,Elvis,Bev Dunn,FALSE,,,,Set decoration
2022,Production Design,The Fabelmans,Rick Carter,FALSE,,,,Production design
2022,Production Design,The Fabelmans,Karen o'Hara,FALSE,,,,Set decoration
2022,Sound,All Quiet on the Western Front,Viktor Prášil,FALSE,,,,
2022,Sound,All Quiet on the Western Front,Frank Kruse,FALSE,,,,
2022,Sound,All Quiet on the Western Front,Markus Stemler,FALSE,,,,
2022,Sound,All Quiet on the Western Front,Lars Ginzel,FALSE,,,,
2022,Sound,All Quiet on the Western Front,Stefan Korte,FALSE,,,,
2022,Sound,Avatar: The Way of Water,Julian Howarth,FALSE,,,,
2022,Sound,Avatar: The Way of Water,Gwendolyn Yates Whittle,FALSE,,,,
2022,Sound,Avatar: The Way of Water,Dick Bernstein,FALSE,,,,
2022,Sound,Avatar: The Way of Water,Christopher Boyes,FALSE,,,,
2022,Sound,Avatar: The Way of Water,Gary Summers,FALSE,,,,
2022,Sound,Avatar: The Way of Water,Michael Hedges,FALSE,,,,
2022,Sound,The Batman,Stuart Wilson,FALSE,,,,
2022,Sound,The Batman,William Files,FALSE,,,,
2022,Sound,The Batman,Douglas Murray,FALSE,,,,
2022,Sound,The Batman,Andy Nelson,FALSE,,,,
2022,Sound,Elvis,David Lee,FALSE,,,,
2022,Sound,Elvis,Wayne Pashley,FALSE,,,,
2022,Sound,Elvis,Andy Nelson,FALSE,,,,
2022,Sound,Elvis,Michael Keller,FALSE,,,,
2022,Sound,Top Gun: Maverick,Mark Weingarten,TRUE,,,,
2022,Sound,Top Gun: Maverick,James H. Mather,TRUE,,,,
2022,Sound,Top Gun: Maverick,Al Nelson,TRUE,,,,
2022,Sound,Top Gun: Maverick,Chris Burdon,TRUE,,,,
2022,Sound,Top Gun: Maverick,Mark Taylor,TRUE,,,,
2022,Visual Effects,All Quiet on the Western Front,Frank Petzold,FALSE,,,,
2022,Visual Effects,All Quiet on the Western Front,Viktor Müller,FALSE,,,,
2022,Visual Effects,All Quiet on the Western Front,Markus Frank,FALSE,,,,
2022,Visual Effects,All Quiet on the Western Front,Kamil Jafar,FALSE,,,,
2022,Visual Effects,Avatar: The Way of Water,Joe Letteri,TRUE,,,,
2022,Visual Effects,Avatar: The Way of Water,Richard Baneham,TRUE,,,,
2022,Visual Effects,Avatar: The Way of Water,Eric Saindon,TRUE,,,,
2022,Visual Effects,Avatar: The Way of Water,Daniel Barrett,TRUE,,,,
2022,Visual Effects,The Batman,Dan Lemmon,FALSE,,,,
2022,Visual Effects,The Batman,Russell Earl,FALSE,,,,
2022,Visual Effects,The Batman,Anders Langlands,FALSE,,,,
2022,Visual Effects,The Batman,Dominic Tuohy,FALSE,,,,
2022,Visual Effects,Black Panther: Wakanda Forever,Geoffrey Baumann,FALSE,,,,
2022,Visual Effects,Black Panther: Wakanda Forever,Craig Hammack,FALSE,,,,
2022,Visual Effects,Black Panther: Wakanda Forever,R. Christopher White,FALSE,,,,
2022,Visual Effects,Black Panther: Wakanda Forever,Dan Sudick,FALSE,,,,
2022,Visual Effects,Top Gun: Maverick,Ryan Tudhope,FALSE,,,,
2022,Visual Effects,Top Gun: Maverick,Seth Hill,FALSE,,,,
2022,Visual Effects,Top Gun: Maverick,Bryan Litson,FALSE,,,,
2022,Visual Effects,Top Gun: Maverick,Scott R. Fisher,FALSE,,,,
2021,Actor in a Leading Role,Being the Ricardos,Javier Bardem,FALSE,Desi Arnaz,,,
2021,Actor in a Leading Role,The Power of the Dog,Benedict Cumberbatch,FALSE,Phil Burbank,,,
2021,Actor in a Leading Role,"tick, tick...BOOM!",Andrew Garfield,FALSE,Jonathan Larsen,,,
2021,Actor in a Leading Role,King Richard,Will Smith,TRUE,Richard Williams,,,
2021,Actor in a Leading Role,The Tragedy of Macbeth,Denzel Washington,FALSE,Macbeth,,,
2021,Actor in a Supporting Role,Belfast,Ciarán Hinds,FALSE,Pop,,,
2021,Actor in a Supporting Role,CODA,Troy Kotsur,TRUE,Frank Rossi,,,
2021,Actor in a Supporting Role,The Power of the Dog,Jesse PLemons,FALSE,George Burbank,,,
2021,Actor in a Supporting Role,Being the Ricardos,J. K. Simmons,FALSE,William Frawley,,,
2021,Actor in a Supporting Role,The Power of the Dog,Kodi Smit-McPhee,FALSE,Peter Gordon,,,
2021,Actress in a Leading Role,The Eyes of Tammy Faye,Jessica Chastain,TRUE,Tammy Faye,,,
2021,Actress in a Leading Role,The Lost Daughter,Olivia Colman,FALSE,Leda Caruso,,,
2021,Actress in a Leading Role,Parallel Mothers,Penélope Cruz,FALSE,Janis,,,
2021,Actress in a Leading Role,Being the Ricardos,Nicole Kidman,FALSE,Lucille Ball,,,
2021,Actress in a Leading Role,Spencer,Kristen Stewart,FALSE,"Diana, Princess of Wales",,,
2021,Actress in a Supporting Role,The Lost Daughter,Jessie Buckley,FALSE,Young Leda Caruso,,,
2021,Actress in a Supporting Role,West Side Story,Ariana deBose,TRUE,Anita,,,
2021,Actress in a Supporting Role,Belfast,Judi Dench,FALSE,Granny,,,
2021,Actress in a Supporting Role,The Power of the Dog,Kirsten Dunst,FALSE,Rose Gordon,,,
2021,Actress in a Supporting Role,King Richard,Aunjanue Ellis,FALSE,Oracene 'Brandy' Williams,,,
2021,Adapted Screenplay,CODA,Siân Heder,TRUE,,The 2014 French film 'La Famille Bélier',,Story and Screenplay
2021,Adapted Screenplay,Drive My Car,Ryusuke Hamaguchi,FALSE,,the short story by Haruki Murakami,,Story and Screenplay
2021,Adapted Screenplay,Dune,Jon Spaihts,FALSE,,the novel of the same name by Frank Herbert,,Story and Screenplay
2021,Adapted Screenplay,The Lost Daughter,Maggie Gyllenhaal,FALSE,,the character Borat Sagdiyev by Baron Cohen,,Screenplay
2021,Adapted Screenplay,The Power of the Dog,Jane Campion,FALSE,,The novel of the same name by Thomas Savage,,Screenplay
2021,Adapted Screenplay,Drive My Car,Takamasa Oe,FALSE,,the short story by Haruki Murakami,,Story and Screenplay
2021,Adapted Screenplay,Dune,Denis Villeneuve,FALSE,,the novel of the same name by Frank Herbert,,Story and Screenplay
2021,Adapted Screenplay,Dune,Eric Roth,FALSE,,the novel of the same name by Frank Herbert,,Story and Screenplay
2021,Animated Feature,Encanto,Jared Bush,TRUE,,,,
2021,Animated Feature,Encanto,Bryon Howard,TRUE,,,,
2021,Animated Feature,Encanto,Yvett Merino,TRUE,,,,
2021,Animated Feature,Encanto,Clark Spencer,TRUE,,,,
2021,Animated Feature,Flee,Jonas Poher Rasmussen,FALSE,,,,
2021,Animated Feature,Flee,Monica Hellström,FALSE,,,,
2021,Animated Feature,Flee,Signe Byrge Sørensen,FALSE,,,,
2021,Animated Feature,Flee,Charlotte de la Gournerie,FALSE,,,,
2021,Animated Feature,Luca,Enrico Casarosa,FALSE,,,,
2021,Animated Feature,Luca,Andrea Warren,FALSE,,,,
2021,Animated Feature,The Mitchells vs. the Machines,Mike Rianda,FALSE,,,,
2021,Animated Feature,The Mitchells vs. the Machines,Phil Lord,FALSE,,,,
2021,Animated Feature,The Mitchells vs. the Machines,Christopher Miller,FALSE,,,,
2021,Animated Feature,The Mitchells vs. the Machines,Kurt Albrecht,FALSE,,,,
2021,Animated Feature,Raya and the Last Dragon,Don Hall,FALSE,,,,
2021,Animated Feature,Raya and the Last Dragon,Carlos López Estrada,FALSE,,,,
2021,Animated Feature,Raya and the Last Dragon,Osnat Shurer,FALSE,,,,
2021,Animated Feature,Raya and the Last Dragon,Peter del Vecho,FALSE,,,,
2021,Animated Short,Affairs of the Art,Joanna Quinn,FALSE,,,,
2021,Animated Short,Affairs of the Art,Les Mills,FALSE,,,,
2021,Animated Short,Bestia,Hugo Covarrubias,FALSE,,,,
2021,Animated Short,Bestia,Tevo Díaz,FALSE,,,,
2021,Animated Short,Boxballet,Anton Dyakov,FALSE,,,,
2021,Animated Short,Robin Robin,Dan Ojari,FALSE,,,,
2021,Animated Short,Robin Robin,Mikey Please,FALSE,,,,
2021,Animated Short,The Windshield Wiper,Alberto Mielgo,TRUE,,,,
2021,Animated Short,The Windshield Wiper,Leo Sanchez,TRUE,,,,
2021,Best Picture,Belfast,Laura Berwick,FALSE,,,,
2021,Best Picture,Belfast,Kenneth Branagh,FALSE,,,,
2021,Best Picture,Belfast,Becca Kovacik,FALSE,,,,
2021,Best Picture,Belfast,Tamar Thomas,FALSE,,,,
2021,Best Picture,CODA,Philippe Rousselet,TRUE,,,,
2021,Best Picture,CODA,Fabrice Gianfermi,TRUE,,,,
2021,Best Picture,CODA,Patrick Wachsberger,TRUE,,,,
2021,Best Picture,Don't Look Up,Adam McKay,FALSE,,,,
2021,Best Picture,Don't Look Up,Kevin Messick,FALSE,,,,
2021,Best Picture,Drive My Car,Teruhisa Yamamoto,FALSE,,,,
2021,Best Picture,Dune,Mary Parent,FALSE,,,,
2021,Best Picture,Dune,Denis Villeneuve,FALSE,,,,
2021,Best Picture,Dune,Cale Boyter,FALSE,,,,
2021,Best Picture,King Richard,Tim White,FALSE,,,,
2021,Best Picture,King Richard,Trevor White,FALSE,,,,
2021,Best Picture,King Richard,Will Smith,FALSE,,,,
2021,Best Picture,Licorice Pizza,Sara Murphy,FALSE,,,,
2021,Best Picture,Licorice Pizza,Adam Somner,FALSE,,,,
2021,Best Picture,Licorice Pizza,Paul Thomas Anderson,FALSE,,,,
2021,Best Picture,Nightmare Alley,Guillermo del Toro,FALSE,,,,
2021,Best Picture,Nightmare Alley,J. Miles Dale,FALSE,,,,
2021,Best Picture,Nightmare Alley,Bradley Cooper,FALSE,,,,
2021,Best Picture,The Power of the Dog,Jane Campion,FALSE,,,,
2021,Best Picture,The Power of the Dog,Tanya Seghatchian,FALSE,,,,
2021,Best Picture,The Power of the Dog,Emile Sherman,FALSE,,,,
2021,Best Picture,The Power of the Dog,Iain Canning,FALSE,,,,
2021,Best Picture,The Power of the Dog,Roger Frappier,FALSE,,,,
2021,Best Picture,West Side Story,Steven Spielberg,FALSE,,,,
2021,Best Picture,West Side Story,Kristie Macosko Krieger,FALSE,,,,
2021,Cinematography,Dune,Greig Fraser,TRUE,,,,
2021,Cinematography,Nightmare Alley,Dan Laustsen,FALSE,,,,
2021,Cinematography,The Power of the Dog,Ari Wegner,FALSE,,,,
2021,Cinematography,The Tragedy of Macbeth,Bruno Delbonnel,FALSE,,,,
2021,Cinematography,West Side Story,Janusz Kaminski,FALSE,,,,
2021,Costume Design,Cruella,Jenny Beavan,TRUE,,,,
2021,Costume Design,Cyrano,Massimo Cantini Parrini,FALSE,,,,
2021,Costume Design,Cyrano,Jacqueline Durran,FALSE,,,,
2021,Costume Design,Dune,Jacqueline West,FALSE,,,,
2021,Costume Design,Dune,Robert Morgan,FALSE,,,,
2021,Costume Design,Nightmare Alley,Luis Sequeira,FALSE,,,,
2021,Costume Design,West Side Story,Paul Tazewell,FALSE,,,,
2021,Director,Belfast,Kenneth Branagh,FALSE,,,,
2021,Director,Drive My Car,Ryusuke Hamaguchi,FALSE,,,,
2021,Director,Licorice Pizza,Paul Thomas Anderson,FALSE,,,,
2021,Director,The Power of the Dog,Jane Campion,TRUE,,,,
2021,Director,West Side Story,Steven Spielberg,FALSE,,,,
2021,Documentary Feature,Ascension,Jessica Kingdon,FALSE,,,,
2021,Documentary Feature,Ascension,Kira Simon-Kennedy,FALSE,,,,
2021,Documentary Feature,Ascension,Nathan Truesdell,FALSE,,,,
2021,Documentary Feature,Attica,Stanley Nelson,FALSE,,,,
2021,Documentary Feature,Attica,Traci A. Curri,FALSE,,,,
2021,Documentary Feature,Flee,Jonas Poher Rasmussen,FALSE,,,,
2021,Documentary Feature,Flee,Monica Hellström,FALSE,,,,
2021,Documentary Feature,Flee,Signe Byrge Sørensen,FALSE,,,,
2021,Documentary Feature,Flee,Charlotte de la Gournerie,FALSE,,,,
2021,Documentary Feature,"Summer of Soul (...or, When the Revolution Could Not Be Televised)","Ahmir ""Questlove"" Thompson",TRUE,,,,
2021,Documentary Feature,"Summer of Soul (...or, When the Revolution Could Not Be Televised)",Joseph Patel,TRUE,,,,
2021,Documentary Feature,"Summer of Soul (...or, When the Revolution Could Not Be Televised)",Robert Fyvolent,TRUE,,,,
2021,Documentary Feature,"Summer of Soul (...or, When the Revolution Could Not Be Televised)",David Dinerstein,TRUE,,,,
2021,Documentary Feature,Writing with Fire,Rintu Thomas,FALSE,,,,
2021,Documentary Feature,Writing with Fire,Sushmit Ghosh,FALSE,,,,
2021,Documentary Short,Audible,Matt Ogens,FALSE,,,,
2021,Documentary Short,Audible,Geoff McLean,FALSE,,,,
2021,Documentary Short,Lead Me Home,Pedro Kos,FALSE,,,,
2021,Documentary Short,Lead Me Home,Jon Shenk,FALSE,,,,
2021,Documentary Short,The Queen of Basketball,Ben Proudfoot,FALSE,,,,
2021,Documentary Short,Three Songs for Benazir,Elizabeth Mirzaei,FALSE,,,,
2021,Documentary Short,Three Songs for Benazir,Gulistan Mirzaei,FALSE,,,,
2021,Documentary Short,When We Were Bullies,Jay Rosenblatt,FALSE,,,,
2021,Editing,Don't Look Up,Hank Corwin,FALSE,,,,
2021,Editing,Dune,Joe Walker,TRUE,,,,
2021,Editing,King Richard,Pamela Martin,FALSE,,,,
2021,Editing,The Power of the Dog,Peter Sciberras,FALSE,,,,
2021,Editing,"tick, tick...BOOM!",Myron Kerstein,FALSE,,,,
2021,Editing,"tick, tick...BOOM!",Andrew Weisblum,FALSE,,,,
2021,International Feature,Drive My Car,,TRUE,,,,
2021,International Feature,Flee,,FALSE,,,,
2021,International Feature,The Hand of God,,FALSE,,,,
2021,International Feature,Lunana: A Yak in the Classroom,,FALSE,,,,
2021,International Feature,The Worst Person in the World,,FALSE,,,,
2021,Live-Action Short,Ala Kachuu - Take and Run,Maria Brendle,FALSE,,,,
2021,Live-Action Short,Ala Kachuu - Take and Run,Nadine Lüchinger,FALSE,,,,
2021,Live-Action Short,The Dress,Tadeusz Łysiak,FALSE,,,,
2021,Live-Action Short,The Dress,Maciej Ślesicki,FALSE,,,,
2021,Live-Action Short,The Long Goodbye,Aneil Karia,TRUE,,,,
2021,Live-Action Short,The Long Goodbye,Riz Ahmed,TRUE,,,,
2021,Live-Action Short,On My Mind,Martin Strange-Hansen,FALSE,,,,
2021,Live-Action Short,On My Mind,Kim Magnusson,FALSE,,,,
2021,Live-Action Short,Please Hold,K. D. Dávila,FALSE,,,,
2021,Live-Action Short,Please Hold,Levin Menekse,FALSE,,,,
2021,Make-Up,Coming 2 America,Mike Marino,FALSE,,,,
2021,Make-Up,Coming 2 America,Stacey Morris,FALSE,,,,
2021,Make-Up,Coming 2 America,Carla Farmer,FALSE,,,,
2021,Make-Up,Cruella,Nadia Stacey,FALSE,,,,
2021,Make-Up,Cruella,Naomi Donne,FALSE,,,,
2021,Make-Up,Cruella,Julia Vernon,FALSE,,,,
2021,Make-Up,Dune,Donald Mowat,FALSE,,,,
2021,Make-Up,Dune,Love Larson,FALSE,,,,
2021,Make-Up,Dune,Eva von Bahr,FALSE,,,,
2021,Make-Up,The Eyes of Tammy Faye,Linda Dowds,TRUE,,,,
2021,Make-Up,The Eyes of Tammy Faye,Stephanie Ingram,TRUE,,,,
2021,Make-Up,The Eyes of Tammy Faye,Justin Raleigh,TRUE,,,,
2021,Make-Up,House of Gucci,Göran Lundström,FALSE,,,,
2021,Make-Up,House of Gucci,Anna Carin Lock,FALSE,,,,
2021,Make-Up,House of Gucci,Frederic Aspiras,FALSE,,,,
2021,Original Score,Don't Look Up,Nicholas Britell,FALSE,,,,
2021,Original Score,Dune,Hans Zimmer,TRUE,,,,
2021,Original Score,Encanto,Germaine Franco,FALSE,,,,
2021,Original Score,Parallel Mothers,Alberto Iglesias,FALSE,,,,
2021,Original Score,The Power of the Dog,Jonny Greenwood,FALSE,,,,
2021,Original Screenplay,Belfast,Kenneth Branagh,TRUE,,,,Story and Screenplay
2021,Original Screenplay,Don't Look Up,Adam McKay,FALSE,,,,Story and Screenplay
2021,Original Screenplay,Don't Look Up,David Sirota,FALSE,,,,Story
2021,Original Screenplay,King Richard,Zach Baylin,FALSE,,,,Story and Screenplay
2021,Original Screenplay,Licorice Pizza,Paul Thomas Anderson,FALSE,,,,Story and Screenplay
2021,Original Screenplay,The Worst Person in the World,Eskil Vogt,FALSE,,,,Story and Screenplay
2021,Original Screenplay,The Worst Person in the World,Joachim Trier,FALSE,,,,Story and Screenplay
2021,Original Song,King Richard,DIXSON,FALSE,,,"""Be Alive""",Music and Lyrics
2021,Original Song,King Richard,Beyoncé Knowles-Carter,FALSE,,,"""Be Alive""",Music and Lyrics
2021,Original Song,Encanto,Lin-Manuel Miranda,FALSE,,,"""Dos Oruguitas""",Music and Lyrics
2021,Original Song,Belfast,Van Morrison,FALSE,,,"""Down to Joy""",Music and Lyrics
2021,Original Song,No Time to Die,Billie Eilish,TRUE,,,"""No Time to Die""",Music and Lyrics
2021,Original Song,No Time to Die,Finneas O'Connell,TRUE,,,"""No Time to Die""",Music and Lyrics
2021,Original Song,Four Good Days,Diane Warren,FALSE,,,"""Somehow You Do""",Music and Lyrics
2021,Production Design,Dune,Patrice Vermette,TRUE,,,,Production design
2021,Production Design,Dune,Zsuzsanna Sipos,TRUE,,,,Set decoration
2021,Production Design,Nightmare Alley,Tamara Deverell,FALSE,,,,Production design
2021,Production Design,Nightmare Alley,Shane Vieau,FALSE,,,,Set decoration
2021,Production Design,The Power of the Dog,Grant Major,FALSE,,,,Production design
2021,Production Design,The Power of the Dog,Amber Richards,FALSE,,,,Set decoration
2021,Production Design,The Tragedy of Macbeth,Stefan Dechant,FALSE,,,,Production design
2021,Production Design,The Tragedy of Macbeth,Nancy Haigh,FALSE,,,,Set decoration
2021,Production Design,West Side Story,Adam Stockhausen,FALSE,,,,Production design
2021,Production Design,West Side Story,Rena de Angelo,FALSE,,,,Set decoration
2021,Sound,Belfast,Denise Yarde,FALSE,,,,
2021,Sound,Belfast,Simon Chase,FALSE,,,,
2021,Sound,Belfast,James Mather,FALSE,,,,
2021,Sound,Belfast,Niv Adiri,FALSE,,,,
2021,Sound,Dune,Mac Ruth,TRUE,,,,
2021,Sound,Dune,Mark Mangini,TRUE,,,,
2021,Sound,Dune,Theo Green,TRUE,,,,
2021,Sound,Dune,Doug Hemphill,TRUE,,,,
2021,Sound,Dune,Ron Bartlett,TRUE,,,,
2021,Sound,No Time to Die,Simon Hayes,FALSE,,,,
2021,Sound,No Time to Die,Oliver Tarney,FALSE,,,,
2021,Sound,No Time to Die,James Harrison,FALSE,,,,
2021,Sound,No Time to Die,Paul Massey,FALSE,,,,
2021,Sound,No Time to Die,Mark Taylor,FALSE,,,,
2021,Sound,The Power of the Dog,Richard Flynn,FALSE,,,,
2021,Sound,The Power of the Dog,Robert Mackenzie,FALSE,,,,
2021,Sound,The Power of the Dog,Tara Webb,FALSE,,,,
2021,Sound,West Side Story,Tod A. Maitland,FALSE,,,,
2021,Sound,West Side Story,Gary Rydstrom,FALSE,,,,
2021,Sound,West Side Story,Brian Chumney,FALSE,,,,
2021,Sound,West Side Story,Andy Nelson,FALSE,,,,
2021,Sound,West Side Story,Shawn Murphy,FALSE,,,,
2021,Visual Effects,Dune,Paul Lambert,TRUE,,,,
2021,Visual Effects,Dune,Tristan Myles,TRUE,,,,
2021,Visual Effects,Dune,Brian Connor,TRUE,,,,
2021,Visual Effects,Dune,Gerd Nefzer,TRUE,,,,
2021,Visual Effects,Free Guy,Swen Gillberg,FALSE,,,,
2021,Visual Effects,Free Guy,Bryan Grill,FALSE,,,,
2021,Visual Effects,Free Guy,Nikos Kalaitzidis,FALSE,,,,
2021,Visual Effects,Free Guy,Dan Sudick,FALSE,,,,
2021,Visual Effects,No Time to Die,Charlie Noble,FALSE,,,,
2021,Visual Effects,No Time to Die,Joel Green,FALSE,,,,
2021,Visual Effects,No Time to Die,Jonathan Fawkner,FALSE,,,,
2021,Visual Effects,No Time to Die,Chris Corbould,FALSE,,,,
2021,Visual Effects,Shang-Chi and the Legend of the Ten Rings,Christopher Townsend,FALSE,,,,
2021,Visual Effects,Shang-Chi and the Legend of the Ten Rings,Joe Farrell,FALSE,,,,
2021,Visual Effects,Shang-Chi and the Legend of the Ten Rings,Sean Noel Walker,FALSE,,,,
2021,Visual Effects,Shang-Chi and the Legend of the Ten Rings,Dan Oliver,FALSE,,,,
2021,Visual Effects,Spiderman: No Way Home,Kelly Port,FALSE,,,,
2021,Visual Effects,Spiderman: No Way Home,Chris Waegner,FALSE,,,,
2021,Visual Effects,Spiderman: No Way Home,Scott Edelstein,FALSE,,,,
2021,Visual Effects,Spiderman: No Way Home,Dan Sudick,FALSE,,,,
2020,Actor in a Leading Role,Sound of Metal,Riz Ahmed,FALSE,Ruben Stone,,,
2020,Actor in a Leading Role,Ma Rainey's Black Bottom,Chadwick Boseman,FALSE,Levee Green,,,
2020,Actor in a Leading Role,The Father,Anthony Hopkins,TRUE,Anthony,,,
2020,Actor in a Leading Role,Mank,Gary Oldman,FALSE,Herman J. Mankiewicz,,,
2020,Actor in a Leading Role,Minari,Steven Yeun,FALSE,Jacob Yi,,,
2020,Actor in a Supporting Role,The Trial of the Chicago 7,Sacha Baron Cohen,FALSE,Abbie Hoffman,,,
2020,Actor in a Supporting Role,Judas and the Black Messiah,Daniel Kaluuya,TRUE,Fred Hampton,,,
2020,Actor in a Supporting Role,One Night in Miami...,Leslie Odom Jr.,FALSE,Sam Cooke,,,
2020,Actor in a Supporting Role,Sound of Metal,Paul Raci,FALSE,Joe,,,
2020,Actor in a Supporting Role,Judas and the Black Messiah,LaKeith Stanfield,FALSE,"William ""Bill"" O'Neal",,,
2020,Actress in a Leading Role,Ma Rainey's Black Bottom,Viola Davis,FALSE,Ma Rainey,,,
2020,Actress in a Leading Role,The United States vs. Billie Holiday,Andra Day,FALSE,Billie Holiday,,,
2020,Actress in a Leading Role,Pieces of a Woman,Vanessa Kirby,FALSE,Martha Weiss,,,
2020,Actress in a Leading Role,Nomadland,Frances McDormand,TRUE,Fern,,,
2020,Actress in a Leading Role,Promising Young Woman,Carey Mulligan,FALSE,"Cassandra ""Cassie"" Thomas",,,
2020,Actress in a Supporting Role,Hillbilly Elegy,Glenn Close,FALSE,"Bonnie ""Mamaw"" Vance",,,
2020,Actress in a Supporting Role,Borat Subsequent Moviefilm: Delivery of Prodigious Bride to American Regime for Make Benefit Once Glorious Nation of Kazakhstan,Maria Bakalova,FALSE,Tutar Sagdiyev,,,
2020,Actress in a Supporting Role,The Father,Olivia Colman,FALSE,Anne,,,
2020,Actress in a Supporting Role,Mank,Amanda Seyfried,FALSE,Mario Davies,,,
2020,Actress in a Supporting Role,Minari,Youn Yuh-jung,TRUE,Soon-ja,,,
2020,Adapted Screenplay,Borat Subsequent Moviefilm: Delivery of Prodigious Bride to American Regime for Make Benefit Once Glorious Nation of Kazakhstan,Sacha Baron Cohen,FALSE,,the character Borat Sagdiyev by Baron Cohen,,Story and Screenplay
2020,Adapted Screenplay,Borat Subsequent Moviefilm: Delivery of Prodigious Bride to American Regime for Make Benefit Once Glorious Nation of Kazakhstan,Anthony Hines,FALSE,,the character Borat Sagdiyev by Baron Cohen,,Story and Screenplay
2020,Adapted Screenplay,Borat Subsequent Moviefilm: Delivery of Prodigious Bride to American Regime for Make Benefit Once Glorious Nation of Kazakhstan,Dan Swimer,FALSE,,the character Borat Sagdiyev by Baron Cohen,,Story and Screenplay
2020,Adapted Screenplay,Borat Subsequent Moviefilm: Delivery of Prodigious Bride to American Regime for Make Benefit Once Glorious Nation of Kazakhstan,Peter Baynham,FALSE,,the character Borat Sagdiyev by Baron Cohen,,Screenplay
2020,Adapted Screenplay,Borat Subsequent Moviefilm: Delivery of Prodigious Bride to American Regime for Make Benefit Once Glorious Nation of Kazakhstan,Erica Rivinoja,FALSE,,the character Borat Sagdiyev by Baron Cohen,,Screenplay
2020,Adapted Screenplay,Borat Subsequent Moviefilm: Delivery of Prodigious Bride to American Regime for Make Benefit Once Glorious Nation of Kazakhstan,Nina Pedrad,FALSE,,the character Borat Sagdiyev by Baron Cohen,,Story
2020,Adapted Screenplay,The Father,Christopher Hampton,TRUE,,The play by Zeller,,
2020,Adapted Screenplay,The Father,Florian Zeller,TRUE,,The play by Zeller,,
2020,Adapted Screenplay,Nomadland,Chloé Zhao,FALSE,,The book by Jessica Bruder,,
2020,Adapted Screenplay,One Night in Miami...,Kemp Powers,FALSE,,The play by Powers,,
2020,Adapted Screenplay,The White Tiger,Ramin Bahrani,FALSE,,The novel by Aravind Adiga,,
2020,Animated Feature,Onward,Dan Scanlon,FALSE,,,,
2020,Animated Feature,Onward,Kori Rae,FALSE,,,,
2020,Animated Feature,Over the Moon,Glen Keane,FALSE,,,,
2020,Animated Feature,Over the Moon,Gennie Rin,FALSE,,,,
2020,Animated Feature,Over the Moon,Peilin Chou,FALSE,,,,
2020,Animated Feature,A Shaun the Sheep Movie: Farmageddon,Richard Phelan,FALSE,,,,
2020,Animated Feature,A Shaun the Sheep Movie: Farmageddon,Will Becher,FALSE,,,,
2020,Animated Feature,A Shaun the Sheep Movie: Farmageddon,Paul Kewley,FALSE,,,,
2020,Animated Feature,Soul,Pete Docter,TRUE,,,,
2020,Animated Feature,Soul,Dana Murray,TRUE,,,,
2020,Animated Feature,Wolfwalkers,Tomm Moore,FALSE,,,,
2020,Animated Feature,Wolfwalkers,Ross Stewart,FALSE,,,,
2020,Animated Feature,Wolfwalkers,Paul Young,FALSE,,,,
2020,Animated Feature,Wolfwalkers,Stéphan Roelants,FALSE,,,,
2020,Animated Short,Yes-People,Arnar Gunnarsson,FALSE,,,,
2020,Animated Short,Burrow,Madeline Sharafian,FALSE,,,,
2020,Animated Short,Burrow,Michael Capbarat,FALSE,,,,
2020,Animated Short,Genius Loci,Adrien Mérigeau,FALSE,,,,
2020,Animated Short,Genius Loci,Amaury Ovise,FALSE,,,,
2020,Animated Short,If Anything Happens I Love You,Will McCormack,TRUE,,,,
2020,Animated Short,If Anything Happens I Love You,Michael Govier,TRUE,,,,
2020,Animated Short,Opera,Erick Oh,FALSE,,,,
2020,Animated Short,Yes-People,Gísli Darri Halldórsson,FALSE,,,,
2020,Best Picture,Mank,Eric Roth,FALSE,,,,
2020,Best Picture,Mank,Douglas Urbanski,FALSE,,,,
2020,Best Picture,Minari,Christina Oh,FALSE,,,,
2020,Best Picture,Nomadland,Frances McDormand,TRUE,,,,
2020,Best Picture,Nomadland,Peter Spears,TRUE,,,,
2020,Best Picture,Nomadland,Mollye Asher,TRUE,,,,
2020,Best Picture,Nomadland,Dan Janvey,TRUE,,,,
2020,Best Picture,Nomadland,Chloé Zhao,TRUE,,,,
2020,Best Picture,Promising Young Woman,Ben Browning,FALSE,,,,
2020,Best Picture,Promising Young Woman,Ashley Fox,FALSE,,,,
2020,Best Picture,Promising Young Woman,Emerald Fennell,FALSE,,,,
2020,Best Picture,The Father,David Parfitt,FALSE,,,,
2020,Best Picture,The Father,Jean-Louis Livi,FALSE,,,,
2020,Best Picture,The Father,Philippe Carcassonne,FALSE,,,,
2020,Best Picture,Judas and the Black Messiah,Shaka King,FALSE,,,,
2020,Best Picture,Judas and the Black Messiah,Charles D. King,FALSE,,,,
2020,Best Picture,Judas and the Black Messiah,Ryan Coogler,FALSE,,,,
2020,Best Picture,Mank,Ceán Chaffin,FALSE,,,,
2020,Best Picture,The Trial of the Chicago 7,Stuart Besser,FALSE,,,,
2020,Best Picture,Promising Young Woman,Josey McNamara,FALSE,,,,
2020,Best Picture,Sound of Metal,Bert Hamelinick,FALSE,,,,
2020,Best Picture,Sound of Metal,Sacha Ben Harroche,FALSE,,,,
2020,Best Picture,The Trial of the Chicago 7,Marc Platt,FALSE,,,,
2020,Cinematography,News of the World,Dariusz Wolski,FALSE,,,,
2020,Cinematography,Nomadland,Joshua James Richards,FALSE,,,,
2020,Cinematography,Judas and the Black Messiah,Sean Bobbitt,FALSE,,,,
2020,Cinematography,Mank,Erik Messerschmidt,TRUE,,,,
2020,Cinematography,The Trial of the Chicago 7,Phedon Papamichael,FALSE,,,,
2020,Costume Design,Pinocchio,Massimo Cantini Parrini,FALSE,,,,
2020,Costume Design,Emma,Alexandra Byrne,FALSE,,,,
2020,Costume Design,Ma Rainey's Black Bottom,Ann Roth,TRUE,,,,
2020,Costume Design,Mank,Trish Summerville,FALSE,,,,
2020,Costume Design,Mulan,Bina Daigeler,FALSE,,,,
2020,Director,Minari,Lee Isaac Chung,FALSE,,,,
2020,Director,Nomadland,Chloé Zhao,TRUE,,,,
2020,Director,Another Round,Thomas Vinterberg,FALSE,,,,
2020,Director,Mank,David Fincher,FALSE,,,,
2020,Director,Promising Young Woman,Emerald Fennell,FALSE,,,,
2020,Documentary Feature,Crip Camp,Jim LeBrecht,FALSE,,,,
2020,Documentary Feature,Crip Camp,Sara Bolder,FALSE,,,,
2020,Documentary Feature,Time,Lauren Domino,FALSE,,,,
2020,Documentary Feature,Time,Kellen Quinn,FALSE,,,,
2020,Documentary Feature,Collective,Alexander Nanau,FALSE,,,,
2020,Documentary Feature,Collective,Bianca Oana,FALSE,,,,
2020,Documentary Feature,Crip Camp,Nicole Newnham,FALSE,,,,
2020,Documentary Feature,The Mole Agent,Marcela Santibáñez,FALSE,,,,
2020,Documentary Feature,My Octopus Teacher,Pippa Ehrlich,TRUE,,,,
2020,Documentary Feature,My Octopus Teacher,James Reed,TRUE,,,,
2020,Documentary Feature,The Mole Agent,Maite Alberdi,FALSE,,,,
2020,Documentary Feature,Time,Garrett Bradley,FALSE,,,,
2020,Documentary Feature,My Octopus Teacher,Craig Foster,TRUE,,,,
2020,Documentary Short,Colette,Anthony Giacchino,TRUE,,,,
2020,Documentary Short,Colette,Alice Doyard,TRUE,,,,
2020,Documentary Short,A Concerto Is a Conversation,Ben Proudfoot,FALSE,,,,
2020,Documentary Short,A Concerto Is a Conversation,Kris Bowers,FALSE,,,,
2020,Documentary Short,Do Not Split,Anders Hammer,FALSE,,,,
2020,Documentary Short,Do Not Split,Charlotte Cook,FALSE,,,,
2020,Documentary Short,Hunger Ward,Skye Fitzgerald,FALSE,,,,
2020,Documentary Short,Hunger Ward,Michael Schueuerman,FALSE,,,,
2020,Documentary Short,A Love Song for Latasha,Sophia Nahali Allison,FALSE,,,,
2020,Documentary Short,A Love Song for Latasha,Janice Duncan,FALSE,,,,
2020,Editing,The Trial of the Chicago 7,Alan Baumgarten,FALSE,,,,
2020,Editing,The Father,Yorgos Lamprinos,FALSE,,,,
2020,Editing,Sound of Metal,Mikkel E.G. Nielsen,TRUE,,,,
2020,Editing,Nomadland,Chloé Zhao,FALSE,,,,
2020,Editing,Promising Young Woman,Frédéric Thoraval,FALSE,,,,
2020,International Feature,Another Round,Thomas Vinterberg,TRUE,,,,
2020,International Feature,Better Days,Derek Tsang,FALSE,,,,
2020,International Feature,Collective,Alexander Nanau,FALSE,,,,
2020,International Feature,"Quo Vadis, Aida?",Jasmila Žbanić,FALSE,,,,
2020,International Feature,The Man Who Sold His Skin,Kaouther Ben Hania,FALSE,,,,
2020,Live-Action Short,Feeling Through,Doug Roland,FALSE,,,,
2020,Live-Action Short,Feeling Through,Susan Ruzenski,FALSE,,,,
2020,Live-Action Short,The Letter Room,Elvira Lin,FALSE,,,,
2020,Live-Action Short,The Letter Room,Sofia Sondervan,FALSE,,,,
2020,Live-Action Short,The Present,Farah Nabulsi,FALSE,,,,
2020,Live-Action Short,Two Distant Strangers,Travon Free,TRUE,,,,
2020,Live-Action Short,Two Distant Strangers,Martin Desmond Roe,TRUE,,,,
2020,Live-Action Short,White Eye,Tomer Shushan,FALSE,,,,
2020,Live-Action Short,White Eye,Shira Hochman,FALSE,,,,
2020,Make-Up,Emma,Claudia Stolze,FALSE,,,,
2020,Make-Up,Hillbilly Elegy,Eryn Krueger Mekash,FALSE,,,,
2020,Make-Up,Hillbilly Elegy,Patricia Dehaney,FALSE,,,,
2020,Make-Up,Hillbilly Elegy,Matthew Mungle,FALSE,,,,
2020,Make-Up,Ma Rainey's Black Bottom,Matiki Anoff,TRUE,,,,
2020,Make-Up,Ma Rainey's Black Bottom,Mia Neal,TRUE,,,,
2020,Make-Up,Ma Rainey's Black Bottom,Larry M. Cherry,TRUE,,,,
2020,Make-Up,Mank,Kimberley Spiteri,FALSE,,,,
2020,Make-Up,Mank,Gigi Williams,FALSE,,,,
2020,Make-Up,Pinocchio,Dalia Colli,FALSE,,,,
2020,Make-Up,Pinocchio,Mark Coulier,FALSE,,,,
2020,Make-Up,Pinocchio,Francesco Pegoretti,FALSE,,,,
2020,Make-Up,Emma,Marese Langan,FALSE,,,,
2020,Make-Up,Emma,Laura Allen,FALSE,,,,
2020,Original Score,Mank,Trent Reznor,FALSE,,,,
2020,Original Score,Mank,Atticus Ross,FALSE,,,,
2020,Original Score,Minari,Emile Mosseri,FALSE,,,,
2020,Original Score,Soul,Trent Reznor,TRUE,,,,
2020,Original Score,Soul,Atticus Ross,TRUE,,,,
2020,Original Score,Soul,Jon Batiste,TRUE,,,,
2020,Original Score,Da 5 Bloods,Terence Blanchard,FALSE,,,,
2020,Original Score,News of the World,James Newton Howard,FALSE,,,,
2020,Original Screenplay,Judas and the Black Messiah,Darius Marder,FALSE,,,,Story and Screenplay
2020,Original Screenplay,Judas and the Black Messiah,Abraham Marder,FALSE,,,,Screenplay
2020,Original Screenplay,Judas and the Black Messiah,Derek Cianfrance,FALSE,,,,Story
2020,Original Screenplay,Minari,Lee Isaac Chung,FALSE,,,,
2020,Original Screenplay,Promising Young Woman,Emerald Fennell,TRUE,,,,
2020,Original Screenplay,Sound of Metal,Darius Marder,FALSE,,,,Story and Screenplay
2020,Original Screenplay,Sound of Metal,Abraham Marder,FALSE,,,,Screenplay
2020,Original Screenplay,Sound of Metal,Derek Cianfrance,FALSE,,,,Story
2020,Original Screenplay,The Trial of the Chicago 7,Aaron Sorkin,FALSE,,,,
2020,Original Song,The Trial of the Chicago 7,Daniel Pemberton,FALSE,,,"""Hear My Voice""",Lyrics
2020,Original Song,The Trial of the Chicago 7,Celeste Waite,FALSE,,,"""Hear My Voice""",Lyrics
2020,Original Song,Judas and the Black Messiah,H.E.R.,TRUE,,,"""Fight for You""",Music and Lyrics
2020,Original Song,Judas and the Black Messiah,Dernst Emile II,TRUE,,,"""Fight for You""",Music
2020,Original Song,Judas and the Black Messiah,Tiara Thomas,TRUE,,,"""Fight for You""",Lyrics
2020,Original Song,The Trial of the Chicago 7,Daniel Pemberton,FALSE,,,"""Hear My Voice""",Music
2020,Original Song,Eurovision Song Contest: The Story of Fire Saga,Savan Kotecha,FALSE,,,"""Husavik""",Music and Lyrics
2020,Original Song,Eurovision Song Contest: The Story of Fire Saga,Fat Max Gsus,FALSE,,,"""Husavik""",Music and Lyrics
2020,Original Song,The Life Ahead,Laura Pausini,FALSE,,,"""Io Si (Seen)""",Music and Lyrics
2020,Original Song,Eurovision Song Contest: The Story of Fire Saga,Rickard Göransson,FALSE,,,"""Husavik""",Music and Lyrics
2020,Original Song,The Life Ahead,Diane Warren,FALSE,,,"""Io Si (Seen)""",Music and Lyrics
2020,Original Song,One Night in Miami...,Leslie Odom,FALSE,,,"""Speak Now""",Music and Lyrics
2020,Original Song,One Night in Miami...,Jr.,FALSE,,,"""Speak Now""",Music and Lyrics
2020,Original Song,One Night in Miami...,Sam Ashworth,FALSE,,,"""Speak Now""",Music and Lyrics
2020,Original Song,The Life Ahead,Diane Warren,FALSE,,,"""Io Si (Seen)""",Music
2020,Production Design,The Father,Peter Francis,FALSE,,,,Production design
2020,Production Design,The Father,Cathy Featherstone,FALSE,,,,Set decoration
2020,Production Design,Ma Rainey's Black Bottom,Mark Ricker,FALSE,,,,Production design
2020,Production Design,Ma Rainey's Black Bottom,Karen O'Hara,FALSE,,,,Set decoration
2020,Production Design,Ma Rainey's Black Bottom,Diana Sroughton,FALSE,,,,Set decoration
2020,Production Design,Mank,Donald Graham Burt,TRUE,,,,Production design
2020,Production Design,Mank,Jan Pascale,TRUE,,,,Set decoration
2020,Production Design,News of the World,David Crank,FALSE,,,,Production design
2020,Production Design,News of the World,Elizabeth Keenan,FALSE,,,,Set decoration
2020,Production Design,Tenet,Nathan Crowley,FALSE,,,,Production design
2020,Production Design,Tenet,Kathy Lucas,FALSE,,,,Set decoration
2020,Sound,Mank,David Parker,FALSE,,,,
2020,Sound,Mank,Nathan Nance,FALSE,,,,
2020,Sound,Soul,Coya Elliot,FALSE,,,,
2020,Sound,Soul,David Parker,FALSE,,,,
2020,Sound,Sound of Metal,Nicolas Becker,TRUE,,,,
2020,Sound,Sound of Metal,Jaime Baksht,TRUE,,,,
2020,Sound,Sound of Metal,Michelle Couttolenc,TRUE,,,,
2020,Sound,Sound of Metal,Carlos Cortes,TRUE,,,,
2020,Sound,Sound of Metal,Philip Bladh,TRUE,,,,
2020,Sound,Mank,Drew Kunin,FALSE,,,,
2020,Sound,News of the World,Oliver Tarney,FALSE,,,,
2020,Sound,News of the World,Mike Prestwood Smith,FALSE,,,,
2020,Sound,News of the World,William Miller,FALSE,,,,
2020,Sound,News of the World,John Pritchett,FALSE,,,,
2020,Sound,Soul,Ren Klyce,FALSE,,,,
2020,Sound,Greyhound,Warren Shaw,FALSE,,,,
2020,Sound,Greyhound,Michael Minkler,FALSE,,,,
2020,Sound,Greyhound,Beau Borders,FALSE,,,,
2020,Sound,Greyhound,David Wyman,FALSE,,,,
2020,Sound,Mank,Ren Klyce,FALSE,,,,
2020,Sound,Mank,Jeremy Molod,FALSE,,,,
2020,Visual Effects,Tenet,Andrew Jackson,TRUE,,,,
2020,Visual Effects,Tenet,David Lee,TRUE,,,,
2020,Visual Effects,Tenet,Andrew Lockley,TRUE,,,,
2020,Visual Effects,Tenet,Scott Fisher,TRUE,,,,
2020,Visual Effects,Love and Monsters,Matt Sloan,FALSE,,,,
2020,Visual Effects,Love and Monsters,Genevieve Camailleri,FALSE,,,,
2020,Visual Effects,Love and Monsters,Matt Everitt,FALSE,,,,
2020,Visual Effects,Love and Monsters,Brian Cox,FALSE,,,,
2020,Visual Effects,The Midnight Sky,Matthew Kasmir,FALSE,,,,
2020,Visual Effects,The Midnight Sky,Christopher Lawren,FALSE,,,,
2020,Visual Effects,The One and Only Ivan,Santiago Colomo Martinez,FALSE,,,,
2020,Visual Effects,Mulan,Sean Faden,FALSE,,,,
2020,Visual Effects,The Midnight Sky,Max Solomon,FALSE,,,,
2020,Visual Effects,The Midnight Sky,David Watkins,FALSE,,,,
2020,Visual Effects,Mulan,Steven Ingram,FALSE,,,,
2020,Visual Effects,Mulan,Anders Langlands,FALSE,,,,
2020,Visual Effects,Mulan,Seth Maury,FALSE,,,,
2020,Visual Effects,The One and Only Ivan,Ben Jones,FALSE,,,,
2020,Visual Effects,The One and Only Ivan,Nick Davis,FALSE,,,,
2020,Visual Effects,The One and Only Ivan,Greg Fisher,FALSE,,,,
2019,Actor in a Leading Role,Joker,Joaquin Phoenix,TRUE,Arthur Fleck / Joker,,,
2019,Actor in a Leading Role,Pain and Glory,Antonio Banderas,FALSE,Salvador Mallo,,,
2019,Actor in a Leading Role,The Two Popes,Jonathan Pryce,FALSE,Cardinal Jorge Mario Bergoglio,,,
2019,Actor in a Leading Role,Once Upon a Time in Hollywood,Leonardo DiCaprio,FALSE,Rick Dalton,,,
2019,Actor in a Leading Role,Marriage Story,Adam Driver,FALSE,Charlie Barber,,,
2019,Actor in a Supporting Role,Once Upon a Time in Hollywood,Brad Pitt,TRUE,Cliff Booth,,,
2019,Actor in a Supporting Role,A Beautiful Day in the Neighborhood,Tom Hanks,FALSE,Fred Rogers,,,
2019,Actor in a Supporting Role,The Two Popes,Anthony Hopkins,FALSE,Pope Benedict XVI,,,
2019,Actor in a Supporting Role,The Irishman,Al Pacino,FALSE,Jimmy Hoffa,,,
2019,Actor in a Supporting Role,The Irishman,Joe Pesci,FALSE,Russell Bufalino,,,
2019,Actress in a Leading Role,Judy,Renée Zellweger,TRUE,Judy Garland,,,
2019,Actress in a Leading Role,Harriet,Cynthia Erivo,FALSE,Harriet Tubman,,,
2019,Actress in a Leading Role,Marriage Story,Scarlett Johansson,FALSE,Nicole Barber,,,
2019,Actress in a Leading Role,Little Women,Saoirse Ronan,FALSE,"Josephine ""Jo"" March",,,
2019,Actress in a Leading Role,Bombshell,Charlize Theron,FALSE,Megyn Kelly,,,
2019,Actress in a Supporting Role,Marriage Story,Laura Dern,TRUE,Nora Fanshaw,,,
2019,Actress in a Supporting Role,Bombshell,Margot Robbie,FALSE,Kayla Pospisil,,,
2019,Actress in a Supporting Role,Richard Jewell,Kathy Bates,FALSE,"Barbara ""Bobi"" Jewell",,,
2019,Actress in a Supporting Role,Jojo Rabbit,Scarlett Johansson,FALSE,Rosie Betzler,,,
2019,Actress in a Supporting Role,Little Women,Florence Pugh,FALSE,Amy March,,,
2019,Adapted Screenplay,Jojo Rabbit,Taika Waititi,TRUE,,The novel Caging Skies by Christine Leunens,,
2019,Adapted Screenplay,The Irishman,Steven Zaillian,FALSE,,The book I Heard You Paint Houses by Charles Brandt,,
2019,Adapted Screenplay,Joker,Todd Phillips,FALSE,,"Comic book characters by Bill Finger, Bob Kane and Jerry Robinson",,
2019,Adapted Screenplay,Joker,Scott Silver,FALSE,,"Comic book characters by Bill Finger, Bob Kane and Jerry Robinson",,
2019,Adapted Screenplay,Little Women,Greta Gerwig,FALSE,,The novel by Louisa May Alcott,,
2019,Adapted Screenplay,The Two Popes,Anthony McCarten,FALSE,,The play The Pope by McCarten,,
2019,Animated Feature,Toy Story 4,Josh Cooley,TRUE,,,,
2019,Animated Feature,Toy Story 4,Mark Nielsen,TRUE,,,,
2019,Animated Feature,How to Train Your Dragon: The Hidden World,Bradford Lewis,FALSE,,,,
2019,Animated Feature,How to Train Your Dragon: The Hidden World,Bonnie Arnold,FALSE,,,,
2019,Animated Feature,I Lost My Body,Jérémy Clapin,FALSE,,,,
2019,Animated Feature,I Lost My Body,Marc Du Pontavice,FALSE,,,,
2019,Animated Feature,Klaus,Sergio Pablos,FALSE,,,,
2019,Animated Feature,Klaus,Jinko Gotoh,FALSE,,,,
2019,Animated Feature,Klaus,Marisa Román,FALSE,,,,
2019,Animated Feature,Missing Link,Chris Butler,FALSE,,,,
2019,Animated Feature,Missing Link,Travis Knight,FALSE,,,,
2019,Animated Feature,Toy Story 4,Jonas Rivera,TRUE,,,,
2019,Animated Feature,How to Train Your Dragon: The Hidden World,Dean DeBlois,FALSE,,,,
2019,Animated Feature,Missing Link,Arianne Sutner,FALSE,,,,
2019,Animated Short,Hair Love,Matthew A. Cherry,TRUE,,,,
2019,Animated Short,Hair Love,Karen Rupert Toliver,TRUE,,,,
2019,Animated Short,Daughter,Daria Kashcheeva,FALSE,,,,
2019,Animated Short,Kitbull,Kathryn Hendrickson,FALSE,,,,
2019,Animated Short,Kitbull,Rosana Sullivan,FALSE,,,,
2019,Animated Short,Mémorable,Bruno Collet,FALSE,,,,
2019,Animated Short,Mémorable,Jean-François Le Corre,FALSE,,,,
2019,Animated Short,Sister,Siqi Song,FALSE,,,,
2019,Best Picture,Parasite,Kwak Sin-ae,TRUE,,,,
2019,Best Picture,Parasite,Bong Joon-ho,TRUE,,,,
2019,Best Picture,Ford v Ferrari,Peter Chernin,FALSE,,,,
2019,Best Picture,Ford v Ferrari,Jenno Topping,FALSE,,,,
2019,Best Picture,Ford v Ferrari,James Mangold,FALSE,,,,
2019,Best Picture,The Irishman,Martin Scorsese,FALSE,,,,
2019,Best Picture,The Irishman,Robert De Niro,FALSE,,,,
2019,Best Picture,The Irishman,Jane Rosenthal,FALSE,,,,
2019,Best Picture,The Irishman,Emma Tillinger Koskoff,FALSE,,,,
2019,Best Picture,Jojo Rabbit,Carthew Neal,FALSE,,,,
2019,Best Picture,Jojo Rabbit,Taika Waititi,FALSE,,,,
2019,Best Picture,Jojo Rabbit,Chelsea Winstanley,FALSE,,,,
2019,Best Picture,Joker,Todd Phillips,FALSE,,,,
2019,Best Picture,Joker,Bradley Cooper,FALSE,,,,
2019,Best Picture,Joker,Emma Tillinger Koskoff,FALSE,,,,
2019,Best Picture,Little Women,Amy Pascal,FALSE,,,,
2019,Best Picture,Marriage Story,Noah Baumbach,FALSE,,,,
2019,Best Picture,Marriage Story,David Heyman,FALSE,,,,
2019,Best Picture,1917,Sam Mendes,FALSE,,,,
2019,Best Picture,1917,Pippa Harris,FALSE,,,,
2019,Best Picture,1917,Jayne-Ann Tenggren,FALSE,,,,
2019,Best Picture,1917,Callum McDougall,FALSE,,,,
2019,Best Picture,Once Upon a Time in Hollywood,David Heyman,FALSE,,,,
2019,Best Picture,Once Upon a Time in Hollywood,Shannon McIntosh,FALSE,,,,
2019,Best Picture,Once Upon a Time in Hollywood,Quentin Tarantino,FALSE,,,,
2019,Cinematography,1917,Roger Deakins,TRUE,,,,
2019,Cinematography,The Irishman,Rodrigo Prieto,FALSE,,,,
2019,Cinematography,Joker,Lawrence Sher,FALSE,,,,
2019,Cinematography,The Lighthouse,Jarin Blaschke,FALSE,,,,
2019,Cinematography,Once Upon a Time in Hollywood,Robert Richardson,FALSE,,,,
2019,Costume Design,The Irishman,Christopher Peterson,FALSE,,,,
2019,Costume Design,Jojo Rabbit,Mayes C. Rubeo,FALSE,,,,
2019,Costume Design,Joker,Mark Bridges,FALSE,,,,
2019,Costume Design,Once Upon a Time in Hollywood,Arianne Phillips,FALSE,,,,
2019,Costume Design,Little Women,Jacqueline Durran,TRUE,,,,
2019,Costume Design,The Irishman,Sandy Powell,FALSE,,,,
2019,Director,Parasite,Bong Joon-ho,TRUE,,,,
2019,Director,1917,Sam Mendes,FALSE,,,,
2019,Director,Joker,Todd Phillips,FALSE,,,,
2019,Director,The Irishman,Martin Scorsese,FALSE,,,,
2019,Director,Once Upon a Time in Hollywood,Quentin Tarantino,FALSE,,,,
2019,Documentary Feature,American Factory,Steven Bognar,TRUE,,,,
2019,Documentary Feature,American Factory,Julia Reichert,TRUE,,,,
2019,Documentary Feature,American Factory,Jeff Reichert,TRUE,,,,
2019,Documentary Feature,The Cave,Feras Fayyad,FALSE,,,,
2019,Documentary Feature,The Cave,Kirstine Barfod,FALSE,,,,
2019,Documentary Feature,The Cave,Sigrid Dyekjær,FALSE,,,,
2019,Documentary Feature,The Edge of Democracy,Petra Costa,FALSE,,,,
2019,Documentary Feature,The Edge of Democracy,Joanna Natasegara,FALSE,,,,
2019,Documentary Feature,The Edge of Democracy,Shane Boris,FALSE,,,,
2019,Documentary Feature,The Edge of Democracy,Tiago Pavan,FALSE,,,,
2019,Documentary Feature,For Sama,Waad al-Kateab,FALSE,,,,
2019,Documentary Feature,For Sama,Edward Watts,FALSE,,,,
2019,Documentary Feature,Honeyland,Ljubo Stefanov,FALSE,,,,
2019,Documentary Feature,Honeyland,Tamara Kotevska,FALSE,,,,
2019,Documentary Feature,Honeyland,Atanas Georgiev,FALSE,,,,
2019,Documentary Short,Learning to Skateboard in a Warzone (If You're a Girl),Carol Dysinger,TRUE,,,,
2019,Documentary Short,Learning to Skateboard in a Warzone (If You're a Girl),Elena Andreicheva,TRUE,,,,
2019,Documentary Short,In the Absence,Yi Seung-Jun,FALSE,,,,
2019,Documentary Short,In the Absence,Gary Byung-Seok Kam,FALSE,,,,
2019,Documentary Short,Life Overtakes Me,John Haptas,FALSE,,,,
2019,Documentary Short,Life Overtakes Me,Kristine Samuelson,FALSE,,,,
2019,Documentary Short,St. Louis Superman,Smriti Mundhra,FALSE,,,,
2019,Documentary Short,St. Louis Superman,Sami Khan,FALSE,,,,
2019,Documentary Short,Walk Run Cha-Cha,Laura Nix,FALSE,,,,
2019,Documentary Short,Walk Run Cha-Cha,Colette Sandstedt,FALSE,,,,
2019,Editing,Ford v Ferrari,Michael McCusker,TRUE,,,,
2019,Editing,Ford v Ferrari,Andrew Buckland,TRUE,,,,
2019,Editing,The Irishman,Thelma Schoonmaker,FALSE,,,,
2019,Editing,Jojo Rabbit,Tom Eagles,FALSE,,,,
2019,Editing,Joker,Jeff Groth,FALSE,,,,
2019,Editing,Parasite,Yang Jin-mo,FALSE,,,,
2019,Foreign Language Film,Parasite,Bong Joon-ho,TRUE,,,,
2019,Foreign Language Film,Corpus Christi,Jan Komasa,FALSE,,,,
2019,Foreign Language Film,Honeyland,Tamara Kotevska,FALSE,,,,
2019,Foreign Language Film,Honeyland,Ljubomir Stefanov,FALSE,,,,
2019,Foreign Language Film,Les Misérables,Ladj Ly,FALSE,,,,
2019,Foreign Language Film,Pain and Glory,Pedro Almodóvar,FALSE,,,,
2019,Live-Action Short,The Neighbors' Window,Marshall Curry,TRUE,,,,
2019,Live-Action Short,Brotherhood,Meryam Joobeur,FALSE,,,,
2019,Live-Action Short,Brotherhood,Maria Gracia Turgeon,FALSE,,,,
2019,Live-Action Short,Nefta Football Club,Yves Piat,FALSE,,,,
2019,Live-Action Short,Nefta Football Club,Damien Megherbi,FALSE,,,,
2019,Live-Action Short,Saria,Bryan Buckley,FALSE,,,,
2019,Live-Action Short,Saria,Matt Lefebvre,FALSE,,,,
2019,Live-Action Short,A Sister,Delphine Girard,FALSE,,,,
2019,Make-Up,Maleficent: Mistress of Evil,Paul Gooch,FALSE,,,,
2019,Make-Up,Maleficent: Mistress of Evil,Arjen Tuiten,FALSE,,,,
2019,Make-Up,Bombshell,Kazuhiro Tsuji,TRUE,,,,
2019,Make-Up,Bombshell,Anne Morgan,TRUE,,,,
2019,Make-Up,Bombshell,Vivian Baker,TRUE,,,,
2019,Make-Up,Joker,Nicki Ledermann,FALSE,,,,
2019,Make-Up,Joker,Kay Georgiou,FALSE,,,,
2019,Make-Up,Judy,Jeremy Woodhead,FALSE,,,,
2019,Make-Up,Maleficent: Mistress of Evil,David White,FALSE,,,,
2019,Make-Up,1917,Naomi Donne,FALSE,,,,
2019,Make-Up,1917,Tristan Versluis,FALSE,,,,
2019,Make-Up,1917,Rebecca Cole,FALSE,,,,
2019,Original Score,Joker,Hildur Guðnadóttir,TRUE,,,,
2019,Original Score,Little Women,Alexandre Desplat,FALSE,,,,
2019,Original Score,Marriage Story,Randy Newman,FALSE,,,,
2019,Original Score,1917,Thomas Newman,FALSE,,,,
2019,Original Score,Star Wars: The Rise of Skywalker,John Williams,FALSE,,,,
2019,Original Screenplay,Parasite,Bong Joon-ho,TRUE,,,,Story and Screenplay
2019,Original Screenplay,Parasite,Han Jin-won,TRUE,,,,Screenplay
2019,Original Screenplay,Knives Out,Rian Johnson,FALSE,,,,
2019,Original Screenplay,Marriage Story,Noah Baumbach,FALSE,,,,
2019,Original Screenplay,1917,Sam Mendes,FALSE,,,,
2019,Original Screenplay,1917,Krysty Wilson-Cairns,FALSE,,,,
2019,Original Screenplay,Once Upon a Time in Hollywood,Quentin Tarantino,FALSE,,,,
2019,Original Song,Frozen II,Kristen Anderson-Lopez,FALSE,,,"""Into the Unknown""",Music and Lyrics
2019,Original Song,Frozen II,Robert Lopez,FALSE,,,"""Into the Unknown""",Music and Lyrics
2019,Original Song,Harriet,Joshuah Brian Campbell,FALSE,,,"""Stand Up""",Music and Lyrics
2019,Original Song,Breakthrough,Diane Warren,FALSE,,,"""I'm Standing with You""",Music and Lyrics
2019,Original Song,Harriet,Cynthia Erivo,FALSE,,,"""Stand Up""",Music and Lyrics
2019,Original Song,Toy Story 4,Randy Newman,FALSE,,,"""I Can't Let You Throw Yourself Away""",Music and Lyrics
2019,Original Song,Rocketman,Elton John,TRUE,,,"""(I'm Gonna) Love Me Again""",Music
2019,Original Song,Rocketman,Bernie Taupin,TRUE,,,"""(I'm Gonna) Love Me Again""",Lyrics
2019,Production Design,Once Upon a Time in Hollywood,Barbara Ling,TRUE,,,,Production design
2019,Production Design,Once Upon a Time in Hollywood,Nancy Haigh,TRUE,,,,Set decoration
2019,Production Design,The Irishman,Bob Shaw,FALSE,,,,Production design
2019,Production Design,The Irishman,Regina Graves,FALSE,,,,Set decoration
2019,Production Design,Jojo Rabbit,Ra Vincent,FALSE,,,,Production design
2019,Production Design,Jojo Rabbit,Nora Sopková,FALSE,,,,Set decoration
2019,Production Design,1917,Dennis Gassner,FALSE,,,,Production design
2019,Production Design,1917,Lee Sandales,FALSE,,,,Set decoration
2019,Production Design,Parasite,Lee Ha-jun,FALSE,,,,Production design
2019,Production Design,Parasite,Cho Won-woo,FALSE,,,,Set decoration
2019,Sound Editing,Ford v Ferrari,Donald Sylvester,TRUE,,,,
2019,Sound Editing,Joker,Alan Robert Murray,FALSE,,,,
2019,Sound Editing,1917,Oliver Tarney,FALSE,,,,
2019,Sound Editing,1917,Rachael Tate,FALSE,,,,
2019,Sound Editing,Once Upon a Time in Hollywood,Wylie Stateman,FALSE,,,,
2019,Sound Editing,Star Wars: The Rise of Skywalker,Matthew Wood,FALSE,,,,
2019,Sound Editing,Star Wars: The Rise of Skywalker,David Acord,FALSE,,,,
2019,Sound Mixing,1917,Mark Taylor,TRUE,,,,
2019,Sound Mixing,1917,Stuart Wilson,TRUE,,,,
2019,Sound Mixing,Ad Astra,Gary Rydstrom,FALSE,,,,
2019,Sound Mixing,Ad Astra,Tom Johnson,FALSE,,,,
2019,Sound Mixing,Ad Astra,Mark Ulano,FALSE,,,,
2019,Sound Mixing,Ford v Ferrari,Paul Massey,FALSE,,,,
2019,Sound Mixing,Ford v Ferrari,David Giammarco,FALSE,,,,
2019,Sound Mixing,Ford v Ferrari,Steven A. Morrow,FALSE,,,,
2019,Sound Mixing,Joker,Tom Ozanich,FALSE,,,,
2019,Sound Mixing,Joker,Dean Zupancic,FALSE,,,,
2019,Sound Mixing,Joker,Tod Maitland,FALSE,,,,
2019,Sound Mixing,Once Upon a Time in Hollywood,Michael Minkler,FALSE,,,,
2019,Sound Mixing,Once Upon a Time in Hollywood,Christian P. Minkler,FALSE,,,,
2019,Sound Mixing,Once Upon a Time in Hollywood,Mark Ulano,FALSE,,,,
2019,Visual Effects,Avengers: Endgame,Dan DeLeeuw,FALSE,,,,
2019,Visual Effects,Avengers: Endgame,Russell Earl,FALSE,,,,
2019,Visual Effects,Avengers: Endgame,Matt Aitken,FALSE,,,,
2019,Visual Effects,Avengers: Endgame,Dan Sudick,FALSE,,,,
2019,Visual Effects,The Irishman,Pablo Helman,FALSE,,,,
2019,Visual Effects,The Irishman,Leandro Estebecorena,FALSE,,,,
2019,Visual Effects,The Irishman,Nelson Sepulveda-Fauser,FALSE,,,,
2019,Visual Effects,The Irishman,Stephane Grabli,FALSE,,,,
2019,Visual Effects,The Lion King,Robert Legato,FALSE,,,,
2019,Visual Effects,The Lion King,Adam Valdez,FALSE,,,,
2019,Visual Effects,The Lion King,Andrew R. Jones,FALSE,,,,
2019,Visual Effects,The Lion King,Elliot Newman,FALSE,,,,
2019,Visual Effects,Star Wars: The Rise of Skywalker,Roger Guyett,FALSE,,,,
2019,Visual Effects,Star Wars: The Rise of Skywalker,Neal Scanlan,FALSE,,,,
2019,Visual Effects,Star Wars: The Rise of Skywalker,Patrick Tubach,FALSE,,,,
2019,Visual Effects,Star Wars: The Rise of Skywalker,Dominic Tuohy,FALSE,,,,
2019,Visual Effects,1917,Dominic Tuohy,TRUE,,,,
2019,Visual Effects,1917,Guillaume Rocheron,TRUE,,,,
2019,Visual Effects,1917,Greg Butler,TRUE,,,,
2018,Actor in a Leading Role,Bohemian Rhapsody,Rami Malek,TRUE,Freddie Mercury,,,
2018,Actor in a Leading Role,Vice,Christian Bale,FALSE,Dick Cheney,,,
2018,Actor in a Leading Role,A Star Is Born,Bradley Cooper,FALSE,Jackson Maine,,,
2018,Actor in a Leading Role,At Eternity's Gate,Willem Dafoe,FALSE,Vincent van Gogh,,,
2018,Actor in a Leading Role,Green Book,Viggo Mortensen,FALSE,"Tony ""Lip"" Vallelonga",,,
2018,Actor in a Supporting Role,Green Book,Mahershala Ali,TRUE,Don Shirley,,,
2018,Actor in a Supporting Role,BlacKkKlansman,Adam Driver,FALSE,"Detective Philip ""Flip"" Zimmerman",,,
2018,Actor in a Supporting Role,A Star Is Born,Sam Elliott,FALSE,Bobby Maine,,,
2018,Actor in a Supporting Role,Can You Ever Forgive Me?,Richard E. Grant,FALSE,Jack Hock,,,
2018,Actor in a Supporting Role,Vice,Sam Rockwell,FALSE,George W. Bush,,,
2018,Actress in a Leading Role,The Favourite,Olivia Colman,TRUE,"Anne, Queen of Great Britain",,,
2018,Actress in a Leading Role,Roma,Yalitza Aparicio,FALSE,"Cleodegaria ""Cleo"" Gutiérrez",,,
2018,Actress in a Leading Role,The Wife,Glenn Close,FALSE,Joan Castleman,,,
2018,Actress in a Leading Role,A Star Is Born,Lady Gaga,FALSE,Ally Maine,,,
2018,Actress in a Leading Role,Can You Ever Forgive Me?,Melissa McCarthy,FALSE,Lee Israel,,,
2018,Actress in a Supporting Role,If Beale Street Could Talk,Regina King,TRUE,Sharon Rivers,,,
2018,Actress in a Supporting Role,Vice,Amy Adams,FALSE,Lynne Cheney,,,
2018,Actress in a Supporting Role,Roma,Marina de Tavira,FALSE,Sofía,,,
2018,Actress in a Supporting Role,The Favourite,Emma Stone,FALSE,Abigail Masham,,,
2018,Actress in a Supporting Role,The Favourite,Rachel Weisz,FALSE,Sarah Churchill,,,
2018,Adapted Screenplay,BlacKkKlansman,Spike Lee,TRUE,,The memoir Black Klansman by Ron Stallworth,,
2018,Adapted Screenplay,BlacKkKlansman,David Rabinowitz,TRUE,,The memoir Black Klansman by Ron Stallworth,,
2018,Adapted Screenplay,BlacKkKlansman,Charlie Wachtel,TRUE,,The memoir Black Klansman by Ron Stallworth,,
2018,Adapted Screenplay,BlacKkKlansman,Kevin Willmott,TRUE,,The memoir Black Klansman by Ron Stallworth,,
2018,Adapted Screenplay,The Ballad of Buster Scruggs,Joel Coen,FALSE,,The short stories All Gold Canyon by Jack London and The Gal Who Got Rattled by Stewart Edward White,,
2018,Adapted Screenplay,The Ballad of Buster Scruggs,Ethan Coen,FALSE,,The short stories All Gold Canyon by Jack London and The Gal Who Got Rattled by Stewart Edward White,,
2018,Adapted Screenplay,Can You Ever Forgive Me?,Nicole Holofcener,FALSE,,The memoir by Lee Israel,,
2018,Adapted Screenplay,Can You Ever Forgive Me?,Jeff Whitty,FALSE,,The memoir by Lee Israel,,
2018,Adapted Screenplay,If Beale Street Could Talk,Barry Jenkins,FALSE,,The novel by James Baldwin,,
2018,Adapted Screenplay,A Star Is Born,Bradley Cooper,FALSE,,"The 1954 film by Moss Hart, 1976 film by Joan Didion, John Gregory Dunne and Frank Pierson, and story by Robert Carson and William A. Wellman",,
2018,Adapted Screenplay,A Star Is Born,Will Fetters,FALSE,,"The 1954 film by Moss Hart, 1976 film by Joan Didion, John Gregory Dunne and Frank Pierson, and story by Robert Carson and William A. Wellman",,
2018,Adapted Screenplay,A Star Is Born,Eric Roth,FALSE,,"The 1954 film by Moss Hart, 1976 film by Joan Didion, John Gregory Dunne and Frank Pierson, and story by Robert Carson and William A. Wellman",,
2018,Animated Feature,Incredibles 2,John Walker,FALSE,,,,
2018,Animated Feature,Spider-Man: Into the Spider-Verse,Phil Lord,TRUE,,,,
2018,Animated Feature,Spider-Man: Into the Spider-Verse,Christopher Miller,TRUE,,,,
2018,Animated Feature,Ralph Breaks the Internet,Rich Moore,FALSE,,,,
2018,Animated Feature,Ralph Breaks the Internet,Phil Johnston,FALSE,,,,
2018,Animated Feature,Ralph Breaks the Internet,Clark Spencer,FALSE,,,,
2018,Animated Feature,Incredibles 2,Brad Bird,FALSE,,,,
2018,Animated Feature,Incredibles 2,Nicole Paradis Grindle,FALSE,,,,
2018,Animated Feature,Isle of Dogs,Wes Anderson,FALSE,,,,
2018,Animated Feature,Isle of Dogs,Scott Rudin,FALSE,,,,
2018,Animated Feature,Isle of Dogs,Steven Rales,FALSE,,,,
2018,Animated Feature,Isle of Dogs,Jeremy Dawson,FALSE,,,,
2018,Animated Feature,Mirai,Mamoru Hosoda,FALSE,,,,
2018,Animated Feature,Mirai,Yūichirō Saitō,FALSE,,,,
2018,Animated Feature,Spider-Man: Into the Spider-Verse,Bob Persichetti,TRUE,,,,
2018,Animated Feature,Spider-Man: Into the Spider-Verse,Peter Ramsey,TRUE,,,,
2018,Animated Feature,Spider-Man: Into the Spider-Verse,Rodney Rothman,TRUE,,,,
2018,Animated Short,Bao,Becky Neiman-Cobb,TRUE,,,,
2018,Animated Short,Bao,Domee Shi,TRUE,,,,
2018,Animated Short,Animal Behaviour,David Fine,FALSE,,,,
2018,Animated Short,Animal Behaviour,Alison Snowden,FALSE,,,,
2018,Animated Short,Late Afternoon,Louise Bagnall,FALSE,,,,
2018,Animated Short,Late Afternoon,Nuria González Blanco,FALSE,,,,
2018,Animated Short,One Small Step,Andrew Chesworth,FALSE,,,,
2018,Animated Short,One Small Step,Bobby Pontillas,FALSE,,,,
2018,Animated Short,Weekends,Trevor Jimenez,FALSE,,,,
2018,Best Picture,Vice,Adam McKay,FALSE,,,,
2018,Best Picture,Vice,Kevin Messick,FALSE,,,,
2018,Best Picture,BlacKkKlansman,Jordan Peele,FALSE,,,,
2018,Best Picture,BlacKkKlansman,Spike Lee,FALSE,,,,
2018,Best Picture,Bohemian Rhapsody,Graham King,FALSE,,,,
2018,Best Picture,The Favourite,Ceci Dempsey,FALSE,,,,
2018,Best Picture,The Favourite,Ed Guiney,FALSE,,,,
2018,Best Picture,The Favourite,Lee Magiday,FALSE,,,,
2018,Best Picture,The Favourite,Yorgos Lanthimos,FALSE,,,,
2018,Best Picture,Roma,Gabriela Rodríguez,FALSE,,,,
2018,Best Picture,Green Book,Peter Farrelly,TRUE,,,,
2018,Best Picture,Green Book,Nick Vallelonga,TRUE,,,,
2018,Best Picture,Black Panther,Kevin Feige,FALSE,,,,
2018,Best Picture,BlacKkKlansman,Sean McKittrick,FALSE,,,,
2018,Best Picture,BlacKkKlansman,Jason Blum,FALSE,,,,
2018,Best Picture,BlacKkKlansman,Raymond Mansfield,FALSE,,,,
2018,Best Picture,Vice,Jeremy Kleiner,FALSE,,,,
2018,Best Picture,Green Book,Jim Burke,TRUE,,,,
2018,Best Picture,Green Book,Charles B. Wessler,TRUE,,,,
2018,Best Picture,Green Book,Brian Currie,TRUE,,,,
2018,Best Picture,Roma,Alfonso Cuarón,FALSE,,,,
2018,Best Picture,A Star Is Born,Bill Gerber,FALSE,,,,
2018,Best Picture,A Star Is Born,Lynette Howell Taylor,FALSE,,,,
2018,Best Picture,Vice,Dede Gardner,FALSE,,,,
2018,Best Picture,A Star Is Born,Bradley Cooper,FALSE,,,,
2018,Cinematography,Roma,Alfonso Cuarón,TRUE,,,,
2018,Cinematography,Cold War,Łukasz Żal,FALSE,,,,
2018,Cinematography,The Favourite,Robbie Ryan,FALSE,,,,
2018,Cinematography,Never Look Away,Caleb Deschanel,FALSE,,,,
2018,Cinematography,A Star Is Born,Matthew Libatique,FALSE,,,,
2018,Costume Design,The Favourite,Sandy Powell,FALSE,,,,
2018,Costume Design,Mary Queen of Scots,Alexandra Byrne,FALSE,,,,
2018,Costume Design,Black Panther,Ruth E. Carter,TRUE,,,,
2018,Costume Design,The Ballad of Buster Scruggs,Mary Zophres,FALSE,,,,
2018,Director,Roma,Alfonso Cuarón,TRUE,,,,
2018,Director,The Favourite,Yorgos Lanthimos,FALSE,,,,
2018,Director,BlacKkKlansman,Spike Lee,FALSE,,,,
2018,Director,Vice,Adam McKay,FALSE,,,,
2018,Director,Cold War,Paweł Pawlikowski,FALSE,,,,
2018,Documentary Feature,Free Solo,Elizabeth Chai Vasarhelyi,TRUE,,,,
2018,Documentary Feature,Free Solo,Jimmy Chin,TRUE,,,,
2018,Documentary Feature,Free Solo,Evan Hayes,TRUE,,,,
2018,Documentary Feature,Free Solo,Shannon Dill,TRUE,,,,
2018,Documentary Feature,"Hale County This Morning, This Evening",RaMell Ross,FALSE,,,,
2018,Documentary Feature,"Hale County This Morning, This Evening",Joslyn Barnes,FALSE,,,,
2018,Documentary Feature,"Hale County This Morning, This Evening",Su Kim,FALSE,,,,
2018,Documentary Feature,Minding the Gap,Bing Liu,FALSE,,,,
2018,Documentary Feature,Minding the Gap,Diane Quon,FALSE,,,,
2018,Documentary Feature,Of Fathers and Sons,Talal Derki,FALSE,,,,
2018,Documentary Feature,Of Fathers and Sons,Ansgar Frerich,FALSE,,,,
2018,Documentary Feature,Of Fathers and Sons,Eva Kemme,FALSE,,,,
2018,Documentary Feature,Of Fathers and Sons,Tobias N. Siebert,FALSE,,,,
2018,Documentary Feature,RBG,Betsy West,FALSE,,,,
2018,Documentary Feature,RBG,Julie Cohen,FALSE,,,,
2018,Documentary Short,Period. End of Sentence.,Melissa Berton,TRUE,,,,
2018,Documentary Short,Black Sheep,Ed Perkins,FALSE,,,,
2018,Documentary Short,Black Sheep,Jonathan Chinn,FALSE,,,,
2018,Documentary Short,End Game,Rob Epstein,FALSE,,,,
2018,Documentary Short,End Game,Jeffrey Friedman,FALSE,,,,
2018,Documentary Short,Lifeboat,Skye Fitzgerald,FALSE,,,,
2018,Documentary Short,Lifeboat,Bryn Mooser,FALSE,,,,
2018,Documentary Short,A Night at the Garden,Marshall Curry,FALSE,,,,
2018,Documentary Short,Period. End of Sentence.,Rayka Zehtabchi,TRUE,,,,
2018,Editing,Bohemian Rhapsody,John Ottman,TRUE,,,,
2018,Editing,BlacKkKlansman,Barry Alexander Brown,FALSE,,,,
2018,Editing,The Favourite,Yorgos Mavropsaridis,FALSE,,,,
2018,Editing,Green Book,Patrick J. Don Vito,FALSE,,,,
2018,Editing,Vice,Hank Corwin,FALSE,,,,
2018,Foreign Language Film,Roma,Alfonso Cuarón,TRUE,,,,
2018,Foreign Language Film,Capernaum,Nadine Labaki,FALSE,,,,
2018,Foreign Language Film,Cold War,Paweł Pawlikowski,FALSE,,,,
2018,Foreign Language Film,Never Look Away,Florian Henckel von Donnersmarck,FALSE,,,,
2018,Foreign Language Film,Shoplifters,Hirokazu Kore-eda,FALSE,,,,
2018,Live-Action Short,Skin,Guy Nattiv,TRUE,,,,
2018,Live-Action Short,Skin,Jaime Ray Newman,TRUE,,,,
2018,Live-Action Short,Detainment,Vincent Lambe,FALSE,,,,
2018,Live-Action Short,Detainment,Darren Mahon,FALSE,,,,
2018,Live-Action Short,Fauve,Jérémy Comte,FALSE,,,,
2018,Live-Action Short,Fauve,Maria Gracia Turgeon,FALSE,,,,
2018,Live-Action Short,Marguerite,Marianne Farley,FALSE,,,,
2018,Live-Action Short,Marguerite,Marie-Hélène Panisset,FALSE,,,,
2018,Live-Action Short,Mother,Rodrigo Sorogoyen,FALSE,,,,
2018,Live-Action Short,Mother,María del Puy Alvarado,FALSE,,,,
2018,Make-Up,Border,Göran Lundström,FALSE,,,,
2018,Make-Up,Vice,Patricia Dehaney,TRUE,,,,
2018,Make-Up,Mary Queen of Scots,Marc Pilcher,FALSE,,,,
2018,Make-Up,Border,Pamela Goldammer,FALSE,,,,
2018,Make-Up,Vice,Kate Biscoe,TRUE,,,,
2018,Make-Up,Vice,Greg Cannom,TRUE,,,,
2018,Make-Up,Mary Queen of Scots,Jenny Shircore,FALSE,,,,
2018,Make-Up,Mary Queen of Scots,Jessica Brooks,FALSE,,,,
2018,Original Score,Black Panther,Ludwig Göransson,TRUE,,,,
2018,Original Score,BlacKkKlansman,Terence Blanchard,FALSE,,,,
2018,Original Score,If Beale Street Could Talk,Nicholas Britell,FALSE,,,,
2018,Original Score,Isle of Dogs,Alexandre Desplat,FALSE,,,,
2018,Original Score,Mary Poppins Returns,Marc Shaiman,FALSE,,,,
2018,Original Screenplay,Green Book,Brian Currie,TRUE,,,,
2018,Original Screenplay,Green Book,Peter Farrelly,TRUE,,,,
2018,Original Screenplay,Green Book,Nick Vallelonga,TRUE,,,,
2018,Original Screenplay,The Favourite,Deborah Davis,FALSE,,,,
2018,Original Screenplay,The Favourite,Tony McNamara,FALSE,,,,
2018,Original Screenplay,First Reformed,Paul Schrader,FALSE,,,,
2018,Original Screenplay,Roma,Alfonso Cuarón,FALSE,,,,
2018,Original Screenplay,Vice,Adam McKay,FALSE,,,,
2018,Original Song,A Star Is Born,Lady Gaga,TRUE,,,"""Shallow""",Music and Lyrics
2018,Original Song,A Star Is Born,Mark Ronson,TRUE,,,"""Shallow""",Music and Lyrics
2018,Original Song,A Star Is Born,Anthony Rossomando,TRUE,,,"""Shallow""",Music and Lyrics
2018,Original Song,A Star Is Born,Andrew Wyatt,TRUE,,,"""Shallow""",Music and Lyrics
2018,Original Song,The Ballad of Buster Scruggs,David Rawlings,FALSE,,,"""When a Cowboy Trades His Spurs for Wings""",Music and Lyrics
2018,Original Song,The Ballad of Buster Scruggs,Gillian Welch,FALSE,,,"""When a Cowboy Trades His Spurs for Wings""",Music and Lyrics
2018,Original Song,Black Panther,Kendrick Lamar,FALSE,,,"""All the Stars""",Music and Lyrics
2018,Original Song,Black Panther,Sounwave,FALSE,,,"""All the Stars""",Music
2018,Original Song,Black Panther,Anthony Tiffith,FALSE,,,"""All the Stars""",Music and Lyrics
2018,Original Song,Black Panther,SZA,FALSE,,,"""All the Stars""",Lyrics
2018,Original Song,Mary Poppins Returns,Marc Shaiman,FALSE,,,"""The Place Where Lost Things Go""",Music
2018,Original Song,Mary Poppins Returns,Marc Shaiman,FALSE,,,"""The Place Where Lost Things Go""",Lyrics
2018,Original Song,Mary Poppins Returns,Scott Wittman,FALSE,,,"""The Place Where Lost Things Go""",Lyrics
2018,Original Song,RBG,Diane Warren,FALSE,,,"""I'll Fight""",Music and Lyrics
2018,Production Design,Black Panther,Hannah Beachler,TRUE,,,,Production design
2018,Production Design,Black Panther,Jay Hart,TRUE,,,,Set decoration
2018,Production Design,The Favourite,Fiona Crombie,FALSE,,,,Production design
2018,Production Design,The Favourite,Alice Felton,FALSE,,,,Set decoration
2018,Production Design,First Man,Nathan Crowley,FALSE,,,,Production design
2018,Production Design,First Man,Kathy Lucas,FALSE,,,,Set decoration
2018,Production Design,Mary Poppins Returns,John Myhre,FALSE,,,,Production design
2018,Production Design,Mary Poppins Returns,Gordon Sim,FALSE,,,,Set decoration
2018,Production Design,Roma,Eugenio Caballero,FALSE,,,,Production design
2018,Production Design,Roma,Bárbara Enrı́quez,FALSE,,,,Set decoration
2018,Sound Editing,Black Panther,Benjamin A. Burtt,FALSE,,,,
2018,Sound Editing,Bohemian Rhapsody,John Warhurst,TRUE,,,,
2018,Sound Editing,Bohemian Rhapsody,Nina Hartstone,TRUE,,,,
2018,Sound Editing,Black Panther,Steve Boeddeker,FALSE,,,,
2018,Sound Editing,First Man,Ai-Ling Lee,FALSE,,,,
2018,Sound Editing,First Man,Mildred Iatrou Morgan,FALSE,,,,
2018,Sound Editing,A Quiet Place,Ethan Van der Ryn,FALSE,,,,
2018,Sound Editing,A Quiet Place,Erik Aadahl,FALSE,,,,
2018,Sound Editing,Roma,Sergio Díaz,FALSE,,,,
2018,Sound Editing,Roma,Skip Lievsay,FALSE,,,,
2018,Sound Mixing,Bohemian Rhapsody,Paul Massey,TRUE,,,,
2018,Sound Mixing,Bohemian Rhapsody,Tim Cavagin,TRUE,,,,
2018,Sound Mixing,Bohemian Rhapsody,John Casali,TRUE,,,,
2018,Sound Mixing,Black Panther,Steve Boeddeker,FALSE,,,,
2018,Sound Mixing,Black Panther,Brandon Proctor,FALSE,,,,
2018,Sound Mixing,Black Panther,Peter J. Devlin,FALSE,,,,
2018,Sound Mixing,First Man,Jon Taylor,FALSE,,,,
2018,Sound Mixing,First Man,Frank A. Montaño,FALSE,,,,
2018,Sound Mixing,First Man,Ai-Ling Lee,FALSE,,,,
2018,Sound Mixing,First Man,Mary H. Ellis,FALSE,,,,
2018,Sound Mixing,Roma,Skip Lievsay,FALSE,,,,
2018,Sound Mixing,Roma,Craig Henighan,FALSE,,,,
2018,Sound Mixing,Roma,José Antonio Garcia,FALSE,,,,
2018,Sound Mixing,A Star Is Born,Tom Ozanich,FALSE,,,,
2018,Sound Mixing,A Star Is Born,Dean Zupancic,FALSE,,,,
2018,Sound Mixing,A Star Is Born,Jason Ruder,FALSE,,,,
2018,Sound Mixing,A Star Is Born,Steve Morrow,FALSE,,,,
2018,Visual Effects,First Man,Paul Lambert,TRUE,,,,
2018,Visual Effects,First Man,Ian Hunter,TRUE,,,,
2018,Visual Effects,First Man,Tristan Myles,TRUE,,,,
2018,Visual Effects,First Man,J. D. Schwalm,TRUE,,,,
2018,Visual Effects,Avengers: Infinity War,Dan DeLeeuw,FALSE,,,,
2018,Visual Effects,Avengers: Infinity War,Kelly Port,FALSE,,,,
2018,Visual Effects,Avengers: Infinity War,Russell Earl,FALSE,,,,
2018,Visual Effects,Avengers: Infinity War,Dan Sudick,FALSE,,,,
2018,Visual Effects,Christopher Robin,Christopher Lawrence,FALSE,,,,
2018,Visual Effects,Christopher Robin,Michael Eames,FALSE,,,,
2018,Visual Effects,Christopher Robin,Theo Jones,FALSE,,,,
2018,Visual Effects,Christopher Robin,Chris Corbould,FALSE,,,,
2018,Visual Effects,Ready Player One,Roger Guyett,FALSE,,,,
2018,Visual Effects,Ready Player One,Grady Cofer,FALSE,,,,
2018,Visual Effects,Ready Player One,Matthew E. Butler,FALSE,,,,
2018,Visual Effects,Ready Player One,David Shirk,FALSE,,,,
2018,Visual Effects,Solo: A Star Wars Story,Rob Bredow,FALSE,,,,
2018,Visual Effects,Solo: A Star Wars Story,Patrick Tubach,FALSE,,,,
2018,Visual Effects,Solo: A Star Wars Story,Neal Scanlan,FALSE,,,,
2018,Visual Effects,Solo: A Star Wars Story,Dominic Tuohy,FALSE,,,,
2017,Actor in a Leading Role,Darkest Hour,Gary Oldman,TRUE,Winston Churchill,,,
2017,Actor in a Leading Role,Call Me by Your Name,Timothée Chalamet,FALSE,Elio Perlman,,,
2017,Actor in a Leading Role,Phantom Thread,Daniel Day-Lewis,FALSE,Reynolds Woodcock,,,
2017,Actor in a Leading Role,Get Out,Daniel Kaluuya,FALSE,Chris Washington,,,
2017,Actor in a Leading Role,"Roman J. Israel, Esq.",Denzel Washington,FALSE,Roman J. Israel,,,
2017,Actor in a Supporting Role,"Three Billboards Outside Ebbing, Missouri",Sam Rockwell,TRUE,Officer Jason Dixon,,,
2017,Actor in a Supporting Role,The Florida Project,Willem Dafoe,FALSE,Bobby Hicks,,,
2017,Actor in a Supporting Role,"Three Billboards Outside Ebbing, Missouri",Woody Harrelson,FALSE,"Chief William ""Bill"" Willoughby",,,
2017,Actor in a Supporting Role,The Shape of Water,Richard Jenkins,FALSE,Giles,,,
2017,Actor in a Supporting Role,All the Money in the World,Christopher Plummer,FALSE,J. Paul Getty,,,
2017,Actress in a Leading Role,"Three Billboards Outside Ebbing, Missouri",Frances McDormand,TRUE,Mildred Hayes,,,
2017,Actress in a Leading Role,The Shape of Water,Sally Hawkins,FALSE,Elisa Esposito,,,
2017,Actress in a Leading Role,"I, Tonya",Margot Robbie,FALSE,Tonya Harding,,,
2017,Actress in a Leading Role,Lady Bird,Saoirse Ronan,FALSE,"Christine ""Lady Bird"" McPherson",,,
2017,Actress in a Leading Role,The Post,Meryl Streep,FALSE,Katharine Graham,,,
2017,Actress in a Supporting Role,Phantom Thread,Lesley Manville,FALSE,Cyril Woodcock,,,
2017,Actress in a Supporting Role,"I, Tonya",Allison Janney,TRUE,LaVona Golden,,,
2017,Actress in a Supporting Role,Mudbound,Mary J. Blige,FALSE,Florence Jackson,,,
2017,Actress in a Supporting Role,Lady Bird,Laurie Metcalf,FALSE,Marion McPherson,,,
2017,Actress in a Supporting Role,The Shape of Water,Octavia Spencer,FALSE,Zelda Fuller,,,
2017,Adapted Screenplay,Call Me by Your Name,James Ivory,TRUE,,The novel by André Aciman,,
2017,Adapted Screenplay,The Disaster Artist,Scott Neustadter,FALSE,,The book by Greg Sestero and Tom Bissell,,
2017,Adapted Screenplay,The Disaster Artist,Michael H. Weber,FALSE,,The book by Greg Sestero and Tom Bissell,,
2017,Adapted Screenplay,Logan,Scott Frank,FALSE,,The Wolverine comics by John Romita Sr. and Len Wein,,Screenplay
2017,Adapted Screenplay,Logan,Michael Green,FALSE,,The Wolverine comics by John Romita Sr. and Len Wein,,Screenplay
2017,Adapted Screenplay,Logan,James Mangold,FALSE,,The Wolverine comics by John Romita Sr. and Len Wein,,Story and Screenplay
2017,Adapted Screenplay,Molly's Game,Aaron Sorkin,FALSE,,The memoir by Molly Bloom,,
2017,Adapted Screenplay,Mudbound,Dee Rees,FALSE,,The novel by Hillary Jordan,,
2017,Adapted Screenplay,Mudbound,Virgil Williams,FALSE,,The novel by Hillary Jordan,,
2017,Animated Feature,Coco,Lee Unkrich,TRUE,,,,
2017,Animated Feature,Coco,Darla K. Anderson,TRUE,,,,
2017,Animated Feature,The Boss Baby,Tom McGrath,FALSE,,,,
2017,Animated Feature,The Boss Baby,Ramsey Ann Naito,FALSE,,,,
2017,Animated Feature,The Breadwinner,Nora Twomey,FALSE,,,,
2017,Animated Feature,The Breadwinner,Anthony Leo,FALSE,,,,
2017,Animated Feature,Ferdinand,Carlos Saldanha,FALSE,,,,
2017,Animated Feature,Ferdinand,Lori Forte,FALSE,,,,
2017,Animated Feature,Loving Vincent,Dorota Kobiela,FALSE,,,,
2017,Animated Feature,Loving Vincent,Hugh Welchman,FALSE,,,,
2017,Animated Feature,Loving Vincent,Ivan Mactaggart,FALSE,,,,
2017,Animated Short,Dear Basketball,Kobe Bryant,TRUE,,,,
2017,Animated Short,Dear Basketball,Glen Keane,TRUE,,,,
2017,Animated Short,Revolting Rhymes,Jan Lachauer,FALSE,,,,
2017,Animated Short,Revolting Rhymes,Jakob Schuh,FALSE,,,,
2017,Animated Short,Lou,Dave Mullins,FALSE,,,,
2017,Animated Short,Lou,Dana Murray,FALSE,,,,
2017,Animated Short,Garden Party,Victor Caire,FALSE,,,,
2017,Animated Short,Garden Party,Gabriel Grapperon,FALSE,,,,
2017,Animated Short,Negative Space,Ru Kuwahata,FALSE,,,,
2017,Animated Short,Negative Space,Max Porter,FALSE,,,,
2017,Best Picture,The Shape of Water,Guillermo del Toro,TRUE,,,,
2017,Best Picture,The Shape of Water,J. Miles Dale,TRUE,,,,
2017,Best Picture,Call Me by Your Name,Peter Spears,FALSE,,,,
2017,Best Picture,Call Me by Your Name,Luca Guadagnino,FALSE,,,,
2017,Best Picture,Call Me by Your Name,Emilie Georges,FALSE,,,,
2017,Best Picture,Call Me by Your Name,Marco Morabito,FALSE,,,,
2017,Best Picture,Darkest Hour,Tim Bevan,FALSE,,,,
2017,Best Picture,Darkest Hour,Eric Fellner,FALSE,,,,
2017,Best Picture,Darkest Hour,Lisa Bruce,FALSE,,,,
2017,Best Picture,Darkest Hour,Anthony McCarten,FALSE,,,,
2017,Best Picture,Darkest Hour,Douglas Urbanski,FALSE,,,,
2017,Best Picture,Dunkirk,Emma Thomas,FALSE,,,,
2017,Best Picture,Dunkirk,Christopher Nolan,FALSE,,,,
2017,Best Picture,Get Out,Sean McKittrick,FALSE,,,,
2017,Best Picture,Get Out,Jason Blum,FALSE,,,,
2017,Best Picture,Get Out,Edward H. Hamm Jr.,FALSE,,,,
2017,Best Picture,Get Out,Jordan Peele,FALSE,,,,
2017,Best Picture,Lady Bird,Scott Rudin,FALSE,,,,
2017,Best Picture,Lady Bird,Eli Bush,FALSE,,,,
2017,Best Picture,Lady Bird,Evelyn O'Neill,FALSE,,,,
2017,Best Picture,Phantom Thread,JoAnne Sellar,FALSE,,,,
2017,Best Picture,Phantom Thread,Paul Thomas Anderson,FALSE,,,,
2017,Best Picture,Phantom Thread,Megan Ellison,FALSE,,,,
2017,Best Picture,Phantom Thread,Daniel Lupi,FALSE,,,,
2017,Best Picture,The Post,Amy Pascal,FALSE,,,,
2017,Best Picture,The Post,Steven Spielberg,FALSE,,,,
2017,Best Picture,The Post,Kristie Macosko Krieger,FALSE,,,,
2017,Best Picture,"Three Billboards Outside Ebbing, Missouri",Graham Broadbent,FALSE,,,,
2017,Best Picture,"Three Billboards Outside Ebbing, Missouri",Pete Czernin,FALSE,,,,
2017,Best Picture,"Three Billboards Outside Ebbing, Missouri",Martin McDonagh,FALSE,,,,
2017,Cinematography,Mudbound,Rachel Morrison,FALSE,,,,
2017,Cinematography,The Shape of Water,Dan Laustsen,FALSE,,,,
2017,Cinematography,Darkest Hour,Bruno Delbonnel,FALSE,,,,
2017,Cinematography,Dunkirk,Hoyte van Hoytema,FALSE,,,,
2017,Cinematography,Blade Runner 2049,Roger Deakins,TRUE,,,,
2017,Costume Design,Phantom Thread,Mark Bridges,TRUE,,,,
2017,Costume Design,Beauty and the Beast,Jacqueline Durran,FALSE,,,,
2017,Costume Design,The Shape of Water,Luis Sequeira,FALSE,,,,
2017,Costume Design,Victoria & Abdul,Consolata Boyle,FALSE,,,,
2017,Director,The Shape of Water,Guillermo del Toro,TRUE,,,,
2017,Director,Phantom Thread,Paul Thomas Anderson,FALSE,,,,
2017,Director,Lady Bird,Greta Gerwig,FALSE,,,,
2017,Director,Dunkirk,Christopher Nolan,FALSE,,,,
2017,Director,Get Out,Jordan Peele,FALSE,,,,
2017,Documentary Feature,Icarus,Bryan Fogel,TRUE,,,,
2017,Documentary Feature,Icarus,Dan Cogan,TRUE,,,,
2017,Documentary Feature,Abacus: Small Enough to Jail,Steve James,FALSE,,,,
2017,Documentary Feature,Abacus: Small Enough to Jail,Mark Mitten,FALSE,,,,
2017,Documentary Feature,Abacus: Small Enough to Jail,Julie Goldman,FALSE,,,,
2017,Documentary Feature,Faces Places,Agnès Varda,FALSE,,,,
2017,Documentary Feature,Faces Places,JR,FALSE,,,,
2017,Documentary Feature,Faces Places,Rosalie Varda,FALSE,,,,
2017,Documentary Feature,Last Men in Aleppo,Feras Fayyad,FALSE,,,,
2017,Documentary Feature,Last Men in Aleppo,Kareem Abeed,FALSE,,,,
2017,Documentary Feature,Last Men in Aleppo,Søren Steen Jespersen,FALSE,,,,
2017,Documentary Feature,Strong Island,Yance Ford,FALSE,,,,
2017,Documentary Feature,Strong Island,Joslyn Barnes,FALSE,,,,
2017,Documentary Short,Heaven Is a Traffic Jam on the 405,Frank Stiefel,TRUE,,,,
2017,Documentary Short,Heroin(e),Kerrin Sheldon,FALSE,,,,
2017,Documentary Short,Traffic Stop,David Heilbroner,FALSE,,,,
2017,Documentary Short,Heroin(e),Elaine McMillion Sheldon,FALSE,,,,
2017,Documentary Short,Edith+Eddie,Laura Checkoway,FALSE,,,,
2017,Documentary Short,Edith+Eddie,Thomas Lee Wright,FALSE,,,,
2017,Documentary Short,Knife Skills,Thomas Lennon,FALSE,,,,
2017,Documentary Short,Traffic Stop,Kate Davis,FALSE,,,,
2017,Editing,Dunkirk,Lee Smith,TRUE,,,,
2017,Editing,Baby Driver,Paul Machliss,FALSE,,,,
2017,Editing,Baby Driver,Jonathan Amos,FALSE,,,,
2017,Editing,"I, Tonya",Tatiana S. Riegel,FALSE,,,,
2017,Editing,The Shape of Water,Sidney Wolinsky,FALSE,,,,
2017,Editing,"Three Billboards Outside Ebbing, Missouri",Jon Gregory,FALSE,,,,
2017,Foreign Language Film,A Fantastic Woman,Sebastián Lelio,TRUE,,,,
2017,Foreign Language Film,The Insult,Ziad Doueiri,FALSE,,,,
2017,Foreign Language Film,Loveless,Andrey Zvyagintsev,FALSE,,,,
2017,Foreign Language Film,On Body and Soul,Ildikó Enyedi,FALSE,,,,
2017,Foreign Language Film,The Square,Ruben Östlund,FALSE,,,,
2017,Live-Action Short,Watu Wote: All of Us,Katja Benrath,FALSE,,,,
2017,Live-Action Short,Watu Wote: All of Us,Tobias Rosen,FALSE,,,,
2017,Live-Action Short,The Eleven O'Clock,Josh Lawson,FALSE,,,,
2017,Live-Action Short,My Nephew Emmett,Kevin Wilson Jr.,FALSE,,,,
2017,Live-Action Short,The Silent Child,Rachel Shenton,TRUE,,,,
2017,Live-Action Short,DeKalb Elementary,Reed Van Dyk,FALSE,,,,
2017,Live-Action Short,The Eleven O'Clock,Derin Seale,FALSE,,,,
2017,Live-Action Short,The Silent Child,Chris Overton,TRUE,,,,
2017,Make-Up,Wonder,Arjen Tuiten,FALSE,,,,
2017,Make-Up,Victoria & Abdul,Lou Sheppard,FALSE,,,,
2017,Make-Up,Darkest Hour,David Malinowski,TRUE,,,,
2017,Make-Up,Darkest Hour,Lucy Sibbick,TRUE,,,,
2017,Make-Up,Victoria & Abdul,Daniel Phillips,FALSE,,,,
2017,Make-Up,Darkest Hour,Kazuhiro Tsuji,TRUE,,,,
2017,Original Score,The Shape of Water,Alexandre Desplat,TRUE,,,,
2017,Original Score,Dunkirk,Hans Zimmer,FALSE,,,,
2017,Original Score,Phantom Thread,Jonny Greenwood,FALSE,,,,
2017,Original Score,Star Wars: The Last Jedi,John Williams,FALSE,,,,
2017,Original Score,"Three Billboards Outside Ebbing, Missouri",Carter Burwell,FALSE,,,,
2017,Original Screenplay,Get Out,Jordan Peele,TRUE,,,,
2017,Original Screenplay,The Big Sick,Emily V. Gordon,FALSE,,,,
2017,Original Screenplay,The Big Sick,Kumail Nanjiani,FALSE,,,,
2017,Original Screenplay,Lady Bird,Greta Gerwig,FALSE,,,,
2017,Original Screenplay,The Shape of Water,Guillermo del Toro,FALSE,,,,Screenplay
2017,Original Screenplay,The Shape of Water,Vanessa Taylor,FALSE,,,,Screenplay
2017,Original Screenplay,The Shape of Water,del Toro,FALSE,,,,Story
2017,Original Screenplay,"Three Billboards Outside Ebbing, Missouri",Martin McDonagh,FALSE,,,,
2017,Original Song,Coco,Kristen Anderson-Lopez,TRUE,,,"""Remember Me""",Music and Lyrics
2017,Original Song,Coco,Robert Lopez,TRUE,,,"""Remember Me""",Music and Lyrics
2017,Original Song,Call Me by Your Name,Sufjan Stevens,FALSE,,,"""Mystery of Love""",Music and Lyrics
2017,Original Song,The Greatest Showman,Benj Pasek,FALSE,,,"""This Is Me""",Music and Lyrics
2017,Original Song,The Greatest Showman,Justin Paul,FALSE,,,"""This Is Me""",Music and Lyrics
2017,Original Song,Marshall,Diane Warren,FALSE,,,"""Stand Up for Something""",Music and Lyrics
2017,Original Song,Marshall,Common,FALSE,,,"""Stand Up for Something""",Lyrics
2017,Original Song,Mudbound,Mary J. Blige,FALSE,,,"""Mighty River""",Music and Lyrics
2017,Original Song,Mudbound,Raphael Saadiq,FALSE,,,"""Mighty River""",Music and Lyrics
2017,Original Song,Mudbound,Taura Stinson,FALSE,,,"""Mighty River""",Music and Lyrics
2017,Production Design,The Shape of Water,Paul Denham Austerberry,TRUE,,,,Production design
2017,Production Design,The Shape of Water,Shane Vieau,TRUE,,,,Set decoration
2017,Production Design,The Shape of Water,Jeff Melvin,TRUE,,,,Set decoration
2017,Production Design,Beauty and the Beast,Sarah Greenwood,FALSE,,,,Production design
2017,Production Design,Beauty and the Beast,Katie Spencer,FALSE,,,,Set decoration
2017,Production Design,Blade Runner 2049,Dennis Gassner,FALSE,,,,Production design
2017,Production Design,Blade Runner 2049,Alessandra Querzola,FALSE,,,,Set decoration
2017,Production Design,Darkest Hour,Sarah Greenwood,FALSE,,,,Production design
2017,Production Design,Darkest Hour,Katie Spencer,FALSE,,,,Set decoration
2017,Production Design,Dunkirk,Nathan Crowley,FALSE,,,,Production design
2017,Production Design,Dunkirk,Gary Fettis,FALSE,,,,Set decoration
2017,Sound Editing,Star Wars: The Last Jedi,Matthew Wood,FALSE,,,,
2017,Sound Editing,Star Wars: The Last Jedi,Ren Klyce,FALSE,,,,
2017,Sound Editing,The Shape of Water,Nathan Robitaille,FALSE,,,,
2017,Sound Editing,The Shape of Water,Nelson Ferreira,FALSE,,,,
2017,Sound Editing,Dunkirk,Richard King,TRUE,,,,
2017,Sound Editing,Dunkirk,Alex Gibson,TRUE,,,,
2017,Sound Editing,Baby Driver,Julian Slater,FALSE,,,,
2017,Sound Editing,Blade Runner 2049,Mark Mangini,FALSE,,,,
2017,Sound Editing,Blade Runner 2049,Theo Green,FALSE,,,,
2017,Sound Mixing,Blade Runner 2049,Mac Ruth,FALSE,,,,
2017,Sound Mixing,The Shape of Water,Christian Cooke,FALSE,,,,
2017,Sound Mixing,The Shape of Water,Brad Zoern,FALSE,,,,
2017,Sound Mixing,The Shape of Water,Glen Gauthier,FALSE,,,,
2017,Sound Mixing,Star Wars: The Last Jedi,David Parker,FALSE,,,,
2017,Sound Mixing,Star Wars: The Last Jedi,Michael Semanick,FALSE,,,,
2017,Sound Mixing,Star Wars: The Last Jedi,Ren Klyce,FALSE,,,,
2017,Sound Mixing,Star Wars: The Last Jedi,Stuart Wilson,FALSE,,,,
2017,Sound Mixing,Dunkirk,Gregg Landaker,TRUE,,,,
2017,Sound Mixing,Dunkirk,Gary Rizzo,TRUE,,,,
2017,Sound Mixing,Dunkirk,Mark Weingarten,TRUE,,,,
2017,Sound Mixing,Baby Driver,Tim Cavagin,FALSE,,,,
2017,Sound Mixing,Baby Driver,Mary H. Ellis,FALSE,,,,
2017,Sound Mixing,Blade Runner 2049,Ron Bartlett,FALSE,,,,
2017,Sound Mixing,Blade Runner 2049,Doug Hemphill,FALSE,,,,
2017,Sound Mixing,Baby Driver,Julian Slater,FALSE,,,,
2017,Visual Effects,Blade Runner 2049,Paul Lambert,TRUE,,,,
2017,Visual Effects,Blade Runner 2049,Richard R. Hoover,TRUE,,,,
2017,Visual Effects,Guardians of the Galaxy Vol. 2,Christopher Townsend,FALSE,,,,
2017,Visual Effects,Guardians of the Galaxy Vol. 2,Guy Williams,FALSE,,,,
2017,Visual Effects,Guardians of the Galaxy Vol. 2,Jonathan Fawkner,FALSE,,,,
2017,Visual Effects,Guardians of the Galaxy Vol. 2,Dan Sudick,FALSE,,,,
2017,Visual Effects,Kong: Skull Island,Stephen Rosenbaum,FALSE,,,,
2017,Visual Effects,Kong: Skull Island,Jeff White,FALSE,,,,
2017,Visual Effects,Kong: Skull Island,Scott Benza,FALSE,,,,
2017,Visual Effects,Kong: Skull Island,Mike Meinardus,FALSE,,,,
2017,Visual Effects,Star Wars: The Last Jedi,Ben Morris,FALSE,,,,
2017,Visual Effects,Star Wars: The Last Jedi,Mike Mulholland,FALSE,,,,
2017,Visual Effects,Star Wars: The Last Jedi,Neal Scanlan,FALSE,,,,
2017,Visual Effects,Star Wars: The Last Jedi,Chris Corbould,FALSE,,,,
2017,Visual Effects,War for the Planet of the Apes,Joe Letteri,FALSE,,,,
2017,Visual Effects,War for the Planet of the Apes,Daniel Barrett,FALSE,,,,
2017,Visual Effects,War for the Planet of the Apes,Dan Lemmon,FALSE,,,,
2017,Visual Effects,War for the Planet of the Apes,Joel Whist,FALSE,,,,
2017,Visual Effects,Blade Runner 2049,John Nelson,TRUE,,,,
2017,Visual Effects,Blade Runner 2049,Gerd Nefzer,TRUE,,,,
2016,Actor in a Leading Role,Manchester by the Sea,Casey Affleck,TRUE,Lee Chandler,,,
2016,Actor in a Leading Role,Hacksaw Ridge,Andrew Garfield,FALSE,Desmond Doss,,,
2016,Actor in a Leading Role,La La Land,Ryan Gosling,FALSE,Sebastian Wilder,,,
2016,Actor in a Leading Role,Captain Fantastic,Viggo Mortensen,FALSE,Ben Cash,,,
2016,Actor in a Leading Role,Fences,Denzel Washington,FALSE,Troy Maxson,,,
2016,Actor in a Supporting Role,Nocturnal Animals,Michael Shannon,FALSE,Lieutenant Bobby Andes,,,
2016,Actor in a Supporting Role,Moonlight,Mahershala Ali,TRUE,Juan,,,
2016,Actor in a Supporting Role,Hell or High Water,Jeff Bridges,FALSE,Marcus Hamilton,,,
2016,Actor in a Supporting Role,Manchester by the Sea,Lucas Hedges,FALSE,Patrick Chandler,,,
2016,Actor in a Supporting Role,Lion,Dev Patel,FALSE,Saroo Brierley,,,
2016,Actress in a Leading Role,La La Land,Emma Stone,TRUE,Mia Dolan,,,
2016,Actress in a Leading Role,Elle,Isabelle Huppert,FALSE,Michèle Leblanc,,,
2016,Actress in a Leading Role,Loving,Ruth Negga,FALSE,Mildred Loving,,,
2016,Actress in a Leading Role,Jackie,Natalie Portman,FALSE,"Jacqueline ""Jackie"" Kennedy",,,
2016,Actress in a Leading Role,Florence Foster Jenkins,Meryl Streep,FALSE,Florence Foster Jenkins,,,
2016,Actress in a Supporting Role,Fences,Viola Davis,TRUE,Rose Lee Maxson,,,
2016,Actress in a Supporting Role,Moonlight,Naomie Harris,FALSE,Paula Harris,,,
2016,Actress in a Supporting Role,Lion,Nicole Kidman,FALSE,Sue Brierley,,,
2016,Actress in a Supporting Role,Hidden Figures,Octavia Spencer,FALSE,Dorothy Vaughan,,,
2016,Actress in a Supporting Role,Manchester by the Sea,Michelle Williams,FALSE,Randi Chandler,,,
2016,Adapted Screenplay,Moonlight,Barry Jenkins,TRUE,,The play In Moonlight Black Boys Look Blue by McCraney,,Screenplay
2016,Adapted Screenplay,Moonlight,Tarell Alvin McCraney,TRUE,,The play In Moonlight Black Boys Look Blue by McCraney,,Story
2016,Adapted Screenplay,Arrival,Eric Heisserer,FALSE,,The short story Story of Your Life by Ted Chiang,,
2016,Adapted Screenplay,Fences,August Wilson,FALSE,,The play by Wilson,,
2016,Adapted Screenplay,Hidden Figures,Theodore Melfi,FALSE,,The book by Margot Lee Shetterly,,
2016,Adapted Screenplay,Hidden Figures,Allison Schroeder,FALSE,,The book by Margot Lee Shetterly,,
2016,Adapted Screenplay,Lion,Luke Davies,FALSE,,The memoir A Long Way Home by Saroo Brierley and Larry Buttrose,,
2016,Animated Feature,My Life as a Courgette,Claude Barras,FALSE,,,,
2016,Animated Feature,My Life as a Courgette,Max Karli,FALSE,,,,
2016,Animated Feature,The Red Turtle,Michaël Dudok de Wit,FALSE,,,,
2016,Animated Feature,The Red Turtle,Toshio Suzuki,FALSE,,,,
2016,Animated Feature,Kubo and the Two Strings,Arianne Sutner,FALSE,,,,
2016,Animated Feature,Moana,John Musker,FALSE,,,,
2016,Animated Feature,Moana,Ron Clements,FALSE,,,,
2016,Animated Feature,Moana,Osnat Shurer,FALSE,,,,
2016,Animated Feature,Zootopia,Byron Howard,TRUE,,,,
2016,Animated Feature,Zootopia,Rich Moore,TRUE,,,,
2016,Animated Feature,Zootopia,Clark Spencer,TRUE,,,,
2016,Animated Feature,Kubo and the Two Strings,Travis Knight,FALSE,,,,
2016,Animated Short,Piper,Alan Barillaro,TRUE,,,,
2016,Animated Short,Piper,Marc Sondheimer,TRUE,,,,
2016,Animated Short,Blind Vaysha,Theodore Ushev,FALSE,,,,
2016,Animated Short,Borrowed Time,Andrew Coats,FALSE,,,,
2016,Animated Short,Borrowed Time,Lou Hamou-Lhadj,FALSE,,,,
2016,Animated Short,Pear Cider and Cigarettes,Cara Speller,FALSE,,,,
2016,Animated Short,Pear Cider and Cigarettes,Robert Valley,FALSE,,,,
2016,Animated Short,Pearl,Patrick Osborne,FALSE,,,,
2016,Best Picture,Hell or High Water,Carla Hacken,FALSE,,,,
2016,Best Picture,Hell or High Water,Julie Yorn,FALSE,,,,
2016,Best Picture,Hidden Figures,Donna Gigliotti,FALSE,,,,
2016,Best Picture,Hidden Figures,Peter Chernin,FALSE,,,,
2016,Best Picture,Hidden Figures,Jenno Topping,FALSE,,,,
2016,Best Picture,Hidden Figures,Pharrell Williams,FALSE,,,,
2016,Best Picture,Hidden Figures,Theodore Melfi,FALSE,,,,
2016,Best Picture,La La Land,Fred Berger,FALSE,,,,
2016,Best Picture,La La Land,Jordan Horowitz,FALSE,,,,
2016,Best Picture,La La Land,Marc Platt,FALSE,,,,
2016,Best Picture,Lion,Emile Sherman,FALSE,,,,
2016,Best Picture,Lion,Iain Canning,FALSE,,,,
2016,Best Picture,Lion,Angie Fielder,FALSE,,,,
2016,Best Picture,Manchester by the Sea,Matt Damon,FALSE,,,,
2016,Best Picture,Manchester by the Sea,Kimberly Steward,FALSE,,,,
2016,Best Picture,Manchester by the Sea,Chris Moore,FALSE,,,,
2016,Best Picture,Manchester by the Sea,Lauren Beck,FALSE,,,,
2016,Best Picture,Manchester by the Sea,Kevin J. Walsh,FALSE,,,,
2016,Best Picture,Moonlight,Adele Romanski,TRUE,,,,
2016,Best Picture,Moonlight,Dede Gardner,TRUE,,,,
2016,Best Picture,Moonlight,Jeremy Kleiner,TRUE,,,,
2016,Best Picture,Arrival,Shawn Levy,FALSE,,,,
2016,Best Picture,Arrival,Dan Levine,FALSE,,,,
2016,Best Picture,Arrival,Aaron Ryder,FALSE,,,,
2016,Best Picture,Arrival,David Linde,FALSE,,,,
2016,Best Picture,Fences,Scott Rudin,FALSE,,,,
2016,Best Picture,Fences,Denzel Washington,FALSE,,,,
2016,Best Picture,Fences,Todd Black,FALSE,,,,
2016,Best Picture,Hacksaw Ridge,Bill Mechanic,FALSE,,,,
2016,Best Picture,Hacksaw Ridge,David Permut,FALSE,,,,
2016,Cinematography,Arrival,Bradford Young,FALSE,,,,
2016,Cinematography,Lion,Greig Fraser,FALSE,,,,
2016,Cinematography,La La Land,Linus Sandgren,TRUE,,,,
2016,Cinematography,Moonlight,James Laxton,FALSE,,,,
2016,Cinematography,Silence,Rodrigo Prieto,FALSE,,,,
2016,Costume Design,Fantastic Beasts and Where to Find Them,Colleen Atwood,TRUE,,,,
2016,Costume Design,Allied,Joanna Johnston,FALSE,,,,
2016,Costume Design,Florence Foster Jenkins,Consolata Boyle,FALSE,,,,
2016,Costume Design,Jackie,Madeline Fontaine,FALSE,,,,
2016,Costume Design,La La Land,Mary Zophres,FALSE,,,,
2016,Director,La La Land,Damien Chazelle,TRUE,,,,
2016,Director,Hacksaw Ridge,Mel Gibson,FALSE,,,,
2016,Director,Moonlight,Barry Jenkins,FALSE,,,,
2016,Director,Manchester by the Sea,Kenneth Lonergan,FALSE,,,,
2016,Director,Arrival,Denis Villeneuve,FALSE,,,,
2016,Documentary Feature,O.J.: Made in America,Ezra Edelman,TRUE,,,,
2016,Documentary Feature,O.J.: Made in America,Caroline Waterlow,TRUE,,,,
2016,Documentary Feature,Fire at Sea,Gianfranco Rosi,FALSE,,,,
2016,Documentary Feature,Fire at Sea,Donatella Palermo,FALSE,,,,
2016,Documentary Feature,I Am Not Your Negro,Raoul Peck,FALSE,,,,
2016,Documentary Feature,I Am Not Your Negro,Rémi Grellety,FALSE,,,,
2016,Documentary Feature,I Am Not Your Negro,Hébert Peck,FALSE,,,,
2016,Documentary Feature,"Life, Animated",Roger Ross Williams,FALSE,,,,
2016,Documentary Feature,"Life, Animated",Julie Goldman,FALSE,,,,
2016,Documentary Feature,13th,Ava DuVernay,FALSE,,,,
2016,Documentary Feature,13th,Spencer Averick,FALSE,,,,
2016,Documentary Feature,13th,Howard Barish,FALSE,,,,
2016,Documentary Short,Extremis,Dan Krauss,FALSE,,,,
2016,Documentary Short,4.1 Miles,Daphne Matziaraki,FALSE,,,,
2016,Documentary Short,The White Helmets,Orlando von Einsiedel,TRUE,,,,
2016,Documentary Short,The White Helmets,Joanna Natasegara,TRUE,,,,
2016,Documentary Short,Watani: My Homeland,Marcel Mettelsiefen,FALSE,,,,
2016,Documentary Short,Joe's Violin,Kahane Cooperman,FALSE,,,,
2016,Documentary Short,Joe's Violin,Raphaela Neihausen,FALSE,,,,
2016,Documentary Short,Watani: My Homeland,Stephen Ellis,FALSE,,,,
2016,Editing,Moonlight,Joi McMillon,FALSE,,,,
2016,Editing,Hell or High Water,Jake Roberts,FALSE,,,,
2016,Editing,La La Land,Tom Cross,FALSE,,,,
2016,Editing,Moonlight,Nat Sanders,FALSE,,,,
2016,Editing,Arrival,Joe Walker,FALSE,,,,
2016,Editing,Hacksaw Ridge,John Gilbert,TRUE,,,,
2016,Foreign Language Film,A Man Called Ove,Hannes Holm,FALSE,,,,
2016,Foreign Language Film,Tanna,Martin Butler,FALSE,,,,
2016,Foreign Language Film,The Salesman,Asghar Farhadi,TRUE,,,,
2016,Foreign Language Film,Land of Mine,Martin Zandvliet,FALSE,,,,
2016,Foreign Language Film,Tanna,Bentley Dean,FALSE,,,,
2016,Foreign Language Film,Toni Erdmann,Maren Ade,FALSE,,,,
2016,Live-Action Short,Sing,Kristóf Deák,TRUE,,,,
2016,Live-Action Short,Sing,Anna Udvardy,TRUE,,,,
2016,Live-Action Short,Ennemis Intérieurs,Sélim Azzazi,FALSE,,,,
2016,Live-Action Short,La femme et le TGV,Timo von Gunten,FALSE,,,,
2016,Live-Action Short,La femme et le TGV,Giacun Caduff,FALSE,,,,
2016,Live-Action Short,Silent Nights,Aske Bang,FALSE,,,,
2016,Live-Action Short,Timecode,Juanjo Giménez,FALSE,,,,
2016,Live-Action Short,Silent Nights,Kim Magnusson,FALSE,,,,
2016,Make-Up,Suicide Squad,Alessandro Bertolazzi,TRUE,,,,
2016,Make-Up,Suicide Squad,Giorgio Gregorini,TRUE,,,,
2016,Make-Up,Suicide Squad,Christopher Nelson,TRUE,,,,
2016,Make-Up,A Man Called Ove,Love Larson,FALSE,,,,
2016,Make-Up,A Man Called Ove,Eva von Bahr,FALSE,,,,
2016,Make-Up,Star Trek Beyond,Joel Harlow,FALSE,,,,
2016,Make-Up,Star Trek Beyond,Richard Alonzo,FALSE,,,,
2016,Original Score,Passengers,Thomas Newman,FALSE,,,,
2016,Original Score,La La Land,Justin Hurwitz,TRUE,,,,
2016,Original Score,Jackie,Micachu,FALSE,,,,
2016,Original Score,Lion,Hauschka,FALSE,,,,
2016,Original Score,Lion,Dustin O'Halloran,FALSE,,,,
2016,Original Score,Moonlight,Nicholas Britell,FALSE,,,,
2016,Original Screenplay,Manchester by the Sea,Kenneth Lonergan,TRUE,,,,
2016,Original Screenplay,Hell or High Water,Taylor Sheridan,FALSE,,,,
2016,Original Screenplay,La La Land,Damien Chazelle,FALSE,,,,
2016,Original Screenplay,The Lobster,Efthimis Filippou,FALSE,,,,
2016,Original Screenplay,The Lobster,Yorgos Lanthimos,FALSE,,,,
2016,Original Screenplay,20th Century Women,Mike Mills,FALSE,,,,
2016,Original Song,Trolls,Justin Timberlake,FALSE,,,"""Can't Stop the Feeling!""",Music and Lyrics
2016,Original Song,La La Land,Justin Paul,TRUE,,,"""City of Stars""",Lyrics
2016,Original Song,Jim: The James Foley Story,J. Ralph,FALSE,,,"""The Empty Chair""",Music and Lyrics
2016,Original Song,La La Land,Benj Pasek,TRUE,,,"""City of Stars""",Lyrics
2016,Original Song,Jim: The James Foley Story,Sting,FALSE,,,"""The Empty Chair""",Music and Lyrics
2016,Original Song,La La Land,Justin Hurwitz,FALSE,,,"""Audition""",Music
2016,Original Song,La La Land,Benj Pasek,FALSE,,,"""Audition""",Lyrics
2016,Original Song,Moana,Lin-Manuel Miranda,FALSE,,,"""How Far I'll Go""",Music and Lyrics
2016,Original Song,Trolls,Max Martin,FALSE,,,"""Can't Stop the Feeling!""",Music and Lyrics
2016,Original Song,Trolls,Shellback,FALSE,,,"""Can't Stop the Feeling!""",Music and Lyrics
2016,Original Song,La La Land,Justin Paul,FALSE,,,"""Audition""",Lyrics
2016,Original Song,La La Land,Justin Hurwitz,TRUE,,,"""City of Stars""",Music
2016,Production Design,Arrival,Paul Hotte,FALSE,,,,Set decoration
2016,Production Design,Fantastic Beasts and Where to Find Them,Anna Pinnock,FALSE,,,,Set decoration
2016,Production Design,"Hail, Caesar!",Jess Gonchor,FALSE,,,,Production design
2016,Production Design,Fantastic Beasts and Where to Find Them,Stuart Craig,FALSE,,,,Production design
2016,Production Design,"Hail, Caesar!",Nancy Haigh,FALSE,,,,Set decoration
2016,Production Design,La La Land,David Wasco,TRUE,,,,Production design
2016,Production Design,La La Land,Sandy Reynolds-Wasco,TRUE,,,,Set decoration
2016,Production Design,Arrival,Patrice Vermette,FALSE,,,,Production design
2016,Production Design,Passengers,Guy Hendrix Dyas,FALSE,,,,Production design
2016,Production Design,Passengers,Gene Serdena,FALSE,,,,Set decoration
2016,Sound Editing,Arrival,Sylvain Bellemare,TRUE,,,,
2016,Sound Editing,Deepwater Horizon,Wylie Stateman,FALSE,,,,
2016,Sound Editing,Deepwater Horizon,Renée Tondelli,FALSE,,,,
2016,Sound Editing,Hacksaw Ridge,Robert Mackenzie,FALSE,,,,
2016,Sound Editing,Hacksaw Ridge,Andy Wright,FALSE,,,,
2016,Sound Editing,La La Land,Ai-Ling Lee,FALSE,,,,
2016,Sound Editing,La La Land,Mildred Iatrou Morgan,FALSE,,,,
2016,Sound Editing,Sully,Alan Robert Murray,FALSE,,,,
2016,Sound Editing,Sully,Bub Asman,FALSE,,,,
2016,Sound Mixing,Hacksaw Ridge,Robert Mackenzie,TRUE,,,,
2016,Sound Mixing,Hacksaw Ridge,Peter Grace,TRUE,,,,
2016,Sound Mixing,Arrival,Bernard Gariépy Strobl,FALSE,,,,
2016,Sound Mixing,Arrival,Claude La Haye,FALSE,,,,
2016,Sound Mixing,La La Land,Andy Nelson,FALSE,,,,
2016,Sound Mixing,La La Land,Ai-Ling Lee,FALSE,,,,
2016,Sound Mixing,La La Land,Steve A. Morrow,FALSE,,,,
2016,Sound Mixing,Rogue One: A Star Wars Story,David Parker,FALSE,,,,
2016,Sound Mixing,Rogue One: A Star Wars Story,Christopher Scarabosio,FALSE,,,,
2016,Sound Mixing,Rogue One: A Star Wars Story,Stuart Wilson,FALSE,,,,
2016,Sound Mixing,13 Hours: The Secret Soldiers of Benghazi,Gary Summers,FALSE,,,,
2016,Sound Mixing,13 Hours: The Secret Soldiers of Benghazi,Jeffrey J. Haboush,FALSE,,,,
2016,Sound Mixing,13 Hours: The Secret Soldiers of Benghazi,Mac Ruth [note 4][3],FALSE,,,,
2016,Sound Mixing,Hacksaw Ridge,Kevin O'Connell,TRUE,,,,
2016,Sound Mixing,Hacksaw Ridge,Andy Wright,TRUE,,,,
2016,Visual Effects,The Jungle Book,Robert Legato,TRUE,,,,
2016,Visual Effects,The Jungle Book,Adam Valdez,TRUE,,,,
2016,Visual Effects,The Jungle Book,Andrew R. Jones,TRUE,,,,
2016,Visual Effects,The Jungle Book,Dan Lemmon,TRUE,,,,
2016,Visual Effects,Deepwater Horizon,Craig Hammack,FALSE,,,,
2016,Visual Effects,Deepwater Horizon,Jason Snell,FALSE,,,,
2016,Visual Effects,Deepwater Horizon,Jason Billington,FALSE,,,,
2016,Visual Effects,Deepwater Horizon,Burt Dalton,FALSE,,,,
2016,Visual Effects,Doctor Strange,Stephane Ceretti,FALSE,,,,
2016,Visual Effects,Doctor Strange,Richard Bluff,FALSE,,,,
2016,Visual Effects,Doctor Strange,Vincent Cirelli,FALSE,,,,
2016,Visual Effects,Doctor Strange,Paul Corbould,FALSE,,,,
2016,Visual Effects,Kubo and the Two Strings,Steve Emerson,FALSE,,,,
2016,Visual Effects,Kubo and the Two Strings,Oliver Jones,FALSE,,,,
2016,Visual Effects,Kubo and the Two Strings,Brian McLean,FALSE,,,,
2016,Visual Effects,Kubo and the Two Strings,Brad Schiff,FALSE,,,,
2016,Visual Effects,Rogue One: A Star Wars Story,John Knoll,FALSE,,,,
2016,Visual Effects,Rogue One: A Star Wars Story,Hal Hickel,FALSE,,,,
2016,Visual Effects,Rogue One: A Star Wars Story,Neil Corbould,FALSE,,,,
2016,Visual Effects,Rogue One: A Star Wars Story,Mohen Leo,FALSE,,,,
2015,Actor in a Leading Role,The Revenant,Leonardo DiCaprio,TRUE,Hugh Glass,,,
2015,Actor in a Leading Role,Trumbo,Bryan Cranston,FALSE,Dalton Trumbo,,,
2015,Actor in a Leading Role,The Martian,Matt Damon,FALSE,Mark Watney,,,
2015,Actor in a Leading Role,Steve Jobs,Michael Fassbender,FALSE,Steve Jobs,,,
2015,Actor in a Leading Role,The Danish Girl,Eddie Redmayne,FALSE,Lili Elbe,,,
2015,Actor in a Supporting Role,Bridge of Spies,Mark Rylance,TRUE,Rudolf Abel,,,
2015,Actor in a Supporting Role,The Big Short,Christian Bale,FALSE,Michael Burry,,,
2015,Actor in a Supporting Role,The Revenant,Tom Hardy,FALSE,John Fitzgerald,,,
2015,Actor in a Supporting Role,Spotlight,Mark Ruffalo,FALSE,Michael Rezendes,,,
2015,Actor in a Supporting Role,Creed,Sylvester Stallone,FALSE,Rocky Balboa,,,
2015,Actress in a Leading Role,Room,Brie Larson,TRUE,Joy Newsome,,,
2015,Actress in a Leading Role,Carol,Cate Blanchett,FALSE,Carol Aird,,,
2015,Actress in a Leading Role,Joy,Jennifer Lawrence,FALSE,Joy Mangano,,,
2015,Actress in a Leading Role,45 Years,Charlotte Rampling,FALSE,Kate Mercer,,,
2015,Actress in a Leading Role,Brooklyn,Saoirse Ronan,FALSE,Eilis Lacey,,,
2015,Actress in a Supporting Role,The Danish Girl,Alicia Vikander,TRUE,Gerda Wegener,,,
2015,Actress in a Supporting Role,The Hateful Eight,Jennifer Jason Leigh,FALSE,Daisy Domergue,,,
2015,Actress in a Supporting Role,Carol,Rooney Mara,FALSE,Therese Belivet,,,
2015,Actress in a Supporting Role,Spotlight,Rachel McAdams,FALSE,Sacha Pfeiffer,,,
2015,Actress in a Supporting Role,Steve Jobs,Kate Winslet,FALSE,Joanna Hoffman,,,
2015,Adapted Screenplay,The Big Short,Adam McKay,TRUE,,The book by Michael Lewis,,
2015,Adapted Screenplay,The Big Short,Charles Randolph,TRUE,,The book by Michael Lewis,,
2015,Adapted Screenplay,Brooklyn,Nick Hornby,FALSE,,The novel by Colm Tóibín,,
2015,Adapted Screenplay,Carol,Phyllis Nagy,FALSE,,The novel The Price of Salt by Patricia Highsmith,,
2015,Adapted Screenplay,The Martian,Drew Goddard,FALSE,,The novel by Andy Weir,,
2015,Adapted Screenplay,Room,Emma Donoghue,FALSE,,The novel by Donoghue,,
2015,Animated Feature,Shaun the Sheep Movie,Mark Burton,FALSE,,,,
2015,Animated Feature,Shaun the Sheep Movie,Richard Starzak,FALSE,,,,
2015,Animated Feature,When Marnie Was There,Hiromasa Yonebayashi,FALSE,,,,
2015,Animated Feature,Inside Out,Pete Docter,TRUE,,,,
2015,Animated Feature,Inside Out,Jonas Rivera,TRUE,,,,
2015,Animated Feature,Anomalisa,Charlie Kaufman,FALSE,,,,
2015,Animated Feature,Anomalisa,Duke Johnson,FALSE,,,,
2015,Animated Feature,Anomalisa,Rosa Tran,FALSE,,,,
2015,Animated Feature,Boy and the World,Alê Abreu,FALSE,,,,
2015,Animated Feature,When Marnie Was There,Yoshiaki Nishimura,FALSE,,,,
2015,Animated Short,Bear Story,Pato Escala Pierart,TRUE,,,,
2015,Animated Short,Bear Story,Gabriel Osorio Vargas,TRUE,,,,
2015,Animated Short,Prologue,Imogen Sutton,FALSE,,,,
2015,Animated Short,Prologue,Richard Williams,FALSE,,,,
2015,Animated Short,Sanjay's Super Team,Nicole Paradis Grindle,FALSE,,,,
2015,Animated Short,Sanjay's Super Team,Sanjay Patel,FALSE,,,,
2015,Animated Short,We Can't Live Without Cosmos,Konstantin Bronzit,FALSE,,,,
2015,Animated Short,World of Tomorrow,Don Hertzfeldt,FALSE,,,,
2015,Best Picture,The Revenant,Steve Golin,FALSE,,,,
2015,Best Picture,The Revenant,Alejandro González Iñárritu,FALSE,,,,
2015,Best Picture,The Revenant,Mary Parent,FALSE,,,,
2015,Best Picture,The Revenant,Keith Redmon,FALSE,,,,
2015,Best Picture,Room,Ed Guiney,FALSE,,,,
2015,Best Picture,Spotlight,Blye Pagon Faust,TRUE,,,,
2015,Best Picture,Spotlight,Steve Golin,TRUE,,,,
2015,Best Picture,Spotlight,Nicole Rocklin,TRUE,,,,
2015,Best Picture,Spotlight,Michael Sugar,TRUE,,,,
2015,Best Picture,The Big Short,Dede Gardner,FALSE,,,,
2015,Best Picture,The Big Short,Jeremy Kleiner,FALSE,,,,
2015,Best Picture,The Big Short,Brad Pitt,FALSE,,,,
2015,Best Picture,Bridge of Spies,Steven Spielberg,FALSE,,,,
2015,Best Picture,Bridge of Spies,Marc Platt,FALSE,,,,
2015,Best Picture,Bridge of Spies,Kristie Macosko Krieger,FALSE,,,,
2015,Best Picture,Brooklyn,Finola Dwyer,FALSE,,,,
2015,Best Picture,Brooklyn,Amanda Posey,FALSE,,,,
2015,Best Picture,Mad Max: Fury Road,Doug Mitchell,FALSE,,,,
2015,Best Picture,Mad Max: Fury Road,George Miller,FALSE,,,,
2015,Best Picture,The Martian,Simon Kinberg,FALSE,,,,
2015,Best Picture,The Martian,Ridley Scott,FALSE,,,,
2015,Best Picture,The Martian,Michael Schaefer,FALSE,,,,
2015,Best Picture,The Martian,Mark Huffam,FALSE,,,,
2015,Best Picture,The Revenant,Arnon Milchan,FALSE,,,,
2015,Cinematography,The Hateful Eight,Robert Richardson,FALSE,,,,
2015,Cinematography,Mad Max: Fury Road,John Seale,FALSE,,,,
2015,Cinematography,Carol,Edward Lachman,FALSE,,,,
2015,Cinematography,Sicario,Roger Deakins,FALSE,,,,
2015,Cinematography,The Revenant,Emmanuel Lubezki,TRUE,,,,
2015,Costume Design,Mad Max: Fury Road,Jenny Beavan,TRUE,,,,
2015,Costume Design,The Danish Girl,Paco Delgado,FALSE,,,,
2015,Costume Design,The Revenant,Jacqueline West,FALSE,,,,
2015,Costume Design,Carol,Sandy Powell,FALSE,,,,
2015,Director,The Revenant,Alejandro González Iñárritu,TRUE,,,,
2015,Director,Room,Lenny Abrahamson,FALSE,,,,
2015,Director,Spotlight,Tom McCarthy,FALSE,,,,
2015,Director,The Big Short,Adam McKay,FALSE,,,,
2015,Director,Mad Max: Fury Road,George Miller,FALSE,,,,
2015,Documentary Feature,"What Happened, Miss Simone?",Liz Garbus,FALSE,,,,
2015,Documentary Feature,"What Happened, Miss Simone?",Amy Hobby,FALSE,,,,
2015,Documentary Feature,"What Happened, Miss Simone?",Justin Wilkes,FALSE,,,,
2015,Documentary Feature,Winter on Fire: Ukraine's Fight for Freedom,Evgeny Afineevsky,FALSE,,,,
2015,Documentary Feature,Winter on Fire: Ukraine's Fight for Freedom,Den Tolmor,FALSE,,,,
2015,Documentary Feature,Amy,Asif Kapadia,TRUE,,,,
2015,Documentary Feature,Amy,James Gay-Rees,TRUE,,,,
2015,Documentary Feature,Cartel Land,Matthew Heineman,FALSE,,,,
2015,Documentary Feature,Cartel Land,Tom Yellin,FALSE,,,,
2015,Documentary Feature,The Look of Silence,Joshua Oppenheimer,FALSE,,,,
2015,Documentary Feature,The Look of Silence,Signe Byrge Sørensen,FALSE,,,,
2015,Documentary Short,A Girl in the River: The Price of Forgiveness,Sharmeen Obaid-Chinoy,TRUE,,,,
2015,Documentary Short,Body Team 12,David Darg,FALSE,,,,
2015,Documentary Short,Body Team 12,Bryn Mooser,FALSE,,,,
2015,Documentary Short,"Chau, Beyond the Lines",Courtney Marsh,FALSE,,,,
2015,Documentary Short,"Chau, Beyond the Lines",Jerry Franck,FALSE,,,,
2015,Documentary Short,Claude Lanzmann: Spectres of the Shoah,Adam Benzine,FALSE,,,,
2015,Documentary Short,Last Day of Freedom,Dee Hibbert-Jones,FALSE,,,,
2015,Documentary Short,Last Day of Freedom,Nomi Talisman,FALSE,,,,
2015,Editing,Spotlight,Tom McArdle,FALSE,,,,
2015,Editing,Star Wars: The Force Awakens,Maryann Brandon,FALSE,,,,
2015,Editing,Star Wars: The Force Awakens,Mary Jo Markey,FALSE,,,,
2015,Editing,Mad Max: Fury Road,Margaret Sixel,TRUE,,,,
2015,Editing,The Big Short,Hank Corwin,FALSE,,,,
2015,Editing,The Revenant,Stephen Mirrione,FALSE,,,,
2015,Foreign Language Film,Son of Saul,László Nemes,TRUE,,,,
2015,Foreign Language Film,Embrace of the Serpent,Ciro Guerra,FALSE,,,,
2015,Foreign Language Film,Mustang,Deniz Gamze Ergüven,FALSE,,,,
2015,Foreign Language Film,Theeb,Naji Abu Nowar,FALSE,,,,
2015,Foreign Language Film,A War,Tobias Lindholm,FALSE,,,,
2015,Live-Action Short,Stutterer,Benjamin Cleary,TRUE,,,,
2015,Live-Action Short,Stutterer,Serena Armitage,TRUE,,,,
2015,Live-Action Short,Ave Maria,Basil Khalil,FALSE,,,,
2015,Live-Action Short,Ave Maria,Eric Dupont,FALSE,,,,
2015,Live-Action Short,Day One,Henry Hughes,FALSE,,,,
2015,Live-Action Short,Everything Will Be Okay (Alles Wird Gut),Patrick Vollrath,FALSE,,,,
2015,Live-Action Short,Shok,Jamie Donoughue,FALSE,,,,
2015,Make-Up,The Revenant,Duncan Jarman,FALSE,,,,
2015,Make-Up,The Revenant,Robert Pandini,FALSE,,,,
2015,Make-Up,Mad Max: Fury Road,Elka Wardega,TRUE,,,,
2015,Make-Up,The 100-Year-Old Man Who Climbed Out of the Window and Disappeared,Love Larson,FALSE,,,,
2015,Make-Up,The 100-Year-Old Man Who Climbed Out of the Window and Disappeared,Eva von Bahr,FALSE,,,,
2015,Make-Up,The Revenant,Siân Grigg,FALSE,,,,
2015,Make-Up,Mad Max: Fury Road,Damian Martin,TRUE,,,,
2015,Make-Up,Mad Max: Fury Road,Lesley Vanderwalt,TRUE,,,,
2015,Original Score,The Hateful Eight,Ennio Morricone,TRUE,,,,
2015,Original Score,Bridge of Spies,Thomas Newman,FALSE,,,,
2015,Original Score,Carol,Carter Burwell,FALSE,,,,
2015,Original Score,Sicario,Jóhann Jóhannsson,FALSE,,,,
2015,Original Score,Star Wars: The Force Awakens,John Williams,FALSE,,,,
2015,Original Screenplay,Spotlight,Tom McCarthy,TRUE,,,,
2015,Original Screenplay,Spotlight,Josh Singer,TRUE,,,,
2015,Original Screenplay,Bridge of Spies,Matt Charman,FALSE,,,,
2015,Original Screenplay,Bridge of Spies,Coen Brothers,FALSE,,,,
2015,Original Screenplay,Ex Machina,Alex Garland,FALSE,,,,
2015,Original Screenplay,Inside Out,Josh Cooley,FALSE,,,,Screenplay
2015,Original Screenplay,Inside Out,Pete Docter,FALSE,,,,Story and Screenplay
2015,Original Screenplay,Inside Out,Meg LeFauve,FALSE,,,,Screenplay
2015,Original Screenplay,Inside Out,Ronnie del Carmen,FALSE,,,,Story
2015,Original Screenplay,Straight Outta Compton,Andrea Berloff,FALSE,,,,Story and Screenplay
2015,Original Screenplay,Straight Outta Compton,Jonathan Herman,FALSE,,,,Screenplay
2015,Original Screenplay,Straight Outta Compton,S. Leigh Savidge,FALSE,,,,Story
2015,Original Screenplay,Straight Outta Compton,Alan Wenkus,FALSE,,,,Story
2015,Original Song,Spectre,Sam Smith,TRUE,,,"""Writing's on the Wall""",Music and Lyrics
2015,Original Song,Fifty Shades of Grey,Belly,FALSE,,,"""Earned It""",Music and Lyrics
2015,Original Song,Fifty Shades of Grey,DeHeala,FALSE,,,"""Earned It""",Music and Lyrics
2015,Original Song,Fifty Shades of Grey,Stephan Moccio,FALSE,,,"""Earned It""",Music and Lyrics
2015,Original Song,Fifty Shades of Grey,The Weeknd,FALSE,,,"""Earned It""",Music and Lyrics
2015,Original Song,The Hunting Ground,Lady Gaga,FALSE,,,"""Til It Happens to You""",Music and Lyrics
2015,Original Song,The Hunting Ground,Diane Warren,FALSE,,,"""Til It Happens to You""",Music and Lyrics
2015,Original Song,Racing Extinction,J. Ralph,FALSE,,,"""Manta Ray""",Music
2015,Original Song,Racing Extinction,Anohni,FALSE,,,"""Manta Ray""",Lyrics
2015,Original Song,Youth,David Lang,FALSE,,,"""Simple Song #3""",Music and Lyrics
2015,Original Song,Spectre,Jimmy Napes,TRUE,,,"""Writing's on the Wall""",Music and Lyrics
2015,Production Design,Mad Max: Fury Road,Colin Gibson,TRUE,,,,Production design
2015,Production Design,Mad Max: Fury Road,Lisa Thompson,TRUE,,,,Set decoration
2015,Production Design,Bridge of Spies,Adam Stockhausen,FALSE,,,,Production design
2015,Production Design,Bridge of Spies,Rena DeAngelo,FALSE,,,,Set decoration
2015,Production Design,Bridge of Spies,Bernhard Henrich,FALSE,,,,Set decoration
2015,Production Design,The Danish Girl,Eve Stewart,FALSE,,,,Production design
2015,Production Design,The Danish Girl,Michael Standish,FALSE,,,,Set decoration
2015,Production Design,The Martian,Arthur Max,FALSE,,,,Production design
2015,Production Design,The Martian,Celia Bobak,FALSE,,,,Set decoration
2015,Production Design,The Revenant,Jack Fisk,FALSE,,,,Production design
2015,Production Design,The Revenant,Hamish Purdy,FALSE,,,,Set decoration
2015,Sound Editing,The Revenant,Lon Bender,FALSE,,,,
2015,Sound Editing,Sicario,Alan Robert Murray,FALSE,,,,
2015,Sound Editing,Star Wars: The Force Awakens,Matthew Wood,FALSE,,,,
2015,Sound Editing,Star Wars: The Force Awakens,David Acord,FALSE,,,,
2015,Sound Editing,Mad Max: Fury Road,Mark Mangini,TRUE,,,,
2015,Sound Editing,Mad Max: Fury Road,David White,TRUE,,,,
2015,Sound Editing,The Martian,Oliver Tarney,FALSE,,,,
2015,Sound Editing,The Revenant,Martin Hernández,FALSE,,,,
2015,Sound Mixing,Bridge of Spies,Andy Nelson,FALSE,,,,
2015,Sound Mixing,Bridge of Spies,Gary Rydstrom,FALSE,,,,
2015,Sound Mixing,Bridge of Spies,Drew Kunin,FALSE,,,,
2015,Sound Mixing,The Martian,Paul Massey,FALSE,,,,
2015,Sound Mixing,Mad Max: Fury Road,Chris Jenkins,TRUE,,,,
2015,Sound Mixing,Mad Max: Fury Road,Gregg Rudloff,TRUE,,,,
2015,Sound Mixing,Mad Max: Fury Road,Ben Osmo,TRUE,,,,
2015,Sound Mixing,The Martian,Mark Taylor,FALSE,,,,
2015,Sound Mixing,The Martian,Mac Ruth,FALSE,,,,
2015,Sound Mixing,The Revenant,Jon Taylor,FALSE,,,,
2015,Sound Mixing,The Revenant,Frank A. Montaño,FALSE,,,,
2015,Sound Mixing,The Revenant,Chris Duesterdiek,FALSE,,,,
2015,Sound Mixing,The Revenant,Randy Thom,FALSE,,,,
2015,Sound Mixing,Star Wars: The Force Awakens,Andy Nelson,FALSE,,,,
2015,Sound Mixing,Star Wars: The Force Awakens,Christopher Scarabosio,FALSE,,,,
2015,Sound Mixing,Star Wars: The Force Awakens,Stuart Wilson,FALSE,,,,
2015,Visual Effects,Ex Machina,Paul Norris,TRUE,,,,
2015,Visual Effects,Ex Machina,Andrew Whitehurst,TRUE,,,,
2015,Visual Effects,Mad Max: Fury Road,Andrew Jackson,FALSE,,,,
2015,Visual Effects,Mad Max: Fury Road,Dan Oliver,FALSE,,,,
2015,Visual Effects,Mad Max: Fury Road,Andy Williams,FALSE,,,,
2015,Visual Effects,Mad Max: Fury Road,Tom Wood,FALSE,,,,
2015,Visual Effects,The Martian,Anders Langlands,FALSE,,,,
2015,Visual Effects,The Martian,Chris Lawrence,FALSE,,,,
2015,Visual Effects,Ex Machina,Mark Williams Ardington,TRUE,,,,
2015,Visual Effects,Ex Machina,Sara Bennett,TRUE,,,,
2015,Visual Effects,The Martian,Richard Stammers,FALSE,,,,
2015,Visual Effects,The Martian,Steven Warner,FALSE,,,,
2015,Visual Effects,The Revenant,Richard McBride,FALSE,,,,
2015,Visual Effects,The Revenant,Matt Shumway,FALSE,,,,
2015,Visual Effects,Star Wars: The Force Awakens,Neal Scanlan,FALSE,,,,
2015,Visual Effects,The Revenant,Cameron Waldbauer,FALSE,,,,
2015,Visual Effects,Star Wars: The Force Awakens,Chris Corbould,FALSE,,,,
2015,Visual Effects,Star Wars: The Force Awakens,Roger Guyett,FALSE,,,,
2015,Visual Effects,Star Wars: The Force Awakens,Patrick Tubach,FALSE,,,,
2015,Visual Effects,The Revenant,Jason Smith,FALSE,,,,
2014,Actor in a Leading Role,The Theory of Everything,Eddie Redmayne,TRUE,Stephen Hawking,,,
2014,Actor in a Leading Role,Foxcatcher,Steve Carell,FALSE,John du Pont,,,
2014,Actor in a Leading Role,American Sniper,Bradley Cooper,FALSE,Chris Kyle,,,
2014,Actor in a Leading Role,The Imitation Game,Benedict Cumberbatch,FALSE,Alan Turing,,,
2014,Actor in a Leading Role,Birdman,Michael Keaton,FALSE,Riggan Thomson,,,
2014,Actor in a Supporting Role,Boyhood,Ethan Hawke,FALSE,Mason Evans Sr.,,,
2014,Actor in a Supporting Role,Birdman,Edward Norton,FALSE,Mike Shiner,,,
2014,Actor in a Supporting Role,Foxcatcher,Mark Ruffalo,FALSE,David Schultz,,,
2014,Actor in a Supporting Role,Whiplash,J. K. Simmons,TRUE,Terence Fletcher,,,
2014,Actor in a Supporting Role,The Judge,Robert Duvall,FALSE,Joseph Palmer,,,
2014,Actress in a Leading Role,Still Alice,Julianne Moore,TRUE,Alice Howland,,,
2014,Actress in a Leading Role,"Two Days, One Night",Marion Cotillard,FALSE,Sandra Bya,,,
2014,Actress in a Leading Role,The Theory of Everything,Felicity Jones,FALSE,Jane Hawking,,,
2014,Actress in a Leading Role,Gone Girl,Rosamund Pike,FALSE,Amy Elliott-Dunne / Nancy,,,
2014,Actress in a Leading Role,Wild,Reese Witherspoon,FALSE,Cheryl Strayed,,,
2014,Actress in a Supporting Role,Boyhood,Patricia Arquette,TRUE,Olivia Evans,,,
2014,Actress in a Supporting Role,Wild,Laura Dern,FALSE,Bobbi Grey,,,
2014,Actress in a Supporting Role,The Imitation Game,Keira Knightley,FALSE,Joan Clarke,,,
2014,Actress in a Supporting Role,Birdman,Emma Stone,FALSE,Sam Thomson,,,
2014,Actress in a Supporting Role,Into the Woods,Meryl Streep,FALSE,The Witch,,,
2014,Adapted Screenplay,The Imitation Game,Graham Moore,TRUE,,The book Alan Turing: The Enigma by Andrew Hodges,,
2014,Adapted Screenplay,American Sniper,Jason Hall,FALSE,,"The autobiography by Jim DeFelice, Chris Kyle and Scott McEwan",,
2014,Adapted Screenplay,Inherent Vice,Paul Thomas Anderson,FALSE,,The novel by Thomas Pynchon,,
2014,Adapted Screenplay,The Theory of Everything,Anthony McCarten,FALSE,,The book Travelling to Infinity: My Life with Stephen Hawking by Jane Hawking,,
2014,Adapted Screenplay,Whiplash,Damien Chazelle,FALSE,,The short film by Chazelle,,
2014,Animated Feature,How to Train Your Dragon 2,Dean DeBlois,FALSE,,,,
2014,Animated Feature,How to Train Your Dragon 2,Bonnie Arnold,FALSE,,,,
2014,Animated Feature,Song of the Sea,Tomm Moore,FALSE,,,,
2014,Animated Feature,Song of the Sea,Paul Young,FALSE,,,,
2014,Animated Feature,The Tale of the Princess Kaguya,Isao Takahata,FALSE,,,,
2014,Animated Feature,The Tale of the Princess Kaguya,Yoshiaki Nishimura,FALSE,,,,
2014,Animated Feature,The Boxtrolls,Graham Annable,FALSE,,,,
2014,Animated Feature,The Boxtrolls,Travis Knight,FALSE,,,,
2014,Animated Feature,Big Hero 6,Don Hall,TRUE,,,,
2014,Animated Feature,Big Hero 6,Chris Williams,TRUE,,,,
2014,Animated Feature,Big Hero 6,Roy Conli,TRUE,,,,
2014,Animated Feature,The Boxtrolls,Anthony Stacchi,FALSE,,,,
2014,Animated Short,Me and My Moulton,Torill Kove,FALSE,,,,
2014,Animated Short,A Single Life,Joris Oprins,FALSE,,,,
2014,Animated Short,The Bigger Picture,Daisy Jacobs,FALSE,,,,
2014,Animated Short,The Dam Keeper,Robert Kondo,FALSE,,,,
2014,Animated Short,The Dam Keeper,Dice Tsutsumi,FALSE,,,,
2014,Animated Short,Feast,Patrick Osborne,TRUE,,,,
2014,Animated Short,Feast,Kristina Reed,TRUE,,,,
2014,Animated Short,The Bigger Picture,Christopher Hees,FALSE,,,,
2014,Best Picture,Birdman or (The Unexpected Virtue of Ignorance),Alejandro González Iñárritu,TRUE,,,,
2014,Best Picture,Birdman or (The Unexpected Virtue of Ignorance),John Lesher,TRUE,,,,
2014,Best Picture,Birdman or (The Unexpected Virtue of Ignorance),James W. Skotchdopole,TRUE,,,,
2014,Best Picture,American Sniper,Clint Eastwood,FALSE,,,,
2014,Best Picture,American Sniper,Andrew Lazar,FALSE,,,,
2014,Best Picture,American Sniper,Robert Lorenz,FALSE,,,,
2014,Best Picture,American Sniper,Bradley Cooper,FALSE,,,,
2014,Best Picture,American Sniper,Peter Morgan,FALSE,,,,
2014,Best Picture,Boyhood,Richard Linklater,FALSE,,,,
2014,Best Picture,Boyhood,Cathleen Sutherland,FALSE,,,,
2014,Best Picture,The Grand Budapest Hotel,Wes Anderson,FALSE,,,,
2014,Best Picture,The Grand Budapest Hotel,Scott Rudin,FALSE,,,,
2014,Best Picture,The Grand Budapest Hotel,Steven M. Rales,FALSE,,,,
2014,Best Picture,The Grand Budapest Hotel,Jeremy Dawson,FALSE,,,,
2014,Best Picture,The Imitation Game,Nora Grossman,FALSE,,,,
2014,Best Picture,The Imitation Game,Ido Ostrowsky,FALSE,,,,
2014,Best Picture,The Imitation Game,Teddy Schwarzman,FALSE,,,,
2014,Best Picture,Selma,Christian Colson,FALSE,,,,
2014,Best Picture,Selma,Oprah Winfrey,FALSE,,,,
2014,Best Picture,Selma,Dede Gardner,FALSE,,,,
2014,Best Picture,Selma,Jeremy Kleiner,FALSE,,,,
2014,Best Picture,The Theory of Everything,Tim Bevan,FALSE,,,,
2014,Best Picture,The Theory of Everything,Eric Fellner,FALSE,,,,
2014,Best Picture,The Theory of Everything,Lisa Bruce,FALSE,,,,
2014,Best Picture,The Theory of Everything,Anthony McCarten,FALSE,,,,
2014,Best Picture,Whiplash,Jason Blum,FALSE,,,,
2014,Best Picture,Whiplash,Helen Estabrook,FALSE,,,,
2014,Best Picture,Whiplash,David Lancaster,FALSE,,,,
2014,Cinematography,Ida,Łukasz Żal,FALSE,,,,
2014,Cinematography,Ida,Ryszard Lenczewski,FALSE,,,,
2014,Cinematography,Mr. Turner,Dick Pope,FALSE,,,,
2014,Cinematography,Unbroken,Roger Deakins,FALSE,,,,
2014,Cinematography,Birdman or (The Unexpected Virtue of Ignorance),Emmanuel Lubezki,TRUE,,,,
2014,Cinematography,The Grand Budapest Hotel,Robert Yeoman,FALSE,,,,
2014,Costume Design,The Grand Budapest Hotel,Milena Canonero,TRUE,,,,
2014,Costume Design,Inherent Vice,Mark Bridges,FALSE,,,,
2014,Costume Design,Into the Woods,Colleen Atwood,FALSE,,,,
2014,Costume Design,Maleficent,Anna B. Sheppard,FALSE,,,,
2014,Costume Design,Mr. Turner,Jacqueline Durran,FALSE,,,,
2014,Director,Birdman,Alejandro González Iñárritu,TRUE,,,,
2014,Director,The Grand Budapest Hotel,Wes Anderson,FALSE,,,,
2014,Director,Boyhood,Richard Linklater,FALSE,,,,
2014,Director,Foxcatcher,Bennett Miller,FALSE,,,,
2014,Director,The Imitation Game,Morten Tyldum,FALSE,,,,
2014,Documentary Feature,Citizenfour,Laura Poitras,TRUE,,,,
2014,Documentary Feature,Citizenfour,Mathilde Bonnefoy,TRUE,,,,
2014,Documentary Feature,Citizenfour,Dirk Wilutzky,TRUE,,,,
2014,Documentary Feature,Finding Vivian Maier,John Maloof,FALSE,,,,
2014,Documentary Feature,Finding Vivian Maier,Charlie Siskel,FALSE,,,,
2014,Documentary Feature,Last Days in Vietnam,Rory Kennedy,FALSE,,,,
2014,Documentary Feature,Last Days in Vietnam,Kevin McAlester,FALSE,,,,
2014,Documentary Feature,The Salt of the Earth,Wim Wenders,FALSE,,,,
2014,Documentary Feature,The Salt of the Earth,Juliano Ribeiro Salgado,FALSE,,,,
2014,Documentary Feature,The Salt of the Earth,David Rosier,FALSE,,,,
2014,Documentary Feature,Virunga,Orlando von Einsiedel,FALSE,,,,
2014,Documentary Feature,Virunga,Joanna Natasegara,FALSE,,,,
2014,Documentary Short,Our Curse,Maciej Ślesicki,FALSE,,,,
2014,Documentary Short,The Reaper (La Parka),Gabriel Serra Arguello,FALSE,,,,
2014,Documentary Short,White Earth,J. Christian Jensen,FALSE,,,,
2014,Documentary Short,Crisis Hotline: Veterans Press 1,Ellen Goosenberg Kent,TRUE,,,,
2014,Documentary Short,Crisis Hotline: Veterans Press 1,Dana Perry,TRUE,,,,
2014,Documentary Short,Joanna,Aneta Kopacz,FALSE,,,,
2014,Documentary Short,Our Curse,Tomasz Śliwiński,FALSE,,,,
2014,Editing,Whiplash,Tom Cross,TRUE,,,,
2014,Editing,American Sniper,Joel Cox,FALSE,,,,
2014,Editing,American Sniper,Gary D. Roach,FALSE,,,,
2014,Editing,The Imitation Game,William Goldenberg,FALSE,,,,
2014,Editing,Boyhood,Sandra Adair,FALSE,,,,
2014,Editing,The Grand Budapest Hotel,Barney Pilling,FALSE,,,,
2014,Foreign Language Film,Ida,Paweł Pawlikowski,TRUE,,,,
2014,Foreign Language Film,Leviathan,Andrey Zvyagintsev,FALSE,,,,
2014,Foreign Language Film,Tangerines,Zaza Urushadze,FALSE,,,,
2014,Foreign Language Film,Timbuktu,Abderrahmane Sissako,FALSE,,,,
2014,Foreign Language Film,Wild Tales,Damián Szifron,FALSE,,,,
2014,Live-Action Short,Aya,Mihal Brezis,FALSE,,,,
2014,Live-Action Short,Boogaloo and Graham,Michael Lennox,FALSE,,,,
2014,Live-Action Short,Boogaloo and Graham,Ronan Blaney,FALSE,,,,
2014,Live-Action Short,Butter Lamp (La Lampe Au Beurre De Yak),Hu Wei,FALSE,,,,
2014,Live-Action Short,Butter Lamp (La Lampe Au Beurre De Yak),Julien Féret,FALSE,,,,
2014,Live-Action Short,The Phone Call,Mat Kirkby,TRUE,,,,
2014,Live-Action Short,The Phone Call,James Lucas,TRUE,,,,
2014,Live-Action Short,Aya,Oded Binnun,FALSE,,,,
2014,Live-Action Short,Parvaneh,Talkhon Hamzavi,FALSE,,,,
2014,Live-Action Short,Parvaneh,Stefan Eichenberger,FALSE,,,,
2014,Make-Up,The Grand Budapest Hotel,Frances Hannon,TRUE,,,,
2014,Make-Up,The Grand Budapest Hotel,Mark Coulier,TRUE,,,,
2014,Make-Up,Foxcatcher,Bill Corso,FALSE,,,,
2014,Make-Up,Guardians of the Galaxy,Elizabeth Yianni-Georgiou,FALSE,,,,
2014,Make-Up,Guardians of the Galaxy,David White,FALSE,,,,
2014,Make-Up,Foxcatcher,Dennis Liddiard,FALSE,,,,
2014,Original Score,The Grand Budapest Hotel,Alexandre Desplat,TRUE,,,,
2014,Original Score,The Imitation Game,Alexandre Desplat,FALSE,,,,
2014,Original Score,Interstellar,Hans Zimmer,FALSE,,,,
2014,Original Score,Mr. Turner,Gary Yershon,FALSE,,,,
2014,Original Score,The Theory of Everything,Jóhann Jóhannsson,FALSE,,,,
2014,Original Screenplay,Birdman,Armando Bo,TRUE,,,,
2014,Original Screenplay,Birdman,Alexander Dinelaris Jr.,TRUE,,,,
2014,Original Screenplay,Birdman,Nicolás Giacobone,TRUE,,,,
2014,Original Screenplay,Birdman,Alejandro González Iñárritu,TRUE,,,,
2014,Original Screenplay,Boyhood,Richard Linklater,FALSE,,,,
2014,Original Screenplay,Foxcatcher,E. Max Frye,FALSE,,,,
2014,Original Screenplay,Foxcatcher,Dan Futterman,FALSE,,,,
2014,Original Screenplay,The Grand Budapest Hotel,Wes Anderson,FALSE,,,,Story and Screenplay
2014,Original Screenplay,The Grand Budapest Hotel,Hugo Guinness,FALSE,,,,Story
2014,Original Screenplay,Nightcrawler,Dan Gilroy,FALSE,,,,
2014,Original Song,The Lego Movie,Shawn Patterson,FALSE,,,"""Everything Is Awesome""",Music and Lyrics
2014,Original Song,Selma,Common,TRUE,,,"""Glory""",Music and Lyrics
2014,Original Song,Selma,John Legend,TRUE,,,"""Glory""",Music and Lyrics
2014,Original Song,Begin Again,Gregg Alexander,FALSE,,,"""Lost Stars""",Music and Lyrics
2014,Original Song,Begin Again,Danielle Brisebois,FALSE,,,"""Lost Stars""",Music and Lyrics
2014,Original Song,Beyond the Lights,Diane Warren,FALSE,,,"""Grateful""",Music and Lyrics
2014,Original Song,Glen Campbell: I'll Be Me,Glen Campbell,FALSE,,,"""I'm Not Gonna Miss You""",Music and Lyrics
2014,Original Song,Glen Campbell: I'll Be Me,Julian Raymond,FALSE,,,"""I'm Not Gonna Miss You""",Music and Lyrics
2014,Production Design,Into the Woods,Anna Pinnock,FALSE,,,,Set decoration
2014,Production Design,Mr. Turner,Suzie Davies,FALSE,,,,Production design
2014,Production Design,Mr. Turner,Charlotte Watts,FALSE,,,,Set decoration
2014,Production Design,The Grand Budapest Hotel,Adam Stockhausen,TRUE,,,,Production design
2014,Production Design,The Grand Budapest Hotel,Anna Pinnock,TRUE,,,,Set decoration
2014,Production Design,The Imitation Game,Maria Djurkovic,FALSE,,,,Production design
2014,Production Design,The Imitation Game,Tatiana Macdonald,FALSE,,,,Set decoration
2014,Production Design,Interstellar,Nathan Crowley,FALSE,,,,Production design
2014,Production Design,Interstellar,Gary Fettis,FALSE,,,,Set decoration
2014,Production Design,Into the Woods,Dennis Gassner,FALSE,,,,Production design
2014,Sound Editing,American Sniper,Alan Robert Murray,TRUE,,,,
2014,Sound Editing,American Sniper,Bub Asman,TRUE,,,,
2014,Sound Editing,Birdman or (The Unexpected Virtue of Ignorance),Martin Hernández,FALSE,,,,
2014,Sound Editing,Birdman or (The Unexpected Virtue of Ignorance),Aaron Glascock,FALSE,,,,
2014,Sound Editing,The Hobbit: The Battle of the Five Armies,Brent Burge,FALSE,,,,
2014,Sound Editing,The Hobbit: The Battle of the Five Armies,Jason Canovas,FALSE,,,,
2014,Sound Editing,Interstellar,Richard King,FALSE,,,,
2014,Sound Editing,Unbroken,Becky Sullivan,FALSE,,,,
2014,Sound Editing,Unbroken,Andrew DeCristofaro,FALSE,,,,
2014,Sound Mixing,Unbroken,David Lee,FALSE,,,,
2014,Sound Mixing,Unbroken,Frank A. Montaño,FALSE,,,,
2014,Sound Mixing,Interstellar,Mark Weingarten,FALSE,,,,
2014,Sound Mixing,Unbroken,Jon Taylor,FALSE,,,,
2014,Sound Mixing,Whiplash,Craig Mann,TRUE,,,,
2014,Sound Mixing,Whiplash,Ben Wilkins,TRUE,,,,
2014,Sound Mixing,Whiplash,Thomas Curley,TRUE,,,,
2014,Sound Mixing,American Sniper,John Reitz,FALSE,,,,
2014,Sound Mixing,American Sniper,Gregg Rudloff,FALSE,,,,
2014,Sound Mixing,American Sniper,Walt Martin,FALSE,,,,
2014,Sound Mixing,Birdman or (The Unexpected Virtue of Ignorance),Jon Taylor,FALSE,,,,
2014,Sound Mixing,Birdman or (The Unexpected Virtue of Ignorance),Frank A. Montaño,FALSE,,,,
2014,Sound Mixing,Birdman or (The Unexpected Virtue of Ignorance),Thomas Varga,FALSE,,,,
2014,Sound Mixing,Interstellar,Gary A. Rizzo,FALSE,,,,
2014,Sound Mixing,Interstellar,Gregg Landaker,FALSE,,,,
2014,Visual Effects,X-Men: Days of Future Past,Cameron Waldbauer,FALSE,,,,
2014,Visual Effects,Interstellar,Andrew Lockley,TRUE,,,,
2014,Visual Effects,Interstellar,Ian Hunter,TRUE,,,,
2014,Visual Effects,Interstellar,Scott R. Fisher,TRUE,,,,
2014,Visual Effects,Captain America: The Winter Soldier,Dan DeLeeuw,FALSE,,,,
2014,Visual Effects,Captain America: The Winter Soldier,Russell Earl,FALSE,,,,
2014,Visual Effects,Captain America: The Winter Soldier,Bryan Grill,FALSE,,,,
2014,Visual Effects,Captain America: The Winter Soldier,Dan Sudick,FALSE,,,,
2014,Visual Effects,Dawn of the Planet of the Apes,Joe Letteri,FALSE,,,,
2014,Visual Effects,Dawn of the Planet of the Apes,Dan Lemmon,FALSE,,,,
2014,Visual Effects,Dawn of the Planet of the Apes,Daniel Barrett,FALSE,,,,
2014,Visual Effects,Dawn of the Planet of the Apes,Erik Winquist,FALSE,,,,
2014,Visual Effects,Guardians of the Galaxy,Stephane Ceretti,FALSE,,,,
2014,Visual Effects,Guardians of the Galaxy,Nicolas Aithadi,FALSE,,,,
2014,Visual Effects,Guardians of the Galaxy,Jonathan Fawkner,FALSE,,,,
2014,Visual Effects,Guardians of the Galaxy,Paul Corbould,FALSE,,,,
2014,Visual Effects,X-Men: Days of Future Past,Richard Stammers,FALSE,,,,
2014,Visual Effects,X-Men: Days of Future Past,Lou Pecora,FALSE,,,,
2014,Visual Effects,X-Men: Days of Future Past,Tim Crosbie,FALSE,,,,
2014,Visual Effects,Interstellar,Paul Franklin,TRUE,,,,
2013,Actor in a Leading Role,Dallas Buyers Club,Matthew McConaughey,TRUE,Ron Woodroof,,,
2013,Actor in a Leading Role,American Hustle,Christian Bale,FALSE,Irving Rosenfeld,,,
2013,Actor in a Leading Role,Nebraska,Bruce Dern,FALSE,"Woodrow ""Woody"" Grant",,,
2013,Actor in a Leading Role,The Wolf of Wall Street,Leonardo DiCaprio,FALSE,Jordan Belfort,,,
2013,Actor in a Leading Role,12 Years a Slave,Chiwetel Ejiofor,FALSE,Solomon Northup,,,
2013,Actor in a Supporting Role,Dallas Buyers Club,Jared Leto,TRUE,Rayon,,,
2013,Actor in a Supporting Role,Captain Phillips,Barkhad Abdi,FALSE,Abduwali Muse,,,
2013,Actor in a Supporting Role,American Hustle,Bradley Cooper,FALSE,"Richard ""Richie"" DiMaso",,,
2013,Actor in a Supporting Role,12 Years a Slave,Michael Fassbender,FALSE,Edwin Epps,,,
2013,Actor in a Supporting Role,The Wolf of Wall Street,Jonah Hill,FALSE,Donnie Azoff,,,
2013,Actress in a Leading Role,Gravity,Sandra Bullock,FALSE,Ryan Stone,,,
2013,Actress in a Leading Role,Philomena,Judi Dench,FALSE,Philomena Lee,,,
2013,Actress in a Leading Role,August: Osage County,Meryl Streep,FALSE,Violet Weston,,,
2013,Actress in a Leading Role,Blue Jasmine,Cate Blanchett,TRUE,"Jeanette ""Jasmine"" Francis",,,
2013,Actress in a Leading Role,American Hustle,Amy Adams,FALSE,Sydney Prosser,,,
2013,Actress in a Supporting Role,12 Years a Slave,Lupita Nyong'o,TRUE,Patsey,,,
2013,Actress in a Supporting Role,Blue Jasmine,Sally Hawkins,FALSE,Ginger,,,
2013,Actress in a Supporting Role,American Hustle,Jennifer Lawrence,FALSE,Rosalyn Rosenfeld,,,
2013,Actress in a Supporting Role,August: Osage County,Julia Roberts,FALSE,Barbara Weston-Fordham,,,
2013,Actress in a Supporting Role,Nebraska,June Squibb,FALSE,Kate Grant,,,
2013,Adapted Screenplay,12 Years a Slave,John Ridley,TRUE,,The memoir by Solomon Northup,,
2013,Adapted Screenplay,Before Midnight,Julie Delpy,FALSE,,Characters from the film Before Sunrise by Kim Krizan and Linklater,,
2013,Adapted Screenplay,Before Midnight,Ethan Hawke,FALSE,,Characters from the film Before Sunrise by Kim Krizan and Linklater,,
2013,Adapted Screenplay,Before Midnight,Richard Linklater,FALSE,,Characters from the film Before Sunrise by Kim Krizan and Linklater,,
2013,Adapted Screenplay,Captain Phillips,Billy Ray,FALSE,,The book A Captain's Duty by Richard Phillips and Stephan Talty,,
2013,Adapted Screenplay,Philomena,Steve Coogan,FALSE,,The book The Lost Child of Philomena Lee by Martin Sixsmith,,
2013,Adapted Screenplay,Philomena,Jeff Pope,FALSE,,The book The Lost Child of Philomena Lee by Martin Sixsmith,,
2013,Adapted Screenplay,The Wolf of Wall Street,Terence Winter,FALSE,,The memoir by Jordan Belfort,,
2013,Animated Feature,Despicable Me 2,Pierre Coffin,FALSE,,,,
2013,Animated Feature,Despicable Me 2,Chris Renaud,FALSE,,,,
2013,Animated Feature,Frozen,Jennifer Lee,TRUE,,,,
2013,Animated Feature,Frozen,Peter Del Vecho,TRUE,,,,
2013,Animated Feature,The Croods,Chris Sanders,FALSE,,,,
2013,Animated Feature,The Croods,Kirk DeMicco,FALSE,,,,
2013,Animated Feature,The Croods,Kristine Belson,FALSE,,,,
2013,Animated Feature,Despicable Me 2,Chris Meledandri,FALSE,,,,
2013,Animated Feature,Ernest & Celestine,Benjamin Renner,FALSE,,,,
2013,Animated Feature,Ernest & Celestine,Didier Brunner,FALSE,,,,
2013,Animated Feature,The Wind Rises,Hayao Miyazaki,FALSE,,,,
2013,Animated Feature,Frozen,Chris Buck,TRUE,,,,
2013,Animated Feature,The Wind Rises,Toshio Suzuki,FALSE,,,,
2013,Animated Short,Mr Hublot,Laurent Witz,TRUE,,,,
2013,Animated Short,Feral,Dan Golden,FALSE,,,,
2013,Animated Short,Feral,Daniel Sousa,FALSE,,,,
2013,Animated Short,Get a Horse!,Lauren MacMullan,FALSE,,,,
2013,Animated Short,Get a Horse!,Dorothy McKim,FALSE,,,,
2013,Animated Short,Possessions,Shuhei Morita,FALSE,,,,
2013,Animated Short,Room on the Broom,Jan Lachauer,FALSE,,,,
2013,Animated Short,Room on the Broom,Max Lang,FALSE,,,,
2013,Animated Short,Mr Hublot,Alexandre Espigares,TRUE,,,,
2013,Best Picture,Dallas Buyers Club,Robbie Brenner,FALSE,,,,
2013,Best Picture,Dallas Buyers Club,Rachel Winter,FALSE,,,,
2013,Best Picture,Gravity,Alfonso Cuarón,FALSE,,,,
2013,Best Picture,12 Years a Slave,Jeremy Kleiner,TRUE,,,,
2013,Best Picture,12 Years a Slave,Steve McQueen,TRUE,,,,
2013,Best Picture,12 Years a Slave,Anthony Katagas,TRUE,,,,
2013,Best Picture,American Hustle,Charles Roven,FALSE,,,,
2013,Best Picture,American Hustle,Richard Suckle,FALSE,,,,
2013,Best Picture,American Hustle,Megan Ellison,FALSE,,,,
2013,Best Picture,American Hustle,Jonathan Gordon,FALSE,,,,
2013,Best Picture,Captain Phillips,Scott Rudin,FALSE,,,,
2013,Best Picture,Captain Phillips,Dana Brunetti,FALSE,,,,
2013,Best Picture,Captain Phillips,Michael De Luca,FALSE,,,,
2013,Best Picture,12 Years a Slave,Brad Pitt,TRUE,,,,
2013,Best Picture,12 Years a Slave,Dede Gardner,TRUE,,,,
2013,Best Picture,Gravity,David Heyman,FALSE,,,,
2013,Best Picture,Her,Megan Ellison,FALSE,,,,
2013,Best Picture,Her,Spike Jonze,FALSE,,,,
2013,Best Picture,Her,Vincent Landay,FALSE,,,,
2013,Best Picture,Nebraska,Albert Berger,FALSE,,,,
2013,Best Picture,Nebraska,Ron Yerxa,FALSE,,,,
2013,Best Picture,Philomena,Gabrielle Tana,FALSE,,,,
2013,Best Picture,Philomena,Steve Coogan,FALSE,,,,
2013,Best Picture,Philomena,Tracey Seaward,FALSE,,,,
2013,Best Picture,The Wolf of Wall Street,Martin Scorsese,FALSE,,,,
2013,Best Picture,The Wolf of Wall Street,Leonardo DiCaprio,FALSE,,,,
2013,Best Picture,The Wolf of Wall Street,Joey McFarland,FALSE,,,,
2013,Best Picture,The Wolf of Wall Street,Emma Tillinger Koskoff,FALSE,,,,
2013,Cinematography,Nebraska,Phedon Papamichael,FALSE,,,,
2013,Cinematography,Prisoners,Roger Deakins,FALSE,,,,
2013,Cinematography,Gravity,Emmanuel Lubezki,TRUE,,,,
2013,Cinematography,The Grandmaster,Philippe Le Sourd,FALSE,,,,
2013,Cinematography,Inside Llewyn Davis,Bruno Delbonnel,FALSE,,,,
2013,Costume Design,12 Years a Slave,Patricia Norris,FALSE,,,,
2013,Costume Design,American Hustle,Michael Wilkinson,FALSE,,,,
2013,Costume Design,The Great Gatsby,Catherine Martin,TRUE,,,,
2013,Costume Design,The Grandmaster,William Chang Suk Ping,FALSE,,,,
2013,Costume Design,The Invisible Woman,Michael O'Connor,FALSE,,,,
2013,Director,Gravity,Alfonso Cuarón,TRUE,,,,
2013,Director,12 Years a Slave,Steve McQueen,FALSE,,,,
2013,Director,Nebraska,Alexander Payne,FALSE,,,,
2013,Director,American Hustle,David O. Russell,FALSE,,,,
2013,Director,The Wolf of Wall Street,Martin Scorsese,FALSE,,,,
2013,Documentary Feature,Dirty Wars,Jeremy Scahill,FALSE,,,,
2013,Documentary Feature,The Square,Jehane Noujaim,FALSE,,,,
2013,Documentary Feature,The Square,Karim Amer,FALSE,,,,
2013,Documentary Feature,20 Feet from Stardom,Morgan Neville,TRUE,,,,
2013,Documentary Feature,20 Feet from Stardom,Gil Friesen,TRUE,,,,
2013,Documentary Feature,20 Feet from Stardom,Caitrin Rogers,TRUE,,,,
2013,Documentary Feature,The Act of Killing,Joshua Oppenheimer,FALSE,,,,
2013,Documentary Feature,The Act of Killing,Signe Byrge Sørensen,FALSE,,,,
2013,Documentary Feature,Cutie and the Boxer,Zachary Heinzerling,FALSE,,,,
2013,Documentary Feature,Cutie and the Boxer,Lydia Dean Pilcher,FALSE,,,,
2013,Documentary Feature,Dirty Wars,Richard Rowley,FALSE,,,,
2013,Documentary Short,The Lady in Number 6: Music Saved My Life,Malcolm Clarke,TRUE,,,,
2013,Documentary Short,The Lady in Number 6: Music Saved My Life,Nicholas Reed,TRUE,,,,
2013,Documentary Short,CaveDigger,Jeffrey Karoff,FALSE,,,,
2013,Documentary Short,Facing Fear,Jason Cohen,FALSE,,,,
2013,Documentary Short,Karama Has No Walls,Sara Ishaq,FALSE,,,,
2013,Documentary Short,Prison Terminal: The Last Days of Private Jack Hall,Edgar Barens,FALSE,,,,
2013,Editing,Dallas Buyers Club,Martin Pensa,FALSE,,,,
2013,Editing,American Hustle,Crispin Struthers,FALSE,,,,
2013,Editing,American Hustle,Alan Baumgarten,FALSE,,,,
2013,Editing,Captain Phillips,Christopher Rouse,FALSE,,,,
2013,Editing,Dallas Buyers Club,John Mac McMurphy,FALSE,,,,
2013,Editing,American Hustle,Jay Cassidy,FALSE,,,,
2013,Editing,Gravity,Alfonso Cuarón,TRUE,,,,
2013,Editing,12 Years a Slave,Joe Walker,FALSE,,,,
2013,Editing,Gravity,Mark Sanger,TRUE,,,,
2013,Foreign Language Film,The Great Beauty,Paolo Sorrentino,TRUE,,,,
2013,Foreign Language Film,The Broken Circle Breakdown,Felix van Groeningen,FALSE,,,,
2013,Foreign Language Film,The Hunt,Thomas Vinterberg,FALSE,,,,
2013,Foreign Language Film,The Missing Picture,Rithy Panh,FALSE,,,,
2013,Foreign Language Film,Omar,Hany Abu-Assad,FALSE,,,,
2013,Live-Action Short,Helium,Anders Walter,TRUE,,,,
2013,Live-Action Short,Helium,Kim Magnusson,TRUE,,,,
2013,Live-Action Short,Avant Que De Tout Perde (Just Before Losing Everything),Alexandre Gavras,FALSE,,,,
2013,Live-Action Short,Pitääkö Mun Kaikki Hoitaa? (Do I Have to Take Care of Everything?),Selma Vilhunen,FALSE,,,,
2013,Live-Action Short,Aquel No Era Yo (That Wasn't Me),Esteban Crespo,FALSE,,,,
2013,Live-Action Short,Avant Que De Tout Perde (Just Before Losing Everything),Xavier Legrand,FALSE,,,,
2013,Live-Action Short,Pitääkö Mun Kaikki Hoitaa? (Do I Have to Take Care of Everything?),Kirsikka Saari,FALSE,,,,
2013,Live-Action Short,The Voorman Problem,Mark Gill,FALSE,,,,
2013,Live-Action Short,The Voorman Problem,Baldwin Li,FALSE,,,,
2013,Make-Up,The Lone Ranger,Gloria Pasqua-Casny,FALSE,,,,
2013,Make-Up,Dallas Buyers Club,Adruitha Lee,TRUE,,,,
2013,Make-Up,Dallas Buyers Club,Robin Mathews,TRUE,,,,
2013,Make-Up,Jackass Presents: Bad Grandpa,Stephen Prouty,FALSE,,,,
2013,Make-Up,The Lone Ranger,Joel Harlow,FALSE,,,,
2013,Original Score,Her,Will Butler,FALSE,,,,
2013,Original Score,Her,Owen Pallett,FALSE,,,,
2013,Original Score,Philomena,Alexandre Desplat,FALSE,,,,
2013,Original Score,Saving Mr. Banks,Thomas Newman,FALSE,,,,
2013,Original Score,Gravity,Steven Price,TRUE,,,,
2013,Original Score,The Book Thief,John Williams,FALSE,,,,
2013,Original Screenplay,Her,Spike Jonze,TRUE,,,,
2013,Original Screenplay,American Hustle,David O. Russell,FALSE,,,,
2013,Original Screenplay,American Hustle,Eric Warren Singer,FALSE,,,,
2013,Original Screenplay,Blue Jasmine,Woody Allen,FALSE,,,,
2013,Original Screenplay,Dallas Buyers Club,Craig Borten,FALSE,,,,
2013,Original Screenplay,Dallas Buyers Club,Melisa Wallack,FALSE,,,,
2013,Original Screenplay,Nebraska,Bob Nelson,FALSE,,,,
2013,Original Song,Her,Spike Jonze,FALSE,,,"""The Moon Song""",Lyrics
2013,Original Song,Frozen,Kristen Anderson-Lopez,TRUE,,,"""Let It Go""",Music and Lyrics
2013,Original Song,Frozen,Robert Lopez,TRUE,,,"""Let It Go""",Music and Lyrics
2013,Original Song,Despicable Me 2,Pharrell Williams,FALSE,,,"""Happy""",Music and Lyrics
2013,Original Song,Her,Karen O,FALSE,,,"""The Moon Song""",Music and Lyrics
2013,Original Song,Mandela: Long Walk to Freedom,U2,FALSE,,,"""Ordinary Love""",Music
2013,Original Song,Mandela: Long Walk to Freedom,Bono,FALSE,,,"""Ordinary Love""",Lyrics
2013,Production Design,Gravity,Rosie Goodwin,FALSE,,,,Set decoration
2013,Production Design,Gravity,Joanne Woollard,FALSE,,,,Set decoration
2013,Production Design,Her,K. K. Barrett,FALSE,,,,Production design
2013,Production Design,Her,Gene Serdena,FALSE,,,,Set decoration
2013,Production Design,The Great Gatsby,Catherine Martin,TRUE,,,,Production design
2013,Production Design,The Great Gatsby,Beverley Dunn,TRUE,,,,Set decoration
2013,Production Design,12 Years a Slave,Adam Stockhausen,FALSE,,,,Production design
2013,Production Design,12 Years a Slave,Alice Baker,FALSE,,,,Set decoration
2013,Production Design,American Hustle,Judy Becker,FALSE,,,,Production design
2013,Production Design,American Hustle,Heather Loeffler,FALSE,,,,Set decoration
2013,Production Design,Gravity,Andy Nicholson,FALSE,,,,Production design
2013,Sound Editing,Gravity,Glenn Freemantle,TRUE,,,,
2013,Sound Editing,All Is Lost,Steve Boeddeker,FALSE,,,,
2013,Sound Editing,All Is Lost,Richard Hymns,FALSE,,,,
2013,Sound Editing,Captain Phillips,Oliver Tarney,FALSE,,,,
2013,Sound Editing,The Hobbit: The Desolation of Smaug,Brent Burge,FALSE,,,,
2013,Sound Editing,The Hobbit: The Desolation of Smaug,Chris Ward,FALSE,,,,
2013,Sound Editing,Lone Survivor,Wylie Stateman,FALSE,,,,
2013,Sound Mixing,The Hobbit: The Desolation of Smaug,Tony Johnson,FALSE,,,,
2013,Sound Mixing,Inside Llewyn Davis,Skip Lievsay,FALSE,,,,
2013,Sound Mixing,Inside Llewyn Davis,Greg Orloff,FALSE,,,,
2013,Sound Mixing,Inside Llewyn Davis,Peter Kurland,FALSE,,,,
2013,Sound Mixing,Lone Survivor,Andy Koyama,FALSE,,,,
2013,Sound Mixing,Lone Survivor,Beau Borders,FALSE,,,,
2013,Sound Mixing,Lone Survivor,David Brownlow,FALSE,,,,
2013,Sound Mixing,The Hobbit: The Desolation of Smaug,Michael Hedges,FALSE,,,,
2013,Sound Mixing,The Hobbit: The Desolation of Smaug,Michael Semanick,FALSE,,,,
2013,Sound Mixing,Captain Phillips,Mark Taylor,FALSE,,,,
2013,Sound Mixing,Captain Phillips,Mike Prestwood Smith,FALSE,,,,
2013,Sound Mixing,Captain Phillips,Chris Munro,FALSE,,,,
2013,Sound Mixing,The Hobbit: The Desolation of Smaug,Christopher Boyes,FALSE,,,,
2013,Sound Mixing,Gravity,Christopher Benstead,TRUE,,,,
2013,Sound Mixing,Gravity,Skip Lievsay,TRUE,,,,
2013,Sound Mixing,Gravity,Niv Adiri,TRUE,,,,
2013,Sound Mixing,Gravity,Chris Munro,TRUE,,,,
2013,Sound Mixing,Captain Phillips,Chris Burdon,FALSE,,,,
2013,Visual Effects,Gravity,Tim Webber,TRUE,,,,
2013,Visual Effects,Gravity,Chris Lawrence,TRUE,,,,
2013,Visual Effects,Gravity,Dave Shirk,TRUE,,,,
2013,Visual Effects,Gravity,Neil Corbould,TRUE,,,,
2013,Visual Effects,The Hobbit: The Desolation of Smaug,Joe Letteri,FALSE,,,,
2013,Visual Effects,The Hobbit: The Desolation of Smaug,Eric Saindon,FALSE,,,,
2013,Visual Effects,The Hobbit: The Desolation of Smaug,David Clayton,FALSE,,,,
2013,Visual Effects,The Hobbit: The Desolation of Smaug,Eric Reynolds,FALSE,,,,
2013,Visual Effects,Iron Man 3,Christopher Townsend,FALSE,,,,
2013,Visual Effects,Star Trek Into Darkness,Burt Dalton,FALSE,,,,
2013,Visual Effects,Iron Man 3,Guy Williams,FALSE,,,,
2013,Visual Effects,Iron Man 3,Erik Nash,FALSE,,,,
2013,Visual Effects,Iron Man 3,Dan Sudick,FALSE,,,,
2013,Visual Effects,The Lone Ranger,Tim Alexander,FALSE,,,,
2013,Visual Effects,The Lone Ranger,Gary Brozenich,FALSE,,,,
2013,Visual Effects,The Lone Ranger,Edson Williams,FALSE,,,,
2013,Visual Effects,The Lone Ranger,John Frazier,FALSE,,,,
2013,Visual Effects,Star Trek Into Darkness,Roger Guyett,FALSE,,,,
2013,Visual Effects,Star Trek Into Darkness,Patrick Tubach,FALSE,,,,
2013,Visual Effects,Star Trek Into Darkness,Ben Grossmann,FALSE,,,,
2012,Actor in a Leading Role,Les Misérables,Hugh Jackman,FALSE,Jean Valjean,,,
2012,Actor in a Leading Role,The Master,Joaquin Phoenix,FALSE,Freddie Quell,,,
2012,Actor in a Leading Role,Flight,Denzel Washington,FALSE,"William ""Whip"" Whitaker, Sr.",,,
2012,Actor in a Leading Role,Lincoln,Daniel Day-Lewis,TRUE,Abraham Lincoln,,,
2012,Actor in a Leading Role,Silver Linings Playbook,Bradley Cooper,FALSE,"Patrizio ""Pat"" Solitano, Jr.",,,
2012,Actor in a Supporting Role,Django Unchained,Christoph Waltz,TRUE,Dr. King Schultz,,,
2012,Actor in a Supporting Role,Argo,Alan Arkin,FALSE,Lester Siegel,,,
2012,Actor in a Supporting Role,Silver Linings Playbook,Robert De Niro,FALSE,"Patrizio ""Pat"" Solitano Sr.",,,
2012,Actor in a Supporting Role,The Master,Philip Seymour Hoffman,FALSE,Lancaster Dodd,,,
2012,Actor in a Supporting Role,Lincoln,Tommy Lee Jones,FALSE,Thaddeus Stevens,,,
2012,Actress in a Leading Role,Silver Linings Playbook,Jennifer Lawrence,TRUE,Tiffany Maxwell,,,
2012,Actress in a Leading Role,Zero Dark Thirty,Jessica Chastain,FALSE,Maya,,,
2012,Actress in a Leading Role,Amour,Emmanuelle Riva,FALSE,Anne Laurent,,,
2012,Actress in a Leading Role,Beasts of the Southern Wild,Quvenzhané Wallis,FALSE,Hushpuppy,,,
2012,Actress in a Leading Role,The Impossible,Naomi Watts,FALSE,Maria Bennett,,,
2012,Actress in a Supporting Role,The Master,Amy Adams,FALSE,Peggy Dodd,,,
2012,Actress in a Supporting Role,Lincoln,Sally Field,FALSE,Mary Todd Lincoln,,,
2012,Actress in a Supporting Role,The Sessions,Helen Hunt,FALSE,Cheryl Cohen-Greene,,,
2012,Actress in a Supporting Role,Silver Linings Playbook,Jacki Weaver,FALSE,Dolores Solitano,,,
2012,Actress in a Supporting Role,Les Misérables,Anne Hathaway,TRUE,Fantine,,,
2012,Adapted Screenplay,Argo,Chris Terrio,TRUE,,The book The Master of Disguise by Tony Mendez and article The Great Escape by Joshuah Bearman,,
2012,Adapted Screenplay,Beasts of the Southern Wild,Lucy Alibar,FALSE,,The play Juicy and Delicious by Alibar,,
2012,Adapted Screenplay,Beasts of the Southern Wild,Benh Zeitlin,FALSE,,The play Juicy and Delicious by Alibar,,
2012,Adapted Screenplay,Life of Pi,David Magee,FALSE,,The novel by Yann Martel,,
2012,Adapted Screenplay,Lincoln,Tony Kushner,FALSE,,The book Team of Rivals by Doris Kearns Goodwin,,
2012,Adapted Screenplay,Silver Linings Playbook,David O. Russell,FALSE,,The novel by Matthew Quick,,
2012,Animated Feature,ParaNorman,Chris Butler,FALSE,,,,
2012,Animated Feature,Brave,Mark Andrews,TRUE,,,,
2012,Animated Feature,Brave,Brenda Chapman,TRUE,,,,
2012,Animated Feature,Frankenweenie,Tim Burton,FALSE,,,,
2012,Animated Feature,ParaNorman,Sam Fell,FALSE,,,,
2012,Animated Feature,The Pirates! In an Adventure with Scientists!,Peter Lord,FALSE,,,,
2012,Animated Feature,Wreck-It Ralph,Rich Moore,FALSE,,,,
2012,Animated Short,Paperman,John Kahrs,TRUE,,,,
2012,Animated Short,Adam and Dog,Minkyu Lee,FALSE,,,,
2012,Animated Short,Fresh Guacamole,PES,FALSE,,,,
2012,Animated Short,Head Over Heels,Fodhla Cronin O'Reilly,FALSE,,,,
2012,Animated Short,Head Over Heels,Timothy Reckart,FALSE,,,,
2012,Animated Short,The Longest Daycare,David Silverman,FALSE,,,,
2012,Best Picture,Django Unchained,Stacey Sher,FALSE,,,,
2012,Best Picture,Django Unchained,Reginald Hudlin,FALSE,,,,
2012,Best Picture,Django Unchained,Pilar Savone,FALSE,,,,
2012,Best Picture,Les Misérables,Tim Bevan,FALSE,,,,
2012,Best Picture,Les Misérables,Eric Fellner,FALSE,,,,
2012,Best Picture,Les Misérables,Debra Hayward,FALSE,,,,
2012,Best Picture,Les Misérables,Cameron Mackintosh,FALSE,,,,
2012,Best Picture,Life of Pi,Gil Netter,FALSE,,,,
2012,Best Picture,Life of Pi,Ang Lee,FALSE,,,,
2012,Best Picture,Life of Pi,David Womark,FALSE,,,,
2012,Best Picture,Lincoln,Steven Spielberg,FALSE,,,,
2012,Best Picture,Lincoln,Kathleen Kennedy,FALSE,,,,
2012,Best Picture,Silver Linings Playbook,Donna Gigliotti,FALSE,,,,
2012,Best Picture,Silver Linings Playbook,Bruce Cohen,FALSE,,,,
2012,Best Picture,Silver Linings Playbook,Jonathan Gordon,FALSE,,,,
2012,Best Picture,Zero Dark Thirty,Mark Boal,FALSE,,,,
2012,Best Picture,Zero Dark Thirty,Kathryn Bigelow,FALSE,,,,
2012,Best Picture,Zero Dark Thirty,Megan Ellison,FALSE,,,,
2012,Best Picture,Argo,Grant Heslov,TRUE,,,,
2012,Best Picture,Argo,Ben Affleck,TRUE,,,,
2012,Best Picture,Argo,George Clooney,TRUE,,,,
2012,Best Picture,Amour,Margaret Menegoz,FALSE,,,,
2012,Best Picture,Amour,Stefan Arndt,FALSE,,,,
2012,Best Picture,Amour,Veit Heiduschka,FALSE,,,,
2012,Best Picture,Amour,Michael Katz,FALSE,,,,
2012,Best Picture,Beasts of the Southern Wild,Dan Janvey,FALSE,,,,
2012,Best Picture,Beasts of the Southern Wild,Josh Penn,FALSE,,,,
2012,Best Picture,Beasts of the Southern Wild,Michael Gottwald,FALSE,,,,
2012,Cinematography,Life of Pi,Claudio Miranda,TRUE,,,,
2012,Cinematography,Anna Karenina,Seamus McGarvey,FALSE,,,,
2012,Cinematography,Django Unchained,Robert Richardson,FALSE,,,,
2012,Cinematography,Lincoln,Janusz Kamiński,FALSE,,,,
2012,Cinematography,Skyfall,Roger Deakins,FALSE,,,,
2012,Costume Design,Les Misérables,Paco Delgado,FALSE,,,,
2012,Costume Design,Lincoln,Joanna Johnston,FALSE,,,,
2012,Costume Design,Mirror Mirror,Eiko Ishioka,FALSE,,,,
2012,Costume Design,Anna Karenina,Jacqueline Durran,TRUE,,,,
2012,Costume Design,Snow White and the Huntsman,Colleen Atwood,FALSE,,,,
2012,Director,Life of Pi,Ang Lee,TRUE,,,,
2012,Director,Amour,Michael Haneke,FALSE,,,,
2012,Director,Silver Linings Playbook,David O. Russell,FALSE,,,,
2012,Director,Lincoln,Steven Spielberg,FALSE,,,,
2012,Director,Beasts of the Southern Wild,Benh Zeitlin,FALSE,,,,
2012,Documentary Feature,Searching for Sugar Man,Malik Bendjelloul,TRUE,,,,
2012,Documentary Feature,Searching for Sugar Man,Simon Chinn,TRUE,,,,
2012,Documentary Feature,5 Broken Cameras,Emad Burnat,FALSE,,,,
2012,Documentary Feature,5 Broken Cameras,Guy Davidi,FALSE,,,,
2012,Documentary Feature,The Gatekeepers,Dror Moreh,FALSE,,,,
2012,Documentary Feature,The Gatekeepers,Philippa Kowarsky,FALSE,,,,
2012,Documentary Feature,The Gatekeepers,Estelle Fialon,FALSE,,,,
2012,Documentary Feature,How to Survive a Plague,David France,FALSE,,,,
2012,Documentary Feature,How to Survive a Plague,Howard Gertler,FALSE,,,,
2012,Documentary Feature,The Invisible War,Kirby Dick,FALSE,,,,
2012,Documentary Feature,The Invisible War,Amy Ziering,FALSE,,,,
2012,Documentary Short,Redemption,Jon Alpert,FALSE,,,,
2012,Documentary Short,Redemption,Matthew O'Neill,FALSE,,,,
2012,Documentary Short,Open Heart,Kief Davidson,FALSE,,,,
2012,Documentary Short,Open Heart,Cori Shepherd Stern,FALSE,,,,
2012,Documentary Short,Inocente,Andrea Nix Fine,TRUE,,,,
2012,Documentary Short,Inocente,Sean Fine,TRUE,,,,
2012,Documentary Short,Mondays at Racine,Robin Honan,FALSE,,,,
2012,Documentary Short,Kings Point,Sari Gilman,FALSE,,,,
2012,Documentary Short,Kings Point,Jedd Wider,FALSE,,,,
2012,Documentary Short,Mondays at Racine,Cynthia Wade,FALSE,,,,
2012,Editing,Argo,William Goldenberg,TRUE,,,,
2012,Editing,Life of Pi,Tim Squyres,FALSE,,,,
2012,Editing,Lincoln,Michael Kahn,FALSE,,,,
2012,Editing,Silver Linings Playbook,Jay Cassidy,FALSE,,,,
2012,Editing,Zero Dark Thirty,Dylan Tichenor,FALSE,,,,
2012,Editing,Silver Linings Playbook,Crispin Struthers,FALSE,,,,
2012,Editing,Zero Dark Thirty,William Goldenberg,FALSE,,,,
2012,Foreign Language Film,Kon-Tiki,Espen Sandberg,FALSE,,,,
2012,Foreign Language Film,No,Pablo Larraín,FALSE,,,,
2012,Foreign Language Film,A Royal Affair,Nikolaj Arcel,FALSE,,,,
2012,Foreign Language Film,War Witch,Kim Nguyen,FALSE,,,,
2012,Foreign Language Film,Amour,Michael Haneke,TRUE,,,,
2012,Foreign Language Film,Kon-Tiki,Joachim Rønning,FALSE,,,,
2012,Live-Action Short,Death of a Shadow (Dood van een Schaduw),Ellen De Waele,FALSE,,,,
2012,Live-Action Short,Henry,Yan England,FALSE,,,,
2012,Live-Action Short,Curfew,Shawn Christensen,TRUE,,,,
2012,Live-Action Short,Asad,Bryan Buckley,FALSE,,,,
2012,Live-Action Short,Asad,Mino Jarjoura,FALSE,,,,
2012,Live-Action Short,Buzkashi Boys,Sam French,FALSE,,,,
2012,Live-Action Short,Buzkashi Boys,Ariel Nasr,FALSE,,,,
2012,Live-Action Short,Death of a Shadow (Dood van een Schaduw),Tom Van Avermaet,FALSE,,,,
2012,Make-Up,Les Misérables,Lisa Westcott,TRUE,,,,
2012,Make-Up,Les Misérables,Julie Dartnell,TRUE,,,,
2012,Make-Up,Hitchcock,Howard Berger,FALSE,,,,
2012,Make-Up,Hitchcock,Peter Montagna,FALSE,,,,
2012,Make-Up,Hitchcock,Martin Samuel,FALSE,,,,
2012,Make-Up,The Hobbit: An Unexpected Journey,Peter Swords King,FALSE,,,,
2012,Make-Up,The Hobbit: An Unexpected Journey,Rick Findlater,FALSE,,,,
2012,Make-Up,The Hobbit: An Unexpected Journey,Tami Lane,FALSE,,,,
2012,Original Score,Life of Pi,Mychael Danna,TRUE,,,,
2012,Original Score,Anna Karenina,Dario Marianelli,FALSE,,,,
2012,Original Score,Lincoln,John Williams,FALSE,,,,
2012,Original Score,Skyfall,Thomas Newman,FALSE,,,,
2012,Original Score,Argo,Alexandre Desplat,FALSE,,,,
2012,Original Screenplay,Django Unchained,Quentin Tarantino,TRUE,,,,
2012,Original Screenplay,Amour,Michael Haneke,FALSE,,,,
2012,Original Screenplay,Flight,John Gatins,FALSE,,,,
2012,Original Screenplay,Moonrise Kingdom,Wes Anderson,FALSE,,,,
2012,Original Screenplay,Moonrise Kingdom,Roman Coppola,FALSE,,,,
2012,Original Screenplay,Zero Dark Thirty,Mark Boal,FALSE,,,,
2012,Original Song,Life of Pi,Bombay Jayashri,FALSE,,,"""Pi's Lullaby""",Lyrics
2012,Original Song,Ted,Walter Murphy,FALSE,,,"""Everybody Needs a Best Friend""",Music
2012,Original Song,Ted,Seth MacFarlane,FALSE,,,"""Everybody Needs a Best Friend""",Lyrics
2012,Original Song,Les Misérables,Alain Boublil,FALSE,,,"""Suddenly""",Lyrics
2012,Original Song,Les Misérables,Herbert Kretzmer,FALSE,,,"""Suddenly""",Lyrics
2012,Original Song,Life of Pi,Mychael Danna,FALSE,,,"""Pi's Lullaby""",Music
2012,Original Song,Skyfall,Adele,TRUE,,,"""Skyfall""",Music and Lyrics
2012,Original Song,Skyfall,Paul Epworth,TRUE,,,"""Skyfall""",Music and Lyrics
2012,Original Song,Chasing Ice,J. Ralph,FALSE,,,"""Before My Time""",Music and Lyrics
2012,Original Song,Les Misérables,Claude-Michel Schönberg,FALSE,,,"""Suddenly""",Music
2012,Production Design,The Hobbit: An Unexpected Journey,Ra Vincent,FALSE,,,,Set decoration
2012,Production Design,The Hobbit: An Unexpected Journey,Simon Bright,FALSE,,,,Set decoration
2012,Production Design,Les Misérables,Eve Stewart,FALSE,,,,Production design
2012,Production Design,Les Misérables,Anna Lynch-Robinson,FALSE,,,,Set decoration
2012,Production Design,Lincoln,Rick Carter,TRUE,,,,Production design
2012,Production Design,Lincoln,Jim Erickson,TRUE,,,,Set decoration
2012,Production Design,Anna Karenina,Sarah Greenwood,FALSE,,,,Production design
2012,Production Design,Anna Karenina,Katie Spencer,FALSE,,,,Set decoration
2012,Production Design,The Hobbit: An Unexpected Journey,Dan Hennah,FALSE,,,,Production design
2012,Production Design,Life of Pi,David Gropman,FALSE,,,,Production design
2012,Production Design,Life of Pi,Anna Pinnock,FALSE,,,,Set decoration
2012,Sound Editing,Django Unchained,Wylie Stateman,FALSE,,,,
2012,Sound Editing,Life of Pi,Eugene Gearty,FALSE,,,,
2012,Sound Editing,Life of Pi,Philip Stockton,FALSE,,,,
2012,Sound Editing,Skyfall,Per Hallberg,TRUE,,,,
2012,Sound Editing,Skyfall,Karen Baker Landers,TRUE,,,,
2012,Sound Editing,Zero Dark Thirty,Paul N. J. Ottosson,TRUE,,,,
2012,Sound Editing,Argo,Erik Aadahl,FALSE,,,,
2012,Sound Editing,Argo,Ethan Van der Ryn,FALSE,,,,
2012,Sound Mixing,Les Misérables,Andy Nelson,TRUE,,,,
2012,Sound Mixing,Les Misérables,Mark Paterson,TRUE,,,,
2012,Sound Mixing,Les Misérables,Simon Hayes,TRUE,,,,
2012,Sound Mixing,Argo,John Reitz,FALSE,,,,
2012,Sound Mixing,Argo,Gregg Rudloff,FALSE,,,,
2012,Sound Mixing,Argo,Jose Antonio Garcia,FALSE,,,,
2012,Sound Mixing,Life of Pi,Ron Bartlett,FALSE,,,,
2012,Sound Mixing,Life of Pi,D.M. Hemphill,FALSE,,,,
2012,Sound Mixing,Life of Pi,Drew Kunin,FALSE,,,,
2012,Sound Mixing,Lincoln,Andy Nelson,FALSE,,,,
2012,Sound Mixing,Lincoln,Gary Rydstrom,FALSE,,,,
2012,Sound Mixing,Lincoln,Ronald Judkins,FALSE,,,,
2012,Sound Mixing,Skyfall,Scott Millan,FALSE,,,,
2012,Sound Mixing,Skyfall,Greg P. Russell,FALSE,,,,
2012,Sound Mixing,Skyfall,Stuart Wilson,FALSE,,,,
2012,Visual Effects,Life of Pi,Bill Westenhofer,TRUE,,,,
2012,Visual Effects,Life of Pi,Erik-Jan de Boer,TRUE,,,,
2012,Visual Effects,Prometheus,Trevor Wood,FALSE,,,,
2012,Visual Effects,Life of Pi,Guillaume Rocheron,TRUE,,,,
2012,Visual Effects,The Hobbit: An Unexpected Journey,David Clayton,FALSE,,,,
2012,Visual Effects,Life of Pi,Donald R. Elliott,TRUE,,,,
2012,Visual Effects,The Hobbit: An Unexpected Journey,Joe Letteri,FALSE,,,,
2012,Visual Effects,Marvel's The Avengers,Guy Williams,FALSE,,,,
2012,Visual Effects,Marvel's The Avengers,Dan Sudick,FALSE,,,,
2012,Visual Effects,Prometheus,Richard Stammers,FALSE,,,,
2012,Visual Effects,The Hobbit: An Unexpected Journey,Eric Saindon,FALSE,,,,
2012,Visual Effects,The Hobbit: An Unexpected Journey,R. Christopher White,FALSE,,,,
2012,Visual Effects,Marvel's The Avengers,Jeff White,FALSE,,,,
2012,Visual Effects,Marvel's The Avengers,Janek Sirrs,FALSE,,,,
2012,Visual Effects,Prometheus,Charley Henley,FALSE,,,,
2012,Visual Effects,Prometheus,Martin Hill,FALSE,,,,
2012,Visual Effects,Snow White and the Huntsman,Cedric Nicolas-Troyan,FALSE,,,,
2012,Visual Effects,Snow White and the Huntsman,Philip Brennan,FALSE,,,,
2012,Visual Effects,Snow White and the Huntsman,Neil Corbould,FALSE,,,,
2012,Visual Effects,Snow White and the Huntsman,Michael Dawson,FALSE,,,,
2011,Actor in a Leading Role,The Artist,Jean Dujardin,TRUE,George Valentin,,,
2011,Actor in a Leading Role,A Better Life,Demián Bichir,FALSE,Carlos Galindo,,,
2011,Actor in a Leading Role,The Descendants,George Clooney,FALSE,Matthew King,,,
2011,Actor in a Leading Role,Tinker Tailor Soldier Spy,Gary Oldman,FALSE,George Smiley,,,
2011,Actor in a Leading Role,Moneyball,Brad Pitt,FALSE,Billy Beane,,,
2011,Actor in a Supporting Role,Beginners,Christopher Plummer,TRUE,Hal Fields,,,
2011,Actor in a Supporting Role,My Week with Marilyn,Kenneth Branagh,FALSE,Laurence Olivier,,,
2011,Actor in a Supporting Role,Moneyball,Jonah Hill,FALSE,Peter Brand,,,
2011,Actor in a Supporting Role,Warrior,Nick Nolte,FALSE,Paddy Conlon,,,
2011,Actor in a Supporting Role,Extremely Loud & Incredibly Close,Max von Sydow,FALSE,The Renter,,,
2011,Actress in a Leading Role,The Iron Lady,Meryl Streep,TRUE,Margaret Thatcher,,,
2011,Actress in a Leading Role,Albert Nobbs,Glenn Close,FALSE,Albert Nobbs,,,
2011,Actress in a Leading Role,The Help,Viola Davis,FALSE,Aibileen Clark,,,
2011,Actress in a Leading Role,The Girl with the Dragon Tattoo,Rooney Mara,FALSE,Lisbeth Salander,,,
2011,Actress in a Leading Role,My Week with Marilyn,Michelle Williams,FALSE,Marilyn Monroe,,,
2011,Actress in a Supporting Role,The Help,Octavia Spencer,TRUE,Minny Jackson,,,
2011,Actress in a Supporting Role,The Artist,Bérénice Bejo,FALSE,Peppy Miller,,,
2011,Actress in a Supporting Role,The Help,Jessica Chastain,FALSE,Celia Foote,,,
2011,Actress in a Supporting Role,Bridesmaids,Melissa McCarthy,FALSE,Megan Price,,,
2011,Actress in a Supporting Role,Albert Nobbs,Janet McTeer,FALSE,Hubert Page,,,
2011,Adapted Screenplay,The Descendants,Alexander Payne,TRUE,,The novel by Kaui Hart Hemmings,,
2011,Adapted Screenplay,The Descendants,Jim Rash,TRUE,,The novel by Kaui Hart Hemmings,,
2011,Adapted Screenplay,Hugo,John Logan,FALSE,,The novel The Invention of Hugo Cabret by Brian Selznick,,
2011,Adapted Screenplay,The Ides of March,George Clooney,FALSE,,The play Farragut North by Willimon,,
2011,Adapted Screenplay,The Ides of March,Grant Heslov,FALSE,,The play Farragut North by Willimon,,
2011,Adapted Screenplay,The Ides of March,Beau Willimon,FALSE,,The play Farragut North by Willimon,,
2011,Adapted Screenplay,Moneyball,Aaron Sorkin,FALSE,,The book by Michael Lewis,,Screenplay
2011,Adapted Screenplay,Moneyball,Steven Zaillian,FALSE,,The book by Michael Lewis,,Screenplay
2011,Adapted Screenplay,Moneyball,Stan Chervin,FALSE,,The book by Michael Lewis,,Story
2011,Adapted Screenplay,Tinker Tailor Soldier Spy,Bridget O'Connor,FALSE,,The novel by John le Carré,,
2011,Adapted Screenplay,Tinker Tailor Soldier Spy,Peter Straughan,FALSE,,The novel by John le Carré,,
2011,Adapted Screenplay,The Descendants,Nat Faxon,TRUE,,The novel by Kaui Hart Hemmings,,
2011,Animated Feature,Rango,Gore Verbinski,TRUE,,,,
2011,Animated Feature,A Cat in Paris,Alain Gagnol,FALSE,,,,
2011,Animated Feature,A Cat in Paris,Jean-Loup Felicioli,FALSE,,,,
2011,Animated Feature,Chico & Rita,Fernando Trueba,FALSE,,,,
2011,Animated Feature,Chico & Rita,Javier Mariscal,FALSE,,,,
2011,Animated Feature,Kung Fu Panda 2,Jennifer Yuh Nelson,FALSE,,,,
2011,Animated Feature,Puss in Boots,Chris Miller,FALSE,,,,
2011,Animated Short,The Fantastic Flying Books of Mr. Morris Lessmore,William Joyce,TRUE,,,,
2011,Animated Short,The Fantastic Flying Books of Mr. Morris Lessmore,Brandon Oldenburg,TRUE,,,,
2011,Animated Short,La Luna,Enrico Casarosa,FALSE,,,,
2011,Animated Short,A Morning Stroll,Sue Goffe,FALSE,,,,
2011,Animated Short,A Morning Stroll,Grant Orchard,FALSE,,,,
2011,Animated Short,Sunday,Patrick Doyon,FALSE,,,,
2011,Animated Short,Wild Life,Amanda Forbis,FALSE,,,,
2011,Animated Short,Wild Life,Wendy Tilby,FALSE,,,,
2011,Best Picture,The Descendants,Jim Taylor,FALSE,,,,
2011,Best Picture,Extremely Loud & Incredibly Close,Scott Rudin,FALSE,,,,
2011,Best Picture,The Help,Brunson Green,FALSE,,,,
2011,Best Picture,The Artist,Thomas Langmann,TRUE,,,,
2011,Best Picture,The Descendants,Jim Burke,FALSE,,,,
2011,Best Picture,The Descendants,Alexander Payne,FALSE,,,,
2011,Best Picture,The Help,Chris Columbus,FALSE,,,,
2011,Best Picture,The Help,Michael Barnathan,FALSE,,,,
2011,Best Picture,Hugo,Graham King,FALSE,,,,
2011,Best Picture,Hugo,Martin Scorsese,FALSE,,,,
2011,Best Picture,Midnight in Paris,Letty Aronson,FALSE,,,,
2011,Best Picture,Midnight in Paris,Stephen Tenenbaum,FALSE,,,,
2011,Best Picture,Moneyball,Michael De Luca,FALSE,,,,
2011,Best Picture,Moneyball,Rachael Horovitz,FALSE,,,,
2011,Best Picture,Moneyball,Brad Pitt,FALSE,,,,
2011,Best Picture,The Tree of Life,Sarah Green,FALSE,,,,
2011,Best Picture,The Tree of Life,Bill Pohlad,FALSE,,,,
2011,Best Picture,The Tree of Life,Dede Gardner,FALSE,,,,
2011,Best Picture,The Tree of Life,Grant Hill,FALSE,,,,
2011,Best Picture,War Horse,Steven Spielberg,FALSE,,,,
2011,Best Picture,War Horse,Kathleen Kennedy,FALSE,,,,
2011,Cinematography,Hugo,Robert Richardson,TRUE,,,,
2011,Cinematography,The Artist,Guillaume Schiffman,FALSE,,,,
2011,Cinematography,The Girl with the Dragon Tattoo,Jeff Cronenweth,FALSE,,,,
2011,Cinematography,The Tree of Life,Emmanuel Lubezki,FALSE,,,,
2011,Cinematography,War Horse,Janusz Kamiński,FALSE,,,,
2011,Costume Design,The Artist,Mark Bridges,TRUE,,,,
2011,Costume Design,Hugo,Sandy Powell,FALSE,,,,
2011,Costume Design,Jane Eyre,Michael O'Connor,FALSE,,,,
2011,Costume Design,W.E.,Arianne Phillips,FALSE,,,,
2011,Costume Design,Anonymous,Lisy Christl,FALSE,,,,
2011,Director,The Artist,Michel Hazanavicius,TRUE,,,,
2011,Director,Midnight in Paris,Woody Allen,FALSE,,,,
2011,Director,The Tree of Life,Terrence Malick,FALSE,,,,
2011,Director,The Descendants,Alexander Payne,FALSE,,,,
2011,Director,Hugo,Martin Scorsese,FALSE,,,,
2011,Documentary Feature,Undefeated,T. J. Martin,TRUE,,,,
2011,Documentary Feature,Undefeated,Daniel Lindsay,TRUE,,,,
2011,Documentary Feature,Undefeated,Rich Middlemas,TRUE,,,,
2011,Documentary Feature,Hell and Back Again,Danfung Dennis,FALSE,,,,
2011,Documentary Feature,Hell and Back Again,Mike Lerner,FALSE,,,,
2011,Documentary Feature,If a Tree Falls: A Story of the Earth Liberation Front,Marshall Curry,FALSE,,,,
2011,Documentary Feature,If a Tree Falls: A Story of the Earth Liberation Front,Sam Cullman,FALSE,,,,
2011,Documentary Feature,Paradise Lost 3: Purgatory,Joe Berlinger,FALSE,,,,
2011,Documentary Feature,Paradise Lost 3: Purgatory,Bruce Sinofsky,FALSE,,,,
2011,Documentary Feature,Pina,Wim Wenders,FALSE,,,,
2011,Documentary Feature,Pina,Gian-Piero Ringel,FALSE,,,,
2011,Documentary Short,Saving Face,Daniel Junge,TRUE,,,,
2011,Documentary Short,Saving Face,Sharmeen Obaid-Chinoy,TRUE,,,,
2011,Documentary Short,The Barber of Birmingham: Foot Soldier of the Civil Rights Movement,Robin Fryday,FALSE,,,,
2011,Documentary Short,The Barber of Birmingham: Foot Soldier of the Civil Rights Movement,Gail Dolgin,FALSE,,,,
2011,Documentary Short,God Is the Bigger Elvis,Rebecca Cammisa,FALSE,,,,
2011,Documentary Short,God Is the Bigger Elvis,Julie Anderson,FALSE,,,,
2011,Documentary Short,Incident in New Baghdad,James Spione,FALSE,,,,
2011,Documentary Short,The Tsunami and the Cherry Blossom,Lucy Walker,FALSE,,,,
2011,Documentary Short,The Tsunami and the Cherry Blossom,Kira Carstensen,FALSE,,,,
2011,Editing,The Girl with the Dragon Tattoo,Kirk Baxter,TRUE,,,,
2011,Editing,The Girl with the Dragon Tattoo,Angus Wall,TRUE,,,,
2011,Editing,The Artist,Anne-Sophie Bion,FALSE,,,,
2011,Editing,The Artist,Michel Hazanavicius,FALSE,,,,
2011,Editing,The Descendants,Kevin Tent,FALSE,,,,
2011,Editing,Hugo,Thelma Schoonmaker,FALSE,,,,
2011,Editing,Moneyball,Christopher Tellefsen,FALSE,,,,
2011,Foreign Language Film,A Separation,Asghar Farhadi,TRUE,,,,
2011,Foreign Language Film,Bullhead,Michaël R. Roskam,FALSE,,,,
2011,Foreign Language Film,Footnote,Joseph Cedar,FALSE,,,,
2011,Foreign Language Film,In Darkness,Agnieszka Holland,FALSE,,,,
2011,Foreign Language Film,Monsieur Lazhar,Philippe Falardeau,FALSE,,,,
2011,Live-Action Short,The Shore,Terry George,TRUE,,,,
2011,Live-Action Short,The Shore,Oorlagh George,TRUE,,,,
2011,Live-Action Short,Pentecost,Peter McDonald,FALSE,,,,
2011,Live-Action Short,Pentecost,Eimear O'Kane,FALSE,,,,
2011,Live-Action Short,Raju,Max Zähle,FALSE,,,,
2011,Live-Action Short,Raju,Stefan Gieren,FALSE,,,,
2011,Live-Action Short,Time Freak,Andrew Bowler,FALSE,,,,
2011,Live-Action Short,Time Freak,Gigi Causey,FALSE,,,,
2011,Live-Action Short,Tuba Atlantic (nomination revoked),Hallvar Witzø,FALSE,,,,
2011,Make-Up,Harry Potter and the Deathly Hallows – Part 2,Lisa Tomblin,FALSE,,,,
2011,Make-Up,The Iron Lady,Mark Coulier,TRUE,,,,
2011,Make-Up,Harry Potter and the Deathly Hallows – Part 2,Amanda Knight,FALSE,,,,
2011,Make-Up,The Iron Lady,J. Roy Helland,TRUE,,,,
2011,Make-Up,Albert Nobbs,Martial Corneville,FALSE,,,,
2011,Make-Up,Albert Nobbs,Lynn Johnson,FALSE,,,,
2011,Make-Up,Albert Nobbs,Matthew W. Mungle,FALSE,,,,
2011,Make-Up,Harry Potter and the Deathly Hallows – Part 2,Nick Dudman,FALSE,,,,
2011,Original Score,The Artist,Ludovic Bource,TRUE,,,,
2011,Original Score,The Adventures of Tintin,John Williams,FALSE,,,,
2011,Original Score,Hugo,Howard Shore,FALSE,,,,
2011,Original Score,Tinker Tailor Soldier Spy,Alberto Iglesias,FALSE,,,,
2011,Original Score,War Horse,John Williams,FALSE,,,,
2011,Original Screenplay,Midnight in Paris,Woody Allen,TRUE,,,,
2011,Original Screenplay,The Artist,Michel Hazanavicius,FALSE,,,,
2011,Original Screenplay,Bridesmaids,Annie Mumolo,FALSE,,,,
2011,Original Screenplay,Bridesmaids,Kristen Wiig,FALSE,,,,
2011,Original Screenplay,Margin Call,J. C. Chandor,FALSE,,,,
2011,Original Screenplay,A Separation,Asghar Farhadi,FALSE,,,,
2011,Original Song,Rio,Sérgio Mendes,FALSE,,,"""Real in Rio""",Music
2011,Original Song,Rio,Siedah Garrett,FALSE,,,"""Real in Rio""",Lyrics
2011,Original Song,Rio,Carlinhos Brown,FALSE,,,"""Real in Rio""",Music
2011,Original Song,The Muppets,Bret McKenzie,TRUE,,,"""Man or Muppet""",Music and Lyrics
2011,Production Design,Hugo,Dante Ferretti,TRUE,,,,Production design
2011,Production Design,Hugo,Francesca Lo Schiavo,TRUE,,,,Set decoration
2011,Production Design,The Artist,Laurence Bennett,FALSE,,,,Production design
2011,Production Design,The Artist,Robert Gould,FALSE,,,,Set decoration
2011,Production Design,Harry Potter and the Deathly Hallows – Part 2,Stuart Craig,FALSE,,,,Production design
2011,Production Design,Harry Potter and the Deathly Hallows – Part 2,Stephenie McMillan,FALSE,,,,Set decoration
2011,Production Design,Midnight in Paris,Anne Seibel,FALSE,,,,Production design
2011,Production Design,Midnight in Paris,Hélène Dubreuil,FALSE,,,,Set decoration
2011,Production Design,War Horse,Rick Carter,FALSE,,,,Production design
2011,Production Design,War Horse,Lee Sandales,FALSE,,,,Set decoration
2011,Sound Editing,The Girl with the Dragon Tattoo,Ren Klyce,FALSE,,,,
2011,Sound Editing,Drive,Victor Ray Ennis,FALSE,,,,
2011,Sound Editing,Hugo,Eugene Gearty,TRUE,,,,
2011,Sound Editing,Hugo,Philip Stockton,TRUE,,,,
2011,Sound Editing,Drive,Lon Bender,FALSE,,,,
2011,Sound Editing,Transformers: Dark of the Moon,Erik Aadahl,FALSE,,,,
2011,Sound Editing,Transformers: Dark of the Moon,Ethan Van der Ryn,FALSE,,,,
2011,Sound Editing,War Horse,Richard Hymns,FALSE,,,,
2011,Sound Editing,War Horse,Gary Rydstrom,FALSE,,,,
2011,Sound Mixing,Moneyball,Dave Giammarco,FALSE,,,,
2011,Sound Mixing,The Girl with the Dragon Tattoo,Bo Persson,FALSE,,,,
2011,Sound Mixing,Moneyball,Deb Adair,FALSE,,,,
2011,Sound Mixing,War Horse,Tom Johnson,FALSE,,,,
2011,Sound Mixing,War Horse,Stuart Wilson,FALSE,,,,
2011,Sound Mixing,Moneyball,Ron Bochar,FALSE,,,,
2011,Sound Mixing,Moneyball,Ed Novick,FALSE,,,,
2011,Sound Mixing,Transformers: Dark of the Moon,Greg P. Russell,FALSE,,,,
2011,Sound Mixing,Transformers: Dark of the Moon,Gary Summers,FALSE,,,,
2011,Sound Mixing,Transformers: Dark of the Moon,Jeffrey J. Haboush,FALSE,,,,
2011,Sound Mixing,Transformers: Dark of the Moon,Peter J. Devlin,FALSE,,,,
2011,Sound Mixing,War Horse,Gary Rydstrom,FALSE,,,,
2011,Sound Mixing,War Horse,Andy Nelson,FALSE,,,,
2011,Sound Mixing,The Girl with the Dragon Tattoo,David Parker,FALSE,,,,
2011,Sound Mixing,The Girl with the Dragon Tattoo,Michael Semanick,FALSE,,,,
2011,Sound Mixing,The Girl with the Dragon Tattoo,Ren Klyce,FALSE,,,,
2011,Sound Mixing,Hugo,Tom Fleischman,TRUE,,,,
2011,Sound Mixing,Hugo,John Midgley,TRUE,,,,
2011,Visual Effects,Transformers: Dark of the Moon,John Frazier,FALSE,,,,
2011,Visual Effects,Hugo,Robert Legato,TRUE,,,,
2011,Visual Effects,Hugo,Joss Williams,TRUE,,,,
2011,Visual Effects,Hugo,Ben Grossmann,TRUE,,,,
2011,Visual Effects,Hugo,Alex Henning,TRUE,,,,
2011,Visual Effects,Harry Potter and the Deathly Hallows – Part 2,Tim Burke,FALSE,,,,
2011,Visual Effects,Harry Potter and the Deathly Hallows – Part 2,David Vickery,FALSE,,,,
2011,Visual Effects,Harry Potter and the Deathly Hallows – Part 2,Greg Butler,FALSE,,,,
2011,Visual Effects,Harry Potter and the Deathly Hallows – Part 2,John Richardson,FALSE,,,,
2011,Visual Effects,Real Steel,Erik Nash,FALSE,,,,
2011,Visual Effects,Real Steel,John Rosengrant,FALSE,,,,
2011,Visual Effects,Real Steel,Dan Taylor,FALSE,,,,
2011,Visual Effects,Real Steel,Swen Gillberg,FALSE,,,,
2011,Visual Effects,Rise of the Planet of the Apes,Joe Letteri,FALSE,,,,
2011,Visual Effects,Rise of the Planet of the Apes,Dan Lemmon,FALSE,,,,
2011,Visual Effects,Rise of the Planet of the Apes,R. Christopher White,FALSE,,,,
2011,Visual Effects,Rise of the Planet of the Apes,Daniel Barrett,FALSE,,,,
2011,Visual Effects,Transformers: Dark of the Moon,Scott Farrar,FALSE,,,,
2011,Visual Effects,Transformers: Dark of the Moon,Scott Benza,FALSE,,,,
2011,Visual Effects,Transformers: Dark of the Moon,Matthew E. Butler,FALSE,,,,
2010,Actor in a Leading Role,The King's Speech,Colin Firth,TRUE,King George VI,,,
2010,Actor in a Leading Role,Biutiful,Javier Bardem,FALSE,Uxbal,,,
2010,Actor in a Leading Role,True Grit,Jeff Bridges,FALSE,"Reuben ""Rooster"" Cogburn",,,
2010,Actor in a Leading Role,The Social Network,Jesse Eisenberg,FALSE,Mark Zuckerberg,,,
2010,Actor in a Leading Role,127 Hours,James Franco,FALSE,Aron Ralston,,,
2010,Actor in a Supporting Role,The Fighter,Christian Bale,TRUE,Dicky Eklund,,,
2010,Actor in a Supporting Role,Winter's Bone,John Hawkes,FALSE,Teardrop Dolly,,,
2010,Actor in a Supporting Role,The Town,Jeremy Renner,FALSE,"James ""Jem"" Coughlin",,,
2010,Actor in a Supporting Role,The Kids Are All Right,Mark Ruffalo,FALSE,Paul Hatfield,,,
2010,Actor in a Supporting Role,The King's Speech,Geoffrey Rush,FALSE,Lionel Logue,,,
2010,Actress in a Leading Role,Black Swan,Natalie Portman,TRUE,Nina Sayers,,,
2010,Actress in a Leading Role,Blue Valentine,Michelle Williams,FALSE,Cindy Heller,,,
2010,Actress in a Leading Role,The Kids Are All Right,Annette Bening,FALSE,Nicole Allgood,,,
2010,Actress in a Leading Role,Rabbit Hole,Nicole Kidman,FALSE,Becca Corbett,,,
2010,Actress in a Leading Role,Winter's Bone,Jennifer Lawrence,FALSE,Ree Dolly,,,
2010,Actress in a Supporting Role,The Fighter,Melissa Leo,TRUE,Alice Eklund-Ward,,,
2010,Actress in a Supporting Role,The Fighter,Amy Adams,FALSE,Charlene Fleming,,,
2010,Actress in a Supporting Role,The King's Speech,Helena Bonham Carter,FALSE,Queen Elizabeth,,,
2010,Actress in a Supporting Role,True Grit,Hailee Steinfeld,FALSE,Mattie Ross,,,
2010,Actress in a Supporting Role,Animal Kingdom,Jacki Weaver,FALSE,"Janine ""Smurf"" Cody",,,
2010,Adapted Screenplay,The Social Network,Aaron Sorkin,TRUE,,The book The Accidental Billionaires by Ben Mezrich,,
2010,Adapted Screenplay,127 Hours,Simon Beaufoy,FALSE,,The book Between a Rock and a Hard Place by Aron Ralston,,
2010,Adapted Screenplay,127 Hours,Danny Boyle,FALSE,,The book Between a Rock and a Hard Place by Aron Ralston,,
2010,Adapted Screenplay,Toy Story 3,Michael Arndt,FALSE,,"The Toy Story films by Pete Docter, Lasseter, Stanton, et al.",,Screenplay
2010,Adapted Screenplay,Toy Story 3,John Lasseter,FALSE,,"The Toy Story films by Pete Docter, Lasseter, Stanton, et al.",,Story
2010,Adapted Screenplay,Toy Story 3,Andrew Stanton,FALSE,,"The Toy Story films by Pete Docter, Lasseter, Stanton, et al.",,Story
2010,Adapted Screenplay,Toy Story 3,Lee Unkrich,FALSE,,"The Toy Story films by Pete Docter, Lasseter, Stanton, et al.",,Story
2010,Adapted Screenplay,True Grit,Joel Coen,FALSE,,The novel by Charles Portis,,
2010,Adapted Screenplay,True Grit,Ethan Coen,FALSE,,The novel by Charles Portis,,
2010,Adapted Screenplay,Winter's Bone,Debra Granik,FALSE,,The novel by Daniel Woodrell,,
2010,Adapted Screenplay,Winter's Bone,Anne Rosellini,FALSE,,The novel by Daniel Woodrell,,
2010,Animated Feature,Toy Story 3,Lee Unkrich,TRUE,,,,
2010,Animated Feature,How to Train Your Dragon,Chris Sanders,FALSE,,,,
2010,Animated Feature,How to Train Your Dragon,Dean DeBlois,FALSE,,,,
2010,Animated Feature,The Illusionist,Sylvain Chomet,FALSE,,,,
2010,Animated Short,The Lost Thing,Shaun Tan,TRUE,,,,
2010,Animated Short,Day & Night,Teddy Newton,FALSE,,,,
2010,Animated Short,The Gruffalo,Max Lang,FALSE,,,,
2010,Animated Short,The Gruffalo,Jakob Schuh,FALSE,,,,
2010,Animated Short,Let's Pollute,Geefwee Boedoe,FALSE,,,,
2010,Animated Short,"Madagascar, a Journey Diary",Bastien Dubois,FALSE,,,,
2010,Animated Short,The Lost Thing,Andrew Ruhemann,TRUE,,,,
2010,Best Picture,Black Swan,Mike Medavoy,FALSE,,,,
2010,Best Picture,Black Swan,Brian Oliver,FALSE,,,,
2010,Best Picture,The Fighter,David Hoberman,FALSE,,,,
2010,Best Picture,The Fighter,Todd Lieberman,FALSE,,,,
2010,Best Picture,The Fighter,Mark Wahlberg,FALSE,,,,
2010,Best Picture,Inception,Christopher Nolan,FALSE,,,,
2010,Best Picture,Inception,Emma Thomas,FALSE,,,,
2010,Best Picture,The Kids Are All Right,Gary Gilbert,FALSE,,,,
2010,Best Picture,The Kids Are All Right,Jeffrey Levy-Hinte,FALSE,,,,
2010,Best Picture,The Kids Are All Right,Celine Rattray,FALSE,,,,
2010,Best Picture,The Social Network,Dana Brunetti,FALSE,,,,
2010,Best Picture,The Social Network,Ceán Chaffin,FALSE,,,,
2010,Best Picture,The Social Network,Michael De Luca,FALSE,,,,
2010,Best Picture,The Social Network,Scott Rudin,FALSE,,,,
2010,Best Picture,Toy Story 3,Darla K. Anderson,FALSE,,,,
2010,Best Picture,True Grit,Joel Coen,FALSE,,,,
2010,Best Picture,True Grit,Ethan Coen,FALSE,,,,
2010,Best Picture,True Grit,Scott Rudin,FALSE,,,,
2010,Best Picture,Winter's Bone,Alix Madigan,FALSE,,,,
2010,Best Picture,Winter's Bone,Anne Rosellini,FALSE,,,,
2010,Best Picture,The King's Speech,Iain Canning,TRUE,,,,
2010,Best Picture,The King's Speech,Emile Sherman,TRUE,,,,
2010,Best Picture,The King's Speech,Gareth Unwin,TRUE,,,,
2010,Best Picture,127 Hours,Danny Boyle,FALSE,,,,
2010,Best Picture,127 Hours,John Smithson,FALSE,,,,
2010,Best Picture,127 Hours,Christian Colson,FALSE,,,,
2010,Best Picture,Black Swan,Scott Franklin,FALSE,,,,
2010,Cinematography,Inception,Wally Pfister,TRUE,,,,
2010,Cinematography,Black Swan,Matthew Libatique,FALSE,,,,
2010,Cinematography,The Social Network,Jeff Cronenweth,FALSE,,,,
2010,Cinematography,True Grit,Roger Deakins,FALSE,,,,
2010,Cinematography,The King's Speech,Danny Cohen,FALSE,,,,
2010,Costume Design,True Grit,Mary Zophres,FALSE,,,,
2010,Costume Design,Alice in Wonderland,Colleen Atwood,TRUE,,,,
2010,Costume Design,I Am Love,Antonella Cannarozzi,FALSE,,,,
2010,Costume Design,The King's Speech,Jenny Beavan,FALSE,,,,
2010,Costume Design,The Tempest,Sandy Powell,FALSE,,,,
2010,Director,The King's Speech,Tom Hooper,TRUE,,,,
2010,Director,Black Swan,Darren Aronofsky,FALSE,,,,
2010,Director,True Grit,Joel Coen,FALSE,,,,
2010,Director,True Grit,Ethan Coen,FALSE,,,,
2010,Director,The Social Network,David Fincher,FALSE,,,,
2010,Director,The Fighter,David O. Russell,FALSE,,,,
2010,Documentary Feature,Inside Job,Charles Ferguson,TRUE,,,,
2010,Documentary Feature,Inside Job,Audrey Marrs,TRUE,,,,
2010,Documentary Feature,Exit Through the Gift Shop,Banksy,FALSE,,,,
2010,Documentary Feature,Exit Through the Gift Shop,Jaimie D'Cruz,FALSE,,,,
2010,Documentary Feature,Gasland,Josh Fox,FALSE,,,,
2010,Documentary Feature,Gasland,Trish Adlesic,FALSE,,,,
2010,Documentary Feature,Restrepo,Tim Hetherington,FALSE,,,,
2010,Documentary Feature,Restrepo,Sebastian Junger,FALSE,,,,
2010,Documentary Feature,Waste Land,Lucy Walker,FALSE,,,,
2010,Documentary Feature,Waste Land,Angus Aynsley,FALSE,,,,
2010,Documentary Short,Killing in the Name,Jed Rothstein,FALSE,,,,
2010,Documentary Short,Poster Girl,Sara Nesson,FALSE,,,,
2010,Documentary Short,Poster Girl,Mitchell Block,FALSE,,,,
2010,Documentary Short,Sun Come Up,Jennifer Redfearn,FALSE,,,,
2010,Documentary Short,Sun Come Up,Tim Metzger,FALSE,,,,
2010,Documentary Short,The Warriors of Qiugang,Ruby Yang,FALSE,,,,
2010,Documentary Short,The Warriors of Qiugang,Thomas Lennon,FALSE,,,,
2010,Documentary Short,Strangers No More,Karen Goodman,TRUE,,,,
2010,Documentary Short,Strangers No More,Kirk Simon,TRUE,,,,
2010,Editing,127 Hours,Jon Harris,FALSE,,,,
2010,Editing,Black Swan,Andrew Weisblum,FALSE,,,,
2010,Editing,The Fighter,Pamela Martin,FALSE,,,,
2010,Editing,The King's Speech,Tariq Anwar,FALSE,,,,
2010,Editing,The Social Network,Angus Wall,TRUE,,,,
2010,Editing,The Social Network,Kirk Baxter,TRUE,,,,
2010,Foreign Language Film,In a Better World,Susanne Bier,TRUE,,,,
2010,Foreign Language Film,Biutiful,Alejandro González Iñárritu,FALSE,,,,
2010,Foreign Language Film,Dogtooth,Yorgos Lanthimos,FALSE,,,,
2010,Foreign Language Film,Incendies,Denis Villeneuve,FALSE,,,,
2010,Foreign Language Film,Outside the Law,Rachid Bouchareb,FALSE,,,,
2010,Live-Action Short,The Crush,Michael Creagh,FALSE,,,,
2010,Live-Action Short,Na Wewe,Ivan Goldschmidt,FALSE,,,,
2010,Live-Action Short,Wish 143,Ian Barnes,FALSE,,,,
2010,Live-Action Short,Wish 143,Samantha Waite,FALSE,,,,
2010,Live-Action Short,God of Love,Luke Matheny,TRUE,,,,
2010,Live-Action Short,The Confession,Tanel Toom,FALSE,,,,
2010,Make-Up,The Wolfman,Dave Elsey,TRUE,,,,
2010,Make-Up,Barney's Version,Adrien Morot,FALSE,,,,
2010,Make-Up,The Wolfman,Rick Baker,TRUE,,,,
2010,Make-Up,The Way Back,Gregory Funk,FALSE,,,,
2010,Make-Up,The Way Back,Edouard F. Henriques,FALSE,,,,
2010,Make-Up,The Way Back,Yolanda Toussieng,FALSE,,,,
2010,Original Score,The Social Network,Trent Reznor,TRUE,,,,
2010,Original Score,The Social Network,Atticus Ross,TRUE,,,,
2010,Original Score,127 Hours,A. R. Rahman,FALSE,,,,
2010,Original Score,How to Train Your Dragon,John Powell,FALSE,,,,
2010,Original Score,Inception,Hans Zimmer,FALSE,,,,
2010,Original Score,The King's Speech,Alexandre Desplat,FALSE,,,,
2010,Original Screenplay,The Fighter,Keith Dorrington,FALSE,,,,Story
2010,Original Screenplay,Inception,Christopher Nolan,FALSE,,,,
2010,Original Screenplay,The Kids Are All Right,Stuart Blumberg,FALSE,,,,
2010,Original Screenplay,The Kids Are All Right,Lisa Cholodenko,FALSE,,,,
2010,Original Screenplay,The King's Speech,David Seidler,TRUE,,,,
2010,Original Screenplay,Another Year,Mike Leigh,FALSE,,,,
2010,Original Screenplay,The Fighter,Eric Johnson,FALSE,,,,Story and Screenplay
2010,Original Screenplay,The Fighter,Scott Silver,FALSE,,,,Screenplay
2010,Original Screenplay,The Fighter,Paul Tamasy,FALSE,,,,Story and Screenplay
2010,Original Song,Toy Story 3,Randy Newman,TRUE,,,"""We Belong Together""",Music and Lyrics
2010,Original Song,127 Hours,A. R. Rahman,FALSE,,,"""If I Rise""",Music
2010,Original Song,127 Hours,Dido,FALSE,,,"""If I Rise""",Lyrics
2010,Original Song,Country Strong,Tom Douglas,FALSE,,,"""Coming Home""",Music and Lyrics
2010,Original Song,Country Strong,Hillary Lindsey,FALSE,,,"""Coming Home""",Music and Lyrics
2010,Original Song,Country Strong,Troy Verges,FALSE,,,"""Coming Home""",Music and Lyrics
2010,Original Song,Tangled,Alan Menken,FALSE,,,"""I See the Light""",Music
2010,Original Song,Tangled,Glenn Slater,FALSE,,,"""I See the Light""",Lyrics
2010,Original Song,127 Hours,Rollo Armstrong,FALSE,,,"""If I Rise""",Lyrics
2010,Production Design,Alice in Wonderland,Robert Stromberg,TRUE,,,,Production design
2010,Production Design,Alice in Wonderland,Karen O'Hara,TRUE,,,,Set decoration
2010,Production Design,Harry Potter and the Deathly Hallows – Part 1,Stuart Craig,FALSE,,,,Production design
2010,Production Design,Harry Potter and the Deathly Hallows – Part 1,Stephenie McMillan,FALSE,,,,Set decoration
2010,Production Design,Inception,Guy Hendrix Dyas,FALSE,,,,Production design
2010,Production Design,Inception,Larry Dias,FALSE,,,,Set decoration
2010,Production Design,Inception,Doug Mowat,FALSE,,,,Set decoration
2010,Production Design,The King's Speech,Eve Stewart,FALSE,,,,Production design
2010,Production Design,The King's Speech,Judy Farr,FALSE,,,,Set decoration
2010,Production Design,True Grit,Jess Gonchor,FALSE,,,,Production design
2010,Production Design,True Grit,Nancy Haigh,FALSE,,,,Set decoration
2010,Sound Editing,True Grit,Craig Berkey,FALSE,,,,
2010,Sound Editing,Unstoppable,Mark P. Stoeckinger,FALSE,,,,
2010,Sound Editing,Toy Story 3,Michael Silvers,FALSE,,,,
2010,Sound Editing,True Grit,Skip Lievsay,FALSE,,,,
2010,Sound Editing,Inception,Richard King,TRUE,,,,
2010,Sound Editing,Toy Story 3,Tom Myers,FALSE,,,,
2010,Sound Editing,Tron: Legacy,Gwendolyn Yates Whittle,FALSE,,,,
2010,Sound Editing,Tron: Legacy,Addison Teague,FALSE,,,,
2010,Sound Mixing,Inception,Lora Hirschberg,TRUE,,,,
2010,Sound Mixing,Inception,Gary Rizzo,TRUE,,,,
2010,Sound Mixing,Inception,Ed Novick,TRUE,,,,
2010,Sound Mixing,The King's Speech,Paul Hamblin,FALSE,,,,
2010,Sound Mixing,The King's Speech,Martin Jensen,FALSE,,,,
2010,Sound Mixing,The King's Speech,John Midgley,FALSE,,,,
2010,Sound Mixing,Salt,Jeffrey J. Haboush,FALSE,,,,
2010,Sound Mixing,Salt,Greg P. Russell,FALSE,,,,
2010,Sound Mixing,Salt,Scott Millan,FALSE,,,,
2010,Sound Mixing,Salt,William Sarokin,FALSE,,,,
2010,Sound Mixing,The Social Network,Ren Klyce,FALSE,,,,
2010,Sound Mixing,The Social Network,David Parker,FALSE,,,,
2010,Sound Mixing,The Social Network,Michael Semanick,FALSE,,,,
2010,Sound Mixing,The Social Network,Mark Weingarten,FALSE,,,,
2010,Sound Mixing,True Grit,Skip Lievsay,FALSE,,,,
2010,Sound Mixing,True Grit,Craig Berkey,FALSE,,,,
2010,Sound Mixing,True Grit,Greg Orloff,FALSE,,,,
2010,Sound Mixing,True Grit,Peter Kurland,FALSE,,,,
2010,Visual Effects,Iron Man 2,Ged Wright,FALSE,,,,
2010,Visual Effects,Iron Man 2,Dan Sudick,FALSE,,,,
2010,Visual Effects,Inception,Paul Franklin,TRUE,,,,
2010,Visual Effects,Inception,Chris Corbould,TRUE,,,,
2010,Visual Effects,Inception,Andrew Lockley,TRUE,,,,
2010,Visual Effects,Inception,Peter Bebb,TRUE,,,,
2010,Visual Effects,Alice in Wonderland,Ken Ralston,FALSE,,,,
2010,Visual Effects,Alice in Wonderland,David Schaub,FALSE,,,,
2010,Visual Effects,Alice in Wonderland,Carey Villegas,FALSE,,,,
2010,Visual Effects,Alice in Wonderland,Sean Phillips,FALSE,,,,
2010,Visual Effects,Harry Potter and the Deathly Hallows – Part 1,Tim Burke,FALSE,,,,
2010,Visual Effects,Harry Potter and the Deathly Hallows – Part 1,John Richardson,FALSE,,,,
2010,Visual Effects,Harry Potter and the Deathly Hallows – Part 1,Christian Manz,FALSE,,,,
2010,Visual Effects,Harry Potter and the Deathly Hallows – Part 1,Nicolas Aithadi,FALSE,,,,
2010,Visual Effects,Hereafter,Michael Owens,FALSE,,,,
2010,Visual Effects,Hereafter,Bryan Grill,FALSE,,,,
2010,Visual Effects,Hereafter,Stephan Trojanski,FALSE,,,,
2010,Visual Effects,Hereafter,Joe Farrell,FALSE,,,,
2010,Visual Effects,Iron Man 2,Janek Sirrs,FALSE,,,,
2010,Visual Effects,Iron Man 2,Ben Snow,FALSE,,,,
2009,Actor in a Leading Role,The Hurt Locker,Jeremy Renner,FALSE,SFC William James,,,
2009,Actor in a Leading Role,Crazy Heart,Jeff Bridges,TRUE,"Otis ""Bad"" Blake",,,
2009,Actor in a Leading Role,Up in the Air,George Clooney,FALSE,Ryan Bingham,,,
2009,Actor in a Leading Role,A Single Man,Colin Firth,FALSE,George Falconer,,,
2009,Actor in a Leading Role,Invictus,Morgan Freeman,FALSE,Nelson Mandela,,,
2009,Actor in a Supporting Role,Inglourious Basterds,Christoph Waltz,TRUE,SS Colonel Hans Landa,,,
2009,Actor in a Supporting Role,Invictus,Matt Damon,FALSE,Francois Pienaar,,,
2009,Actor in a Supporting Role,The Messenger,Woody Harrelson,FALSE,Captain Tony Stone,,,
2009,Actor in a Supporting Role,The Last Station,Christopher Plummer,FALSE,Leo Tolstoy,,,
2009,Actor in a Supporting Role,The Lovely Bones,Stanley Tucci,FALSE,George Harvey,,,
2009,Actress in a Leading Role,The Blind Side,Sandra Bullock,TRUE,Leigh Anne Tuohy,,,
2009,Actress in a Leading Role,The Last Station,Helen Mirren,FALSE,Sophia Tolstaya,,,
2009,Actress in a Leading Role,An Education,Carey Mulligan,FALSE,Jenny Mellor,,,
2009,Actress in a Leading Role,Precious,Gabourey Sidibe,FALSE,"Claireece ""Precious"" Jones",,,
2009,Actress in a Leading Role,Julie & Julia,Meryl Streep,FALSE,Julia Child,,,
2009,Actress in a Supporting Role,Precious,Mo'Nique,TRUE,Mary Lee Johnston,,,
2009,Actress in a Supporting Role,Nine,Penélope Cruz,FALSE,Carla Albanese,,,
2009,Actress in a Supporting Role,Up in the Air,Vera Farmiga,FALSE,Alex Goran,,,
2009,Actress in a Supporting Role,Crazy Heart,Maggie Gyllenhaal,FALSE,Jean Craddock,,,
2009,Actress in a Supporting Role,Up in the Air,Anna Kendrick,FALSE,Natalie Keener,,,
2009,Adapted Screenplay,Precious,Geoffrey S. Fletcher,TRUE,,The novel Push by Sapphire,,
2009,Adapted Screenplay,District 9,Neill Blomkamp,FALSE,,The short film Alive in Joburg written by Blomkamp,,
2009,Adapted Screenplay,District 9,Terri Tatchell,FALSE,,The short film Alive in Joburg written by Blomkamp,,
2009,Adapted Screenplay,An Education,Nick Hornby,FALSE,,The book by Lynn Barber,,
2009,Adapted Screenplay,In the Loop,Jesse Armstrong,FALSE,,"The character Malcolm Tucker, from the television series The Thick of It by Iannucci",,
2009,Adapted Screenplay,In the Loop,Simon Blackwell,FALSE,,"The character Malcolm Tucker, from the television series The Thick of It by Iannucci",,
2009,Adapted Screenplay,In the Loop,Armando Iannucci,FALSE,,"The character Malcolm Tucker, from the television series The Thick of It by Iannucci",,
2009,Adapted Screenplay,In the Loop,Tony Roche,FALSE,,"The character Malcolm Tucker, from the television series The Thick of It by Iannucci",,
2009,Adapted Screenplay,Up in the Air,Jason Reitman,FALSE,,The novel by Walter Kirn,,
2009,Adapted Screenplay,Up in the Air,Sheldon Turner,FALSE,,The novel by Walter Kirn,,
2009,Animated Feature,The Princess and the Frog,Ron Clements,FALSE,,,,
2009,Animated Feature,The Secret of Kells,Tomm Moore,FALSE,,,,
2009,Animated Feature,Up,Pete Docter,TRUE,,,,
2009,Animated Feature,Coraline,Henry Selick,FALSE,,,,
2009,Animated Feature,Fantastic Mr. Fox,Wes Anderson,FALSE,,,,
2009,Animated Feature,The Princess and the Frog,John Musker,FALSE,,,,
2009,Animated Short,Logorama,François Alaux,TRUE,,,,
2009,Animated Short,Logorama,Hervé de Crécy,TRUE,,,,
2009,Animated Short,Logorama,Ludovic Houplain,TRUE,,,,
2009,Animated Short,French Roast,Fabrice Joubert,FALSE,,,,
2009,Animated Short,Granny O'Grimm's Sleeping Beauty,Darragh O'Connell,FALSE,,,,
2009,Animated Short,Granny O'Grimm's Sleeping Beauty,Nicky Phelan,FALSE,,,,
2009,Animated Short,The Lady and the Reaper,Javier Recio Gracia,FALSE,,,,
2009,Animated Short,A Matter of Loaf and Death,Nick Park,FALSE,,,,
2009,Best Picture,Up in the Air,Daniel Dubiecki,FALSE,,,,
2009,Best Picture,Up in the Air,Ivan Reitman,FALSE,,,,
2009,Best Picture,Up in the Air,Jason Reitman,FALSE,,,,
2009,Best Picture,An Education,Finola Dwyer,FALSE,,,,
2009,Best Picture,An Education,Amanda Posey,FALSE,,,,
2009,Best Picture,Inglourious Basterds,Lawrence Bender,FALSE,,,,
2009,Best Picture,Precious: Based on the Novel 'Push' by Sapphire,Lee Daniels,FALSE,,,,
2009,Best Picture,The Hurt Locker,Kathryn Bigelow,TRUE,,,,
2009,Best Picture,The Hurt Locker,Mark Boal,TRUE,,,,
2009,Best Picture,The Hurt Locker,Nicolas Chartier,TRUE,,,,
2009,Best Picture,The Hurt Locker,Greg Shapiro,TRUE,,,,
2009,Best Picture,Avatar,James Cameron,FALSE,,,,
2009,Best Picture,Avatar,Jon Landau,FALSE,,,,
2009,Best Picture,The Blind Side,Gil Netter,FALSE,,,,
2009,Best Picture,The Blind Side,Andrew A. Kosove,FALSE,,,,
2009,Best Picture,The Blind Side,Broderick Johnson,FALSE,,,,
2009,Best Picture,District 9,Peter Jackson,FALSE,,,,
2009,Best Picture,District 9,Carolynne Cunningham,FALSE,,,,
2009,Best Picture,Precious: Based on the Novel 'Push' by Sapphire,Sarah Siegel-Magness,FALSE,,,,
2009,Best Picture,Precious: Based on the Novel 'Push' by Sapphire,Gary Magness,FALSE,,,,
2009,Best Picture,A Serious Man,Joel Coen,FALSE,,,,
2009,Best Picture,A Serious Man,Ethan Coen,FALSE,,,,
2009,Best Picture,Up,Jonas Rivera,FALSE,,,,
2009,Cinematography,Inglourious Basterds,Robert Richardson,FALSE,,,,
2009,Cinematography,The White Ribbon,Christian Berger,FALSE,,,,
2009,Cinematography,Avatar,Mauro Fiore,TRUE,,,,
2009,Cinematography,Harry Potter and the Half-Blood Prince,Bruno Delbonnel,FALSE,,,,
2009,Cinematography,The Hurt Locker,Barry Ackroyd,FALSE,,,,
2009,Costume Design,The Young Victoria,Sandy Powell,TRUE,,,,
2009,Costume Design,Bright Star,Janet Patterson,FALSE,,,,
2009,Costume Design,Coco Before Chanel,Catherine Leterrier,FALSE,,,,
2009,Costume Design,The Imaginarium of Doctor Parnassus,Monique Prudhomme,FALSE,,,,
2009,Costume Design,Nine,Colleen Atwood,FALSE,,,,
2009,Director,The Hurt Locker,Kathryn Bigelow,TRUE,,,,
2009,Director,Avatar,James Cameron,FALSE,,,,
2009,Director,Precious,Lee Daniels,FALSE,,,,
2009,Director,Up in the Air,Jason Reitman,FALSE,,,,
2009,Director,Inglourious Basterds,Quentin Tarantino,FALSE,,,,
2009,Documentary Feature,The Cove,Louie Psihoyos,TRUE,,,,
2009,Documentary Feature,The Cove,Fisher Stevens,TRUE,,,,
2009,Documentary Feature,Burma VJ,Anders Østergaard,FALSE,,,,
2009,Documentary Feature,Burma VJ,Lise Lense-Møller,FALSE,,,,
2009,Documentary Feature,"Food, Inc.",Robert Kenner,FALSE,,,,
2009,Documentary Feature,"Food, Inc.",Elise Pearlstein,FALSE,,,,
2009,Documentary Feature,The Most Dangerous Man in America: Daniel Ellsberg and the Pentagon Papers,Judith Ehrlich,FALSE,,,,
2009,Documentary Feature,The Most Dangerous Man in America: Daniel Ellsberg and the Pentagon Papers,Rick Goldsmith,FALSE,,,,
2009,Documentary Feature,Which Way Home,Rebecca Cammisa,FALSE,,,,
2009,Documentary Short,Music by Prudence,Roger Ross Williams,TRUE,,,,
2009,Documentary Short,Music by Prudence,Elinor Burkett,TRUE,,,,
2009,Documentary Short,China's Unnatural Disaster: The Tears of Sichuan Province,Jon Alpert,FALSE,,,,
2009,Documentary Short,China's Unnatural Disaster: The Tears of Sichuan Province,Matthew O'Neill,FALSE,,,,
2009,Documentary Short,The Last Campaign of Governor Booth Gardner,Daniel Junge,FALSE,,,,
2009,Documentary Short,The Last Campaign of Governor Booth Gardner,Henry Ansbacher,FALSE,,,,
2009,Documentary Short,The Last Truck: Closing of a GM Plant,Steven Bognar,FALSE,,,,
2009,Documentary Short,The Last Truck: Closing of a GM Plant,Julia Reichert,FALSE,,,,
2009,Documentary Short,Rabbit à la Berlin,Bartek Konopka,FALSE,,,,
2009,Documentary Short,Rabbit à la Berlin,Anna Wydra,FALSE,,,,
2009,Editing,The Hurt Locker,Chris Innis,TRUE,,,,
2009,Editing,The Hurt Locker,Bob Murawski,TRUE,,,,
2009,Editing,Avatar,James Cameron,FALSE,,,,
2009,Editing,Avatar,John Refoua,FALSE,,,,
2009,Editing,District 9,Julian Clarke,FALSE,,,,
2009,Editing,Inglourious Basterds,Sally Menke,FALSE,,,,
2009,Editing,Precious: Based on the Novel 'Push' by Sapphire,Joe Klotz,FALSE,,,,
2009,Editing,Avatar,Stephen E. Rivkin,FALSE,,,,
2009,Foreign Language Film,The Secret in Their Eyes,Juan José Campanella,TRUE,,,,
2009,Foreign Language Film,Ajami,Scandar Copti,FALSE,,,,
2009,Foreign Language Film,Ajami,Yaron Shani,FALSE,,,,
2009,Foreign Language Film,The Milk of Sorrow,Claudia Llosa,FALSE,,,,
2009,Foreign Language Film,A Prophet,Jacques Audiard,FALSE,,,,
2009,Foreign Language Film,The White Ribbon,Michael Haneke,FALSE,,,,
2009,Live-Action Short,The New Tenants,Joachim Back,TRUE,,,,
2009,Live-Action Short,The New Tenants,Tivi Magnusson,TRUE,,,,
2009,Live-Action Short,The Door,Juanita Wilson,FALSE,,,,
2009,Live-Action Short,The Door,James Flynn,FALSE,,,,
2009,Live-Action Short,Instead of Abracadabra,Patrik Eklund,FALSE,,,,
2009,Live-Action Short,Instead of Abracadabra,Mathias Fjellström,FALSE,,,,
2009,Live-Action Short,Kavi,Gregg Helvey,FALSE,,,,
2009,Live-Action Short,Miracle Fish,Luke Doolan,FALSE,,,,
2009,Live-Action Short,Miracle Fish,Drew Bailey,FALSE,,,,
2009,Make-Up,Il Divo,Aldo Signoretti,FALSE,,,,
2009,Make-Up,Il Divo,Vittorio Sodano,FALSE,,,,
2009,Make-Up,The Young Victoria,Jon Henry Gordon,FALSE,,,,
2009,Make-Up,The Young Victoria,Jenny Shircore,FALSE,,,,
2009,Make-Up,Star Trek,Barney Burman,TRUE,,,,
2009,Make-Up,Star Trek,Mindy Hall,TRUE,,,,
2009,Make-Up,Star Trek,Joel Harlow,TRUE,,,,
2009,Original Score,Up,Michael Giacchino,TRUE,,,,
2009,Original Score,Avatar,James Horner,FALSE,,,,
2009,Original Score,Fantastic Mr. Fox,Alexandre Desplat,FALSE,,,,
2009,Original Score,The Hurt Locker,Marco Beltrami,FALSE,,,,
2009,Original Score,The Hurt Locker,Buck Sanders,FALSE,,,,
2009,Original Score,Sherlock Holmes,Hans Zimmer,FALSE,,,,
2009,Original Screenplay,Up,Bob Peterson,FALSE,,,,Story and Screenplay
2009,Original Screenplay,The Messenger,Oren Moverman,FALSE,,,,
2009,Original Screenplay,The Hurt Locker,Mark Boal,TRUE,,,,
2009,Original Screenplay,Inglourious Basterds,Quentin Tarantino,FALSE,,,,
2009,Original Screenplay,The Messenger,Alessandro Camon,FALSE,,,,
2009,Original Screenplay,A Serious Man,Coen Brothers,FALSE,,,,
2009,Original Screenplay,Up,Pete Docter,FALSE,,,,Story and Screenplay
2009,Original Screenplay,Up,Tom McCarthy,FALSE,,,,Screenplay
2009,Original Song,The Princess and the Frog,Randy Newman,FALSE,,,"""Almost There""",Music and Lyrics
2009,Original Song,Crazy Heart,Ryan Bingham,TRUE,,,"""The Weary Kind""",Music and Lyrics
2009,Original Song,Crazy Heart,T Bone Burnett,TRUE,,,"""The Weary Kind""",Music and Lyrics
2009,Original Song,Nine,Maury Yeston,FALSE,,,"""Take It All""",Music and Lyrics
2009,Original Song,Paris 36,Reinhardt Wagner,FALSE,,,"""Loin de Paname""",Music
2009,Original Song,Paris 36,Frank Thomas,FALSE,,,"""Loin de Paname""",Lyrics
2009,Production Design,Sherlock Holmes,Katie Spencer,FALSE,,,,Set decoration
2009,Production Design,The Young Victoria,Patrice Vermette,FALSE,,,,Production design
2009,Production Design,The Young Victoria,Maggie Gray,FALSE,,,,Set decoration
2009,Production Design,The Imaginarium of Doctor Parnassus,Anastasia Masaro,FALSE,,,,Production design
2009,Production Design,The Imaginarium of Doctor Parnassus,Caroline Smith,FALSE,,,,Set decoration
2009,Production Design,Nine,John Myhre,FALSE,,,,Production design
2009,Production Design,Nine,Gordon Sim,FALSE,,,,Set decoration
2009,Production Design,Sherlock Holmes,Sarah Greenwood,FALSE,,,,Production design
2009,Production Design,Avatar,Rick Carter,TRUE,,,,Production design
2009,Production Design,Avatar,Robert Stromberg,TRUE,,,,Production design
2009,Production Design,Avatar,Kim Sinclair,TRUE,,,,Set decoration
2009,Production Design,The Imaginarium of Doctor Parnassus,Dave Warren,FALSE,,,,Production design
2009,Sound Editing,The Hurt Locker,Paul N. J. Ottosson,TRUE,,,,
2009,Sound Editing,Avatar,Christopher Boyes,FALSE,,,,
2009,Sound Editing,Avatar,Gwendolyn Yates Whittle,FALSE,,,,
2009,Sound Editing,Inglourious Basterds,Wylie Stateman,FALSE,,,,
2009,Sound Editing,Star Trek,Mark Stoeckinger,FALSE,,,,
2009,Sound Editing,Star Trek,Alan Rankin,FALSE,,,,
2009,Sound Editing,Up,Michael Silvers,FALSE,,,,
2009,Sound Editing,Up,Tom Myers,FALSE,,,,
2009,Sound Mixing,Transformers: Revenge of the Fallen,Geoffrey Patterson,FALSE,,,,
2009,Sound Mixing,The Hurt Locker,Paul N. J. Ottosson,TRUE,,,,
2009,Sound Mixing,The Hurt Locker,Ray Beckett,TRUE,,,,
2009,Sound Mixing,Avatar,Christopher Boyes,FALSE,,,,
2009,Sound Mixing,Avatar,Gary Summers,FALSE,,,,
2009,Sound Mixing,Avatar,Andy Nelson,FALSE,,,,
2009,Sound Mixing,Avatar,Tony Johnson,FALSE,,,,
2009,Sound Mixing,Inglourious Basterds,Michael Minkler,FALSE,,,,
2009,Sound Mixing,Inglourious Basterds,Tony Lamberti,FALSE,,,,
2009,Sound Mixing,Inglourious Basterds,Mark Ulano,FALSE,,,,
2009,Sound Mixing,Star Trek,Anna Behlmer,FALSE,,,,
2009,Sound Mixing,Star Trek,Andy Nelson,FALSE,,,,
2009,Sound Mixing,Star Trek,Peter J. Devlin,FALSE,,,,
2009,Sound Mixing,Transformers: Revenge of the Fallen,Greg P. Russell,FALSE,,,,
2009,Sound Mixing,Transformers: Revenge of the Fallen,Gary Summers,FALSE,,,,
2009,Visual Effects,Avatar,Joe Letteri,TRUE,,,,
2009,Visual Effects,Avatar,Stephen Rosenbaum,TRUE,,,,
2009,Visual Effects,Avatar,Richard Baneham,TRUE,,,,
2009,Visual Effects,Avatar,Andrew R. Jones,TRUE,,,,
2009,Visual Effects,District 9,Dan Kaufman,FALSE,,,,
2009,Visual Effects,District 9,Peter Muyzers,FALSE,,,,
2009,Visual Effects,District 9,Robert Habros,FALSE,,,,
2009,Visual Effects,District 9,Matt Aitken,FALSE,,,,
2009,Visual Effects,Star Trek,Roger Guyett,FALSE,,,,
2009,Visual Effects,Star Trek,Russell Earl,FALSE,,,,
2009,Visual Effects,Star Trek,Paul Kavanagh,FALSE,,,,
2009,Visual Effects,Star Trek,Burt Dalton,FALSE,,,,
2008,Actor in a Leading Role,Milk,Sean Penn,TRUE,Harvey Milk,,,
2008,Actor in a Leading Role,The Visitor,Richard Jenkins,FALSE,Walter Vale,,,
2008,Actor in a Leading Role,Frost/Nixon,Frank Langella,FALSE,Richard Nixon,,,
2008,Actor in a Leading Role,The Curious Case of Benjamin Button,Brad Pitt,FALSE,Benjamin Button,,,
2008,Actor in a Leading Role,The Wrestler,Mickey Rourke,FALSE,"Randy ""The Ram"" Robinson",,,
2008,Actor in a Supporting Role,Revolutionary Road,Michael Shannon,FALSE,"John Givings, Jr.",,,
2008,Actor in a Supporting Role,The Dark Knight,Heath Ledger,TRUE,The Joker,,,
2008,Actor in a Supporting Role,Milk,Josh Brolin,FALSE,Dan White,,,
2008,Actor in a Supporting Role,Tropic Thunder,Robert Downey Jr.,FALSE,Kirk Lazarus,,,
2008,Actor in a Supporting Role,Doubt,Philip Seymour Hoffman,FALSE,Father Brendan Flynn,,,
2008,Actress in a Leading Role,Rachel Getting Married,Anne Hathaway,FALSE,Kym Buchman,,,
2008,Actress in a Leading Role,Changeling,Angelina Jolie,FALSE,Christine Collins,,,
2008,Actress in a Leading Role,Frozen River,Melissa Leo,FALSE,Ray Eddy,,,
2008,Actress in a Leading Role,Doubt,Meryl Streep,FALSE,Sister Aloysius Beauvier,,,
2008,Actress in a Leading Role,The Reader,Kate Winslet,TRUE,Hanna Schmitz,,,
2008,Actress in a Supporting Role,Vicky Cristina Barcelona,Penélope Cruz,TRUE,María Elena,,,
2008,Actress in a Supporting Role,Doubt,Amy Adams,FALSE,Sister James,,,
2008,Actress in a Supporting Role,Doubt,Viola Davis,FALSE,Mrs. Miller,,,
2008,Actress in a Supporting Role,The Curious Case of Benjamin Button,Taraji P. Henson,FALSE,Queenie,,,
2008,Actress in a Supporting Role,The Wrestler,Marisa Tomei,FALSE,Cassidy / Pam,,,
2008,Adapted Screenplay,Slumdog Millionaire,Simon Beaufoy,TRUE,,The novel Q and A by Vikas Swarup,,
2008,Adapted Screenplay,The Curious Case of Benjamin Button,Eric Roth,FALSE,,The short story by F. Scott Fitzgerald,,Story and Screenplay
2008,Adapted Screenplay,The Curious Case of Benjamin Button,Robin Swicord,FALSE,,The short story by F. Scott Fitzgerald,,Story
2008,Adapted Screenplay,Doubt,John Patrick Shanley,FALSE,,The play Doubt: A Parable by Shanley,,
2008,Adapted Screenplay,Frost/Nixon,Peter Morgan,FALSE,,The play by Morgan,,
2008,Adapted Screenplay,The Reader,David Hare,FALSE,,The novel by Bernhard Schlink,,
2008,Animated Feature,WALL-E,Andrew Stanton,TRUE,,,,
2008,Animated Feature,Bolt,Chris Williams,FALSE,,,,
2008,Animated Feature,Bolt,Byron Howard,FALSE,,,,
2008,Animated Feature,Kung Fu Panda,John Stevenson,FALSE,,,,
2008,Animated Feature,Kung Fu Panda,Mark Osborne,FALSE,,,,
2008,Animated Short,La Maison en Petits Cubes,Kunio Katō,TRUE,,,,
2008,Animated Short,Lavatory – Lovestory,Konstantin Bronzit,FALSE,,,,
2008,Animated Short,Oktapodi,Thierry Marchand,FALSE,,,,
2008,Animated Short,Oktapodi,Emud Mokhberi,FALSE,,,,
2008,Animated Short,Presto,Doug Sweetland,FALSE,,,,
2008,Animated Short,This Way Up,Adam Foulkes,FALSE,,,,
2008,Animated Short,This Way Up,Alan Smith,FALSE,,,,
2008,Best Picture,Slumdog Millionaire,Christian Colson,TRUE,,,,
2008,Best Picture,The Curious Case of Benjamin Button,Kathleen Kennedy,FALSE,,,,
2008,Best Picture,The Curious Case of Benjamin Button,Frank Marshall,FALSE,,,,
2008,Best Picture,The Curious Case of Benjamin Button,Ceán Chaffin,FALSE,,,,
2008,Best Picture,Frost/Nixon,Ron Howard,FALSE,,,,
2008,Best Picture,Frost/Nixon,Brian Grazer,FALSE,,,,
2008,Best Picture,Frost/Nixon,Eric Fellner,FALSE,,,,
2008,Best Picture,Milk,Bruce Cohen,FALSE,,,,
2008,Best Picture,Milk,Dan Jinks,FALSE,,,,
2008,Best Picture,The Reader,Anthony Minghella,FALSE,,,,
2008,Best Picture,The Reader,Sydney Pollack,FALSE,,,,
2008,Best Picture,The Reader,Donna Gigliotti,FALSE,,,,
2008,Best Picture,The Reader,Redmond Morris,FALSE,,,,
2008,Cinematography,Slumdog Millionaire,Anthony Dod Mantle,TRUE,,,,
2008,Cinematography,Changeling,Tom Stern,FALSE,,,,
2008,Cinematography,The Curious Case of Benjamin Button,Claudio Miranda,FALSE,,,,
2008,Cinematography,The Dark Knight,Wally Pfister,FALSE,,,,
2008,Cinematography,The Reader,Roger Deakins,FALSE,,,,
2008,Cinematography,The Reader,Chris Menges,FALSE,,,,
2008,Costume Design,The Duchess,Michael O'Connor,TRUE,,,,
2008,Costume Design,Australia,Catherine Martin,FALSE,,,,
2008,Costume Design,The Curious Case of Benjamin Button,Jacqueline West,FALSE,,,,
2008,Costume Design,Milk,Danny Glicker,FALSE,,,,
2008,Costume Design,Revolutionary Road,Albert Wolsky,FALSE,,,,
2008,Director,Slumdog Millionaire,Danny Boyle,TRUE,,,,
2008,Director,The Reader,Stephen Daldry,FALSE,,,,
2008,Director,The Curious Case of Benjamin Button,David Fincher,FALSE,,,,
2008,Director,Frost/Nixon,Ron Howard,FALSE,,,,
2008,Director,Milk,Gus Van Sant,FALSE,,,,
2008,Documentary Feature,Man on Wire,Simon Chinn,TRUE,,,,
2008,Documentary Feature,Man on Wire,James Marsh,TRUE,,,,
2008,Documentary Feature,The Betrayal (Nerakhoon),Ellen Kuras,FALSE,,,,
2008,Documentary Feature,The Betrayal (Nerakhoon),Thavisouk Phrasavath,FALSE,,,,
2008,Documentary Feature,Encounters at the End of the World,Werner Herzog,FALSE,,,,
2008,Documentary Feature,Encounters at the End of the World,Henry Kaiser,FALSE,,,,
2008,Documentary Feature,The Garden,Scott Hamilton Kennedy,FALSE,,,,
2008,Documentary Feature,Trouble the Water,Carl Deal,FALSE,,,,
2008,Documentary Feature,Trouble the Water,Tia Lessin,FALSE,,,,
2008,Documentary Short,Smile Pinki,Megan Mylan,TRUE,,,,
2008,Documentary Short,The Conscience of Nhem En,Steven Okazaki,FALSE,,,,
2008,Documentary Short,The Final Inch,Irene Taylor Brodsky,FALSE,,,,
2008,Documentary Short,The Final Inch,Tom Grant,FALSE,,,,
2008,Documentary Short,The Witness: From the Balcony of Room 306,Adam Pertofsky,FALSE,,,,
2008,Documentary Short,The Witness: From the Balcony of Room 306,Margaret Hyde,FALSE,,,,
2008,Editing,Frost/Nixon,Dan Hanley,FALSE,,,,
2008,Editing,Milk,Elliot Graham,FALSE,,,,
2008,Editing,Slumdog Millionaire,Chris Dickens,TRUE,,,,
2008,Editing,The Curious Case of Benjamin Button,Kirk Baxter,FALSE,,,,
2008,Editing,The Curious Case of Benjamin Button,Angus Wall,FALSE,,,,
2008,Editing,The Dark Knight,Lee Smith,FALSE,,,,
2008,Editing,Frost/Nixon,Mike Hill,FALSE,,,,
2008,Foreign Language Film,Departures,Yōjirō Takita,TRUE,,,,
2008,Foreign Language Film,The Baader Meinhof Complex,Uli Edel,FALSE,,,,
2008,Foreign Language Film,The Class,Laurent Cantet,FALSE,,,,
2008,Foreign Language Film,Revanche,Götz Spielmann,FALSE,,,,
2008,Foreign Language Film,Waltz with Bashir,Ari Folman,FALSE,,,,
2008,Live-Action Short,Toyland,Jochen Alexander Freydank,TRUE,,,,
2008,Live-Action Short,Auf der Strecke (On the Line),Reto Caffi,FALSE,,,,
2008,Live-Action Short,Manon on the Asphalt,Elizabeth Marre,FALSE,,,,
2008,Live-Action Short,Manon on the Asphalt,Olivier Pont,FALSE,,,,
2008,Live-Action Short,New Boy,Steph Green,FALSE,,,,
2008,Live-Action Short,New Boy,Tamara Anghie,FALSE,,,,
2008,Live-Action Short,The Pig,Tivi Magnusson,FALSE,,,,
2008,Live-Action Short,The Pig,Dorte Høgh,FALSE,,,,
2008,Make-Up,Hellboy II: The Golden Army,Thom Floutz,FALSE,,,,
2008,Make-Up,The Curious Case of Benjamin Button,Greg Cannom,TRUE,,,,
2008,Make-Up,The Dark Knight,John Caglione Jr.,FALSE,,,,
2008,Make-Up,The Dark Knight,Conor O'Sullivan,FALSE,,,,
2008,Make-Up,Hellboy II: The Golden Army,Mike Elizalde,FALSE,,,,
2008,Original Score,Slumdog Millionaire,A. R. Rahman,TRUE,,,,
2008,Original Score,The Curious Case of Benjamin Button,Alexandre Desplat,FALSE,,,,
2008,Original Score,Defiance,James Newton Howard,FALSE,,,,
2008,Original Score,Milk,Danny Elfman,FALSE,,,,
2008,Original Score,WALL-E,Thomas Newman,FALSE,,,,
2008,Original Screenplay,Happy-Go-Lucky,Mike Leigh,FALSE,,,,
2008,Original Screenplay,In Bruges,Martin McDonagh,FALSE,,,,
2008,Original Screenplay,WALL-E,Pete Docter,FALSE,,,,Screenplay
2008,Original Screenplay,WALL-E,Jim Reardon,FALSE,,,,Screenplay
2008,Original Screenplay,WALL-E,Andrew Stanton,FALSE,,,,Story and Screenplay
2008,Original Screenplay,Milk,Dustin Lance Black,TRUE,,,,
2008,Original Screenplay,Frozen River,Courtney Hunt,FALSE,,,,
2008,Original Song,Slumdog Millionaire,A. R. Rahman,TRUE,,,"""Jai Ho""",Music
2008,Original Song,Slumdog Millionaire,Gulzar,TRUE,,,"""Jai Ho""",Lyrics
2008,Original Song,Slumdog Millionaire,A. R. Rahman,FALSE,,,"""O... Saya""",Music and Lyrics
2008,Original Song,Slumdog Millionaire,M.I.A.,FALSE,,,"""O... Saya""",Music and Lyrics
2008,Original Song,WALL-E,Peter Gabriel,FALSE,,,"""Down to Earth""",Music
2008,Original Song,WALL-E,Thomas Newman,FALSE,,,"""Down to Earth""",Music
2008,Original Song,WALL-E,Peter Gabriel,FALSE,,,"""Down to Earth""",Lyrics
2008,Production Design,The Curious Case of Benjamin Button,Victor J. Zolfo,TRUE,,,,Set decoration
2008,Production Design,Changeling,James J. Murakami,FALSE,,,,Production design
2008,Production Design,Changeling,Gary Fettis,FALSE,,,,Set decoration
2008,Production Design,The Dark Knight,Nathan Crowley,FALSE,,,,Production design
2008,Production Design,The Dark Knight,Peter Lando,FALSE,,,,Set decoration
2008,Production Design,The Curious Case of Benjamin Button,Donald Graham Burt,TRUE,,,,Production design
2008,Production Design,Revolutionary Road,Kristi Zea,FALSE,,,,Production design
2008,Production Design,Revolutionary Road,Debra Schutt,FALSE,,,,Set decoration
2008,Production Design,The Duchess,Michael Carlin,FALSE,,,,Production design
2008,Production Design,The Duchess,Rebecca Alleway,FALSE,,,,Set decoration
2008,Sound Editing,The Dark Knight,Richard King,TRUE,,,,
2008,Sound Editing,Iron Man,Frank E. Eulner,FALSE,,,,
2008,Sound Editing,Iron Man,Christopher Boyes,FALSE,,,,
2008,Sound Editing,Slumdog Millionaire,Tom Sayers,FALSE,,,,
2008,Sound Editing,Slumdog Millionaire,Glenn Freemantle,FALSE,,,,
2008,Sound Editing,WALL-E,Ben Burtt,FALSE,,,,
2008,Sound Editing,WALL-E,Matthew Wood,FALSE,,,,
2008,Sound Editing,Wanted,Wylie Stateman,FALSE,,,,
2008,Sound Mixing,Slumdog Millionaire,Ian Tapp,TRUE,,,,
2008,Sound Mixing,Slumdog Millionaire,Richard Pryke,TRUE,,,,
2008,Sound Mixing,Slumdog Millionaire,Resul Pookutty,TRUE,,,,
2008,Sound Mixing,The Curious Case of Benjamin Button,David Parker,FALSE,,,,
2008,Sound Mixing,The Curious Case of Benjamin Button,Michael Semanick,FALSE,,,,
2008,Sound Mixing,The Curious Case of Benjamin Button,Ren Klyce,FALSE,,,,
2008,Sound Mixing,The Curious Case of Benjamin Button,Mark Weingarten,FALSE,,,,
2008,Sound Mixing,The Dark Knight,Lora Hirschberg,FALSE,,,,
2008,Sound Mixing,The Dark Knight,Gary Rizzo,FALSE,,,,
2008,Sound Mixing,The Dark Knight,Ed Novick,FALSE,,,,
2008,Sound Mixing,WALL-E,Tom Myers,FALSE,,,,
2008,Sound Mixing,WALL-E,Michael Semanick,FALSE,,,,
2008,Sound Mixing,WALL-E,Ben Burtt,FALSE,,,,
2008,Sound Mixing,Wanted,Chris Jenkins,FALSE,,,,
2008,Sound Mixing,Wanted,Frank A. Montaño,FALSE,,,,
2008,Sound Mixing,Wanted,Petr Forejt,FALSE,,,,
2008,Visual Effects,Iron Man,Shane Mahan,FALSE,,,,
2008,Visual Effects,Iron Man,Ben Snow,FALSE,,,,
2008,Visual Effects,Iron Man,John Nelson,FALSE,,,,
2008,Visual Effects,Iron Man,Dan Sudick,FALSE,,,,
2008,Visual Effects,The Dark Knight,Paul Franklin,FALSE,,,,
2008,Visual Effects,The Dark Knight,Tim Webber,FALSE,,,,
2008,Visual Effects,The Curious Case of Benjamin Button,Burt Dalton,TRUE,,,,
2008,Visual Effects,The Curious Case of Benjamin Button,Eric Barba,TRUE,,,,
2008,Visual Effects,The Curious Case of Benjamin Button,Steve Preeg,TRUE,,,,
2008,Visual Effects,The Curious Case of Benjamin Button,Craig Barron,TRUE,,,,
2008,Visual Effects,The Dark Knight,Nick Davis,FALSE,,,,
2008,Visual Effects,The Dark Knight,Chris Corbould,FALSE,,,,
2007,Actor in a Leading Role,Michael Clayton,George Clooney,FALSE,Michael Clayton,,,
2007,Actor in a Leading Role,Sweeney Todd: The Demon Barber of Fleet Street,Johnny Depp,FALSE,Sweeney Todd / Benjamin Barker,,,
2007,Actor in a Leading Role,In the Valley of Elah,Tommy Lee Jones,FALSE,Hank Deerfield,,,
2007,Actor in a Leading Role,Eastern Promises,Viggo Mortensen,FALSE,Nikolai Luzhin,,,
2007,Actor in a Leading Role,There Will Be Blood,Daniel Day-Lewis,TRUE,Daniel Plainview,,,
2007,Actor in a Supporting Role,No Country for Old Men,Javier Bardem,TRUE,Anton Chigurh,,,
2007,Actor in a Supporting Role,The Assassination of Jesse James by the Coward Robert Ford,Casey Affleck,FALSE,Robert Ford,,,
2007,Actor in a Supporting Role,Charlie Wilson's War,Philip Seymour Hoffman,FALSE,Gust Avrakotos,,,
2007,Actor in a Supporting Role,Into the Wild,Hal Holbrook,FALSE,Ron Franz,,,
2007,Actor in a Supporting Role,Michael Clayton,Tom Wilkinson,FALSE,Arthur Edens,,,
2007,Actress in a Leading Role,Away from Her,Julie Christie,FALSE,Fiona Anderson,,,
2007,Actress in a Leading Role,La Vie en Rose,Marion Cotillard,TRUE,Édith Piaf,,,
2007,Actress in a Leading Role,Elizabeth: The Golden Age,Cate Blanchett,FALSE,Queen Elizabeth I,,,
2007,Actress in a Leading Role,The Savages,Laura Linney,FALSE,Wendy Savage,,,
2007,Actress in a Leading Role,Juno,Ellen Page,FALSE,Juno MacGuff,,,
2007,Actress in a Supporting Role,Michael Clayton,Tilda Swinton,TRUE,Karen Crowder,,,
2007,Actress in a Supporting Role,I'm Not There,Cate Blanchett,FALSE,Jude Quinn,,,
2007,Actress in a Supporting Role,American Gangster,Ruby Dee,FALSE,Mahalee Lucas,,,
2007,Actress in a Supporting Role,Atonement,Saoirse Ronan,FALSE,Briony Tallis,,,
2007,Actress in a Supporting Role,Gone Baby Gone,Amy Ryan,FALSE,Helene McCready,,,
2007,Adapted Screenplay,No Country for Old Men,Joel Coen,TRUE,,The novel by Cormac McCarthy,,
2007,Adapted Screenplay,No Country for Old Men,Ethan Coen,TRUE,,The novel by Cormac McCarthy,,
2007,Adapted Screenplay,Atonement,Christopher Hampton,FALSE,,The novel by Ian McEwan,,
2007,Adapted Screenplay,Away from Her,Sarah Polley,FALSE,,"The short story ""The Bear Went Over the Mountain"" by Alice Munro",,
2007,Adapted Screenplay,The Diving Bell and the Butterfly,Ronald Harwood,FALSE,,The book by Jean-Dominique Bauby,,
2007,Adapted Screenplay,There Will Be Blood,Paul Thomas Anderson,FALSE,,The novel Oil! by Upton Sinclair,,
2007,Animated Feature,Ratatouille,Brad Bird,TRUE,,,,
2007,Animated Feature,Persepolis,Marjane Satrapi,FALSE,,,,
2007,Animated Feature,Persepolis,Vincent Paronnaud,FALSE,,,,
2007,Animated Feature,Surf's Up,Ash Brannon,FALSE,,,,
2007,Animated Feature,Surf's Up,Chris Buck,FALSE,,,,
2007,Animated Short,Peter & the Wolf,Suzie Templeton,TRUE,,,,
2007,Animated Short,Peter & the Wolf,Hugh Welchman,TRUE,,,,
2007,Animated Short,Even Pigeons Go to Heaven,Samuel Tourneux,FALSE,,,,
2007,Animated Short,Even Pigeons Go to Heaven,Simon Vanesse,FALSE,,,,
2007,Animated Short,I Met the Walrus,Josh Raskin,FALSE,,,,
2007,Animated Short,Madame Tutli-Putli,Chris Lavis,FALSE,,,,
2007,Animated Short,Madame Tutli-Putli,Maciek Szczerbowski,FALSE,,,,
2007,Animated Short,My Love,Aleksandr Petrov,FALSE,,,,
2007,Best Picture,Juno,Lianne Halfon,FALSE,,,,
2007,Best Picture,Atonement,Paul Webster,FALSE,,,,
2007,Best Picture,Michael Clayton,Jennifer Fox,FALSE,,,,
2007,Best Picture,Michael Clayton,Kerry Orent,FALSE,,,,
2007,Best Picture,Michael Clayton,Sydney Pollack,FALSE,,,,
2007,Best Picture,There Will Be Blood,Paul Thomas Anderson,FALSE,,,,
2007,Best Picture,There Will Be Blood,Daniel Lupi,FALSE,,,,
2007,Best Picture,There Will Be Blood,JoAnne Sellar,FALSE,,,,
2007,Best Picture,Juno,Mason Novick,FALSE,,,,
2007,Best Picture,Juno,Russell Smith,FALSE,,,,
2007,Best Picture,No Country for Old Men,Scott Rudin,TRUE,,,,
2007,Best Picture,No Country for Old Men,Joel Coen,TRUE,,,,
2007,Best Picture,No Country for Old Men,Ethan Coen,TRUE,,,,
2007,Best Picture,Atonement,Tim Bevan,FALSE,,,,
2007,Best Picture,Atonement,Eric Fellner,FALSE,,,,
2007,Cinematography,There Will Be Blood,Robert Elswit,TRUE,,,,
2007,Cinematography,The Assassination of Jesse James by the Coward Robert Ford,Roger Deakins,FALSE,,,,
2007,Cinematography,Atonement,Seamus McGarvey,FALSE,,,,
2007,Cinematography,The Diving Bell and the Butterfly,Janusz Kamiński,FALSE,,,,
2007,Cinematography,No Country for Old Men,Roger Deakins,FALSE,,,,
2007,Costume Design,Elizabeth: The Golden Age,Alexandra Byrne,TRUE,,,,
2007,Costume Design,Across the Universe,Albert Wolsky,FALSE,,,,
2007,Costume Design,Sweeney Todd: The Demon Barber of Fleet Street,Colleen Atwood,FALSE,,,,
2007,Costume Design,La Vie en Rose,Marit Allen,FALSE,,,,
2007,Costume Design,Atonement,Jacqueline Durran,FALSE,,,,
2007,Director,No Country for Old Men,Joel Coen,TRUE,,,,
2007,Director,No Country for Old Men,Ethan Coen,TRUE,,,,
2007,Director,There Will Be Blood,Paul Thomas Anderson,FALSE,,,,
2007,Director,Michael Clayton,Tony Gilroy,FALSE,,,,
2007,Director,Juno,Jason Reitman,FALSE,,,,
2007,Director,The Diving Bell and the Butterfly,Julian Schnabel,FALSE,,,,
2007,Documentary Feature,Taxi to the Dark Side,Alex Gibney,TRUE,,,,
2007,Documentary Feature,Taxi to the Dark Side,Eva Orner,TRUE,,,,
2007,Documentary Feature,War/Dance,Andrea Nix Fine,FALSE,,,,
2007,Documentary Feature,No End in Sight,Charles Ferguson,FALSE,,,,
2007,Documentary Feature,No End in Sight,Audrey Marrs,FALSE,,,,
2007,Documentary Feature,Operation Homecoming: Writing the Wartime Experience,Richard Robbins,FALSE,,,,
2007,Documentary Feature,Sicko,Michael Moore,FALSE,,,,
2007,Documentary Feature,Sicko,Meghan O'Hara,FALSE,,,,
2007,Documentary Feature,War/Dance,Sean Fine,FALSE,,,,
2007,Documentary Short,Freeheld,Cynthia Wade,TRUE,,,,
2007,Documentary Short,Freeheld,Vanessa Roth,TRUE,,,,
2007,Documentary Short,La Corona (The Crown),Amanda Micheli,FALSE,,,,
2007,Documentary Short,La Corona (The Crown),Isabel Vega,FALSE,,,,
2007,Documentary Short,Salim Baba,Tim Sternberg,FALSE,,,,
2007,Documentary Short,Salim Baba,Francisco Bello,FALSE,,,,
2007,Documentary Short,Sari's Mother,James Longley,FALSE,,,,
2007,Editing,The Diving Bell and the Butterfly,Juliette Welfling,FALSE,,,,
2007,Editing,Into the Wild,Jay Cassidy,FALSE,,,,
2007,Editing,No Country for Old Men,Roderick Jaynes,FALSE,,,,
2007,Editing,There Will Be Blood,Dylan Tichenor,FALSE,,,,
2007,Editing,The Bourne Ultimatum,Christopher Rouse,TRUE,,,,
2007,Foreign Language Film,The Counterfeiters,Stefan Ruzowitzky,TRUE,,,,
2007,Foreign Language Film,Beaufort,Joseph Cedar,FALSE,,,,
2007,Foreign Language Film,Katyń,Andrzej Wajda,FALSE,,,,
2007,Foreign Language Film,Mongol,Sergei Bodrov,FALSE,,,,
2007,Foreign Language Film,12,Nikita Mikhalkov,FALSE,,,,
2007,Live-Action Short,Le Mozart des pickpockets,Philippe Pollet-Villard,TRUE,,,,
2007,Live-Action Short,At Night,Christian E. Christiansen,FALSE,,,,
2007,Live-Action Short,At Night,Louise Vesth,FALSE,,,,
2007,Live-Action Short,Il Supplente (The Substitute),Andrea Jublin,FALSE,,,,
2007,Live-Action Short,Tanghi Argentini,Guido Thys,FALSE,,,,
2007,Live-Action Short,Tanghi Argentini,Anja Daelemans,FALSE,,,,
2007,Live-Action Short,The Tonto Woman,Daniel Barber,FALSE,,,,
2007,Live-Action Short,The Tonto Woman,Matthew Brown,FALSE,,,,
2007,Make-Up,Pirates of the Caribbean: At World's End,Ve Neill,FALSE,,,,
2007,Make-Up,La Vie en Rose,Didier Lavergne,TRUE,,,,
2007,Make-Up,La Vie en Rose,Jan Archibald,TRUE,,,,
2007,Make-Up,Norbit,Rick Baker,FALSE,,,,
2007,Make-Up,Norbit,Kazuhiro Tsuji,FALSE,,,,
2007,Make-Up,Pirates of the Caribbean: At World's End,Martin Samuel,FALSE,,,,
2007,Original Score,Atonement,Dario Marianelli,TRUE,,,,
2007,Original Score,3:10 to Yuma,Marco Beltrami,FALSE,,,,
2007,Original Score,The Kite Runner,Alberto Iglesias,FALSE,,,,
2007,Original Score,Michael Clayton,James Newton Howard,FALSE,,,,
2007,Original Score,Ratatouille,Michael Giacchino,FALSE,,,,
2007,Original Screenplay,Lars and the Real Girl,Nancy Oliver,FALSE,,,,
2007,Original Screenplay,Juno,Diablo Cody,TRUE,,,,
2007,Original Screenplay,Michael Clayton,Tony Gilroy,FALSE,,,,
2007,Original Screenplay,Ratatouille,Brad Bird,FALSE,,,,Screenplay
2007,Original Screenplay,Ratatouille,Andrew Bird,FALSE,,,,Story
2007,Original Screenplay,Ratatouille,Jim Capobianco,FALSE,,,,Story
2007,Original Screenplay,Ratatouille,Jan Pinkava,FALSE,,,,Story
2007,Original Screenplay,The Savages,Tamara Jenkins,FALSE,,,,
2007,Original Song,Once,Glen Hansard,TRUE,,,"""Falling Slowly""",Music and Lyrics
2007,Original Song,Once,Markéta Irglová,TRUE,,,"""Falling Slowly""",Music and Lyrics
2007,Original Song,August Rush,Jamal Joseph,FALSE,,,"""Raise It Up""",Music and Lyrics
2007,Original Song,August Rush,Charles Mack,FALSE,,,"""Raise It Up""",Music and Lyrics
2007,Original Song,August Rush,Tevin Thomas,FALSE,,,"""Raise It Up""",Music and Lyrics
2007,Original Song,Enchanted,Alan Menken,FALSE,,,"""Happy Working Song""",Music
2007,Original Song,Enchanted,Stephen Schwartz,FALSE,,,"""Happy Working Song""",Lyrics
2007,Production Design,The Golden Compass,Dennis Gassner,FALSE,,,,Production design
2007,Production Design,There Will Be Blood,Jack Fisk,FALSE,,,,Production design
2007,Production Design,The Golden Compass,Anna Pinnock,FALSE,,,,Set decoration
2007,Production Design,There Will Be Blood,Jim Erickson,FALSE,,,,Set decoration
2007,Production Design,American Gangster,Arthur Max,FALSE,,,,Production design
2007,Production Design,American Gangster,Beth A. Rubino,FALSE,,,,Set decoration
2007,Production Design,Atonement,Sarah Greenwood,FALSE,,,,Production design
2007,Production Design,Atonement,Katie Spencer,FALSE,,,,Set decoration
2007,Production Design,Sweeney Todd: The Demon Barber of Fleet Street,Dante Ferretti,TRUE,,,,Production design
2007,Production Design,Sweeney Todd: The Demon Barber of Fleet Street,Francesca Lo Schiavo,TRUE,,,,Set decoration
2007,Sound Editing,There Will Be Blood,Matthew Wood,FALSE,,,,
2007,Sound Editing,Transformers,Ethan Van der Ryn,FALSE,,,,
2007,Sound Editing,Transformers,Mike Hopkins,FALSE,,,,
2007,Sound Editing,No Country for Old Men,Skip Lievsay,FALSE,,,,
2007,Sound Editing,Ratatouille,Randy Thom,FALSE,,,,
2007,Sound Editing,Ratatouille,Michael Silvers,FALSE,,,,
2007,Sound Editing,There Will Be Blood,Christopher Scarabosio,FALSE,,,,
2007,Sound Editing,The Bourne Ultimatum,Karen Baker Landers,TRUE,,,,
2007,Sound Editing,The Bourne Ultimatum,Per Hallberg,TRUE,,,,
2007,Sound Mixing,Transformers,Peter J. Devlin,FALSE,,,,
2007,Sound Mixing,3:10 to Yuma,Paul Massey,FALSE,,,,
2007,Sound Mixing,3:10 to Yuma,David Giammarco,FALSE,,,,
2007,Sound Mixing,3:10 to Yuma,Jim Stuebe,FALSE,,,,
2007,Sound Mixing,Transformers,Kevin O'Connell,FALSE,,,,
2007,Sound Mixing,Transformers,Greg P. Russell,FALSE,,,,
2007,Sound Mixing,No Country for Old Men,Peter Kurland,FALSE,,,,
2007,Sound Mixing,Ratatouille,Doc Kane,FALSE,,,,
2007,Sound Mixing,The Bourne Ultimatum,Scott Millan,TRUE,,,,
2007,Sound Mixing,The Bourne Ultimatum,David Parker,TRUE,,,,
2007,Sound Mixing,The Bourne Ultimatum,Kirk Francis,TRUE,,,,
2007,Sound Mixing,No Country for Old Men,Skip Lievsay,FALSE,,,,
2007,Sound Mixing,No Country for Old Men,Craig Berkey,FALSE,,,,
2007,Sound Mixing,No Country for Old Men,Greg Orloff,FALSE,,,,
2007,Sound Mixing,Ratatouille,Randy Thom,FALSE,,,,
2007,Sound Mixing,Ratatouille,Michael Semanick,FALSE,,,,
2007,Visual Effects,The Golden Compass,Michael Fink,TRUE,,,,
2007,Visual Effects,Pirates of the Caribbean: At World's End,John Knoll,FALSE,,,,
2007,Visual Effects,Pirates of the Caribbean: At World's End,Hal Hickel,FALSE,,,,
2007,Visual Effects,Pirates of the Caribbean: At World's End,Charles Gibson,FALSE,,,,
2007,Visual Effects,Pirates of the Caribbean: At World's End,John Frazier,FALSE,,,,
2007,Visual Effects,Transformers,Scott Farrar,FALSE,,,,
2007,Visual Effects,The Golden Compass,Bill Westenhofer,TRUE,,,,
2007,Visual Effects,The Golden Compass,Ben Morris,TRUE,,,,
2007,Visual Effects,The Golden Compass,Trevor Wood,TRUE,,,,
2007,Visual Effects,Transformers,Scott Benza,FALSE,,,,
2007,Visual Effects,Transformers,Russell Earl,FALSE,,,,
2007,Visual Effects,Transformers,John Frazier,FALSE,,,,
2006,Actor in a Leading Role,The Last King of Scotland,Forest Whitaker,TRUE,Idi Amin,,,
2006,Actor in a Leading Role,Blood Diamond,Leonardo DiCaprio,FALSE,Danny Archer,,,
2006,Actor in a Leading Role,Half Nelson,Ryan Gosling,FALSE,Dan Dunne,,,
2006,Actor in a Leading Role,Venus,Peter O'Toole,FALSE,Maurice Russell,,,
2006,Actor in a Leading Role,The Pursuit of Happyness,Will Smith,FALSE,Chris Gardner,,,
2006,Actor in a Supporting Role,Little Miss Sunshine,Alan Arkin,TRUE,Edwin Hoover,,,
2006,Actor in a Supporting Role,Little Children,Jackie Earle Haley,FALSE,Ronald James McGorvey,,,
2006,Actor in a Supporting Role,Blood Diamond,Djimon Hounsou,FALSE,Solomon Vandy,,,
2006,Actor in a Supporting Role,Dreamgirls,Eddie Murphy,FALSE,"James ""Thunder"" Early",,,
2006,Actor in a Supporting Role,The Departed,Mark Wahlberg,FALSE,Staff Sgt. Sean Dignam,,,
2006,Actress in a Leading Role,The Devil Wears Prada,Meryl Streep,FALSE,Miranda Priestly,,,
2006,Actress in a Leading Role,Notes on a Scandal,Judi Dench,FALSE,Barbara Covett,,,
2006,Actress in a Leading Role,Little Children,Kate Winslet,FALSE,Sarah Pierce,,,
2006,Actress in a Leading Role,Volver,Penélope Cruz,FALSE,Raimunda,,,
2006,Actress in a Leading Role,The Queen,Helen Mirren,TRUE,Queen Elizabeth II,,,
2006,Actress in a Supporting Role,Dreamgirls,Jennifer Hudson,TRUE,Effie White,,,
2006,Actress in a Supporting Role,Babel,Adriana Barraza,FALSE,Amelia Hernández,,,
2006,Actress in a Supporting Role,Notes on a Scandal,Cate Blanchett,FALSE,"Bathsheba ""Sheba"" Hart",,,
2006,Actress in a Supporting Role,Little Miss Sunshine,Abigail Breslin,FALSE,Olive Hoover,,,
2006,Actress in a Supporting Role,Babel,Rinko Kikuchi,FALSE,Chieko Wataya,,,
2006,Adapted Screenplay,Children of Men,Mark Fergus,FALSE,,The novel by P. D. James,,
2006,Adapted Screenplay,Little Children,Tom Perrotta,FALSE,,The novel by Perrotta,,
2006,Adapted Screenplay,Children of Men,Hawk Ostby,FALSE,,The novel by P. D. James,,
2006,Adapted Screenplay,Children of Men,Timothy J. Sexton,FALSE,,The novel by P. D. James,,
2006,Adapted Screenplay,Little Children,Todd Field,FALSE,,The novel by Perrotta,,
2006,Adapted Screenplay,The Departed,William Monahan,TRUE,,The film Infernal Affairs written by Felix Chong and Alan Mak,,
2006,Adapted Screenplay,Borat,Sacha Baron Cohen,FALSE,,"The character Borat Sagdiyev, from the television series Da Ali G Show by Baron Cohen",,Story and Screenplay
2006,Adapted Screenplay,Borat,Peter Baynham,FALSE,,"The character Borat Sagdiyev, from the television series Da Ali G Show by Baron Cohen",,Story and Screenplay
2006,Adapted Screenplay,Borat,Anthony Hines,FALSE,,"The character Borat Sagdiyev, from the television series Da Ali G Show by Baron Cohen",,Story and Screenplay
2006,Adapted Screenplay,Borat,Dan Mazer,FALSE,,"The character Borat Sagdiyev, from the television series Da Ali G Show by Baron Cohen",,Screenplay
2006,Adapted Screenplay,Borat,Todd Phillips,FALSE,,"The character Borat Sagdiyev, from the television series Da Ali G Show by Baron Cohen",,Story
2006,Adapted Screenplay,Children of Men,David Arata,FALSE,,The novel by P. D. James,,
2006,Adapted Screenplay,Children of Men,Alfonso Cuarón,FALSE,,The novel by P. D. James,,
2006,Adapted Screenplay,Notes on a Scandal,Patrick Marber,FALSE,,The novel by Zoë Heller,,
2006,Animated Feature,Happy Feet,George Miller,TRUE,,,,
2006,Animated Feature,Cars,John Lasseter,FALSE,,,,
2006,Animated Feature,Monster House,Gil Kenan,FALSE,,,,
2006,Animated Short,The Danish Poet,Torill Kove,TRUE,,,,
2006,Animated Short,Lifted,Gary Rydstrom,FALSE,,,,
2006,Animated Short,The Little Matchgirl,Roger Allers,FALSE,,,,
2006,Animated Short,The Little Matchgirl,Don Hahn,FALSE,,,,
2006,Animated Short,Maestro,Géza M. Tóth,FALSE,,,,
2006,Animated Short,No Time for Nuts,Chris Renaud,FALSE,,,,
2006,Animated Short,No Time for Nuts,Mike Thurmeier,FALSE,,,,
2006,Best Picture,The Queen,Tracey Seaward,FALSE,,,,
2006,Best Picture,The Departed,Graham King,TRUE,,,,
2006,Best Picture,Babel,Alejandro González Iñárritu,FALSE,,,,
2006,Best Picture,Babel,Steve Golin,FALSE,,,,
2006,Best Picture,Babel,Jon Kilik,FALSE,,,,
2006,Best Picture,Letters from Iwo Jima,Clint Eastwood,FALSE,,,,
2006,Best Picture,Letters from Iwo Jima,Steven Spielberg,FALSE,,,,
2006,Best Picture,Letters from Iwo Jima,Robert Lorenz,FALSE,,,,
2006,Best Picture,Little Miss Sunshine,David T. Friendly,FALSE,,,,
2006,Best Picture,Little Miss Sunshine,Peter Saraf,FALSE,,,,
2006,Best Picture,Little Miss Sunshine,Marc Turtletaub,FALSE,,,,
2006,Best Picture,The Queen,Andy Harries,FALSE,,,,
2006,Best Picture,The Queen,Christine Langan,FALSE,,,,
2006,Cinematography,The Black Dahlia,Vilmos Zsigmond,FALSE,,,,
2006,Cinematography,Children of Men,Emmanuel Lubezki,FALSE,,,,
2006,Cinematography,The Illusionist,Dick Pope,FALSE,,,,
2006,Cinematography,The Prestige,Wally Pfister,FALSE,,,,
2006,Cinematography,Pan's Labyrinth,Guillermo Navarro,TRUE,,,,
2006,Costume Design,Marie Antoinette,Milena Canonero,TRUE,,,,
2006,Costume Design,Curse of the Golden Flower,Chung Man Yee,FALSE,,,,
2006,Costume Design,The Devil Wears Prada,Patricia Field,FALSE,,,,
2006,Costume Design,Dreamgirls,Sharen Davis,FALSE,,,,
2006,Costume Design,The Queen,Consolata Boyle,FALSE,,,,
2006,Director,The Departed,Martin Scorsese,TRUE,,,,
2006,Director,Letters from Iwo Jima,Clint Eastwood,FALSE,,,,
2006,Director,The Queen,Stephen Frears,FALSE,,,,
2006,Director,United 93,Paul Greengrass,FALSE,,,,
2006,Director,Babel,Alejandro González Iñárritu,FALSE,,,,
2006,Documentary Feature,Iraq in Fragments,John Sinno,FALSE,,,,
2006,Documentary Feature,Jesus Camp,Heidi Ewing,FALSE,,,,
2006,Documentary Feature,Jesus Camp,Rachel Grady,FALSE,,,,
2006,Documentary Feature,"My Country, My Country",Jocelyn Glatzer,FALSE,,,,
2006,Documentary Feature,"My Country, My Country",Laura Poitras,FALSE,,,,
2006,Documentary Feature,An Inconvenient Truth,Davis Guggenheim,TRUE,,,,
2006,Documentary Feature,Deliver Us from Evil,Amy Berg,FALSE,,,,
2006,Documentary Feature,Deliver Us from Evil,Frank Donner,FALSE,,,,
2006,Documentary Feature,Iraq in Fragments,James Longley,FALSE,,,,
2006,Documentary Short,Recycled Life,Mike Glad,FALSE,,,,
2006,Documentary Short,The Blood of Yingzhou District,Ruby Yang,TRUE,,,,
2006,Documentary Short,The Blood of Yingzhou District,Thomas Lennon,TRUE,,,,
2006,Documentary Short,Recycled Life,Leslie Iwerks,FALSE,,,,
2006,Documentary Short,Rehearsing a Dream,Karen Goodman,FALSE,,,,
2006,Documentary Short,Rehearsing a Dream,Kirk Simon,FALSE,,,,
2006,Documentary Short,Two Hands,Nathaniel Kahn,FALSE,,,,
2006,Documentary Short,Two Hands,Susan Rose Behr,FALSE,,,,
2006,Editing,Children of Men,Alfonso Cuarón,FALSE,,,,
2006,Editing,The Departed,Thelma Schoonmaker,TRUE,,,,
2006,Editing,Babel,Douglas Crise,FALSE,,,,
2006,Editing,Babel,Stephen Mirrione,FALSE,,,,
2006,Editing,Blood Diamond,Steven Rosenblum,FALSE,,,,
2006,Editing,Children of Men,Alex Rodríguez,FALSE,,,,
2006,Editing,United 93,Clare Douglas,FALSE,,,,
2006,Editing,United 93,Richard Pearson,FALSE,,,,
2006,Editing,United 93,Christopher Rouse,FALSE,,,,
2006,Foreign Language Film,The Lives of Others,Florian Henckel von Donnersmarck,TRUE,,,,
2006,Foreign Language Film,After the Wedding,Susanne Bier,FALSE,,,,
2006,Foreign Language Film,Days of Glory,Rachid Bouchareb,FALSE,,,,
2006,Foreign Language Film,Pan's Labyrinth,Guillermo del Toro,FALSE,,,,
2006,Foreign Language Film,Water,Deepa Mehta,FALSE,,,,
2006,Live-Action Short,Binta and the Great Idea (Binta y la Gran Idea),Javier Fesser,FALSE,,,,
2006,Live-Action Short,Binta and the Great Idea (Binta y la Gran Idea),Luis Manso,FALSE,,,,
2006,Live-Action Short,Éramos Pocos (One Too Many),Borja Cobeaga,FALSE,,,,
2006,Live-Action Short,Helmer & Son,Søren Pilmark,FALSE,,,,
2006,Live-Action Short,Helmer & Son,Kim Magnusson,FALSE,,,,
2006,Live-Action Short,The Saviour,Peter Templeman,FALSE,,,,
2006,Live-Action Short,The Saviour,Stuart Parkyn,FALSE,,,,
2006,Live-Action Short,West Bank Story,Ari Sandel,TRUE,,,,
2006,Make-Up,Pan's Labyrinth,David Martí,TRUE,,,,
2006,Make-Up,Apocalypto,Aldo Signoretti,FALSE,,,,
2006,Make-Up,Pan's Labyrinth,Montse Ribé,TRUE,,,,
2006,Make-Up,Apocalypto,Vittorio Sodano,FALSE,,,,
2006,Make-Up,Click,Kazuhiro Tsuji,FALSE,,,,
2006,Make-Up,Click,Bill Corso,FALSE,,,,
2006,Original Score,Babel,Gustavo Santaolalla,TRUE,,,,
2006,Original Score,The Good German,Thomas Newman,FALSE,,,,
2006,Original Score,Notes on a Scandal,Philip Glass,FALSE,,,,
2006,Original Score,Pan's Labyrinth,Javier Navarrete,FALSE,,,,
2006,Original Score,The Queen,Alexandre Desplat,FALSE,,,,
2006,Original Screenplay,Little Miss Sunshine,Michael Arndt,TRUE,,,,
2006,Original Screenplay,Babel,Guillermo Arriaga,FALSE,,,,
2006,Original Screenplay,Letters from Iwo Jima,Iris Yamashita,FALSE,,,,Story and Screenplay
2006,Original Screenplay,Letters from Iwo Jima,Paul Haggis,FALSE,,,,Story
2006,Original Screenplay,Pan's Labyrinth,Guillermo del Toro,FALSE,,,,
2006,Original Screenplay,The Queen,Peter Morgan,FALSE,,,,
2006,Original Song,Cars,Randy Newman,FALSE,,,"""Our Town""",Music and Lyrics
2006,Original Song,Dreamgirls,Scott Cutler,FALSE,,,"""Listen""",Music
2006,Original Song,Dreamgirls,Henry Krieger,FALSE,,,"""Listen""",Music
2006,Original Song,An Inconvenient Truth,Melissa Etheridge,TRUE,,,"""I Need to Wake Up""",Music and Lyrics
2006,Original Song,Dreamgirls,Anne Preven,FALSE,,,"""Listen""",Lyrics
2006,Original Song,,Krieger,FALSE,,,"""Love You I Do""",Music
2006,Original Song,,Siedah Garrett,FALSE,,,"""Love You I Do""",Lyrics
2006,Original Song,,Krieger,FALSE,,,"""Patience""",Music
2006,Original Song,,Willie Reale,FALSE,,,"""Patience""",Lyrics
2006,Production Design,Pan's Labyrinth,Eugenio Caballero,TRUE,,,,Production design
2006,Production Design,Pan's Labyrinth,Pilar Revuelta,TRUE,,,,Set decoration
2006,Production Design,Dreamgirls,John Myhre,FALSE,,,,Production design
2006,Production Design,Dreamgirls,Nancy Haigh,FALSE,,,,Set decoration
2006,Production Design,The Good Shepherd,Jeannine Claudia Oppewall,FALSE,,,,Production design
2006,Production Design,The Good Shepherd,Gretchen Rau,FALSE,,,,Set decoration
2006,Production Design,Pirates of the Caribbean: Dead Man's Chest,Rick Heinrichs,FALSE,,,,Production design
2006,Production Design,Pirates of the Caribbean: Dead Man's Chest,Cheryl Carasik,FALSE,,,,Set decoration
2006,Production Design,The Prestige,Nathan Crowley,FALSE,,,,Production design
2006,Production Design,The Good Shepherd,Leslie E. Rollins,FALSE,,,,Set decoration
2006,Production Design,The Prestige,Julie Ochipinti,FALSE,,,,Set decoration
2006,Sound Editing,Letters from Iwo Jima,Bub Asman,TRUE,,,,
2006,Sound Editing,Letters from Iwo Jima,Alan Robert Murray,TRUE,,,,
2006,Sound Editing,Apocalypto,Kami Asgar,FALSE,,,,
2006,Sound Editing,Apocalypto,Sean McCormack,FALSE,,,,
2006,Sound Editing,Blood Diamond,Lon Bender,FALSE,,,,
2006,Sound Editing,Flags of Our Fathers,Alan Robert Murray,FALSE,,,,
2006,Sound Editing,Flags of Our Fathers,Bub Asman,FALSE,,,,
2006,Sound Editing,Pirates of the Caribbean: Dead Man's Chest,Christopher Boyes,FALSE,,,,
2006,Sound Editing,Pirates of the Caribbean: Dead Man's Chest,George Watters II,FALSE,,,,
2006,Sound Mixing,Apocalypto,Fernando Cámara,FALSE,,,,
2006,Sound Mixing,Blood Diamond,Andy Nelson,FALSE,,,,
2006,Sound Mixing,Blood Diamond,Anna Behlmer,FALSE,,,,
2006,Sound Mixing,Blood Diamond,Ivan Sharrock,FALSE,,,,
2006,Sound Mixing,Flags of Our Fathers,John T. Reitz,FALSE,,,,
2006,Sound Mixing,Flags of Our Fathers,David E. Campbell,FALSE,,,,
2006,Sound Mixing,Flags of Our Fathers,Gregg Rudloff,FALSE,,,,
2006,Sound Mixing,Flags of Our Fathers,Walt Martin,FALSE,,,,
2006,Sound Mixing,Pirates of the Caribbean: Dead Man's Chest,Paul Massey,FALSE,,,,
2006,Sound Mixing,Pirates of the Caribbean: Dead Man's Chest,Christopher Boyes,FALSE,,,,
2006,Sound Mixing,Pirates of the Caribbean: Dead Man's Chest,Lee Orloff,FALSE,,,,
2006,Sound Mixing,Dreamgirls,Michael Minkler,TRUE,,,,
2006,Sound Mixing,Dreamgirls,Bob Beemer,TRUE,,,,
2006,Sound Mixing,Dreamgirls,Willie D. Burton,TRUE,,,,
2006,Sound Mixing,Apocalypto,Kevin O'Connell,FALSE,,,,
2006,Sound Mixing,Apocalypto,Greg P. Russell,FALSE,,,,
2006,Visual Effects,Poseidon,John Frazier,FALSE,,,,
2006,Visual Effects,Superman Returns,Mark Stetson,FALSE,,,,
2006,Visual Effects,Superman Returns,Neil Corbould,FALSE,,,,
2006,Visual Effects,Superman Returns,Richard R. Hoover,FALSE,,,,
2006,Visual Effects,Pirates of the Caribbean: Dead Man's Chest,John Knoll,TRUE,,,,
2006,Visual Effects,Superman Returns,Jon Thum,FALSE,,,,
2006,Visual Effects,Pirates of the Caribbean: Dead Man's Chest,Hal Hickel,TRUE,,,,
2006,Visual Effects,Pirates of the Caribbean: Dead Man's Chest,Charles Gibson,TRUE,,,,
2006,Visual Effects,Pirates of the Caribbean: Dead Man's Chest,Allen Hall,TRUE,,,,
2006,Visual Effects,Poseidon,Boyd Shermis,FALSE,,,,
2006,Visual Effects,Poseidon,Kim Libreri,FALSE,,,,
2006,Visual Effects,Poseidon,Chas Jarrett,FALSE,,,,
2005,Actor in a Leading Role,Capote,Philip Seymour Hoffman,TRUE,Truman Capote,,,
2005,Actor in a Leading Role,Hustle & Flow,Terrence Howard,FALSE,Djay,,,
2005,Actor in a Leading Role,Walk the Line,Joaquin Phoenix,FALSE,Johnny Cash,,,
2005,Actor in a Leading Role,"Good Night, and Good Luck",David Strathairn,FALSE,Edward R. Murrow,,,
2005,Actor in a Leading Role,Brokeback Mountain,Heath Ledger,FALSE,Ennis Del Mar,,,
2005,Actor in a Supporting Role,Cinderella Man,Paul Giamatti,FALSE,Joe Gould,,,
2005,Actor in a Supporting Role,Brokeback Mountain,Jake Gyllenhaal,FALSE,Jack Twist,,,
2005,Actor in a Supporting Role,Syriana,George Clooney,TRUE,Bob Barnes,,,
2005,Actor in a Supporting Role,Crash,Matt Dillon,FALSE,Officer John Ryan,,,
2005,Actor in a Supporting Role,A History of Violence,William Hurt,FALSE,Richie Cusack,,,
2005,Actress in a Leading Role,Walk the Line,Reese Witherspoon,TRUE,June Carter Cash,,,
2005,Actress in a Leading Role,Mrs Henderson Presents,Judi Dench,FALSE,Laura Forster-Henderson,,,
2005,Actress in a Leading Role,Transamerica,Felicity Huffman,FALSE,"Sabrina ""Bree"" Osbourne",,,
2005,Actress in a Leading Role,Pride & Prejudice,Keira Knightley,FALSE,Elizabeth Bennet,,,
2005,Actress in a Leading Role,North Country,Charlize Theron,FALSE,Josey Aimes,,,
2005,Actress in a Supporting Role,The Constant Gardener,Rachel Weisz,TRUE,Tessa Quayle,,,
2005,Actress in a Supporting Role,Junebug,Amy Adams,FALSE,Ashley Johnsten,,,
2005,Actress in a Supporting Role,Capote,Catherine Keener,FALSE,Nelle Harper Lee,,,
2005,Actress in a Supporting Role,North Country,Frances McDormand,FALSE,Glory Dodge,,,
2005,Actress in a Supporting Role,Brokeback Mountain,Michelle Williams,FALSE,Alma Beers,,,
2005,Adapted Screenplay,Brokeback Mountain,Larry McMurtry,TRUE,,The short story by Annie Proulx,,
2005,Adapted Screenplay,Brokeback Mountain,Diana Ossana,TRUE,,The short story by Annie Proulx,,
2005,Adapted Screenplay,Capote,Dan Futterman,FALSE,,The book by Gerald Clarke,,
2005,Adapted Screenplay,The Constant Gardener,Jeffrey Caine,FALSE,,The novel by John le Carré,,
2005,Adapted Screenplay,A History of Violence,Josh Olson,FALSE,,The graphic novel by Vince Locke and John Wagner,,
2005,Adapted Screenplay,Munich,Tony Kushner,FALSE,,The book Vengeance by George Jonas,,
2005,Adapted Screenplay,Munich,Eric Roth,FALSE,,The book Vengeance by George Jonas,,
2005,Animated Feature,Wallace & Gromit in 'The Curse of the Were-Rabbit',Nick Park,TRUE,,,,
2005,Animated Feature,Wallace & Gromit in 'The Curse of the Were-Rabbit',Steve Box,TRUE,,,,
2005,Animated Feature,Howl's Moving Castle,Hayao Miyazaki,FALSE,,,,
2005,Animated Feature,Corpse Bride,Mike Johnson,FALSE,,,,
2005,Animated Feature,Corpse Bride,Tim Burton,FALSE,,,,
2005,Animated Short,One Man Band,Andrew Jimenez,FALSE,,,,
2005,Animated Short,The Moon and the Son: An Imagined Conversation,John Canemaker,TRUE,,,,
2005,Animated Short,The Moon and the Son: An Imagined Conversation,Peggy Stern,TRUE,,,,
2005,Animated Short,9,Shane Acker,FALSE,,,,
2005,Animated Short,Badgered,Sharon Colman,FALSE,,,,
2005,Animated Short,The Mysterious Geographic Explorations of Jasper Morello,Anthony Lucas,FALSE,,,,
2005,Animated Short,One Man Band,Mark Andrews,FALSE,,,,
2005,Best Picture,Crash,Paul Haggis,TRUE,,,,
2005,Best Picture,Crash,Cathy Schulman,TRUE,,,,
2005,Best Picture,Brokeback Mountain,Diana Ossana,FALSE,,,,
2005,Best Picture,Brokeback Mountain,James Schamus,FALSE,,,,
2005,Best Picture,Capote,Caroline Baron,FALSE,,,,
2005,Best Picture,Capote,William Vince,FALSE,,,,
2005,Best Picture,Capote,Michael Ohoven,FALSE,,,,
2005,Best Picture,"Good Night, and Good Luck",Grant Heslov,FALSE,,,,
2005,Best Picture,Munich,Steven Spielberg,FALSE,,,,
2005,Best Picture,Munich,Kathleen Kennedy,FALSE,,,,
2005,Best Picture,Munich,Barry Mendel,FALSE,,,,
2005,Cinematography,Memoirs of a Geisha,Dion Beebe,TRUE,,,,
2005,Cinematography,Batman Begins,Wally Pfister,FALSE,,,,
2005,Cinematography,Brokeback Mountain,Rodrigo Prieto,FALSE,,,,
2005,Cinematography,"Good Night, and Good Luck",Robert Elswit,FALSE,,,,
2005,Cinematography,The New World,Emmanuel Lubezki,FALSE,,,,
2005,Costume Design,Memoirs of a Geisha,Colleen Atwood,TRUE,,,,
2005,Costume Design,Charlie and the Chocolate Factory,Gabriella Pescucci,FALSE,,,,
2005,Costume Design,Walk the Line,Arianne Phillips,FALSE,,,,
2005,Costume Design,Mrs Henderson Presents,Sandy Powell,FALSE,,,,
2005,Costume Design,Pride & Prejudice,Jacqueline Durran,FALSE,,,,
2005,Director,Brokeback Mountain,Ang Lee,TRUE,,,,
2005,Director,"Good Night, and Good Luck",George Clooney,FALSE,,,,
2005,Director,Crash,Paul Haggis,FALSE,,,,
2005,Director,Capote,Bennett Miller,FALSE,,,,
2005,Director,Munich,Steven Spielberg,FALSE,,,,
2005,Documentary Feature,March of the Penguins,Luc Jacquet,TRUE,,,,
2005,Documentary Feature,March of the Penguins,Yves Darondeau,TRUE,,,,
2005,Documentary Feature,Enron: The Smartest Guys in the Room,Jason Kliot,FALSE,,,,
2005,Documentary Feature,Murderball,Henry Alex Rubin,FALSE,,,,
2005,Documentary Feature,Darwin's Nightmare,Hubert Sauper,FALSE,,,,
2005,Documentary Feature,Enron: The Smartest Guys in the Room,Alex Gibney,FALSE,,,,
2005,Documentary Feature,Murderball,Dana Adam Shapiro,FALSE,,,,
2005,Documentary Feature,Street Fight,Marshall Curry,FALSE,,,,
2005,Documentary Short,A Note of Triumph: The Golden Age of Norman Corwin,Eric Simonson,TRUE,,,,
2005,Documentary Short,The Death of Kevin Carter: Casualty of the Bang Bang Club,Dan Krauss,FALSE,,,,
2005,Documentary Short,A Note of Triumph: The Golden Age of Norman Corwin,Corinne Marrinan,TRUE,,,,
2005,Documentary Short,God Sleeps in Rwanda,Kimberlee Acquaro,FALSE,,,,
2005,Documentary Short,God Sleeps in Rwanda,Stacy Sherman,FALSE,,,,
2005,Documentary Short,The Mushroom Club,Steven Okazaki,FALSE,,,,
2005,Editing,Crash,Hughes Winborne,TRUE,,,,
2005,Editing,Cinderella Man,Mike Hill,FALSE,,,,
2005,Editing,Cinderella Man,Dan Hanley,FALSE,,,,
2005,Editing,The Constant Gardener,Claire Simpson,FALSE,,,,
2005,Editing,Munich,Michael Kahn,FALSE,,,,
2005,Editing,Walk the Line,Michael McCusker,FALSE,,,,
2005,Foreign Language Film,Joyeux Noël,Christian Carion,FALSE,,,,
2005,Foreign Language Film,Paradise Now,Hany Abu-Assad,FALSE,,,,
2005,Foreign Language Film,Tsotsi,Gavin Hood,TRUE,,,,
2005,Foreign Language Film,The Beast in the Heart,Cristina Comencini,FALSE,,,,
2005,Foreign Language Film,Sophie Scholl – The Final Days,Marc Rothemund,FALSE,,,,
2005,Live-Action Short,Six Shooter,Martin McDonagh,TRUE,,,,
2005,Live-Action Short,Ausreisser (The Runaway),Ulrike Grote,FALSE,,,,
2005,Live-Action Short,Cashback,Sean Ellis,FALSE,,,,
2005,Live-Action Short,Cashback,Lene Bausager,FALSE,,,,
2005,Live-Action Short,The Last Farm,Rúnar Rúnarsson,FALSE,,,,
2005,Live-Action Short,The Last Farm,Thor S. Sigurjónsson,FALSE,,,,
2005,Live-Action Short,Our Time Is Up,Rob Pearlstein,FALSE,,,,
2005,Live-Action Short,Our Time Is Up,Pia Clemente,FALSE,,,,
2005,Make-Up,Star Wars: Episode III – Revenge of the Sith,Dave Elsey,FALSE,,,,
2005,Make-Up,Star Wars: Episode III – Revenge of the Sith,Nikki Gooley,FALSE,,,,
2005,Make-Up,"The Chronicles of Narnia: The Lion, the Witch and the Wardrobe",Tami Lane,TRUE,,,,
2005,Make-Up,Cinderella Man,David LeRoy Anderson,FALSE,,,,
2005,Make-Up,Cinderella Man,Lance Anderson,FALSE,,,,
2005,Make-Up,"The Chronicles of Narnia: The Lion, the Witch and the Wardrobe",Howard Berger,TRUE,,,,
2005,Original Score,The Constant Gardener,Alberto Iglesias,FALSE,,,,
2005,Original Score,Memoirs of a Geisha,John Williams,FALSE,,,,
2005,Original Score,Pride & Prejudice,Dario Marianelli,FALSE,,,,
2005,Original Score,Brokeback Mountain,Gustavo Santaolalla,TRUE,,,,
2005,Original Screenplay,Crash,Bobby Moresco,TRUE,,,,Screenplay
2005,Original Screenplay,"Good Night, and Good Luck.",George Clooney,FALSE,,,,
2005,Original Screenplay,"Good Night, and Good Luck.",Grant Heslov,FALSE,,,,
2005,Original Screenplay,Match Point,Woody Allen,FALSE,,,,
2005,Original Screenplay,The Squid and the Whale,Noah Baumbach,FALSE,,,,
2005,Original Screenplay,Syriana,Stephen Gaghan,FALSE,,,,
2005,Original Screenplay,Crash,Paul Haggis,TRUE,,,,Story and Screenplay
2005,Original Song,Transamerica,Dolly Parton,FALSE,,,"""Travelin' Thru""",Music and Lyrics
2005,Original Song,Hustle & Flow,Frayser Boy,TRUE,,,"""It's Hard out Here for a Pimp""",Music and Lyrics
2005,Original Song,Hustle & Flow,Juicy J,TRUE,,,"""It's Hard out Here for a Pimp""",Music and Lyrics
2005,Original Song,Hustle & Flow,DJ Paul,TRUE,,,"""It's Hard out Here for a Pimp""",Music and Lyrics
2005,Original Song,Crash,Michael Becker,FALSE,,,"""In the Deep""",Music
2005,Original Song,Crash,Bird York,FALSE,,,"""In the Deep""",Music and Lyrics
2005,Production Design,Memoirs of a Geisha,Gretchen Rau,TRUE,,,,Set decoration
2005,Production Design,"Good Night, and Good Luck",Jim Bissell,FALSE,,,,Production design
2005,Production Design,Memoirs of a Geisha,John Myhre,TRUE,,,,Production design
2005,Production Design,"Good Night, and Good Luck",Jan Pascale,FALSE,,,,Set decoration
2005,Production Design,Pride & Prejudice,Katie Spencer,FALSE,,,,Set decoration
2005,Production Design,Harry Potter and the Goblet of Fire,Stuart Craig,FALSE,,,,Production design
2005,Production Design,Harry Potter and the Goblet of Fire,Stephenie McMillan,FALSE,,,,Set decoration
2005,Production Design,King Kong,Grant Major,FALSE,,,,Production design
2005,Production Design,King Kong,Dan Hennah,FALSE,,,,Set decoration
2005,Production Design,King Kong,Simon Bright,FALSE,,,,Set decoration
2005,Production Design,Pride & Prejudice,Sarah Greenwood,FALSE,,,,Production design
2005,Sound Editing,King Kong,Mike Hopkins,TRUE,,,,
2005,Sound Editing,King Kong,Ethan Van der Ryn,TRUE,,,,
2005,Sound Editing,Memoirs of a Geisha,Wylie Stateman,FALSE,,,,
2005,Sound Editing,War of the Worlds,Richard King,FALSE,,,,
2005,Sound Mixing,King Kong,Christopher Boyes,TRUE,,,,
2005,Sound Mixing,King Kong,Michael Semanick,TRUE,,,,
2005,Sound Mixing,King Kong,Michael Hedges,TRUE,,,,
2005,Sound Mixing,King Kong,Hammond Peek,TRUE,,,,
2005,Sound Mixing,"The Chronicles of Narnia: The Lion, the Witch and the Wardrobe",Terry Porter,FALSE,,,,
2005,Sound Mixing,"The Chronicles of Narnia: The Lion, the Witch and the Wardrobe",Dean A. Zupancic,FALSE,,,,
2005,Sound Mixing,"The Chronicles of Narnia: The Lion, the Witch and the Wardrobe",Tony Johnson,FALSE,,,,
2005,Sound Mixing,Memoirs of a Geisha,Kevin O'Connell,FALSE,,,,
2005,Sound Mixing,Memoirs of a Geisha,Greg P. Russell,FALSE,,,,
2005,Sound Mixing,Memoirs of a Geisha,Rick Kline,FALSE,,,,
2005,Sound Mixing,Memoirs of a Geisha,John Pritchett,FALSE,,,,
2005,Sound Mixing,Walk the Line,Paul Massey,FALSE,,,,
2005,Sound Mixing,Walk the Line,Doug Hemphill,FALSE,,,,
2005,Sound Mixing,Walk the Line,Peter Kurland,FALSE,,,,
2005,Sound Mixing,War of the Worlds,Andy Nelson,FALSE,,,,
2005,Sound Mixing,War of the Worlds,Anna Behlmer,FALSE,,,,
2005,Sound Mixing,War of the Worlds,Ron Judkins,FALSE,,,,
2005,Visual Effects,"The Chronicles of Narnia: The Lion, the Witch and the Wardrobe",Bill Westenhofer,FALSE,,,,
2005,Visual Effects,"The Chronicles of Narnia: The Lion, the Witch and the Wardrobe",Jim Berney,FALSE,,,,
2005,Visual Effects,"The Chronicles of Narnia: The Lion, the Witch and the Wardrobe",Scott Farrar,FALSE,,,,
2005,Visual Effects,War of the Worlds,Dennis Muren,FALSE,,,,
2005,Visual Effects,War of the Worlds,Pablo Helman,FALSE,,,,
2005,Visual Effects,War of the Worlds,Dan Sudick,FALSE,,,,
2005,Visual Effects,King Kong,Christian Rivers,TRUE,,,,
2005,Visual Effects,King Kong,Richard Taylor,TRUE,,,,
2005,Visual Effects,"The Chronicles of Narnia: The Lion, the Witch and the Wardrobe",Dean Wright,FALSE,,,,
2005,Visual Effects,War of the Worlds,Randal M. Dutra,FALSE,,,,
2005,Visual Effects,King Kong,Brian Van't Hul,TRUE,,,,
2005,Visual Effects,King Kong,Joe Letteri,TRUE,,,,
2025,Best Picture,Bugonia,Ed Guiney,FALSE,,,,
2025,Best Picture,Bugonia,Andrew Lowe,FALSE,,,,
2025,Best Picture,Bugonia,Yorgos Lanthimos,FALSE,,,,
2025,Best Picture,Bugonia,Emma Stone,FALSE,,,,
2025,Best Picture,Bugonia,Lars Knudsen,FALSE,,,,
2025,Best Picture,F1,Chad Oman,FALSE,,,,
2025,Best Picture,F1,Brad Pitt,FALSE,,,,
2025,Best Picture,F1,Dede Gardner,FALSE,,,,
2025,Best Picture,F1,Jeremy Kleiner,FALSE,,,,
2025,Best Picture,F1,Joseph Kosinski,FALSE,,,,
2025,Best Picture,F1,Jerry Bruckheimer,FALSE,,,,
2025,Best Picture,Frankenstein,Guillermo del Toro,FALSE,,,,
2025,Best Picture,Frankenstein,J. Miles Dale,FALSE,,,,
2025,Best Picture,Frankenstein,Scott Stuber,FALSE,,,,
2025,Best Picture,Hamnet,Liza Marshall,FALSE,,,,
2025,Best Picture,Hamnet,Pippa Harris,FALSE,,,,
2025,Best Picture,Hamnet,Nicolas Gonda,FALSE,,,,
2025,Best Picture,Hamnet,Steven Spielberg,FALSE,,,,
2025,Best Picture,Hamnet,Sam Mendes,FALSE,,,,
2025,Best Picture,Marty Supreme,Eli Bush,FALSE,,,,
2025,Best Picture,Marty Supreme,Ronald Bronstein,FALSE,,,,
2025,Best Picture,Marty Supreme,Josh Safdie,FALSE,,,,
2025,Best Picture,Marty Supreme,Anthony Katagas,FALSE,,,,
2025,Best Picture,Marty Supreme,Timothée Chalamet,FALSE,,,,
2025,Best Picture,One Battle After Another,Adam Somner ( p.n. ),FALSE,,,,
2025,Best Picture,One Battle After Another,Sara Murphy,FALSE,,,,
2025,Best Picture,One Battle After Another,Paul Thomas Anderson,FALSE,,,,
2025,Best Picture,The Secret Agent,Emilie Lesclaux,FALSE,,,,
2025,Best Picture,Sentimental Value,Maria Ekerhovd,FALSE,,,,
2025,Best Picture,Sentimental Value,Andrea Berentsen Ottmar,FALSE,,,,
2025,Best Picture,Sinners,Zinzi Coogler,FALSE,,,,
2025,Best Picture,Sinners,Sev Ohanian,FALSE,,,,
2025,Best Picture,Sinners,Ryan Coogler,FALSE,,,,
2025,Best Picture,Train Dreams,Marissa McMahon,FALSE,,,,
2025,Best Picture,Train Dreams,Teddy Schwarzman,FALSE,,,,
2025,Best Picture,Train Dreams,Will Janowitz,FALSE,,,,
2025,Best Picture,Train Dreams,Ashley Schlaifer,FALSE,,,,
2025,Best Picture,Train Dreams,Michael Heimler,FALSE,,,,
2025,Directing,Hamnet,Chloé Zhao,FALSE,,,,
2025,Directing,Marty Supreme,Josh Safdie,FALSE,,,,
2025,Directing,One Battle After Another,Paul Thomas Anderson,FALSE,,,,
2025,Directing,Sentimental Value,Joachim Trier,FALSE,,,,
2025,Directing,Sinners,Ryan Coogler,FALSE,,,,
2025,Actor in a Leading Role,Marty Supreme,Timothée Chalamet,FALSE,Marty Mauser,,,
2025,Actor in a Leading Role,One Battle After Another,Leonardo DiCaprio,FALSE,Bob Ferguson,,,
2025,Actor in a Leading Role,Blue Moon,Ethan Hawke,FALSE,Lorenz Hart,,,
2025,Actor in a Leading Role,Sinners,Michael B. Jordan,FALSE,"Elijah ""Smoke"" Moore / Elias ""Stack"" Moore",,,
2025,Actor in a Leading Role,The Secret Agent,Wagner Moura,FALSE,Armando Solimões / Marcelo Alves / Fernando Solimões,,,
2025,Actress in a Leading Role,Hamnet,Jessie Buckley,FALSE,Agnes Shakespeare,,,
2025,Actress in a Leading Role,If I Had Legs I'd Kick You,Rose Byrne,FALSE,Linda,,,
2025,Actress in a Leading Role,Song Sung Blue,Kate Hudson,FALSE,Claire Sardina,,,
2025,Actress in a Leading Role,Sentimental Value,Renate Reinsve,FALSE,Nora Borg,,,
2025,Actress in a Leading Role,Bugonia,Emma Stone,FALSE,Michelle Fuller,,,
2025,Actor in a Supporting Role,One Battle After Another,Benicio del Toro,FALSE,Sensei Sergio St. Carlos,,,
2025,Actor in a Supporting Role,Frankenstein,Jacob Elordi,FALSE,The Creature,,,
2025,Actor in a Supporting Role,Sinners,Delroy Lindo,FALSE,Delta Slim,,,
2025,Actor in a Supporting Role,One Battle After Another,Sean Penn,FALSE,Col. Steven J. Lockjaw,,,
2025,Actor in a Supporting Role,Sentimental Value,Stellan Skarsgård,FALSE,Gustav Borg,,,
2025,Actress in a Supporting Role,Sentimental Value,Elle Fanning,FALSE,Rachel Kemp,,,
2025,Actress in a Supporting Role,Sentimental Value,Inga Ibsdotter Lilleaas,FALSE,Agnes Borg Pettersen,,,
2025,Actress in a Supporting Role,Weapons,Amy Madigan,FALSE,Gladys,,,
2025,Actress in a Supporting Role,Sinners,Wunmi Mosaku,FALSE,Annie,,,
2025,Actress in a Supporting Role,One Battle After Another,Teyana Taylor,FALSE,Perfidia Beverly Hills,,,
2025,Animated Feature Film,Arco,Ugo Bienvenu,FALSE,,,,
2025,Animated Feature Film,Arco,Félix de Givry,FALSE,,,,
2025,Animated Feature Film,Arco,Sophie Mas,FALSE,,,,
2025,Animated Feature Film,Arco,Natalie Portman,FALSE,,,,
2025,Animated Feature Film,Elio,Madeline Sharafian,FALSE,,,,
2025,Animated Feature Film,Elio,Domee Shi,FALSE,,,,
2025,Animated Feature Film,Elio,Adrian Molina,FALSE,,,,
2025,Animated Feature Film,Elio,Mary Alice Drumm,FALSE,,,,
2025,Animated Feature Film,KPop Demon Hunters,Maggie Kang,FALSE,,,,
2025,Animated Feature Film,KPop Demon Hunters,Chris Appelhans,FALSE,,,,
2025,Animated Feature Film,KPop Demon Hunters,Michelle L.M. Wong,FALSE,,,,
2025,Animated Feature Film,Little Amélie or the Character of Rain,Maïlys Vallade,FALSE,,,,
2025,Animated Feature Film,Little Amélie or the Character of Rain,Liane-Cho Han,FALSE,,,,
2025,Animated Feature Film,Little Amélie or the Character of Rain,Nidia Santiago,FALSE,,,,
2025,Animated Feature Film,Little Amélie or the Character of Rain,Henri Magalon,FALSE,,,,
2025,Animated Feature Film,Zootopia 2,Jared Bush,FALSE,,,,
2025,Animated Feature Film,Zootopia 2,Byron Howard,FALSE,,,,
2025,Animated Feature Film,Zootopia 2,Yvett Merino,FALSE,,,,
2025,International Feature Film,It Was Just an Accident,Jafar Panahi,FALSE,,,,Directing
2025,International Feature Film,The Secret Agent,Kleber Mendonça Filho,FALSE,,,,Directing
2025,International Feature Film,Sentimental Value,Joachim Trier,FALSE,,,,Directing
2025,International Feature Film,Sirāt,Oliver Laxe,FALSE,,,,Directing
2025,International Feature Film,The Voice of Hind Rajab,Kaouther Ben Hania,FALSE,,,,Directing
2025,Documentary Feature Film,The Alabama Solution,Andrew Jarecki,FALSE,,,,
2025,Documentary Feature Film,The Alabama Solution,Charlotte Kaufman,FALSE,,,,
2025,Documentary Feature Film,Come See Me in the Good Light,Ryan White,FALSE,,,,
2025,Documentary Feature Film,Come See Me in the Good Light,Jessica Hargrave,FALSE,,,,
2025,Documentary Feature Film,Come See Me in the Good Light,Tig Notaro,FALSE,,,,
2025,Documentary Feature Film,Come See Me in the Good Light,Stef Willen,FALSE,,,,
2025,Documentary Feature Film,Cutting Through Rocks,Sara Khaki,FALSE,,,,
2025,Documentary Feature Film,Cutting Through Rocks,Mohammadreza Eyni,FALSE,,,,
2025,Documentary Feature Film,Mr Nobody Against Putin,Nominees to be determined,FALSE,,,,
2025,Documentary Feature Film,The Perfect Neighbor,Geeta Gandbhir,FALSE,,,,
2025,Documentary Feature Film,The Perfect Neighbor,Alisa Payne,FALSE,,,,
2025,Documentary Feature Film,The Perfect Neighbor,Nikon Kwantu,FALSE,,,,
2025,Documentary Feature Film,The Perfect Neighbor,Sam Bisbee,FALSE,,,,
2025,Documentary Short Film,All the Empty Rooms,Joshua Seftel,FALSE,,,,
2025,Documentary Short Film,All the Empty Rooms,Conall Jones,FALSE,,,,
2025,Documentary Short Film,Armed Only with a Camera: The Life and Death of Brent Renaud,Craig Renaud,FALSE,,,,
2025,Documentary Short Film,Armed Only with a Camera: The Life and Death of Brent Renaud,Juan Arredondo,FALSE,,,,
2025,Documentary Short Film,"Children No More: ""Were and Are Gone""",Hilla Medalia,FALSE,,,,
2025,Documentary Short Film,"Children No More: ""Were and Are Gone""",Sheila Nevins,FALSE,,,,
2025,Documentary Short Film,The Devil Is Busy,Christalyn Hampton,FALSE,,,,
2025,Documentary Short Film,The Devil Is Busy,Geeta Gandbhir,FALSE,,,,
2025,Documentary Short Film,Perfectly a Strangeness,Alison McAlpine,FALSE,,,,
2025,Live Action Short Film,Butcher's Stain,Meyer Levinson-Blount,FALSE,,,,
2025,Live Action Short Film,Butcher's Stain,Oron Caspi,FALSE,,,,
2025,Live Action Short Film,A Friend of Dorothy,Lee Knight,FALSE,,,,
2025,Live Action Short Film,A Friend of Dorothy,James Dean,FALSE,,,,
2025,Live Action Short Film,Jane Austen's Period Drama,Julia Aks,FALSE,,,,
2025,Live Action Short Film,Jane Austen's Period Drama,Steve Pinder,FALSE,,,,
2025,Live Action Short Film,The Singers,Sam A. Davis,FALSE,,,,
2025,Live Action Short Film,The Singers,Jack Piatt,FALSE,,,,
2025,Live Action Short Film,Two People Exchanging Saliva,Alexandre Singh,FALSE,,,,
2025,Live Action Short Film,Two People Exchanging Saliva,Natalie Musteata,FALSE,,,,
2025,Animated Short Film,Butterfly,Florence Miailhe,FALSE,,,,
2025,Animated Short Film,Butterfly,Ron Dyens,FALSE,,,,
2025,Animated Short Film,Forevergreen,Nathan Engelhardt,FALSE,,,,
2025,Animated Short Film,Forevergreen,Jeremy Spears,FALSE,,,,
2025,Animated Short Film,The Girl Who Cried Pearls,Chris Lavis,FALSE,,,,
2025,Animated Short Film,The Girl Who Cried Pearls,Maciek Szczerbowski,FALSE,,,,
2025,Animated Short Film,Retirement Plan,John Kelly,FALSE,,,,
2025,Animated Short Film,Retirement Plan,Andrew Freedman,FALSE,,,,
2025,Animated Short Film,The Three Sisters,Konstantin Bronzit,FALSE,,,,
2025,Music (Original Score),Bugonia,Jerskin Fendrix,FALSE,,,,
2025,Music (Original Score),Frankenstein,Alexandre Desplat,FALSE,,,,
2025,Music (Original Score),Hamnet,Max Richter,FALSE,,,,
2025,Music (Original Score),One Battle After Another,Jonny Greenwood,FALSE,,,,
2025,Music (Original Score),Sinners,Ludwig Göransson,FALSE,,,,
2025,Casting,Hamnet,Nina Gold,FALSE,,,,
2025,Casting,Marty Supreme,Jennifer Venditti,FALSE,,,,
2025,Casting,One Battle After Another,Cassandra Kulukundis,FALSE,,,,
2025,Casting,The Secret Agent,Gabriel Domingues,FALSE,,,,
2025,Casting,Sinners,Francine Maisler,FALSE,,,,
2025,Sound,F1,Gareth John,FALSE,,,,
2025,Sound,F1,Al Nelson,FALSE,,,,
2025,Sound,F1,Gwendolyn Yates Whittle,FALSE,,,,
2025,Sound,F1,Gary A. Rizzo,FALSE,,,,
2025,Sound,F1,Juan Peralta,FALSE,,,,
2025,Sound,Frankenstein,Greg Chapman,FALSE,,,,
2025,Sound,Frankenstein,Nathan Robitaille,FALSE,,,,
2025,Sound,Frankenstein,Nelson Ferreira,FALSE,,,,
2025,Sound,Frankenstein,Christian Cooke,FALSE,,,,
2025,Sound,Frankenstein,Brad Zoern,FALSE,,,,
2025,Sound,One Battle After Another,José Antonio García,FALSE,,,,
2025,Sound,One Battle After Another,Christopher Scarabosio,FALSE,,,,
2025,Sound,One Battle After Another,Tony Villaflor,FALSE,,,,
2025,Sound,Sinners,Chris Welcker,FALSE,,,,
2025,Sound,Sinners,Benjamin A. Burtt,FALSE,,,,
2025,Sound,Sinners,Felipe Pacheco,FALSE,,,,
2025,Sound,Sinners,Brandon Proctor,FALSE,,,,
2025,Sound,Sinners,Steve Boeddeker,FALSE,,,,
2025,Sound,Sirāt,Amanda Villavieja,FALSE,,,,
2025,Sound,Sirāt,Laia Casanovas,FALSE,,,,
2025,Sound,Sirāt,Yasmina Praderas,FALSE,,,,
2025,Cinematography,Frankenstein,Dan Laustsen,FALSE,,,,
2025,Cinematography,Marty Supreme,Darius Khondji,FALSE,,,,
2025,Cinematography,One Battle After Another,Michael Bauman,FALSE,,,,
2025,Cinematography,Sinners,Autumn Durald Arkapaw,FALSE,,,,
2025,Cinematography,Train Dreams,Adolpho Veloso,FALSE,,,,
2025,Makeup and Hairstyling,Frankenstein,Mike Hill,FALSE,,,,
2025,Makeup and Hairstyling,Frankenstein,Jordan Samuel,FALSE,,,,
2025,Makeup and Hairstyling,Frankenstein,Cliona Furey,FALSE,,,,
2025,Makeup and Hairstyling,Kokuho,Kyoko Toyokawa,FALSE,,,,
2025,Makeup and Hairstyling,Kokuho,Naomi Hibino,FALSE,,,,
2025,Makeup and Hairstyling,Kokuho,Tadashi Nishimatsu,FALSE,,,,
2025,Makeup and Hairstyling,Sinners,Ken Diaz,FALSE,,,,
2025,Makeup and Hairstyling,Sinners,Mike Fontaine,FALSE,,,,
2025,Makeup and Hairstyling,Sinners,Shunika Terry,FALSE,,,,
2025,Makeup and Hairstyling,The Smashing Machine,Kazu Hiro,FALSE,,,,
2025,Makeup and Hairstyling,The Smashing Machine,Glen Griffin,FALSE,,,,
2025,Makeup and Hairstyling,The Smashing Machine,Bjoern Rehbein,FALSE,,,,
2025,Makeup and Hairstyling,The Ugly Stepsister,Thomas Foldberg,FALSE,,,,
2025,Makeup and Hairstyling,The Ugly Stepsister,Anne Cathrine Sauerberg,FALSE,,,,
2025,Costume Design,Avatar: Fire and Ash,Deborah L. Scott,FALSE,,,,
2025,Costume Design,Frankenstein,Kate Hawley,FALSE,,,,
2025,Costume Design,Hamnet,Malgosia Turzanska,FALSE,,,,
2025,Costume Design,Marty Supreme,Miyako Bellizzi,FALSE,,,,
2025,Costume Design,Sinners,Ruth E. Carter,FALSE,,,,
2025,Film Editing,F1,Stephen Mirrione,FALSE,,,,
2025,Film Editing,Marty Supreme,Ronald Bronstein,FALSE,,,,
2025,Film Editing,Marty Supreme,Josh Safdie,FALSE,,,,
2025,Film Editing,One Battle After Another,Andy Jurgensen,FALSE,,,,
2025,Film Editing,Sentimental Value,Olivier Bugge Coutté,FALSE,,,,
2025,Film Editing,Sinners,Michael P. Shawver,FALSE,,,,
2025,Visual Effects,Avatar: Fire and Ash,Joe Letteri,FALSE,,,,
2025,Visual Effects,Avatar: Fire and Ash,Richard Baneham,FALSE,,,,
2025,Visual Effects,Avatar: Fire and Ash,Eric Saindon,FALSE,,,,
2025,Visual Effects,Avatar: Fire and Ash,Daniel Barrett,FALSE,,,,
2025,Visual Effects,F1,Ryan Tudhope,FALSE,,,,
2025,Visual Effects,F1,Nicolas Chevallier,FALSE,,,,
2025,Visual Effects,F1,Robert Harrington,FALSE,,,,
2025,Visual Effects,F1,Keith Dawson,FALSE,,,,
2025,Visual Effects,Jurassic World Rebirth,David Vickery,FALSE,,,,
2025,Visual Effects,Jurassic World Rebirth,Stephen Aplin,FALSE,,,,
2025,Visual Effects,Jurassic World Rebirth,Charmaine Chan,FALSE,,,,
2025,Visual Effects,Jurassic World Rebirth,Neil Corbould,FALSE,,,,
2025,Visual Effects,The Lost Bus,Charlie Noble,FALSE,,,,
2025,Visual Effects,The Lost Bus,David Zaretti,FALSE,,,,
2025,Visual Effects,The Lost Bus,Russell Bowen,FALSE,,,,
2025,Visual Effects,The Lost Bus,Brandon K. McLaughlin,FALSE,,,,
2025,Visual Effects,Sinners,Michael Ralla,FALSE,,,,
2025,Visual Effects,Sinners,Espen Nordahl,FALSE,,,,
2025,Visual Effects,Sinners,Guido Wolter,FALSE,,,,
2025,Visual Effects,Sinners,Donnie Dean,FALSE,,,,
2025,Production Design,Frankenstein,Tamara Deverell,FALSE,,,,Production Design
2025,Production Design,Frankenstein,Shane Vieau,FALSE,,,,Set Decoration
2025,Production Design,Hamnet,Fiona Crombie,FALSE,,,,Production Design
2025,Production Design,Hamnet,Alice Felton,FALSE,,,,Set Decoration
2025,Production Design,Marty Supreme,Jack Fisk,FALSE,,,,Production Design
2025,Production Design,Marty Supreme,Adam Willis,FALSE,,,,Set Decoration
2025,Production Design,One Battle After Another,Florencia Martin,FALSE,,,,Production Design
2025,Production Design,One Battle After Another,Anthony Carlino,FALSE,,,,Set Decoration
2025,Production Design,Sinners,Hannah Beachler,FALSE,,,,Production Design
2025,Production Design,Sinners,Monique Champagne,FALSE,,,,Set Decoration
2025,Music (Original Song),Diane Warren: Relentless,Diane Warren,FALSE,,,Dear Me,Music & Lyrics
2025,Music (Original Song),KPop Demon Hunters,Ejae,FALSE,,,Golden,Music & Lyrics
2025,Music (Original Song),KPop Demon Hunters,Mark Sonnenblick,FALSE,,,Golden,Music & Lyrics
2025,Music (Original Song),KPop Demon Hunters,24,FALSE,,,Golden,Music & Lyrics
2025,Music (Original Song),KPop Demon Hunters,Ido,FALSE,,,Golden,Music & Lyrics
2025,Music (Original Song),KPop Demon Hunters,Teddy Park,FALSE,,,Golden,Music & Lyrics
2025,Music (Original Song),Sinners,Raphael Saadiq,FALSE,,,I Lied to You,Music & Lyrics
2025,Music (Original Song),Sinners,Ludwig Göransson,FALSE,,,I Lied to You,Music & Lyrics
2025,Music (Original Song),Viva Verdi!,Nicholas Pike,FALSE,,,Sweet Dreams of Joy,Music & Lyrics
2025,Music (Original Song),Train Dreams,Nick Cave,FALSE,,,Train Dreams,Music & Lyrics
2025,Music (Original Song),Train Dreams,Bryce Dessner,FALSE,,,Train Dreams,Music
2025,Writing (Original Screenplay),Blue Moon,Robert Kaplow,FALSE,,,,Screenplay
2025,Writing (Original Screenplay),It Was Just an Accident,Jafar Panahi,FALSE,,,,Screenplay
2025,Writing (Original Screenplay),It Was Just an Accident,Nader Saïvar,FALSE,,,,Co-Writing
2025,Writing (Original Screenplay),It Was Just an Accident,Shadmehr Rastin,FALSE,,,,Co-Writing
2025,Writing (Original Screenplay),It Was Just an Accident,Mehdi Mahmoudian,FALSE,,,,Co-Writing
2025,Writing (Original Screenplay),Marty Supreme,Ronald Bronstein,FALSE,,,,Screenplay
2025,Writing (Original Screenplay),Marty Supreme,Josh Safdie,FALSE,,,,Screenplay
2025,Writing (Original Screenplay),Sentimental Value,Eskil Vogt,FALSE,,,,Screenplay
2025,Writing (Original Screenplay),Sentimental Value,Joachim Trier,FALSE,,,,Screenplay
2025,Writing (Original Screenplay),Sinners,Ryan Coogler,FALSE,,,,Screenplay
2025,Writing (Adapted Screenplay),Bugonia,Will Tracy,FALSE,,the film Save the Green Planet! by Jang Joon-hwan,,Screenplay
2025,Writing (Adapted Screenplay),Frankenstein,Guillermo del Toro,FALSE,,the novel by Mary Shelley,,Screenplay
2025,Writing (Adapted Screenplay),Hamnet,Chloé Zhao,FALSE,,the novel by Maggie O'Farrell,,Screenplay
2025,Writing (Adapted Screenplay),Hamnet,Maggie O'Farrell,FALSE,,the novel by Maggie O'Farrell,,Screenplay
2025,Writing (Adapted Screenplay),One Battle After Another,Paul Thomas Anderson,FALSE,,the novel Vineland by Thomas Pynchon,,Screenplay
2025,Writing (Adapted Screenplay),Train Dreams,Clint Bentley,FALSE,,the novella by Denis Johnson,,Screenplay
2025,Writing (Adapted Screenplay),Train Dreams,Greg Kwedar,FALSE,,the novella by Denis Johnson,,Screenplay