Year,Category,Film,Nominee,Concordance,Won
2024,Best Contemporary Hair Styling,The Deliverance,Melissa Forney,Make-Up & Hairstyling,FALSE
2024,Best Contemporary Hair Styling,The Deliverance,Linda Flowers,Make-Up & Hairstyling,FALSE
2024,Best Contemporary Hair Styling,The Deliverance,Tommie Ammons,Make-Up & Hairstyling,FALSE
2024,Best Contemporary Hair Styling,The Deliverance,Jackie Noel,Make-Up & Hairstyling,FALSE
2024,Best Contemporary Hair Styling,The Deliverance,Eric Matthews,Make-Up & Hairstyling,FALSE
2024,Best Contemporary Hair Styling,It Ends with Us,Robert Lugo,Make-Up & Hairstyling,FALSE
2024,Best Contemporary Hair Styling,It Ends with Us,Vita Viscuso,Make-Up & Hairstyling,FALSE
2024,Best Contemporary Hair Styling,It Ends with Us,Anne Carroll,Make-Up & Hairstyling,FALSE
2024,Best Contemporary Hair Styling,The Last Showgirl,Katy McClintock,Make-Up & Hairstyling,TRUE
2024,Best Contemporary Hair Styling,The Last Showgirl,Marc Boyle,Make-Up & Hairstyling,TRUE
2024,Best Contemporary Hair Styling,The Last Showgirl,Stephanie Hobgood,Make-Up & Hairstyling,TRUE
2024,Best Contemporary Hair Styling,Megalopolis,Terrie Velazquez Owen,Make-Up & Hairstyling,FALSE
2024,Best Contemporary Hair Styling,Megalopolis,April Schuller,Make-Up & Hairstyling,FALSE
2024,Best Contemporary Hair Styling,Megalopolis,Tracy Moss,Make-Up & Hairstyling,FALSE
2024,Best Contemporary Hair Styling,Megalopolis,Victor Paz,Make-Up & Hairstyling,FALSE
2024,Best Contemporary Hair Styling,Megalopolis,Alexis Continenente,Make-Up & Hairstyling,FALSE
2024,Best Contemporary Hair Styling,The Substance,Frédérique Arguello,Make-Up & Hairstyling,FALSE
2024,Best Contemporary Make-Up,The Deliverance,Beverly Jo Pryor,Make-Up & Hairstyling,FALSE
2024,Best Contemporary Make-Up,The Deliverance,Eric Pagdin,Make-Up & Hairstyling,FALSE
2024,Best Contemporary Make-Up,The Deliverance,Chloe Sens,Make-Up & Hairstyling,FALSE
2024,Best Contemporary Make-Up,The Deliverance,Doug Fairall,Make-Up & Hairstyling,FALSE
2024,Best Contemporary Make-Up,Emlia Pérez,Julia Floch Carbonel,Make-Up & Hairstyling,FALSE
2024,Best Contemporary Make-Up,Emilia Pérez,Simon Livet,Make-Up & Hairstyling,FALSE
2024,Best Contemporary Make-Up,It Ends with Us,Sarah Graalman,Make-Up & Hairstyling,FALSE
2024,Best Contemporary Make-Up,It Ends with Us,Vivian Baker,Make-Up & Hairstyling,FALSE
2024,Best Contemporary Make-Up,It Ends with Us,Melanie Licata,Make-Up & Hairstyling,FALSE
2024,Best Contemporary Make-Up,Smile 2,Sasha Grossman,Make-Up & Hairstyling,FALSE
2024,Best Contemporary Make-Up,Smile 2,Valerie Carney,Make-Up & Hairstyling,FALSE
2024,Best Contemporary Make-Up,The Substance,Stéphanie Guillon,Make-Up & Hairstyling,TRUE
2024,Best Period and/or Character Make-Up,Beetlejuice Beetlejuice,Christine Blundell,Make-Up & Hairstyling,FALSE
2024,Best Period and/or Character Make-Up,Beetlejuice Beetlejuice,Lesa Warrener,Make-Up & Hairstyling,FALSE
2024,Best Period and/or Character Make-Up,Beetlejuice Beetlejuice,Charmaine Fuller,Make-Up & Hairstyling,FALSE
2024,Best Period and/or Character Make-Up,Beetlejuice Beetlejuice,Mona Turnbull,Make-Up & Hairstyling,FALSE
2024,Best Period and/or Character Make-Up,Beetlejuice Beetlejuice,Chloe Meddings,Make-Up & Hairstyling,FALSE
2024,Best Period and/or Character Make-Up,Deadpool & Wolverine,Bill Corso,Make-Up & Hairstyling,FALSE
2024,Best Period and/or Character Make-Up,Deadpool & Wolverine,Whitney James,Make-Up & Hairstyling,FALSE
2024,Best Period and/or Character Make-Up,Deadpool & Wolverine,Paula Price,Make-Up & Hairstyling,FALSE
2024,Best Period and/or Character Make-Up,Deadpool & Wolverine,Monica Huppert,Make-Up & Hairstyling,FALSE
2024,Best Period and/or Character Make-Up,Deadpool & Wolverine,Cyndi Reece-Thorne,Make-Up & Hairstyling,FALSE
2024,Best Period and/or Character Make-Up,Gladiator II,Jana Carboni,Make-Up & Hairstyling,FALSE
2024,Best Period and/or Character Make-Up,Gladiator II,Charlie Hounslow,Make-Up & Hairstyling,FALSE
2024,Best Period and/or Character Make-Up,Gladiator II,Maria Solberg Lepre,Make-Up & Hairstyling,FALSE
2024,Best Period and/or Character Make-Up,Gladiator II,Lauren Baldwin,Make-Up & Hairstyling,FALSE
2024,Best Period and/or Character Make-Up,Gladiator II,Chantal Busuttil,Make-Up & Hairstyling,FALSE
2024,Best Period and/or Character Make-Up,MaXXXine,Sarah Rubano,Make-Up & Hairstyling,FALSE
2024,Best Period and/or Character Make-Up,MaXXXine,Mandy Artusato,Make-Up & Hairstyling,FALSE
2024,Best Period and/or Character Make-Up,MaXXXine,Akiko Matsumoto,Make-Up & Hairstyling,FALSE
2024,Best Period and/or Character Make-Up,Wicked,Frances Hannon,Make-Up & Hairstyling,TRUE
2024,Best Period and/or Character Make-Up,Wicked,Alice Jones,Make-Up & Hairstyling,TRUE
2024,Best Period and/or Character Make-Up,Wicked,Nuria Mbornio,Make-Up & Hairstyling,TRUE
2024,Best Period and/or Character Make-Up,Wicked,Johanna Nielsen,Make-Up & Hairstyling,TRUE
2024,Best Period and/or Character Make-Up,Wicked,Branka Vorkapic,Make-Up & Hairstyling,TRUE
2024,Best Period Hair Styling and/or Character Hair Styling,Beetlejuice Beetlejuice,Christine Blundell,Make-Up & Hairstyling,FALSE
2024,Best Period Hair Styling and/or Character Hair Styling,Beetlejuice Beetlejuice,Lesa Warrener,Make-Up & Hairstyling,FALSE
2024,Best Period Hair Styling and/or Character Hair Styling,Beetlejuice Beetlejuice,Susan Cole,Make-Up & Hairstyling,FALSE
2024,Best Period Hair Styling and/or Character Hair Styling,Beetlejuice Beetlejuice,Charmaine Fuller,Make-Up & Hairstyling,FALSE
2024,Best Period Hair Styling and/or Character Hair Styling,Beetlejuice Beetlejuice,Chloe Meddings,Make-Up & Hairstyling,FALSE
2024,Best Period Hair Styling and/or Character Hair Styling,Bob Marley: One Love,Carla Farmer,Make-Up & Hairstyling,FALSE
2024,Best Period Hair Styling and/or Character Hair Styling,Bob Marley: One Love,Nadia Stacey,Make-Up & Hairstyling,FALSE
2024,Best Period Hair Styling and/or Character Hair Styling,Bob Marley: One Love,Morris Roots,Make-Up & Hairstyling,FALSE
2024,Best Period Hair Styling and/or Character Hair Styling,Gladiator II,Giuliano Mariano,Make-Up & Hairstyling,FALSE
2024,Best Period Hair Styling and/or Character Hair Styling,Gladiator II,Kerstin Weller,Make-Up & Hairstyling,FALSE
2024,Best Period Hair Styling and/or Character Hair Styling,Gladiator II,Romina Ronzani,Make-Up & Hairstyling,FALSE
2024,Best Period Hair Styling and/or Character Hair Styling,Gladiator II,Nicola Mariano,Make-Up & Hairstyling,FALSE
2024,Best Period Hair Styling and/or Character Hair Styling,Gladiator II,Marcelle Genovese,Make-Up & Hairstyling,FALSE
2024,Best Period Hair Styling and/or Character Hair Styling,Shirley,Nakoya Yancey,Make-Up & Hairstyling,FALSE
2024,Best Period Hair Styling and/or Character Hair Styling,Shirley,"Wayne Jolla, Jr.",Make-Up & Hairstyling,FALSE
2024,Best Period Hair Styling and/or Character Hair Styling,Shirley,Gayette Williams,Make-Up & Hairstyling,FALSE
2024,Best Period Hair Styling and/or Character Hair Styling,Shirley,Lisa Thomas,Make-Up & Hairstyling,FALSE
2024,Best Period Hair Styling and/or Character Hair Styling,Wicked,Frances Hannon,Make-Up & Hairstyling,TRUE
2024,Best Period Hair Styling and/or Character Hair Styling,Wicked,Sarah Nuth,Make-Up & Hairstyling,TRUE
2024,Best Period Hair Styling and/or Character Hair Styling,Wicked,Sim Camps,Make-Up & Hairstyling,TRUE
2024,Best Period Hair Styling and/or Character Hair Styling,Wicked,Gabor Kerekes,Make-Up & Hairstyling,TRUE
2024,Best Special Make-Up Effects,A Different Man,Mike Marino,Make-Up & Hairstyling,FALSE
2024,Best Special Make-Up Effects,A Different Man,David Presto,Make-Up & Hairstyling,FALSE
2024,Best Special Make-Up Effects,A Different Man,Crystal Junado,Make-Up & Hairstyling,FALSE
2024,Best Special Make-Up Effects,Beetlejuice Beetlejuice,Jennifer Kewley,Make-Up & Hairstyling,FALSE
2024,Best Special Make-Up Effects,Beetlejuice Beetlejuice,Megan Thomas,Make-Up & Hairstyling,FALSE
2024,Best Special Make-Up Effects,Beetlejuice Beetlejuice,Martin Rezard,Make-Up & Hairstyling,FALSE
2024,Best Special Make-Up Effects,Deadpool & Wolverine,Bill Corso,Make-Up & Hairstyling,FALSE
2024,Best Special Make-Up Effects,Deadpool & Wolverine,Andrew Clement,Make-Up & Hairstyling,FALSE
2024,Best Special Make-Up Effects,Deadpool & Wolverine,Monica Huppert,Make-Up & Hairstyling,FALSE
2024,Best Special Make-Up Effects,Deadpool & Wolverine,Geoff Redknap,Make-Up & Hairstyling,FALSE
2024,Best Special Make-Up Effects,Deadpool & Wolverine,Robb Crafer,Make-Up & Hairstyling,FALSE
2024,Best Special Make-Up Effects,The Deliverance,Jason Collins,Make-Up & Hairstyling,FALSE
2024,Best Special Make-Up Effects,The Deliverance,Chloe Sens,Make-Up & Hairstyling,FALSE
2024,Best Special Make-Up Effects,The Deliverance,Michael McCarty,Make-Up & Hairstyling,FALSE
2024,Best Special Make-Up Effects,The Substance,Pierre-Olivier Persin,Make-Up & Hairstyling,TRUE
2023,Best Contemporary Hair Styling,Saltburn,Siân Miller,Make-Up & Hairstyling,TRUE
2023,Best Contemporary Hair Styling,Saltburn,Laura Allen,Make-Up & Hairstyling,TRUE
2023,Best Contemporary Hair Styling,Candy Cane Lane,Yvette Shelton,Make-Up & Hairstyling,FALSE
2023,Best Contemporary Hair Styling,Candy Cane Lane,Shian Banks,Make-Up & Hairstyling,FALSE
2023,Best Contemporary Hair Styling,Candy Cane Lane,Stacey Morris,Make-Up & Hairstyling,FALSE
2023,Best Contemporary Hair Styling,Candy Cane Lane,Maisha Oliver,Make-Up & Hairstyling,FALSE
2023,Best Contemporary Hair Styling,Joy Ride,Jeannie Chow,Make-Up & Hairstyling,FALSE
2023,Best Contemporary Hair Styling,Joy Ride,Kim Lee,Make-Up & Hairstyling,FALSE
2023,Best Contemporary Hair Styling,Nyad,Daniel Curet,Make-Up & Hairstyling,FALSE
2023,Best Contemporary Hair Styling,Nyad,Vanessa Columbo,Make-Up & Hairstyling,FALSE
2023,Best Contemporary Hair Styling,Nyad,Enzo Angileri,Make-Up & Hairstyling,FALSE
2023,Best Contemporary Hair Styling,Nyad,Darlene Brumfeld,Make-Up & Hairstyling,FALSE
2023,Best Contemporary Hair Styling,Pain Hustlers,Michelle Johnson,Make-Up & Hairstyling,FALSE
2023,Best Contemporary Hair Styling,Pain Hustlers,Dennis Bailey,Make-Up & Hairstyling,FALSE
2023,Best Contemporary Make-Up,Saltburn,Siân Miller,Make-Up & Hairstyling,TRUE
2023,Best Contemporary Make-Up,Saltburn,Laura Allen,Make-Up & Hairstyling,TRUE
2023,Best Contemporary Make-Up,Candy Cane Lane,Tym Shutchai Buacharern,Make-Up & Hairstyling,FALSE
2023,Best Contemporary Make-Up,Candy Cane Lane,Michele Lewis,Make-Up & Hairstyling,FALSE
2023,Best Contemporary Make-Up,Candy Cane Lane,Jennifer Zide-Essex,Make-Up & Hairstyling,FALSE
2023,Best Contemporary Make-Up,Candy Cane Lane,Yvettra Grantham,Make-Up & Hairstyling,FALSE
2023,Best Contemporary Make-Up,Guardians of the Galaxy Vol. 3,Jane Galli,Make-Up & Hairstyling,FALSE
2023,Best Contemporary Make-Up,Haunted Mansion,Kimberly Jones,Make-Up & Hairstyling,FALSE
2023,Best Contemporary Make-Up,Haunted Mansion,Dionne Wynn,Make-Up & Hairstyling,FALSE
2023,Best Contemporary Make-Up,Haunted Mansion,Bridgit Crider,Make-Up & Hairstyling,FALSE
2023,Best Contemporary Make-Up,Haunted Mansion,Carla Vannessa Wallace,Make-Up & Hairstyling,FALSE
2023,Best Contemporary Make-Up,Nyad,Felicity Bowring,Make-Up & Hairstyling,FALSE
2023,Best Contemporary Make-Up,Nyad,Ann Maree Hurley,Make-Up & Hairstyling,FALSE
2023,Best Contemporary Make-Up,Nyad,Julie Hewett,Make-Up & Hairstyling,FALSE
2023,Best Contemporary Make-Up,Nyad,Maha Mimo,Make-Up & Hairstyling,FALSE
2023,Best Period and/or Character Make-Up,Maestro,Siân Grigg,Make-Up & Hairstyling,TRUE
2023,Best Period and/or Character Make-Up,Maestro,Jackie Risotto,Make-Up & Hairstyling,TRUE
2023,Best Period and/or Character Make-Up,Maestro,Elisa Tallerico,Make-Up & Hairstyling,TRUE
2023,Best Period and/or Character Make-Up,Maestro,Nicky Pattison-Illum,Make-Up & Hairstyling,TRUE
2023,Best Period and/or Character Make-Up,Barbie,Ivana Primorac,Make-Up & Hairstyling,FALSE
2023,Best Period and/or Character Make-Up,Barbie,Victoria Down,Make-Up & Hairstyling,FALSE
2023,Best Period and/or Character Make-Up,Barbie,Maha Mimo,Make-Up & Hairstyling,FALSE
2023,Best Period and/or Character Make-Up,Guardians of the Galaxy Vol. 3,Alexei Dmitriew,Make-Up & Hairstyling,FALSE
2023,Best Period and/or Character Make-Up,Guardians of the Galaxy Vol. 3,Nicole Sortillon,Make-Up & Hairstyling,FALSE
2023,Best Period and/or Character Make-Up,Guardians of the Galaxy Vol. 3,Amos Samantha Ward,Make-Up & Hairstyling,FALSE
2023,Best Period and/or Character Make-Up,Guardians of the Galaxy Vol. 3,LuAndra Whitehurs,Make-Up & Hairstyling,FALSE
2023,Best Period and/or Character Make-Up,Oppenheimer,Luisa Abel,Make-Up & Hairstyling,FALSE
2023,Best Period and/or Character Make-Up,Oppenheimer,Jason Hamer,Make-Up & Hairstyling,FALSE
2023,Best Period and/or Character Make-Up,Oppenheimer,Kerrin Jackson,Make-Up & Hairstyling,FALSE
2023,Best Period and/or Character Make-Up,Oppenheimer,Jamie Loree Hess,Make-Up & Hairstyling,FALSE
2023,Best Period and/or Character Make-Up,Poor Things,Nadia Stacey,Make-Up & Hairstyling,FALSE
2023,Best Period Hair Styling and/or Character Hair Styling,Barbie,Ivana Primorac,Make-Up & Hairstyling,TRUE
2023,Best Period Hair Styling and/or Character Hair Styling,Barbie,Marie Larkin,Make-Up & Hairstyling,TRUE
2023,Best Period Hair Styling and/or Character Hair Styling,Barbie,Clare Corsick,Make-Up & Hairstyling,TRUE
2023,Best Period Hair Styling and/or Character Hair Styling,Chevalier,Roo Maurice,Make-Up & Hairstyling,FALSE
2023,Best Period Hair Styling and/or Character Hair Styling,Chevalier,Francesco Pegoretti,Make-Up & Hairstyling,FALSE
2023,Best Period Hair Styling and/or Character Hair Styling,The Color Purple,Lawrence Davis,Make-Up & Hairstyling,FALSE
2023,Best Period Hair Styling and/or Character Hair Styling,The Color Purple,Andrea Mona Bowman,Make-Up & Hairstyling,FALSE
2023,Best Period Hair Styling and/or Character Hair Styling,The Color Purple,Tym Wallace,Make-Up & Hairstyling,FALSE
2023,Best Period Hair Styling and/or Character Hair Styling,Guardians of the Galaxy Vol. 3,Cassandra Lyn Russek,Make-Up & Hairstyling,FALSE
2023,Best Period Hair Styling and/or Character Hair Styling,Guardians of the Galaxy Vol. 3,Stephanie Fenner,Make-Up & Hairstyling,FALSE
2023,Best Period Hair Styling and/or Character Hair Styling,Guardians of the Galaxy Vol. 3,Peter Tothpal,Make-Up & Hairstyling,FALSE
2023,Best Period Hair Styling and/or Character Hair Styling,Guardians of the Galaxy Vol. 3,Connie Criswell,Make-Up & Hairstyling,FALSE
2023,Best Period Hair Styling and/or Character Hair Styling,Maestro,Kay Georgiou,Make-Up & Hairstyling,FALSE
2023,Best Period Hair Styling and/or Character Hair Styling,Maestro,Lori McCoy-Bell,Make-Up & Hairstyling,FALSE
2023,Best Period Hair Styling and/or Character Hair Styling,Maestro,Jameson Eaton,Make-Up & Hairstyling,FALSE
2023,Best Period Hair Styling and/or Character Hair Styling,Maestro,Amanda Duffy-Evans,Make-Up & Hairstyling,FALSE
2023,Best Special Make-Up Effects,Maestro,Kazu Hiro,Make-Up & Hairstyling,TRUE
2023,Best Special Make-Up Effects,Maestro,Siân Grigg,Make-Up & Hairstyling,TRUE
2023,Best Special Make-Up Effects,Maestro,Duncan Jarman,Make-Up & Hairstyling,TRUE
2023,Best Special Make-Up Effects,Maestro,Mike Mekash,Make-Up & Hairstyling,TRUE
2023,Best Special Make-Up Effects,Golda,Karen Thomas,Make-Up & Hairstyling,FALSE
2023,Best Special Make-Up Effects,Golda,Eva Susanna Johnson Theodosiou,Make-Up & Hairstyling,FALSE
2023,Best Special Make-Up Effects,Guardians of the Galaxy Vol. 3,Alexei Dmitriew,Make-Up & Hairstyling,FALSE
2023,Best Special Make-Up Effects,Guardians of the Galaxy Vol. 3,Lindsay MacGowen,Make-Up & Hairstyling,FALSE
2023,Best Special Make-Up Effects,Guardians of the Galaxy Vol. 3,Shane Mahan,Make-Up & Hairstyling,FALSE
2023,Best Special Make-Up Effects,Guardians of the Galaxy Vol. 3,Scott Stoddard,Make-Up & Hairstyling,FALSE
2023,Best Special Make-Up Effects,Poor Things,Nadia Stacey,Make-Up & Hairstyling,FALSE
2023,Best Special Make-Up Effects,Poor Things,Mark Coulier,Make-Up & Hairstyling,FALSE
2023,Best Special Make-Up Effects,Rebel Moon: Part One,A Child of Fire – Ozzy Alvarez,Make-Up & Hairstyling,FALSE
2023,Best Special Make-Up Effects,Rebel Moon: Part One,Justin Raleigh,Make-Up & Hairstyling,FALSE
2023,Best Special Make-Up Effects,Rebel Moon: Part One,Kelsey Berk,Make-Up & Hairstyling,FALSE
2023,Best Special Make-Up Effects,Rebel Moon: Part One,Jonathan Shroyer,Make-Up & Hairstyling,FALSE
2022,Best Contemporary Hair Styling,Black Panther: Wakanda Forever,Camille Friend,Make-Up & Hairstyling,TRUE
2022,Best Contemporary Hair Styling,Black Panther: Wakanda Forever,Evelyn Feliciano,Make-Up & Hairstyling,TRUE
2022,Best Contemporary Hair Styling,Black Panther: Wakanda Forever,Marva Stokes,Make-Up & Hairstyling,TRUE
2022,Best Contemporary Hair Styling,Black Panther: Wakanda Forever,Victor Paz,Make-Up & Hairstyling,TRUE
2022,Best Contemporary Hair Styling,The Batman,Zoe Tahir,Make-Up & Hairstyling,FALSE
2022,Best Contemporary Hair Styling,The Batman,Melissa van Tongeren,Make-Up & Hairstyling,FALSE
2022,Best Contemporary Hair Styling,The Batman,Paula Price,Make-Up & Hairstyling,FALSE
2022,Best Contemporary Hair Styling,The Batman,Andrea Lance Jones,Make-Up & Hairstyling,FALSE
2022,Best Contemporary Hair Styling,Everything Everywhere All at Once,Anissa E. Salazar,Make-Up & Hairstyling,FALSE
2022,Best Contemporary Hair Styling,Everything Everywhere All at Once,Meghan Heaney,Make-Up & Hairstyling,FALSE
2022,Best Contemporary Hair Styling,Everything Everywhere All at Once,Miki Caporusso,Make-Up & Hairstyling,FALSE
2022,Best Contemporary Hair Styling,Glass Onion: A Knives Out Mystery,Jeremy Woodhead,Make-Up & Hairstyling,FALSE
2022,Best Contemporary Hair Styling,Glass Onion: A Knives Out Mystery,Tracey Smith,Make-Up & Hairstyling,FALSE
2022,Best Contemporary Hair Styling,Glass Onion: A Knives Out Mystery,Leslie D. Bennett,Make-Up & Hairstyling,FALSE
2022,Best Contemporary Hair Styling,The Menu,Adruitha Lee,Make-Up & Hairstyling,FALSE
2022,Best Contemporary Hair Styling,The Menu,Monique Hyman,Make-Up & Hairstyling,FALSE
2022,Best Contemporary Hair Styling,The Menu,Kate Loftis,Make-Up & Hairstyling,FALSE
2022,Best Contemporary Hair Styling,The Menu,Barbara Sanders,Make-Up & Hairstyling,FALSE
2022,Best Contemporary Make-Up,Everything Everywhere All at Once,Michelle Chung,Make-Up & Hairstyling,TRUE
2022,Best Contemporary Make-Up,Everything Everywhere All at Once,Erin Rosenmann,Make-Up & Hairstyling,TRUE
2022,Best Contemporary Make-Up,Everything Everywhere All at Once,Dania A. Ridgway,Make-Up & Hairstyling,TRUE
2022,Best Contemporary Make-Up,The Batman,Naomi Donne,Make-Up & Hairstyling,FALSE
2022,Best Contemporary Make-Up,The Batman,Doone Forsyth,Make-Up & Hairstyling,FALSE
2022,Best Contemporary Make-Up,The Batman,Norma Webb,Make-Up & Hairstyling,FALSE
2022,Best Contemporary Make-Up,The Batman,Jemma Carballo,Make-Up & Hairstyling,FALSE
2022,Best Contemporary Make-Up,The Menu,Deborah La Mia Denaver,Make-Up & Hairstyling,FALSE
2022,Best Contemporary Make-Up,The Menu,Mazena Puksto,Make-Up & Hairstyling,FALSE
2022,Best Contemporary Make-Up,The Menu,Donna Cicatelli,Make-Up & Hairstyling,FALSE
2022,Best Contemporary Make-Up,The Menu,Deb Rutherford,Make-Up & Hairstyling,FALSE
2022,Best Contemporary Make-Up,Nope,Shutchai Tym Buacharern,Make-Up & Hairstyling,FALSE
2022,Best Contemporary Make-Up,Nope,Jennifer Zide-Essex,Make-Up & Hairstyling,FALSE
2022,Best Contemporary Make-Up,Nope,Eleanor Sabaduquia,Make-Up & Hairstyling,FALSE
2022,Best Contemporary Make-Up,Nope,Kato De Stefan,Make-Up & Hairstyling,FALSE
2022,Best Contemporary Make-Up,Spirited,Monica Huppert,Make-Up & Hairstyling,FALSE
2022,Best Contemporary Make-Up,Spirited,Autumn J. Butler,Make-Up & Hairstyling,FALSE
2022,Best Contemporary Make-Up,Spirited,Vivian Baker,Make-Up & Hairstyling,FALSE
2022,Best Period and/or Character Make-Up,Elvis,Shane Thomas,Make-Up & Hairstyling,TRUE
2022,Best Period and/or Character Make-Up,Elvis,Angela Conte,Make-Up & Hairstyling,TRUE
2022,Best Period and/or Character Make-Up,Amsterdam,Nana Fischer,Make-Up & Hairstyling,FALSE
2022,Best Period and/or Character Make-Up,Amsterdam,Miho Suzuki,Make-Up & Hairstyling,FALSE
2022,Best Period and/or Character Make-Up,Amsterdam,Jason Collins,Make-Up & Hairstyling,FALSE
2022,Best Period and/or Character Make-Up,Babylon,Heba Thorisdottir,Make-Up & Hairstyling,FALSE
2022,Best Period and/or Character Make-Up,Babylon,Shaunna Bren Chavez,Make-Up & Hairstyling,FALSE
2022,Best Period and/or Character Make-Up,Babylon,Jean Black,Make-Up & Hairstyling,FALSE
2022,Best Period and/or Character Make-Up,Babylon,Mandy Artusato,Make-Up & Hairstyling,FALSE
2022,Best Period and/or Character Make-Up,Blonde,Tina Roesler Kerwin,Make-Up & Hairstyling,FALSE
2022,Best Period and/or Character Make-Up,Blonde,Elena Arroy,Make-Up & Hairstyling,FALSE
2022,Best Period and/or Character Make-Up,Blonde,Cassie Lyons,Make-Up & Hairstyling,FALSE
2022,Best Period and/or Character Make-Up,Till,Denise Tunnell,Make-Up & Hairstyling,FALSE
2022,Best Period and/or Character Make-Up,Till,Janice Tunnell,Make-Up & Hairstyling,FALSE
2022,Best Period and/or Character Make-Up,Till,Ashley Langston,Make-Up & Hairstyling,FALSE
2022,Best Period Hair Styling and/or Character Hair Styling,Elvis,Shane Thomas,Make-Up & Hairstyling,TRUE
2022,Best Period Hair Styling and/or Character Hair Styling,Elvis,Louise Coulston,Make-Up & Hairstyling,TRUE
2022,Best Period Hair Styling and/or Character Hair Styling,Amsterdam,Adruitha Lee,Make-Up & Hairstyling,FALSE
2022,Best Period Hair Styling and/or Character Hair Styling,Amsterdam,Lori McCoy-Bell,Make-Up & Hairstyling,FALSE
2022,Best Period Hair Styling and/or Character Hair Styling,Amsterdam,Cassandra L. Russek,Make-Up & Hairstyling,FALSE
2022,Best Period Hair Styling and/or Character Hair Styling,Amsterdam,Yvette Shelton,Make-Up & Hairstyling,FALSE
2022,Best Period Hair Styling and/or Character Hair Styling,Babylon,Jaime Leigh McIntosh,Make-Up & Hairstyling,FALSE
2022,Best Period Hair Styling and/or Character Hair Styling,Babylon,Ahou Mofid,Make-Up & Hairstyling,FALSE
2022,Best Period Hair Styling and/or Character Hair Styling,Babylon,Aubrey Marie,Make-Up & Hairstyling,FALSE
2022,Best Period Hair Styling and/or Character Hair Styling,Blonde,Jaime Leigh McIntosh,Make-Up & Hairstyling,FALSE
2022,Best Period Hair Styling and/or Character Hair Styling,Blonde,Lynnae Duley,Make-Up & Hairstyling,FALSE
2022,Best Period Hair Styling and/or Character Hair Styling,Blonde,Ahou Mofid,Make-Up & Hairstyling,FALSE
2022,Best Period Hair Styling and/or Character Hair Styling,Blonde,Robert Pickens,Make-Up & Hairstyling,FALSE
2022,Best Period Hair Styling and/or Character Hair Styling,The Woman King,Louisa Anthony,Make-Up & Hairstyling,FALSE
2022,Best Period Hair Styling and/or Character Hair Styling,The Woman King,Jamika Wilson,Make-Up & Hairstyling,FALSE
2022,Best Period Hair Styling and/or Character Hair Styling,The Woman King,Plaxedes Kelias,Make-Up & Hairstyling,FALSE
2022,Best Period Hair Styling and/or Character Hair Styling,The Woman King,Charity Gwakuka,Make-Up & Hairstyling,FALSE
2022,Best Special Make-Up Effects,The Whale,Adrien Morot,Make-Up & Hairstyling,TRUE
2022,Best Special Make-Up Effects,The Whale,Kathy Tse,Make-Up & Hairstyling,TRUE
2022,Best Special Make-Up Effects,The Whale,Chris Gallaher,Make-Up & Hairstyling,TRUE
2022,Best Special Make-Up Effects,The Batman,Michael Marino,Make-Up & Hairstyling,FALSE
2022,Best Special Make-Up Effects,The Batman,Mike Fontaine,Make-Up & Hairstyling,FALSE
2022,Best Special Make-Up Effects,The Batman,Yoichi Art Sakamoto,Make-Up & Hairstyling,FALSE
2022,Best Special Make-Up Effects,The Batman,Göran Lundström,Make-Up & Hairstyling,FALSE
2022,Best Special Make-Up Effects,Black Panther: Wakanda Forever,Joel Harlow,Make-Up & Hairstyling,FALSE
2022,Best Special Make-Up Effects,Black Panther: Wakanda Forever,Kim Felix,Make-Up & Hairstyling,FALSE
2022,Best Special Make-Up Effects,Elvis,Mark Coulier,Make-Up & Hairstyling,FALSE
2022,Best Special Make-Up Effects,Elvis,Jason Baird,Make-Up & Hairstyling,FALSE
2022,Best Special Make-Up Effects,Elvis,Barrie Gower,Make-Up & Hairstyling,FALSE
2022,Best Special Make-Up Effects,Elvis,Emma Faulkes,Make-Up & Hairstyling,FALSE
2022,Best Special Make-Up Effects,Elvis,Chloe Muton-Phillips,Make-Up & Hairstyling,FALSE
2021,Best Contemporary Make-Up in a Feature-Length Motion Picture,Coming 2 America,Merc Arceneaux,Make-Up & Hairstyling,TRUE
2021,Best Contemporary Make-Up in a Feature-Length Motion Picture,Coming 2 America,Caroline Monge,Make-Up & Hairstyling,TRUE
2021,Best Contemporary Make-Up in a Feature-Length Motion Picture,Coming 2 America,Trent Simmons,Make-Up & Hairstyling,TRUE
2021,Best Contemporary Make-Up in a Feature-Length Motion Picture,Coming 2 America,Vera Steimberg,Make-Up & Hairstyling,TRUE
2021,Best Contemporary Make-Up in a Feature-Length Motion Picture,Black Widow,Deborah LaMia Denaver,Make-Up & Hairstyling,FALSE
2021,Best Contemporary Make-Up in a Feature-Length Motion Picture,Black Widow,Paul Gooch,Make-Up & Hairstyling,FALSE
2021,Best Contemporary Make-Up in a Feature-Length Motion Picture,Black Widow,Paula Price,Make-Up & Hairstyling,FALSE
2021,Best Contemporary Make-Up in a Feature-Length Motion Picture,Don't Look Up,Liz Bernstrom,Make-Up & Hairstyling,FALSE
2021,Best Contemporary Make-Up in a Feature-Length Motion Picture,Don't Look Up,Joseph Dulude ll,Make-Up & Hairstyling,FALSE
2021,Best Contemporary Make-Up in a Feature-Length Motion Picture,Don't Look Up,Julie LeShane,Make-Up & Hairstyling,FALSE
2021,Best Contemporary Make-Up in a Feature-Length Motion Picture,Don't Look Up,Claudia Moriel,Make-Up & Hairstyling,FALSE
2021,Best Contemporary Make-Up in a Feature-Length Motion Picture,No Time to Die,Daniel Phillips,Make-Up & Hairstyling,FALSE
2021,Best Contemporary Make-Up in a Feature-Length Motion Picture,The Suicide Squad,Jillian Erickson,Make-Up & Hairstyling,FALSE
2021,Best Contemporary Make-Up in a Feature-Length Motion Picture,The Suicide Squad,Greg Funk,Make-Up & Hairstyling,FALSE
2021,Best Contemporary Make-Up in a Feature-Length Motion Picture,The Suicide Squad,Heba Thorisdottir,Make-Up & Hairstyling,FALSE
2021,Best Contemporary Make-Up in a Feature-Length Motion Picture,The Suicide Squad,Sabrina Wilson,Make-Up & Hairstyling,FALSE
2021,Best Contemporary Hair Styling in a Feature-Length Motion Picture,Coming 2 America,Louisa Anthony,Make-Up & Hairstyling,TRUE
2021,Best Contemporary Hair Styling in a Feature-Length Motion Picture,Coming 2 America,Carla Farmer,Make-Up & Hairstyling,TRUE
2021,Best Contemporary Hair Styling in a Feature-Length Motion Picture,Coming 2 America,Stacey Morris,Make-Up & Hairstyling,TRUE
2021,Best Contemporary Hair Styling in a Feature-Length Motion Picture,Coming 2 America,Victor Paz,Make-Up & Hairstyling,TRUE
2021,Best Contemporary Hair Styling in a Feature-Length Motion Picture,In the Heights,Annemarie Bradley-Sherron,Make-Up & Hairstyling,FALSE
2021,Best Contemporary Hair Styling in a Feature-Length Motion Picture,In the Heights,Diedre Harris,Make-Up & Hairstyling,FALSE
2021,Best Contemporary Hair Styling in a Feature-Length Motion Picture,In the Heights,Betsy Reyes,Make-Up & Hairstyling,FALSE
2021,Best Contemporary Hair Styling in a Feature-Length Motion Picture,In the Heights,Valerie Velez,Make-Up & Hairstyling,FALSE
2021,Best Contemporary Hair Styling in a Feature-Length Motion Picture,The Matrix Resurrections,Flora Moody,Make-Up & Hairstyling,FALSE
2021,Best Contemporary Hair Styling in a Feature-Length Motion Picture,The Matrix Resurrections,Kerrie Smith,Make-Up & Hairstyling,FALSE
2021,Best Contemporary Hair Styling in a Feature-Length Motion Picture,The Matrix Resurrections,Shunika Terry,Make-Up & Hairstyling,FALSE
2021,Best Contemporary Hair Styling in a Feature-Length Motion Picture,No Time to Die,Daniel Phillips,Make-Up & Hairstyling,FALSE
2021,Best Contemporary Hair Styling in a Feature-Length Motion Picture,The Suicide Squad,Michelle Diamantides,Make-Up & Hairstyling,FALSE
2021,Best Contemporary Hair Styling in a Feature-Length Motion Picture,The Suicide Squad,Janine Rath-Thompson,Make-Up & Hairstyling,FALSE
2021,Best Contemporary Hair Styling in a Feature-Length Motion Picture,The Suicide Squad,Kristen Saia,Make-Up & Hairstyling,FALSE
2021,Best Contemporary Hair Styling in a Feature-Length Motion Picture,The Suicide Squad,Melizah Wheat,Make-Up & Hairstyling,FALSE
2021,Best Period and/or Character Make-Up in a Feature-Length Motion Picture,Cruella,Guy Common,Make-Up & Hairstyling,TRUE
2021,Best Period and/or Character Make-Up in a Feature-Length Motion Picture,Cruella,Naomi Donne,Make-Up & Hairstyling,TRUE
2021,Best Period and/or Character Make-Up in a Feature-Length Motion Picture,Cruella,Nadia Stacey,Make-Up & Hairstyling,TRUE
2021,Best Period and/or Character Make-Up in a Feature-Length Motion Picture,Being the Ricardos,David Craig Forrest,Make-Up & Hairstyling,FALSE
2021,Best Period and/or Character Make-Up in a Feature-Length Motion Picture,Being the Ricardos,Ana Lozano,Make-Up & Hairstyling,FALSE
2021,Best Period and/or Character Make-Up in a Feature-Length Motion Picture,Being the Ricardos,Kyra Panchenko,Make-Up & Hairstyling,FALSE
2021,Best Period and/or Character Make-Up in a Feature-Length Motion Picture,Being the Ricardos,Denise Paulson,Make-Up & Hairstyling,FALSE
2021,Best Period and/or Character Make-Up in a Feature-Length Motion Picture,Dune,Rocky Faulkner,Make-Up & Hairstyling,FALSE
2021,Best Period and/or Character Make-Up in a Feature-Length Motion Picture,Dune,Jo-Ann MacNeil,Make-Up & Hairstyling,FALSE
2021,Best Period and/or Character Make-Up in a Feature-Length Motion Picture,Dune,Donald Mowat,Make-Up & Hairstyling,FALSE
2021,Best Period and/or Character Make-Up in a Feature-Length Motion Picture,Dune,Jennifer Stanfield,Make-Up & Hairstyling,FALSE
2021,Best Period and/or Character Make-Up in a Feature-Length Motion Picture,The Eyes of Tammy Faye,Ashleigh Chavis-Wolfe,Make-Up & Hairstyling,FALSE
2021,Best Period and/or Character Make-Up in a Feature-Length Motion Picture,The Eyes of Tammy Faye,Linda Dowds,Make-Up & Hairstyling,FALSE
2021,Best Period and/or Character Make-Up in a Feature-Length Motion Picture,The Eyes of Tammy Faye,Renee Goodwin,Make-Up & Hairstyling,FALSE
2021,Best Period and/or Character Make-Up in a Feature-Length Motion Picture,House of Gucci,Jana Carboni,Make-Up & Hairstyling,FALSE
2021,Best Period and/or Character Make-Up in a Feature-Length Motion Picture,House of Gucci,Daniel Lawson Johnston,Make-Up & Hairstyling,FALSE
2021,Best Period and/or Character Make-Up in a Feature-Length Motion Picture,House of Gucci,Stefania Pellegini,Make-Up & Hairstyling,FALSE
2021,Best Period and/or Character Make-Up in a Feature-Length Motion Picture,House of Gucci,Sarah Tanno,Make-Up & Hairstyling,FALSE
2021,Best Period and/or Character Hair Styling in a Feature-Length Motion Picture,Being the Ricardos,Lindy Dunn,Make-Up & Hairstyling,TRUE
2021,Best Period and/or Character Hair Styling in a Feature-Length Motion Picture,Being the Ricardos,Teressa Hill,Make-Up & Hairstyling,TRUE
2021,Best Period and/or Character Hair Styling in a Feature-Length Motion Picture,Being the Ricardos,Yvonne De Patis-Kupka,Make-Up & Hairstyling,TRUE
2021,Best Period and/or Character Hair Styling in a Feature-Length Motion Picture,Being the Ricardos,Kim Santantonio,Make-Up & Hairstyling,TRUE
2021,Best Period and/or Character Hair Styling in a Feature-Length Motion Picture,Cruella,Naomi Donne,Make-Up & Hairstyling,FALSE
2021,Best Period and/or Character Hair Styling in a Feature-Length Motion Picture,Cruella,Nadia Stacey,Make-Up & Hairstyling,FALSE
2021,Best Period and/or Character Hair Styling in a Feature-Length Motion Picture,Cruella,Julia Vernon,Make-Up & Hairstyling,FALSE
2021,Best Period and/or Character Hair Styling in a Feature-Length Motion Picture,The Eyes of Tammy Faye,Bryson Conley,Make-Up & Hairstyling,FALSE
2021,Best Period and/or Character Hair Styling in a Feature-Length Motion Picture,The Eyes of Tammy Faye,Heather Hawkins,Make-Up & Hairstyling,FALSE
2021,Best Period and/or Character Hair Styling in a Feature-Length Motion Picture,The Eyes of Tammy Faye,Stephanie Ingram,Make-Up & Hairstyling,FALSE
2021,Best Period and/or Character Hair Styling in a Feature-Length Motion Picture,The Eyes of Tammy Faye,Betty Lou Skinner,Make-Up & Hairstyling,FALSE
2021,Best Period and/or Character Hair Styling in a Feature-Length Motion Picture,House of Gucci,Frederic Aspiras,Make-Up & Hairstyling,FALSE
2021,Best Period and/or Character Hair Styling in a Feature-Length Motion Picture,House of Gucci,Alexis Continente,Make-Up & Hairstyling,FALSE
2021,Best Period and/or Character Hair Styling in a Feature-Length Motion Picture,House of Gucci,Anna Carin Lock,Make-Up & Hairstyling,FALSE
2021,Best Period and/or Character Hair Styling in a Feature-Length Motion Picture,House of Gucci,Giuliano Mariano,Make-Up & Hairstyling,FALSE
2021,Best Period and/or Character Hair Styling in a Feature-Length Motion Picture,West Side Story,Jerry DeCarlo,Make-Up & Hairstyling,FALSE
2021,Best Period and/or Character Hair Styling in a Feature-Length Motion Picture,West Side Story,Kay Georgiou,Make-Up & Hairstyling,FALSE
2021,Best Special Make-Up Effects in a Feature-Length Motion Picture,Coming 2 America,Mike Marino,Make-Up & Hairstyling,TRUE
2021,Best Special Make-Up Effects in a Feature-Length Motion Picture,Coming 2 America,Michael Fontaine,Make-Up & Hairstyling,TRUE
2021,Best Special Make-Up Effects in a Feature-Length Motion Picture,Coming 2 America,Yoichi Art Sakamoto,Make-Up & Hairstyling,TRUE
2021,Best Special Make-Up Effects in a Feature-Length Motion Picture,Coming 2 America,Diana Choi,Make-Up & Hairstyling,TRUE
2021,Best Special Make-Up Effects in a Feature-Length Motion Picture,Dune,Donald Mowat,Make-Up & Hairstyling,FALSE
2021,Best Special Make-Up Effects in a Feature-Length Motion Picture,Dune,Love Larson,Make-Up & Hairstyling,FALSE
2021,Best Special Make-Up Effects in a Feature-Length Motion Picture,Dune,Eva von Bahr,Make-Up & Hairstyling,FALSE
2021,Best Special Make-Up Effects in a Feature-Length Motion Picture,Dune,Rocky Faulkner,Make-Up & Hairstyling,FALSE
2021,Best Special Make-Up Effects in a Feature-Length Motion Picture,The Eyes of Tammy Faye,Justin Raleigh,Make-Up & Hairstyling,FALSE
2021,Best Special Make-Up Effects in a Feature-Length Motion Picture,The Eyes of Tammy Faye,Kelly Golden,Make-Up & Hairstyling,FALSE
2021,Best Special Make-Up Effects in a Feature-Length Motion Picture,The Eyes of Tammy Faye,Chris Hampton,Make-Up & Hairstyling,FALSE
2021,Best Special Make-Up Effects in a Feature-Length Motion Picture,The Eyes of Tammy Faye,Thom Floutz,Make-Up & Hairstyling,FALSE
2021,Best Special Make-Up Effects in a Feature-Length Motion Picture,House of Gucci,Göran Lundström,Make-Up & Hairstyling,FALSE
2021,Best Special Make-Up Effects in a Feature-Length Motion Picture,House of Gucci,Federica Castelli,Make-Up & Hairstyling,FALSE
2021,Best Special Make-Up Effects in a Feature-Length Motion Picture,The Suicide Squad,Shane Mahan,Make-Up & Hairstyling,FALSE
2021,Best Special Make-Up Effects in a Feature-Length Motion Picture,The Suicide Squad,Brian Sipe,Make-Up & Hairstyling,FALSE
2021,Best Special Make-Up Effects in a Feature-Length Motion Picture,The Suicide Squad,Matt Sprunger,Make-Up & Hairstyling,FALSE
2021,Best Special Make-Up Effects in a Feature-Length Motion Picture,The Suicide Squad,Greg Funk,Make-Up & Hairstyling,FALSE
2020,Best Contemporary Make-Up in a Feature-Length Motion Picture,Birds of Prey (and the Fantabulous Emancipation of One Harley Quinn),Deborah Lamia Denaver,Make-Up & Hairstyling,TRUE
2020,Best Contemporary Make-Up in a Feature-Length Motion Picture,Birds of Prey (and the Fantabulous Emancipation of One Harley Quinn),Sabrina Wilson,Make-Up & Hairstyling,TRUE
2020,Best Contemporary Make-Up in a Feature-Length Motion Picture,Birds of Prey (and the Fantabulous Emancipation of One Harley Quinn),Miho Suzuki,Make-Up & Hairstyling,TRUE
2020,Best Contemporary Make-Up in a Feature-Length Motion Picture,Birds of Prey (and the Fantabulous Emancipation of One Harley Quinn),Cale Thomas,Make-Up & Hairstyling,TRUE
2020,Best Contemporary Make-Up in a Feature-Length Motion Picture,Bill & Ted Face the Music,Bill Corso,Make-Up & Hairstyling,FALSE
2020,Best Contemporary Make-Up in a Feature-Length Motion Picture,Bill & Ted Face the Music,Dennis Liddiard,Make-Up & Hairstyling,FALSE
2020,Best Contemporary Make-Up in a Feature-Length Motion Picture,Bill & Ted Face the Music,Stephen Kelley,Make-Up & Hairstyling,FALSE
2020,Best Contemporary Make-Up in a Feature-Length Motion Picture,Borat Subsequent Moviefilm,Katy Fray,Make-Up & Hairstyling,FALSE
2020,Best Contemporary Make-Up in a Feature-Length Motion Picture,Borat Subsequent Moviefilm,Lisa Layman,Make-Up & Hairstyling,FALSE
2020,Best Contemporary Make-Up in a Feature-Length Motion Picture,Borat Subsequent Moviefilm,Thomas Kolarek,Make-Up & Hairstyling,FALSE
2020,Best Contemporary Make-Up in a Feature-Length Motion Picture,The Prom,Eryn Krueger Mekash,Make-Up & Hairstyling,FALSE
2020,Best Contemporary Make-Up in a Feature-Length Motion Picture,The Prom,J. Roy Helland,Make-Up & Hairstyling,FALSE
2020,Best Contemporary Make-Up in a Feature-Length Motion Picture,The Prom,Kyra Panchenko,Make-Up & Hairstyling,FALSE
2020,Best Contemporary Make-Up in a Feature-Length Motion Picture,The Prom,Donald McInnes,Make-Up & Hairstyling,FALSE
2020,Best Contemporary Make-Up in a Feature-Length Motion Picture,Promising Young Woman,Angela Wells,Make-Up & Hairstyling,FALSE
2020,Best Contemporary Make-Up in a Feature-Length Motion Picture,Promising Young Woman,Brigitte Hennech,Make-Up & Hairstyling,FALSE
2020,Best Contemporary Make-Up in a Feature-Length Motion Picture,Promising Young Woman,Adam Christopher,Make-Up & Hairstyling,FALSE
2020,Best Contemporary Hair Styling in a Feature-Length Motion Picture,Birds of Prey (and the Fantabulous Emancipation of One Harley Quinn),Adruitha Lee,Make-Up & Hairstyling,TRUE
2020,Best Contemporary Hair Styling in a Feature-Length Motion Picture,Birds of Prey (and the Fantabulous Emancipation of One Harley Quinn),Cassie Russek,Make-Up & Hairstyling,TRUE
2020,Best Contemporary Hair Styling in a Feature-Length Motion Picture,Birds of Prey (and the Fantabulous Emancipation of One Harley Quinn),Margarita Pidgeon,Make-Up & Hairstyling,TRUE
2020,Best Contemporary Hair Styling in a Feature-Length Motion Picture,Birds of Prey (and the Fantabulous Emancipation of One Harley Quinn),Nikki Nelms,Make-Up & Hairstyling,TRUE
2020,Best Contemporary Hair Styling in a Feature-Length Motion Picture,Bill & Ted Face the Music,Donna Spahn-Jones,Make-Up & Hairstyling,FALSE
2020,Best Contemporary Hair Styling in a Feature-Length Motion Picture,Bill & Ted Face the Music,Budd Bird,Make-Up & Hairstyling,FALSE
2020,Best Contemporary Hair Styling in a Feature-Length Motion Picture,Bill & Ted Face the Music,Jeri Baker,Make-Up & Hairstyling,FALSE
2020,Best Contemporary Hair Styling in a Feature-Length Motion Picture,Bill & Ted Face the Music,Ulla Gaudin,Make-Up & Hairstyling,FALSE
2020,Best Contemporary Hair Styling in a Feature-Length Motion Picture,Borat Subsequent Moviefilm,Kimberly Boyenger,Make-Up & Hairstyling,FALSE
2020,Best Contemporary Hair Styling in a Feature-Length Motion Picture,Borat Subsequent Moviefilm,Tyler Ely,Make-Up & Hairstyling,FALSE
2020,Best Contemporary Hair Styling in a Feature-Length Motion Picture,The Prom,Chris Clark,Make-Up & Hairstyling,FALSE
2020,Best Contemporary Hair Styling in a Feature-Length Motion Picture,The Prom,Natalie Driscoll,Make-Up & Hairstyling,FALSE
2020,Best Contemporary Hair Styling in a Feature-Length Motion Picture,The Prom,Ka’Maura Eley,Make-Up & Hairstyling,FALSE
2020,Best Contemporary Hair Styling in a Feature-Length Motion Picture,The Prom,J. Roy Helland,Make-Up & Hairstyling,FALSE
2020,Best Contemporary Hair Styling in a Feature-Length Motion Picture,Promising Young Woman,Daniel Curet,Make-Up & Hairstyling,FALSE
2020,Best Contemporary Hair Styling in a Feature-Length Motion Picture,Promising Young Woman,Bryson Conley,Make-Up & Hairstyling,FALSE
2020,Best Contemporary Hair Styling in a Feature-Length Motion Picture,Promising Young Woman,Lee Ann Brittenham,Make-Up & Hairstyling,FALSE
2020,Best Period and/or Character Make-Up in a Feature-Length Motion Picture,Ma Rainey’s Black Bottom,Matiki Anoff,Make-Up & Hairstyling,TRUE
2020,Best Period and/or Character Make-Up in a Feature-Length Motion Picture,Ma Rainey’s Black Bottom,Sergio Lopez-Rivera,Make-Up & Hairstyling,TRUE
2020,Best Period and/or Character Make-Up in a Feature-Length Motion Picture,Ma Rainey’s Black Bottom,Carl Fullerton,Make-Up & Hairstyling,TRUE
2020,Best Period and/or Character Make-Up in a Feature-Length Motion Picture,Ma Rainey’s Black Bottom,Debi Young,Make-Up & Hairstyling,TRUE
2020,Best Period and/or Character Make-Up in a Feature-Length Motion Picture,Bill & Ted Face the Music,Bill Corso,Make-Up & Hairstyling,FALSE
2020,Best Period and/or Character Make-Up in a Feature-Length Motion Picture,Bill & Ted Face the Music,Dennis Liddiard,Make-Up & Hairstyling,FALSE
2020,Best Period and/or Character Make-Up in a Feature-Length Motion Picture,Bill & Ted Face the Music,Stephen Kelley,Make-Up & Hairstyling,FALSE
2020,Best Period and/or Character Make-Up in a Feature-Length Motion Picture,Bill & Ted Face the Music,Bianca Appice,Make-Up & Hairstyling,FALSE
2020,Best Period and/or Character Make-Up in a Feature-Length Motion Picture,Hillbilly Elegy,Eryn Krueger Mekash,Make-Up & Hairstyling,FALSE
2020,Best Period and/or Character Make-Up in a Feature-Length Motion Picture,Hillbilly Elegy,Jamie Hess,Make-Up & Hairstyling,FALSE
2020,Best Period and/or Character Make-Up in a Feature-Length Motion Picture,Hillbilly Elegy,Devin Morales,Make-Up & Hairstyling,FALSE
2020,Best Period and/or Character Make-Up in a Feature-Length Motion Picture,Hillbilly Elegy,Jessica Gambardella,Make-Up & Hairstyling,FALSE
2020,Best Period and/or Character Make-Up in a Feature-Length Motion Picture,Mank,Gigi Williams,Make-Up & Hairstyling,FALSE
2020,Best Period and/or Character Make-Up in a Feature-Length Motion Picture,Mank,Michelle Audrina Kim,Make-Up & Hairstyling,FALSE
2020,Best Period and/or Character Make-Up in a Feature-Length Motion Picture,Mulan,Denise Kum,Make-Up & Hairstyling,FALSE
2020,Best Period and/or Character Make-Up in a Feature-Length Motion Picture,Mulan,Rick Findlater,Make-Up & Hairstyling,FALSE
2020,Best Period and/or Character Make-Up in a Feature-Length Motion Picture,Mulan,Georgia Lockhart-Adams,Make-Up & Hairstyling,FALSE
2020,Best Period and/or Character Make-Up in a Feature-Length Motion Picture,Mulan,James MacKinnon,Make-Up & Hairstyling,FALSE
2020,Best Period and/or Character Hair Styling in a Feature-Length Motion Picture,Ma Rainey’s Black Bottom,Mia Neal,Make-Up & Hairstyling,TRUE
2020,Best Period and/or Character Hair Styling in a Feature-Length Motion Picture,Ma Rainey’s Black Bottom,Larry Cherry,Make-Up & Hairstyling,TRUE
2020,Best Period and/or Character Hair Styling in a Feature-Length Motion Picture,Ma Rainey’s Black Bottom,Leah Loukas,Make-Up & Hairstyling,TRUE
2020,Best Period and/or Character Hair Styling in a Feature-Length Motion Picture,Ma Rainey’s Black Bottom,Tywan Williams,Make-Up & Hairstyling,TRUE
2020,Best Period and/or Character Hair Styling in a Feature-Length Motion Picture,Hillbilly Elegy,Patricia Dehaney,Make-Up & Hairstyling,FALSE
2020,Best Period and/or Character Hair Styling in a Feature-Length Motion Picture,Hillbilly Elegy,Tony Ward,Make-Up & Hairstyling,FALSE
2020,Best Period and/or Character Hair Styling in a Feature-Length Motion Picture,Hillbilly Elegy,Martial Corneville,Make-Up & Hairstyling,FALSE
2020,Best Period and/or Character Hair Styling in a Feature-Length Motion Picture,Hillbilly Elegy,Stacey Butterworth,Make-Up & Hairstyling,FALSE
2020,Best Period and/or Character Hair Styling in a Feature-Length Motion Picture,Jingle Jangle: A Christmas Journey,Sharon Martin,Make-Up & Hairstyling,FALSE
2020,Best Period and/or Character Hair Styling in a Feature-Length Motion Picture,Jingle Jangle: A Christmas Journey,Kat Fa,Make-Up & Hairstyling,FALSE
2020,Best Period and/or Character Hair Styling in a Feature-Length Motion Picture,Mank,Kimberley Spiteri,Make-Up & Hairstyling,FALSE
2020,Best Period and/or Character Hair Styling in a Feature-Length Motion Picture,Mank,Colleen LaBaff,Make-Up & Hairstyling,FALSE
2020,Best Period and/or Character Hair Styling in a Feature-Length Motion Picture,Mulan,Denise Kum,Make-Up & Hairstyling,FALSE
2020,Best Period and/or Character Hair Styling in a Feature-Length Motion Picture,Mulan,Rick Findlater,Make-Up & Hairstyling,FALSE
2020,Best Period and/or Character Hair Styling in a Feature-Length Motion Picture,Mulan,Georgia Lockhart-Adams,Make-Up & Hairstyling,FALSE
2020,Best Period and/or Character Hair Styling in a Feature-Length Motion Picture,Mulan,Terry Baliel,Make-Up & Hairstyling,FALSE
2020,Best Special Make-Up Effects in a Feature-Length Motion Picture,Pinocchio,Mark Coulier,Make-Up & Hairstyling,TRUE
2020,Best Special Make-Up Effects in a Feature-Length Motion Picture,Bill & Ted Face the Music,Bill Corso,Make-Up & Hairstyling,FALSE
2020,Best Special Make-Up Effects in a Feature-Length Motion Picture,Bill & Ted Face the Music,Kevin Yagher,Make-Up & Hairstyling,FALSE
2020,Best Special Make-Up Effects in a Feature-Length Motion Picture,Bill & Ted Face the Music,Steve Wang,Make-Up & Hairstyling,FALSE
2020,Best Special Make-Up Effects in a Feature-Length Motion Picture,Bill & Ted Face the Music,Stephen Kelley,Make-Up & Hairstyling,FALSE
2020,Best Special Make-Up Effects in a Feature-Length Motion Picture,Hillbilly Elegy,Eryn Krueger Mekash,Make-Up & Hairstyling,FALSE
2020,Best Special Make-Up Effects in a Feature-Length Motion Picture,Hillbilly Elegy,Matthew Mungle,Make-Up & Hairstyling,FALSE
2020,Best Special Make-Up Effects in a Feature-Length Motion Picture,Hillbilly Elegy,Jamie Hess,Make-Up & Hairstyling,FALSE
2020,Best Special Make-Up Effects in a Feature-Length Motion Picture,Mulan,Denise Kum,Make-Up & Hairstyling,FALSE
2020,Best Special Make-Up Effects in a Feature-Length Motion Picture,Mulan,Chris Fitzpatrick,Make-Up & Hairstyling,FALSE
2020,Best Special Make-Up Effects in a Feature-Length Motion Picture,The United States vs. Billie Holiday,Adrien Morot,Make-Up & Hairstyling,FALSE
2020,Best Special Make-Up Effects in a Feature-Length Motion Picture,Wonder Woman 1984,Jan Sewell,Make-Up & Hairstyling,FALSE
2020,Best Special Make-Up Effects in a Feature-Length Motion Picture,Wonder Woman 1984,Mark Coulier,Make-Up & Hairstyling,FALSE
2019,Best Contemporary Make-Up in a Feature-Length Motion Picture,Bombshell,Vivian Baker,Make-Up & Hairstyling,TRUE
2019,Best Contemporary Make-Up in a Feature-Length Motion Picture,Bombshell,Cristina Waltz,Make-Up & Hairstyling,TRUE
2019,Best Contemporary Make-Up in a Feature-Length Motion Picture,Bombshell,Richard Redlefsen,Make-Up & Hairstyling,TRUE
2019,Best Contemporary Make-Up in a Feature-Length Motion Picture,Avengers: Endgame,John Blake,Make-Up & Hairstyling,FALSE
2019,Best Contemporary Make-Up in a Feature-Length Motion Picture,Avengers: Endgame,Francisco Perez,Make-Up & Hairstyling,FALSE
2019,Best Contemporary Make-Up in a Feature-Length Motion Picture,Hustlers,Margot Boccia,Make-Up & Hairstyling,FALSE
2019,Best Contemporary Make-Up in a Feature-Length Motion Picture,Hustlers,Roxanne Rizzo,Make-Up & Hairstyling,FALSE
2019,Best Contemporary Make-Up in a Feature-Length Motion Picture,John Wick: Chapter 3 – Parabellum,Stephen M. Kelley,Make-Up & Hairstyling,FALSE
2019,Best Contemporary Make-Up in a Feature-Length Motion Picture,John Wick: Chapter 3 – Parabellum,Anna Stachow,Make-Up & Hairstyling,FALSE
2019,Best Contemporary Make-Up in a Feature-Length Motion Picture,Us,Scott Wheeler,Make-Up & Hairstyling,FALSE
2019,Best Contemporary Make-Up in a Feature-Length Motion Picture,Us,Tym Shutchai Buacharern,Make-Up & Hairstyling,FALSE
2019,Best Contemporary Make-Up in a Feature-Length Motion Picture,Us,Sabrina Castro,Make-Up & Hairstyling,FALSE
2019,Best Contemporary Hair Styling in a Feature-Length Motion Picture,Bombshell,Anne Morgan,Make-Up & Hairstyling,TRUE
2019,Best Contemporary Hair Styling in a Feature-Length Motion Picture,Bombshell,Jaime Leigh McIntosh,Make-Up & Hairstyling,TRUE
2019,Best Contemporary Hair Styling in a Feature-Length Motion Picture,Bombshell,Adruitha Lee,Make-Up & Hairstyling,TRUE
2019,Best Contemporary Hair Styling in a Feature-Length Motion Picture,Hustlers,Angel De Angelis,Make-Up & Hairstyling,FALSE
2019,Best Contemporary Hair Styling in a Feature-Length Motion Picture,Hustlers,Dierdre Harris,Make-Up & Hairstyling,FALSE
2019,Best Contemporary Hair Styling in a Feature-Length Motion Picture,John Wick: Chapter 3 – Parabellum,Kerrie Smith,Make-Up & Hairstyling,FALSE
2019,Best Contemporary Hair Styling in a Feature-Length Motion Picture,John Wick: Chapter 3 – Parabellum,Therese Ducey,Make-Up & Hairstyling,FALSE
2019,Best Contemporary Hair Styling in a Feature-Length Motion Picture,Joker,Kay Georgiou,Make-Up & Hairstyling,FALSE
2019,Best Contemporary Hair Styling in a Feature-Length Motion Picture,Joker,Vanessa Anderson,Make-Up & Hairstyling,FALSE
2019,Best Contemporary Hair Styling in a Feature-Length Motion Picture,The Laundromat,Marie Larkin,Make-Up & Hairstyling,FALSE
2019,Best Contemporary Hair Styling in a Feature-Length Motion Picture,The Laundromat,Yvette Stone,Make-Up & Hairstyling,FALSE
2019,Best Contemporary Hair Styling in a Feature-Length Motion Picture,The Laundromat,J. Roy Helland,Make-Up & Hairstyling,FALSE
2019,Best Period and/or Character Make-Up in a Feature-Length Motion Picture,Joker,Nicki Ledermann,Make-Up & Hairstyling,TRUE
2019,Best Period and/or Character Make-Up in a Feature-Length Motion Picture,Joker,Tania Ribalow,Make-Up & Hairstyling,TRUE
2019,Best Period and/or Character Make-Up in a Feature-Length Motion Picture,Joker,Sunday Englis,Make-Up & Hairstyling,TRUE
2019,Best Period and/or Character Make-Up in a Feature-Length Motion Picture,Dolemite Is My Name,Vera Steimberg,Make-Up & Hairstyling,FALSE
2019,Best Period and/or Character Make-Up in a Feature-Length Motion Picture,Dolemite Is My Name,Debra Denson,Make-Up & Hairstyling,FALSE
2019,Best Period and/or Character Make-Up in a Feature-Length Motion Picture,Dolemite Is My Name,Deborah Humphries,Make-Up & Hairstyling,FALSE
2019,Best Period and/or Character Make-Up in a Feature-Length Motion Picture,Downton Abbey,Anne Oldham,Make-Up & Hairstyling,FALSE
2019,Best Period and/or Character Make-Up in a Feature-Length Motion Picture,Downton Abbey,Elaine Browne,Make-Up & Hairstyling,FALSE
2019,Best Period and/or Character Make-Up in a Feature-Length Motion Picture,Downton Abbey,Sam Smart,Make-Up & Hairstyling,FALSE
2019,Best Period and/or Character Make-Up in a Feature-Length Motion Picture,Once Upon a Time ... in Hollywood,Heba Thorisdottir,Make-Up & Hairstyling,FALSE
2019,Best Period and/or Character Make-Up in a Feature-Length Motion Picture,Once Upon a Time ... in Hollywood,Greg Funk,Make-Up & Hairstyling,FALSE
2019,Best Period and/or Character Make-Up in a Feature-Length Motion Picture,Rocketman,Elizabeth Yianni-Georgiou,Make-Up & Hairstyling,FALSE
2019,Best Period and/or Character Make-Up in a Feature-Length Motion Picture,Rocketman,Tapio Salmi,Make-Up & Hairstyling,FALSE
2019,Best Period and/or Character Make-Up in a Feature-Length Motion Picture,Rocketman,Laura Solari,Make-Up & Hairstyling,FALSE
2019,Best Period and/or Character Hair Styling in a Feature-Length Motion Picture,Downton Abbey,Anne Oldham,Make-Up & Hairstyling,TRUE
2019,Best Period and/or Character Hair Styling in a Feature-Length Motion Picture,Downton Abbey,Elaine Browne,Make-Up & Hairstyling,TRUE
2019,Best Period and/or Character Hair Styling in a Feature-Length Motion Picture,Downton Abbey,Marc Pilcher,Make-Up & Hairstyling,TRUE
2019,Best Period and/or Character Hair Styling in a Feature-Length Motion Picture,Dolemite Is My Name,Carla Farmer,Make-Up & Hairstyling,FALSE
2019,Best Period and/or Character Hair Styling in a Feature-Length Motion Picture,Dolemite Is My Name,Stacey Morris,Make-Up & Hairstyling,FALSE
2019,Best Period and/or Character Hair Styling in a Feature-Length Motion Picture,Dolemite Is My Name,Linda Villalobos,Make-Up & Hairstyling,FALSE
2019,Best Period and/or Character Hair Styling in a Feature-Length Motion Picture,Maleficent: Mistress of Evil,Audrey Futterman-Stern,Make-Up & Hairstyling,FALSE
2019,Best Period and/or Character Hair Styling in a Feature-Length Motion Picture,Once Upon a Time ... in Hollywood,Janine Rath,Make-Up & Hairstyling,FALSE
2019,Best Period and/or Character Hair Styling in a Feature-Length Motion Picture,Once Upon a Time ... in Hollywood,Michelle Diamantides,Make-Up & Hairstyling,FALSE
2019,Best Period and/or Character Hair Styling in a Feature-Length Motion Picture,Rocketman,Elizabeth Yianni-Georgiou,Make-Up & Hairstyling,FALSE
2019,Best Period and/or Character Hair Styling in a Feature-Length Motion Picture,Rocketman,Tapio Salmi,Make-Up & Hairstyling,FALSE
2019,Best Period and/or Character Hair Styling in a Feature-Length Motion Picture,Rocketman,Laura Solari,Make-Up & Hairstyling,FALSE
2019,Best Special Make-Up Effects in a Feature-Length Motion Picture,Bombshell,Kazu Hiro,Make-Up & Hairstyling,TRUE
2019,Best Special Make-Up Effects in a Feature-Length Motion Picture,Bombshell,Vivian Baker,Make-Up & Hairstyling,TRUE
2019,Best Special Make-Up Effects in a Feature-Length Motion Picture,Bombshell,Richard Redlefsen,Make-Up & Hairstyling,TRUE
2019,Best Special Make-Up Effects in a Feature-Length Motion Picture,Captain Marvel,Brian Sipe,Make-Up & Hairstyling,FALSE
2019,Best Special Make-Up Effects in a Feature-Length Motion Picture,Captain Marvel,Alexei Dmitriew,Make-Up & Hairstyling,FALSE
2019,Best Special Make-Up Effects in a Feature-Length Motion Picture,Captain Marvel,Sabrina Wilson,Make-Up & Hairstyling,FALSE
2019,Best Special Make-Up Effects in a Feature-Length Motion Picture,The Irishman,Mike Marino,Make-Up & Hairstyling,FALSE
2019,Best Special Make-Up Effects in a Feature-Length Motion Picture,The Irishman,Mike Fontaine,Make-Up & Hairstyling,FALSE
2019,Best Special Make-Up Effects in a Feature-Length Motion Picture,The Irishman,Carla White,Make-Up & Hairstyling,FALSE
2019,Best Special Make-Up Effects in a Feature-Length Motion Picture,It Chapter Two,Sean Sansom,Make-Up & Hairstyling,FALSE
2019,Best Special Make-Up Effects in a Feature-Length Motion Picture,It Chapter Two,Shane Zander,Make-Up & Hairstyling,FALSE
2019,Best Special Make-Up Effects in a Feature-Length Motion Picture,It Chapter Two,Iantha Goldberg,Make-Up & Hairstyling,FALSE
2019,Best Special Make-Up Effects in a Feature-Length Motion Picture,Rocketman,Barrie Gower,Make-Up & Hairstyling,FALSE
2019,Best Special Make-Up Effects in a Feature-Length Motion Picture,Rocketman,Lizzie Yianni Georgiou,Make-Up & Hairstyling,FALSE
2019,Best Special Make-Up Effects in a Feature-Length Motion Picture,Rocketman,Victoria Money,Make-Up & Hairstyling,FALSE
2018,Best Contemporary Make-Up in a Feature-Length Motion Picture,A Star Is Born,Ve Neill,Make-Up & Hairstyling,TRUE
2018,Best Contemporary Make-Up in a Feature-Length Motion Picture,A Star Is Born,Debbie Zoller,Make-Up & Hairstyling,TRUE
2018,Best Contemporary Make-Up in a Feature-Length Motion Picture,A Star Is Born,Sarah Tanno,Make-Up & Hairstyling,TRUE
2018,Best Contemporary Make-Up in a Feature-Length Motion Picture,Beautiful Boy,Jean Black,Make-Up & Hairstyling,FALSE
2018,Best Contemporary Make-Up in a Feature-Length Motion Picture,Beautiful Boy,Rolf Keppler,Make-Up & Hairstyling,FALSE
2018,Best Contemporary Make-Up in a Feature-Length Motion Picture,Boy Erased,Kimberly Jones,Make-Up & Hairstyling,FALSE
2018,Best Contemporary Make-Up in a Feature-Length Motion Picture,Boy Erased,Mi Young,Make-Up & Hairstyling,FALSE
2018,Best Contemporary Make-Up in a Feature-Length Motion Picture,Boy Erased,Kyra Panchenko,Make-Up & Hairstyling,FALSE
2018,Best Contemporary Make-Up in a Feature-Length Motion Picture,Crazy Rich Asians,Heike Merker,Make-Up & Hairstyling,FALSE
2018,Best Contemporary Make-Up in a Feature-Length Motion Picture,Crazy Rich Asians,Irina Strukova,Make-Up & Hairstyling,FALSE
2018,Best Contemporary Make-Up in a Feature-Length Motion Picture,Welcome to Marwen,Ve Neill,Make-Up & Hairstyling,FALSE
2018,Best Contemporary Make-Up in a Feature-Length Motion Picture,Welcome to Marwen,Rosalina De Silva,Make-Up & Hairstyling,FALSE
2018,Best Contemporary Make-Up in a Feature-Length Motion Picture,Widows,Ma Kalaadevi Ananda,Make-Up & Hairstyling,FALSE
2018,Best Contemporary Make-Up in a Feature-Length Motion Picture,Widows,Denise Pugh-Ruiz,Make-Up & Hairstyling,FALSE
2018,Best Contemporary Make-Up in a Feature-Length Motion Picture,Widows,Jacqueline Fernandez,Make-Up & Hairstyling,FALSE
2018,Best Contemporary Hair Styling in a Feature-Length Motion Picture,Crazy Rich Asians,Heike Merker,Make-Up & Hairstyling,TRUE
2018,Best Contemporary Hair Styling in a Feature-Length Motion Picture,Crazy Rich Asians,Sophia Knight,Make-Up & Hairstyling,TRUE
2018,Best Contemporary Hair Styling in a Feature-Length Motion Picture,Nappily Ever After,Dawn Turner,Make-Up & Hairstyling,FALSE
2018,Best Contemporary Hair Styling in a Feature-Length Motion Picture,Nappily Ever After,Larry Simms,Make-Up & Hairstyling,FALSE
2018,Best Contemporary Hair Styling in a Feature-Length Motion Picture,A Star Is Born,Lori McCoy-Bell,Make-Up & Hairstyling,FALSE
2018,Best Contemporary Hair Styling in a Feature-Length Motion Picture,A Star Is Born,Joy Zapata,Make-Up & Hairstyling,FALSE
2018,Best Contemporary Hair Styling in a Feature-Length Motion Picture,A Star Is Born,Frederic Aspires,Make-Up & Hairstyling,FALSE
2018,Best Contemporary Hair Styling in a Feature-Length Motion Picture,Vox Lux,Esther Ahn,Make-Up & Hairstyling,FALSE
2018,Best Contemporary Hair Styling in a Feature-Length Motion Picture,Vox Lux,Daniel Koye,Make-Up & Hairstyling,FALSE
2018,Best Contemporary Hair Styling in a Feature-Length Motion Picture,Widows,Linda Flowers,Make-Up & Hairstyling,FALSE
2018,Best Contemporary Hair Styling in a Feature-Length Motion Picture,Widows,Daniel Curet,Make-Up & Hairstyling,FALSE
2018,Best Contemporary Hair Styling in a Feature-Length Motion Picture,Widows,Denise Wynbrandt,Make-Up & Hairstyling,FALSE
2018,Best Period and/or Character Make-Up in a Feature-Length Motion Picture,Vice,Kate Biscoe,Make-Up & Hairstyling,TRUE
2018,Best Period and/or Character Make-Up in a Feature-Length Motion Picture,Vice,Ann Pala,Make-Up & Hairstyling,TRUE
2018,Best Period and/or Character Make-Up in a Feature-Length Motion Picture,Vice,Jamie Kelman,Make-Up & Hairstyling,TRUE
2018,Best Period and/or Character Make-Up in a Feature-Length Motion Picture,Bohemian Rhapsody,Jan Sewell,Make-Up & Hairstyling,FALSE
2018,Best Period and/or Character Make-Up in a Feature-Length Motion Picture,Bohemian Rhapsody,Mark Coulier,Make-Up & Hairstyling,FALSE
2018,Best Period and/or Character Make-Up in a Feature-Length Motion Picture,Mary Poppins Returns,Peter Robb-King,Make-Up & Hairstyling,FALSE
2018,Best Period and/or Character Make-Up in a Feature-Length Motion Picture,Mary Poppins Returns,Paula Price,Make-Up & Hairstyling,FALSE
2018,Best Period and/or Character Make-Up in a Feature-Length Motion Picture,Mary Queen of Scots,Jenny Shircore,Make-Up & Hairstyling,FALSE
2018,Best Period and/or Character Make-Up in a Feature-Length Motion Picture,Mary Queen of Scots,Hannah Edwards,Make-Up & Hairstyling,FALSE
2018,Best Period and/or Character Make-Up in a Feature-Length Motion Picture,Mary Queen of Scots,Sarah Kelly,Make-Up & Hairstyling,FALSE
2018,Best Period and/or Character Make-Up in a Feature-Length Motion Picture,Stan & Ollie,Jeremy Woodhead,Make-Up & Hairstyling,FALSE
2018,Best Period and/or Character Make-Up in a Feature-Length Motion Picture,Stan & Ollie,Mark Coulier,Make-Up & Hairstyling,FALSE
2018,Best Period and/or Character Hair Styling in a Feature-Length Motion Picture,Mary Queen of Scots,Jenny Shircore,Make-Up & Hairstyling,TRUE
2018,Best Period and/or Character Hair Styling in a Feature-Length Motion Picture,Mary Queen of Scots,Marc Pilcher,Make-Up & Hairstyling,TRUE
2018,Best Period and/or Character Hair Styling in a Feature-Length Motion Picture,BlacKkKlansman,LaWanda M. Pierre,Make-Up & Hairstyling,FALSE
2018,Best Period and/or Character Hair Styling in a Feature-Length Motion Picture,BlacKkKlansman,Shaun Perkins,Make-Up & Hairstyling,FALSE
2018,Best Period and/or Character Hair Styling in a Feature-Length Motion Picture,Black Panther,Camille Friend,Make-Up & Hairstyling,FALSE
2018,Best Period and/or Character Hair Styling in a Feature-Length Motion Picture,Black Panther,Jaime Leigh McIntosh,Make-Up & Hairstyling,FALSE
2018,Best Period and/or Character Hair Styling in a Feature-Length Motion Picture,Black Panther,Louisa V. Anthony,Make-Up & Hairstyling,FALSE
2018,Best Period and/or Character Hair Styling in a Feature-Length Motion Picture,Bohemian Rhapsody,Jan Sewell,Make-Up & Hairstyling,FALSE
2018,Best Period and/or Character Hair Styling in a Feature-Length Motion Picture,Bohemian Rhapsody,Mark Coulier,Make-Up & Hairstyling,FALSE
2018,Best Period and/or Character Hair Styling in a Feature-Length Motion Picture,Mary Poppins Returns,Peter King,Make-Up & Hairstyling,FALSE
2018,Best Period and/or Character Hair Styling in a Feature-Length Motion Picture,Mary Poppins Returns,Paula Price,Make-Up & Hairstyling,FALSE
2018,Best Special Make-Up Effects in a Feature-Length Motion Picture,Vice,Greg Cannom,Make-Up & Hairstyling,TRUE
2018,Best Special Make-Up Effects in a Feature-Length Motion Picture,Vice,Christopher Gallaher,Make-Up & Hairstyling,TRUE
2018,Best Special Make-Up Effects in a Feature-Length Motion Picture,Aquaman,Justin Raleigh,Make-Up & Hairstyling,FALSE
2018,Best Special Make-Up Effects in a Feature-Length Motion Picture,Aquaman,Ozzy Alvarez,Make-Up & Hairstyling,FALSE
2018,Best Special Make-Up Effects in a Feature-Length Motion Picture,Aquaman,Sean Genders,Make-Up & Hairstyling,FALSE
2018,Best Special Make-Up Effects in a Feature-Length Motion Picture,The Ballad of Buster Scruggs,Christien Tinsley,Make-Up & Hairstyling,FALSE
2018,Best Special Make-Up Effects in a Feature-Length Motion Picture,The Ballad of Buster Scruggs,Corey Welk,Make-Up & Hairstyling,FALSE
2018,Best Special Make-Up Effects in a Feature-Length Motion Picture,The Ballad of Buster Scruggs,Rolf Keppler,Make-Up & Hairstyling,FALSE
2018,Best Special Make-Up Effects in a Feature-Length Motion Picture,Black Panther,Joel Harlow,Make-Up & Hairstyling,FALSE
2018,Best Special Make-Up Effects in a Feature-Length Motion Picture,Black Panther,Ken Diaz,Make-Up & Hairstyling,FALSE
2018,Best Special Make-Up Effects in a Feature-Length Motion Picture,Black Panther,Sian Richards,Make-Up & Hairstyling,FALSE
2018,Best Special Make-Up Effects in a Feature-Length Motion Picture,Stan & Ollie,Mark Coulier,Make-Up & Hairstyling,FALSE
2018,Best Special Make-Up Effects in a Feature-Length Motion Picture,Stan & Ollie,Jeremy Woodhead,Make-Up & Hairstyling,FALSE
2017,Best Contemporary Make-Up in a Feature-Length Motion Picture,Pitch Perfect 3,Melanie Hughes-Weaver,Make-Up & Hairstyling,TRUE
2017,Best Contemporary Make-Up in a Feature-Length Motion Picture,Pitch Perfect 3,Judy Yonemoto,Make-Up & Hairstyling,TRUE
2017,Best Contemporary Make-Up in a Feature-Length Motion Picture,Pitch Perfect 3,Erica Kyker,Make-Up & Hairstyling,TRUE
2017,Best Contemporary Make-Up in a Feature-Length Motion Picture,Baby Driver,Fionagh Cush,Make-Up & Hairstyling,FALSE
2017,Best Contemporary Make-Up in a Feature-Length Motion Picture,Baby Driver,Phyllis Temple,Make-Up & Hairstyling,FALSE
2017,Best Contemporary Make-Up in a Feature-Length Motion Picture,The Big Sick,Leo Won,Make-Up & Hairstyling,FALSE
2017,Best Contemporary Make-Up in a Feature-Length Motion Picture,The Big Sick,Kirsten Sylvester,Make-Up & Hairstyling,FALSE
2017,Best Contemporary Make-Up in a Feature-Length Motion Picture,Ghost in the Shell,Deborah La Mia Denaver,Make-Up & Hairstyling,FALSE
2017,Best Contemporary Make-Up in a Feature-Length Motion Picture,Ghost in the Shell,Jane O’Kane,Make-Up & Hairstyling,FALSE
2017,Best Contemporary Make-Up in a Feature-Length Motion Picture,Wonder,Naomi Bakstad,Make-Up & Hairstyling,FALSE
2017,Best Contemporary Make-Up in a Feature-Length Motion Picture,Wonder,Jean Black,Make-Up & Hairstyling,FALSE
2017,Best Contemporary Make-Up in a Feature-Length Motion Picture,Wonder,Megan Harkness,Make-Up & Hairstyling,FALSE
2017,Best Contemporary Hair Styling in a Feature-Length Motion Picture,Guardians of the Galaxy Vol. 2,Camille Friend,Make-Up & Hairstyling,TRUE
2017,Best Contemporary Hair Styling in a Feature-Length Motion Picture,Guardians of the Galaxy Vol. 2,Louisa V. Anthony,Make-Up & Hairstyling,TRUE
2017,Best Contemporary Hair Styling in a Feature-Length Motion Picture,Guardians of the Galaxy Vol. 2,Jules Holdren,Make-Up & Hairstyling,TRUE
2017,Best Contemporary Hair Styling in a Feature-Length Motion Picture,The Big Sick,Tonia Ciccone,Make-Up & Hairstyling,FALSE
2017,Best Contemporary Hair Styling in a Feature-Length Motion Picture,The Big Sick,Toni Roman,Make-Up & Hairstyling,FALSE
2017,Best Contemporary Hair Styling in a Feature-Length Motion Picture,Pitch Perfect 3,Cheryl Marks,Make-Up & Hairstyling,FALSE
2017,Best Contemporary Hair Styling in a Feature-Length Motion Picture,Pitch Perfect 3,Melissa Malkasian,Make-Up & Hairstyling,FALSE
2017,Best Contemporary Hair Styling in a Feature-Length Motion Picture,Pitch Perfect 3,Andrea Bowman,Make-Up & Hairstyling,FALSE
2017,Best Contemporary Hair Styling in a Feature-Length Motion Picture,"Three Billboards Outside Ebbing, Missouri",Cydney Cornell,Make-Up & Hairstyling,FALSE
2017,Best Contemporary Hair Styling in a Feature-Length Motion Picture,"Three Billboards Outside Ebbing, Missouri",Susan Buffington,Make-Up & Hairstyling,FALSE
2017,Best Contemporary Hair Styling in a Feature-Length Motion Picture,Wonder,Robert Pandini,Make-Up & Hairstyling,FALSE
2017,Best Contemporary Hair Styling in a Feature-Length Motion Picture,Wonder,Ailsa Macmillan,Make-Up & Hairstyling,FALSE
2017,Best Period and/or Character Make-Up in a Feature-Length Motion Picture,Darkest Hour,Ivana Primorac,Make-Up & Hairstyling,TRUE
2017,Best Period and/or Character Make-Up in a Feature-Length Motion Picture,Darkest Hour,Flora Moody,Make-Up & Hairstyling,TRUE
2017,Best Period and/or Character Make-Up in a Feature-Length Motion Picture,Blade Runner 2049,Donald Mowat,Make-Up & Hairstyling,FALSE
2017,Best Period and/or Character Make-Up in a Feature-Length Motion Picture,Blade Runner 2049,Jo-Ann MacNeil,Make-Up & Hairstyling,FALSE
2017,Best Period and/or Character Make-Up in a Feature-Length Motion Picture,Blade Runner 2049,Csilla Blake-Horváth,Make-Up & Hairstyling,FALSE
2017,Best Period and/or Character Make-Up in a Feature-Length Motion Picture,Bright,Alessandro Bertolazzi,Make-Up & Hairstyling,FALSE
2017,Best Period and/or Character Make-Up in a Feature-Length Motion Picture,Bright,Cristina Waltz,Make-Up & Hairstyling,FALSE
2017,Best Period and/or Character Make-Up in a Feature-Length Motion Picture,Bright,Judy Murdock,Make-Up & Hairstyling,FALSE
2017,Best Period and/or Character Make-Up in a Feature-Length Motion Picture,The Greatest Showman,Nicki Ledermann,Make-Up & Hairstyling,FALSE
2017,Best Period and/or Character Make-Up in a Feature-Length Motion Picture,The Greatest Showman,Tania Ribalow,Make-Up & Hairstyling,FALSE
2017,Best Period and/or Character Make-Up in a Feature-Length Motion Picture,The Greatest Showman,Sunday Englis,Make-Up & Hairstyling,FALSE
2017,Best Period and/or Character Make-Up in a Feature-Length Motion Picture,"I, Tonya",Deborah La Mia Denaver,Make-Up & Hairstyling,FALSE
2017,Best Period and/or Character Make-Up in a Feature-Length Motion Picture,"I, Tonya",Teresa Vest,Make-Up & Hairstyling,FALSE
2017,Best Period and/or Character Make-Up in a Feature-Length Motion Picture,"I, Tonya",Bill Myer,Make-Up & Hairstyling,FALSE
2017,Best Period and/or Character Hair Styling in a Feature-Length Motion Picture,"I, Tonya",Adruitha Lee,Make-Up & Hairstyling,TRUE
2017,Best Period and/or Character Hair Styling in a Feature-Length Motion Picture,"I, Tonya",Mary Everett,Make-Up & Hairstyling,TRUE
2017,Best Period and/or Character Hair Styling in a Feature-Length Motion Picture,Atomic Blonde,Donald Mowat,Make-Up & Hairstyling,FALSE
2017,Best Period and/or Character Hair Styling in a Feature-Length Motion Picture,Atomic Blonde,Jo-Ann MacNeil,Make-Up & Hairstyling,FALSE
2017,Best Period and/or Character Hair Styling in a Feature-Length Motion Picture,Atomic Blonde,Csilla Blake-Horváth,Make-Up & Hairstyling,FALSE
2017,Best Period and/or Character Hair Styling in a Feature-Length Motion Picture,Beauty and the Beast,Jenny Shircore,Make-Up & Hairstyling,FALSE
2017,Best Period and/or Character Hair Styling in a Feature-Length Motion Picture,Beauty and the Beast,Marc Pilcher,Make-Up & Hairstyling,FALSE
2017,Best Period and/or Character Hair Styling in a Feature-Length Motion Picture,Beauty and the Beast,Charlotte Hayward,Make-Up & Hairstyling,FALSE
2017,Best Period and/or Character Hair Styling in a Feature-Length Motion Picture,Blade Runner 2049,Kerry Warn,Make-Up & Hairstyling,FALSE
2017,Best Period and/or Character Hair Styling in a Feature-Length Motion Picture,Blade Runner 2049,Lizzie Lawson,Make-Up & Hairstyling,FALSE
2017,Best Period and/or Character Hair Styling in a Feature-Length Motion Picture,Blade Runner 2049,Jaime Leigh McIntosh,Make-Up & Hairstyling,FALSE
2017,Best Period and/or Character Hair Styling in a Feature-Length Motion Picture,Darkest Hour,Ivana Primorac,Make-Up & Hairstyling,FALSE
2017,Best Period and/or Character Hair Styling in a Feature-Length Motion Picture,Darkest Hour,Flora Moody,Make-Up & Hairstyling,FALSE
2017,Best Special Make-Up Effects in a Feature-Length Motion Picture,Darkest Hour,Kazuhiro Tsuji,Make-Up & Hairstyling,TRUE
2017,Best Special Make-Up Effects in a Feature-Length Motion Picture,Darkest Hour,David Malinowski,Make-Up & Hairstyling,TRUE
2017,Best Special Make-Up Effects in a Feature-Length Motion Picture,Darkest Hour,Lucy Sibbick,Make-Up & Hairstyling,TRUE
2017,Best Special Make-Up Effects in a Feature-Length Motion Picture,Guardians of the Galaxy Vol. 2,John Blake,Make-Up & Hairstyling,FALSE
2017,Best Special Make-Up Effects in a Feature-Length Motion Picture,Guardians of the Galaxy Vol. 2,Brian Sipe,Make-Up & Hairstyling,FALSE
2017,Best Special Make-Up Effects in a Feature-Length Motion Picture,The Shape of Water,Mike Hill,Make-Up & Hairstyling,FALSE
2017,Best Special Make-Up Effects in a Feature-Length Motion Picture,The Shape of Water,Shane Mahan,Make-Up & Hairstyling,FALSE
2017,Best Special Make-Up Effects in a Feature-Length Motion Picture,Star Wars: The Last Jedi,Neal Scanlan,Make-Up & Hairstyling,FALSE
2017,Best Special Make-Up Effects in a Feature-Length Motion Picture,Star Wars: The Last Jedi,Peter King,Make-Up & Hairstyling,FALSE
2017,Best Special Make-Up Effects in a Feature-Length Motion Picture,Wonder,Arjen Tuiten,Make-Up & Hairstyling,FALSE
2017,Best Special Make-Up Effects in a Feature-Length Motion Picture,Wonder,Michael Nickiforek,Make-Up & Hairstyling,FALSE
2016,Best Contemporary Make-Up in a Feature-Length Motion Picture,Nocturnal Animals,Donald Mowat,Make-Up & Hairstyling,TRUE
2016,Best Contemporary Make-Up in a Feature-Length Motion Picture,Nocturnal Animals,Malanie J. Romero,Make-Up & Hairstyling,TRUE
2016,Best Contemporary Make-Up in a Feature-Length Motion Picture,Nocturnal Animals,Elaine Offers,Make-Up & Hairstyling,TRUE
2016,Best Contemporary Make-Up in a Feature-Length Motion Picture,Captain Fantastic,Karen Mcdonald,Make-Up & Hairstyling,FALSE
2016,Best Contemporary Make-Up in a Feature-Length Motion Picture,Captain Fantastic,Akemi Hart,Make-Up & Hairstyling,FALSE
2016,Best Contemporary Make-Up in a Feature-Length Motion Picture,La La Land,Torsten Witte,Make-Up & Hairstyling,FALSE
2016,Best Contemporary Make-Up in a Feature-Length Motion Picture,La La Land,Angel Radefeld-Wright,Make-Up & Hairstyling,FALSE
2016,Best Contemporary Make-Up in a Feature-Length Motion Picture,Manchester by the Sea,Liz Bernstrom,Make-Up & Hairstyling,FALSE
2016,Best Contemporary Make-Up in a Feature-Length Motion Picture,Manchester by the Sea,Sherryn Smith,Make-Up & Hairstyling,FALSE
2016,Best Contemporary Make-Up in a Feature-Length Motion Picture,Zoolander 2,Maurizio Silvi,Make-Up & Hairstyling,FALSE
2016,Best Contemporary Hair Styling in a Feature-Length Motion Picture,La La Land,Barbara Lorenz,Make-Up & Hairstyling,TRUE
2016,Best Contemporary Hair Styling in a Feature-Length Motion Picture,La La Land,Jacklin Masteran,Make-Up & Hairstyling,TRUE
2016,Best Contemporary Hair Styling in a Feature-Length Motion Picture,La La Land,Frida Aradottir,Make-Up & Hairstyling,TRUE
2016,Best Contemporary Hair Styling in a Feature-Length Motion Picture,The Girl on the Train,Alan D'Angerio,Make-Up & Hairstyling,FALSE
2016,Best Contemporary Hair Styling in a Feature-Length Motion Picture,Nocturnal Animals,Yolanda Toussieng,Make-Up & Hairstyling,FALSE
2016,Best Contemporary Hair Styling in a Feature-Length Motion Picture,Nocturnal Animals,Jules Holdren,Make-Up & Hairstyling,FALSE
2016,Best Contemporary Hair Styling in a Feature-Length Motion Picture,Sully,Patricia DeHaney,Make-Up & Hairstyling,FALSE
2016,Best Contemporary Hair Styling in a Feature-Length Motion Picture,Sully,Jose Zamora,Make-Up & Hairstyling,FALSE
2016,Best Contemporary Hair Styling in a Feature-Length Motion Picture,Zoolander 2,Aldo Signoretti,Make-Up & Hairstyling,FALSE
2016,Best Period and/or Character Make-Up in a Feature-Length Motion Picture,Suicide Squad,Alessandro Bertolazzi,Make-Up & Hairstyling,TRUE
2016,Best Period and/or Character Make-Up in a Feature-Length Motion Picture,Doctor Strange,Jeremy Woodhead,Make-Up & Hairstyling,FALSE
2016,Best Period and/or Character Make-Up in a Feature-Length Motion Picture,Fantastic Beasts and Where to Find Them,Fae Hammond,Make-Up & Hairstyling,FALSE
2016,Best Period and/or Character Make-Up in a Feature-Length Motion Picture,Fantastic Beasts and Where to Find Them,Marilyn MacDonald,Make-Up & Hairstyling,FALSE
2016,Best Period and/or Character Make-Up in a Feature-Length Motion Picture,"Hail, Caesar!",Jean Ann Black,Make-Up & Hairstyling,FALSE
2016,Best Period and/or Character Make-Up in a Feature-Length Motion Picture,"Hail, Caesar!",Julie Hewett,Make-Up & Hairstyling,FALSE
2016,Best Period and/or Character Make-Up in a Feature-Length Motion Picture,"Hail, Caesar!",Zoe Hay,Make-Up & Hairstyling,FALSE
2016,Best Period and/or Character Make-Up in a Feature-Length Motion Picture,Loving,Julia Lallas,Make-Up & Hairstyling,FALSE
2016,Best Period and/or Character Make-Up in a Feature-Length Motion Picture,Loving,Katie Middleton,Make-Up & Hairstyling,FALSE
2016,Best Period and/or Character Hair Styling in a Feature-Length Motion Picture,"Hail, Caesar!",Cydney Cornell,Make-Up & Hairstyling,TRUE
2016,Best Period and/or Character Hair Styling in a Feature-Length Motion Picture,"Hail, Caesar!",Pauletta O. Lewis,Make-Up & Hairstyling,TRUE
2016,Best Period and/or Character Hair Styling in a Feature-Length Motion Picture,"Hail, Caesar!",Matt Danon,Make-Up & Hairstyling,TRUE
2016,Best Period and/or Character Hair Styling in a Feature-Length Motion Picture,Fantastic Beasts and Where to Find Them,Fae Hammond,Make-Up & Hairstyling,FALSE
2016,Best Period and/or Character Hair Styling in a Feature-Length Motion Picture,Fantastic Beasts and Where to Find Them,Marilyn MacDonald,Make-Up & Hairstyling,FALSE
2016,Best Period and/or Character Hair Styling in a Feature-Length Motion Picture,Florence Foster Jenkins,J. Roy Helland,Make-Up & Hairstyling,FALSE
2016,Best Period and/or Character Hair Styling in a Feature-Length Motion Picture,Jackie,Catherine Leblanc,Make-Up & Hairstyling,FALSE
2016,Best Period and/or Character Hair Styling in a Feature-Length Motion Picture,Jackie,Tony Rocchetti,Make-Up & Hairstyling,FALSE
2016,Best Period and/or Character Hair Styling in a Feature-Length Motion Picture,Loving,Kenneth Walker,Make-Up & Hairstyling,FALSE
2016,Best Period and/or Character Hair Styling in a Feature-Length Motion Picture,Loving,Elizabeth Paschall,Make-Up & Hairstyling,FALSE
2016,Best Special Make-Up Effects in a Feature-Length Motion Picture,Star Trek Beyond,Joel Harlow,Make-Up & Hairstyling,TRUE
2016,Best Special Make-Up Effects in a Feature-Length Motion Picture,Star Trek Beyond,Richard Alonzo,Make-Up & Hairstyling,TRUE
2016,Best Special Make-Up Effects in a Feature-Length Motion Picture,Deadpool,Bill Corso,Make-Up & Hairstyling,FALSE
2016,Best Special Make-Up Effects in a Feature-Length Motion Picture,Deadpool,Andy Clement,Make-Up & Hairstyling,FALSE
2016,Best Special Make-Up Effects in a Feature-Length Motion Picture,Doctor Strange,Jeremy Woodhead,Make-Up & Hairstyling,FALSE
2016,Best Special Make-Up Effects in a Feature-Length Motion Picture,Fantastic Beasts and Where to Find Them,Fae Hammond,Make-Up & Hairstyling,FALSE
2016,Best Special Make-Up Effects in a Feature-Length Motion Picture,Suicide Squad,Christopher Nelson,Make-Up & Hairstyling,FALSE
2016,Best Special Make-Up Effects in a Feature-Length Motion Picture,Suicide Squad,Sean Sansom,Make-Up & Hairstyling,FALSE
2016,Best Special Make-Up Effects in a Feature-Length Motion Picture,Suicide Squad,Greg Nicotero,Make-Up & Hairstyling,FALSE
2015,Best Contemporary Make-Up in a Feature-Length Motion Picture,Furious 7,James MacKinnon,Make-Up & Hairstyling,TRUE
2015,Best Contemporary Make-Up in a Feature-Length Motion Picture,Furious 7,Autumn Butler,Make-Up & Hairstyling,TRUE
2015,Best Contemporary Make-Up in a Feature-Length Motion Picture,Furious 7,Roxy D’Alonzo,Make-Up & Hairstyling,TRUE
2015,Best Contemporary Make-Up in a Feature-Length Motion Picture,The Big Short,Julie Hewett,Make-Up & Hairstyling,FALSE
2015,Best Contemporary Make-Up in a Feature-Length Motion Picture,The Big Short,Pamela Westmore,Make-Up & Hairstyling,FALSE
2015,Best Contemporary Make-Up in a Feature-Length Motion Picture,Pitch Perfect 2,Melanie Hughes-Weaver,Make-Up & Hairstyling,FALSE
2015,Best Contemporary Make-Up in a Feature-Length Motion Picture,Pitch Perfect 2,Judy Yonemoto,Make-Up & Hairstyling,FALSE
2015,Best Contemporary Make-Up in a Feature-Length Motion Picture,Sicario,Donald Mowat,Make-Up & Hairstyling,FALSE
2015,Best Contemporary Make-Up in a Feature-Length Motion Picture,Youth,Matteo Silvi,Make-Up & Hairstyling,FALSE
2015,Best Contemporary Make-Up in a Feature-Length Motion Picture,Youth,Maurizio Silvi,Make-Up & Hairstyling,FALSE
2015,Best Contemporary Hair Styling in a Feature-Length Motion Picture,Pitch Perfect 2,Cheryl Marks,Make-Up & Hairstyling,TRUE
2015,Best Contemporary Hair Styling in a Feature-Length Motion Picture,Pitch Perfect 2,Meagan Herrera,Make-Up & Hairstyling,TRUE
2015,Best Contemporary Hair Styling in a Feature-Length Motion Picture,Pitch Perfect 2,Daina Daigle,Make-Up & Hairstyling,TRUE
2015,Best Contemporary Hair Styling in a Feature-Length Motion Picture,Ex Machina,Siân Grigg,Make-Up & Hairstyling,FALSE
2015,Best Contemporary Hair Styling in a Feature-Length Motion Picture,Ex Machina,Charlotte Rogers,Make-Up & Hairstyling,FALSE
2015,Best Contemporary Hair Styling in a Feature-Length Motion Picture,Furious 7,Linda D. Flowers,Make-Up & Hairstyling,FALSE
2015,Best Contemporary Hair Styling in a Feature-Length Motion Picture,Furious 7,Jennifer Santiago,Make-Up & Hairstyling,FALSE
2015,Best Contemporary Hair Styling in a Feature-Length Motion Picture,Furious 7,Lisa Ann Wilson,Make-Up & Hairstyling,FALSE
2015,Best Contemporary Hair Styling in a Feature-Length Motion Picture,Spectre,Zoe Tahir,Make-Up & Hairstyling,FALSE
2015,Best Contemporary Hair Styling in a Feature-Length Motion Picture,Spy,Sarah Love,Make-Up & Hairstyling,FALSE
2015,Best Contemporary Hair Styling in a Feature-Length Motion Picture,Spy,Linda D. Flowers,Make-Up & Hairstyling,FALSE
2015,Best Period and/or Character Make-Up in a Feature-Length Motion Picture,Mad Max: Fury Road,Lesley Vanderwalt,Make-Up & Hairstyling,TRUE
2015,Best Period and/or Character Make-Up in a Feature-Length Motion Picture,Mad Max: Fury Road,Nadine Prigge,Make-Up & Hairstyling,TRUE
2015,Best Period and/or Character Make-Up in a Feature-Length Motion Picture,Mad Max: Fury Road,Ailie Smith,Make-Up & Hairstyling,TRUE
2015,Best Period and/or Character Make-Up in a Feature-Length Motion Picture,Brooklyn,Morna Ferguson,Make-Up & Hairstyling,FALSE
2015,Best Period and/or Character Make-Up in a Feature-Length Motion Picture,Brooklyn,Niamh O'Loan,Make-Up & Hairstyling,FALSE
2015,Best Period and/or Character Make-Up in a Feature-Length Motion Picture,Brooklyn,Marlène Rouleau,Make-Up & Hairstyling,FALSE
2015,Best Period and/or Character Make-Up in a Feature-Length Motion Picture,Carol,Patricia Regan,Make-Up & Hairstyling,FALSE
2015,Best Period and/or Character Make-Up in a Feature-Length Motion Picture,Cinderella,Naomi Donne,Make-Up & Hairstyling,FALSE
2015,Best Period and/or Character Make-Up in a Feature-Length Motion Picture,Cinderella,Norma Webb,Make-Up & Hairstyling,FALSE
2015,Best Period and/or Character Make-Up in a Feature-Length Motion Picture,The Danish Girl,Jan Sewell,Make-Up & Hairstyling,FALSE
2015,Best Period and/or Character Make-Up in a Feature-Length Motion Picture,The Danish Girl,Renata Gilbert,Make-Up & Hairstyling,FALSE
2015,Best Period and/or Character Hair Styling in a Feature-Length Motion Picture,Cinderella,Carol Hemming,Make-Up & Hairstyling,TRUE
2015,Best Period and/or Character Hair Styling in a Feature-Length Motion Picture,Cinderella,Orla Carrol,Make-Up & Hairstyling,TRUE
2015,Best Period and/or Character Hair Styling in a Feature-Length Motion Picture,Cinderella,Wakana Yoshihara,Make-Up & Hairstyling,TRUE
2015,Best Period and/or Character Hair Styling in a Feature-Length Motion Picture,Brooklyn,Lorraine Glynn,Make-Up & Hairstyling,FALSE
2015,Best Period and/or Character Hair Styling in a Feature-Length Motion Picture,Brooklyn,Lorraine Brennan,Make-Up & Hairstyling,FALSE
2015,Best Period and/or Character Hair Styling in a Feature-Length Motion Picture,Brooklyn,Michelle Côté,Make-Up & Hairstyling,FALSE
2015,Best Period and/or Character Hair Styling in a Feature-Length Motion Picture,Carol,Jerry DeCarlo,Make-Up & Hairstyling,FALSE
2015,Best Period and/or Character Hair Styling in a Feature-Length Motion Picture,Carol,John Jack Curtin,Make-Up & Hairstyling,FALSE
2015,Best Period and/or Character Hair Styling in a Feature-Length Motion Picture,Carol,Kay Georgiou,Make-Up & Hairstyling,FALSE
2015,Best Period and/or Character Hair Styling in a Feature-Length Motion Picture,The Danish Girl,Jan Sewell,Make-Up & Hairstyling,FALSE
2015,Best Period and/or Character Hair Styling in a Feature-Length Motion Picture,The Danish Girl,Renata Gilbert,Make-Up & Hairstyling,FALSE
2015,Best Period and/or Character Hair Styling in a Feature-Length Motion Picture,Mad Max: Fury Road,Anita Morgan,Make-Up & Hairstyling,FALSE
2015,Best Period and/or Character Hair Styling in a Feature-Length Motion Picture,Mad Max: Fury Road,Kerstin Weller,Make-Up & Hairstyling,FALSE
2015,Best Period and/or Character Hair Styling in a Feature-Length Motion Picture,Mad Max: Fury Road,Kylie Clarke,Make-Up & Hairstyling,FALSE
2015,Best Special Make-Up Effects in a Feature-Length Motion Picture,Mad Max: Fury Road,Damian Martin,Make-Up & Hairstyling,TRUE
2015,Best Special Make-Up Effects in a Feature-Length Motion Picture,Mad Max: Fury Road,Elka Wardega,Make-Up & Hairstyling,TRUE
2015,Best Special Make-Up Effects in a Feature-Length Motion Picture,Mad Max: Fury Road,Jaco Snyman,Make-Up & Hairstyling,TRUE
2015,Best Special Make-Up Effects in a Feature-Length Motion Picture,Black Mass,Joel Harlow,Make-Up & Hairstyling,FALSE
2015,Best Special Make-Up Effects in a Feature-Length Motion Picture,Black Mass,Ken Niederbaumer,Make-Up & Hairstyling,FALSE
2015,Best Special Make-Up Effects in a Feature-Length Motion Picture,Black Mass,Khanh Trance,Make-Up & Hairstyling,FALSE
2015,Best Special Make-Up Effects in a Feature-Length Motion Picture,Ex Machina,Siân Grigg,Make-Up & Hairstyling,FALSE
2015,Best Special Make-Up Effects in a Feature-Length Motion Picture,Ex Machina,Charlotte Rogers,Make-Up & Hairstyling,FALSE
2015,Best Special Make-Up Effects in a Feature-Length Motion Picture,Ex Machina,Tristan Versluis,Make-Up & Hairstyling,FALSE
2015,Best Special Make-Up Effects in a Feature-Length Motion Picture,The Hunger Games: Mockingjay – Part 2,Ve Neill,Make-Up & Hairstyling,FALSE
2015,Best Special Make-Up Effects in a Feature-Length Motion Picture,The Hunger Games: Mockingjay – Part 2,Glenn Hetrick,Make-Up & Hairstyling,FALSE
2015,Best Special Make-Up Effects in a Feature-Length Motion Picture,Star Wars: The Force Awakens,Neal Scanlan,Make-Up & Hairstyling,FALSE
2014,Best Contemporary Make-Up in a Feature-Length Motion Picture,Guardians of the Galaxy,Elizabeth Yianni-Georgiou,Make-Up & Hairstyling,TRUE
2014,Best Contemporary Make-Up in a Feature-Length Motion Picture,Captain America: The Winter Soldier,Allan A. Apone,Make-Up & Hairstyling,FALSE
2014,Best Contemporary Make-Up in a Feature-Length Motion Picture,Captain America: The Winter Soldier,Nicole Sortillon Amos,Make-Up & Hairstyling,FALSE
2014,Best Contemporary Make-Up in a Feature-Length Motion Picture,Captain America: The Winter Soldier,Lisa Rocco,Make-Up & Hairstyling,FALSE
2014,Best Contemporary Make-Up in a Feature-Length Motion Picture,Gone Girl,Kate Biscoe,Make-Up & Hairstyling,FALSE
2014,Best Contemporary Make-Up in a Feature-Length Motion Picture,Gone Girl,Gigi Williams,Make-Up & Hairstyling,FALSE
2014,Best Contemporary Make-Up in a Feature-Length Motion Picture,Interstellar,Luisa Abel,Make-Up & Hairstyling,FALSE
2014,Best Contemporary Make-Up in a Feature-Length Motion Picture,Interstellar,Jay Wejebe,Make-Up & Hairstyling,FALSE
2014,Best Contemporary Make-Up in a Feature-Length Motion Picture,Nightcrawler,Donald Mowat,Make-Up & Hairstyling,FALSE
2014,Best Contemporary Make-Up in a Feature-Length Motion Picture,Nightcrawler,Malanie J. Romero,Make-Up & Hairstyling,FALSE
2014,Best Contemporary Hair Styling in a Feature-Length Motion Picture,Birdman or (The Unexpected Virtue of Ignorance),Jerry Popolis,Make-Up & Hairstyling,TRUE
2014,Best Contemporary Hair Styling in a Feature-Length Motion Picture,Birdman or (The Unexpected Virtue of Ignorance),Kat Drazen,Make-Up & Hairstyling,TRUE
2014,Best Contemporary Hair Styling in a Feature-Length Motion Picture,Guardians of the Galaxy,Elizabeth Yianni-Georgiou,Make-Up & Hairstyling,FALSE
2014,Best Contemporary Hair Styling in a Feature-Length Motion Picture,Interstellar,Patricia DeHaney,Make-Up & Hairstyling,FALSE
2014,Best Contemporary Hair Styling in a Feature-Length Motion Picture,Interstellar,Jose Zamora,Make-Up & Hairstyling,FALSE
2014,Best Contemporary Hair Styling in a Feature-Length Motion Picture,St. Vincent,Suzy Mazzarese-Allison,Make-Up & Hairstyling,FALSE
2014,Best Contemporary Hair Styling in a Feature-Length Motion Picture,Winter's Tale,Alan D'Angerio,Make-Up & Hairstyling,FALSE
2014,Best Contemporary Hair Styling in a Feature-Length Motion Picture,Winter's Tale,Jasen Joseph Sica,Make-Up & Hairstyling,FALSE
2014,Best Period and/or Character Make-Up in a Feature-Length Motion Picture,The Grand Budapest Hotel,Frances Hannon,Make-Up & Hairstyling,TRUE
2014,Best Period and/or Character Make-Up in a Feature-Length Motion Picture,The Grand Budapest Hotel,Julie Dartnell,Make-Up & Hairstyling,TRUE
2014,Best Period and/or Character Make-Up in a Feature-Length Motion Picture,The Hunger Games: Mockingjay – Part 1,Ve Neill,Make-Up & Hairstyling,FALSE
2014,Best Period and/or Character Make-Up in a Feature-Length Motion Picture,The Hunger Games: Mockingjay – Part 1,Nikoletta Skarlatos,Make-Up & Hairstyling,FALSE
2014,Best Period and/or Character Make-Up in a Feature-Length Motion Picture,The Hunger Games: Mockingjay – Part 1,Conor McCullagh,Make-Up & Hairstyling,FALSE
2014,Best Period and/or Character Make-Up in a Feature-Length Motion Picture,Into the Woods,Peter King,Make-Up & Hairstyling,FALSE
2014,Best Period and/or Character Make-Up in a Feature-Length Motion Picture,The Theory of Everything,Jan Sewell,Make-Up & Hairstyling,FALSE
2014,Best Period and/or Character Make-Up in a Feature-Length Motion Picture,The Theory of Everything,Lesley Smith,Make-Up & Hairstyling,FALSE
2014,Best Period and/or Character Make-Up in a Feature-Length Motion Picture,Unbroken,Toni G,Make-Up & Hairstyling,FALSE
2014,Best Period and/or Character Make-Up in a Feature-Length Motion Picture,Unbroken,Arjen Tuiten,Make-Up & Hairstyling,FALSE
2014,Best Period and/or Character Hair Styling in a Feature-Length Motion Picture,The Grand Budapest Hotel,Frances Hannon,Make-Up & Hairstyling,TRUE
2014,Best Period and/or Character Hair Styling in a Feature-Length Motion Picture,The Grand Budapest Hotel,Julie Dartnell,Make-Up & Hairstyling,TRUE
2014,Best Period and/or Character Hair Styling in a Feature-Length Motion Picture,Get on Up,Carla Farmer,Make-Up & Hairstyling,FALSE
2014,Best Period and/or Character Hair Styling in a Feature-Length Motion Picture,Get on Up,Shannon Bakeman,Make-Up & Hairstyling,FALSE
2014,Best Period and/or Character Hair Styling in a Feature-Length Motion Picture,Into the Woods,Peter King,Make-Up & Hairstyling,FALSE
2014,Best Period and/or Character Hair Styling in a Feature-Length Motion Picture,Into the Woods,J. Roy Helland,Make-Up & Hairstyling,FALSE
2014,Best Period and/or Character Hair Styling in a Feature-Length Motion Picture,Selma,Melissa Forney,Make-Up & Hairstyling,FALSE
2014,Best Period and/or Character Hair Styling in a Feature-Length Motion Picture,Selma,Pierce Austin,Make-Up & Hairstyling,FALSE
2014,Best Period and/or Character Hair Styling in a Feature-Length Motion Picture,The Theory of Everything,Jan Sewell,Make-Up & Hairstyling,FALSE
2014,Best Period and/or Character Hair Styling in a Feature-Length Motion Picture,The Theory of Everything,Agnes Legere,Make-Up & Hairstyling,FALSE
2014,Best Special Make-Up Effects in a Feature-Length Motion Picture,Guardians of the Galaxy,David White,Make-Up & Hairstyling,TRUE
2014,Best Special Make-Up Effects in a Feature-Length Motion Picture,Foxcatcher,Bill Corso,Make-Up & Hairstyling,FALSE
2014,Best Special Make-Up Effects in a Feature-Length Motion Picture,Foxcatcher,Dennis Liddiard,Make-Up & Hairstyling,FALSE
2014,Best Special Make-Up Effects in a Feature-Length Motion Picture,The Hobbit: The Battle of the Five Armies,Gino Acevedo,Make-Up & Hairstyling,FALSE
2014,Best Special Make-Up Effects in a Feature-Length Motion Picture,Into the Woods,J. Roy Helland,Make-Up & Hairstyling,FALSE
2014,Best Special Make-Up Effects in a Feature-Length Motion Picture,Into the Woods,Matthew Smith,Make-Up & Hairstyling,FALSE
2014,Best Special Make-Up Effects in a Feature-Length Motion Picture,Maleficent,Rick Baker,Make-Up & Hairstyling,FALSE
2014,Best Special Make-Up Effects in a Feature-Length Motion Picture,Maleficent,Toni G,Make-Up & Hairstyling,FALSE
2014,Best Special Make-Up Effects in a Feature-Length Motion Picture,Maleficent,Arjen Tuiten,Make-Up & Hairstyling,FALSE
2013,Best Contemporary Make-Up in a Feature-Length Motion Picture,Prisoners,Donald Mowat,Make-Up & Hairstyling,TRUE
2013,Best Contemporary Make-Up in a Feature-Length Motion Picture,Prisoners,Pamela Westmore,Make-Up & Hairstyling,TRUE
2013,Best Contemporary Make-Up in a Feature-Length Motion Picture,August: Osage County,Carla White,Make-Up & Hairstyling,FALSE
2013,Best Contemporary Make-Up in a Feature-Length Motion Picture,August: Osage County,Bjoern Rehbein,Make-Up & Hairstyling,FALSE
2013,Best Contemporary Make-Up in a Feature-Length Motion Picture,One Chance,Christine Blundell,Make-Up & Hairstyling,FALSE
2013,Best Contemporary Make-Up in a Feature-Length Motion Picture,One Chance,Donald McInnes,Make-Up & Hairstyling,FALSE
2013,Best Contemporary Hair Styling in a Feature-Length Motion Picture,Lee Daniels' The Butler,Candace Neal,Make-Up & Hairstyling,TRUE
2013,Best Contemporary Hair Styling in a Feature-Length Motion Picture,Lee Daniels' The Butler,Robert L. Stevenson,Make-Up & Hairstyling,TRUE
2013,Best Contemporary Hair Styling in a Feature-Length Motion Picture,One Chance,Christine Blundell,Make-Up & Hairstyling,FALSE
2013,Best Contemporary Hair Styling in a Feature-Length Motion Picture,One Chance,Donald McInnes,Make-Up & Hairstyling,FALSE
2013,Best Contemporary Hair Styling in a Feature-Length Motion Picture,Unfinished Song,Lucy Cain,Make-Up & Hairstyling,FALSE
2013,Best Period and/or Character Make-Up in a Feature-Length Motion Picture,Dallas Buyers Club,Robin Matthews,Make-Up & Hairstyling,TRUE
2013,Best Period and/or Character Make-Up in a Feature-Length Motion Picture,The Great Gatsby,Maurizio Silvi,Make-Up & Hairstyling,FALSE
2013,Best Period and/or Character Make-Up in a Feature-Length Motion Picture,The Great Gatsby,Lesley Vanderwalt,Make-Up & Hairstyling,FALSE
2013,Best Period and/or Character Make-Up in a Feature-Length Motion Picture,The Lone Ranger,Joel Harlow,Make-Up & Hairstyling,FALSE
2013,Best Period and/or Character Make-Up in a Feature-Length Motion Picture,The Lone Ranger,Mike Smithson,Make-Up & Hairstyling,FALSE
2013,Best Period and/or Character Make-Up in a Feature-Length Motion Picture,The Lone Ranger,Robin Beauchesne,Make-Up & Hairstyling,FALSE
2013,Best Period and/or Character Hair Styling in a Feature-Length Motion Picture,American Hustle,Kathrine Gordon,Make-Up & Hairstyling,TRUE
2013,Best Period and/or Character Hair Styling in a Feature-Length Motion Picture,American Hustle,Michelle Johnson,Make-Up & Hairstyling,TRUE
2013,Best Period and/or Character Hair Styling in a Feature-Length Motion Picture,Jobs,Nina Paskowitz,Make-Up & Hairstyling,FALSE
2013,Best Period and/or Character Hair Styling in a Feature-Length Motion Picture,Jobs,Michael Moore,Make-Up & Hairstyling,FALSE
2013,Best Period and/or Character Hair Styling in a Feature-Length Motion Picture,The Lone Ranger,Gloria Pasqua-Casny,Make-Up & Hairstyling,FALSE
2013,Best Period and/or Character Hair Styling in a Feature-Length Motion Picture,The Lone Ranger,Jules Holdren,Make-Up & Hairstyling,FALSE
2013,Best Special Make-Up Effects in a Feature-Length Motion Picture,Bad Grandpa,Stephen Prouty,Make-Up & Hairstyling,TRUE
2013,Best Special Make-Up Effects in a Feature-Length Motion Picture,Bad Grandpa,Tony Gardner,Make-Up & Hairstyling,TRUE
2013,Best Special Make-Up Effects in a Feature-Length Motion Picture,Hansel & Gretel: Witch Hunters,Mike Elizalde,Make-Up & Hairstyling,FALSE
2013,Best Special Make-Up Effects in a Feature-Length Motion Picture,Hansel & Gretel: Witch Hunters,Lufeng Qu,Make-Up & Hairstyling,FALSE
2013,Best Special Make-Up Effects in a Feature-Length Motion Picture,The Hunger Games: Catching Fire,Ve Neill,Make-Up & Hairstyling,FALSE
2013,Best Special Make-Up Effects in a Feature-Length Motion Picture,The Hunger Games: Catching Fire,Nikoletta Skarlatos,Make-Up & Hairstyling,FALSE
2025,Best Contemporary Make-Up,Bugonia,Torsten Witte,Make-Up & Hairstyling,FALSE
2025,Best Contemporary Make-Up,Eddington,Colin Penman,Make-Up & Hairstyling,FALSE
2025,Best Contemporary Make-Up,Eddington,Lisa Hansell,Make-Up & Hairstyling,FALSE
2025,Best Contemporary Make-Up,Jurassic World Rebirth,Jana Carboni,Make-Up & Hairstyling,FALSE
2025,Best Contemporary Make-Up,Jurassic World Rebirth,Charlie Hounslow,Make-Up & Hairstyling,FALSE
2025,Best Contemporary Make-Up,Jurassic World Rebirth,Nik Buck,Make-Up & Hairstyling,FALSE
2025,Best Contemporary Make-Up,Jurassic World Rebirth,Aisling Nairn,Make-Up & Hairstyling,FALSE
2025,Best Contemporary Make-Up,Jurassic World Rebirth,Lauren Baldwin,Make-Up & Hairstyling,FALSE
2025,Best Contemporary Make-Up,One Battle After Another,Heba Thorisdottir,Make-Up & Hairstyling,FALSE
2025,Best Contemporary Make-Up,One Battle After Another,Mandy Artusato,Make-Up & Hairstyling,FALSE
2025,Best Contemporary Make-Up,Superman,Alexei Dmitriew,Make-Up & Hairstyling,FALSE
2025,Best Contemporary Make-Up,Superman,LuAndra Whitehurst,Make-Up & Hairstyling,FALSE
2025,Best Contemporary Make-Up,Superman,Nicole Sortillon Amos,Make-Up & Hairstyling,FALSE
2025,Best Contemporary Make-Up,Superman,Amanda Sprunger,Make-Up & Hairstyling,FALSE
2025,Best Contemporary Hair Styling,Ballad of a Small Player,Heike Merker,Make-Up & Hairstyling,FALSE
2025,Best Contemporary Hair Styling,Ballad of a Small Player,Alex Kwan,Make-Up & Hairstyling,FALSE
2025,Best Contemporary Hair Styling,Bugonia,Torsten Witte,Make-Up & Hairstyling,FALSE
2025,Best Contemporary Hair Styling,The Naked Gun,Joyce M. Gilliard,Make-Up & Hairstyling,FALSE
2025,Best Contemporary Hair Styling,The Naked Gun,Nadia Sobh,Make-Up & Hairstyling,FALSE
2025,Best Contemporary Hair Styling,The Naked Gun,Tomica Sarver,Make-Up & Hairstyling,FALSE
2025,Best Contemporary Hair Styling,One Battle After Another,Ahou Mofid,Make-Up & Hairstyling,FALSE
2025,Best Contemporary Hair Styling,One Battle After Another,Gina Maria DeAngelis,Make-Up & Hairstyling,FALSE
2025,Best Contemporary Hair Styling,One Battle After Another,Sacha Quarles,Make-Up & Hairstyling,FALSE
2025,Best Contemporary Hair Styling,Superman,Peter Swords King,Make-Up & Hairstyling,FALSE
2025,Best Contemporary Hair Styling,Superman,Lindsay McAllister,Make-Up & Hairstyling,FALSE
2025,Best Contemporary Hair Styling,Superman,Magnolia Lowe,Make-Up & Hairstyling,FALSE
2025,Best Period and/or Character Make-Up,Frankenstein,Jordan Samuel,Make-Up & Hairstyling,FALSE
2025,Best Period and/or Character Make-Up,Frankenstein,Oriana Rossi,Make-Up & Hairstyling,FALSE
2025,Best Period and/or Character Make-Up,Frankenstein,Kristin Wayne,Make-Up & Hairstyling,FALSE
2025,Best Period and/or Character Make-Up,Frankenstein,Patricia Keighran,Make-Up & Hairstyling,FALSE
2025,Best Period and/or Character Make-Up,Frankenstein,Lizzi Lawson Zeiss,Make-Up & Hairstyling,FALSE
2025,Best Period and/or Character Make-Up,Sinners,Ken Diaz,Make-Up & Hairstyling,FALSE
2025,Best Period and/or Character Make-Up,Sinners,Siân Richards,Make-Up & Hairstyling,FALSE
2025,Best Period and/or Character Make-Up,Sinners,Ned Neidhardt,Make-Up & Hairstyling,FALSE
2025,Best Period and/or Character Make-Up,Sinners,Allison laCour,Make-Up & Hairstyling,FALSE
2025,Best Period and/or Character Make-Up,Sinners,Lana Mora,Make-Up & Hairstyling,FALSE
2025,Best Period and/or Character Make-Up,The Smashing Machine,Felix Fox,Make-Up & Hairstyling,FALSE
2025,Best Period and/or Character Make-Up,The Smashing Machine,Darah Wyant,Make-Up & Hairstyling,FALSE
2025,Best Period and/or Character Make-Up,The Smashing Machine,Amanda Imeson,Make-Up & Hairstyling,FALSE
2025,Best Period and/or Character Make-Up,The Smashing Machine,Harlow MacFarlane,Make-Up & Hairstyling,FALSE
2025,Best Period and/or Character Make-Up,The Smashing Machine,Maiko Gomyo,Make-Up & Hairstyling,FALSE
2025,Best Period and/or Character Make-Up,Weapons,Leo Satkovich,Make-Up & Hairstyling,FALSE
2025,Best Period and/or Character Make-Up,Weapons,Mark Ross,Make-Up & Hairstyling,FALSE
2025,Best Period and/or Character Make-Up,Weapons,Jason Collins,Make-Up & Hairstyling,FALSE
2025,Best Period and/or Character Make-Up,Weapons,Kaylee Kehne-Swisher,Make-Up & Hairstyling,FALSE
2025,Best Period and/or Character Make-Up,Weapons,Brie Bastianson,Make-Up & Hairstyling,FALSE
2025,Best Period and/or Character Make-Up,Wicked: For Good,Frances Hannon,Make-Up & Hairstyling,FALSE
2025,Best Period and/or Character Make-Up,Wicked: For Good,Alice Jones,Make-Up & Hairstyling,FALSE
2025,Best Period and/or Character Make-Up,Wicked: For Good,Nuria Mbomio,Make-Up & Hairstyling,FALSE
2025,Best Period and/or Character Make-Up,Wicked: For Good,Sarah Nuth,Make-Up & Hairstyling,FALSE
2025,Best Period Hair Styling and/or Character Hair Styling,Frankenstein,Cliona Furey,Make-Up & Hairstyling,FALSE
2025,Best Period Hair Styling and/or Character Hair Styling,Frankenstein,Tim Nolan,Make-Up & Hairstyling,FALSE
2025,Best Period Hair Styling and/or Character Hair Styling,Frankenstein,Laura Solari,Make-Up & Hairstyling,FALSE
2025,Best Period Hair Styling and/or Character Hair Styling,Frankenstein,Tori Binns,Make-Up & Hairstyling,FALSE
2025,Best Period Hair Styling and/or Character Hair Styling,Frankenstein,Katarina Chovanec,Make-Up & Hairstyling,FALSE
2025,Best Period Hair Styling and/or Character Hair Styling,Marty Supreme,Kay Georgiou,Make-Up & Hairstyling,FALSE
2025,Best Period Hair Styling and/or Character Hair Styling,Marty Supreme,Jimmy Goode,Make-Up & Hairstyling,FALSE
2025,Best Period Hair Styling and/or Character Hair Styling,Marty Supreme,Michael Buonincontro,Make-Up & Hairstyling,FALSE
2025,Best Period Hair Styling and/or Character Hair Styling,Marty Supreme,Mitchell Beck,Make-Up & Hairstyling,FALSE
2025,Best Period Hair Styling and/or Character Hair Styling,Sinners,Shunika Terry-Jennings,Make-Up & Hairstyling,FALSE
2025,Best Period Hair Styling and/or Character Hair Styling,Sinners,Elizabeth Robinson,Make-Up & Hairstyling,FALSE
2025,Best Period Hair Styling and/or Character Hair Styling,Sinners,Tene Wilder,Make-Up & Hairstyling,FALSE
2025,Best Period Hair Styling and/or Character Hair Styling,Sinners,Jove Edmond,Make-Up & Hairstyling,FALSE
2025,Best Period Hair Styling and/or Character Hair Styling,Sinners,Sherri B. Hamilton,Make-Up & Hairstyling,FALSE
2025,Best Period Hair Styling and/or Character Hair Styling,Weapons,Melizah Wheat,Make-Up & Hairstyling,FALSE
2025,Best Period Hair Styling and/or Character Hair Styling,Weapons,Monty Schuth,Make-Up & Hairstyling,FALSE
2025,Best Period Hair Styling and/or Character Hair Styling,Weapons,Nashi Tumlinson,Make-Up & Hairstyling,FALSE
2025,Best Period Hair Styling and/or Character Hair Styling,Wicked: For Good,Frances Hannon,Make-Up & Hairstyling,FALSE
2025,Best Period Hair Styling and/or Character Hair Styling,Wicked: For Good,Sim Camps,Make-Up & Hairstyling,FALSE
2025,Best Period Hair Styling and/or Character Hair Styling,Wicked: For Good,Gabor Kerekes,Make-Up & Hairstyling,FALSE
2025,Best Period Hair Styling and/or Character Hair Styling,Wicked: For Good,Laura Blount,Make-Up & Hairstyling,FALSE
2025,Best Special Make-Up Effects,Frankenstein,Mike Hill,Make-Up & Hairstyling,FALSE
2025,Best Special Make-Up Effects,Frankenstein,Megan Many,Make-Up & Hairstyling,FALSE
2025,Best Special Make-Up Effects,One Battle After Another,Arjen Tuiten,Make-Up & Hairstyling,FALSE
2025,Best Special Make-Up Effects,One Battle After Another,Jessica Nelson,Make-Up & Hairstyling,FALSE
2025,Best Special Make-Up Effects,Sinners,Mike Fontaine,Make-Up & Hairstyling,FALSE
2025,Best Special Make-Up Effects,Sinners,Bailey Domke,Make-Up & Hairstyling,FALSE
2025,Best Special Make-Up Effects,Sinners,Kelsey Berk,Make-Up & Hairstyling,FALSE
2025,Best Special Make-Up Effects,Sinners,Kevin Wasner,Make-Up & Hairstyling,FALSE
2025,Best Special Make-Up Effects,Sinners,Cristina Patterson,Make-Up & Hairstyling,FALSE
2025,Best Special Make-Up Effects,Weapons,Jason Collins,Make-Up & Hairstyling,FALSE
2025,Best Special Make-Up Effects,Weapons,Leo Satkovich,Make-Up & Hairstyling,FALSE
2025,Best Special Make-Up Effects,Weapons,Mike McCarty,Make-Up & Hairstyling,FALSE
2025,Best Special Make-Up Effects,Weapons,Mark Ross,Make-Up & Hairstyling,FALSE
2025,Best Special Make-Up Effects,Weapons,Kaylee Kehne-Swisher,Make-Up & Hairstyling,FALSE
2025,Best Special Make-Up Effects,Wicked: For Good,Frances Hannon,Make-Up & Hairstyling,FALSE
2025,Best Special Make-Up Effects,Wicked: For Good,Mark Coulier,Make-Up & Hairstyling,FALSE
2025,Best Special Make-Up Effects,Wicked: For Good,Stephen Murphy,Make-Up & Hairstyling,FALSE
2025,Best Special Make-Up Effects,Wicked: For Good,Susie Redfern,Make-Up & Hairstyling,FALSE