Nominee,Film,Category,Year,Show,Concordance,Won
Big Bill Morganfield,A Complete Unknown,Cast In A Motion Picture,2024,31st Annual,,FALSE
Boyd Holbrook,A Complete Unknown,Cast In A Motion Picture,2024,31st Annual,,FALSE
Dan Fogler,A Complete Unknown,Cast In A Motion Picture,2024,31st Annual,,FALSE
Edward Norton,A Complete Unknown,Cast In A Motion Picture,2024,31st Annual,,FALSE
Elle Fanning,A Complete Unknown,Cast In A Motion Picture,2024,31st Annual,,FALSE
Eriko Hatsune,A Complete Unknown,Cast In A Motion Picture,2024,31st Annual,,FALSE
Monica Barbaro,A Complete Unknown,Cast In A Motion Picture,2024,31st Annual,,FALSE
Norbert Leo Butz,A Complete Unknown,Cast In A Motion Picture,2024,31st Annual,,FALSE
Scoot McNairy,A Complete Unknown,Cast In A Motion Picture,2024,31st Annual,,FALSE
Timothée Chalamet,A Complete Unknown,Cast In A Motion Picture,2024,31st Annual,,FALSE
Will Harrison,A Complete Unknown,Cast In A Motion Picture,2024,31st Annual,,FALSE
Aleksey Serebryakov,Anora,Cast In A Motion Picture,2024,31st Annual,,FALSE
Karren Karagulian,Anora,Cast In A Motion Picture,2024,31st Annual,,FALSE
Mark Eydelshteyn,Anora,Cast In A Motion Picture,2024,31st Annual,,FALSE
Mikey Madison,Anora,Cast In A Motion Picture,2024,31st Annual,,FALSE
Vache Tovmasyan,Anora,Cast In A Motion Picture,2024,31st Annual,,FALSE
Yura Borisov,Anora,Cast In A Motion Picture,2024,31st Annual,,FALSE
Isabella Rossellini,Conclave,Cast In A Motion Picture,2024,31st Annual,,TRUE
John Lithgow,Conclave,Cast In A Motion Picture,2024,31st Annual,,TRUE
Lucian Msamati,Conclave,Cast In A Motion Picture,2024,31st Annual,,TRUE
Ralph Fiennes,Conclave,Cast In A Motion Picture,2024,31st Annual,,TRUE
Sergio Castellitto,Conclave,Cast In A Motion Picture,2024,31st Annual,,TRUE
Stanley Tucci,Conclave,Cast In A Motion Picture,2024,31st Annual,,TRUE
Adriana Paz,Emilia Pérez,Cast In A Motion Picture,2024,31st Annual,,FALSE
Karla Sofía Gascón,Emilia Pérez,Cast In A Motion Picture,2024,31st Annual,,FALSE
Selena Gomez,Emilia Pérez,Cast In A Motion Picture,2024,31st Annual,,FALSE
Zoe Saldaña,Emilia Pérez,Cast In A Motion Picture,2024,31st Annual,,FALSE
Ariana Grande,Wicked,Cast In A Motion Picture,2024,31st Annual,,FALSE
Bowen Yang,Wicked,Cast In A Motion Picture,2024,31st Annual,,FALSE
Cynthia Erivo,Wicked,Cast In A Motion Picture,2024,31st Annual,,FALSE
Ethan Slater,Wicked,Cast In A Motion Picture,2024,31st Annual,,FALSE
Jeff Goldblum,Wicked,Cast In A Motion Picture,2024,31st Annual,,FALSE
Jonathan Bailey,Wicked,Cast In A Motion Picture,2024,31st Annual,,FALSE
Marissa Bode,Wicked,Cast In A Motion Picture,2024,31st Annual,,FALSE
Michelle Yeoh,Wicked,Cast In A Motion Picture,2024,31st Annual,,FALSE
Peter Dinklage,Wicked,Cast In A Motion Picture,2024,31st Annual,,FALSE
Chris Perfetti,Abbott Elementary,Ensemble In A Comedy Series,2024,31st Annual,,FALSE
Janelle James,Abbott Elementary,Ensemble In A Comedy Series,2024,31st Annual,,FALSE
Lisa Ann Walter,Abbott Elementary,Ensemble In A Comedy Series,2024,31st Annual,,FALSE
Quinta Brunson,Abbott Elementary,Ensemble In A Comedy Series,2024,31st Annual,,FALSE
Sheryl Lee Ralph,Abbott Elementary,Ensemble In A Comedy Series,2024,31st Annual,,FALSE
Tyler James Williams,Abbott Elementary,Ensemble In A Comedy Series,2024,31st Annual,,FALSE
William Stanford Davis,Abbott Elementary,Ensemble In A Comedy Series,2024,31st Annual,,FALSE
Carl Clemons-Hopkins,Hacks,Ensemble In A Comedy Series,2024,31st Annual,,FALSE
Hannah Einbinder,Hacks,Ensemble In A Comedy Series,2024,31st Annual,,FALSE
Jean Smart,Hacks,Ensemble In A Comedy Series,2024,31st Annual,,FALSE
Mark Indelicato,Hacks,Ensemble In A Comedy Series,2024,31st Annual,,FALSE
Megan Stalter,Hacks,Ensemble In A Comedy Series,2024,31st Annual,,FALSE
Paul W. Downs,Hacks,Ensemble In A Comedy Series,2024,31st Annual,,FALSE
Rose Abdoo,Hacks,Ensemble In A Comedy Series,2024,31st Annual,,FALSE
Eugene Levy,Only Murders In The Building,Ensemble In A Comedy Series,2024,31st Annual,,TRUE
Eva Longoria,Only Murders In The Building,Ensemble In A Comedy Series,2024,31st Annual,,TRUE
Kumail Nanjiani,Only Murders In The Building,Ensemble In A Comedy Series,2024,31st Annual,,TRUE
Martin Short,Only Murders In The Building,Ensemble In A Comedy Series,2024,31st Annual,,TRUE
Michael Cyril Creighton,Only Murders In The Building,Ensemble In A Comedy Series,2024,31st Annual,,TRUE
Molly Shannon,Only Murders In The Building,Ensemble In A Comedy Series,2024,31st Annual,,TRUE
Richard Kind,Only Murders In The Building,Ensemble In A Comedy Series,2024,31st Annual,,TRUE
Selena Gomez,Only Murders In The Building,Ensemble In A Comedy Series,2024,31st Annual,,TRUE
Steve Martin,Only Murders In The Building,Ensemble In A Comedy Series,2024,31st Annual,,TRUE
Zach Galifianakis,Only Murders In The Building,Ensemble In A Comedy Series,2024,31st Annual,,TRUE
,Shrinking,Ensemble In A Comedy Series,2024,31st Annual,,FALSE
Brett Goldstein,Shrinking,Ensemble In A Comedy Series,2024,31st Annual,,FALSE
Christa Miller,Shrinking,Ensemble In A Comedy Series,2024,31st Annual,,FALSE
Devin Kawaoka,Shrinking,Ensemble In A Comedy Series,2024,31st Annual,,FALSE
Gavin Lewis,Shrinking,Ensemble In A Comedy Series,2024,31st Annual,,FALSE
Harrison Ford,Shrinking,Ensemble In A Comedy Series,2024,31st Annual,,FALSE
Jason Segel,Shrinking,Ensemble In A Comedy Series,2024,31st Annual,,FALSE
Jessica Williams,Shrinking,Ensemble In A Comedy Series,2024,31st Annual,,FALSE
Luke Tennie,Shrinking,Ensemble In A Comedy Series,2024,31st Annual,,FALSE
Lukita Maxwell,Shrinking,Ensemble In A Comedy Series,2024,31st Annual,,FALSE
Michael Urie,Shrinking,Ensemble In A Comedy Series,2024,31st Annual,,FALSE
Rachel Stubington,Shrinking,Ensemble In A Comedy Series,2024,31st Annual,,FALSE
Ted Mcginley,Shrinking,Ensemble In A Comedy Series,2024,31st Annual,,FALSE
Wendie Malick,Shrinking,Ensemble In A Comedy Series,2024,31st Annual,,FALSE
Abby Elliott,The Bear,Ensemble In A Comedy Series,2024,31st Annual,,FALSE
Ayo Edebiri,The Bear,Ensemble In A Comedy Series,2024,31st Annual,,FALSE
Corey Hendrix,The Bear,Ensemble In A Comedy Series,2024,31st Annual,,FALSE
Ebon Moss-Bachrach,The Bear,Ensemble In A Comedy Series,2024,31st Annual,,FALSE
Edwin Lee Gibson,The Bear,Ensemble In A Comedy Series,2024,31st Annual,,FALSE
Jeremy Allen White,The Bear,Ensemble In A Comedy Series,2024,31st Annual,,FALSE
Lionel Boyce,The Bear,Ensemble In A Comedy Series,2024,31st Annual,,FALSE
Liza Colón-Zayas,The Bear,Ensemble In A Comedy Series,2024,31st Annual,,FALSE
Matty Matheson,The Bear,Ensemble In A Comedy Series,2024,31st Annual,,FALSE
Ricky Staffieri,The Bear,Ensemble In A Comedy Series,2024,31st Annual,,FALSE
Adjoa Andoh,Bridgerton,Ensemble In A Drama Series,2024,31st Annual,,FALSE
Anna Wilson-Jones,Bridgerton,Ensemble In A Drama Series,2024,31st Annual,,FALSE
Banita Sandhu,Bridgerton,Ensemble In A Drama Series,2024,31st Annual,,FALSE
Bessie Carter,Bridgerton,Ensemble In A Drama Series,2024,31st Annual,,FALSE
Caleb Obediah,Bridgerton,Ensemble In A Drama Series,2024,31st Annual,,FALSE
Claudia Jessie,Bridgerton,Ensemble In A Drama Series,2024,31st Annual,,FALSE
Daniel Francis,Bridgerton,Ensemble In A Drama Series,2024,31st Annual,,FALSE
Dominic Coleman,Bridgerton,Ensemble In A Drama Series,2024,31st Annual,,FALSE
Emma Naomi,Bridgerton,Ensemble In A Drama Series,2024,31st Annual,,FALSE
Florence Hunt,Bridgerton,Ensemble In A Drama Series,2024,31st Annual,,FALSE
Genevieve Chenneour,Bridgerton,Ensemble In A Drama Series,2024,31st Annual,,FALSE
Geraldine Alexander,Bridgerton,Ensemble In A Drama Series,2024,31st Annual,,FALSE
Golda Rosheuvel,Bridgerton,Ensemble In A Drama Series,2024,31st Annual,,FALSE
Hannah Dodd,Bridgerton,Ensemble In A Drama Series,2024,31st Annual,,FALSE
Hannah New,Bridgerton,Ensemble In A Drama Series,2024,31st Annual,,FALSE
Harriet Cains,Bridgerton,Ensemble In A Drama Series,2024,31st Annual,,FALSE
Hugh Sachs,Bridgerton,Ensemble In A Drama Series,2024,31st Annual,,FALSE
James Bryan,Bridgerton,Ensemble In A Drama Series,2024,31st Annual,,FALSE
James Phoon,Bridgerton,Ensemble In A Drama Series,2024,31st Annual,,FALSE
Jessica Madsen,Bridgerton,Ensemble In A Drama Series,2024,31st Annual,,FALSE
Joanna Bobin,Bridgerton,Ensemble In A Drama Series,2024,31st Annual,,FALSE
Joe Barnes,Bridgerton,Ensemble In A Drama Series,2024,31st Annual,,FALSE
Jonathan Bailey,Bridgerton,Ensemble In A Drama Series,2024,31st Annual,,FALSE
Julie Andrews,Bridgerton,Ensemble In A Drama Series,2024,31st Annual,,FALSE
Kitty Devlin,Bridgerton,Ensemble In A Drama Series,2024,31st Annual,,FALSE
Lorn Macdonald,Bridgerton,Ensemble In A Drama Series,2024,31st Annual,,FALSE
Lorraine Ashbourne,Bridgerton,Ensemble In A Drama Series,2024,31st Annual,,FALSE
Luke Newton,Bridgerton,Ensemble In A Drama Series,2024,31st Annual,,FALSE
Luke Thompson,Bridgerton,Ensemble In A Drama Series,2024,31st Annual,,FALSE
Martins Imhangbe,Bridgerton,Ensemble In A Drama Series,2024,31st Annual,,FALSE
Molly Jackson-Shaw,Bridgerton,Ensemble In A Drama Series,2024,31st Annual,,FALSE
Nicola Coughlan,Bridgerton,Ensemble In A Drama Series,2024,31st Annual,,FALSE
Polly Walker,Bridgerton,Ensemble In A Drama Series,2024,31st Annual,,FALSE
Rosa Hesmondhalgh,Bridgerton,Ensemble In A Drama Series,2024,31st Annual,,FALSE
Ruth Gemmell,Bridgerton,Ensemble In A Drama Series,2024,31st Annual,,FALSE
Sesley Hope,Bridgerton,Ensemble In A Drama Series,2024,31st Annual,,FALSE
Simone Ashley,Bridgerton,Ensemble In A Drama Series,2024,31st Annual,,FALSE
Sophie Woolley,Bridgerton,Ensemble In A Drama Series,2024,31st Annual,,FALSE
Victor Alli,Bridgerton,Ensemble In A Drama Series,2024,31st Annual,,FALSE
Vineeta Rishi,Bridgerton,Ensemble In A Drama Series,2024,31st Annual,,FALSE
Will Tilston,Bridgerton,Ensemble In A Drama Series,2024,31st Annual,,FALSE
Anna Sawai,Shōgun,Ensemble In A Drama Series,2024,31st Annual,,TRUE
Cosmo Jarvis,Shōgun,Ensemble In A Drama Series,2024,31st Annual,,TRUE
Fumi Nikaido,Shōgun,Ensemble In A Drama Series,2024,31st Annual,,TRUE
Hiromoto Ida,Shōgun,Ensemble In A Drama Series,2024,31st Annual,,TRUE
Hiroto Kanai,Shōgun,Ensemble In A Drama Series,2024,31st Annual,,TRUE
Hiroyuki Sanada,Shōgun,Ensemble In A Drama Series,2024,31st Annual,,TRUE
Moeka Hoshi,Shōgun,Ensemble In A Drama Series,2024,31st Annual,,TRUE
Shinnosuke Abe,Shōgun,Ensemble In A Drama Series,2024,31st Annual,,TRUE
Tadanobu Asano,Shōgun,Ensemble In A Drama Series,2024,31st Annual,,TRUE
Takehiro Hira,Shōgun,Ensemble In A Drama Series,2024,31st Annual,,TRUE
Takeshi Kurokawa,Shōgun,Ensemble In A Drama Series,2024,31st Annual,,TRUE
Tokuma Nishioka,Shōgun,Ensemble In A Drama Series,2024,31st Annual,,TRUE
Tommy Bastow,Shōgun,Ensemble In A Drama Series,2024,31st Annual,,TRUE
Yuki Kura,Shōgun,Ensemble In A Drama Series,2024,31st Annual,,TRUE
Aimee-Ffion Edwards,Slow Horses,Ensemble In A Drama Series,2024,31st Annual,,FALSE
Christopher Chung,Slow Horses,Ensemble In A Drama Series,2024,31st Annual,,FALSE
Gary Oldman,Slow Horses,Ensemble In A Drama Series,2024,31st Annual,,FALSE
Hugo Weaving,Slow Horses,Ensemble In A Drama Series,2024,31st Annual,,FALSE
Jack Lowden,Slow Horses,Ensemble In A Drama Series,2024,31st Annual,,FALSE
James Callis,Slow Horses,Ensemble In A Drama Series,2024,31st Annual,,FALSE
Joanna Scanlan,Slow Horses,Ensemble In A Drama Series,2024,31st Annual,,FALSE
Jonathan Pryce,Slow Horses,Ensemble In A Drama Series,2024,31st Annual,,FALSE
Kadiff Kirwan,Slow Horses,Ensemble In A Drama Series,2024,31st Annual,,FALSE
Kristin Scott Thomas,Slow Horses,Ensemble In A Drama Series,2024,31st Annual,,FALSE
Naomi Wirthner,Slow Horses,Ensemble In A Drama Series,2024,31st Annual,,FALSE
Rosalind Eleazar,Slow Horses,Ensemble In A Drama Series,2024,31st Annual,,FALSE
Ruth Bradley,Slow Horses,Ensemble In A Drama Series,2024,31st Annual,,FALSE
Saskia Reeves,Slow Horses,Ensemble In A Drama Series,2024,31st Annual,,FALSE
Sean Gilder,Slow Horses,Ensemble In A Drama Series,2024,31st Annual,,FALSE
Tom Brooke,Slow Horses,Ensemble In A Drama Series,2024,31st Annual,,FALSE
Tom Wozniczka,Slow Horses,Ensemble In A Drama Series,2024,31st Annual,,FALSE
Ben Hall,The Day Of The Jackal,Ensemble In A Drama Series,2024,31st Annual,,FALSE
Charles Dance,The Day Of The Jackal,Ensemble In A Drama Series,2024,31st Annual,,FALSE
Chukwudi Iwuji,The Day Of The Jackal,Ensemble In A Drama Series,2024,31st Annual,,FALSE
Eddie Redmayne,The Day Of The Jackal,Ensemble In A Drama Series,2024,31st Annual,,FALSE
Eleanor Matsuura,The Day Of The Jackal,Ensemble In A Drama Series,2024,31st Annual,,FALSE
Jon Arias,The Day Of The Jackal,Ensemble In A Drama Series,2024,31st Annual,,FALSE
Jonjo O'neill,The Day Of The Jackal,Ensemble In A Drama Series,2024,31st Annual,,FALSE
Khalid Abdalla,The Day Of The Jackal,Ensemble In A Drama Series,2024,31st Annual,,FALSE
Lashana Lynch,The Day Of The Jackal,Ensemble In A Drama Series,2024,31st Annual,,FALSE
Nick Blood,The Day Of The Jackal,Ensemble In A Drama Series,2024,31st Annual,,FALSE
Patrick Kennedy,The Day Of The Jackal,Ensemble In A Drama Series,2024,31st Annual,,FALSE
Puchi Lagarde,The Day Of The Jackal,Ensemble In A Drama Series,2024,31st Annual,,FALSE
Sule Rimi,The Day Of The Jackal,Ensemble In A Drama Series,2024,31st Annual,,FALSE
Úrsula Corberó,The Day Of The Jackal,Ensemble In A Drama Series,2024,31st Annual,,FALSE
Adam Silver,The Diplomat,Ensemble In A Drama Series,2024,31st Annual,,FALSE
Ali Ahn,The Diplomat,Ensemble In A Drama Series,2024,31st Annual,,FALSE
Ato Essandoh,The Diplomat,Ensemble In A Drama Series,2024,31st Annual,,FALSE
Celia Imrie,The Diplomat,Ensemble In A Drama Series,2024,31st Annual,,FALSE
David Gyasi,The Diplomat,Ensemble In A Drama Series,2024,31st Annual,,FALSE
Graham Miller,The Diplomat,Ensemble In A Drama Series,2024,31st Annual,,FALSE
Kenichiro Thomson,The Diplomat,Ensemble In A Drama Series,2024,31st Annual,,FALSE
Keri Russell,The Diplomat,Ensemble In A Drama Series,2024,31st Annual,,FALSE
Lia Williams,The Diplomat,Ensemble In A Drama Series,2024,31st Annual,,FALSE
Nana Mensah,The Diplomat,Ensemble In A Drama Series,2024,31st Annual,,FALSE
Pearl Mackie,The Diplomat,Ensemble In A Drama Series,2024,31st Annual,,FALSE
Penny Downie,The Diplomat,Ensemble In A Drama Series,2024,31st Annual,,FALSE
Rory Kinnear,The Diplomat,Ensemble In A Drama Series,2024,31st Annual,,FALSE
Rufus Sewell,The Diplomat,Ensemble In A Drama Series,2024,31st Annual,,FALSE
Sandy Amon-Schwartz,The Diplomat,Ensemble In A Drama Series,2024,31st Annual,,FALSE
Tim Delap,The Diplomat,Ensemble In A Drama Series,2024,31st Annual,,FALSE
Quinta Brunson,Abbott Elementary,Female Actor In A Comedy Series,2024,31st Annual,,FALSE
Jean Smart,Hacks,Female Actor In A Comedy Series,2024,31st Annual,,TRUE
Kristen Bell,Nobody Wants This,Female Actor In A Comedy Series,2024,31st Annual,,FALSE
Ayo Edebiri,The Bear,Female Actor In A Comedy Series,2024,31st Annual,,FALSE
Liza Colón-Zayas,The Bear,Female Actor In A Comedy Series,2024,31st Annual,,FALSE
Nicola Coughlan,Bridgerton,Female Actor In A Drama Series,2024,31st Annual,,FALSE
Kathy Bates,Matlock,Female Actor In A Drama Series,2024,31st Annual,,FALSE
Anna Sawai,Shōgun,Female Actor In A Drama Series,2024,31st Annual,,TRUE
Allison Janney,The Diplomat,Female Actor In A Drama Series,2024,31st Annual,,FALSE
Keri Russell,The Diplomat,Female Actor In A Drama Series,2024,31st Annual,,FALSE
Mikey Madison,Anora,Female Actor In A Leading Role,2024,31st Annual,Actress in a Leading Role,FALSE
Karla Sofía Gascón,Emilia Pérez,Female Actor In A Leading Role,2024,31st Annual,Actress in a Leading Role,FALSE
Pamela Anderson,The Last Showgirl,Female Actor In A Leading Role,2024,31st Annual,Actress in a Leading Role,FALSE
Demi Moore,The Substance,Female Actor In A Leading Role,2024,31st Annual,Actress in a Leading Role,TRUE
Cynthia Erivo,Wicked,Female Actor In A Leading Role,2024,31st Annual,Actress in a Leading Role,FALSE
Mónica Barbaro,A Complete Unknown,Female Actor In A Supporting Role,2024,31st Annual,Actress in a Supporting Role,FALSE
Zoe Saldaña,Emilia Pérez,Female Actor In A Supporting Role,2024,31st Annual,Actress in a Supporting Role,TRUE
Jamie Lee Curtis,The Last Showgirl,Female Actor In A Supporting Role,2024,31st Annual,Actress in a Supporting Role,FALSE
Danielle Deadwyler,The Piano Lesson,Female Actor In A Supporting Role,2024,31st Annual,Actress in a Supporting Role,FALSE
Ariana Grande,Wicked,Female Actor In A Supporting Role,2024,31st Annual,Actress in a Supporting Role,FALSE
Jessica Gunning,Baby Reindeer,Female Actor In A Television Movie Or Limited Series,2024,31st Annual,,TRUE
Cate Blanchett,Disclaimer,Female Actor In A Television Movie Or Limited Series,2024,31st Annual,,FALSE
Kathy Bates,The Great Lillian Hall,Female Actor In A Television Movie Or Limited Series,2024,31st Annual,,FALSE
Cristin Milioti,The Penguin,Female Actor In A Television Movie Or Limited Series,2024,31st Annual,,FALSE
Jodi Foster,True Detective: Night Country,Female Actor In A Television Movie Or Limited Series,2024,31st Annual,,FALSE
Lily Gladstone,Under The Bridge,Female Actor In A Television Movie Or Limited Series,2024,31st Annual,,FALSE
Ted Danson,A Man On The Inside,Male Actor In A Comedy Series,2024,31st Annual,,FALSE
Adam Brody,Nobody Wants This,Male Actor In A Comedy Series,2024,31st Annual,,FALSE
Martin Short,Only Murders In The Building,Male Actor In A Comedy Series,2024,31st Annual,,TRUE
Harrison Ford,Shrinking,Male Actor In A Comedy Series,2024,31st Annual,,FALSE
Jeremy Allen White,The Bear,Male Actor In A Comedy Series,2024,31st Annual,,FALSE
Hiroyuki Sanada,Shōgun,Male Actor In A Drama Series,2024,31st Annual,,TRUE
Tadanobu Asano,Shōgun,Male Actor In A Drama Series,2024,31st Annual,,FALSE
Gary Oldman,Slow Horses,Male Actor In A Drama Series,2024,31st Annual,,FALSE
Eddie Redmayne,The Day Of The Jackal,Male Actor In A Drama Series,2024,31st Annual,,FALSE
Jeff Bridges,The Old Man,Male Actor In A Drama Series,2024,31st Annual,,FALSE
Timothée Chalamet,A Complete Unknown,Male Actor In A Leading Role,2024,31st Annual,Actor in a Leading Role,TRUE
Ralph Fiennes,Conclave,Male Actor In A Leading Role,2024,31st Annual,Actor in a Leading Role,FALSE
Daniel Craig,Queer,Male Actor In A Leading Role,2024,31st Annual,Actor in a Leading Role,FALSE
Colman Domingo,Sing Sing,Male Actor In A Leading Role,2024,31st Annual,Actor in a Leading Role,FALSE
Adrien Brody,The Brutalist,Male Actor In A Leading Role,2024,31st Annual,Actor in a Leading Role,FALSE
Edward Norton,A Complete Unknown,Male Actor In A Supporting Role,2024,31st Annual,Actor in a Supporting Role,FALSE
Kieran Culkin,A Real Pain,Male Actor In A Supporting Role,2024,31st Annual,Actor in a Supporting Role,TRUE
Yura Borisov,Anora,Male Actor In A Supporting Role,2024,31st Annual,Actor in a Supporting Role,FALSE
Jeremy Strong,The Apprentice,Male Actor In A Supporting Role,2024,31st Annual,Actor in a Supporting Role,FALSE
Jonathan Bailey,Wicked,Male Actor In A Supporting Role,2024,31st Annual,Actor in a Supporting Role,FALSE
Richard Gadd,Baby Reindeer,Male Actor In A Television Movie Or Limited Series,2024,31st Annual,,FALSE
Kevin Kline,Disclaimer,Male Actor In A Television Movie Or Limited Series,2024,31st Annual,,FALSE
Javier Bardem,Monsters: The Lyle And Erik Menendez Story,Male Actor In A Television Movie Or Limited Series,2024,31st Annual,,FALSE
Andrew Scott,Ripley,Male Actor In A Television Movie Or Limited Series,2024,31st Annual,,FALSE
Colin Farrell,The Penguin,Male Actor In A Television Movie Or Limited Series,2024,31st Annual,,TRUE
,Deadpool & Wolverine,Stunt Ensemble In A Motion Picture,2024,31st Annual,,FALSE
,Dune: Part Two,Stunt Ensemble In A Motion Picture,2024,31st Annual,,FALSE
,Gladiator Ii,Stunt Ensemble In A Motion Picture,2024,31st Annual,,FALSE
,The Fall Guy,Stunt Ensemble In A Motion Picture,2024,31st Annual,,TRUE
,Wicked,Stunt Ensemble In A Motion Picture,2024,31st Annual,,FALSE
,Fallout,Stunt Ensemble In A Television Series,2024,31st Annual,,FALSE
,House Of The Dragon,Stunt Ensemble In A Television Series,2024,31st Annual,,FALSE
,Shōgun,Stunt Ensemble In A Television Series,2024,31st Annual,,TRUE
,The Boys,Stunt Ensemble In A Television Series,2024,31st Annual,,FALSE
,The Penguin,Stunt Ensemble In A Television Series,2024,31st Annual,,FALSE
,American Fiction,Cast In A Motion Picture,2023,30th Annual,,FALSE
Adam Brody,American Fiction,Cast In A Motion Picture,2023,30th Annual,,FALSE
Erika Alexander,American Fiction,Cast In A Motion Picture,2023,30th Annual,,FALSE
Issa Rae,American Fiction,Cast In A Motion Picture,2023,30th Annual,,FALSE
Jeffrey Wright,American Fiction,Cast In A Motion Picture,2023,30th Annual,,FALSE
John Ortiz,American Fiction,Cast In A Motion Picture,2023,30th Annual,,FALSE
Keith David,American Fiction,Cast In A Motion Picture,2023,30th Annual,,FALSE
Leslie Uggams,American Fiction,Cast In A Motion Picture,2023,30th Annual,,FALSE
Sterling K. Brown,American Fiction,Cast In A Motion Picture,2023,30th Annual,,FALSE
Tracee Ellis Ross,American Fiction,Cast In A Motion Picture,2023,30th Annual,,FALSE
,Barbie,Cast In A Motion Picture,2023,30th Annual,,FALSE
America Ferrera,Barbie,Cast In A Motion Picture,2023,30th Annual,,FALSE
Ariana Greenblatt,Barbie,Cast In A Motion Picture,2023,30th Annual,,FALSE
Helen Mirren,Barbie,Cast In A Motion Picture,2023,30th Annual,,FALSE
Issa Rae,Barbie,Cast In A Motion Picture,2023,30th Annual,,FALSE
Kate Mckinnon,Barbie,Cast In A Motion Picture,2023,30th Annual,,FALSE
Margot Robbie,Barbie,Cast In A Motion Picture,2023,30th Annual,,FALSE
Michael Cera,Barbie,Cast In A Motion Picture,2023,30th Annual,,FALSE
Rhea Perlman,Barbie,Cast In A Motion Picture,2023,30th Annual,,FALSE
Ryan Gosling,Barbie,Cast In A Motion Picture,2023,30th Annual,,FALSE
Will Ferrell,Barbie,Cast In A Motion Picture,2023,30th Annual,,FALSE
,Killers Of The Flower Moon,Cast In A Motion Picture,2023,30th Annual,,FALSE
Brendan Fraser,Killers Of The Flower Moon,Cast In A Motion Picture,2023,30th Annual,,FALSE
Jesse Plemons,Killers Of The Flower Moon,Cast In A Motion Picture,2023,30th Annual,,FALSE
John Lithgow,Killers Of The Flower Moon,Cast In A Motion Picture,2023,30th Annual,,FALSE
Leonardo Dicaprio,Killers Of The Flower Moon,Cast In A Motion Picture,2023,30th Annual,,FALSE
Lily Gladstone,Killers Of The Flower Moon,Cast In A Motion Picture,2023,30th Annual,,FALSE
Robert De Niro,Killers Of The Flower Moon,Cast In A Motion Picture,2023,30th Annual,,FALSE
Tantoo Cardinal,Killers Of The Flower Moon,Cast In A Motion Picture,2023,30th Annual,,FALSE
,Oppenheimer,Cast In A Motion Picture,2023,30th Annual,,TRUE
Casey Affleck,Oppenheimer,Cast In A Motion Picture,2023,30th Annual,,TRUE
Cillian Murphy,Oppenheimer,Cast In A Motion Picture,2023,30th Annual,,TRUE
Emily Blunt,Oppenheimer,Cast In A Motion Picture,2023,30th Annual,,TRUE
Florence Pugh,Oppenheimer,Cast In A Motion Picture,2023,30th Annual,,TRUE
Josh Hartnett,Oppenheimer,Cast In A Motion Picture,2023,30th Annual,,TRUE
Kenneth Branagh,Oppenheimer,Cast In A Motion Picture,2023,30th Annual,,TRUE
Matt Damon,Oppenheimer,Cast In A Motion Picture,2023,30th Annual,,TRUE
Rami Malek,Oppenheimer,Cast In A Motion Picture,2023,30th Annual,,TRUE
Robert Downey Jr.,Oppenheimer,Cast In A Motion Picture,2023,30th Annual,,TRUE
,The Color Purple,Cast In A Motion Picture,2023,30th Annual,,FALSE
Ciara,The Color Purple,Cast In A Motion Picture,2023,30th Annual,,FALSE
Aunjanue Ellis-Taylor,The Color Purple,Cast In A Motion Picture,2023,30th Annual,,FALSE
Colman Domingo,The Color Purple,Cast In A Motion Picture,2023,30th Annual,,FALSE
Corey Hawkins,The Color Purple,Cast In A Motion Picture,2023,30th Annual,,FALSE
Danielle Brooks,The Color Purple,Cast In A Motion Picture,2023,30th Annual,,FALSE
Fantasia Barrino,The Color Purple,Cast In A Motion Picture,2023,30th Annual,,FALSE
"Gabriella Wilson ""H.e.r.""",The Color Purple,Cast In A Motion Picture,2023,30th Annual,,FALSE
Halle Bailey,The Color Purple,Cast In A Motion Picture,2023,30th Annual,,FALSE
Jon Batiste,The Color Purple,Cast In A Motion Picture,2023,30th Annual,,FALSE
"Louis Gossett, Jr.",The Color Purple,Cast In A Motion Picture,2023,30th Annual,,FALSE
Phylicia Pearl Mpasi,The Color Purple,Cast In A Motion Picture,2023,30th Annual,,FALSE
Taraji P. Henson,The Color Purple,Cast In A Motion Picture,2023,30th Annual,,FALSE
,Abbott Elementary,Ensemble In A Comedy Series,2023,30th Annual,,FALSE
Chris Perfetti,Abbott Elementary,Ensemble In A Comedy Series,2023,30th Annual,,FALSE
Janelle James,Abbott Elementary,Ensemble In A Comedy Series,2023,30th Annual,,FALSE
Lisa Ann Walter,Abbott Elementary,Ensemble In A Comedy Series,2023,30th Annual,,FALSE
Quinta Brunson,Abbott Elementary,Ensemble In A Comedy Series,2023,30th Annual,,FALSE
Sheryl Lee Ralph,Abbott Elementary,Ensemble In A Comedy Series,2023,30th Annual,,FALSE
Tyler James Williams,Abbott Elementary,Ensemble In A Comedy Series,2023,30th Annual,,FALSE
William Stanford Davis,Abbott Elementary,Ensemble In A Comedy Series,2023,30th Annual,,FALSE
,Barry,Ensemble In A Comedy Series,2023,30th Annual,,FALSE
Andre Hyland,Barry,Ensemble In A Comedy Series,2023,30th Annual,,FALSE
Anthony Carrigan,Barry,Ensemble In A Comedy Series,2023,30th Annual,,FALSE
Bill Hader,Barry,Ensemble In A Comedy Series,2023,30th Annual,,FALSE
Charles Parnell,Barry,Ensemble In A Comedy Series,2023,30th Annual,,FALSE
Fred Melamed,Barry,Ensemble In A Comedy Series,2023,30th Annual,,FALSE
Henry Winkler,Barry,Ensemble In A Comedy Series,2023,30th Annual,,FALSE
Robert Wisdom,Barry,Ensemble In A Comedy Series,2023,30th Annual,,FALSE
Sarah Goldberg,Barry,Ensemble In A Comedy Series,2023,30th Annual,,FALSE
Stephen Root,Barry,Ensemble In A Comedy Series,2023,30th Annual,,FALSE
Tobie Windham,Barry,Ensemble In A Comedy Series,2023,30th Annual,,FALSE
Zachary Golinger,Barry,Ensemble In A Comedy Series,2023,30th Annual,,FALSE
,Only Murders In The Building,Ensemble In A Comedy Series,2023,30th Annual,,FALSE
Allison Guinn,Only Murders In The Building,Ensemble In A Comedy Series,2023,30th Annual,,FALSE
Ashley Park,Only Murders In The Building,Ensemble In A Comedy Series,2023,30th Annual,,FALSE
Don Darryl Rivera,Only Murders In The Building,Ensemble In A Comedy Series,2023,30th Annual,,FALSE
Gerald Caesar,Only Murders In The Building,Ensemble In A Comedy Series,2023,30th Annual,,FALSE
Jason Veasey,Only Murders In The Building,Ensemble In A Comedy Series,2023,30th Annual,,FALSE
Jeremy Shamos,Only Murders In The Building,Ensemble In A Comedy Series,2023,30th Annual,,FALSE
Jesse Williams,Only Murders In The Building,Ensemble In A Comedy Series,2023,30th Annual,,FALSE
Linda Emond,Only Murders In The Building,Ensemble In A Comedy Series,2023,30th Annual,,FALSE
Martin Short,Only Murders In The Building,Ensemble In A Comedy Series,2023,30th Annual,,FALSE
Meryl Streep,Only Murders In The Building,Ensemble In A Comedy Series,2023,30th Annual,,FALSE
Michael Cyril Creighton,Only Murders In The Building,Ensemble In A Comedy Series,2023,30th Annual,,FALSE
Paul Rudd,Only Murders In The Building,Ensemble In A Comedy Series,2023,30th Annual,,FALSE
Selena Gomez,Only Murders In The Building,Ensemble In A Comedy Series,2023,30th Annual,,FALSE
Steve Martin,Only Murders In The Building,Ensemble In A Comedy Series,2023,30th Annual,,FALSE
Wesley Taylor,Only Murders In The Building,Ensemble In A Comedy Series,2023,30th Annual,,FALSE
,Ted Lasso,Ensemble In A Comedy Series,2023,30th Annual,,FALSE
Adam Colborne,Ted Lasso,Ensemble In A Comedy Series,2023,30th Annual,,FALSE
Annette Badland,Ted Lasso,Ensemble In A Comedy Series,2023,30th Annual,,FALSE
Anthony Head,Ted Lasso,Ensemble In A Comedy Series,2023,30th Annual,,FALSE
Billy Harris,Ted Lasso,Ensemble In A Comedy Series,2023,30th Annual,,FALSE
Brendan Hunt,Ted Lasso,Ensemble In A Comedy Series,2023,30th Annual,,FALSE
Brett Goldstein,Ted Lasso,Ensemble In A Comedy Series,2023,30th Annual,,FALSE
Bronson Webb,Ted Lasso,Ensemble In A Comedy Series,2023,30th Annual,,FALSE
Cristo Fernández,Ted Lasso,Ensemble In A Comedy Series,2023,30th Annual,,FALSE
Edyta Budnik,Ted Lasso,Ensemble In A Comedy Series,2023,30th Annual,,FALSE
Hannah Waddingham,Ted Lasso,Ensemble In A Comedy Series,2023,30th Annual,,FALSE
James Lance,Ted Lasso,Ensemble In A Comedy Series,2023,30th Annual,,FALSE
Jason Sudeikis,Ted Lasso,Ensemble In A Comedy Series,2023,30th Annual,,FALSE
Jeremy Swift,Ted Lasso,Ensemble In A Comedy Series,2023,30th Annual,,FALSE
Juno Temple,Ted Lasso,Ensemble In A Comedy Series,2023,30th Annual,,FALSE
Katy Wix,Ted Lasso,Ensemble In A Comedy Series,2023,30th Annual,,FALSE
"Kevin ""Kg"" Garry",Ted Lasso,Ensemble In A Comedy Series,2023,30th Annual,,FALSE
Kola Bokinni,Ted Lasso,Ensemble In A Comedy Series,2023,30th Annual,,FALSE
Nick Mohammed,Ted Lasso,Ensemble In A Comedy Series,2023,30th Annual,,FALSE
Phil Dunster,Ted Lasso,Ensemble In A Comedy Series,2023,30th Annual,,FALSE
Toheeb Jimoh,Ted Lasso,Ensemble In A Comedy Series,2023,30th Annual,,FALSE
,The Bear,Ensemble In A Comedy Series,2023,30th Annual,,TRUE
Abby Elliott,The Bear,Ensemble In A Comedy Series,2023,30th Annual,,TRUE
Ayo Edebiri,The Bear,Ensemble In A Comedy Series,2023,30th Annual,,TRUE
Corey Hendrix,The Bear,Ensemble In A Comedy Series,2023,30th Annual,,TRUE
Ebon Moss-Bachrach,The Bear,Ensemble In A Comedy Series,2023,30th Annual,,TRUE
Edwin Lee Gibson,The Bear,Ensemble In A Comedy Series,2023,30th Annual,,TRUE
Jeremy Allen White,The Bear,Ensemble In A Comedy Series,2023,30th Annual,,TRUE
Jose Cervantes Jr.,The Bear,Ensemble In A Comedy Series,2023,30th Annual,,TRUE
Lionel Boyce,The Bear,Ensemble In A Comedy Series,2023,30th Annual,,TRUE
Liza Colón-Zayas,The Bear,Ensemble In A Comedy Series,2023,30th Annual,,TRUE
Matty Matheson,The Bear,Ensemble In A Comedy Series,2023,30th Annual,,TRUE
Molly Gordon,The Bear,Ensemble In A Comedy Series,2023,30th Annual,,TRUE
Oliver Platt,The Bear,Ensemble In A Comedy Series,2023,30th Annual,,TRUE
Richard Esteras,The Bear,Ensemble In A Comedy Series,2023,30th Annual,,TRUE
,Succession,Ensemble In A Drama Series,2023,30th Annual,,TRUE
Alan Ruck,Succession,Ensemble In A Drama Series,2023,30th Annual,,TRUE
Alexander Skarsgård,Succession,Ensemble In A Drama Series,2023,30th Annual,,TRUE
Arian Moayed,Succession,Ensemble In A Drama Series,2023,30th Annual,,TRUE
Brian Cox,Succession,Ensemble In A Drama Series,2023,30th Annual,,TRUE
Dagmara Dominczyk,Succession,Ensemble In A Drama Series,2023,30th Annual,,TRUE
David Rasche,Succession,Ensemble In A Drama Series,2023,30th Annual,,TRUE
Fisher Stevens,Succession,Ensemble In A Drama Series,2023,30th Annual,,TRUE
J. Smith-Cameron,Succession,Ensemble In A Drama Series,2023,30th Annual,,TRUE
Jeremy Strong,Succession,Ensemble In A Drama Series,2023,30th Annual,,TRUE
Juliana Canfield,Succession,Ensemble In A Drama Series,2023,30th Annual,,TRUE
Justine Lupe,Succession,Ensemble In A Drama Series,2023,30th Annual,,TRUE
Kieran Culkin,Succession,Ensemble In A Drama Series,2023,30th Annual,,TRUE
Matthew Macfadyen,Succession,Ensemble In A Drama Series,2023,30th Annual,,TRUE
Nicholas Braun,Succession,Ensemble In A Drama Series,2023,30th Annual,,TRUE
Peter Friedman,Succession,Ensemble In A Drama Series,2023,30th Annual,,TRUE
Sarah Snook,Succession,Ensemble In A Drama Series,2023,30th Annual,,TRUE
Scott Nicholson,Succession,Ensemble In A Drama Series,2023,30th Annual,,TRUE
Zoë Winters,Succession,Ensemble In A Drama Series,2023,30th Annual,,TRUE
,The Crown,Ensemble In A Drama Series,2023,30th Annual,,FALSE
Bertie Carvel,The Crown,Ensemble In A Drama Series,2023,30th Annual,,FALSE
Claudia Harrison,The Crown,Ensemble In A Drama Series,2023,30th Annual,,FALSE
Dominic West,The Crown,Ensemble In A Drama Series,2023,30th Annual,,FALSE
Ed Mcvey,The Crown,Ensemble In A Drama Series,2023,30th Annual,,FALSE
Elizabeth Debicki,The Crown,Ensemble In A Drama Series,2023,30th Annual,,FALSE
Imelda Staunton,The Crown,Ensemble In A Drama Series,2023,30th Annual,,FALSE
James Murray,The Crown,Ensemble In A Drama Series,2023,30th Annual,,FALSE
Jonathan Pryce,The Crown,Ensemble In A Drama Series,2023,30th Annual,,FALSE
Khalid Abdalla,The Crown,Ensemble In A Drama Series,2023,30th Annual,,FALSE
Lesley Manville,The Crown,Ensemble In A Drama Series,2023,30th Annual,,FALSE
Luther Ford,The Crown,Ensemble In A Drama Series,2023,30th Annual,,FALSE
Marcia Warren,The Crown,Ensemble In A Drama Series,2023,30th Annual,,FALSE
Olivia Williams,The Crown,Ensemble In A Drama Series,2023,30th Annual,,FALSE
Salim Daw,The Crown,Ensemble In A Drama Series,2023,30th Annual,,FALSE
Sebastian Blunt,The Crown,Ensemble In A Drama Series,2023,30th Annual,,FALSE
,The Gilded Age,Ensemble In A Drama Series,2023,30th Annual,,FALSE
Ashlie Atkinson,The Gilded Age,Ensemble In A Drama Series,2023,30th Annual,,FALSE
Audra Mcdonald,The Gilded Age,Ensemble In A Drama Series,2023,30th Annual,,FALSE
Ben Ahlers,The Gilded Age,Ensemble In A Drama Series,2023,30th Annual,,FALSE
Blake Ritson,The Gilded Age,Ensemble In A Drama Series,2023,30th Annual,,FALSE
Carrie Coon,The Gilded Age,Ensemble In A Drama Series,2023,30th Annual,,FALSE
Celia Keenan-Bolger,The Gilded Age,Ensemble In A Drama Series,2023,30th Annual,,FALSE
Christine Baranski,The Gilded Age,Ensemble In A Drama Series,2023,30th Annual,,FALSE
Cynthia Nixon,The Gilded Age,Ensemble In A Drama Series,2023,30th Annual,,FALSE
David Furr,The Gilded Age,Ensemble In A Drama Series,2023,30th Annual,,FALSE
Debra Monk,The Gilded Age,Ensemble In A Drama Series,2023,30th Annual,,FALSE
Denée Benton,The Gilded Age,Ensemble In A Drama Series,2023,30th Annual,,FALSE
Donna Murphy,The Gilded Age,Ensemble In A Drama Series,2023,30th Annual,,FALSE
Douglas Sills,The Gilded Age,Ensemble In A Drama Series,2023,30th Annual,,FALSE
Erin Wilhelmi,The Gilded Age,Ensemble In A Drama Series,2023,30th Annual,,FALSE
Harry Richardson,The Gilded Age,Ensemble In A Drama Series,2023,30th Annual,,FALSE
Jack Gilpin,The Gilded Age,Ensemble In A Drama Series,2023,30th Annual,,FALSE
Jeremy Shamos,The Gilded Age,Ensemble In A Drama Series,2023,30th Annual,,FALSE
John Douglas Thompson,The Gilded Age,Ensemble In A Drama Series,2023,30th Annual,,FALSE
Kelley Curran,The Gilded Age,Ensemble In A Drama Series,2023,30th Annual,,FALSE
Kelli O'hara,The Gilded Age,Ensemble In A Drama Series,2023,30th Annual,,FALSE
Kristine Nielsen,The Gilded Age,Ensemble In A Drama Series,2023,30th Annual,,FALSE
Louisa Jacobson,The Gilded Age,Ensemble In A Drama Series,2023,30th Annual,,FALSE
Matilda Lawler,The Gilded Age,Ensemble In A Drama Series,2023,30th Annual,,FALSE
Michael Cerveris,The Gilded Age,Ensemble In A Drama Series,2023,30th Annual,,FALSE
Morgan Spector,The Gilded Age,Ensemble In A Drama Series,2023,30th Annual,,FALSE
Nathan Lane,The Gilded Age,Ensemble In A Drama Series,2023,30th Annual,,FALSE
Nicole Brydon Bloom,The Gilded Age,Ensemble In A Drama Series,2023,30th Annual,,FALSE
Patrick Page,The Gilded Age,Ensemble In A Drama Series,2023,30th Annual,,FALSE
Robert Sean Leonard,The Gilded Age,Ensemble In A Drama Series,2023,30th Annual,,FALSE
Simon Jones,The Gilded Age,Ensemble In A Drama Series,2023,30th Annual,,FALSE
Sullivan Jones,The Gilded Age,Ensemble In A Drama Series,2023,30th Annual,,FALSE
Taissa Farmiga,The Gilded Age,Ensemble In A Drama Series,2023,30th Annual,,FALSE
Taylor Richardson,The Gilded Age,Ensemble In A Drama Series,2023,30th Annual,,FALSE
Ward Horton,The Gilded Age,Ensemble In A Drama Series,2023,30th Annual,,FALSE
,The Last Of Us,Ensemble In A Drama Series,2023,30th Annual,,FALSE
Bella Ramsey,The Last Of Us,Ensemble In A Drama Series,2023,30th Annual,,FALSE
Pedro Pascal,The Last Of Us,Ensemble In A Drama Series,2023,30th Annual,,FALSE
,The Morning Show,Ensemble In A Drama Series,2023,30th Annual,,FALSE
Billy Crudup,The Morning Show,Ensemble In A Drama Series,2023,30th Annual,,FALSE
Greta Lee,The Morning Show,Ensemble In A Drama Series,2023,30th Annual,,FALSE
Hannah Leder,The Morning Show,Ensemble In A Drama Series,2023,30th Annual,,FALSE
Jennifer Aniston,The Morning Show,Ensemble In A Drama Series,2023,30th Annual,,FALSE
Jon Hamm,The Morning Show,Ensemble In A Drama Series,2023,30th Annual,,FALSE
Julianna Margulies,The Morning Show,Ensemble In A Drama Series,2023,30th Annual,,FALSE
Karen Pittman,The Morning Show,Ensemble In A Drama Series,2023,30th Annual,,FALSE
Mark Duplass,The Morning Show,Ensemble In A Drama Series,2023,30th Annual,,FALSE
Nestor Carbonell,The Morning Show,Ensemble In A Drama Series,2023,30th Annual,,FALSE
Nicole Beharie,The Morning Show,Ensemble In A Drama Series,2023,30th Annual,,FALSE
Reese Witherspoon,The Morning Show,Ensemble In A Drama Series,2023,30th Annual,,FALSE
Shari Belafonte,The Morning Show,Ensemble In A Drama Series,2023,30th Annual,,FALSE
Theo Iyer,The Morning Show,Ensemble In A Drama Series,2023,30th Annual,,FALSE
Tig Notaro,The Morning Show,Ensemble In A Drama Series,2023,30th Annual,,FALSE
Quinta Brunson,Abbott Elementary,Female In A Comedy Series,2023,30th Annual,,FALSE
Hannah Waddingham,Ted Lasso,Female In A Comedy Series,2023,30th Annual,,FALSE
Ayo Edebiri,The Bear,Female In A Comedy Series,2023,30th Annual,,TRUE
Alex Borstein,The Marvelous Mrs. Maisel,Female In A Comedy Series,2023,30th Annual,,FALSE
Rachel Brosnahan,The Marvelous Mrs. Maisel,Female In A Comedy Series,2023,30th Annual,,FALSE
Sarah Snook,Succession,Female In A Drama Series,2023,30th Annual,,FALSE
Elizabeth Debicki,The Crown,Female In A Drama Series,2023,30th Annual,,TRUE
Keri Russell,The Diplomat,Female In A Drama Series,2023,30th Annual,,FALSE
Bella Ramsey,The Last Of Us,Female In A Drama Series,2023,30th Annual,,FALSE
Jennifer Aniston,The Morning Show,Female In A Drama Series,2023,30th Annual,,FALSE
Margot Robbie,Barbie,Female Lead In A Motion Picture,2023,30th Annual,Actress in a Leading Role,FALSE
Lily Gladstone,Killers Of The Flower Moon,Female Lead In A Motion Picture,2023,30th Annual,Actress in a Leading Role,TRUE
Carey Mulligan,Maestro,Female Lead In A Motion Picture,2023,30th Annual,Actress in a Leading Role,FALSE
Annette Bening,Nyad,Female Lead In A Motion Picture,2023,30th Annual,Actress in a Leading Role,FALSE
Emma Stone,Poor Things,Female Lead In A Motion Picture,2023,30th Annual,Actress in a Leading Role,FALSE
Penélope Cruz,Ferrari,Female Support In A Motion Picture,2023,30th Annual,Actress in a Supporting Role,FALSE
Jodie Foster,Nyad,Female Support In A Motion Picture,2023,30th Annual,Actress in a Supporting Role,FALSE
Emily Blunt,Oppenheimer,Female Support In A Motion Picture,2023,30th Annual,Actress in a Supporting Role,FALSE
Danielle Brooks,The Color Purple,Female Support In A Motion Picture,2023,30th Annual,Actress in a Supporting Role,FALSE
Da’vine Joy Randolph,The Holdovers,Female Support In A Motion Picture,2023,30th Annual,Actress in a Supporting Role,TRUE
Bel Powley,A Small Light,Female In A Television Movie Or Limited Series,2023,30th Annual,,FALSE
Ali Wong,Beef,Female In A Television Movie Or Limited Series,2023,30th Annual,,TRUE
Brie Larson,Lessons In Chemistry,Female In A Television Movie Or Limited Series,2023,30th Annual,,FALSE
Uzo Aduba,Painkiller,Female In A Television Movie Or Limited Series,2023,30th Annual,,FALSE
Kathryn Hahn,Tiny Beautiful Things,Female In A Television Movie Or Limited Series,2023,30th Annual,,FALSE
Bill Hader,Barry,Male In A Comedy Series,2023,30th Annual,,FALSE
Brett Goldstein,Ted Lasso,Male In A Comedy Series,2023,30th Annual,,FALSE
Jason Sudeikis,Ted Lasso,Male In A Comedy Series,2023,30th Annual,,FALSE
Ebon Moss-Bachrach,The Bear,Male In A Comedy Series,2023,30th Annual,,FALSE
Jeremy Allen White,The Bear,Male In A Comedy Series,2023,30th Annual,,TRUE
Brian Cox,Succession,Male In A Drama Series,2023,30th Annual,,FALSE
Kieran Culkin,Succession,Male In A Drama Series,2023,30th Annual,,FALSE
Matthew Macfadyen,Succession,Male In A Drama Series,2023,30th Annual,,FALSE
Pedro Pascal,The Last Of Us,Male In A Drama Series,2023,30th Annual,,TRUE
Billy Crudup,The Morning Show,Male In A Drama Series,2023,30th Annual,,FALSE
Jeffrey Wright,American Fiction,Male Lead In A Motion Picture,2023,30th Annual,Actor in a Leading Role,FALSE
Bradley Cooper,Maestro,Male Lead In A Motion Picture,2023,30th Annual,Actor in a Leading Role,FALSE
Cillian Murphy,Oppenheimer,Male Lead In A Motion Picture,2023,30th Annual,Actor in a Leading Role,TRUE
Colman Domingo,Rustin,Male Lead In A Motion Picture,2023,30th Annual,Actor in a Leading Role,FALSE
Paul Giamatti,The Holdovers,Male Lead In A Motion Picture,2023,30th Annual,Actor in a Leading Role,FALSE
Sterling K. Brown,American Fiction,Male Support In A Motion Picture,2023,30th Annual,Actor in a Supporting Role,FALSE
Ryan Gosling,Barbie,Male Support In A Motion Picture,2023,30th Annual,Actor in a Supporting Role,FALSE
Robert De Niro,Killers Of The Flower Moon,Male Support In A Motion Picture,2023,30th Annual,Actor in a Supporting Role,FALSE
Robert Downey Jr.,Oppenheimer,Male Support In A Motion Picture,2023,30th Annual,Actor in a Supporting Role,TRUE
Willem Dafoe,Poor Things,Male Support In A Motion Picture,2023,30th Annual,Actor in a Supporting Role,FALSE
Steven Yeun,Beef,Male In A Television Movie Or Limited Series,2023,30th Annual,,TRUE
Jon Hamm,Fargo,Male In A Television Movie Or Limited Series,2023,30th Annual,,FALSE
Matt Bomer,Fellow Travelers,Male In A Television Movie Or Limited Series,2023,30th Annual,,FALSE
David Oyelowo,Lawmen: Bass Reeves,Male In A Television Movie Or Limited Series,2023,30th Annual,,FALSE
Tony Shalhoub,Mr. Monk's Last Case: A Monk Movie,Male In A Television Movie Or Limited Series,2023,30th Annual,,FALSE
,Barbie,Stunt Ensemble In A Motion Picture,2023,30th Annual,,FALSE
,Guardians Of The Galaxy Vol. 3,Stunt Ensemble In A Motion Picture,2023,30th Annual,,FALSE
,Indiana Jones And The Dial Of Destiny,Stunt Ensemble In A Motion Picture,2023,30th Annual,,FALSE
,John Wick: Chapter 4,Stunt Ensemble In A Motion Picture,2023,30th Annual,,FALSE
,Mission: Impossible - Dead Reckoning Part One,Stunt Ensemble In A Motion Picture,2023,30th Annual,,TRUE
,Ahsoka,Stunt Ensemble In A Television Series,2023,30th Annual,,FALSE
,Barry,Stunt Ensemble In A Television Series,2023,30th Annual,,FALSE
,Beef,Stunt Ensemble In A Television Series,2023,30th Annual,,FALSE
,The Last Of Us,Stunt Ensemble In A Television Series,2023,30th Annual,,TRUE
,The Mandalorian,Stunt Ensemble In A Television Series,2023,30th Annual,,FALSE
,Babylon,Cast In A Motion Picture,2022,29th Annual,,FALSE
Jovan Adepo,Babylon,Cast In A Motion Picture,2022,29th Annual,,FALSE
P.J. Byrne,Babylon,Cast In A Motion Picture,2022,29th Annual,,FALSE
Diego Calva,Babylon,Cast In A Motion Picture,2022,29th Annual,,FALSE
Lukas Haas,Babylon,Cast In A Motion Picture,2022,29th Annual,,FALSE
Olivia Hamilton,Babylon,Cast In A Motion Picture,2022,29th Annual,,FALSE
Li Jun Li,Babylon,Cast In A Motion Picture,2022,29th Annual,,FALSE
Tobey Maguire,Babylon,Cast In A Motion Picture,2022,29th Annual,,FALSE
Max MInghella,Babylon,Cast In A Motion Picture,2022,29th Annual,,FALSE
Brad Pitt,Babylon,Cast In A Motion Picture,2022,29th Annual,,FALSE
Margot Robbie,Babylon,Cast In A Motion Picture,2022,29th Annual,,FALSE
,The Banshees of Inisherin,Cast In A Motion Picture,2022,29th Annual,,FALSE
Kerry Condon,The Banshees of Inisherin,Cast In A Motion Picture,2022,29th Annual,,FALSE
Colin Farrell,The Banshees of Inisherin,Cast In A Motion Picture,2022,29th Annual,,FALSE
Brendan Gleeson,The Banshees of Inisherin,Cast In A Motion Picture,2022,29th Annual,,FALSE
Barry Keoghan,The Banshees of Inisherin,Cast In A Motion Picture,2022,29th Annual,,FALSE
,Everything Everywhere All at Once,Cast In A Motion Picture,2022,29th Annual,,TRUE
Jamie Lee Curtis,Everything Everywhere All at Once,Cast In A Motion Picture,2022,29th Annual,,TRUE
James Hong,Everything Everywhere All at Once,Cast In A Motion Picture,2022,29th Annual,,TRUE
Stephanie Hsu,Everything Everywhere All at Once,Cast In A Motion Picture,2022,29th Annual,,TRUE
Ke Huy Quan,Everything Everywhere All at Once,Cast In A Motion Picture,2022,29th Annual,,TRUE
"Harry Shum, Jr.",Everything Everywhere All at Once,Cast In A Motion Picture,2022,29th Annual,,TRUE
Jenny Slate,Everything Everywhere All at Once,Cast In A Motion Picture,2022,29th Annual,,TRUE
Michelle Yeoh,Everything Everywhere All at Once,Cast In A Motion Picture,2022,29th Annual,,TRUE
,The Fabelmans,Cast In A Motion Picture,2022,29th Annual,,FALSE
Jeannie Berlin,The Fabelmans,Cast In A Motion Picture,2022,29th Annual,,FALSE
Paul Dano,The Fabelmans,Cast In A Motion Picture,2022,29th Annual,,FALSE
Judd Hirsch,The Fabelmans,Cast In A Motion Picture,2022,29th Annual,,FALSE
Gabriel LaBelle,The Fabelmans,Cast In A Motion Picture,2022,29th Annual,,FALSE
David Lynch,The Fabelmans,Cast In A Motion Picture,2022,29th Annual,,FALSE
Seth Rogen,The Fabelmans,Cast In A Motion Picture,2022,29th Annual,,FALSE
Michelle Williams,The Fabelmans,Cast In A Motion Picture,2022,29th Annual,,FALSE
,Women Talking,Cast In A Motion Picture,2022,29th Annual,,FALSE
Jessie Buckley,Women Talking,Cast In A Motion Picture,2022,29th Annual,,FALSE
Claire Foy,Women Talking,Cast In A Motion Picture,2022,29th Annual,,FALSE
Kate Hallett,Women Talking,Cast In A Motion Picture,2022,29th Annual,,FALSE
Judith Ivey,Women Talking,Cast In A Motion Picture,2022,29th Annual,,FALSE
Rooney Mara,Women Talking,Cast In A Motion Picture,2022,29th Annual,,FALSE
Sheila McCarthy,Women Talking,Cast In A Motion Picture,2022,29th Annual,,FALSE
Frances McDormand,Women Talking,Cast In A Motion Picture,2022,29th Annual,,FALSE
Michelle McLeod,Women Talking,Cast In A Motion Picture,2022,29th Annual,,FALSE
Liv McNeil,Women Talking,Cast In A Motion Picture,2022,29th Annual,,FALSE
Ben Whishaw,Women Talking,Cast In A Motion Picture,2022,29th Annual,,FALSE
Cate Blanchett,Tár,Female Lead In A Motion Picture,2022,29th Annual,Actress in a Leading Role,FALSE
Viola Davis,The Woman King,Female Lead In A Motion Picture,2022,29th Annual,Actress in a Leading Role,FALSE
Ana de Armas,Blonde,Female Lead In A Motion Picture,2022,29th Annual,Actress in a Leading Role,FALSE
Danielle Deadwyler,Till,Female Lead In A Motion Picture,2022,29th Annual,Actress in a Leading Role,FALSE
Michelle Yeoh,Everything Everywhere All at Once,Female Lead In A Motion Picture,2022,29th Annual,Actress in a Leading Role,TRUE
Angela Bassett,Black Panther: Wakanda Forever,Female Support In A Motion Picture,2022,29th Annual,Actress in a Supporting Role,FALSE
Hong Chau,The Whale,Female Support In A Motion Picture,2022,29th Annual,Actress in a Supporting Role,FALSE
Kerry Condon,The Banshees of Inisherin,Female Support In A Motion Picture,2022,29th Annual,Actress in a Supporting Role,FALSE
Jamie Lee Curtis,Everything Everywhere All at Once,Female Support In A Motion Picture,2022,29th Annual,Actress in a Supporting Role,TRUE
Stephanie Hsu,Everything Everywhere All at Once,Female Support In A Motion Picture,2022,29th Annual,Actress in a Supporting Role,FALSE
Austin Butler,Elvis,Male Lead In A Motion Picture,2022,29th Annual,Actor in a Leading Role,FALSE
Colin Farrell,The Banshees of Inisherin,Male Lead In A Motion Picture,2022,29th Annual,Actor in a Leading Role,FALSE
Brendan Fraser,The Whale,Male Lead In A Motion Picture,2022,29th Annual,Actor in a Leading Role,TRUE
Bill Nighy,Living,Male Lead In A Motion Picture,2022,29th Annual,Actor in a Leading Role,FALSE
Adam Sandler,Hustle,Male Lead In A Motion Picture,2022,29th Annual,Actor in a Leading Role,FALSE
Paul Dano,The Fabelmans,Male Support In A Motion Picture,2022,29th Annual,Actor in a Supporting Role,FALSE
Brendan Gleeson,The Banshees of Inisherin,Male Support In A Motion Picture,2022,29th Annual,Actor in a Supporting Role,FALSE
Barry Keoghan,The Banshees of Inisherin,Male Support In A Motion Picture,2022,29th Annual,Actor in a Supporting Role,FALSE
Ke Huy Quan,Everything Everywhere All at Once,Male Support In A Motion Picture,2022,29th Annual,Actor in a Supporting Role,TRUE
Eddie Redmayne,The Good Nurse,Male Support In A Motion Picture,2022,29th Annual,Actor in a Supporting Role,FALSE
,Avatar: The Way of Water,Stunt Ensemble In A Motion Picture,2022,29th Annual,,FALSE
,The Batman,Stunt Ensemble In A Motion Picture,2022,29th Annual,,FALSE
,Black Panther: Wakanda Forever,Stunt Ensemble In A Motion Picture,2022,29th Annual,,FALSE
,Top Gun: Maverick,Stunt Ensemble In A Motion Picture,2022,29th Annual,,TRUE
,The Woman King,Stunt Ensemble In A Motion Picture,2022,29th Annual,,FALSE
,Belfast,Cast In A Motion Picture,2021,28th Annual,,FALSE
Catrióna Balfe,Belfast,Cast In A Motion Picture,2021,28th Annual,,FALSE
Judi Dench,Belfast,Cast In A Motion Picture,2021,28th Annual,,FALSE
Jamie Dornan,Belfast,Cast In A Motion Picture,2021,28th Annual,,FALSE
Jude Hill,Belfast,Cast In A Motion Picture,2021,28th Annual,,FALSE
Ciarán Hinds,Belfast,Cast In A Motion Picture,2021,28th Annual,,FALSE
Colin Morgan,Belfast,Cast In A Motion Picture,2021,28th Annual,,FALSE
,CODA,Cast In A Motion Picture,2021,28th Annual,,TRUE
Eugenio Derbez,CODA,Cast In A Motion Picture,2021,28th Annual,,TRUE
Daniel Durant,CODA,Cast In A Motion Picture,2021,28th Annual,,TRUE
Emilia Jones,CODA,Cast In A Motion Picture,2021,28th Annual,,TRUE
Troy Kotsur,CODA,Cast In A Motion Picture,2021,28th Annual,,TRUE
Marlee Matlin,CODA,Cast In A Motion Picture,2021,28th Annual,,TRUE
Ferdia Walsh-Peelo,CODA,Cast In A Motion Picture,2021,28th Annual,,TRUE
,Don't Look Up,Cast In A Motion Picture,2021,28th Annual,,FALSE
Cate Blanchett,Don't Look Up,Cast In A Motion Picture,2021,28th Annual,,FALSE
Timothée Chalamet,Don't Look Up,Cast In A Motion Picture,2021,28th Annual,,FALSE
Leonardo DiCaprio,Don't Look Up,Cast In A Motion Picture,2021,28th Annual,,FALSE
Ariana Grande,Don't Look Up,Cast In A Motion Picture,2021,28th Annual,,FALSE
Jonah Hill,Don't Look Up,Cast In A Motion Picture,2021,28th Annual,,FALSE
Jennifer Lawrence,Don't Look Up,Cast In A Motion Picture,2021,28th Annual,,FALSE
Melanie Lynskey,Don't Look Up,Cast In A Motion Picture,2021,28th Annual,,FALSE
Scott Mescudi,Don't Look Up,Cast In A Motion Picture,2021,28th Annual,,FALSE
Rob Morgan,Don't Look Up,Cast In A Motion Picture,2021,28th Annual,,FALSE
Himesh Patel,Don't Look Up,Cast In A Motion Picture,2021,28th Annual,,FALSE
Ron Perlman,Don't Look Up,Cast In A Motion Picture,2021,28th Annual,,FALSE
Tyler Perry,Don't Look Up,Cast In A Motion Picture,2021,28th Annual,,FALSE
Mark Rylance,Don't Look Up,Cast In A Motion Picture,2021,28th Annual,,FALSE
Meryl Streep,Don't Look Up,Cast In A Motion Picture,2021,28th Annual,,FALSE
,House of Gucci,Cast In A Motion Picture,2021,28th Annual,,FALSE
Adam Driver,House of Gucci,Cast In A Motion Picture,2021,28th Annual,,FALSE
Lady Gaga,House of Gucci,Cast In A Motion Picture,2021,28th Annual,,FALSE
Salma Hayek,House of Gucci,Cast In A Motion Picture,2021,28th Annual,,FALSE
Jack Huston,House of Gucci,Cast In A Motion Picture,2021,28th Annual,,FALSE
Jeremy Irons,House of Gucci,Cast In A Motion Picture,2021,28th Annual,,FALSE
Jared Leto,House of Gucci,Cast In A Motion Picture,2021,28th Annual,,FALSE
Al Pacino,House of Gucci,Cast In A Motion Picture,2021,28th Annual,,FALSE
,King Richard,Cast In A Motion Picture,2021,28th Annual,,FALSE
Jon Bernthal,King Richard,Cast In A Motion Picture,2021,28th Annual,,FALSE
Aunjanue Ellis,King Richard,Cast In A Motion Picture,2021,28th Annual,,FALSE
Tony Goldwyn,King Richard,Cast In A Motion Picture,2021,28th Annual,,FALSE
Saniyya Sidney,King Richard,Cast In A Motion Picture,2021,28th Annual,,FALSE
Demi Singleton,King Richard,Cast In A Motion Picture,2021,28th Annual,,FALSE
Will Smith,King Richard,Cast In A Motion Picture,2021,28th Annual,,FALSE
Jessica Chastain,The Eyes of Tammy Faye,Female Lead In A Motion Picture,2021,28th Annual,Actress in a Leading Role,TRUE
Olivia Colman,The Lost Daugther,Female Lead In A Motion Picture,2021,28th Annual,Actress in a Leading Role,FALSE
Lady Gaga,House of Gucci,Female Lead In A Motion Picture,2021,28th Annual,Actress in a Leading Role,FALSE
Jennifer Hudson,Respect,Female Lead In A Motion Picture,2021,28th Annual,Actress in a Leading Role,FALSE
Nicole Kidman,Being the Ricardos,Female Lead In A Motion Picture,2021,28th Annual,Actress in a Leading Role,FALSE
Catrióna Balfe,Belfast,Female Support In A Motion Picture,2021,28th Annual,Actress in a Supporting Role,FALSE
Cate Blanchett,Nightmare Alley,Female Support In A Motion Picture,2021,28th Annual,Actress in a Supporting Role,FALSE
Ariana DeBose,West Side Story,Female Support In A Motion Picture,2021,28th Annual,Actress in a Supporting Role,TRUE
Kirsten Dunst,The Power of the Dog,Female Support In A Motion Picture,2021,28th Annual,Actress in a Supporting Role,FALSE
Ruth Negga,Passing,Female Support In A Motion Picture,2021,28th Annual,Actress in a Supporting Role,FALSE
Javier Bardem,Being the Ricardos,Male Lead In A Motion Picture,2021,28th Annual,Actor in a Leading Role,FALSE
Benedict Cumberbatch,The Power of the Dog,Male Lead In A Motion Picture,2021,28th Annual,Actor in a Leading Role,FALSE
Andrew Garfield,"tick, tick...BOOM!",Male Lead In A Motion Picture,2021,28th Annual,Actor in a Leading Role,FALSE
Will Smith,King Richard,Male Lead In A Motion Picture,2021,28th Annual,Actor in a Leading Role,TRUE
Denzel Washington,The Tragedy of Macbeth,Male Lead In A Motion Picture,2021,28th Annual,Actor in a Leading Role,FALSE
Ben Affleck,The Tender Bar,Male Support In A Motion Picture,2021,28th Annual,Actor in a Supporting Role,FALSE
Bradley Cooper,Licorice Pizza,Male Support In A Motion Picture,2021,28th Annual,Actor in a Supporting Role,FALSE
Troy Kotsur,CODA,Male Support In A Motion Picture,2021,28th Annual,Actor in a Supporting Role,TRUE
Jared Leto,House of Gucci,Male Support In A Motion Picture,2021,28th Annual,Actor in a Supporting Role,FALSE
Kodi Smit-McPhee,The Power of the Dog,Male Support In A Motion Picture,2021,28th Annual,Actor in a Supporting Role,FALSE
,No Time to Die,Stunt Ensemble In A Motion Picture,2021,28th Annual,,TRUE
,Black Widow,Stunt Ensemble In A Motion Picture,2021,28th Annual,,FALSE
,Dune,Stunt Ensemble In A Motion Picture,2021,28th Annual,,FALSE
,The Matrix Resurrections,Stunt Ensemble In A Motion Picture,2021,28th Annual,,FALSE
,Shang-Chi and the Legend of the Ten Rings,Stunt Ensemble In A Motion Picture,2021,28th Annual,,FALSE
,The Trial Of The Chicago 7,Cast In A Motion Picture,2020,27th Annual,,TRUE
Yahya Abdul-Mateen II,The Trial Of The Chicago 7,Cast In A Motion Picture,2020,27th Annual,,TRUE
Sacha Baron Cohen,The Trial Of The Chicago 7,Cast In A Motion Picture,2020,27th Annual,,TRUE
Joseph Gordon-Levitt,The Trial Of The Chicago 7,Cast In A Motion Picture,2020,27th Annual,,TRUE
"Kelvin Harrison, Jr.",The Trial Of The Chicago 7,Cast In A Motion Picture,2020,27th Annual,,TRUE
Michael Keaton,The Trial Of The Chicago 7,Cast In A Motion Picture,2020,27th Annual,,TRUE
Frank Langella,The Trial Of The Chicago 7,Cast In A Motion Picture,2020,27th Annual,,TRUE
John Carroll Lynch,The Trial Of The Chicago 7,Cast In A Motion Picture,2020,27th Annual,,TRUE
Eddie Redmayne,The Trial Of The Chicago 7,Cast In A Motion Picture,2020,27th Annual,,TRUE
Mark Rylance,The Trial Of The Chicago 7,Cast In A Motion Picture,2020,27th Annual,,TRUE
Alex Sharp,The Trial Of The Chicago 7,Cast In A Motion Picture,2020,27th Annual,,TRUE
Jeremy Strong,The Trial Of The Chicago 7,Cast In A Motion Picture,2020,27th Annual,,TRUE
,Da 5 Bloods,Cast In A Motion Picture,2020,27th Annual,,FALSE
Chadwick Boseman,Da 5 Bloods,Cast In A Motion Picture,2020,27th Annual,,FALSE
Paul Walter Hauser,Da 5 Bloods,Cast In A Motion Picture,2020,27th Annual,,FALSE
Nguyễn Ngọc Lâm,Da 5 Bloods,Cast In A Motion Picture,2020,27th Annual,,FALSE
Lê Y Lan,Da 5 Bloods,Cast In A Motion Picture,2020,27th Annual,,FALSE
Norm Lewis,Da 5 Bloods,Cast In A Motion Picture,2020,27th Annual,,FALSE
Delroy Lindo,Da 5 Bloods,Cast In A Motion Picture,2020,27th Annual,,FALSE
Jonathan Majors,Da 5 Bloods,Cast In A Motion Picture,2020,27th Annual,,FALSE
Van Veronica Ngo,Da 5 Bloods,Cast In A Motion Picture,2020,27th Annual,,FALSE
Johnny Trí Nguyễn,Da 5 Bloods,Cast In A Motion Picture,2020,27th Annual,,FALSE
Jasper Pääkkönen,Da 5 Bloods,Cast In A Motion Picture,2020,27th Annual,,FALSE
Clarke Peters,Da 5 Bloods,Cast In A Motion Picture,2020,27th Annual,,FALSE
Sandy Hương Phạm,Da 5 Bloods,Cast In A Motion Picture,2020,27th Annual,,FALSE
Jean Reno,Da 5 Bloods,Cast In A Motion Picture,2020,27th Annual,,FALSE
Melanie Thierry,Da 5 Bloods,Cast In A Motion Picture,2020,27th Annual,,FALSE
Isiah Whitlock Jr.,Da 5 Bloods,Cast In A Motion Picture,2020,27th Annual,,FALSE
,Ma Rainey's Black Bottom,Cast In A Motion Picture,2020,27th Annual,,FALSE
Chadwick Boseman,Ma Rainey's Black Bottom,Cast In A Motion Picture,2020,27th Annual,,FALSE
Jonny Coyne,Ma Rainey's Black Bottom,Cast In A Motion Picture,2020,27th Annual,,FALSE
Viola Davis,Ma Rainey's Black Bottom,Cast In A Motion Picture,2020,27th Annual,,FALSE
Colman Domingo,Ma Rainey's Black Bottom,Cast In A Motion Picture,2020,27th Annual,,FALSE
Michael Potts,Ma Rainey's Black Bottom,Cast In A Motion Picture,2020,27th Annual,,FALSE
Glynn Turman,Ma Rainey's Black Bottom,Cast In A Motion Picture,2020,27th Annual,,FALSE
,Minari,Cast In A Motion Picture,2020,27th Annual,,FALSE
Noel Kate Cho,Minari,Cast In A Motion Picture,2020,27th Annual,,FALSE
Yeri Han,Minari,Cast In A Motion Picture,2020,27th Annual,,FALSE
Scott Haze,Minari,Cast In A Motion Picture,2020,27th Annual,,FALSE
Alan Kim,Minari,Cast In A Motion Picture,2020,27th Annual,,FALSE
Will Patton,Minari,Cast In A Motion Picture,2020,27th Annual,,FALSE
Steven Yeun,Minari,Cast In A Motion Picture,2020,27th Annual,,FALSE
Youn Yuh-Jung,Minari,Cast In A Motion Picture,2020,27th Annual,,FALSE
,One Night In Miami...,Cast In A Motion Picture,2020,27th Annual,,FALSE
Kingsley Ben-Adir,One Night In Miami...,Cast In A Motion Picture,2020,27th Annual,,FALSE
Beau Bridges,One Night In Miami...,Cast In A Motion Picture,2020,27th Annual,,FALSE
Lawrence Gillard Jr.,One Night In Miami...,Cast In A Motion Picture,2020,27th Annual,,FALSE
Eli Goree,One Night In Miami...,Cast In A Motion Picture,2020,27th Annual,,FALSE
Aldis Hodge,One Night In Miami...,Cast In A Motion Picture,2020,27th Annual,,FALSE
Michael Imperioli,One Night In Miami...,Cast In A Motion Picture,2020,27th Annual,,FALSE
Joaquina Kalukango,One Night In Miami...,Cast In A Motion Picture,2020,27th Annual,,FALSE
Leslie Odom Jr.,One Night In Miami...,Cast In A Motion Picture,2020,27th Annual,,FALSE
Lance Reddick,One Night In Miami...,Cast In A Motion Picture,2020,27th Annual,,FALSE
Nicolette Robinson,One Night In Miami...,Cast In A Motion Picture,2020,27th Annual,,FALSE
Viola Davis,Ma Rainey's Black Bottom,Female Lead In A Motion Picture,2020,27th Annual,Actress in a Leading Role,TRUE
Amy Adams,Hillbilly Elegy,Female Lead In A Motion Picture,2020,27th Annual,Actress in a Leading Role,FALSE
Vanessa Kirby,Pieces Of A Woman,Female Lead In A Motion Picture,2020,27th Annual,Actress in a Leading Role,FALSE
Frances Mcdormand,Nomadland,Female Lead In A Motion Picture,2020,27th Annual,Actress in a Leading Role,FALSE
Carey Mulligan,Promising Young Woman,Female Lead In A Motion Picture,2020,27th Annual,Actress in a Leading Role,FALSE
Yuh-Jung Youn,Minari,Female Support In A Motion Picture,2020,27th Annual,Actress in a Supporting Role,TRUE
Maria Bakalova,Borat Subsequent Moviefilm: Delivery Of Prodigious Bride To American Regime For Make Benefit Once Glorious Nation Of Kazakhstan,Female Support In A Motion Picture,2020,27th Annual,Actress in a Supporting Role,FALSE
Glenn Close,Hillbilly Elegy,Female Support In A Motion Picture,2020,27th Annual,Actress in a Supporting Role,FALSE
Olivia Colman,The Father,Female Support In A Motion Picture,2020,27th Annual,Actress in a Supporting Role,FALSE
Helena Zengel,News Of The World,Female Support In A Motion Picture,2020,27th Annual,Actress in a Supporting Role,FALSE
Chadwick Boseman,Ma Rainey's Black Bottom,Male Lead In A Motion Picture,2020,27th Annual,Actor in a Leading Role,TRUE
Riz Ahmed,Sound Of Metal,Male Lead In A Motion Picture,2020,27th Annual,Actor in a Leading Role,FALSE
Anthony Hopkins,The Father,Male Lead In A Motion Picture,2020,27th Annual,Actor in a Leading Role,FALSE
Gary Oldman,Mank,Male Lead In A Motion Picture,2020,27th Annual,Actor in a Leading Role,FALSE
Steven Yeun,Minari,Male Lead In A Motion Picture,2020,27th Annual,Actor in a Leading Role,FALSE
Daniel Kaluuya,Judas And The Black Messiah,Male Support In A Motion Picture,2020,27th Annual,Actor in a Supporting Role,TRUE
Sacha Baron Cohen,The Trial Of The Chicago 7,Male Support In A Motion Picture,2020,27th Annual,Actor in a Supporting Role,FALSE
Chadwick Boseman,Da 5 Bloods,Male Support In A Motion Picture,2020,27th Annual,Actor in a Supporting Role,FALSE
Jared Leto,The Little Things,Male Support In A Motion Picture,2020,27th Annual,Actor in a Supporting Role,FALSE
Leslie Odom Jr.,One Night In Miami...,Male Support In A Motion Picture,2020,27th Annual,Actor in a Supporting Role,FALSE
,Wonder Woman 1984,Stunt Ensemble In A Motion Picture,2020,27th Annual,,TRUE
,Da 5 Bloods,Stunt Ensemble In A Motion Picture,2020,27th Annual,,FALSE
,Mulan,Stunt Ensemble In A Motion Picture,2020,27th Annual,,FALSE
,News of the World,Stunt Ensemble In A Motion Picture,2020,27th Annual,,FALSE
,The Trial of the Chicago 7,Stunt Ensemble In A Motion Picture,2020,27th Annual,,FALSE
,Parasite,Cast In A Motion Picture,2019,26th Annual,,TRUE
Jang Hye-Jin,Parasite,Cast In A Motion Picture,2019,26th Annual,,TRUE
Cho Yeo-Jeong,Parasite,Cast In A Motion Picture,2019,26th Annual,,TRUE
Choi Woo-Shik,Parasite,Cast In A Motion Picture,2019,26th Annual,,TRUE
Jung Hyeon-Jun,Parasite,Cast In A Motion Picture,2019,26th Annual,,TRUE
Jung Ji-So,Parasite,Cast In A Motion Picture,2019,26th Annual,,TRUE
Lee Jung-Eun,Parasite,Cast In A Motion Picture,2019,26th Annual,,TRUE
Lee Sun-Kyun,Parasite,Cast In A Motion Picture,2019,26th Annual,,TRUE
Park So-Dam,Parasite,Cast In A Motion Picture,2019,26th Annual,,TRUE
Park Myung-Hoon,Parasite,Cast In A Motion Picture,2019,26th Annual,,TRUE
Song Kang-Ho,Parasite,Cast In A Motion Picture,2019,26th Annual,,TRUE
,Bombshell,Cast In A Motion Picture,2019,26th Annual,,FALSE
Connie Britton,Bombshell,Cast In A Motion Picture,2019,26th Annual,,FALSE
Allison Janney,Bombshell,Cast In A Motion Picture,2019,26th Annual,,FALSE
Nicole Kidman,Bombshell,Cast In A Motion Picture,2019,26th Annual,,FALSE
John Lithgow,Bombshell,Cast In A Motion Picture,2019,26th Annual,,FALSE
Malcolm Mcdowell,Bombshell,Cast In A Motion Picture,2019,26th Annual,,FALSE
Kate Mckinnon,Bombshell,Cast In A Motion Picture,2019,26th Annual,,FALSE
Margot Robbie,Bombshell,Cast In A Motion Picture,2019,26th Annual,,FALSE
Charlize Theron,Bombshell,Cast In A Motion Picture,2019,26th Annual,,FALSE
,The Irishman,Cast In A Motion Picture,2019,26th Annual,,FALSE
Bobby Cannavale,The Irishman,Cast In A Motion Picture,2019,26th Annual,,FALSE
Robert De Niro,The Irishman,Cast In A Motion Picture,2019,26th Annual,,FALSE
Stephen Graham,The Irishman,Cast In A Motion Picture,2019,26th Annual,,FALSE
Harvey Keitel,The Irishman,Cast In A Motion Picture,2019,26th Annual,,FALSE
Al Pacino,The Irishman,Cast In A Motion Picture,2019,26th Annual,,FALSE
Anna Paquin,The Irishman,Cast In A Motion Picture,2019,26th Annual,,FALSE
Joe Pesci,The Irishman,Cast In A Motion Picture,2019,26th Annual,,FALSE
Ray Romano,The Irishman,Cast In A Motion Picture,2019,26th Annual,,FALSE
,Jojo Rabbit,Cast In A Motion Picture,2019,26th Annual,,FALSE
Alfie Allen,Jojo Rabbit,Cast In A Motion Picture,2019,26th Annual,,FALSE
Roman Griffin Davis,Jojo Rabbit,Cast In A Motion Picture,2019,26th Annual,,FALSE
Scarlett Johansson,Jojo Rabbit,Cast In A Motion Picture,2019,26th Annual,,FALSE
Thomasin Mckenzie,Jojo Rabbit,Cast In A Motion Picture,2019,26th Annual,,FALSE
Stephen Merchant,Jojo Rabbit,Cast In A Motion Picture,2019,26th Annual,,FALSE
Sam Rockwell,Jojo Rabbit,Cast In A Motion Picture,2019,26th Annual,,FALSE
Taika Waititi,Jojo Rabbit,Cast In A Motion Picture,2019,26th Annual,,FALSE
Rebel Wilson,Jojo Rabbit,Cast In A Motion Picture,2019,26th Annual,,FALSE
,Once Upon A Time In Hollywood,Cast In A Motion Picture,2019,26th Annual,,FALSE
Austin Butler,Once Upon A Time In Hollywood,Cast In A Motion Picture,2019,26th Annual,,FALSE
Julia Butters,Once Upon A Time In Hollywood,Cast In A Motion Picture,2019,26th Annual,,FALSE
Bruce Dern,Once Upon A Time In Hollywood,Cast In A Motion Picture,2019,26th Annual,,FALSE
Leonardo Dicaprio,Once Upon A Time In Hollywood,Cast In A Motion Picture,2019,26th Annual,,FALSE
Dakota Fanning,Once Upon A Time In Hollywood,Cast In A Motion Picture,2019,26th Annual,,FALSE
Emile Hirsch,Once Upon A Time In Hollywood,Cast In A Motion Picture,2019,26th Annual,,FALSE
Damian Lewis,Once Upon A Time In Hollywood,Cast In A Motion Picture,2019,26th Annual,,FALSE
Mike Moh,Once Upon A Time In Hollywood,Cast In A Motion Picture,2019,26th Annual,,FALSE
Timothy Olyphant,Once Upon A Time In Hollywood,Cast In A Motion Picture,2019,26th Annual,,FALSE
Luke Perry,Once Upon A Time In Hollywood,Cast In A Motion Picture,2019,26th Annual,,FALSE
Brad Pitt,Once Upon A Time In Hollywood,Cast In A Motion Picture,2019,26th Annual,,FALSE
Margaret Qualley,Once Upon A Time In Hollywood,Cast In A Motion Picture,2019,26th Annual,,FALSE
Margot Robbie,Once Upon A Time In Hollywood,Cast In A Motion Picture,2019,26th Annual,,FALSE
Renée Zellweger,Judy,Female Lead In A Motion Picture,2019,26th Annual,Actress in a Leading Role,TRUE
Cynthia Erivo,Harriet,Female Lead In A Motion Picture,2019,26th Annual,Actress in a Leading Role,FALSE
Scarlett Johansson,Marriage Story,Female Lead In A Motion Picture,2019,26th Annual,Actress in a Leading Role,FALSE
Lupita Nyong'o,Us,Female Lead In A Motion Picture,2019,26th Annual,Actress in a Leading Role,FALSE
Charlize Theron,Bombshell,Female Lead In A Motion Picture,2019,26th Annual,Actress in a Leading Role,FALSE
Laura Dern,Marriage Story,Female Support In A Motion Picture,2019,26th Annual,Actress in a Supporting Role,TRUE
Scarlett Johansson,Jojo Rabbit,Female Support In A Motion Picture,2019,26th Annual,Actress in a Supporting Role,FALSE
Nicole Kidman,Bombshell,Female Support In A Motion Picture,2019,26th Annual,Actress in a Supporting Role,FALSE
Jennifer Lopez,Hustlers,Female Support In A Motion Picture,2019,26th Annual,Actress in a Supporting Role,FALSE
Margot Robbie,Bombshell,Female Support In A Motion Picture,2019,26th Annual,Actress in a Supporting Role,FALSE
Joaquin Phoenix,Joker,Male Lead In A Motion Picture,2019,26th Annual,Actor in a Leading Role,TRUE
Christian Bale,Ford V Ferrari,Male Lead In A Motion Picture,2019,26th Annual,Actor in a Leading Role,FALSE
Leonardo Dicaprio,Once Upon A Time In Hollywood,Male Lead In A Motion Picture,2019,26th Annual,Actor in a Leading Role,FALSE
Adam Driver,Marriage Story,Male Lead In A Motion Picture,2019,26th Annual,Actor in a Leading Role,FALSE
Taron Egerton,Rocketman,Male Lead In A Motion Picture,2019,26th Annual,Actor in a Leading Role,FALSE
Brad Pitt,Once Upon A Time In Hollywood,Male Support In A Motion Picture,2019,26th Annual,Actor in a Supporting Role,TRUE
Jamie Foxx,Just Mercy,Male Support In A Motion Picture,2019,26th Annual,Actor in a Supporting Role,FALSE
Tom Hanks,A Beautiful Day In The Neighborhood,Male Support In A Motion Picture,2019,26th Annual,Actor in a Supporting Role,FALSE
Al Pacino,The Irishman,Male Support In A Motion Picture,2019,26th Annual,Actor in a Supporting Role,FALSE
Joe Pesci,The Irishman,Male Support In A Motion Picture,2019,26th Annual,Actor in a Supporting Role,FALSE
,Avengers: Endgame,Stunt Ensemble In A Motion Picture,2019,26th Annual,,TRUE
,Ford v Ferrari,Stunt Ensemble In A Motion Picture,2019,26th Annual,,FALSE
,The Irishman,Stunt Ensemble In A Motion Picture,2019,26th Annual,,FALSE
,Joker,Stunt Ensemble In A Motion Picture,2019,26th Annual,,FALSE
,Once Upon a Time in Hollywood,Stunt Ensemble In A Motion Picture,2019,26th Annual,,FALSE
,A Star Is Born,Cast In A Motion Picture,2018,25th Annual,,FALSE
Andrew Dice Clay,A Star Is Born,Cast In A Motion Picture,2018,25th Annual,,FALSE
Anthony Ramos,A Star Is Born,Cast In A Motion Picture,2018,25th Annual,,FALSE
Bradley Cooper,A Star Is Born,Cast In A Motion Picture,2018,25th Annual,,FALSE
Dave Chappelle,A Star Is Born,Cast In A Motion Picture,2018,25th Annual,,FALSE
Lady Gaga,A Star Is Born,Cast In A Motion Picture,2018,25th Annual,,FALSE
Rafi Gavron,A Star Is Born,Cast In A Motion Picture,2018,25th Annual,,FALSE
Sam Elliott,A Star Is Born,Cast In A Motion Picture,2018,25th Annual,,FALSE
,Black Panther,Cast In A Motion Picture,2018,25th Annual,,TRUE
Andy Serkis,Black Panther,Cast In A Motion Picture,2018,25th Annual,,TRUE
Angela Bassett,Black Panther,Cast In A Motion Picture,2018,25th Annual,,TRUE
Chadwick Boseman,Black Panther,Cast In A Motion Picture,2018,25th Annual,,TRUE
Danai Gurira,Black Panther,Cast In A Motion Picture,2018,25th Annual,,TRUE
Daniel Kaluuya,Black Panther,Cast In A Motion Picture,2018,25th Annual,,TRUE
Forest Whitaker,Black Panther,Cast In A Motion Picture,2018,25th Annual,,TRUE
Letitia Wright,Black Panther,Cast In A Motion Picture,2018,25th Annual,,TRUE
Lupita Nyong’o,Black Panther,Cast In A Motion Picture,2018,25th Annual,,TRUE
Martin Freeman,Black Panther,Cast In A Motion Picture,2018,25th Annual,,TRUE
Michael B. Jordan,Black Panther,Cast In A Motion Picture,2018,25th Annual,,TRUE
Sterling K. Brown,Black Panther,Cast In A Motion Picture,2018,25th Annual,,TRUE
Winston Duke,Black Panther,Cast In A Motion Picture,2018,25th Annual,,TRUE
,Blackkklansman,Cast In A Motion Picture,2018,25th Annual,,FALSE
Adam Driver,Blackkklansman,Cast In A Motion Picture,2018,25th Annual,,FALSE
Corey Hawkins,Blackkklansman,Cast In A Motion Picture,2018,25th Annual,,FALSE
Harry Belafonte,Blackkklansman,Cast In A Motion Picture,2018,25th Annual,,FALSE
John David Washington,Blackkklansman,Cast In A Motion Picture,2018,25th Annual,,FALSE
Laura Harrier,Blackkklansman,Cast In A Motion Picture,2018,25th Annual,,FALSE
Topher Grace,Blackkklansman,Cast In A Motion Picture,2018,25th Annual,,FALSE
,Bohemian Rhapsody,Cast In A Motion Picture,2018,25th Annual,,FALSE
Aidan Gillen,Bohemian Rhapsody,Cast In A Motion Picture,2018,25th Annual,,FALSE
Allen Leech,Bohemian Rhapsody,Cast In A Motion Picture,2018,25th Annual,,FALSE
Ben Hardy,Bohemian Rhapsody,Cast In A Motion Picture,2018,25th Annual,,FALSE
Gwilym Lee,Bohemian Rhapsody,Cast In A Motion Picture,2018,25th Annual,,FALSE
Joe Mazzello,Bohemian Rhapsody,Cast In A Motion Picture,2018,25th Annual,,FALSE
Lucy Boynton,Bohemian Rhapsody,Cast In A Motion Picture,2018,25th Annual,,FALSE
Mike Myers,Bohemian Rhapsody,Cast In A Motion Picture,2018,25th Annual,,FALSE
Rami Malek,Bohemian Rhapsody,Cast In A Motion Picture,2018,25th Annual,,FALSE
Tom Hollander,Bohemian Rhapsody,Cast In A Motion Picture,2018,25th Annual,,FALSE
,Crazy Rich Asians,Cast In A Motion Picture,2018,25th Annual,,FALSE
Awkwafina,Crazy Rich Asians,Cast In A Motion Picture,2018,25th Annual,,FALSE
Constance Wu,Crazy Rich Asians,Cast In A Motion Picture,2018,25th Annual,,FALSE
Gemma Chan,Crazy Rich Asians,Cast In A Motion Picture,2018,25th Annual,,FALSE
Henry Golding,Crazy Rich Asians,Cast In A Motion Picture,2018,25th Annual,,FALSE
Ken Jeong,Crazy Rich Asians,Cast In A Motion Picture,2018,25th Annual,,FALSE
Lisa Lu,Crazy Rich Asians,Cast In A Motion Picture,2018,25th Annual,,FALSE
Michelle Yeoh,Crazy Rich Asians,Cast In A Motion Picture,2018,25th Annual,,FALSE
,Atlanta,Ensemble In A Comedy Series,2018,25th Annual,,FALSE
Brian Tyree Henry,Atlanta,Ensemble In A Comedy Series,2018,25th Annual,,FALSE
Donald Glover,Atlanta,Ensemble In A Comedy Series,2018,25th Annual,,FALSE
Khris Davis,Atlanta,Ensemble In A Comedy Series,2018,25th Annual,,FALSE
Lakeith Stanfield,Atlanta,Ensemble In A Comedy Series,2018,25th Annual,,FALSE
,Barry,Ensemble In A Comedy Series,2018,25th Annual,,FALSE
Alejandro Furth,Barry,Ensemble In A Comedy Series,2018,25th Annual,,FALSE
Andy Carey,Barry,Ensemble In A Comedy Series,2018,25th Annual,,FALSE
Anthony Carrigan,Barry,Ensemble In A Comedy Series,2018,25th Annual,,FALSE
Bill Hader,Barry,Ensemble In A Comedy Series,2018,25th Annual,,FALSE
D'arcy Carden,Barry,Ensemble In A Comedy Series,2018,25th Annual,,FALSE
Darrell Britt-Gibson,Barry,Ensemble In A Comedy Series,2018,25th Annual,,FALSE
Glenn Fleshler,Barry,Ensemble In A Comedy Series,2018,25th Annual,,FALSE
Henry Winkler,Barry,Ensemble In A Comedy Series,2018,25th Annual,,FALSE
John Pirruccello,Barry,Ensemble In A Comedy Series,2018,25th Annual,,FALSE
Kirby Howell-Baptiste,Barry,Ensemble In A Comedy Series,2018,25th Annual,,FALSE
Paula Newsome,Barry,Ensemble In A Comedy Series,2018,25th Annual,,FALSE
Rightor Doyle,Barry,Ensemble In A Comedy Series,2018,25th Annual,,FALSE
Sarah Goldberg,Barry,Ensemble In A Comedy Series,2018,25th Annual,,FALSE
Stephen Root,Barry,Ensemble In A Comedy Series,2018,25th Annual,,FALSE
,Glow,Ensemble In A Comedy Series,2018,25th Annual,,FALSE
Alison Brie,Glow,Ensemble In A Comedy Series,2018,25th Annual,,FALSE
Bashir Salahuddin,Glow,Ensemble In A Comedy Series,2018,25th Annual,,FALSE
Betty Gilpin,Glow,Ensemble In A Comedy Series,2018,25th Annual,,FALSE
Britney Young,Glow,Ensemble In A Comedy Series,2018,25th Annual,,FALSE
Britt Baron,Glow,Ensemble In A Comedy Series,2018,25th Annual,,FALSE
Chris Lowell,Glow,Ensemble In A Comedy Series,2018,25th Annual,,FALSE
Ellen Wong,Glow,Ensemble In A Comedy Series,2018,25th Annual,,FALSE
Gayle Rankin,Glow,Ensemble In A Comedy Series,2018,25th Annual,,FALSE
Jackie Tohn,Glow,Ensemble In A Comedy Series,2018,25th Annual,,FALSE
Kate Nash,Glow,Ensemble In A Comedy Series,2018,25th Annual,,FALSE
Kia Stevens,Glow,Ensemble In A Comedy Series,2018,25th Annual,,FALSE
Kimmy Gatewood,Glow,Ensemble In A Comedy Series,2018,25th Annual,,FALSE
Marc Maron,Glow,Ensemble In A Comedy Series,2018,25th Annual,,FALSE
Rebekka Johnson,Glow,Ensemble In A Comedy Series,2018,25th Annual,,FALSE
Shakira Barrera,Glow,Ensemble In A Comedy Series,2018,25th Annual,,FALSE
Sunita Mani,Glow,Ensemble In A Comedy Series,2018,25th Annual,,FALSE
Sydelle Noel,Glow,Ensemble In A Comedy Series,2018,25th Annual,,FALSE
Victor Quinaz,Glow,Ensemble In A Comedy Series,2018,25th Annual,,FALSE
Wyatt Nash,Glow,Ensemble In A Comedy Series,2018,25th Annual,,FALSE
,The Kominsky Method,Ensemble In A Comedy Series,2018,25th Annual,,FALSE
Alan Arkin,The Kominsky Method,Ensemble In A Comedy Series,2018,25th Annual,,FALSE
Ashleigh Lathrop,The Kominsky Method,Ensemble In A Comedy Series,2018,25th Annual,,FALSE
Casey Thomas Brown,The Kominsky Method,Ensemble In A Comedy Series,2018,25th Annual,,FALSE
Emily Osment,The Kominsky Method,Ensemble In A Comedy Series,2018,25th Annual,,FALSE
Graham Rogers,The Kominsky Method,Ensemble In A Comedy Series,2018,25th Annual,,FALSE
Jenna Lyng Adams,The Kominsky Method,Ensemble In A Comedy Series,2018,25th Annual,,FALSE
Melissa Tang,The Kominsky Method,Ensemble In A Comedy Series,2018,25th Annual,,FALSE
Michael Douglas,The Kominsky Method,Ensemble In A Comedy Series,2018,25th Annual,,FALSE
Nancy Travis,The Kominsky Method,Ensemble In A Comedy Series,2018,25th Annual,,FALSE
Sarah Baker,The Kominsky Method,Ensemble In A Comedy Series,2018,25th Annual,,FALSE
Susan Sullivan,The Kominsky Method,Ensemble In A Comedy Series,2018,25th Annual,,FALSE
,The Marvelous Mrs. Maisel,Ensemble In A Comedy Series,2018,25th Annual,,TRUE
Alex Borstein,The Marvelous Mrs. Maisel,Ensemble In A Comedy Series,2018,25th Annual,,TRUE
Brian Tarantina,The Marvelous Mrs. Maisel,Ensemble In A Comedy Series,2018,25th Annual,,TRUE
Caroline Aaron,The Marvelous Mrs. Maisel,Ensemble In A Comedy Series,2018,25th Annual,,TRUE
Kevin Pollak,The Marvelous Mrs. Maisel,Ensemble In A Comedy Series,2018,25th Annual,,TRUE
Marin Hinkle,The Marvelous Mrs. Maisel,Ensemble In A Comedy Series,2018,25th Annual,,TRUE
Michael Zegen,The Marvelous Mrs. Maisel,Ensemble In A Comedy Series,2018,25th Annual,,TRUE
Rachel Brosnahan,The Marvelous Mrs. Maisel,Ensemble In A Comedy Series,2018,25th Annual,,TRUE
Tony Shalhoub,The Marvelous Mrs. Maisel,Ensemble In A Comedy Series,2018,25th Annual,,TRUE
Zachary Levi,The Marvelous Mrs. Maisel,Ensemble In A Comedy Series,2018,25th Annual,,TRUE
,Better Call Saul,Ensemble In A Drama Series,2018,25th Annual,,FALSE
Bob Odenkirk,Better Call Saul,Ensemble In A Drama Series,2018,25th Annual,,FALSE
Giancarlo Esposito,Better Call Saul,Ensemble In A Drama Series,2018,25th Annual,,FALSE
Jonathan Banks,Better Call Saul,Ensemble In A Drama Series,2018,25th Annual,,FALSE
Michael Mando,Better Call Saul,Ensemble In A Drama Series,2018,25th Annual,,FALSE
Rainer Bock,Better Call Saul,Ensemble In A Drama Series,2018,25th Annual,,FALSE
Ray Campbell,Better Call Saul,Ensemble In A Drama Series,2018,25th Annual,,FALSE
Rhea Seehorn,Better Call Saul,Ensemble In A Drama Series,2018,25th Annual,,FALSE
,Ozark,Ensemble In A Drama Series,2018,25th Annual,,FALSE
Carson Holmes,Ozark,Ensemble In A Drama Series,2018,25th Annual,,FALSE
Charlie Tahan,Ozark,Ensemble In A Drama Series,2018,25th Annual,,FALSE
Darren Goldstein,Ozark,Ensemble In A Drama Series,2018,25th Annual,,FALSE
Harris Yulin,Ozark,Ensemble In A Drama Series,2018,25th Annual,,FALSE
Janet Mcteer,Ozark,Ensemble In A Drama Series,2018,25th Annual,,FALSE
Jason Bateman,Ozark,Ensemble In A Drama Series,2018,25th Annual,,FALSE
Jason Butler,Ozark,Ensemble In A Drama Series,2018,25th Annual,,FALSE
Jordana Spiro,Ozark,Ensemble In A Drama Series,2018,25th Annual,,FALSE
Julia Garner,Ozark,Ensemble In A Drama Series,2018,25th Annual,,FALSE
Laura Linney,Ozark,Ensemble In A Drama Series,2018,25th Annual,,FALSE
Lisa Emery,Ozark,Ensemble In A Drama Series,2018,25th Annual,,FALSE
Peter Mullan,Ozark,Ensemble In A Drama Series,2018,25th Annual,,FALSE
Robert Treveiler,Ozark,Ensemble In A Drama Series,2018,25th Annual,,FALSE
Skylar Gaertner,Ozark,Ensemble In A Drama Series,2018,25th Annual,,FALSE
Sofia Hublitz,Ozark,Ensemble In A Drama Series,2018,25th Annual,,FALSE
Trevor Long,Ozark,Ensemble In A Drama Series,2018,25th Annual,,FALSE
,The Americans,Ensemble In A Drama Series,2018,25th Annual,,FALSE
Anthony Arkin,The Americans,Ensemble In A Drama Series,2018,25th Annual,,FALSE
Brandon J. Dirden,The Americans,Ensemble In A Drama Series,2018,25th Annual,,FALSE
Costa Ronin,The Americans,Ensemble In A Drama Series,2018,25th Annual,,FALSE
Holly Taylor,The Americans,Ensemble In A Drama Series,2018,25th Annual,,FALSE
Keidrich Sellati,The Americans,Ensemble In A Drama Series,2018,25th Annual,,FALSE
Keri Russell,The Americans,Ensemble In A Drama Series,2018,25th Annual,,FALSE
Laurie Holden,The Americans,Ensemble In A Drama Series,2018,25th Annual,,FALSE
Margo Martindale,The Americans,Ensemble In A Drama Series,2018,25th Annual,,FALSE
Matthew Rhys,The Americans,Ensemble In A Drama Series,2018,25th Annual,,FALSE
Miriam Shor,The Americans,Ensemble In A Drama Series,2018,25th Annual,,FALSE
Noah Emmerich,The Americans,Ensemble In A Drama Series,2018,25th Annual,,FALSE
Scott Cohen,The Americans,Ensemble In A Drama Series,2018,25th Annual,,FALSE
,The Handmaid's Tale,Ensemble In A Drama Series,2018,25th Annual,,FALSE
Alexis Bledel,The Handmaid's Tale,Ensemble In A Drama Series,2018,25th Annual,,FALSE
Amanda Brugel,The Handmaid's Tale,Ensemble In A Drama Series,2018,25th Annual,,FALSE
Ann Dowd,The Handmaid's Tale,Ensemble In A Drama Series,2018,25th Annual,,FALSE
Bahia Watson,The Handmaid's Tale,Ensemble In A Drama Series,2018,25th Annual,,FALSE
Elisabeth Moss,The Handmaid's Tale,Ensemble In A Drama Series,2018,25th Annual,,FALSE
Joseph Fiennes,The Handmaid's Tale,Ensemble In A Drama Series,2018,25th Annual,,FALSE
Madeline Brewer,The Handmaid's Tale,Ensemble In A Drama Series,2018,25th Annual,,FALSE
Max Minghella,The Handmaid's Tale,Ensemble In A Drama Series,2018,25th Annual,,FALSE
Nina Kiri,The Handmaid's Tale,Ensemble In A Drama Series,2018,25th Annual,,FALSE
O-T Fagbenle,The Handmaid's Tale,Ensemble In A Drama Series,2018,25th Annual,,FALSE
Sydney Sweeney,The Handmaid's Tale,Ensemble In A Drama Series,2018,25th Annual,,FALSE
Yvonne Strahovski,The Handmaid's Tale,Ensemble In A Drama Series,2018,25th Annual,,FALSE
,This Is Us,Ensemble In A Drama Series,2018,25th Annual,,TRUE
Chris Sullivan,This Is Us,Ensemble In A Drama Series,2018,25th Annual,,TRUE
Chrissy Metz,This Is Us,Ensemble In A Drama Series,2018,25th Annual,,TRUE
Eris Baker,This Is Us,Ensemble In A Drama Series,2018,25th Annual,,TRUE
Faithe Herman,This Is Us,Ensemble In A Drama Series,2018,25th Annual,,TRUE
Hannah Zeile,This Is Us,Ensemble In A Drama Series,2018,25th Annual,,TRUE
Jon Huertas,This Is Us,Ensemble In A Drama Series,2018,25th Annual,,TRUE
Justin Hartley,This Is Us,Ensemble In A Drama Series,2018,25th Annual,,TRUE
Lyric Ross,This Is Us,Ensemble In A Drama Series,2018,25th Annual,,TRUE
Mackenzie Hancsicsak,This Is Us,Ensemble In A Drama Series,2018,25th Annual,,TRUE
Mandy Moore,This Is Us,Ensemble In A Drama Series,2018,25th Annual,,TRUE
Melanie Liburd,This Is Us,Ensemble In A Drama Series,2018,25th Annual,,TRUE
Milo Ventimiglia,This Is Us,Ensemble In A Drama Series,2018,25th Annual,,TRUE
Niles Fitch,This Is Us,Ensemble In A Drama Series,2018,25th Annual,,FALSE
Sterling K. Brown,This Is Us,Ensemble In A Drama Series,2018,25th Annual,,TRUE
Susan Kelechi Watson,This Is Us,Ensemble In A Drama Series,2018,25th Annual,,TRUE
Alison Brie,Glow,Female In A Comedy Series,2018,25th Annual,,FALSE
Jane Fonda,Grace And Frankie,Female In A Comedy Series,2018,25th Annual,,FALSE
Lily Tomlin,Grace And Frankie,Female In A Comedy Series,2018,25th Annual,,FALSE
Alex Borstein,The Marvelous Mrs. Maisel,Female In A Comedy Series,2018,25th Annual,,FALSE
Rachel Brosnahan,The Marvelous Mrs. Maisel,Female In A Comedy Series,2018,25th Annual,,TRUE
Robin Wright,House Of Cards,Female In A Drama Series,2018,25th Annual,,FALSE
Sandra Oh,Killing Eve,Female In A Drama Series,2018,25th Annual,,TRUE
Julia Garner,Ozark,Female In A Drama Series,2018,25th Annual,,FALSE
Laura Linney,Ozark,Female In A Drama Series,2018,25th Annual,,FALSE
Elisabeth Moss,The Handmaid's Tale,Female In A Drama Series,2018,25th Annual,,FALSE
Lady Gaga,A Star Is Born,Female Lead In A Motion Picture,2018,25th Annual,Actress in a Leading Role,FALSE
Melissa Mccarthy,Can You Ever Forgive Me?,Female Lead In A Motion Picture,2018,25th Annual,Actress in a Leading Role,FALSE
Emily Blunt,Mary Poppins Returns,Female Lead In A Motion Picture,2018,25th Annual,Actress in a Leading Role,FALSE
Olivia Colman,The Favourite,Female Lead In A Motion Picture,2018,25th Annual,Actress in a Leading Role,FALSE
Glenn Close,The Wife,Female Lead In A Motion Picture,2018,25th Annual,Actress in a Leading Role,TRUE
Emily Blunt,A Quiet Place,Female Support In A Motion Picture,2018,25th Annual,Actress in a Supporting Role,TRUE
Margot Robbie,Mary Queen Of Scots,Female Support In A Motion Picture,2018,25th Annual,Actress in a Supporting Role,FALSE
Emma Stone,The Favourite,Female Support In A Motion Picture,2018,25th Annual,Actress in a Supporting Role,FALSE
Rachel Weisz,The Favourite,Female Support In A Motion Picture,2018,25th Annual,Actress in a Supporting Role,FALSE
Amy Adams,Vice,Female Support In A Motion Picture,2018,25th Annual,Actress in a Supporting Role,FALSE
Patricia Arquette,Escape At Dannemora,Female In A Television Movie Or Limited Series,2018,25th Annual,,TRUE
Emma Stone,Maniac,Female In A Television Movie Or Limited Series,2018,25th Annual,,FALSE
Amy Adams,Sharp Objects,Female In A Television Movie Or Limited Series,2018,25th Annual,,FALSE
Patricia Clarkson,Sharp Objects,Female In A Television Movie Or Limited Series,2018,25th Annual,,FALSE
Penélope Cruz,The Assassination Of Gianni Versace: American Crime Story,Female In A Television Movie Or Limited Series,2018,25th Annual,,FALSE
Bill Hader,Barry,Male In A Comedy Series,2018,25th Annual,,FALSE
Henry Winkler,Barry,Male In A Comedy Series,2018,25th Annual,,FALSE
Alan Arkin,The Kominsky Method,Male In A Comedy Series,2018,25th Annual,,FALSE
Michael Douglas,The Kominsky Method,Male In A Comedy Series,2018,25th Annual,,FALSE
Tony Shalhoub,The Marvelous Mrs. Maisel,Male In A Comedy Series,2018,25th Annual,,TRUE
Bob Odenkirk,Better Call Saul,Male In A Drama Series,2018,25th Annual,,FALSE
Jason Bateman,Ozark,Male In A Drama Series,2018,25th Annual,,TRUE
Joseph Fiennes,The Handmaid's Tale,Male In A Drama Series,2018,25th Annual,,FALSE
Sterling K. Brown,This Is Us,Male In A Drama Series,2018,25th Annual,,FALSE
John Krasinski,Tom Clancy's Jack Ryan,Male In A Drama Series,2018,25th Annual,,FALSE
Bradley Cooper,A Star Is Born,Male Lead In A Motion Picture,2018,25th Annual,Actor in a Leading Role,FALSE
John David Washington,Blackkklansman,Male Lead In A Motion Picture,2018,25th Annual,Actor in a Leading Role,FALSE
Rami Malek,Bohemian Rhapsody,Male Lead In A Motion Picture,2018,25th Annual,Actor in a Leading Role,TRUE
Viggo Mortensen,Green Book,Male Lead In A Motion Picture,2018,25th Annual,Actor in a Leading Role,FALSE
Christian Bale,Vice,Male Lead In A Motion Picture,2018,25th Annual,Actor in a Leading Role,FALSE
Sam Elliott,A Star Is Born,Male Support In A Motion Picture,2018,25th Annual,Actor in a Supporting Role,FALSE
Timothée Chalamet,Beautiful Boy,Male Support In A Motion Picture,2018,25th Annual,Actor in a Supporting Role,FALSE
Adam Driver,Blackkklansman,Male Support In A Motion Picture,2018,25th Annual,Actor in a Supporting Role,FALSE
Richard E. Grant,Can You Ever Forgive Me?,Male Support In A Motion Picture,2018,25th Annual,Actor in a Supporting Role,FALSE
Mahershala Ali,Green Book,Male Support In A Motion Picture,2018,25th Annual,Actor in a Supporting Role,TRUE
Hugh Grant,A Very English Scandal,Male In A Television Movie Or Limited Series,2018,25th Annual,,FALSE
Antonio Banderas,Genius: Picasso,Male In A Television Movie Or Limited Series,2018,25th Annual,,FALSE
Anthony Hopkins,King Lear,Male In A Television Movie Or Limited Series,2018,25th Annual,,FALSE
Darren Criss,The Assassination Of Gianni Versace: American Crime Story,Male In A Television Movie Or Limited Series,2018,25th Annual,,TRUE
Bill Pullman,The Sinner,Male In A Television Movie Or Limited Series,2018,25th Annual,,FALSE
,Glow,Stunt Ensemble In A Comedy Or Drama Series,2018,25th Annual,,TRUE
,Marvel's Daredevil,Stunt Ensemble In A Comedy Or Drama Series,2018,25th Annual,,FALSE
,The Walking Dead,Stunt Ensemble In A Comedy Or Drama Series,2018,25th Annual,,FALSE
,Tom Clancy's Jack Ryan,Stunt Ensemble In A Comedy Or Drama Series,2018,25th Annual,,FALSE
,Westworld,Stunt Ensemble In A Comedy Or Drama Series,2018,25th Annual,,FALSE
,Ant-Man And The Wasp,Stunt Ensemble In A Motion Picture,2018,25th Annual,,FALSE
,Avengers: Infinity War,Stunt Ensemble In A Motion Picture,2018,25th Annual,,FALSE
,Black Panther,Stunt Ensemble In A Motion Picture,2018,25th Annual,,TRUE
,Mission: Impossible Fallout,Stunt Ensemble In A Motion Picture,2018,25th Annual,,FALSE
,The Ballad Of Buster Scruggs,Stunt Ensemble In A Motion Picture,2018,25th Annual,,FALSE
,Get Out,Cast In A Motion Picture,2017,24th Annual,,FALSE
Allison Williams,Get Out,Cast In A Motion Picture,2017,24th Annual,,FALSE
Bradley Whitford,Get Out,Cast In A Motion Picture,2017,24th Annual,,FALSE
Caleb Landry Jones,Get Out,Cast In A Motion Picture,2017,24th Annual,,FALSE
Carey Mulligan,Get Out,Cast In A Motion Picture,2017,24th Annual,,FALSE
Catherine Keener,Get Out,Cast In A Motion Picture,2017,24th Annual,,FALSE
Daniel Kaluuya,Get Out,Cast In A Motion Picture,2017,24th Annual,,FALSE
Lakeith Stanfield,Get Out,Cast In A Motion Picture,2017,24th Annual,,FALSE
Stephen Root,Get Out,Cast In A Motion Picture,2017,24th Annual,,FALSE
,Lady Bird,Cast In A Motion Picture,2017,24th Annual,,FALSE
Beanie Feldstein,Lady Bird,Cast In A Motion Picture,2017,24th Annual,,FALSE
Jordan Rodrigues,Lady Bird,Cast In A Motion Picture,2017,24th Annual,,FALSE
Laurie Metcalf,Lady Bird,Cast In A Motion Picture,2017,24th Annual,,FALSE
Lois Smith,Lady Bird,Cast In A Motion Picture,2017,24th Annual,,FALSE
Lucas Hedges,Lady Bird,Cast In A Motion Picture,2017,24th Annual,,FALSE
Marielle Scott,Lady Bird,Cast In A Motion Picture,2017,24th Annual,,FALSE
Odeya Rush,Lady Bird,Cast In A Motion Picture,2017,24th Annual,,FALSE
Saoirse Ronan,Lady Bird,Cast In A Motion Picture,2017,24th Annual,,FALSE
Stephen Mckinley Henderson,Lady Bird,Cast In A Motion Picture,2017,24th Annual,,FALSE
Timothée Chalamet,Lady Bird,Cast In A Motion Picture,2017,24th Annual,,FALSE
Tracy Letts,Lady Bird,Cast In A Motion Picture,2017,24th Annual,,FALSE
,Mudbound,Cast In A Motion Picture,2017,24th Annual,,FALSE
Garrett Hedlund,Mudbound,Cast In A Motion Picture,2017,24th Annual,,FALSE
Jason Clarke,Mudbound,Cast In A Motion Picture,2017,24th Annual,,FALSE
Jason Mitchell,Mudbound,Cast In A Motion Picture,2017,24th Annual,,FALSE
Jonathan Banks,Mudbound,Cast In A Motion Picture,2017,24th Annual,,FALSE
Mary J. Blige,Mudbound,Cast In A Motion Picture,2017,24th Annual,,FALSE
Rob Morgan,Mudbound,Cast In A Motion Picture,2017,24th Annual,,FALSE
,The Big Sick,Cast In A Motion Picture,2017,24th Annual,,FALSE
Adeel Akhtar,The Big Sick,Cast In A Motion Picture,2017,24th Annual,,FALSE
Anupam Kher,The Big Sick,Cast In A Motion Picture,2017,24th Annual,,FALSE
Holly Hunter,The Big Sick,Cast In A Motion Picture,2017,24th Annual,,FALSE
Kumail Nanjiani,The Big Sick,Cast In A Motion Picture,2017,24th Annual,,FALSE
Ray Romano,The Big Sick,Cast In A Motion Picture,2017,24th Annual,,FALSE
Zenobia Shroff,The Big Sick,Cast In A Motion Picture,2017,24th Annual,,FALSE
Zoe Kazan,The Big Sick,Cast In A Motion Picture,2017,24th Annual,,FALSE
,Three Billboards Outside Ebbing Missouri,Cast In A Motion Picture,2017,24th Annual,,TRUE
Abbie Cornish,Three Billboards Outside Ebbing Missouri,Cast In A Motion Picture,2017,24th Annual,,TRUE
Caleb Landry Jones,Three Billboards Outside Ebbing Missouri,Cast In A Motion Picture,2017,24th Annual,,TRUE
Clarke Peters,Three Billboards Outside Ebbing Missouri,Cast In A Motion Picture,2017,24th Annual,,TRUE
Frances Mcdormand,Three Billboards Outside Ebbing Missouri,Cast In A Motion Picture,2017,24th Annual,,TRUE
John Hawkes,Three Billboards Outside Ebbing Missouri,Cast In A Motion Picture,2017,24th Annual,,TRUE
Lucas Hedges,Three Billboards Outside Ebbing Missouri,Cast In A Motion Picture,2017,24th Annual,,TRUE
Peter Dinklage,Three Billboards Outside Ebbing Missouri,Cast In A Motion Picture,2017,24th Annual,,TRUE
Sam Rockwell,Three Billboards Outside Ebbing Missouri,Cast In A Motion Picture,2017,24th Annual,,TRUE
Samara Weaving,Three Billboards Outside Ebbing Missouri,Cast In A Motion Picture,2017,24th Annual,,TRUE
Woody Harrelson,Three Billboards Outside Ebbing Missouri,Cast In A Motion Picture,2017,24th Annual,,TRUE
Željko Ivanek,Three Billboards Outside Ebbing Missouri,Cast In A Motion Picture,2017,24th Annual,,TRUE
,Black-Ish,Ensemble In A Comedy Series,2017,24th Annual,,FALSE
Anthony Anderson,Black-Ish,Ensemble In A Comedy Series,2017,24th Annual,,FALSE
Deon Cole,Black-Ish,Ensemble In A Comedy Series,2017,24th Annual,,FALSE
Jeff Meachum,Black-Ish,Ensemble In A Comedy Series,2017,24th Annual,,FALSE
Jenifer Lewis,Black-Ish,Ensemble In A Comedy Series,2017,24th Annual,,FALSE
Laurence Fishburne,Black-Ish,Ensemble In A Comedy Series,2017,24th Annual,,FALSE
Marcus Scribner,Black-Ish,Ensemble In A Comedy Series,2017,24th Annual,,FALSE
Marsai Martin,Black-Ish,Ensemble In A Comedy Series,2017,24th Annual,,FALSE
Miles Brown,Black-Ish,Ensemble In A Comedy Series,2017,24th Annual,,FALSE
Peter Mackenzie,Black-Ish,Ensemble In A Comedy Series,2017,24th Annual,,FALSE
Tracee Ellis Ross,Black-Ish,Ensemble In A Comedy Series,2017,24th Annual,,FALSE
Yara Shahidi,Black-Ish,Ensemble In A Comedy Series,2017,24th Annual,,FALSE
,Curb Your Enthusiasm,Ensemble In A Comedy Series,2017,24th Annual,,FALSE
Cheryl Hines,Curb Your Enthusiasm,Ensemble In A Comedy Series,2017,24th Annual,,FALSE
Jb Smoove,Curb Your Enthusiasm,Ensemble In A Comedy Series,2017,24th Annual,,FALSE
Jeff Garlin,Curb Your Enthusiasm,Ensemble In A Comedy Series,2017,24th Annual,,FALSE
Larry David,Curb Your Enthusiasm,Ensemble In A Comedy Series,2017,24th Annual,,FALSE
Susie Essman,Curb Your Enthusiasm,Ensemble In A Comedy Series,2017,24th Annual,,FALSE
Ted Danson,Curb Your Enthusiasm,Ensemble In A Comedy Series,2017,24th Annual,,FALSE
,Glow,Ensemble In A Comedy Series,2017,24th Annual,,FALSE
Alison Brie,Glow,Ensemble In A Comedy Series,2017,24th Annual,,FALSE
Bashir Salahuddin,Glow,Ensemble In A Comedy Series,2017,24th Annual,,FALSE
Betty Gilpin,Glow,Ensemble In A Comedy Series,2017,24th Annual,,FALSE
Britney Young,Glow,Ensemble In A Comedy Series,2017,24th Annual,,FALSE
Britt Baron,Glow,Ensemble In A Comedy Series,2017,24th Annual,,FALSE
Chris Lowell,Glow,Ensemble In A Comedy Series,2017,24th Annual,,FALSE
Ellen Wong,Glow,Ensemble In A Comedy Series,2017,24th Annual,,FALSE
Gayle Rankin,Glow,Ensemble In A Comedy Series,2017,24th Annual,,FALSE
Jackie Tohn,Glow,Ensemble In A Comedy Series,2017,24th Annual,,FALSE
Kate Nash,Glow,Ensemble In A Comedy Series,2017,24th Annual,,FALSE
Kia Stevens,Glow,Ensemble In A Comedy Series,2017,24th Annual,,FALSE
Kimmy Gatewood,Glow,Ensemble In A Comedy Series,2017,24th Annual,,FALSE
Marc Maron,Glow,Ensemble In A Comedy Series,2017,24th Annual,,FALSE
Marianna Palka,Glow,Ensemble In A Comedy Series,2017,24th Annual,,FALSE
Rebekka Johnson,Glow,Ensemble In A Comedy Series,2017,24th Annual,,FALSE
Rich Sommer,Glow,Ensemble In A Comedy Series,2017,24th Annual,,FALSE
Sunita Mani,Glow,Ensemble In A Comedy Series,2017,24th Annual,,FALSE
Sydelle Noel,Glow,Ensemble In A Comedy Series,2017,24th Annual,,FALSE
,Orange Is The New Black,Ensemble In A Comedy Series,2017,24th Annual,,FALSE
Abigail Savage,Orange Is The New Black,Ensemble In A Comedy Series,2017,24th Annual,,FALSE
Adrienne C. Moore,Orange Is The New Black,Ensemble In A Comedy Series,2017,24th Annual,,FALSE
Annie Golden,Orange Is The New Black,Ensemble In A Comedy Series,2017,24th Annual,,FALSE
Asia Kate Dillon,Orange Is The New Black,Ensemble In A Comedy Series,2017,24th Annual,,FALSE
Beth Dover,Orange Is The New Black,Ensemble In A Comedy Series,2017,24th Annual,,FALSE
Brad William Henke,Orange Is The New Black,Ensemble In A Comedy Series,2017,24th Annual,,FALSE
Constance Shulman,Orange Is The New Black,Ensemble In A Comedy Series,2017,24th Annual,,FALSE
Dale Soules,Orange Is The New Black,Ensemble In A Comedy Series,2017,24th Annual,,FALSE
Daniella De Jesus,Orange Is The New Black,Ensemble In A Comedy Series,2017,24th Annual,,FALSE
Danielle Brooks,Orange Is The New Black,Ensemble In A Comedy Series,2017,24th Annual,,FALSE
Dascha Polanco,Orange Is The New Black,Ensemble In A Comedy Series,2017,24th Annual,,FALSE
Diane Guerrero,Orange Is The New Black,Ensemble In A Comedy Series,2017,24th Annual,,FALSE
Elizabeth Rodriguez,Orange Is The New Black,Ensemble In A Comedy Series,2017,24th Annual,,FALSE
Emily Althaus,Orange Is The New Black,Ensemble In A Comedy Series,2017,24th Annual,,FALSE
Emily Tarver,Orange Is The New Black,Ensemble In A Comedy Series,2017,24th Annual,,FALSE
Emma Myles,Orange Is The New Black,Ensemble In A Comedy Series,2017,24th Annual,,FALSE
Evan Arthur Hall,Orange Is The New Black,Ensemble In A Comedy Series,2017,24th Annual,,FALSE
Francesca Curran,Orange Is The New Black,Ensemble In A Comedy Series,2017,24th Annual,,FALSE
Jackie Cruz,Orange Is The New Black,Ensemble In A Comedy Series,2017,24th Annual,,FALSE
Jessica Pimentel,Orange Is The New Black,Ensemble In A Comedy Series,2017,24th Annual,,FALSE
John Palladino,Orange Is The New Black,Ensemble In A Comedy Series,2017,24th Annual,,FALSE
Jolene Purdy,Orange Is The New Black,Ensemble In A Comedy Series,2017,24th Annual,,FALSE
Julie Lake,Orange Is The New Black,Ensemble In A Comedy Series,2017,24th Annual,,FALSE
Kate Mulgrew,Orange Is The New Black,Ensemble In A Comedy Series,2017,24th Annual,,FALSE
Kelly Karbacz,Orange Is The New Black,Ensemble In A Comedy Series,2017,24th Annual,,FALSE
Kimiko Glenn,Orange Is The New Black,Ensemble In A Comedy Series,2017,24th Annual,,FALSE
Laura Gomez,Orange Is The New Black,Ensemble In A Comedy Series,2017,24th Annual,,FALSE
Laura Prepon,Orange Is The New Black,Ensemble In A Comedy Series,2017,24th Annual,,FALSE
Lea Delaria,Orange Is The New Black,Ensemble In A Comedy Series,2017,24th Annual,,FALSE
Lin Tucci,Orange Is The New Black,Ensemble In A Comedy Series,2017,24th Annual,,FALSE
Matt Peters,Orange Is The New Black,Ensemble In A Comedy Series,2017,24th Annual,,FALSE
Michael J. Harney,Orange Is The New Black,Ensemble In A Comedy Series,2017,24th Annual,,FALSE
Michael Torpey,Orange Is The New Black,Ensemble In A Comedy Series,2017,24th Annual,,FALSE
Mike Houston,Orange Is The New Black,Ensemble In A Comedy Series,2017,24th Annual,,FALSE
Miriam Morales,Orange Is The New Black,Ensemble In A Comedy Series,2017,24th Annual,,FALSE
Natasha Lyonne,Orange Is The New Black,Ensemble In A Comedy Series,2017,24th Annual,,FALSE
Nick Dillenburg,Orange Is The New Black,Ensemble In A Comedy Series,2017,24th Annual,,FALSE
Nick Sandow,Orange Is The New Black,Ensemble In A Comedy Series,2017,24th Annual,,FALSE
Rosal Colon,Orange Is The New Black,Ensemble In A Comedy Series,2017,24th Annual,,FALSE
Selenis Leyva,Orange Is The New Black,Ensemble In A Comedy Series,2017,24th Annual,,FALSE
Taryn Manning,Orange Is The New Black,Ensemble In A Comedy Series,2017,24th Annual,,FALSE
Taylor Schilling,Orange Is The New Black,Ensemble In A Comedy Series,2017,24th Annual,,FALSE
Uzo Aduba,Orange Is The New Black,Ensemble In A Comedy Series,2017,24th Annual,,FALSE
Vicky Jeudy,Orange Is The New Black,Ensemble In A Comedy Series,2017,24th Annual,,FALSE
Yael Stone,Orange Is The New Black,Ensemble In A Comedy Series,2017,24th Annual,,FALSE
,Veep,Ensemble In A Comedy Series,2017,24th Annual,,TRUE
Anna Chlumsky,Veep,Ensemble In A Comedy Series,2017,24th Annual,,TRUE
Clea Duvall,Veep,Ensemble In A Comedy Series,2017,24th Annual,,TRUE
Dan Bakkedahl,Veep,Ensemble In A Comedy Series,2017,24th Annual,,TRUE
Gary Cole,Veep,Ensemble In A Comedy Series,2017,24th Annual,,TRUE
Julia Louis-Dreyfus,Veep,Ensemble In A Comedy Series,2017,24th Annual,,TRUE
Kevin Dunn,Veep,Ensemble In A Comedy Series,2017,24th Annual,,TRUE
Margaret Colin,Veep,Ensemble In A Comedy Series,2017,24th Annual,,TRUE
Matt Walsh,Veep,Ensemble In A Comedy Series,2017,24th Annual,,TRUE
Nelson Franklin,Veep,Ensemble In A Comedy Series,2017,24th Annual,,TRUE
Paul Scheer,Veep,Ensemble In A Comedy Series,2017,24th Annual,,TRUE
Reid Scott,Veep,Ensemble In A Comedy Series,2017,24th Annual,,TRUE
Sam Richardson,Veep,Ensemble In A Comedy Series,2017,24th Annual,,TRUE
Sarah Sutherland,Veep,Ensemble In A Comedy Series,2017,24th Annual,,TRUE
Timothy Simons,Veep,Ensemble In A Comedy Series,2017,24th Annual,,TRUE
Tony Hale,Veep,Ensemble In A Comedy Series,2017,24th Annual,,TRUE
,Game Of Thrones,Ensemble In A Drama Series,2017,24th Annual,,FALSE
Aidan Gillen,Game Of Thrones,Ensemble In A Drama Series,2017,24th Annual,,FALSE
Alfie Allen,Game Of Thrones,Ensemble In A Drama Series,2017,24th Annual,,FALSE
Anton Lesser,Game Of Thrones,Ensemble In A Drama Series,2017,24th Annual,,FALSE
Conleth Hill,Game Of Thrones,Ensemble In A Drama Series,2017,24th Annual,,FALSE
Emilia Clarke,Game Of Thrones,Ensemble In A Drama Series,2017,24th Annual,,FALSE
Gwendoline Christie,Game Of Thrones,Ensemble In A Drama Series,2017,24th Annual,,FALSE
Hafbor Julius Bjornsson,Game Of Thrones,Ensemble In A Drama Series,2017,24th Annual,,FALSE
Iain Glen,Game Of Thrones,Ensemble In A Drama Series,2017,24th Annual,,FALSE
Isaac Hempstead Wright,Game Of Thrones,Ensemble In A Drama Series,2017,24th Annual,,FALSE
Jacob Anderson,Game Of Thrones,Ensemble In A Drama Series,2017,24th Annual,,FALSE
James Faulkner,Game Of Thrones,Ensemble In A Drama Series,2017,24th Annual,,FALSE
Jerome Flynn,Game Of Thrones,Ensemble In A Drama Series,2017,24th Annual,,FALSE
Jim Broadbent,Game Of Thrones,Ensemble In A Drama Series,2017,24th Annual,,FALSE
John Bradley,Game Of Thrones,Ensemble In A Drama Series,2017,24th Annual,,FALSE
Kit Harington,Game Of Thrones,Ensemble In A Drama Series,2017,24th Annual,,FALSE
Kristofer Hivju,Game Of Thrones,Ensemble In A Drama Series,2017,24th Annual,,FALSE
Lena Heady,Game Of Thrones,Ensemble In A Drama Series,2017,24th Annual,,FALSE
Liam Cunningham,Game Of Thrones,Ensemble In A Drama Series,2017,24th Annual,,FALSE
Maisie Williams,Game Of Thrones,Ensemble In A Drama Series,2017,24th Annual,,FALSE
Nathalie Emmanuel,Game Of Thrones,Ensemble In A Drama Series,2017,24th Annual,,FALSE
Nikolaj Coster-Waldau,Game Of Thrones,Ensemble In A Drama Series,2017,24th Annual,,FALSE
Peter Dinklage,Game Of Thrones,Ensemble In A Drama Series,2017,24th Annual,,FALSE
Pilou Asbaek,Game Of Thrones,Ensemble In A Drama Series,2017,24th Annual,,FALSE
Richard Dormer,Game Of Thrones,Ensemble In A Drama Series,2017,24th Annual,,FALSE
Richard Rycroft,Game Of Thrones,Ensemble In A Drama Series,2017,24th Annual,,FALSE
Rory Mccann,Game Of Thrones,Ensemble In A Drama Series,2017,24th Annual,,FALSE
Rupert Vansittart,Game Of Thrones,Ensemble In A Drama Series,2017,24th Annual,,FALSE
Sophie Turner,Game Of Thrones,Ensemble In A Drama Series,2017,24th Annual,,FALSE
Staz Nair,Game Of Thrones,Ensemble In A Drama Series,2017,24th Annual,,FALSE
Tom Hopper,Game Of Thrones,Ensemble In A Drama Series,2017,24th Annual,,FALSE
,Stranger Things,Ensemble In A Drama Series,2017,24th Annual,,FALSE
Caleb Mclaughlin,Stranger Things,Ensemble In A Drama Series,2017,24th Annual,,FALSE
Cara Buono,Stranger Things,Ensemble In A Drama Series,2017,24th Annual,,FALSE
Catherine Curtin,Stranger Things,Ensemble In A Drama Series,2017,24th Annual,,FALSE
Charlie Heaton,Stranger Things,Ensemble In A Drama Series,2017,24th Annual,,FALSE
Dacre Montgomery,Stranger Things,Ensemble In A Drama Series,2017,24th Annual,,FALSE
David Harbour,Stranger Things,Ensemble In A Drama Series,2017,24th Annual,,FALSE
Finn Wolfhard,Stranger Things,Ensemble In A Drama Series,2017,24th Annual,,FALSE
Gaten Matarazzo,Stranger Things,Ensemble In A Drama Series,2017,24th Annual,,FALSE
Joe Chrest,Stranger Things,Ensemble In A Drama Series,2017,24th Annual,,FALSE
Joe Keery,Stranger Things,Ensemble In A Drama Series,2017,24th Annual,,FALSE
Millie Bobby Brown,Stranger Things,Ensemble In A Drama Series,2017,24th Annual,,FALSE
Natalia Dyer,Stranger Things,Ensemble In A Drama Series,2017,24th Annual,,FALSE
Noah Schnapp,Stranger Things,Ensemble In A Drama Series,2017,24th Annual,,FALSE
Paul Reiser,Stranger Things,Ensemble In A Drama Series,2017,24th Annual,,FALSE
Sadie Sink,Stranger Things,Ensemble In A Drama Series,2017,24th Annual,,FALSE
Sean Astin,Stranger Things,Ensemble In A Drama Series,2017,24th Annual,,FALSE
Winona Ryder,Stranger Things,Ensemble In A Drama Series,2017,24th Annual,,FALSE
Anton Lesser,The Crown,Ensemble In A Drama Series,2017,24th Annual,,FALSE
Claire Foy,The Crown,Ensemble In A Drama Series,2017,24th Annual,,FALSE
Matt Smith,The Crown,Ensemble In A Drama Series,2017,24th Annual,,FALSE
Vanessa Kirby,The Crown,Ensemble In A Drama Series,2017,24th Annual,,FALSE
Victoria Hamilton,The Crown,Ensemble In A Drama Series,2017,24th Annual,,FALSE
,The Handmaid's Tale,Ensemble In A Drama Series,2017,24th Annual,,FALSE
Amanda Brugel,The Handmaid's Tale,Ensemble In A Drama Series,2017,24th Annual,,FALSE
Ann Dowd,The Handmaid's Tale,Ensemble In A Drama Series,2017,24th Annual,,FALSE
Elisabeth Moss,The Handmaid's Tale,Ensemble In A Drama Series,2017,24th Annual,,FALSE
Joseph Fiennes,The Handmaid's Tale,Ensemble In A Drama Series,2017,24th Annual,,FALSE
Madeline Brewer,The Handmaid's Tale,Ensemble In A Drama Series,2017,24th Annual,,FALSE
Max Minghella,The Handmaid's Tale,Ensemble In A Drama Series,2017,24th Annual,,FALSE
O-T Fagbenle,The Handmaid's Tale,Ensemble In A Drama Series,2017,24th Annual,,FALSE
Samira Wiley,The Handmaid's Tale,Ensemble In A Drama Series,2017,24th Annual,,FALSE
Tattiawna Jones,The Handmaid's Tale,Ensemble In A Drama Series,2017,24th Annual,,FALSE
Yvonne Strahovski,The Handmaid's Tale,Ensemble In A Drama Series,2017,24th Annual,,FALSE
,This Is Us,Ensemble In A Drama Series,2017,24th Annual,,TRUE
Alexandra Breckenridge,This Is Us,Ensemble In A Drama Series,2017,24th Annual,,TRUE
Chris Sullivan,This Is Us,Ensemble In A Drama Series,2017,24th Annual,,TRUE
Chrissy Metz,This Is Us,Ensemble In A Drama Series,2017,24th Annual,,TRUE
Eris Baker,This Is Us,Ensemble In A Drama Series,2017,24th Annual,,TRUE
Faithe Herman,This Is Us,Ensemble In A Drama Series,2017,24th Annual,,TRUE
Hannah Zeile,This Is Us,Ensemble In A Drama Series,2017,24th Annual,,TRUE
Justin Hartley,This Is Us,Ensemble In A Drama Series,2017,24th Annual,,TRUE
Lonnie Chavis,This Is Us,Ensemble In A Drama Series,2017,24th Annual,,TRUE
Mackenzie Hancsicsak,This Is Us,Ensemble In A Drama Series,2017,24th Annual,,TRUE
Mandy Moore,This Is Us,Ensemble In A Drama Series,2017,24th Annual,,TRUE
Milo Ventimiglia,This Is Us,Ensemble In A Drama Series,2017,24th Annual,,TRUE
Ron Cephas Jones,This Is Us,Ensemble In A Drama Series,2017,24th Annual,,TRUE
Sterling K. Brown,This Is Us,Ensemble In A Drama Series,2017,24th Annual,,TRUE
Susan Kelechi Watson,This Is Us,Ensemble In A Drama Series,2017,24th Annual,,TRUE
Alison Brie,Glow,Female In A Comedy Series,2017,24th Annual,,FALSE
Jane Fonda,Grace And Frankie,Female In A Comedy Series,2017,24th Annual,,FALSE
Lily Tomlin,Grace And Frankie,Female In A Comedy Series,2017,24th Annual,,FALSE
Uzo Aduba,Orange Is The New Black,Female In A Comedy Series,2017,24th Annual,,FALSE
Julia Louis-Dreyfus,Veep,Female In A Comedy Series,2017,24th Annual,,TRUE
Robin Wright,House Of Cards,Female In A Drama Series,2017,24th Annual,,FALSE
Millie Bobby Brown,Stranger Things,Female In A Drama Series,2017,24th Annual,,FALSE
Claire Foy,The Crown,Female In A Drama Series,2017,24th Annual,,TRUE
Elisabeth Moss,The Handmaid's Tale,Female In A Drama Series,2017,24th Annual,,FALSE
Margot Robbie,"I, Tonya",Female Lead In A Motion Picture,2017,24th Annual,Actress in a Leading Role,FALSE
Saoirse Ronan,Lady Bird,Female Lead In A Motion Picture,2017,24th Annual,Actress in a Leading Role,FALSE
Sally Hawkins,The Shape Of Water,Female Lead In A Motion Picture,2017,24th Annual,Actress in a Leading Role,FALSE
Frances Mcdormand,Three Billboards Outside Ebbing Missouri,Female Lead In A Motion Picture,2017,24th Annual,Actress in a Leading Role,TRUE
Judi Dench,Victoria & Abdul,Female Lead In A Motion Picture,2017,24th Annual,Actress in a Leading Role,FALSE
Hong Chau,Downsizing,Female Support In A Motion Picture,2017,24th Annual,Actress in a Supporting Role,FALSE
Allison Janney,"I, Tonya",Female Support In A Motion Picture,2017,24th Annual,Actress in a Supporting Role,TRUE
Laurie Metcalf,Lady Bird,Female Support In A Motion Picture,2017,24th Annual,Actress in a Supporting Role,FALSE
Mary J. Blige,Mudbound,Female Support In A Motion Picture,2017,24th Annual,Actress in a Supporting Role,FALSE
Holly Hunter,The Big Sick,Female Support In A Motion Picture,2017,24th Annual,Actress in a Supporting Role,FALSE
Laura Dern,Big Little Lies,Female In A Television Movie Or Limited Series,2017,24th Annual,,FALSE
Nicole Kidman,Big Little Lies,Female In A Television Movie Or Limited Series,2017,24th Annual,,TRUE
Reese Witherspoon,Big Little Lies,Female In A Television Movie Or Limited Series,2017,24th Annual,,FALSE
Jessica Lange,Feud: Bette And Joan,Female In A Television Movie Or Limited Series,2017,24th Annual,,FALSE
Susan Sarandon,Feud: Bette And Joan,Female In A Television Movie Or Limited Series,2017,24th Annual,,FALSE
Anthony Anderson,Black-Ish,Male In A Comedy Series,2017,24th Annual,,FALSE
Larry David,Curb Your Enthusiasm,Male In A Comedy Series,2017,24th Annual,,FALSE
Marc Maron,Glow,Male In A Comedy Series,2017,24th Annual,,FALSE
Aziz Ansari,Master Of None,Male In A Comedy Series,2017,24th Annual,,FALSE
William H. Macy,Shameless,Male In A Comedy Series,2017,24th Annual,,TRUE
Sean Hayes,Will & Grace,Male In A Comedy Series,2017,24th Annual,,FALSE
Bob Odenkirk,Better Call Saul,Male In A Drama Series,2017,24th Annual,,FALSE
Peter Dinklage,Game Of Thrones,Male In A Drama Series,2017,24th Annual,,FALSE
Jason Bateman,Ozark,Male In A Drama Series,2017,24th Annual,,FALSE
David Harbour,Stranger Things,Male In A Drama Series,2017,24th Annual,,FALSE
Sterling K. Brown,This Is Us,Male In A Drama Series,2017,24th Annual,,TRUE
Timothée Chalamet,Call Me By Your Name,Male Lead In A Motion Picture,2017,24th Annual,Actor in a Leading Role,FALSE
Gary Oldman,Darkest Hour,Male Lead In A Motion Picture,2017,24th Annual,Actor in a Leading Role,TRUE
Daniel Kaluuya,Get Out,Male Lead In A Motion Picture,2017,24th Annual,Actor in a Leading Role,FALSE
James Franco,The Disaster Artist,Male Lead In A Motion Picture,2017,24th Annual,Actor in a Leading Role,FALSE
Steve Carell,Battle Of The Sexes,Male Support In A Motion Picture,2017,24th Annual,Actor in a Supporting Role,FALSE
Willem Dafoe,The Florida Project,Male Support In A Motion Picture,2017,24th Annual,Actor in a Supporting Role,FALSE
Richard Jenkins,The Shape Of Water,Male Support In A Motion Picture,2017,24th Annual,Actor in a Supporting Role,FALSE
Sam Rockwell,Three Billboards Outside Ebbing Missouri,Male Support In A Motion Picture,2017,24th Annual,Actor in a Supporting Role,TRUE
Woody Harrelson,Three Billboards Outside Ebbing Missouri,Male Support In A Motion Picture,2017,24th Annual,Actor in a Supporting Role,FALSE
Alexander Skarsgard,Big Little Lies,Male In A Television Movie Or Limited Series,2017,24th Annual,,TRUE
Geoffrey Rush,Genius,Male In A Television Movie Or Limited Series,2017,24th Annual,,FALSE
Jeff Daniels,Godless,Male In A Television Movie Or Limited Series,2017,24th Annual,,FALSE
Benedict Cumberbatch,Sherlock: The Lying Detective,Male In A Television Movie Or Limited Series,2017,24th Annual,,FALSE
Robert De Niro,The Wizard Of Lies,Male In A Television Movie Or Limited Series,2017,24th Annual,,FALSE
,Baby Driver,Stunt Ensemble In A Motion Picture,2017,24th Annual,,FALSE
,Dunkirk,Stunt Ensemble In A Motion Picture,2017,24th Annual,,FALSE
,Logan,Stunt Ensemble In A Motion Picture,2017,24th Annual,,FALSE
,War For The Planet Of The Apes,Stunt Ensemble In A Motion Picture,2017,24th Annual,,FALSE
,Wonder Woman,Stunt Ensemble In A Motion Picture,2017,24th Annual,,TRUE
,Game Of Thrones,Stunt Ensemble In A Series,2017,24th Annual,,TRUE
,Glow,Stunt Ensemble In A Series,2017,24th Annual,,FALSE
,Homeland,Stunt Ensemble In A Series,2017,24th Annual,,FALSE
,Stranger Things,Stunt Ensemble In A Series,2017,24th Annual,,FALSE
,The Walking Dead,Stunt Ensemble In A Series,2017,24th Annual,,FALSE
Denzel Washington,"Roman J. Israel, Esq.",Male Lead In A Motion Picture,2017,24th Annual,Actor in a Leading Role,FALSE
,The Crown,Ensemble In A Drama Series,2017,24th Annual,,FALSE
Laura Linney,Ozark,Female In A Drama Series,2017,24th Annual,,FALSE
,Captain Fantastic,Cast In A Motion Picture,2016,23rd Annual,,FALSE
Ann Dowd,Captain Fantastic,Cast In A Motion Picture,2016,23rd Annual,,FALSE
Annalise Basso,Captain Fantastic,Cast In A Motion Picture,2016,23rd Annual,,FALSE
Charlie Shotwell,Captain Fantastic,Cast In A Motion Picture,2016,23rd Annual,,FALSE
Erin Moriarty,Captain Fantastic,Cast In A Motion Picture,2016,23rd Annual,,FALSE
Frank Langella,Captain Fantastic,Cast In A Motion Picture,2016,23rd Annual,,FALSE
George Mackay,Captain Fantastic,Cast In A Motion Picture,2016,23rd Annual,,FALSE
Kathryn Hahn,Captain Fantastic,Cast In A Motion Picture,2016,23rd Annual,,FALSE
Missi Pyle,Captain Fantastic,Cast In A Motion Picture,2016,23rd Annual,,FALSE
Nicholas Hamilton,Captain Fantastic,Cast In A Motion Picture,2016,23rd Annual,,FALSE
Samantha Isler,Captain Fantastic,Cast In A Motion Picture,2016,23rd Annual,,FALSE
Shree Cooks,Captain Fantastic,Cast In A Motion Picture,2016,23rd Annual,,FALSE
Steve Zahn,Captain Fantastic,Cast In A Motion Picture,2016,23rd Annual,,FALSE
Viggo Mortensen,Captain Fantastic,Cast In A Motion Picture,2016,23rd Annual,,FALSE
,Fences,Cast In A Motion Picture,2016,23rd Annual,,FALSE
Denzel Washington,Fences,Cast In A Motion Picture,2016,23rd Annual,,FALSE
Jovan Adepo,Fences,Cast In A Motion Picture,2016,23rd Annual,,FALSE
Mykelti Williamson,Fences,Cast In A Motion Picture,2016,23rd Annual,,FALSE
Russell Hornsby,Fences,Cast In A Motion Picture,2016,23rd Annual,,FALSE
Saniyya Sidney,Fences,Cast In A Motion Picture,2016,23rd Annual,,FALSE
Stephen Mckinley Henderson,Fences,Cast In A Motion Picture,2016,23rd Annual,,FALSE
Viola Davis,Fences,Cast In A Motion Picture,2016,23rd Annual,,FALSE
,Hidden Figures,Cast In A Motion Picture,2016,23rd Annual,,TRUE
Aldis Hodge,Hidden Figures,Cast In A Motion Picture,2016,23rd Annual,,TRUE
Glen Powell,Hidden Figures,Cast In A Motion Picture,2016,23rd Annual,,TRUE
Janelle Monáe,Hidden Figures,Cast In A Motion Picture,2016,23rd Annual,,TRUE
Jim Parsons,Hidden Figures,Cast In A Motion Picture,2016,23rd Annual,,TRUE
Kevin Costner,Hidden Figures,Cast In A Motion Picture,2016,23rd Annual,,TRUE
Kirsten Dunst,Hidden Figures,Cast In A Motion Picture,2016,23rd Annual,,TRUE
Mahershala Ali,Hidden Figures,Cast In A Motion Picture,2016,23rd Annual,,TRUE
Octavia Spencer,Hidden Figures,Cast In A Motion Picture,2016,23rd Annual,,TRUE
Taraji P. Henson,Hidden Figures,Cast In A Motion Picture,2016,23rd Annual,,TRUE
,Manchester By The Sea,Cast In A Motion Picture,2016,23rd Annual,,FALSE
Casey Affleck,Manchester By The Sea,Cast In A Motion Picture,2016,23rd Annual,,FALSE
Gretchen Mol,Manchester By The Sea,Cast In A Motion Picture,2016,23rd Annual,,FALSE
Kyle Chandler,Manchester By The Sea,Cast In A Motion Picture,2016,23rd Annual,,FALSE
Lucas Hedges,Manchester By The Sea,Cast In A Motion Picture,2016,23rd Annual,,FALSE
Matthew Broderick,Manchester By The Sea,Cast In A Motion Picture,2016,23rd Annual,,FALSE
Michelle Williams,Manchester By The Sea,Cast In A Motion Picture,2016,23rd Annual,,FALSE
,Moonlight,Cast In A Motion Picture,2016,23rd Annual,,FALSE
André Holland,Moonlight,Cast In A Motion Picture,2016,23rd Annual,,FALSE
Ashton Sanders,Moonlight,Cast In A Motion Picture,2016,23rd Annual,,FALSE
Janelle Monáe,Moonlight,Cast In A Motion Picture,2016,23rd Annual,,FALSE
Jharrel Jerome,Moonlight,Cast In A Motion Picture,2016,23rd Annual,,FALSE
Mahershala Ali,Moonlight,Cast In A Motion Picture,2016,23rd Annual,,FALSE
Naomie Harris,Moonlight,Cast In A Motion Picture,2016,23rd Annual,,FALSE
Trevante Rhodes,Moonlight,Cast In A Motion Picture,2016,23rd Annual,,FALSE
,Black-Ish,Ensemble In A Comedy Series,2016,23rd Annual,,FALSE
Anthony Anderson,Black-Ish,Ensemble In A Comedy Series,2016,23rd Annual,,FALSE
Deon Cole,Black-Ish,Ensemble In A Comedy Series,2016,23rd Annual,,FALSE
Jeff Meacham,Black-Ish,Ensemble In A Comedy Series,2016,23rd Annual,,FALSE
Jenifer Lewis,Black-Ish,Ensemble In A Comedy Series,2016,23rd Annual,,FALSE
Laurence Fishburne,Black-Ish,Ensemble In A Comedy Series,2016,23rd Annual,,FALSE
Marcus Scribner,Black-Ish,Ensemble In A Comedy Series,2016,23rd Annual,,FALSE
Marsai Martin,Black-Ish,Ensemble In A Comedy Series,2016,23rd Annual,,FALSE
Miles Brown,Black-Ish,Ensemble In A Comedy Series,2016,23rd Annual,,FALSE
Peter Mackenzie,Black-Ish,Ensemble In A Comedy Series,2016,23rd Annual,,FALSE
Tracee Ellis Ross,Black-Ish,Ensemble In A Comedy Series,2016,23rd Annual,,FALSE
Yara Shahidi,Black-Ish,Ensemble In A Comedy Series,2016,23rd Annual,,FALSE
,Modern Family,Ensemble In A Comedy Series,2016,23rd Annual,,FALSE
Ariel Winter,Modern Family,Ensemble In A Comedy Series,2016,23rd Annual,,FALSE
Aubrey Anderson-Emmons,Modern Family,Ensemble In A Comedy Series,2016,23rd Annual,,FALSE
Ed O'neill,Modern Family,Ensemble In A Comedy Series,2016,23rd Annual,,FALSE
Eric Stonestreet,Modern Family,Ensemble In A Comedy Series,2016,23rd Annual,,FALSE
Jeremy Maguire,Modern Family,Ensemble In A Comedy Series,2016,23rd Annual,,FALSE
Jesse Tyler Ferguson,Modern Family,Ensemble In A Comedy Series,2016,23rd Annual,,FALSE
Julie Bowen,Modern Family,Ensemble In A Comedy Series,2016,23rd Annual,,FALSE
Nolan Gould,Modern Family,Ensemble In A Comedy Series,2016,23rd Annual,,FALSE
Rico Rodriguez,Modern Family,Ensemble In A Comedy Series,2016,23rd Annual,,FALSE
Sarah Hyland,Modern Family,Ensemble In A Comedy Series,2016,23rd Annual,,FALSE
Sofia Vergara,Modern Family,Ensemble In A Comedy Series,2016,23rd Annual,,FALSE
Ty Burrell,Modern Family,Ensemble In A Comedy Series,2016,23rd Annual,,FALSE
,Orange Is The New Black,Ensemble In A Comedy Series,2016,23rd Annual,,TRUE
Abigail Savage,Orange Is The New Black,Ensemble In A Comedy Series,2016,23rd Annual,,TRUE
Adrienne C. Moore,Orange Is The New Black,Ensemble In A Comedy Series,2016,23rd Annual,,TRUE
Alan Aisenberg,Orange Is The New Black,Ensemble In A Comedy Series,2016,23rd Annual,,TRUE
Annie Golden,Orange Is The New Black,Ensemble In A Comedy Series,2016,23rd Annual,,TRUE
Beth Dover,Orange Is The New Black,Ensemble In A Comedy Series,2016,23rd Annual,,TRUE
Blair Brown,Orange Is The New Black,Ensemble In A Comedy Series,2016,23rd Annual,,TRUE
Brad William Henke,Orange Is The New Black,Ensemble In A Comedy Series,2016,23rd Annual,,TRUE
Constance Shulman,Orange Is The New Black,Ensemble In A Comedy Series,2016,23rd Annual,,TRUE
Dale Soules,Orange Is The New Black,Ensemble In A Comedy Series,2016,23rd Annual,,TRUE
Danielle Brooks,Orange Is The New Black,Ensemble In A Comedy Series,2016,23rd Annual,,TRUE
Dascha Polanco,Orange Is The New Black,Ensemble In A Comedy Series,2016,23rd Annual,,TRUE
Diane Guerrero,Orange Is The New Black,Ensemble In A Comedy Series,2016,23rd Annual,,TRUE
Elizabeth Rodriguez,Orange Is The New Black,Ensemble In A Comedy Series,2016,23rd Annual,,TRUE
Emma Myles,Orange Is The New Black,Ensemble In A Comedy Series,2016,23rd Annual,,TRUE
Jackie Cruz,Orange Is The New Black,Ensemble In A Comedy Series,2016,23rd Annual,,TRUE
James Mcmenamin,Orange Is The New Black,Ensemble In A Comedy Series,2016,23rd Annual,,TRUE
Jessica Pimentel,Orange Is The New Black,Ensemble In A Comedy Series,2016,23rd Annual,,TRUE
Jolen Purdy,Orange Is The New Black,Ensemble In A Comedy Series,2016,23rd Annual,,TRUE
Julie Lake,Orange Is The New Black,Ensemble In A Comedy Series,2016,23rd Annual,,TRUE
Kate Mulgrew,Orange Is The New Black,Ensemble In A Comedy Series,2016,23rd Annual,,TRUE
Kimiko Glenn,Orange Is The New Black,Ensemble In A Comedy Series,2016,23rd Annual,,TRUE
Laura Gomez,Orange Is The New Black,Ensemble In A Comedy Series,2016,23rd Annual,,TRUE
Laura Prepon,Orange Is The New Black,Ensemble In A Comedy Series,2016,23rd Annual,,TRUE
Lea Delaria,Orange Is The New Black,Ensemble In A Comedy Series,2016,23rd Annual,,TRUE
Lin Tucci,Orange Is The New Black,Ensemble In A Comedy Series,2016,23rd Annual,,TRUE
Lori Petty,Orange Is The New Black,Ensemble In A Comedy Series,2016,23rd Annual,,TRUE
Matt Peters,Orange Is The New Black,Ensemble In A Comedy Series,2016,23rd Annual,,TRUE
Michael J. Harney,Orange Is The New Black,Ensemble In A Comedy Series,2016,23rd Annual,,TRUE
Natasha Lyonne,Orange Is The New Black,Ensemble In A Comedy Series,2016,23rd Annual,,TRUE
Nick Sandow,Orange Is The New Black,Ensemble In A Comedy Series,2016,23rd Annual,,TRUE
Samira Wiley,Orange Is The New Black,Ensemble In A Comedy Series,2016,23rd Annual,,TRUE
Selenis Leyva,Orange Is The New Black,Ensemble In A Comedy Series,2016,23rd Annual,,TRUE
Taryn Manning,Orange Is The New Black,Ensemble In A Comedy Series,2016,23rd Annual,,TRUE
Taylor Schilling,Orange Is The New Black,Ensemble In A Comedy Series,2016,23rd Annual,,TRUE
Uzo Aduba,Orange Is The New Black,Ensemble In A Comedy Series,2016,23rd Annual,,TRUE
Vicky Jeudy,Orange Is The New Black,Ensemble In A Comedy Series,2016,23rd Annual,,TRUE
Yael Stone,Orange Is The New Black,Ensemble In A Comedy Series,2016,23rd Annual,,TRUE
,The Big Bang Theory,Ensemble In A Comedy Series,2016,23rd Annual,,FALSE
Jim Parsons,The Big Bang Theory,Ensemble In A Comedy Series,2016,23rd Annual,,FALSE
Johnny Galecki,The Big Bang Theory,Ensemble In A Comedy Series,2016,23rd Annual,,FALSE
Kaley Cuoco,The Big Bang Theory,Ensemble In A Comedy Series,2016,23rd Annual,,FALSE
Kunal Nayyar,The Big Bang Theory,Ensemble In A Comedy Series,2016,23rd Annual,,FALSE
Mayim Balik,The Big Bang Theory,Ensemble In A Comedy Series,2016,23rd Annual,,FALSE
Melissa Rauch,The Big Bang Theory,Ensemble In A Comedy Series,2016,23rd Annual,,FALSE
Simon Helberg,The Big Bang Theory,Ensemble In A Comedy Series,2016,23rd Annual,,FALSE
,Veep,Ensemble In A Comedy Series,2016,23rd Annual,,FALSE
Anna Chlumsky,Veep,Ensemble In A Comedy Series,2016,23rd Annual,,FALSE
Clea Duvall,Veep,Ensemble In A Comedy Series,2016,23rd Annual,,FALSE
Dan Bakkedahl,Veep,Ensemble In A Comedy Series,2016,23rd Annual,,FALSE
Gary Cole,Veep,Ensemble In A Comedy Series,2016,23rd Annual,,FALSE
Hugh Laurie,Veep,Ensemble In A Comedy Series,2016,23rd Annual,,FALSE
John Slattery,Veep,Ensemble In A Comedy Series,2016,23rd Annual,,FALSE
Julia Louis-Dreyfus,Veep,Ensemble In A Comedy Series,2016,23rd Annual,,FALSE
Kevin Dunn,Veep,Ensemble In A Comedy Series,2016,23rd Annual,,FALSE
Matt Walsh,Veep,Ensemble In A Comedy Series,2016,23rd Annual,,FALSE
Nelson Franklin,Veep,Ensemble In A Comedy Series,2016,23rd Annual,,FALSE
Reid Scott,Veep,Ensemble In A Comedy Series,2016,23rd Annual,,FALSE
Sam Richardson,Veep,Ensemble In A Comedy Series,2016,23rd Annual,,FALSE
Sarah Sutherland,Veep,Ensemble In A Comedy Series,2016,23rd Annual,,FALSE
Sufe Bradshaw,Veep,Ensemble In A Comedy Series,2016,23rd Annual,,FALSE
Timothy Simons,Veep,Ensemble In A Comedy Series,2016,23rd Annual,,FALSE
Tony Hale,Veep,Ensemble In A Comedy Series,2016,23rd Annual,,FALSE
Wayne Wilderson,Veep,Ensemble In A Comedy Series,2016,23rd Annual,,FALSE
,Downton Abbey,Ensemble In A Drama Series,2016,23rd Annual,,FALSE
Allen Leech,Downton Abbey,Ensemble In A Drama Series,2016,23rd Annual,,FALSE
Brendan Coyle,Downton Abbey,Ensemble In A Drama Series,2016,23rd Annual,,FALSE
David Robb,Downton Abbey,Ensemble In A Drama Series,2016,23rd Annual,,FALSE
Douglas Reith,Downton Abbey,Ensemble In A Drama Series,2016,23rd Annual,,FALSE
Elizabeth Mcgovern,Downton Abbey,Ensemble In A Drama Series,2016,23rd Annual,,FALSE
Harry Hadden-Paton,Downton Abbey,Ensemble In A Drama Series,2016,23rd Annual,,FALSE
Howard Ward,Downton Abbey,Ensemble In A Drama Series,2016,23rd Annual,,FALSE
Hugh Bonneville,Downton Abbey,Ensemble In A Drama Series,2016,23rd Annual,,FALSE
Jeremy Swift,Downton Abbey,Ensemble In A Drama Series,2016,23rd Annual,,FALSE
Jim Carter,Downton Abbey,Ensemble In A Drama Series,2016,23rd Annual,,FALSE
Joanne Froggatt,Downton Abbey,Ensemble In A Drama Series,2016,23rd Annual,,FALSE
Kevin Doyle,Downton Abbey,Ensemble In A Drama Series,2016,23rd Annual,,FALSE
Laura Carmichael,Downton Abbey,Ensemble In A Drama Series,2016,23rd Annual,,FALSE
Lesley Nicol,Downton Abbey,Ensemble In A Drama Series,2016,23rd Annual,,FALSE
Maggie Smith,Downton Abbey,Ensemble In A Drama Series,2016,23rd Annual,,FALSE
Matthew Goode,Downton Abbey,Ensemble In A Drama Series,2016,23rd Annual,,FALSE
Michael Fox,Downton Abbey,Ensemble In A Drama Series,2016,23rd Annual,,FALSE
Michelle Dockery,Downton Abbey,Ensemble In A Drama Series,2016,23rd Annual,,FALSE
Patrick Brennan,Downton Abbey,Ensemble In A Drama Series,2016,23rd Annual,,FALSE
Paul Copley,Downton Abbey,Ensemble In A Drama Series,2016,23rd Annual,,FALSE
Penelope Wilton,Downton Abbey,Ensemble In A Drama Series,2016,23rd Annual,,FALSE
Phyllis Logan,Downton Abbey,Ensemble In A Drama Series,2016,23rd Annual,,FALSE
Raquel Cassidy,Downton Abbey,Ensemble In A Drama Series,2016,23rd Annual,,FALSE
Robert James-Collier,Downton Abbey,Ensemble In A Drama Series,2016,23rd Annual,,FALSE
Samantha Bond,Downton Abbey,Ensemble In A Drama Series,2016,23rd Annual,,FALSE
Sophie Mcshera,Downton Abbey,Ensemble In A Drama Series,2016,23rd Annual,,FALSE
Sue Johnston,Downton Abbey,Ensemble In A Drama Series,2016,23rd Annual,,FALSE
,Game Of Thrones,Ensemble In A Drama Series,2016,23rd Annual,,FALSE
Alfie Allen,Game Of Thrones,Ensemble In A Drama Series,2016,23rd Annual,,FALSE
Carice Van Houten,Game Of Thrones,Ensemble In A Drama Series,2016,23rd Annual,,FALSE
Conleth Hill,Game Of Thrones,Ensemble In A Drama Series,2016,23rd Annual,,FALSE
Dean Charles Chapman,Game Of Thrones,Ensemble In A Drama Series,2016,23rd Annual,,FALSE
Emilia Clarke,Game Of Thrones,Ensemble In A Drama Series,2016,23rd Annual,,FALSE
Faye Marsay,Game Of Thrones,Ensemble In A Drama Series,2016,23rd Annual,,FALSE
Gemma Whelan,Game Of Thrones,Ensemble In A Drama Series,2016,23rd Annual,,FALSE
Jacob Anderson,Game Of Thrones,Ensemble In A Drama Series,2016,23rd Annual,,FALSE
Jonathan Pryce,Game Of Thrones,Ensemble In A Drama Series,2016,23rd Annual,,FALSE
Kit Harington,Game Of Thrones,Ensemble In A Drama Series,2016,23rd Annual,,FALSE
Kristofer Hivju,Game Of Thrones,Ensemble In A Drama Series,2016,23rd Annual,,FALSE
Lena Headey,Game Of Thrones,Ensemble In A Drama Series,2016,23rd Annual,,FALSE
Liam Cunningham,Game Of Thrones,Ensemble In A Drama Series,2016,23rd Annual,,FALSE
Maisie Williams,Game Of Thrones,Ensemble In A Drama Series,2016,23rd Annual,,FALSE
Michiel Huisman,Game Of Thrones,Ensemble In A Drama Series,2016,23rd Annual,,FALSE
Nathalie Emmanuel,Game Of Thrones,Ensemble In A Drama Series,2016,23rd Annual,,FALSE
Nikolaj Coster-Waldau,Game Of Thrones,Ensemble In A Drama Series,2016,23rd Annual,,FALSE
Peter Dinklage,Game Of Thrones,Ensemble In A Drama Series,2016,23rd Annual,,FALSE
Sophie Turner,Game Of Thrones,Ensemble In A Drama Series,2016,23rd Annual,,FALSE
,Stranger Things,Ensemble In A Drama Series,2016,23rd Annual,,TRUE
Caleb Mclaughlin,Stranger Things,Ensemble In A Drama Series,2016,23rd Annual,,TRUE
Cara Buono,Stranger Things,Ensemble In A Drama Series,2016,23rd Annual,,TRUE
Charlie Heaton,Stranger Things,Ensemble In A Drama Series,2016,23rd Annual,,TRUE
David Harbour,Stranger Things,Ensemble In A Drama Series,2016,23rd Annual,,TRUE
Finn Wolfhard,Stranger Things,Ensemble In A Drama Series,2016,23rd Annual,,TRUE
Gaten Matarazzo,Stranger Things,Ensemble In A Drama Series,2016,23rd Annual,,TRUE
Joe Chrest,Stranger Things,Ensemble In A Drama Series,2016,23rd Annual,,TRUE
Joe Keery,Stranger Things,Ensemble In A Drama Series,2016,23rd Annual,,TRUE
John Paul Reynolds,Stranger Things,Ensemble In A Drama Series,2016,23rd Annual,,TRUE
Mark Steger,Stranger Things,Ensemble In A Drama Series,2016,23rd Annual,,TRUE
Matthew Modine,Stranger Things,Ensemble In A Drama Series,2016,23rd Annual,,TRUE
Millie Bobby Brown,Stranger Things,Ensemble In A Drama Series,2016,23rd Annual,,TRUE
Natalia Dyler,Stranger Things,Ensemble In A Drama Series,2016,23rd Annual,,TRUE
Noah Schnapp,Stranger Things,Ensemble In A Drama Series,2016,23rd Annual,,TRUE
Rob Morgan,Stranger Things,Ensemble In A Drama Series,2016,23rd Annual,,TRUE
Winona Ryder,Stranger Things,Ensemble In A Drama Series,2016,23rd Annual,,TRUE
,The Crown,Ensemble In A Drama Series,2016,23rd Annual,,FALSE
Ben Miles,The Crown,Ensemble In A Drama Series,2016,23rd Annual,,FALSE
Billy Jenkins,The Crown,Ensemble In A Drama Series,2016,23rd Annual,,FALSE
Claire Foy,The Crown,Ensemble In A Drama Series,2016,23rd Annual,,FALSE
Clive Francis,The Crown,Ensemble In A Drama Series,2016,23rd Annual,,FALSE
Daniel Ings,The Crown,Ensemble In A Drama Series,2016,23rd Annual,,FALSE
Harriet Walter,The Crown,Ensemble In A Drama Series,2016,23rd Annual,,FALSE
Harry Hadden-Paton,The Crown,Ensemble In A Drama Series,2016,23rd Annual,,FALSE
Jared Harris,The Crown,Ensemble In A Drama Series,2016,23rd Annual,,FALSE
Jeremy Northam,The Crown,Ensemble In A Drama Series,2016,23rd Annual,,FALSE
John Lithgow,The Crown,Ensemble In A Drama Series,2016,23rd Annual,,FALSE
Lizzy Mcinnerny,The Crown,Ensemble In A Drama Series,2016,23rd Annual,,FALSE
Matt Smith,The Crown,Ensemble In A Drama Series,2016,23rd Annual,,FALSE
Nicholas Rowe,The Crown,Ensemble In A Drama Series,2016,23rd Annual,,FALSE
Pip Torrens,The Crown,Ensemble In A Drama Series,2016,23rd Annual,,FALSE
Vanessa Kirby,The Crown,Ensemble In A Drama Series,2016,23rd Annual,,FALSE
Victoria Hamilton,The Crown,Ensemble In A Drama Series,2016,23rd Annual,,FALSE
,Westworld,Ensemble In A Drama Series,2016,23rd Annual,,FALSE
Angela Sarafyan,Westworld,Ensemble In A Drama Series,2016,23rd Annual,,FALSE
Anthony Hopkins,Westworld,Ensemble In A Drama Series,2016,23rd Annual,,FALSE
Benn Barnes,Westworld,Ensemble In A Drama Series,2016,23rd Annual,,FALSE
Ed Harris,Westworld,Ensemble In A Drama Series,2016,23rd Annual,,FALSE
Evan Rachel Wood,Westworld,Ensemble In A Drama Series,2016,23rd Annual,,FALSE
Ingrid Bolsø Berdal,Westworld,Ensemble In A Drama Series,2016,23rd Annual,,FALSE
James Marsden,Westworld,Ensemble In A Drama Series,2016,23rd Annual,,FALSE
Jeffrey Wright,Westworld,Ensemble In A Drama Series,2016,23rd Annual,,FALSE
Jimmi Simpson,Westworld,Ensemble In A Drama Series,2016,23rd Annual,,FALSE
Leonardo Nam,Westworld,Ensemble In A Drama Series,2016,23rd Annual,,FALSE
Luke Hemsworth,Westworld,Ensemble In A Drama Series,2016,23rd Annual,,FALSE
Ptolemy Slocum,Westworld,Ensemble In A Drama Series,2016,23rd Annual,,FALSE
Rodrigo Santoro,Westworld,Ensemble In A Drama Series,2016,23rd Annual,,FALSE
Shannon Woodward,Westworld,Ensemble In A Drama Series,2016,23rd Annual,,FALSE
Sidse Babett Knudsen,Westworld,Ensemble In A Drama Series,2016,23rd Annual,,FALSE
Talulah Riley,Westworld,Ensemble In A Drama Series,2016,23rd Annual,,FALSE
Thandie Newton,Westworld,Ensemble In A Drama Series,2016,23rd Annual,,FALSE
Jane Fonda,Grace And Frankie,Female In A Comedy Series,2016,23rd Annual,,FALSE
Lily Tomlin,Grace And Frankie,Female In A Comedy Series,2016,23rd Annual,,FALSE
Uzo Aduba,Orange Is The New Black,Female In A Comedy Series,2016,23rd Annual,,FALSE
Ellie Kemper,Unbreakable Kimmy Schmidt,Female In A Comedy Series,2016,23rd Annual,,FALSE
Julia Louis-Dreyfus,Veep,Female In A Comedy Series,2016,23rd Annual,,TRUE
Robin Wright,House Of Cards,Female In A Drama Series,2016,23rd Annual,,FALSE
Millie Bobby Brown,Stranger Things,Female In A Drama Series,2016,23rd Annual,,FALSE
Winona Ryder,Stranger Things,Female In A Drama Series,2016,23rd Annual,,FALSE
Claire Foy,The Crown,Female In A Drama Series,2016,23rd Annual,,TRUE
Thandie Newton,Westworld,Female In A Drama Series,2016,23rd Annual,,FALSE
Amy Adams,Arrival,Female Lead In A Motion Picture,2016,23rd Annual,Actress in a Leading Role,FALSE
Meryl Streep,Florence Foster Jenkins,Female Lead In A Motion Picture,2016,23rd Annual,Actress in a Leading Role,FALSE
Natalie Portman,Jackie,Female Lead In A Motion Picture,2016,23rd Annual,Actress in a Leading Role,FALSE
Emma Stone,La La Land,Female Lead In A Motion Picture,2016,23rd Annual,Actress in a Leading Role,TRUE
Emily Blunt,The Girl On The Train,Female Lead In A Motion Picture,2016,23rd Annual,Actress in a Leading Role,FALSE
Viola Davis,Fences,Female Support In A Motion Picture,2016,23rd Annual,Actress in a Supporting Role,TRUE
Octavia Spencer,Hidden Figures,Female Support In A Motion Picture,2016,23rd Annual,Actress in a Supporting Role,FALSE
Nicole Kidman,Lion,Female Support In A Motion Picture,2016,23rd Annual,Actress in a Supporting Role,FALSE
Michelle Williams,Manchester By The Sea,Female Support In A Motion Picture,2016,23rd Annual,Actress in a Supporting Role,FALSE
Naomie Harris,Moonlight,Female Support In A Motion Picture,2016,23rd Annual,Actress in a Supporting Role,FALSE
Felicity Huffman,American Crime,Female In A Television Movie Or Limited Series,2016,23rd Annual,,FALSE
Bryce Dallas Howard,Black Mirror,Female In A Television Movie Or Limited Series,2016,23rd Annual,,FALSE
Kerry Washington,Confirmation,Female In A Television Movie Or Limited Series,2016,23rd Annual,,FALSE
Audra Mcdonald,Lady Day At Emerson's Bar & Grill,Female In A Television Movie Or Limited Series,2016,23rd Annual,,FALSE
Sarah Paulson,The People V. O.j. Simpson: American Crime Story,Female In A Television Movie Or Limited Series,2016,23rd Annual,,TRUE
Anthony Anderson,Black-Ish,Male In A Comedy Series,2016,23rd Annual,,FALSE
Ty Burrell,Modern Family,Male In A Comedy Series,2016,23rd Annual,,FALSE
William H. Macy,Shameless,Male In A Comedy Series,2016,23rd Annual,,TRUE
Jeffrey Tambor,Tansparent,Male In A Comedy Series,2016,23rd Annual,,FALSE
Tituss Burgess,Unbreakable Kimmy Schmidt,Male In A Comedy Series,2016,23rd Annual,,FALSE
Peter Dinklage,Game Of Thrones,Male In A Drama Series,2016,23rd Annual,,FALSE
Kevin Spacey,House Of Cards,Male In A Drama Series,2016,23rd Annual,,FALSE
Rami Malek,Mr. Robot,Male In A Drama Series,2016,23rd Annual,,FALSE
John Lithgow,The Crown,Male In A Drama Series,2016,23rd Annual,,TRUE
Sterling K. Brown,This Is Us,Male In A Drama Series,2016,23rd Annual,,FALSE
Viggo Mortensen,Captain Fantastic,Male Lead In A Motion Picture,2016,23rd Annual,Actor in a Leading Role,FALSE
Denzel Washington,Fences,Male Lead In A Motion Picture,2016,23rd Annual,Actor in a Leading Role,TRUE
Andrew Garfield,Hacksaw Ridge,Male Lead In A Motion Picture,2016,23rd Annual,Actor in a Leading Role,FALSE
Ryan Gosling,La La Land,Male Lead In A Motion Picture,2016,23rd Annual,Actor in a Leading Role,FALSE
Casey Affleck,Manchester By The Sea,Male Lead In A Motion Picture,2016,23rd Annual,Actor in a Leading Role,FALSE
Hugh Grant,Florence Foster Jenkins,Male Support In A Motion Picture,2016,23rd Annual,Actor in a Supporting Role,FALSE
Jeff Bridges,Hell Or High Water,Male Support In A Motion Picture,2016,23rd Annual,Actor in a Supporting Role,FALSE
Dev Patel,Lion,Male Support In A Motion Picture,2016,23rd Annual,Actor in a Supporting Role,FALSE
Lucas Hedges,Manchester By The Sea,Male Support In A Motion Picture,2016,23rd Annual,Actor in a Supporting Role,FALSE
Mahershala Ali,Moonlight,Male Support In A Motion Picture,2016,23rd Annual,Actor in a Supporting Role,TRUE
Bryan Cranston,All The Way,Male In A Television Movie Or Limited Series,2016,23rd Annual,,TRUE
Jon Turturro,The Night Of,Male In A Television Movie Or Limited Series,2016,23rd Annual,,FALSE
Riz Ahmed,The Night Of,Male In A Television Movie Or Limited Series,2016,23rd Annual,,FALSE
Courtney B. Vance,The People V. O.j. Simpson: American Crime Story,Male In A Television Movie Or Limited Series,2016,23rd Annual,,FALSE
Sterling K. Brown,The People V. O.j. Simpson: American Crime Story,Male In A Television Movie Or Limited Series,2016,23rd Annual,,FALSE
,Captain America: Civil War,Stunt Ensemble In A Motion Picture,2016,23rd Annual,,FALSE
,Doctor Strange,Stunt Ensemble In A Motion Picture,2016,23rd Annual,,FALSE
,Hacksaw Ridge,Stunt Ensemble In A Motion Picture,2016,23rd Annual,,TRUE
,Jason Bourne,Stunt Ensemble In A Motion Picture,2016,23rd Annual,,FALSE
,Nocturnal Animals,Stunt Ensemble In A Motion Picture,2016,23rd Annual,,FALSE
,Game Of Thrones,Stunt Ensemble In A Series,2016,23rd Annual,,TRUE
,Marvel's Daredevil,Stunt Ensemble In A Series,2016,23rd Annual,,FALSE
,Marvel's Luke Cage,Stunt Ensemble In A Series,2016,23rd Annual,,FALSE
,The Walking Dead,Stunt Ensemble In A Series,2016,23rd Annual,,FALSE
,Westworld,Stunt Ensemble In A Series,2016,23rd Annual,,FALSE
,Beasts Of No Nation,Cast In A Motion Picture,2015,22nd Annual,,FALSE
Abraham Attah,Beasts Of No Nation,Cast In A Motion Picture,2015,22nd Annual,,FALSE
Idris Elba,Beasts Of No Nation,Cast In A Motion Picture,2015,22nd Annual,,FALSE
Kurt Egyiawan,Beasts Of No Nation,Cast In A Motion Picture,2015,22nd Annual,,FALSE
,Spotlight,Cast In A Motion Picture,2015,22nd Annual,,TRUE
Billy Crudup,Spotlight,Cast In A Motion Picture,2015,22nd Annual,,TRUE
Brian D'arcy James,Spotlight,Cast In A Motion Picture,2015,22nd Annual,,TRUE
John Slattery,Spotlight,Cast In A Motion Picture,2015,22nd Annual,,TRUE
Liev Schreiber,Spotlight,Cast In A Motion Picture,2015,22nd Annual,,TRUE
Mark Ruffalo,Spotlight,Cast In A Motion Picture,2015,22nd Annual,,TRUE
Michael Keaton,Spotlight,Cast In A Motion Picture,2015,22nd Annual,,TRUE
Rachel Mcadams,Spotlight,Cast In A Motion Picture,2015,22nd Annual,,TRUE
Stanley Tucci,Spotlight,Cast In A Motion Picture,2015,22nd Annual,,TRUE
,Straight Outta Compton,Cast In A Motion Picture,2015,22nd Annual,,FALSE
Aldis Hodge,Straight Outta Compton,Cast In A Motion Picture,2015,22nd Annual,,FALSE
Corey Hawkins,Straight Outta Compton,Cast In A Motion Picture,2015,22nd Annual,,FALSE
Jason Mitchell,Straight Outta Compton,Cast In A Motion Picture,2015,22nd Annual,,FALSE
"Neil Brown, Jr.",Straight Outta Compton,Cast In A Motion Picture,2015,22nd Annual,,FALSE
"O'shea Jackson, Jr.",Straight Outta Compton,Cast In A Motion Picture,2015,22nd Annual,,FALSE
Paul Giamatti,Straight Outta Compton,Cast In A Motion Picture,2015,22nd Annual,,FALSE
,The Big Short,Cast In A Motion Picture,2015,22nd Annual,,FALSE
Brad Pitt,The Big Short,Cast In A Motion Picture,2015,22nd Annual,,FALSE
Christian Bale,The Big Short,Cast In A Motion Picture,2015,22nd Annual,,FALSE
Finn Wittrock,The Big Short,Cast In A Motion Picture,2015,22nd Annual,,FALSE
Hamish Linklater,The Big Short,Cast In A Motion Picture,2015,22nd Annual,,FALSE
Jeremy Strong,The Big Short,Cast In A Motion Picture,2015,22nd Annual,,FALSE
John Magaro,The Big Short,Cast In A Motion Picture,2015,22nd Annual,,FALSE
Marisa Tomei,The Big Short,Cast In A Motion Picture,2015,22nd Annual,,FALSE
Melissa Leo,The Big Short,Cast In A Motion Picture,2015,22nd Annual,,FALSE
Rafe Spall,The Big Short,Cast In A Motion Picture,2015,22nd Annual,,FALSE
Ryan Gosling,The Big Short,Cast In A Motion Picture,2015,22nd Annual,,FALSE
Steve Carell,The Big Short,Cast In A Motion Picture,2015,22nd Annual,,FALSE
,Trumbo,Cast In A Motion Picture,2015,22nd Annual,,FALSE
Adewale Akinnuoye-Agbaje,Trumbo,Cast In A Motion Picture,2015,22nd Annual,,FALSE
Alan Tudyk,Trumbo,Cast In A Motion Picture,2015,22nd Annual,,FALSE
Bryan Cranston,Trumbo,Cast In A Motion Picture,2015,22nd Annual,,FALSE
David James Elliott,Trumbo,Cast In A Motion Picture,2015,22nd Annual,,FALSE
Diane Lane,Trumbo,Cast In A Motion Picture,2015,22nd Annual,,FALSE
Elle Fanning,Trumbo,Cast In A Motion Picture,2015,22nd Annual,,FALSE
Helen Mirren,Trumbo,Cast In A Motion Picture,2015,22nd Annual,,FALSE
John Goodman,Trumbo,Cast In A Motion Picture,2015,22nd Annual,,FALSE
Louis C.k.,Trumbo,Cast In A Motion Picture,2015,22nd Annual,,FALSE
Michael Stuhlbarg,Trumbo,Cast In A Motion Picture,2015,22nd Annual,,FALSE
,Key & Peele,Ensemble In A Comedy Series,2015,22nd Annual,,FALSE
Jordan Peele,Key & Peele,Ensemble In A Comedy Series,2015,22nd Annual,,FALSE
Keegan-Michael Key,Key & Peele,Ensemble In A Comedy Series,2015,22nd Annual,,FALSE
,Modern Family,Ensemble In A Comedy Series,2015,22nd Annual,,FALSE
Ariel Winter,Modern Family,Ensemble In A Comedy Series,2015,22nd Annual,,FALSE
Aubrey Anderson Emmons,Modern Family,Ensemble In A Comedy Series,2015,22nd Annual,,FALSE
Ed O'neill,Modern Family,Ensemble In A Comedy Series,2015,22nd Annual,,FALSE
Eric Stonestreet,Modern Family,Ensemble In A Comedy Series,2015,22nd Annual,,FALSE
Jesse Tyler Ferguson,Modern Family,Ensemble In A Comedy Series,2015,22nd Annual,,FALSE
Julie Bowen,Modern Family,Ensemble In A Comedy Series,2015,22nd Annual,,FALSE
Nolan Gould,Modern Family,Ensemble In A Comedy Series,2015,22nd Annual,,FALSE
Rico Rodriguez,Modern Family,Ensemble In A Comedy Series,2015,22nd Annual,,FALSE
Sarah Hyland,Modern Family,Ensemble In A Comedy Series,2015,22nd Annual,,FALSE
Sofia Vergara,Modern Family,Ensemble In A Comedy Series,2015,22nd Annual,,FALSE
Ty Burrell,Modern Family,Ensemble In A Comedy Series,2015,22nd Annual,,FALSE
,Orange Is The New Black,Ensemble In A Comedy Series,2015,22nd Annual,,TRUE
Abigail Savage,Orange Is The New Black,Ensemble In A Comedy Series,2015,22nd Annual,,TRUE
Adrienne C. Moore,Orange Is The New Black,Ensemble In A Comedy Series,2015,22nd Annual,,TRUE
Annie Golden,Orange Is The New Black,Ensemble In A Comedy Series,2015,22nd Annual,,TRUE
Beth Fowler,Orange Is The New Black,Ensemble In A Comedy Series,2015,22nd Annual,,TRUE
Catherine Curtin,Orange Is The New Black,Ensemble In A Comedy Series,2015,22nd Annual,,TRUE
Constance Shulman,Orange Is The New Black,Ensemble In A Comedy Series,2015,22nd Annual,,TRUE
Dale Soules,Orange Is The New Black,Ensemble In A Comedy Series,2015,22nd Annual,,TRUE
Danielle Brooks,Orange Is The New Black,Ensemble In A Comedy Series,2015,22nd Annual,,TRUE
Dascha Polanco,Orange Is The New Black,Ensemble In A Comedy Series,2015,22nd Annual,,TRUE
Diane Guerrero,Orange Is The New Black,Ensemble In A Comedy Series,2015,22nd Annual,,TRUE
Elizabeth Rodriguez,Orange Is The New Black,Ensemble In A Comedy Series,2015,22nd Annual,,TRUE
Emma Myles,Orange Is The New Black,Ensemble In A Comedy Series,2015,22nd Annual,,TRUE
Jackie Cruz,Orange Is The New Black,Ensemble In A Comedy Series,2015,22nd Annual,,TRUE
Jessica Pimentel,Orange Is The New Black,Ensemble In A Comedy Series,2015,22nd Annual,,TRUE
Joel Marsh Garland,Orange Is The New Black,Ensemble In A Comedy Series,2015,22nd Annual,,TRUE
Kate Mulgrew,Orange Is The New Black,Ensemble In A Comedy Series,2015,22nd Annual,,TRUE
Kimiko Glenn,Orange Is The New Black,Ensemble In A Comedy Series,2015,22nd Annual,,TRUE
Laura Prepon,Orange Is The New Black,Ensemble In A Comedy Series,2015,22nd Annual,,TRUE
Laverne Cox,Orange Is The New Black,Ensemble In A Comedy Series,2015,22nd Annual,,TRUE
Lea Delaria,Orange Is The New Black,Ensemble In A Comedy Series,2015,22nd Annual,,TRUE
Lori Petty,Orange Is The New Black,Ensemble In A Comedy Series,2015,22nd Annual,,TRUE
Marsha Stephanie Blake,Orange Is The New Black,Ensemble In A Comedy Series,2015,22nd Annual,,TRUE
Matt Peters,Orange Is The New Black,Ensemble In A Comedy Series,2015,22nd Annual,,TRUE
Michael J. Harney,Orange Is The New Black,Ensemble In A Comedy Series,2015,22nd Annual,,TRUE
Mike Birbiglia,Orange Is The New Black,Ensemble In A Comedy Series,2015,22nd Annual,,TRUE
Nick Sandow,Orange Is The New Black,Ensemble In A Comedy Series,2015,22nd Annual,,TRUE
Ruby Rose,Orange Is The New Black,Ensemble In A Comedy Series,2015,22nd Annual,,TRUE
Selenis Leyva,Orange Is The New Black,Ensemble In A Comedy Series,2015,22nd Annual,,TRUE
Taryn Manning,Orange Is The New Black,Ensemble In A Comedy Series,2015,22nd Annual,,TRUE
Taylor Schilling,Orange Is The New Black,Ensemble In A Comedy Series,2015,22nd Annual,,TRUE
Uzo Aduba,Orange Is The New Black,Ensemble In A Comedy Series,2015,22nd Annual,,TRUE
Vicky Jeudy,Orange Is The New Black,Ensemble In A Comedy Series,2015,22nd Annual,,TRUE
Yael Stone,Orange Is The New Black,Ensemble In A Comedy Series,2015,22nd Annual,,TRUE
,The Big Bang Theory,Ensemble In A Comedy Series,2015,22nd Annual,,FALSE
Jim Parsons,The Big Bang Theory,Ensemble In A Comedy Series,2015,22nd Annual,,FALSE
Johnny Galecki,The Big Bang Theory,Ensemble In A Comedy Series,2015,22nd Annual,,FALSE
Kaley Cuoco,The Big Bang Theory,Ensemble In A Comedy Series,2015,22nd Annual,,FALSE
Kunal Nayyar,The Big Bang Theory,Ensemble In A Comedy Series,2015,22nd Annual,,FALSE
Mayim Bialik,The Big Bang Theory,Ensemble In A Comedy Series,2015,22nd Annual,,FALSE
Melissa Rauch,The Big Bang Theory,Ensemble In A Comedy Series,2015,22nd Annual,,FALSE
Simon Helberg,The Big Bang Theory,Ensemble In A Comedy Series,2015,22nd Annual,,FALSE
,Transparent,Ensemble In A Comedy Series,2015,22nd Annual,,FALSE
Alexandra Billings,Transparent,Ensemble In A Comedy Series,2015,22nd Annual,,FALSE
Amy Landecker,Transparent,Ensemble In A Comedy Series,2015,22nd Annual,,FALSE
Carrie Brownstein,Transparent,Ensemble In A Comedy Series,2015,22nd Annual,,FALSE
Cherry Jones,Transparent,Ensemble In A Comedy Series,2015,22nd Annual,,FALSE
Emily Robinson,Transparent,Ensemble In A Comedy Series,2015,22nd Annual,,FALSE
Gaby Hoffmann,Transparent,Ensemble In A Comedy Series,2015,22nd Annual,,FALSE
Hari Nef,Transparent,Ensemble In A Comedy Series,2015,22nd Annual,,FALSE
Jay Duplass,Transparent,Ensemble In A Comedy Series,2015,22nd Annual,,FALSE
Jeffrey Tambor,Transparent,Ensemble In A Comedy Series,2015,22nd Annual,,FALSE
Judith Light,Transparent,Ensemble In A Comedy Series,2015,22nd Annual,,FALSE
Kathryn Hahn,Transparent,Ensemble In A Comedy Series,2015,22nd Annual,,FALSE
,Veep,Ensemble In A Comedy Series,2015,22nd Annual,,FALSE
Anna Chlumsky,Veep,Ensemble In A Comedy Series,2015,22nd Annual,,FALSE
Diedrich Bader,Veep,Ensemble In A Comedy Series,2015,22nd Annual,,FALSE
Gary Cole,Veep,Ensemble In A Comedy Series,2015,22nd Annual,,FALSE
Hugh Laurie,Veep,Ensemble In A Comedy Series,2015,22nd Annual,,FALSE
Julia Louis-Dreyfus,Veep,Ensemble In A Comedy Series,2015,22nd Annual,,FALSE
Kevin Dunn,Veep,Ensemble In A Comedy Series,2015,22nd Annual,,FALSE
Matt Walsh,Veep,Ensemble In A Comedy Series,2015,22nd Annual,,FALSE
Phil Reeves,Veep,Ensemble In A Comedy Series,2015,22nd Annual,,FALSE
Reid Scott,Veep,Ensemble In A Comedy Series,2015,22nd Annual,,FALSE
Sam Richardson,Veep,Ensemble In A Comedy Series,2015,22nd Annual,,FALSE
Sarah Sutherland,Veep,Ensemble In A Comedy Series,2015,22nd Annual,,FALSE
Sufe Bradshaw,Veep,Ensemble In A Comedy Series,2015,22nd Annual,,FALSE
Timothy Simons,Veep,Ensemble In A Comedy Series,2015,22nd Annual,,FALSE
Tony Hale,Veep,Ensemble In A Comedy Series,2015,22nd Annual,,FALSE
,Downton Abbey,Ensemble In A Drama Series,2015,22nd Annual,,TRUE
Allen Leech,Downton Abbey,Ensemble In A Drama Series,2015,22nd Annual,,TRUE
Brendan Coyle,Downton Abbey,Ensemble In A Drama Series,2015,22nd Annual,,TRUE
David Robb,Downton Abbey,Ensemble In A Drama Series,2015,22nd Annual,,TRUE
Elizabeth Mcgovern,Downton Abbey,Ensemble In A Drama Series,2015,22nd Annual,,TRUE
Hugh Bonneville,Downton Abbey,Ensemble In A Drama Series,2015,22nd Annual,,TRUE
Jim Carter,Downton Abbey,Ensemble In A Drama Series,2015,22nd Annual,,TRUE
Joanne Froggatt,Downton Abbey,Ensemble In A Drama Series,2015,22nd Annual,,TRUE
Julian Ovenden,Downton Abbey,Ensemble In A Drama Series,2015,22nd Annual,,TRUE
Kevin Doyle,Downton Abbey,Ensemble In A Drama Series,2015,22nd Annual,,TRUE
Laura Carmichael,Downton Abbey,Ensemble In A Drama Series,2015,22nd Annual,,TRUE
Lesley Nicol,Downton Abbey,Ensemble In A Drama Series,2015,22nd Annual,,TRUE
Lily James,Downton Abbey,Ensemble In A Drama Series,2015,22nd Annual,,TRUE
Maggie Smith,Downton Abbey,Ensemble In A Drama Series,2015,22nd Annual,,TRUE
Michelle Dockery,Downton Abbey,Ensemble In A Drama Series,2015,22nd Annual,,TRUE
Penelope Wilton,Downton Abbey,Ensemble In A Drama Series,2015,22nd Annual,,TRUE
Phyllis Logan,Downton Abbey,Ensemble In A Drama Series,2015,22nd Annual,,TRUE
Raquel Cassidy,Downton Abbey,Ensemble In A Drama Series,2015,22nd Annual,,TRUE
Robert James-Collier,Downton Abbey,Ensemble In A Drama Series,2015,22nd Annual,,TRUE
Sophie Mcshera,Downton Abbey,Ensemble In A Drama Series,2015,22nd Annual,,TRUE
Tom Cullen,Downton Abbey,Ensemble In A Drama Series,2015,22nd Annual,,TRUE
,Game Of Thrones,Ensemble In A Drama Series,2015,22nd Annual,,FALSE
Aiden Gillen,Game Of Thrones,Ensemble In A Drama Series,2015,22nd Annual,,FALSE
Alfie Allen,Game Of Thrones,Ensemble In A Drama Series,2015,22nd Annual,,FALSE
Ben Crompton,Game Of Thrones,Ensemble In A Drama Series,2015,22nd Annual,,FALSE
Brenock O'connor,Game Of Thrones,Ensemble In A Drama Series,2015,22nd Annual,,FALSE
Brian Fortune,Game Of Thrones,Ensemble In A Drama Series,2015,22nd Annual,,FALSE
Carice Van Houten,Game Of Thrones,Ensemble In A Drama Series,2015,22nd Annual,,FALSE
Daniel Portman,Game Of Thrones,Ensemble In A Drama Series,2015,22nd Annual,,FALSE
Emilia Clarke,Game Of Thrones,Ensemble In A Drama Series,2015,22nd Annual,,FALSE
Gwendoline Christie,Game Of Thrones,Ensemble In A Drama Series,2015,22nd Annual,,FALSE
Hannah Murray,Game Of Thrones,Ensemble In A Drama Series,2015,22nd Annual,,FALSE
Iain Glen,Game Of Thrones,Ensemble In A Drama Series,2015,22nd Annual,,FALSE
Ian Beattie,Game Of Thrones,Ensemble In A Drama Series,2015,22nd Annual,,FALSE
Iwan Rheon,Game Of Thrones,Ensemble In A Drama Series,2015,22nd Annual,,FALSE
Jerome Flynn,Game Of Thrones,Ensemble In A Drama Series,2015,22nd Annual,,FALSE
Joel Fry,Game Of Thrones,Ensemble In A Drama Series,2015,22nd Annual,,FALSE
John Bradley,Game Of Thrones,Ensemble In A Drama Series,2015,22nd Annual,,FALSE
Kit Harington,Game Of Thrones,Ensemble In A Drama Series,2015,22nd Annual,,FALSE
Lena Headey,Game Of Thrones,Ensemble In A Drama Series,2015,22nd Annual,,FALSE
Liam Cunningham,Game Of Thrones,Ensemble In A Drama Series,2015,22nd Annual,,FALSE
Maisie Williams,Game Of Thrones,Ensemble In A Drama Series,2015,22nd Annual,,FALSE
Michael Condron,Game Of Thrones,Ensemble In A Drama Series,2015,22nd Annual,,FALSE
Michiel Huisman,Game Of Thrones,Ensemble In A Drama Series,2015,22nd Annual,,FALSE
Nathalie Emmanuel,Game Of Thrones,Ensemble In A Drama Series,2015,22nd Annual,,FALSE
Nikolaj Coster-Waldau,Game Of Thrones,Ensemble In A Drama Series,2015,22nd Annual,,FALSE
Owen Teale,Game Of Thrones,Ensemble In A Drama Series,2015,22nd Annual,,FALSE
Peter Dinklage,Game Of Thrones,Ensemble In A Drama Series,2015,22nd Annual,,FALSE
Sophie Turner,Game Of Thrones,Ensemble In A Drama Series,2015,22nd Annual,,FALSE
Stephen Dillane,Game Of Thrones,Ensemble In A Drama Series,2015,22nd Annual,,FALSE
Tara Fitzgerald,Game Of Thrones,Ensemble In A Drama Series,2015,22nd Annual,,FALSE
Tom Wlaschiha,Game Of Thrones,Ensemble In A Drama Series,2015,22nd Annual,,FALSE
,Homeland,Ensemble In A Drama Series,2015,22nd Annual,,FALSE
Alexander Fehling,Homeland,Ensemble In A Drama Series,2015,22nd Annual,,FALSE
Atheer Adel,Homeland,Ensemble In A Drama Series,2015,22nd Annual,,FALSE
Claire Danes,Homeland,Ensemble In A Drama Series,2015,22nd Annual,,FALSE
F. Murray Abraham,Homeland,Ensemble In A Drama Series,2015,22nd Annual,,FALSE
Mandy Patinkin,Homeland,Ensemble In A Drama Series,2015,22nd Annual,,FALSE
Mark Ivanir,Homeland,Ensemble In A Drama Series,2015,22nd Annual,,FALSE
Miranda Otto,Homeland,Ensemble In A Drama Series,2015,22nd Annual,,FALSE
Nina Hoss,Homeland,Ensemble In A Drama Series,2015,22nd Annual,,FALSE
Ren,Homeland,Ensemble In A Drama Series,2015,22nd Annual,,FALSE
Rupert Friend,Homeland,Ensemble In A Drama Series,2015,22nd Annual,,FALSE
Sarah Sokolovic,Homeland,Ensemble In A Drama Series,2015,22nd Annual,,FALSE
Sebastian Koch,Homeland,Ensemble In A Drama Series,2015,22nd Annual,,FALSE
,House Of Cards,Ensemble In A Drama Series,2015,22nd Annual,,FALSE
Derek Cecil,House Of Cards,Ensemble In A Drama Series,2015,22nd Annual,,FALSE
Elizabeth Marvel,House Of Cards,Ensemble In A Drama Series,2015,22nd Annual,,FALSE
Jimmi Simpson,House Of Cards,Ensemble In A Drama Series,2015,22nd Annual,,FALSE
Kevin Spacey,House Of Cards,Ensemble In A Drama Series,2015,22nd Annual,,FALSE
Mahershala Ali,House Of Cards,Ensemble In A Drama Series,2015,22nd Annual,,FALSE
Michael Kelly,House Of Cards,Ensemble In A Drama Series,2015,22nd Annual,,FALSE
Molly Parker,House Of Cards,Ensemble In A Drama Series,2015,22nd Annual,,FALSE
Nathan Darrow,House Of Cards,Ensemble In A Drama Series,2015,22nd Annual,,FALSE
Paul Sparks,House Of Cards,Ensemble In A Drama Series,2015,22nd Annual,,FALSE
Robin Wright,House Of Cards,Ensemble In A Drama Series,2015,22nd Annual,,FALSE
,Mad Men,Ensemble In A Drama Series,2015,22nd Annual,,FALSE
Aaron Staton,Mad Men,Ensemble In A Drama Series,2015,22nd Annual,,FALSE
Bruce Greenwood,Mad Men,Ensemble In A Drama Series,2015,22nd Annual,,FALSE
Christina Hendricks,Mad Men,Ensemble In A Drama Series,2015,22nd Annual,,FALSE
Elisabeth Moss,Mad Men,Ensemble In A Drama Series,2015,22nd Annual,,FALSE
January Jones,Mad Men,Ensemble In A Drama Series,2015,22nd Annual,,FALSE
Jay R. Ferguson,Mad Men,Ensemble In A Drama Series,2015,22nd Annual,,FALSE
John Slattery,Mad Men,Ensemble In A Drama Series,2015,22nd Annual,,FALSE
Jon Hamm,Mad Men,Ensemble In A Drama Series,2015,22nd Annual,,FALSE
Kevin Rahm,Mad Men,Ensemble In A Drama Series,2015,22nd Annual,,FALSE
Kiernan Shipka,Mad Men,Ensemble In A Drama Series,2015,22nd Annual,,FALSE
Mason Vale Cotton,Mad Men,Ensemble In A Drama Series,2015,22nd Annual,,FALSE
Rich Sommer,Mad Men,Ensemble In A Drama Series,2015,22nd Annual,,FALSE
Sola Bamis,Mad Men,Ensemble In A Drama Series,2015,22nd Annual,,FALSE
Stephanie Drake,Mad Men,Ensemble In A Drama Series,2015,22nd Annual,,FALSE
Vincent Kartheiser,Mad Men,Ensemble In A Drama Series,2015,22nd Annual,,FALSE
Edie Falco,Nurse Jackie,Female In A Comedy Series,2015,22nd Annual,,FALSE
Uzo Aduba,Orange Is The New Black,Female In A Comedy Series,2015,22nd Annual,,TRUE
Amy Poehler,Parks And Recreation,Female In A Comedy Series,2015,22nd Annual,,FALSE
Ellie Kemper,Unbreakable Kimmy Schmidt,Female In A Comedy Series,2015,22nd Annual,,FALSE
Julia Louis-Dreyfus,Veep,Female In A Comedy Series,2015,22nd Annual,,FALSE
Maggie Smith,Downton Abbey,Female In A Drama Series,2015,22nd Annual,,FALSE
Claire Danes,Homeland,Female In A Drama Series,2015,22nd Annual,,FALSE
Robin Wright,House Of Cards,Female In A Drama Series,2015,22nd Annual,,FALSE
Viola Davis,How To Get Away With Murder,Female In A Drama Series,2015,22nd Annual,,TRUE
Julianna Margulies,The Good Wife,Female In A Drama Series,2015,22nd Annual,,FALSE
Saoirse Ronan,Brooklyn,Female Lead In A Motion Picture,2015,22nd Annual,Actress in a Leading Role,FALSE
Cate Blanchett,Carol,Female Lead In A Motion Picture,2015,22nd Annual,Actress in a Leading Role,FALSE
Sarah Silverman,I Smile Back,Female Lead In A Motion Picture,2015,22nd Annual,Actress in a Leading Role,FALSE
Brie Larson,Room,Female Lead In A Motion Picture,2015,22nd Annual,Actress in a Leading Role,TRUE
Helen Mirren,Woman In Gold,Female Lead In A Motion Picture,2015,22nd Annual,Actress in a Leading Role,FALSE
Rooney Mara,Carol,Female Support In A Motion Picture,2015,22nd Annual,Actress in a Supporting Role,FALSE
Rachel Mcadams,Spotlight,Female Support In A Motion Picture,2015,22nd Annual,Actress in a Supporting Role,FALSE
Kate Winslet,Steve Jobs,Female Support In A Motion Picture,2015,22nd Annual,Actress in a Supporting Role,FALSE
Alicia Vikander,The Danish Girl,Female Support In A Motion Picture,2015,22nd Annual,Actress in a Supporting Role,TRUE
Helen Mirren,Trumbo,Female Support In A Motion Picture,2015,22nd Annual,Actress in a Supporting Role,FALSE
Queen Latifah,Bessie,Female In A Television Movie Or Limited Series,2015,22nd Annual,,TRUE
Nicole Kidman,Grace Of Monaco,Female In A Television Movie Or Limited Series,2015,22nd Annual,,FALSE
Christina Ricci,The Lizzie Borden Chronicles,Female In A Television Movie Or Limited Series,2015,22nd Annual,,FALSE
Susan Sarandon,The Secret Life Of Marilyn Monroe,Female In A Television Movie Or Limited Series,2015,22nd Annual,,FALSE
Kristen Wiig,The Spoils Before Dying,Female In A Television Movie Or Limited Series,2015,22nd Annual,,FALSE
Carol Burnett,N/A,Life Achievement,2015,22nd Annual,,TRUE
Louis C.k.,Louie,Male In A Comedy Series,2015,22nd Annual,,FALSE
Ty Burrell,Modern Family,Male In A Comedy Series,2015,22nd Annual,,FALSE
William H. Macy,Shameless,Male In A Comedy Series,2015,22nd Annual,,FALSE
Jim Parsons,The Big Bang Theory,Male In A Comedy Series,2015,22nd Annual,,FALSE
Jeffrey Tambor,Transparent,Male In A Comedy Series,2015,22nd Annual,,TRUE
Bob Odenkirk,Better Call Saul,Male In A Drama Series,2015,22nd Annual,,FALSE
Peter Dinklage,Game Of Thrones,Male In A Drama Series,2015,22nd Annual,,FALSE
Kevin Spacey,House Of Cards,Male In A Drama Series,2015,22nd Annual,,TRUE
Jon Hamm,Mad Men,Male In A Drama Series,2015,22nd Annual,,FALSE
Rami Malek,Mr. Robot,Male In A Drama Series,2015,22nd Annual,,FALSE
Johnny Depp,Black Mass,Male Lead In A Motion Picture,2015,22nd Annual,Actor in a Leading Role,FALSE
Michael Fassbender,Steve Jobs,Male Lead In A Motion Picture,2015,22nd Annual,Actor in a Leading Role,FALSE
Eddie Redmayne,The Danish Girl,Male Lead In A Motion Picture,2015,22nd Annual,Actor in a Leading Role,FALSE
Leonardo Dicaprio,The Revenant,Male Lead In A Motion Picture,2015,22nd Annual,Actor in a Leading Role,TRUE
Bryan Cranston,Trumbo,Male Lead In A Motion Picture,2015,22nd Annual,Actor in a Leading Role,FALSE
Michael Shannon,99 Homes,Male Support In A Motion Picture,2015,22nd Annual,Actor in a Supporting Role,FALSE
Idris Elba,Beasts Of No Nation,Male Support In A Motion Picture,2015,22nd Annual,Actor in a Supporting Role,TRUE
Mark Rylance,Bridge Of Spies,Male Support In A Motion Picture,2015,22nd Annual,Actor in a Supporting Role,FALSE
Jacob Tremblay,Room,Male Support In A Motion Picture,2015,22nd Annual,Actor in a Supporting Role,FALSE
Christian Bale,The Big Short,Male Support In A Motion Picture,2015,22nd Annual,Actor in a Supporting Role,FALSE
Bill Murray,A Very Murray Christmas,Male In A Television Movie Or Limited Series,2015,22nd Annual,,FALSE
Idris Elba,Luther,Male In A Television Movie Or Limited Series,2015,22nd Annual,,TRUE
Ray Liotta,Texas Rising,Male In A Television Movie Or Limited Series,2015,22nd Annual,,FALSE
Ben Kingsley,Tut,Male In A Television Movie Or Limited Series,2015,22nd Annual,,FALSE
Mark Rylance,Wolf Hall,Male In A Television Movie Or Limited Series,2015,22nd Annual,,FALSE
,Everest,Stunt Ensemble In A Motion Picture,2015,22nd Annual,,FALSE
,Furious 7,Stunt Ensemble In A Motion Picture,2015,22nd Annual,,FALSE
,Jurassic World,Stunt Ensemble In A Motion Picture,2015,22nd Annual,,FALSE
,Mad Max: Fury Road,Stunt Ensemble In A Motion Picture,2015,22nd Annual,,TRUE
,Mission: Impossible,Stunt Ensemble In A Motion Picture,2015,22nd Annual,,FALSE
,Game Of Thrones,Stunt Ensemble In A Television Series,2015,22nd Annual,,TRUE
,Homeland,Stunt Ensemble In A Television Series,2015,22nd Annual,,FALSE
,Marvel's Daredevil,Stunt Ensemble In A Television Series,2015,22nd Annual,,FALSE
,The Blacklist,Stunt Ensemble In A Television Series,2015,22nd Annual,,FALSE
,The Walking Dead,Stunt Ensemble In A Television Series,2015,22nd Annual,,FALSE
,Birdman,Cast In A Motion Picture,2014,21st Annual,,TRUE
Amy Ryan,Birdman,Cast In A Motion Picture,2014,21st Annual,,TRUE
Andrea Riseborough,Birdman,Cast In A Motion Picture,2014,21st Annual,,TRUE
Edward Norton,Birdman,Cast In A Motion Picture,2014,21st Annual,,TRUE
Emma Stone,Birdman,Cast In A Motion Picture,2014,21st Annual,,TRUE
Michael Keaton,Birdman,Cast In A Motion Picture,2014,21st Annual,,TRUE
Naomi Watts,Birdman,Cast In A Motion Picture,2014,21st Annual,,TRUE
Zach Galifianakis,Birdman,Cast In A Motion Picture,2014,21st Annual,,TRUE
,Boyhood,Cast In A Motion Picture,2014,21st Annual,,FALSE
Ellar Coltrane,Boyhood,Cast In A Motion Picture,2014,21st Annual,,FALSE
Ethan Hawke,Boyhood,Cast In A Motion Picture,2014,21st Annual,,FALSE
Lorelei Linklater,Boyhood,Cast In A Motion Picture,2014,21st Annual,,FALSE
Patricia Arquette,Boyhood,Cast In A Motion Picture,2014,21st Annual,,FALSE
,The Grand Budapest Hotel,Cast In A Motion Picture,2014,21st Annual,,FALSE
Adrien Brody,The Grand Budapest Hotel,Cast In A Motion Picture,2014,21st Annual,,FALSE
Bill Murray,The Grand Budapest Hotel,Cast In A Motion Picture,2014,21st Annual,,FALSE
Edward Norton,The Grand Budapest Hotel,Cast In A Motion Picture,2014,21st Annual,,FALSE
F. Murray Abraham,The Grand Budapest Hotel,Cast In A Motion Picture,2014,21st Annual,,FALSE
Harvey Keitel,The Grand Budapest Hotel,Cast In A Motion Picture,2014,21st Annual,,FALSE
Jason Schwartzman,The Grand Budapest Hotel,Cast In A Motion Picture,2014,21st Annual,,FALSE
Jeff Goldblum,The Grand Budapest Hotel,Cast In A Motion Picture,2014,21st Annual,,FALSE
Jude Law,The Grand Budapest Hotel,Cast In A Motion Picture,2014,21st Annual,,FALSE
Lea Seydoux,The Grand Budapest Hotel,Cast In A Motion Picture,2014,21st Annual,,FALSE
Mathieu Amalric,The Grand Budapest Hotel,Cast In A Motion Picture,2014,21st Annual,,FALSE
Owen Wilson,The Grand Budapest Hotel,Cast In A Motion Picture,2014,21st Annual,,FALSE
Ralph Fiennes,The Grand Budapest Hotel,Cast In A Motion Picture,2014,21st Annual,,FALSE
Saoirse Ronan,The Grand Budapest Hotel,Cast In A Motion Picture,2014,21st Annual,,FALSE
Tilda Swinton,The Grand Budapest Hotel,Cast In A Motion Picture,2014,21st Annual,,FALSE
Tom Wilkinson,The Grand Budapest Hotel,Cast In A Motion Picture,2014,21st Annual,,FALSE
Tony Revolori,The Grand Budapest Hotel,Cast In A Motion Picture,2014,21st Annual,,FALSE
Willem Dafoe,The Grand Budapest Hotel,Cast In A Motion Picture,2014,21st Annual,,FALSE
,The Imitation Game,Cast In A Motion Picture,2014,21st Annual,,FALSE
Allen Leech,The Imitation Game,Cast In A Motion Picture,2014,21st Annual,,FALSE
Benedict Cumberbatch,The Imitation Game,Cast In A Motion Picture,2014,21st Annual,,FALSE
Charles Dance,The Imitation Game,Cast In A Motion Picture,2014,21st Annual,,FALSE
Keira Knightley,The Imitation Game,Cast In A Motion Picture,2014,21st Annual,,FALSE
Mark Strong,The Imitation Game,Cast In A Motion Picture,2014,21st Annual,,FALSE
Matthew Beard,The Imitation Game,Cast In A Motion Picture,2014,21st Annual,,FALSE
Matthew Goode,The Imitation Game,Cast In A Motion Picture,2014,21st Annual,,FALSE
Rory Kinnear,The Imitation Game,Cast In A Motion Picture,2014,21st Annual,,FALSE
,The Theory Of Everything,Cast In A Motion Picture,2014,21st Annual,,FALSE
Charlie Cox,The Theory Of Everything,Cast In A Motion Picture,2014,21st Annual,,FALSE
David Thewlis,The Theory Of Everything,Cast In A Motion Picture,2014,21st Annual,,FALSE
Eddie Redmayne,The Theory Of Everything,Cast In A Motion Picture,2014,21st Annual,,FALSE
Emily Watson,The Theory Of Everything,Cast In A Motion Picture,2014,21st Annual,,FALSE
Felicity Jones,The Theory Of Everything,Cast In A Motion Picture,2014,21st Annual,,FALSE
Simon Mcburney,The Theory Of Everything,Cast In A Motion Picture,2014,21st Annual,,FALSE
,Brooklyn Nine-Nine,Ensemble In A Comedy Series,2014,21st Annual,,FALSE
Andre Braugher,Brooklyn Nine-Nine,Ensemble In A Comedy Series,2014,21st Annual,,FALSE
Andy Samberg,Brooklyn Nine-Nine,Ensemble In A Comedy Series,2014,21st Annual,,FALSE
Chelsea Peretti,Brooklyn Nine-Nine,Ensemble In A Comedy Series,2014,21st Annual,,FALSE
Dirk Blocker,Brooklyn Nine-Nine,Ensemble In A Comedy Series,2014,21st Annual,,FALSE
Joe Lo Truglio,Brooklyn Nine-Nine,Ensemble In A Comedy Series,2014,21st Annual,,FALSE
Joel Mckinnon Miller,Brooklyn Nine-Nine,Ensemble In A Comedy Series,2014,21st Annual,,FALSE
Melissa Fumero,Brooklyn Nine-Nine,Ensemble In A Comedy Series,2014,21st Annual,,FALSE
Stephanie Beatriz,Brooklyn Nine-Nine,Ensemble In A Comedy Series,2014,21st Annual,,FALSE
Terry Crews,Brooklyn Nine-Nine,Ensemble In A Comedy Series,2014,21st Annual,,FALSE
,Modern Family,Ensemble In A Comedy Series,2014,21st Annual,,FALSE
Ariel Winter,Modern Family,Ensemble In A Comedy Series,2014,21st Annual,,FALSE
Aubrey Anderson Emmons,Modern Family,Ensemble In A Comedy Series,2014,21st Annual,,FALSE
Ed O'neill,Modern Family,Ensemble In A Comedy Series,2014,21st Annual,,FALSE
Eric Stonestreet,Modern Family,Ensemble In A Comedy Series,2014,21st Annual,,FALSE
Jesse Tyler Ferguson,Modern Family,Ensemble In A Comedy Series,2014,21st Annual,,FALSE
Julie Bowen,Modern Family,Ensemble In A Comedy Series,2014,21st Annual,,FALSE
Nolan Gould,Modern Family,Ensemble In A Comedy Series,2014,21st Annual,,FALSE
Rico Rodriguez,Modern Family,Ensemble In A Comedy Series,2014,21st Annual,,FALSE
Sarah Hyland,Modern Family,Ensemble In A Comedy Series,2014,21st Annual,,FALSE
Sofia Vergara,Modern Family,Ensemble In A Comedy Series,2014,21st Annual,,FALSE
Ty Burrell,Modern Family,Ensemble In A Comedy Series,2014,21st Annual,,FALSE
,Orange Is The New Black,Ensemble In A Comedy Series,2014,21st Annual,,TRUE
Abigail Savage,Orange Is The New Black,Ensemble In A Comedy Series,2014,21st Annual,,TRUE
Adrienne C. Moore,Orange Is The New Black,Ensemble In A Comedy Series,2014,21st Annual,,TRUE
Alysia Reiner,Orange Is The New Black,Ensemble In A Comedy Series,2014,21st Annual,,TRUE
Annie Golden,Orange Is The New Black,Ensemble In A Comedy Series,2014,21st Annual,,TRUE
Barbara Rosenblat,Orange Is The New Black,Ensemble In A Comedy Series,2014,21st Annual,,TRUE
Beth Fowler,Orange Is The New Black,Ensemble In A Comedy Series,2014,21st Annual,,TRUE
Catherine Curtin,Orange Is The New Black,Ensemble In A Comedy Series,2014,21st Annual,,TRUE
Constance Shulman,Orange Is The New Black,Ensemble In A Comedy Series,2014,21st Annual,,TRUE
Dale Soules,Orange Is The New Black,Ensemble In A Comedy Series,2014,21st Annual,,TRUE
Danielle Brooks,Orange Is The New Black,Ensemble In A Comedy Series,2014,21st Annual,,TRUE
Dascha Polanco,Orange Is The New Black,Ensemble In A Comedy Series,2014,21st Annual,,TRUE
Diane Guerrero,Orange Is The New Black,Ensemble In A Comedy Series,2014,21st Annual,,TRUE
Elizabeth Rodriguez,Orange Is The New Black,Ensemble In A Comedy Series,2014,21st Annual,,TRUE
Emma Myles,Orange Is The New Black,Ensemble In A Comedy Series,2014,21st Annual,,TRUE
Germar Terrell Gardner,Orange Is The New Black,Ensemble In A Comedy Series,2014,21st Annual,,TRUE
Jackie Cruz,Orange Is The New Black,Ensemble In A Comedy Series,2014,21st Annual,,TRUE
Jason Biggs,Orange Is The New Black,Ensemble In A Comedy Series,2014,21st Annual,,TRUE
Jessica Pimentel,Orange Is The New Black,Ensemble In A Comedy Series,2014,21st Annual,,TRUE
Joel Marsh Garland,Orange Is The New Black,Ensemble In A Comedy Series,2014,21st Annual,,TRUE
Judith Roberts,Orange Is The New Black,Ensemble In A Comedy Series,2014,21st Annual,,TRUE
Julie Lake,Orange Is The New Black,Ensemble In A Comedy Series,2014,21st Annual,,TRUE
Kate Mulgrew,Orange Is The New Black,Ensemble In A Comedy Series,2014,21st Annual,,TRUE
Kimiko Glenn,Orange Is The New Black,Ensemble In A Comedy Series,2014,21st Annual,,TRUE
Lauren Lapkus,Orange Is The New Black,Ensemble In A Comedy Series,2014,21st Annual,,TRUE
Laverne Cox,Orange Is The New Black,Ensemble In A Comedy Series,2014,21st Annual,,TRUE
Lea Delaria,Orange Is The New Black,Ensemble In A Comedy Series,2014,21st Annual,,TRUE
Lin Tucci,Orange Is The New Black,Ensemble In A Comedy Series,2014,21st Annual,,TRUE
Lorraine Toussaint,Orange Is The New Black,Ensemble In A Comedy Series,2014,21st Annual,,TRUE
Matt Mcgorry,Orange Is The New Black,Ensemble In A Comedy Series,2014,21st Annual,,TRUE
Michael J. Harney,Orange Is The New Black,Ensemble In A Comedy Series,2014,21st Annual,,TRUE
Natasha Lyonne,Orange Is The New Black,Ensemble In A Comedy Series,2014,21st Annual,,TRUE
Nick Sandow,Orange Is The New Black,Ensemble In A Comedy Series,2014,21st Annual,,TRUE
Samira Wiley,Orange Is The New Black,Ensemble In A Comedy Series,2014,21st Annual,,TRUE
Selenis Leyva,Orange Is The New Black,Ensemble In A Comedy Series,2014,21st Annual,,TRUE
Taryn Manning,Orange Is The New Black,Ensemble In A Comedy Series,2014,21st Annual,,TRUE
Taylor Schilling,Orange Is The New Black,Ensemble In A Comedy Series,2014,21st Annual,,TRUE
Uzo Aduba,Orange Is The New Black,Ensemble In A Comedy Series,2014,21st Annual,,TRUE
Vicky Jeudy,Orange Is The New Black,Ensemble In A Comedy Series,2014,21st Annual,,TRUE
Yael Stone,Orange Is The New Black,Ensemble In A Comedy Series,2014,21st Annual,,TRUE
Yvette Freeman,Orange Is The New Black,Ensemble In A Comedy Series,2014,21st Annual,,TRUE
,The Big Bang Theory,Ensemble In A Comedy Series,2014,21st Annual,,FALSE
Jim Parsons,The Big Bang Theory,Ensemble In A Comedy Series,2014,21st Annual,,FALSE
Johnny Galecki,The Big Bang Theory,Ensemble In A Comedy Series,2014,21st Annual,,FALSE
Kaley Cuoco-Sweeting,The Big Bang Theory,Ensemble In A Comedy Series,2014,21st Annual,,FALSE
Kunal Nayyar,The Big Bang Theory,Ensemble In A Comedy Series,2014,21st Annual,,FALSE
Mayim Bialik,The Big Bang Theory,Ensemble In A Comedy Series,2014,21st Annual,,FALSE
Melissa Rauch,The Big Bang Theory,Ensemble In A Comedy Series,2014,21st Annual,,FALSE
Simon Helberg,The Big Bang Theory,Ensemble In A Comedy Series,2014,21st Annual,,FALSE
,Veep,Ensemble In A Comedy Series,2014,21st Annual,,FALSE
Anna Chlumsky,Veep,Ensemble In A Comedy Series,2014,21st Annual,,FALSE
Gary Cole,Veep,Ensemble In A Comedy Series,2014,21st Annual,,FALSE
Julia Louis-Dreyfus,Veep,Ensemble In A Comedy Series,2014,21st Annual,,FALSE
Kevin Dunn,Veep,Ensemble In A Comedy Series,2014,21st Annual,,FALSE
Matt Walsh,Veep,Ensemble In A Comedy Series,2014,21st Annual,,FALSE
Reid Scott,Veep,Ensemble In A Comedy Series,2014,21st Annual,,FALSE
Sufe Bradshaw,Veep,Ensemble In A Comedy Series,2014,21st Annual,,FALSE
Timothy Simons,Veep,Ensemble In A Comedy Series,2014,21st Annual,,FALSE
Tony Hale,Veep,Ensemble In A Comedy Series,2014,21st Annual,,FALSE
,Boardwalk Empire,Ensemble In A Drama Series,2014,21st Annual,,FALSE
Domenick Lombardozzi,Boardwalk Empire,Ensemble In A Drama Series,2014,21st Annual,,FALSE
John Ellison Conlee,Boardwalk Empire,Ensemble In A Drama Series,2014,21st Annual,,FALSE
Louis Cancelmi,Boardwalk Empire,Ensemble In A Drama Series,2014,21st Annual,,FALSE
Michael Countryman,Boardwalk Empire,Ensemble In A Drama Series,2014,21st Annual,,FALSE
Nicholas Calhoun,Boardwalk Empire,Ensemble In A Drama Series,2014,21st Annual,,FALSE
Paul Calderon,Boardwalk Empire,Ensemble In A Drama Series,2014,21st Annual,,FALSE
Stephen Graham,Boardwalk Empire,Ensemble In A Drama Series,2014,21st Annual,,FALSE
Steve Buscemi,Boardwalk Empire,Ensemble In A Drama Series,2014,21st Annual,,FALSE
,Downton Abbey,Ensemble In A Drama Series,2014,21st Annual,,TRUE
Allen Leech,Downton Abbey,Ensemble In A Drama Series,2014,21st Annual,,TRUE
Brendan Coyle,Downton Abbey,Ensemble In A Drama Series,2014,21st Annual,,TRUE
Cara Theobold,Downton Abbey,Ensemble In A Drama Series,2014,21st Annual,,TRUE
David Robb,Downton Abbey,Ensemble In A Drama Series,2014,21st Annual,,TRUE
Ed Speleers,Downton Abbey,Ensemble In A Drama Series,2014,21st Annual,,TRUE
Elizabeth Mcgovern,Downton Abbey,Ensemble In A Drama Series,2014,21st Annual,,TRUE
Hugh Bonneville,Downton Abbey,Ensemble In A Drama Series,2014,21st Annual,,TRUE
Jim Carter,Downton Abbey,Ensemble In A Drama Series,2014,21st Annual,,TRUE
Joanne Froggatt,Downton Abbey,Ensemble In A Drama Series,2014,21st Annual,,TRUE
Kevin Doyle,Downton Abbey,Ensemble In A Drama Series,2014,21st Annual,,TRUE
Laura Carmichael,Downton Abbey,Ensemble In A Drama Series,2014,21st Annual,,TRUE
Lesley Nicol,Downton Abbey,Ensemble In A Drama Series,2014,21st Annual,,TRUE
Lily James,Downton Abbey,Ensemble In A Drama Series,2014,21st Annual,,TRUE
Maggie Smith,Downton Abbey,Ensemble In A Drama Series,2014,21st Annual,,TRUE
Matt Miline,Downton Abbey,Ensemble In A Drama Series,2014,21st Annual,,TRUE
Michael Dockery,Downton Abbey,Ensemble In A Drama Series,2014,21st Annual,,TRUE
Penelope Wilton,Downton Abbey,Ensemble In A Drama Series,2014,21st Annual,,TRUE
Phyllis Logan,Downton Abbey,Ensemble In A Drama Series,2014,21st Annual,,TRUE
Robert James-Collier,Downton Abbey,Ensemble In A Drama Series,2014,21st Annual,,TRUE
Sophie Mcshera,Downton Abbey,Ensemble In A Drama Series,2014,21st Annual,,TRUE
,Game Of Thrones,Ensemble In A Drama Series,2014,21st Annual,,FALSE
Ben Crompton,Game Of Thrones,Ensemble In A Drama Series,2014,21st Annual,,FALSE
Charles Dance,Game Of Thrones,Ensemble In A Drama Series,2014,21st Annual,,FALSE
Conleth Hill,Game Of Thrones,Ensemble In A Drama Series,2014,21st Annual,,FALSE
Daniel Portman,Game Of Thrones,Ensemble In A Drama Series,2014,21st Annual,,FALSE
Dominic Carter,Game Of Thrones,Ensemble In A Drama Series,2014,21st Annual,,FALSE
Emilia Clarke,Game Of Thrones,Ensemble In A Drama Series,2014,21st Annual,,FALSE
Gwendoline Christie,Game Of Thrones,Ensemble In A Drama Series,2014,21st Annual,,FALSE
Iain Glen,Game Of Thrones,Ensemble In A Drama Series,2014,21st Annual,,FALSE
Ian Mcelhinney,Game Of Thrones,Ensemble In A Drama Series,2014,21st Annual,,FALSE
Jacob Anderson,Game Of Thrones,Ensemble In A Drama Series,2014,21st Annual,,FALSE
John Bradley,Game Of Thrones,Ensemble In A Drama Series,2014,21st Annual,,FALSE
Josef Altin,Game Of Thrones,Ensemble In A Drama Series,2014,21st Annual,,FALSE
Julian Glover,Game Of Thrones,Ensemble In A Drama Series,2014,21st Annual,,FALSE
Kit Harington,Game Of Thrones,Ensemble In A Drama Series,2014,21st Annual,,FALSE
Lena Headey,Game Of Thrones,Ensemble In A Drama Series,2014,21st Annual,,FALSE
Maisie Williams,Game Of Thrones,Ensemble In A Drama Series,2014,21st Annual,,FALSE
Mark Stanley,Game Of Thrones,Ensemble In A Drama Series,2014,21st Annual,,FALSE
Natalie Dormer,Game Of Thrones,Ensemble In A Drama Series,2014,21st Annual,,FALSE
Nathalie Emmanuel,Game Of Thrones,Ensemble In A Drama Series,2014,21st Annual,,FALSE
Nikolaj Coster-Waldau,Game Of Thrones,Ensemble In A Drama Series,2014,21st Annual,,FALSE
Pedro Pascal,Game Of Thrones,Ensemble In A Drama Series,2014,21st Annual,,FALSE
Peter Dinklage,Game Of Thrones,Ensemble In A Drama Series,2014,21st Annual,,FALSE
Rory Mccann,Game Of Thrones,Ensemble In A Drama Series,2014,21st Annual,,FALSE
Sophie Turner,Game Of Thrones,Ensemble In A Drama Series,2014,21st Annual,,FALSE
,Homeland,Ensemble In A Drama Series,2014,21st Annual,,FALSE
Claire Danes,Homeland,Ensemble In A Drama Series,2014,21st Annual,,FALSE
Laila Robins,Homeland,Ensemble In A Drama Series,2014,21st Annual,,FALSE
Mandy Patinkin,Homeland,Ensemble In A Drama Series,2014,21st Annual,,FALSE
Mark Moses,Homeland,Ensemble In A Drama Series,2014,21st Annual,,FALSE
Maury Sterling,Homeland,Ensemble In A Drama Series,2014,21st Annual,,FALSE
Michael O'keefe,Homeland,Ensemble In A Drama Series,2014,21st Annual,,FALSE
Nazanin Boniadi,Homeland,Ensemble In A Drama Series,2014,21st Annual,,FALSE
Nimrat Kaur,Homeland,Ensemble In A Drama Series,2014,21st Annual,,FALSE
Numan Acar,Homeland,Ensemble In A Drama Series,2014,21st Annual,,FALSE
Raza Jaffrey,Homeland,Ensemble In A Drama Series,2014,21st Annual,,FALSE
Rupert Friend,Homeland,Ensemble In A Drama Series,2014,21st Annual,,FALSE
Suraj Sharma,Homeland,Ensemble In A Drama Series,2014,21st Annual,,FALSE
Tracy Letts,Homeland,Ensemble In A Drama Series,2014,21st Annual,,FALSE
,House Of Cards,Ensemble In A Drama Series,2014,21st Annual,,FALSE
Derek Cecil,House Of Cards,Ensemble In A Drama Series,2014,21st Annual,,FALSE
Gerald Mcraney,House Of Cards,Ensemble In A Drama Series,2014,21st Annual,,FALSE
Jayne Atkinson,House Of Cards,Ensemble In A Drama Series,2014,21st Annual,,FALSE
Jimmi Simpson,House Of Cards,Ensemble In A Drama Series,2014,21st Annual,,FALSE
Joanna Going,House Of Cards,Ensemble In A Drama Series,2014,21st Annual,,FALSE
Kevin Spacey,House Of Cards,Ensemble In A Drama Series,2014,21st Annual,,FALSE
Mahershala Ali,House Of Cards,Ensemble In A Drama Series,2014,21st Annual,,FALSE
Michael Kelly,House Of Cards,Ensemble In A Drama Series,2014,21st Annual,,FALSE
Michel Gill,House Of Cards,Ensemble In A Drama Series,2014,21st Annual,,FALSE
Molly Parker,House Of Cards,Ensemble In A Drama Series,2014,21st Annual,,FALSE
Mozhan Marno,House Of Cards,Ensemble In A Drama Series,2014,21st Annual,,FALSE
Nathan Darrow,House Of Cards,Ensemble In A Drama Series,2014,21st Annual,,FALSE
Rachel Brosnahan,House Of Cards,Ensemble In A Drama Series,2014,21st Annual,,FALSE
Robin Wright,House Of Cards,Ensemble In A Drama Series,2014,21st Annual,,FALSE
Sakina Jeffrey,House Of Cards,Ensemble In A Drama Series,2014,21st Annual,,FALSE
Julie Bowen,Modern Family,Female In A Comedy Series,2014,21st Annual,,FALSE
Edie Falco,Nurse Jackie,Female In A Comedy Series,2014,21st Annual,,FALSE
Uzo Aduba,Orange Is The New Black,Female In A Comedy Series,2014,21st Annual,,TRUE
Amy Poehler,Parks And Recreation,Female In A Comedy Series,2014,21st Annual,,FALSE
Julia Louis-Dreyfus,Veep,Female In A Comedy Series,2014,21st Annual,,FALSE
Maggie Smith,Downton Abbey,Female In A Drama Series,2014,21st Annual,,FALSE
Claire Danes,Homeland,Female In A Drama Series,2014,21st Annual,,FALSE
Robin Wright,House Of Cards,Female In A Drama Series,2014,21st Annual,,FALSE
Viola Davis,How To Get Away With Murder,Female In A Drama Series,2014,21st Annual,,TRUE
Tatiana Maslany,Orphan Black,Female In A Drama Series,2014,21st Annual,,FALSE
Julianna Margulies,The Good Wife,Female In A Drama Series,2014,21st Annual,,FALSE
Jennifer Aniston,Cake,Female Lead In A Motion Picture,2014,21st Annual,Actress in a Leading Role,FALSE
Rosamund Pike,Gone Girl,Female Lead In A Motion Picture,2014,21st Annual,Actress in a Leading Role,FALSE
Julianne Moore,Still Alice,Female Lead In A Motion Picture,2014,21st Annual,Actress in a Leading Role,TRUE
Felicity Jones,The Theory Of Everything,Female Lead In A Motion Picture,2014,21st Annual,Actress in a Leading Role,FALSE
Reese Witherspoon,Wild,Female Lead In A Motion Picture,2014,21st Annual,Actress in a Leading Role,FALSE
Emma Stone,Birdman,Female Support In A Motion Picture,2014,21st Annual,Actress in a Supporting Role,FALSE
Patricia Arquette,Boyhood,Female Support In A Motion Picture,2014,21st Annual,Actress in a Supporting Role,FALSE
Meryl Streep,Into The Woods,Female Support In A Motion Picture,2014,21st Annual,Actress in a Supporting Role,FALSE
Naomi Watts,St. Vincent,Female Support In A Motion Picture,2014,21st Annual,Actress in a Supporting Role,FALSE
Keira Knightley,The Imitation Game,Female Support In A Motion Picture,2014,21st Annual,Actress in a Supporting Role,FALSE
Ellen Burstyn,Flowers In The Attic,Female In A Television Movie Or Limited Series,2014,21st Annual,,FALSE
Frances Mcdormand,Olive Kitteridge,Female In A Television Movie Or Limited Series,2014,21st Annual,,TRUE
Maggie Gyllenhaal,The Honorable Woman,Female In A Television Movie Or Limited Series,2014,21st Annual,,FALSE
Julia Roberts,The Normal Heart,Female In A Television Movie Or Limited Series,2014,21st Annual,,FALSE
Cicely Tyson,The Trip To Bountiful,Female In A Television Movie Or Limited Series,2014,21st Annual,,FALSE
Debbie Reynolds,N/A,Life Achievement,2014,21st Annual,,TRUE
Louis C.k.,Louie,Male In A Comedy Series,2014,21st Annual,,FALSE
Eric Stonestreet,Modern Family,Male In A Comedy Series,2014,21st Annual,,FALSE
Ty Burrell,Modern Family,Male In A Comedy Series,2014,21st Annual,,FALSE
William H. Macy,Shameless,Male In A Comedy Series,2014,21st Annual,,TRUE
Jim Parsons,The Big Bang Theory,Male In A Comedy Series,2014,21st Annual,,FALSE
Steve Buscemi,Boardwalk Empire,Male In A Drama Series,2014,21st Annual,,FALSE
Peter Dinklage,Game Of Thrones,Male In A Drama Series,2014,21st Annual,,FALSE
Kevin Spacey,House Of Cards,Male In A Drama Series,2014,21st Annual,,TRUE
Matthew Mcconaughey,True Detective,Male In A Drama Series,2014,21st Annual,,FALSE
Woody Harrelson,True Detective,Male In A Drama Series,2014,21st Annual,,FALSE
Michael Keaton,Birdman,Male Lead In A Motion Picture,2014,21st Annual,Actor in a Leading Role,FALSE
Steve Carell,Foxcatcher,Male Lead In A Motion Picture,2014,21st Annual,Actor in a Leading Role,FALSE
Jake Gyllenhaal,Nightcrawler,Male Lead In A Motion Picture,2014,21st Annual,Actor in a Leading Role,FALSE
Benedict Cumberbatch,The Imitation Game,Male Lead In A Motion Picture,2014,21st Annual,Actor in a Leading Role,FALSE
Eddie Redmayne,The Theory Of Everything,Male Lead In A Motion Picture,2014,21st Annual,Actor in a Leading Role,TRUE
Edward Norton,Birdman,Male Support In A Motion Picture,2014,21st Annual,Actor in a Supporting Role,FALSE
Ethan Hawke,Boyhood,Male Support In A Motion Picture,2014,21st Annual,Actor in a Supporting Role,FALSE
Mark Ruffalo,Foxcatcher,Male Support In A Motion Picture,2014,21st Annual,Actor in a Supporting Role,FALSE
Robert Duvall,The Judge,Male Support In A Motion Picture,2014,21st Annual,Actor in a Supporting Role,FALSE
J.k. Simmons,Whiplash,Male Support In A Motion Picture,2014,21st Annual,Actor in a Supporting Role,TRUE
Billy Bob Thornton,Fargo,Male In A Television Movie Or Limited Series,2014,21st Annual,,FALSE
Adrien Brody,Houdini,Male In A Television Movie Or Limited Series,2014,21st Annual,,FALSE
Richard Jenkins,Olive Kitteridge,Male In A Television Movie Or Limited Series,2014,21st Annual,,FALSE
Benedict Cumberbatch,Sherlock: His Last Vow,Male In A Television Movie Or Limited Series,2014,21st Annual,,FALSE
Mark Ruffalo,The Normal Heart,Male In A Television Movie Or Limited Series,2014,21st Annual,,TRUE
,24: Live Another Day,Stunt Ensemble In A Comedy Or Drama Series,2014,21st Annual,,FALSE
,Boardwalk Empire,Stunt Ensemble In A Comedy Or Drama Series,2014,21st Annual,,FALSE
,Game Of Thrones,Stunt Ensemble In A Comedy Or Drama Series,2014,21st Annual,,TRUE
,Homeland,Stunt Ensemble In A Comedy Or Drama Series,2014,21st Annual,,FALSE
,Sons Of Anarchy,Stunt Ensemble In A Comedy Or Drama Series,2014,21st Annual,,FALSE
,The Walking Dead,Stunt Ensemble In A Comedy Or Drama Series,2014,21st Annual,,FALSE
,Fury,Stunt Ensemble In A Motion Picture,2014,21st Annual,,FALSE
,Get On Up,Stunt Ensemble In A Motion Picture,2014,21st Annual,,FALSE
,The Hobbit: The Battle Of The Five Armies,Stunt Ensemble In A Motion Picture,2014,21st Annual,,FALSE
,Unbroken,Stunt Ensemble In A Motion Picture,2014,21st Annual,,TRUE
,Xmen: Days Of Future Past,Stunt Ensemble In A Motion Picture,2014,21st Annual,,FALSE
,12 Years A Slave,Cast In A Motion Picture,2013,20th Annual,,FALSE
Adepero Oduye,12 Years A Slave,Cast In A Motion Picture,2013,20th Annual,,FALSE
Alfre Woodard,12 Years A Slave,Cast In A Motion Picture,2013,20th Annual,,FALSE
Benedict Cumberbatch,12 Years A Slave,Cast In A Motion Picture,2013,20th Annual,,FALSE
Brad Pitt,12 Years A Slave,Cast In A Motion Picture,2013,20th Annual,,FALSE
Chiwetel Ejiofor,12 Years A Slave,Cast In A Motion Picture,2013,20th Annual,,FALSE
Garret Dillahunt,12 Years A Slave,Cast In A Motion Picture,2013,20th Annual,,FALSE
Lupita Nyong'o,12 Years A Slave,Cast In A Motion Picture,2013,20th Annual,,FALSE
Michael Fassbender,12 Years A Slave,Cast In A Motion Picture,2013,20th Annual,,FALSE
Michael Kenneth Williams,12 Years A Slave,Cast In A Motion Picture,2013,20th Annual,,FALSE
Paul Dano,12 Years A Slave,Cast In A Motion Picture,2013,20th Annual,,FALSE
Paul Giamatti,12 Years A Slave,Cast In A Motion Picture,2013,20th Annual,,FALSE
Sarah Paulson,12 Years A Slave,Cast In A Motion Picture,2013,20th Annual,,FALSE
Scoot McNairy,12 Years A Slave,Cast In A Motion Picture,2013,20th Annual,,FALSE
,American Hustle,Cast In A Motion Picture,2013,20th Annual,,TRUE
Alessandro Nivola,American Hustle,Cast In A Motion Picture,2013,20th Annual,,TRUE
Amy Adams,American Hustle,Cast In A Motion Picture,2013,20th Annual,,TRUE
Bradley Cooper,American Hustle,Cast In A Motion Picture,2013,20th Annual,,TRUE
Christian Bale,American Hustle,Cast In A Motion Picture,2013,20th Annual,,TRUE
Elisabeth Röhm,American Hustle,Cast In A Motion Picture,2013,20th Annual,,TRUE
Jack Huston,American Hustle,Cast In A Motion Picture,2013,20th Annual,,TRUE
Jennifer Lawrence,American Hustle,Cast In A Motion Picture,2013,20th Annual,,TRUE
Jeremy Renner,American Hustle,Cast In A Motion Picture,2013,20th Annual,,TRUE
Louis C.k.,American Hustle,Cast In A Motion Picture,2013,20th Annual,,TRUE
Michael Peña,American Hustle,Cast In A Motion Picture,2013,20th Annual,,TRUE
Paul Herman,American Hustle,Cast In A Motion Picture,2013,20th Annual,,TRUE
Robert De Niro,American Hustle,Cast In A Motion Picture,2013,20th Annual,,TRUE
Shea Whigham,American Hustle,Cast In A Motion Picture,2013,20th Annual,,TRUE
,August: Osage County,Cast In A Motion Picture,2013,20th Annual,,FALSE
Abigail Breslin,August: Osage County,Cast In A Motion Picture,2013,20th Annual,,FALSE
Benedict Cumberbatch,August: Osage County,Cast In A Motion Picture,2013,20th Annual,,FALSE
Chris Cooper,August: Osage County,Cast In A Motion Picture,2013,20th Annual,,FALSE
Dermot Mulroney,August: Osage County,Cast In A Motion Picture,2013,20th Annual,,FALSE
Ewan Mcgregor,August: Osage County,Cast In A Motion Picture,2013,20th Annual,,FALSE
Julia Roberts,August: Osage County,Cast In A Motion Picture,2013,20th Annual,,FALSE
Julianne Nicholson,August: Osage County,Cast In A Motion Picture,2013,20th Annual,,FALSE
Juliette Lewis,August: Osage County,Cast In A Motion Picture,2013,20th Annual,,FALSE
Margo Martindale,August: Osage County,Cast In A Motion Picture,2013,20th Annual,,FALSE
Meryl Streep,August: Osage County,Cast In A Motion Picture,2013,20th Annual,,FALSE
Misty Upham,August: Osage County,Cast In A Motion Picture,2013,20th Annual,,FALSE
Sam Shepard,August: Osage County,Cast In A Motion Picture,2013,20th Annual,,FALSE
,Dallas Buyers Club,Cast In A Motion Picture,2013,20th Annual,,FALSE
Dallas Roberts,Dallas Buyers Club,Cast In A Motion Picture,2013,20th Annual,,FALSE
Denis O'hare,Dallas Buyers Club,Cast In A Motion Picture,2013,20th Annual,,FALSE
Jared Leto,Dallas Buyers Club,Cast In A Motion Picture,2013,20th Annual,,FALSE
Jennifer Garner,Dallas Buyers Club,Cast In A Motion Picture,2013,20th Annual,,FALSE
Matthew Mcconaughey,Dallas Buyers Club,Cast In A Motion Picture,2013,20th Annual,,FALSE
Steve Zahn,Dallas Buyers Club,Cast In A Motion Picture,2013,20th Annual,,FALSE
,Lee Daniels' The Butler,Cast In A Motion Picture,2013,20th Annual,,FALSE
Alan Rickman,Lee Daniels' The Butler,Cast In A Motion Picture,2013,20th Annual,,FALSE
Alex Pettyfer,Lee Daniels' The Butler,Cast In A Motion Picture,2013,20th Annual,,FALSE
"Cuba Gooding, Jr.",Lee Daniels' The Butler,Cast In A Motion Picture,2013,20th Annual,,FALSE
David Oyelowo,Lee Daniels' The Butler,Cast In A Motion Picture,2013,20th Annual,,FALSE
Forest Whitaker,Lee Daniels' The Butler,Cast In A Motion Picture,2013,20th Annual,,FALSE
James Marsden,Lee Daniels' The Butler,Cast In A Motion Picture,2013,20th Annual,,FALSE
Jane Fonda,Lee Daniels' The Butler,Cast In A Motion Picture,2013,20th Annual,,FALSE
John Cusack,Lee Daniels' The Butler,Cast In A Motion Picture,2013,20th Annual,,FALSE
Lenny Kravitz,Lee Daniels' The Butler,Cast In A Motion Picture,2013,20th Annual,,FALSE
Liev Schreiber,Lee Daniels' The Butler,Cast In A Motion Picture,2013,20th Annual,,FALSE
Mariah Carey,Lee Daniels' The Butler,Cast In A Motion Picture,2013,20th Annual,,FALSE
Oprah Winfrey,Lee Daniels' The Butler,Cast In A Motion Picture,2013,20th Annual,,FALSE
Robin Williams,Lee Daniels' The Butler,Cast In A Motion Picture,2013,20th Annual,,FALSE
Terrence Howard,Lee Daniels' The Butler,Cast In A Motion Picture,2013,20th Annual,,FALSE
Vanessa Redgrave,Lee Daniels' The Butler,Cast In A Motion Picture,2013,20th Annual,,FALSE
,30 Rock,Ensemble In A Comedy Series,2013,20th Annual,,FALSE
Alec Baldwin,30 Rock,Ensemble In A Comedy Series,2013,20th Annual,,FALSE
Grizz Chapman,30 Rock,Ensemble In A Comedy Series,2013,20th Annual,,FALSE
J Frank Rossitano,30 Rock,Ensemble In A Comedy Series,2013,20th Annual,,FALSE
Jack Mcbrayer,30 Rock,Ensemble In A Comedy Series,2013,20th Annual,,FALSE
James Marsden,30 Rock,Ensemble In A Comedy Series,2013,20th Annual,,FALSE
Jane Krakowski,30 Rock,Ensemble In A Comedy Series,2013,20th Annual,,FALSE
Judah Friedlander,30 Rock,Ensemble In A Comedy Series,2013,20th Annual,,FALSE
Katrina Bowden,30 Rock,Ensemble In A Comedy Series,2013,20th Annual,,FALSE
Keith Powell,30 Rock,Ensemble In A Comedy Series,2013,20th Annual,,FALSE
Kevin Brown,30 Rock,Ensemble In A Comedy Series,2013,20th Annual,,FALSE
Scott Adsit,30 Rock,Ensemble In A Comedy Series,2013,20th Annual,,FALSE
Tina Fey,30 Rock,Ensemble In A Comedy Series,2013,20th Annual,,FALSE
Tracy Morgan,30 Rock,Ensemble In A Comedy Series,2013,20th Annual,,FALSE
,Arrested Development,Ensemble In A Comedy Series,2013,20th Annual,,FALSE
Alia Shawkat,Arrested Development,Ensemble In A Comedy Series,2013,20th Annual,,FALSE
David Cross,Arrested Development,Ensemble In A Comedy Series,2013,20th Annual,,FALSE
Henry Winkler,Arrested Development,Ensemble In A Comedy Series,2013,20th Annual,,FALSE
Isla Fisher,Arrested Development,Ensemble In A Comedy Series,2013,20th Annual,,FALSE
Jason Bateman,Arrested Development,Ensemble In A Comedy Series,2013,20th Annual,,FALSE
Jeffrey Tambor,Arrested Development,Ensemble In A Comedy Series,2013,20th Annual,,FALSE
Jessica Walter,Arrested Development,Ensemble In A Comedy Series,2013,20th Annual,,FALSE
John Beard,Arrested Development,Ensemble In A Comedy Series,2013,20th Annual,,FALSE
Liza Minnelli,Arrested Development,Ensemble In A Comedy Series,2013,20th Annual,,FALSE
Michael Cera,Arrested Development,Ensemble In A Comedy Series,2013,20th Annual,,FALSE
Portia De Rossi,Arrested Development,Ensemble In A Comedy Series,2013,20th Annual,,FALSE
Ron Howard,Arrested Development,Ensemble In A Comedy Series,2013,20th Annual,,FALSE
Tony Hale,Arrested Development,Ensemble In A Comedy Series,2013,20th Annual,,FALSE
Will Arnett,Arrested Development,Ensemble In A Comedy Series,2013,20th Annual,,FALSE
,Modern Family,Ensemble In A Comedy Series,2013,20th Annual,,TRUE
Ariel Winter,Modern Family,Ensemble In A Comedy Series,2013,20th Annual,,TRUE
Aubrey Anderson Emmons,Modern Family,Ensemble In A Comedy Series,2013,20th Annual,,TRUE
Ed O'neill,Modern Family,Ensemble In A Comedy Series,2013,20th Annual,,TRUE
Eric Stonestreet,Modern Family,Ensemble In A Comedy Series,2013,20th Annual,,TRUE
Jesse Tyler Ferguson,Modern Family,Ensemble In A Comedy Series,2013,20th Annual,,TRUE
Julie Bowen,Modern Family,Ensemble In A Comedy Series,2013,20th Annual,,TRUE
Nolan Gould,Modern Family,Ensemble In A Comedy Series,2013,20th Annual,,TRUE
Rico Rodriguez,Modern Family,Ensemble In A Comedy Series,2013,20th Annual,,TRUE
Sarah Hyland,Modern Family,Ensemble In A Comedy Series,2013,20th Annual,,TRUE
Sofia Vergara,Modern Family,Ensemble In A Comedy Series,2013,20th Annual,,TRUE
Ty Burrell,Modern Family,Ensemble In A Comedy Series,2013,20th Annual,,TRUE
,The Big Bang Theory,Ensemble In A Comedy Series,2013,20th Annual,,FALSE
Jim Parsons,The Big Bang Theory,Ensemble In A Comedy Series,2013,20th Annual,,FALSE
Johnny Galecki,The Big Bang Theory,Ensemble In A Comedy Series,2013,20th Annual,,FALSE
Kaley Cuoco,The Big Bang Theory,Ensemble In A Comedy Series,2013,20th Annual,,FALSE
Kunal Nayyar,The Big Bang Theory,Ensemble In A Comedy Series,2013,20th Annual,,FALSE
Mayim Bialik,The Big Bang Theory,Ensemble In A Comedy Series,2013,20th Annual,,FALSE
Melissa Rauch,The Big Bang Theory,Ensemble In A Comedy Series,2013,20th Annual,,FALSE
Simon Helberg,The Big Bang Theory,Ensemble In A Comedy Series,2013,20th Annual,,FALSE
,Veep,Ensemble In A Comedy Series,2013,20th Annual,,FALSE
Anna Chlumsky,Veep,Ensemble In A Comedy Series,2013,20th Annual,,FALSE
Gary Cole,Veep,Ensemble In A Comedy Series,2013,20th Annual,,FALSE
Julia Louis-Dreyfus,Veep,Ensemble In A Comedy Series,2013,20th Annual,,FALSE
Kevin Dunn,Veep,Ensemble In A Comedy Series,2013,20th Annual,,FALSE
Matt Walsh,Veep,Ensemble In A Comedy Series,2013,20th Annual,,FALSE
Reid Scott,Veep,Ensemble In A Comedy Series,2013,20th Annual,,FALSE
Sufe Bradshaw,Veep,Ensemble In A Comedy Series,2013,20th Annual,,FALSE
Timothy Simons,Veep,Ensemble In A Comedy Series,2013,20th Annual,,FALSE
Tony Hale,Veep,Ensemble In A Comedy Series,2013,20th Annual,,FALSE
,Boardwalk Empire,Ensemble In A Drama Series,2013,20th Annual,,FALSE
Ben Rosenfield,Boardwalk Empire,Ensemble In A Drama Series,2013,20th Annual,,FALSE
Brian Geraghty,Boardwalk Empire,Ensemble In A Drama Series,2013,20th Annual,,FALSE
Domenick Lombardozzi,Boardwalk Empire,Ensemble In A Drama Series,2013,20th Annual,,FALSE
Erik La Ray Harvey,Boardwalk Empire,Ensemble In A Drama Series,2013,20th Annual,,FALSE
Gretchen Mol,Boardwalk Empire,Ensemble In A Drama Series,2013,20th Annual,,FALSE
Jack Huston,Boardwalk Empire,Ensemble In A Drama Series,2013,20th Annual,,FALSE
Jacob Ware,Boardwalk Empire,Ensemble In A Drama Series,2013,20th Annual,,FALSE
Jeffrey Wright,Boardwalk Empire,Ensemble In A Drama Series,2013,20th Annual,,FALSE
Margot Bingham,Boardwalk Empire,Ensemble In A Drama Series,2013,20th Annual,,FALSE
Michael Kenneth Williams,Boardwalk Empire,Ensemble In A Drama Series,2013,20th Annual,,FALSE
Michael Stuhlbarg,Boardwalk Empire,Ensemble In A Drama Series,2013,20th Annual,,FALSE
Nisi Sturgis,Boardwalk Empire,Ensemble In A Drama Series,2013,20th Annual,,FALSE
Patricia Arquette,Boardwalk Empire,Ensemble In A Drama Series,2013,20th Annual,,FALSE
Paul Sparks,Boardwalk Empire,Ensemble In A Drama Series,2013,20th Annual,,FALSE
Ron Livingston,Boardwalk Empire,Ensemble In A Drama Series,2013,20th Annual,,FALSE
Shea Whigham,Boardwalk Empire,Ensemble In A Drama Series,2013,20th Annual,,FALSE
Stephen Graham,Boardwalk Empire,Ensemble In A Drama Series,2013,20th Annual,,FALSE
Steve Buscemi,Boardwalk Empire,Ensemble In A Drama Series,2013,20th Annual,,FALSE
,Breaking Bad,Ensemble In A Drama Series,2013,20th Annual,,TRUE
Aaron Paul,Breaking Bad,Ensemble In A Drama Series,2013,20th Annual,,TRUE
Anna Gunn,Breaking Bad,Ensemble In A Drama Series,2013,20th Annual,,TRUE
Betsy Brandt,Breaking Bad,Ensemble In A Drama Series,2013,20th Annual,,TRUE
Bob Odenkirk,Breaking Bad,Ensemble In A Drama Series,2013,20th Annual,,TRUE
Bryan Cranston,Breaking Bad,Ensemble In A Drama Series,2013,20th Annual,,TRUE
Dean Norris,Breaking Bad,Ensemble In A Drama Series,2013,20th Annual,,TRUE
Jesse Plemons,Breaking Bad,Ensemble In A Drama Series,2013,20th Annual,,TRUE
Kevin Rankin,Breaking Bad,Ensemble In A Drama Series,2013,20th Annual,,TRUE
Laura Fraser,Breaking Bad,Ensemble In A Drama Series,2013,20th Annual,,TRUE
Lavell Crawford,Breaking Bad,Ensemble In A Drama Series,2013,20th Annual,,TRUE
Matthew T. Metzler,Breaking Bad,Ensemble In A Drama Series,2013,20th Annual,,TRUE
Michael Bowen,Breaking Bad,Ensemble In A Drama Series,2013,20th Annual,,TRUE
Patrick Sane,Breaking Bad,Ensemble In A Drama Series,2013,20th Annual,,TRUE
Rj Mitte,Breaking Bad,Ensemble In A Drama Series,2013,20th Annual,,TRUE
Steven Michael Quezada,Breaking Bad,Ensemble In A Drama Series,2013,20th Annual,,TRUE
Tait Fletcher,Breaking Bad,Ensemble In A Drama Series,2013,20th Annual,,TRUE
,Downton Abbey,Ensemble In A Drama Series,2013,20th Annual,,FALSE
Allen Leech,Downton Abbey,Ensemble In A Drama Series,2013,20th Annual,,FALSE
Amy Nuttall,Downton Abbey,Ensemble In A Drama Series,2013,20th Annual,,FALSE
Brendan Coyle,Downton Abbey,Ensemble In A Drama Series,2013,20th Annual,,FALSE
Cara Theobold,Downton Abbey,Ensemble In A Drama Series,2013,20th Annual,,FALSE
Dan Stevens,Downton Abbey,Ensemble In A Drama Series,2013,20th Annual,,FALSE
David Robb,Downton Abbey,Ensemble In A Drama Series,2013,20th Annual,,FALSE
Ed Speleers,Downton Abbey,Ensemble In A Drama Series,2013,20th Annual,,FALSE
Elizabeth Mcgovern,Downton Abbey,Ensemble In A Drama Series,2013,20th Annual,,FALSE
Hugh Bonneville,Downton Abbey,Ensemble In A Drama Series,2013,20th Annual,,FALSE
Jessica Brown Findlay,Downton Abbey,Ensemble In A Drama Series,2013,20th Annual,,FALSE
Jim Carter,Downton Abbey,Ensemble In A Drama Series,2013,20th Annual,,FALSE
Joanne Froggatt,Downton Abbey,Ensemble In A Drama Series,2013,20th Annual,,FALSE
Kevin Doyle,Downton Abbey,Ensemble In A Drama Series,2013,20th Annual,,FALSE
Laura Carmichael,Downton Abbey,Ensemble In A Drama Series,2013,20th Annual,,FALSE
Lesley Nicol,Downton Abbey,Ensemble In A Drama Series,2013,20th Annual,,FALSE
Maggie Smith,Downton Abbey,Ensemble In A Drama Series,2013,20th Annual,,FALSE
Matt Milne,Downton Abbey,Ensemble In A Drama Series,2013,20th Annual,,FALSE
Michelle Dockery,Downton Abbey,Ensemble In A Drama Series,2013,20th Annual,,FALSE
Penelope Wilton,Downton Abbey,Ensemble In A Drama Series,2013,20th Annual,,FALSE
Phyllis Logan,Downton Abbey,Ensemble In A Drama Series,2013,20th Annual,,FALSE
Rob James-Collier,Downton Abbey,Ensemble In A Drama Series,2013,20th Annual,,FALSE
Siobhan Finneran,Downton Abbey,Ensemble In A Drama Series,2013,20th Annual,,FALSE
Sophie Mcshera,Downton Abbey,Ensemble In A Drama Series,2013,20th Annual,,FALSE
,Game Of Thrones,Ensemble In A Drama Series,2013,20th Annual,,FALSE
Alfie Allen,Game Of Thrones,Ensemble In A Drama Series,2013,20th Annual,,FALSE
Carice Van Houten,Game Of Thrones,Ensemble In A Drama Series,2013,20th Annual,,FALSE
Charles Dance,Game Of Thrones,Ensemble In A Drama Series,2013,20th Annual,,FALSE
Emilia Clarke,Game Of Thrones,Ensemble In A Drama Series,2013,20th Annual,,FALSE
Gwendoline Christie,Game Of Thrones,Ensemble In A Drama Series,2013,20th Annual,,FALSE
Hannah Murray,Game Of Thrones,Ensemble In A Drama Series,2013,20th Annual,,FALSE
Iain Glen,Game Of Thrones,Ensemble In A Drama Series,2013,20th Annual,,FALSE
Ian Mcelhinney,Game Of Thrones,Ensemble In A Drama Series,2013,20th Annual,,FALSE
Isaac Hempstead Wright,Game Of Thrones,Ensemble In A Drama Series,2013,20th Annual,,FALSE
Iwan Rheon,Game Of Thrones,Ensemble In A Drama Series,2013,20th Annual,,FALSE
Jack Gleeson,Game Of Thrones,Ensemble In A Drama Series,2013,20th Annual,,FALSE
Joe Dempsie,Game Of Thrones,Ensemble In A Drama Series,2013,20th Annual,,FALSE
John Bradley,Game Of Thrones,Ensemble In A Drama Series,2013,20th Annual,,FALSE
Kit Harington,Game Of Thrones,Ensemble In A Drama Series,2013,20th Annual,,FALSE
Kristofer Hivju,Game Of Thrones,Ensemble In A Drama Series,2013,20th Annual,,FALSE
Lena Headey,Game Of Thrones,Ensemble In A Drama Series,2013,20th Annual,,FALSE
Mackenzie Crook,Game Of Thrones,Ensemble In A Drama Series,2013,20th Annual,,FALSE
Maisie Williams,Game Of Thrones,Ensemble In A Drama Series,2013,20th Annual,,FALSE
Michael Mcelhatton,Game Of Thrones,Ensemble In A Drama Series,2013,20th Annual,,FALSE
Michelle Fairley,Game Of Thrones,Ensemble In A Drama Series,2013,20th Annual,,FALSE
Natalie Dormer,Game Of Thrones,Ensemble In A Drama Series,2013,20th Annual,,FALSE
Nathalie Emmanuel,Game Of Thrones,Ensemble In A Drama Series,2013,20th Annual,,FALSE
Nikolaj Coster-Waldau,Game Of Thrones,Ensemble In A Drama Series,2013,20th Annual,,FALSE
Oona Chaplin,Game Of Thrones,Ensemble In A Drama Series,2013,20th Annual,,FALSE
Paul Kaye,Game Of Thrones,Ensemble In A Drama Series,2013,20th Annual,,FALSE
Peter Dinklage,Game Of Thrones,Ensemble In A Drama Series,2013,20th Annual,,FALSE
Philip Mcginley,Game Of Thrones,Ensemble In A Drama Series,2013,20th Annual,,FALSE
Richard Madden,Game Of Thrones,Ensemble In A Drama Series,2013,20th Annual,,FALSE
Rory Mccann,Game Of Thrones,Ensemble In A Drama Series,2013,20th Annual,,FALSE
Rose Leslie,Game Of Thrones,Ensemble In A Drama Series,2013,20th Annual,,FALSE
Sibel Kekilli,Game Of Thrones,Ensemble In A Drama Series,2013,20th Annual,,FALSE
Sophie Turner,Game Of Thrones,Ensemble In A Drama Series,2013,20th Annual,,FALSE
,Homeland,Ensemble In A Drama Series,2013,20th Annual,,FALSE
Claire Danes,Homeland,Ensemble In A Drama Series,2013,20th Annual,,FALSE
Damian Lewis,Homeland,Ensemble In A Drama Series,2013,20th Annual,,FALSE
F. Murray Abraham,Homeland,Ensemble In A Drama Series,2013,20th Annual,,FALSE
Mandy Patinkin,Homeland,Ensemble In A Drama Series,2013,20th Annual,,FALSE
Morgan Saylor,Homeland,Ensemble In A Drama Series,2013,20th Annual,,FALSE
Rupert Friend,Homeland,Ensemble In A Drama Series,2013,20th Annual,,FALSE
Sarita Choudhury,Homeland,Ensemble In A Drama Series,2013,20th Annual,,FALSE
Tracy Letts,Homeland,Ensemble In A Drama Series,2013,20th Annual,,FALSE
Tina Fey,30 Rock,Female In A Comedy Series,2013,20th Annual,,FALSE
Julie Bowen,Modern Family,Female In A Comedy Series,2013,20th Annual,,FALSE
Edie Falco,Nurse Jackie,Female In A Comedy Series,2013,20th Annual,,FALSE
Mayim Bialik,The Big Bang Theory,Female In A Comedy Series,2013,20th Annual,,FALSE
Julia Louis-Dreyfus,Veep,Female In A Comedy Series,2013,20th Annual,,TRUE
Jessica Lange,American Horror Story Coven,Female In A Drama Series,2013,20th Annual,,FALSE
Anna Gunn,Breaking Bad,Female In A Drama Series,2013,20th Annual,,FALSE
Maggie Smith,Downton Abbey,Female In A Drama Series,2013,20th Annual,,TRUE
Claire Danes,Homeland,Female In A Drama Series,2013,20th Annual,,FALSE
Kerry Washington,Scandal,Female In A Drama Series,2013,20th Annual,,FALSE
Meryl Streep,August Osage County,Female Lead In A Motion Picture,2013,20th Annual,Actress in a Leading Role,FALSE
Cate Blanchett,Blue Jasmine,Female Lead In A Motion Picture,2013,20th Annual,Actress in a Leading Role,TRUE
Sandra Bullock,Gravity,Female Lead In A Motion Picture,2013,20th Annual,Actress in a Leading Role,FALSE
Judi Dench,Philomena,Female Lead In A Motion Picture,2013,20th Annual,Actress in a Leading Role,FALSE
Emma Thompson,Saving Mr. Banks,Female Lead In A Motion Picture,2013,20th Annual,Actress in a Leading Role,FALSE
Lupita Nyong'o,12 Years A Slave,Female Support In A Motion Picture,2013,20th Annual,Actress in a Supporting Role,TRUE
Jennifer Lawrence,American Husle,Female Support In A Motion Picture,2013,20th Annual,Actress in a Supporting Role,FALSE
Julia Roberts,August Osage County,Female Support In A Motion Picture,2013,20th Annual,Actress in a Supporting Role,FALSE
Oprah Winfrey,Lee Daniels' The Butler,Female Support In A Motion Picture,2013,20th Annual,Actress in a Supporting Role,FALSE
June Squibb,Nebraska,Female Support In A Motion Picture,2013,20th Annual,Actress in a Supporting Role,FALSE
Angela Bassett,Betty & Coretta,Female In A Television Movie Or Limited Series,2013,20th Annual,,FALSE
Helena Bonham Carter,Burton And Taylor,Female In A Television Movie Or Limited Series,2013,20th Annual,,FALSE
Helen Mirren,Phil Spector,Female In A Television Movie Or Limited Series,2013,20th Annual,,TRUE
Elisabeth Moss,Top Of The Lake,Female In A Television Movie Or Limited Series,2013,20th Annual,,FALSE
Holly Hunter,Top Of The Lake,Female In A Television Movie Or Limited Series,2013,20th Annual,,FALSE
Rita Moreno,N/A,Life Achievement,2013,20th Annual,,TRUE
Alec Baldwin,30 Rock,Male In A Comedy Series,2013,20th Annual,,FALSE
Jason Bateman,Arrested Development,Male In A Comedy Series,2013,20th Annual,,FALSE
Don Cheadle,House Of Lies,Male In A Comedy Series,2013,20th Annual,,FALSE
Ty Burrell,Modern Family,Male In A Comedy Series,2013,20th Annual,,TRUE
Jim Parsons,The Big Bang Theory,Male In A Comedy Series,2013,20th Annual,,FALSE
Steve Buscemi,Boardwalk Empire,Male In A Drama Series,2013,20th Annual,,FALSE
Bryan Cranston,Breaking Bad,Male In A Drama Series,2013,20th Annual,,TRUE
Peter Dinklage,Game Of Thrones,Male In A Drama Series,2013,20th Annual,,FALSE
Kevin Spacey,House Of Cards,Male In A Drama Series,2013,20th Annual,,FALSE
Jeff Daniels,The Newsroom,Male In A Drama Series,2013,20th Annual,,FALSE
Chiwetel Ejiofor,12 Years A Slave,Male Lead In A Motion Picture,2013,20th Annual,Actor in a Leading Role,FALSE
Tom Hanks,Captain Phillips,Male Lead In A Motion Picture,2013,20th Annual,Actor in a Leading Role,FALSE
Matthew Mcconaughey,Dallas Buyers Club,Male Lead In A Motion Picture,2013,20th Annual,Actor in a Leading Role,TRUE
Forest Whitaker,Lee Daniels' The Butler,Male Lead In A Motion Picture,2013,20th Annual,Actor in a Leading Role,FALSE
Bruce Dern,Nebraska,Male Lead In A Motion Picture,2013,20th Annual,Actor in a Leading Role,FALSE
Michael Fassbender,12 Years A Slave,Male Support In A Motion Picture,2013,20th Annual,Actor in a Supporting Role,FALSE
Barkhad Abdi,Captain Phillips,Male Support In A Motion Picture,2013,20th Annual,Actor in a Supporting Role,FALSE
Jared Leto,Dallas Buyers Club,Male Support In A Motion Picture,2013,20th Annual,Actor in a Supporting Role,TRUE
James Gandolfini,Enough Said,Male Support In A Motion Picture,2013,20th Annual,Actor in a Supporting Role,FALSE
Daniel Brühl,Rush,Male Support In A Motion Picture,2013,20th Annual,Actor in a Supporting Role,FALSE
Matt Damon,Behind The Candelabra,Male In A Television Movie Or Limited Series,2013,20th Annual,,FALSE
Michael Douglas,Behind The Candelabra,Male In A Television Movie Or Limited Series,2013,20th Annual,,TRUE
Rob Lowe,Killing Kennedy,Male In A Television Movie Or Limited Series,2013,20th Annual,,FALSE
Al Pacino,Phil Spector,Male In A Television Movie Or Limited Series,2013,20th Annual,,FALSE
Jeremy Irons,The Hollow Crown,Male In A Television Movie Or Limited Series,2013,20th Annual,,FALSE
,All Is Lost,Stunt Ensemble In A Motion Picture,2013,20th Annual,,FALSE
,Fast & Furious 6,Stunt Ensemble In A Motion Picture,2013,20th Annual,,FALSE
,Lone Survivor,Stunt Ensemble In A Motion Picture,2013,20th Annual,,TRUE
,Rush,Stunt Ensemble In A Motion Picture,2013,20th Annual,,FALSE
,The Wolverine,Stunt Ensemble In A Motion Picture,2013,20th Annual,,FALSE
,Boardwalk Empire,Stunt Ensemble In A Television Series,2013,20th Annual,,FALSE
,Game Of Thrones,Stunt Ensemble In A Television Series,2013,20th Annual,,TRUE
,Homeland,Stunt Ensemble In A Television Series,2013,20th Annual,,FALSE
,The Walking Dead,Stunt Ensemble In A Television Series,2013,20th Annual,,FALSE
,Argo,Cast In A Motion Picture,2012,19th Annual,,TRUE
Alan Arkin,Argo,Cast In A Motion Picture,2012,19th Annual,,TRUE
Ben Affleck,Argo,Cast In A Motion Picture,2012,19th Annual,,TRUE
Bryan Cranston,Argo,Cast In A Motion Picture,2012,19th Annual,,TRUE
Chris Messina,Argo,Cast In A Motion Picture,2012,19th Annual,,TRUE
Christopher Denham,Argo,Cast In A Motion Picture,2012,19th Annual,,TRUE
Clea Duvall,Argo,Cast In A Motion Picture,2012,19th Annual,,TRUE
John Goodman,Argo,Cast In A Motion Picture,2012,19th Annual,,TRUE
Kerry Bishé,Argo,Cast In A Motion Picture,2012,19th Annual,,TRUE
Kyle Chandler,Argo,Cast In A Motion Picture,2012,19th Annual,,TRUE
Rory Cochrane,Argo,Cast In A Motion Picture,2012,19th Annual,,TRUE
Scoot McNairy,Argo,Cast In A Motion Picture,2012,19th Annual,,TRUE
Tate Donovan,Argo,Cast In A Motion Picture,2012,19th Annual,,TRUE
Victor Garber,Argo,Cast In A Motion Picture,2012,19th Annual,,TRUE
,Les Misérables,Cast In A Motion Picture,2012,19th Annual,,FALSE
Aaron Tveit,Les Misérables,Cast In A Motion Picture,2012,19th Annual,,FALSE
Amanda Seyfried,Les Misérables,Cast In A Motion Picture,2012,19th Annual,,FALSE
Anne Hathaway,Les Misérables,Cast In A Motion Picture,2012,19th Annual,,FALSE
Colm Wilkinson,Les Misérables,Cast In A Motion Picture,2012,19th Annual,,FALSE
Daniel Huttlestone,Les Misérables,Cast In A Motion Picture,2012,19th Annual,,FALSE
Eddie Redmayne,Les Misérables,Cast In A Motion Picture,2012,19th Annual,,FALSE
Helena Bonham Carter,Les Misérables,Cast In A Motion Picture,2012,19th Annual,,FALSE
Hugh Jackman,Les Misérables,Cast In A Motion Picture,2012,19th Annual,,FALSE
Isabelle Allen,Les Misérables,Cast In A Motion Picture,2012,19th Annual,,FALSE
Russell Crowe,Les Misérables,Cast In A Motion Picture,2012,19th Annual,,FALSE
Sacha Baron Cohen,Les Misérables,Cast In A Motion Picture,2012,19th Annual,,FALSE
Samantha Barks,Les Misérables,Cast In A Motion Picture,2012,19th Annual,,FALSE
,Lincoln,Cast In A Motion Picture,2012,19th Annual,,FALSE
Daniel Day-Lewis,Lincoln,Cast In A Motion Picture,2012,19th Annual,,FALSE
David Strathairn,Lincoln,Cast In A Motion Picture,2012,19th Annual,,FALSE
Hal Holbrook,Lincoln,Cast In A Motion Picture,2012,19th Annual,,FALSE
James Spader,Lincoln,Cast In A Motion Picture,2012,19th Annual,,FALSE
Joseph Gordon-Levitt,Lincoln,Cast In A Motion Picture,2012,19th Annual,,FALSE
Sally Field,Lincoln,Cast In A Motion Picture,2012,19th Annual,,FALSE
Tommy Lee Jones,Lincoln,Cast In A Motion Picture,2012,19th Annual,,FALSE
,Silver Linings Playbook,Cast In A Motion Picture,2012,19th Annual,,FALSE
Anupam Kher,Silver Linings Playbook,Cast In A Motion Picture,2012,19th Annual,,FALSE
Bradley Cooper,Silver Linings Playbook,Cast In A Motion Picture,2012,19th Annual,,FALSE
Chris Tucker,Silver Linings Playbook,Cast In A Motion Picture,2012,19th Annual,,FALSE
Jacki Weaver,Silver Linings Playbook,Cast In A Motion Picture,2012,19th Annual,,FALSE
Jennifer Lawrence,Silver Linings Playbook,Cast In A Motion Picture,2012,19th Annual,,FALSE
Robert De Niro,Silver Linings Playbook,Cast In A Motion Picture,2012,19th Annual,,FALSE
,The Best Exotic Marigold Hotel,Cast In A Motion Picture,2012,19th Annual,,FALSE
Bill Nighy,The Best Exotic Marigold Hotel,Cast In A Motion Picture,2012,19th Annual,,FALSE
Celia Imrie,The Best Exotic Marigold Hotel,Cast In A Motion Picture,2012,19th Annual,,FALSE
Dev Patel,The Best Exotic Marigold Hotel,Cast In A Motion Picture,2012,19th Annual,,FALSE
Judi Dench,The Best Exotic Marigold Hotel,Cast In A Motion Picture,2012,19th Annual,,FALSE
Maggie Smith,The Best Exotic Marigold Hotel,Cast In A Motion Picture,2012,19th Annual,,FALSE
Penelope Wilton,The Best Exotic Marigold Hotel,Cast In A Motion Picture,2012,19th Annual,,FALSE
Ronald Pickup,The Best Exotic Marigold Hotel,Cast In A Motion Picture,2012,19th Annual,,FALSE
Tom Wilkinson,The Best Exotic Marigold Hotel,Cast In A Motion Picture,2012,19th Annual,,FALSE
Alec Baldwin,30 Rock,Ensemble In A Comedy Series,2012,19th Annual,,FALSE
Jack Mcbrayer,30 Rock,Ensemble In A Comedy Series,2012,19th Annual,,FALSE
Jane Krakowski,30 Rock,Ensemble In A Comedy Series,2012,19th Annual,,FALSE
Judah Friedlander,30 Rock,Ensemble In A Comedy Series,2012,19th Annual,,FALSE
Scott Adsit,30 Rock,Ensemble In A Comedy Series,2012,19th Annual,,FALSE
Tina Fey,30 Rock,Ensemble In A Comedy Series,2012,19th Annual,,FALSE
Tracy Morgan,30 Rock,Ensemble In A Comedy Series,2012,19th Annual,,FALSE
Alex Newell,Glee,Ensemble In A Comedy Series,2012,19th Annual,,FALSE
Amber Riley,Glee,Ensemble In A Comedy Series,2012,19th Annual,,FALSE
Chord Overstreet,Glee,Ensemble In A Comedy Series,2012,19th Annual,,FALSE
Chris Colfer,Glee,Ensemble In A Comedy Series,2012,19th Annual,,FALSE
Cory Monteith,Glee,Ensemble In A Comedy Series,2012,19th Annual,,FALSE
Darren Criss,Glee,Ensemble In A Comedy Series,2012,19th Annual,,FALSE
Dianna Agron,Glee,Ensemble In A Comedy Series,2012,19th Annual,,FALSE
"Harry Shum, Jr.",Glee,Ensemble In A Comedy Series,2012,19th Annual,,FALSE
Heather Morris,Glee,Ensemble In A Comedy Series,2012,19th Annual,,FALSE
Jane Lynch,Glee,Ensemble In A Comedy Series,2012,19th Annual,,FALSE
Jayma Mays,Glee,Ensemble In A Comedy Series,2012,19th Annual,,FALSE
Jenna Ushkowitz,Glee,Ensemble In A Comedy Series,2012,19th Annual,,FALSE
Kevin Mchale,Glee,Ensemble In A Comedy Series,2012,19th Annual,,FALSE
Lea Michele,Glee,Ensemble In A Comedy Series,2012,19th Annual,,FALSE
Mark Salling,Glee,Ensemble In A Comedy Series,2012,19th Annual,,FALSE
Matthew Morrison,Glee,Ensemble In A Comedy Series,2012,19th Annual,,FALSE
Naya Rivera,Glee,Ensemble In A Comedy Series,2012,19th Annual,,FALSE
Samuel Larsen,Glee,Ensemble In A Comedy Series,2012,19th Annual,,FALSE
Vanessa Lengies,Glee,Ensemble In A Comedy Series,2012,19th Annual,,FALSE
Ariel Winter,Modern Family,Ensemble In A Comedy Series,2012,19th Annual,,TRUE
Aubrey Anderson-Emmons,Modern Family,Ensemble In A Comedy Series,2012,19th Annual,,TRUE
Ed O'neill,Modern Family,Ensemble In A Comedy Series,2012,19th Annual,,TRUE
Eric Stonestreet,Modern Family,Ensemble In A Comedy Series,2012,19th Annual,,TRUE
Jesse Tyler Ferguson,Modern Family,Ensemble In A Comedy Series,2012,19th Annual,,TRUE
Julie Bowen,Modern Family,Ensemble In A Comedy Series,2012,19th Annual,,TRUE
Nolan Gould,Modern Family,Ensemble In A Comedy Series,2012,19th Annual,,TRUE
Rico Rodriguez,Modern Family,Ensemble In A Comedy Series,2012,19th Annual,,TRUE
Sarah Hyland,Modern Family,Ensemble In A Comedy Series,2012,19th Annual,,TRUE
Sofia Vergara,Modern Family,Ensemble In A Comedy Series,2012,19th Annual,,TRUE
Ty Burrell,Modern Family,Ensemble In A Comedy Series,2012,19th Annual,,TRUE
Anna Deavere Smith,Nurse Jackie,Ensemble In A Comedy Series,2012,19th Annual,,FALSE
Arjun Gupta,Nurse Jackie,Ensemble In A Comedy Series,2012,19th Annual,,FALSE
Bobby Cannavale,Nurse Jackie,Ensemble In A Comedy Series,2012,19th Annual,,FALSE
Dominic Fumusa,Nurse Jackie,Ensemble In A Comedy Series,2012,19th Annual,,FALSE
Edie Falco,Nurse Jackie,Ensemble In A Comedy Series,2012,19th Annual,,FALSE
Eve Best,Nurse Jackie,Ensemble In A Comedy Series,2012,19th Annual,,FALSE
Jake Cannavale,Nurse Jackie,Ensemble In A Comedy Series,2012,19th Annual,,FALSE
Lenny Jacobson,Nurse Jackie,Ensemble In A Comedy Series,2012,19th Annual,,FALSE
Mackenzie Aladjem,Nurse Jackie,Ensemble In A Comedy Series,2012,19th Annual,,FALSE
Merritt Wever,Nurse Jackie,Ensemble In A Comedy Series,2012,19th Annual,,FALSE
Paul Schulze,Nurse Jackie,Ensemble In A Comedy Series,2012,19th Annual,,FALSE
Peter Facinelli,Nurse Jackie,Ensemble In A Comedy Series,2012,19th Annual,,FALSE
Ruby Jerins,Nurse Jackie,Ensemble In A Comedy Series,2012,19th Annual,,FALSE
Stephen Wallem,Nurse Jackie,Ensemble In A Comedy Series,2012,19th Annual,,FALSE
Jim Parsons,The Big Bang Theory,Ensemble In A Comedy Series,2012,19th Annual,,FALSE
Johnny Galecki,The Big Bang Theory,Ensemble In A Comedy Series,2012,19th Annual,,FALSE
Kaley Cuoco,The Big Bang Theory,Ensemble In A Comedy Series,2012,19th Annual,,FALSE
Kunal Nayyar,The Big Bang Theory,Ensemble In A Comedy Series,2012,19th Annual,,FALSE
Mayim Bialik,The Big Bang Theory,Ensemble In A Comedy Series,2012,19th Annual,,FALSE
Melissa Rauch,The Big Bang Theory,Ensemble In A Comedy Series,2012,19th Annual,,FALSE
Simon Helberg,The Big Bang Theory,Ensemble In A Comedy Series,2012,19th Annual,,FALSE
Angela Kinsey,The Office,Ensemble In A Comedy Series,2012,19th Annual,,FALSE
B.j. Novak,The Office,Ensemble In A Comedy Series,2012,19th Annual,,FALSE
Brian Baumgartner,The Office,Ensemble In A Comedy Series,2012,19th Annual,,FALSE
Catherine Tate,The Office,Ensemble In A Comedy Series,2012,19th Annual,,FALSE
Clark Duke,The Office,Ensemble In A Comedy Series,2012,19th Annual,,FALSE
Craig Robinson,The Office,Ensemble In A Comedy Series,2012,19th Annual,,FALSE
Creed Bratton,The Office,Ensemble In A Comedy Series,2012,19th Annual,,FALSE
Ed Helms,The Office,Ensemble In A Comedy Series,2012,19th Annual,,FALSE
Ellie Kemper,The Office,Ensemble In A Comedy Series,2012,19th Annual,,FALSE
Jake Lacy,The Office,Ensemble In A Comedy Series,2012,19th Annual,,FALSE
Jenna Fischer,The Office,Ensemble In A Comedy Series,2012,19th Annual,,FALSE
John Krasinski,The Office,Ensemble In A Comedy Series,2012,19th Annual,,FALSE
Kate Flannery,The Office,Ensemble In A Comedy Series,2012,19th Annual,,FALSE
Leslie David Baker,The Office,Ensemble In A Comedy Series,2012,19th Annual,,FALSE
Mindy Kaling,The Office,Ensemble In A Comedy Series,2012,19th Annual,,FALSE
Oscar Nuñez,The Office,Ensemble In A Comedy Series,2012,19th Annual,,FALSE
Paul Lieberstein,The Office,Ensemble In A Comedy Series,2012,19th Annual,,FALSE
Phyllis Smith,The Office,Ensemble In A Comedy Series,2012,19th Annual,,FALSE
Rainn Wilson,The Office,Ensemble In A Comedy Series,2012,19th Annual,,FALSE
,Boardwalk Empire,Ensemble In A Drama Series,2012,19th Annual,,FALSE
Anatol Yusef,Boardwalk Empire,Ensemble In A Drama Series,2012,19th Annual,,FALSE
Anthony Laciura,Boardwalk Empire,Ensemble In A Drama Series,2012,19th Annual,,FALSE
Bobby Cannavale,Boardwalk Empire,Ensemble In A Drama Series,2012,19th Annual,,FALSE
Charlie Cox,Boardwalk Empire,Ensemble In A Drama Series,2012,19th Annual,,FALSE
Chris Caldovino,Boardwalk Empire,Ensemble In A Drama Series,2012,19th Annual,,FALSE
Gretchen Mol,Boardwalk Empire,Ensemble In A Drama Series,2012,19th Annual,,FALSE
Jack Huston,Boardwalk Empire,Ensemble In A Drama Series,2012,19th Annual,,FALSE
Kelly Macdonald,Boardwalk Empire,Ensemble In A Drama Series,2012,19th Annual,,FALSE
Meg Chambers Steedle,Boardwalk Empire,Ensemble In A Drama Series,2012,19th Annual,,FALSE
Michael Stuhlbarg,Boardwalk Empire,Ensemble In A Drama Series,2012,19th Annual,,FALSE
Patrick Kennedy,Boardwalk Empire,Ensemble In A Drama Series,2012,19th Annual,,FALSE
Paul Sparks,Boardwalk Empire,Ensemble In A Drama Series,2012,19th Annual,,FALSE
Shea Whigham,Boardwalk Empire,Ensemble In A Drama Series,2012,19th Annual,,FALSE
Steve Buscemi,Boardwalk Empire,Ensemble In A Drama Series,2012,19th Annual,,FALSE
Vincent Piazza,Boardwalk Empire,Ensemble In A Drama Series,2012,19th Annual,,FALSE
,Breaking Bad,Ensemble In A Drama Series,2012,19th Annual,,FALSE
Aaron Paul,Breaking Bad,Ensemble In A Drama Series,2012,19th Annual,,FALSE
Anna Gunn,Breaking Bad,Ensemble In A Drama Series,2012,19th Annual,,FALSE
Betsy Brandt,Breaking Bad,Ensemble In A Drama Series,2012,19th Annual,,FALSE
Bob Odenkirk,Breaking Bad,Ensemble In A Drama Series,2012,19th Annual,,FALSE
Bryan Cranston,Breaking Bad,Ensemble In A Drama Series,2012,19th Annual,,FALSE
Dean Norris,Breaking Bad,Ensemble In A Drama Series,2012,19th Annual,,FALSE
Jesse Plemons,Breaking Bad,Ensemble In A Drama Series,2012,19th Annual,,FALSE
Jonathan Banks,Breaking Bad,Ensemble In A Drama Series,2012,19th Annual,,FALSE
Laura Fraser,Breaking Bad,Ensemble In A Drama Series,2012,19th Annual,,FALSE
Rj Mitte,Breaking Bad,Ensemble In A Drama Series,2012,19th Annual,,FALSE
Steven Michael Quezada,Breaking Bad,Ensemble In A Drama Series,2012,19th Annual,,FALSE
,Downton Abbey,Ensemble In A Drama Series,2012,19th Annual,,TRUE
Allen Leech,Downton Abbey,Ensemble In A Drama Series,2012,19th Annual,,TRUE
Amy Nuttall,Downton Abbey,Ensemble In A Drama Series,2012,19th Annual,,TRUE
Brendan Coyle,Downton Abbey,Ensemble In A Drama Series,2012,19th Annual,,TRUE
Dan Stevens,Downton Abbey,Ensemble In A Drama Series,2012,19th Annual,,TRUE
David Robb,Downton Abbey,Ensemble In A Drama Series,2012,19th Annual,,TRUE
Elizabeth Mcgovern,Downton Abbey,Ensemble In A Drama Series,2012,19th Annual,,TRUE
Hugh Bonneville,Downton Abbey,Ensemble In A Drama Series,2012,19th Annual,,TRUE
Iain Glen,Downton Abbey,Ensemble In A Drama Series,2012,19th Annual,,TRUE
Jessica Brown Findlay,Downton Abbey,Ensemble In A Drama Series,2012,19th Annual,,TRUE
Jim Carter,Downton Abbey,Ensemble In A Drama Series,2012,19th Annual,,TRUE
Joanne Froggatt,Downton Abbey,Ensemble In A Drama Series,2012,19th Annual,,TRUE
Laura Carmichael,Downton Abbey,Ensemble In A Drama Series,2012,19th Annual,,TRUE
Lesley Nicol,Downton Abbey,Ensemble In A Drama Series,2012,19th Annual,,TRUE
Maggie Smith,Downton Abbey,Ensemble In A Drama Series,2012,19th Annual,,TRUE
Michelle Dockery,Downton Abbey,Ensemble In A Drama Series,2012,19th Annual,,TRUE
Penelope Wilton,Downton Abbey,Ensemble In A Drama Series,2012,19th Annual,,TRUE
Phyllis Logan,Downton Abbey,Ensemble In A Drama Series,2012,19th Annual,,TRUE
Rob James-Collier,Downton Abbey,Ensemble In A Drama Series,2012,19th Annual,,TRUE
Siobhan Finneran,Downton Abbey,Ensemble In A Drama Series,2012,19th Annual,,TRUE
Sophie Mcshera,Downton Abbey,Ensemble In A Drama Series,2012,19th Annual,,TRUE
Thomas Howes,Downton Abbey,Ensemble In A Drama Series,2012,19th Annual,,TRUE
Zoe Boyle,Downton Abbey,Ensemble In A Drama Series,2012,19th Annual,,TRUE
,Homeland,Ensemble In A Drama Series,2012,19th Annual,,FALSE
Claire Danes,Homeland,Ensemble In A Drama Series,2012,19th Annual,,FALSE
Damian Lewis,Homeland,Ensemble In A Drama Series,2012,19th Annual,,FALSE
David Harewood,Homeland,Ensemble In A Drama Series,2012,19th Annual,,FALSE
David Marciano,Homeland,Ensemble In A Drama Series,2012,19th Annual,,FALSE
Diego Klattenhoff,Homeland,Ensemble In A Drama Series,2012,19th Annual,,FALSE
Jackson Pace,Homeland,Ensemble In A Drama Series,2012,19th Annual,,FALSE
Jamey Sheridan,Homeland,Ensemble In A Drama Series,2012,19th Annual,,FALSE
Mandy Patinkin,Homeland,Ensemble In A Drama Series,2012,19th Annual,,FALSE
Morena Baccarin,Homeland,Ensemble In A Drama Series,2012,19th Annual,,FALSE
Morgan Saylor,Homeland,Ensemble In A Drama Series,2012,19th Annual,,FALSE
Navid Negahban,Homeland,Ensemble In A Drama Series,2012,19th Annual,,FALSE
Rupert Friend,Homeland,Ensemble In A Drama Series,2012,19th Annual,,FALSE
Timothée Chalamet,Homeland,Ensemble In A Drama Series,2012,19th Annual,,FALSE
Zuleikha Robinson,Homeland,Ensemble In A Drama Series,2012,19th Annual,,FALSE
,Mad Men,Ensemble In A Drama Series,2012,19th Annual,,FALSE
Aaron Staton,Mad Men,Ensemble In A Drama Series,2012,19th Annual,,FALSE
Ben Feldman,Mad Men,Ensemble In A Drama Series,2012,19th Annual,,FALSE
Christina Hendricks,Mad Men,Ensemble In A Drama Series,2012,19th Annual,,FALSE
Elisabeth Moss,Mad Men,Ensemble In A Drama Series,2012,19th Annual,,FALSE
Jared Harris,Mad Men,Ensemble In A Drama Series,2012,19th Annual,,FALSE
Jay R. Ferguson,Mad Men,Ensemble In A Drama Series,2012,19th Annual,,FALSE
Jessica Paré,Mad Men,Ensemble In A Drama Series,2012,19th Annual,,FALSE
John Slattery,Mad Men,Ensemble In A Drama Series,2012,19th Annual,,FALSE
Jon Hamm,Mad Men,Ensemble In A Drama Series,2012,19th Annual,,FALSE
Kiernan Shipka,Mad Men,Ensemble In A Drama Series,2012,19th Annual,,FALSE
Rich Sommer,Mad Men,Ensemble In A Drama Series,2012,19th Annual,,FALSE
Robert Morse,Mad Men,Ensemble In A Drama Series,2012,19th Annual,,FALSE
Teyonah Parris,Mad Men,Ensemble In A Drama Series,2012,19th Annual,,FALSE
Vincent Kartheiser,Mad Men,Ensemble In A Drama Series,2012,19th Annual,,FALSE
Tina Fey,30 Rock,Female In A Comedy Series,2012,19th Annual,,TRUE
Betty White,Hot In Cleveland,Female In A Comedy Series,2012,19th Annual,,FALSE
Sofia Vergara,Modern Family,Female In A Comedy Series,2012,19th Annual,,FALSE
Edie Falco,Nurse Jackie,Female In A Comedy Series,2012,19th Annual,,FALSE
Amy Poehler,Parks And Recreation,Female In A Comedy Series,2012,19th Annual,,FALSE
Jessica Lange,American Horror Story: Asylum,Female In A Drama Series,2012,19th Annual,,FALSE
Maggie Smith,Downton Abbey,Female In A Drama Series,2012,19th Annual,,FALSE
Michelle Dockery,Downton Abbey,Female In A Drama Series,2012,19th Annual,,FALSE
Claire Danes,Homeland,Female In A Drama Series,2012,19th Annual,,TRUE
Julianna Margulies,The Good Wife,Female In A Drama Series,2012,19th Annual,,FALSE
Helen Mirren,Hitchcock,Female Lead In A Motion Picture,2012,19th Annual,Actress in a Leading Role,FALSE
Marion Cotillard,Rust And Bone,Female Lead In A Motion Picture,2012,19th Annual,Actress in a Leading Role,FALSE
Jennifer Lawrence,Silver Linings Playbook,Female Lead In A Motion Picture,2012,19th Annual,Actress in a Leading Role,TRUE
Naomi Watts,The Impossible,Female Lead In A Motion Picture,2012,19th Annual,Actress in a Leading Role,FALSE
Jessica Chastain,Zero Dark Thirty,Female Lead In A Motion Picture,2012,19th Annual,Actress in a Leading Role,FALSE
Anne Hathaway,Les Misérables,Female Support In A Motion Picture,2012,19th Annual,Actress in a Supporting Role,TRUE
Sally Field,Lincoln,Female Support In A Motion Picture,2012,19th Annual,Actress in a Supporting Role,FALSE
Maggie Smith,The Best Exotic Marigold Hotel,Female Support In A Motion Picture,2012,19th Annual,Actress in a Supporting Role,FALSE
Nicole Kidman,The Paperboy,Female Support In A Motion Picture,2012,19th Annual,Actress in a Supporting Role,FALSE
Helen Hunt,The Sessions,Female Support In A Motion Picture,2012,19th Annual,Actress in a Supporting Role,FALSE
Julianne Moore,Game Change,Female In A Television Movie Or Limited Series,2012,19th Annual,,TRUE
Nicole Kidman,Hemingway & Gellhorn,Female In A Television Movie Or Limited Series,2012,19th Annual,,FALSE
Sigourney Weaver,Political Animals,Female In A Television Movie Or Limited Series,2012,19th Annual,,FALSE
Charlotte Rampling,Restless,Female In A Television Movie Or Limited Series,2012,19th Annual,,FALSE
Alfre Woodard,Steel Magnolias,Female In A Television Movie Or Limited Series,2012,19th Annual,,FALSE
Dick Van Dyke,N/A,Life Achievement,2012,19th Annual,,TRUE
Alec Baldwin,30 Rock,Male In A Comedy Series,2012,19th Annual,,TRUE
Louis C.k.,Louie,Male In A Comedy Series,2012,19th Annual,,FALSE
Eric Stonestreet,Modern Family,Male In A Comedy Series,2012,19th Annual,,FALSE
Ty Burrell,Modern Family,Male In A Comedy Series,2012,19th Annual,,FALSE
Jim Parsons,The Big Bang Theory,Male In A Comedy Series,2012,19th Annual,,FALSE
Steve Buscemi,Boardwalk Empire,Male In A Drama Series,2012,19th Annual,,FALSE
Bryan Cranston,Breaking Bad,Male In A Drama Series,2012,19th Annual,,TRUE
Damian Lewis,Homeland,Male In A Drama Series,2012,19th Annual,,FALSE
Jon Hamm,Mad Men,Male In A Drama Series,2012,19th Annual,,FALSE
Jeff Daniels,The Newsroom,Male In A Drama Series,2012,19th Annual,,FALSE
Denzel Washington,Flight,Male Lead In A Motion Picture,2012,19th Annual,Actor in a Leading Role,FALSE
Hugh Jackman,Les Misérables,Male Lead In A Motion Picture,2012,19th Annual,Actor in a Leading Role,FALSE
Daniel Day-Lewis,Lincoln,Male Lead In A Motion Picture,2012,19th Annual,Actor in a Leading Role,TRUE
Bradley Cooper,Silver Linings Playbook,Male Lead In A Motion Picture,2012,19th Annual,Actor in a Leading Role,FALSE
John Hawkes,The Sessions,Male Lead In A Motion Picture,2012,19th Annual,Actor in a Leading Role,FALSE
Alan Arkin,Argo,Male Support In A Motion Picture,2012,19th Annual,Actor in a Supporting Role,FALSE
Tommy Lee Jones,Lincoln,Male Support In A Motion Picture,2012,19th Annual,Actor in a Supporting Role,TRUE
Robert De Niro,Silver Linings Playbook,Male Support In A Motion Picture,2012,19th Annual,Actor in a Supporting Role,FALSE
Javier Bardem,Skyfall,Male Support In A Motion Picture,2012,19th Annual,Actor in a Supporting Role,FALSE
Philip Seymour Hoffman,The Master,Male Support In A Motion Picture,2012,19th Annual,Actor in a Supporting Role,FALSE
Clive Owen,Ernest Hemingway,Male In A Television Movie Or Limited Series,2012,19th Annual,,FALSE
Ed Harris,Game Change,Male In A Television Movie Or Limited Series,2012,19th Annual,,FALSE
Woody Harrelson,Game Change,Male In A Television Movie Or Limited Series,2012,19th Annual,,FALSE
Bill Paxton,Hatfields & Mccoys,Male In A Television Movie Or Limited Series,2012,19th Annual,,FALSE
Kevin Costner,Hatfields & Mccoys,Male In A Television Movie Or Limited Series,2012,19th Annual,,TRUE
,Les Misérables,Stunt Ensemble In A Motion Picture,2012,19th Annual,,FALSE
,Skyfall,Stunt Ensemble In A Motion Picture,2012,19th Annual,,TRUE
,The Amazing Spider-Man,Stunt Ensemble In A Motion Picture,2012,19th Annual,,FALSE
,The Bourne Legacy,Stunt Ensemble In A Motion Picture,2012,19th Annual,,FALSE
,The Dark Knight Rises,Stunt Ensemble In A Motion Picture,2012,19th Annual,,FALSE
,Boardwalk Empire,Stunt Ensemble In A Television Series,2012,19th Annual,,FALSE
,Breaking Bad,Stunt Ensemble In A Television Series,2012,19th Annual,,FALSE
,Game Of Thrones,Stunt Ensemble In A Television Series,2012,19th Annual,,TRUE
,Sones Of Anarchy,Stunt Ensemble In A Television Series,2012,19th Annual,,FALSE
,The Walking Dead,Stunt Ensemble In A Television Series,2012,19th Annual,,FALSE
Chris O'dowd,Bridesmaids,Cast In A Motion Picture,2011,18th Annual,,FALSE
Ellie Kemper,Bridesmaids,Cast In A Motion Picture,2011,18th Annual,,FALSE
Jill Clayburgh,Bridesmaids,Cast In A Motion Picture,2011,18th Annual,,FALSE
Kristen Wiig,Bridesmaids,Cast In A Motion Picture,2011,18th Annual,,FALSE
Matt Lucas,Bridesmaids,Cast In A Motion Picture,2011,18th Annual,,FALSE
Maya Rudolph,Bridesmaids,Cast In A Motion Picture,2011,18th Annual,,FALSE
Melissa Mccarthy,Bridesmaids,Cast In A Motion Picture,2011,18th Annual,,FALSE
Rose Byrne,Bridesmaids,Cast In A Motion Picture,2011,18th Annual,,FALSE
Wendi Mclendon-Covey,Bridesmaids,Cast In A Motion Picture,2011,18th Annual,,FALSE
Adrien Brody,Midnight In Paris,Cast In A Motion Picture,2011,18th Annual,,FALSE
Carla Bruni,Midnight In Paris,Cast In A Motion Picture,2011,18th Annual,,FALSE
Kathy Bates,Midnight In Paris,Cast In A Motion Picture,2011,18th Annual,,FALSE
Marion Cotillard,Midnight In Paris,Cast In A Motion Picture,2011,18th Annual,,FALSE
Michael Sheen,Midnight In Paris,Cast In A Motion Picture,2011,18th Annual,,FALSE
Owen Wilson,Midnight In Paris,Cast In A Motion Picture,2011,18th Annual,,FALSE
Rachel Mcadams,Midnight In Paris,Cast In A Motion Picture,2011,18th Annual,,FALSE
Bérénice Bejo,The Artist,Cast In A Motion Picture,2011,18th Annual,,FALSE
James Cromwell,The Artist,Cast In A Motion Picture,2011,18th Annual,,FALSE
Jean Dujardin,The Artist,Cast In A Motion Picture,2011,18th Annual,,FALSE
John Goodman,The Artist,Cast In A Motion Picture,2011,18th Annual,,FALSE
Penelope Ann Miller,The Artist,Cast In A Motion Picture,2011,18th Annual,,FALSE
Beau Bridges,The Descendants,Cast In A Motion Picture,2011,18th Annual,,FALSE
George Clooney,The Descendants,Cast In A Motion Picture,2011,18th Annual,,FALSE
Judy Greer,The Descendants,Cast In A Motion Picture,2011,18th Annual,,FALSE
Matthew Lillard,The Descendants,Cast In A Motion Picture,2011,18th Annual,,FALSE
Robert Forster,The Descendants,Cast In A Motion Picture,2011,18th Annual,,FALSE
Shailene Woodley,The Descendants,Cast In A Motion Picture,2011,18th Annual,,FALSE
Ahna O'reilly,The Help,Cast In A Motion Picture,2011,18th Annual,,TRUE
Allison Janney,The Help,Cast In A Motion Picture,2011,18th Annual,,TRUE
Bryce Dallas Howard,The Help,Cast In A Motion Picture,2011,18th Annual,,TRUE
Chris Lowell,The Help,Cast In A Motion Picture,2011,18th Annual,,TRUE
Cicely Tyson,The Help,Cast In A Motion Picture,2011,18th Annual,,TRUE
Emma Stone,The Help,Cast In A Motion Picture,2011,18th Annual,,TRUE
Jessica Chastain,The Help,Cast In A Motion Picture,2011,18th Annual,,TRUE
Mary Steenburgen,The Help,Cast In A Motion Picture,2011,18th Annual,,TRUE
Mike Vogel,The Help,Cast In A Motion Picture,2011,18th Annual,,TRUE
Octavia Spencer,The Help,Cast In A Motion Picture,2011,18th Annual,,TRUE
Sissy Spacek,The Help,Cast In A Motion Picture,2011,18th Annual,,TRUE
Viola Davis,The Help,Cast In A Motion Picture,2011,18th Annual,,TRUE
,30 Rock,Ensemble In A Comedy Series,2011,18th Annual,,FALSE
Alec Baldwin,30 Rock,Ensemble In A Comedy Series,2011,18th Annual,,FALSE
Grizz Chapman,30 Rock,Ensemble In A Comedy Series,2011,18th Annual,,FALSE
Jack Mcbrayer,30 Rock,Ensemble In A Comedy Series,2011,18th Annual,,FALSE
Jane Krakowski,30 Rock,Ensemble In A Comedy Series,2011,18th Annual,,FALSE
John Lutz,30 Rock,Ensemble In A Comedy Series,2011,18th Annual,,FALSE
Judah Friedlander,30 Rock,Ensemble In A Comedy Series,2011,18th Annual,,FALSE
Katrina Bowden,30 Rock,Ensemble In A Comedy Series,2011,18th Annual,,FALSE
Keith Powell,30 Rock,Ensemble In A Comedy Series,2011,18th Annual,,FALSE
Kevin Brown,30 Rock,Ensemble In A Comedy Series,2011,18th Annual,,FALSE
Scott Adsit,30 Rock,Ensemble In A Comedy Series,2011,18th Annual,,FALSE
Tina Fey,30 Rock,Ensemble In A Comedy Series,2011,18th Annual,,FALSE
Tracy Morgan,30 Rock,Ensemble In A Comedy Series,2011,18th Annual,,FALSE
,Glee,Ensemble In A Comedy Series,2011,18th Annual,,FALSE
Amber Riley,Glee,Ensemble In A Comedy Series,2011,18th Annual,,FALSE
Ashley Fink,Glee,Ensemble In A Comedy Series,2011,18th Annual,,FALSE
Chord Overstreet,Glee,Ensemble In A Comedy Series,2011,18th Annual,,FALSE
Chris Colfer,Glee,Ensemble In A Comedy Series,2011,18th Annual,,FALSE
Cory Monteith,Glee,Ensemble In A Comedy Series,2011,18th Annual,,FALSE
Darren Criss,Glee,Ensemble In A Comedy Series,2011,18th Annual,,FALSE
Dianna Agron,Glee,Ensemble In A Comedy Series,2011,18th Annual,,FALSE
Dot Marie Jones,Glee,Ensemble In A Comedy Series,2011,18th Annual,,FALSE
"Harry Shum, Jr.",Glee,Ensemble In A Comedy Series,2011,18th Annual,,FALSE
Heather Morris,Glee,Ensemble In A Comedy Series,2011,18th Annual,,FALSE
Iqbal Theba,Glee,Ensemble In A Comedy Series,2011,18th Annual,,FALSE
Jane Lynch,Glee,Ensemble In A Comedy Series,2011,18th Annual,,FALSE
Jayma Mays,Glee,Ensemble In A Comedy Series,2011,18th Annual,,FALSE
Jenna Ushkowitz,Glee,Ensemble In A Comedy Series,2011,18th Annual,,FALSE
Kevin Mchale,Glee,Ensemble In A Comedy Series,2011,18th Annual,,FALSE
Lauren Potter,Glee,Ensemble In A Comedy Series,2011,18th Annual,,FALSE
Lea Michele,Glee,Ensemble In A Comedy Series,2011,18th Annual,,FALSE
Mark Salling,Glee,Ensemble In A Comedy Series,2011,18th Annual,,FALSE
Matthew Morrison,Glee,Ensemble In A Comedy Series,2011,18th Annual,,FALSE
Mike O'malley,Glee,Ensemble In A Comedy Series,2011,18th Annual,,FALSE
Naya Rivera,Glee,Ensemble In A Comedy Series,2011,18th Annual,,FALSE
,Modern Family,Ensemble In A Comedy Series,2011,18th Annual,,TRUE
Ariel Winter,Modern Family,Ensemble In A Comedy Series,2011,18th Annual,,TRUE
Aubrey Anderson-Emmons,Modern Family,Ensemble In A Comedy Series,2011,18th Annual,,TRUE
Ed O'neill,Modern Family,Ensemble In A Comedy Series,2011,18th Annual,,TRUE
Eric Stonestreet,Modern Family,Ensemble In A Comedy Series,2011,18th Annual,,TRUE
Jesse Tyler Ferguson,Modern Family,Ensemble In A Comedy Series,2011,18th Annual,,TRUE
Julie Bowen,Modern Family,Ensemble In A Comedy Series,2011,18th Annual,,TRUE
Nolan Gould,Modern Family,Ensemble In A Comedy Series,2011,18th Annual,,TRUE
Rico Rodriguez,Modern Family,Ensemble In A Comedy Series,2011,18th Annual,,TRUE
Sarah Hyland,Modern Family,Ensemble In A Comedy Series,2011,18th Annual,,TRUE
Sofia Vergara,Modern Family,Ensemble In A Comedy Series,2011,18th Annual,,TRUE
Ty Burrell,Modern Family,Ensemble In A Comedy Series,2011,18th Annual,,TRUE
,The Big Bang Theory,Ensemble In A Comedy Series,2011,18th Annual,,FALSE
Jim Parsons,The Big Bang Theory,Ensemble In A Comedy Series,2011,18th Annual,,FALSE
Johnny Galecki,The Big Bang Theory,Ensemble In A Comedy Series,2011,18th Annual,,FALSE
Kaley Cuoco,The Big Bang Theory,Ensemble In A Comedy Series,2011,18th Annual,,FALSE
Kunal Nayyar,The Big Bang Theory,Ensemble In A Comedy Series,2011,18th Annual,,FALSE
Mayim Bialik,The Big Bang Theory,Ensemble In A Comedy Series,2011,18th Annual,,FALSE
Melissa Rauch,The Big Bang Theory,Ensemble In A Comedy Series,2011,18th Annual,,FALSE
Simon Helberg,The Big Bang Theory,Ensemble In A Comedy Series,2011,18th Annual,,FALSE
,The Office,Ensemble In A Comedy Series,2011,18th Annual,,FALSE
Angela Kinsey,The Office,Ensemble In A Comedy Series,2011,18th Annual,,FALSE
B.j. Novak,The Office,Ensemble In A Comedy Series,2011,18th Annual,,FALSE
Brian Baumgartner,The Office,Ensemble In A Comedy Series,2011,18th Annual,,FALSE
Craig Robinson,The Office,Ensemble In A Comedy Series,2011,18th Annual,,FALSE
Creed Bratton,The Office,Ensemble In A Comedy Series,2011,18th Annual,,FALSE
Ed Helms,The Office,Ensemble In A Comedy Series,2011,18th Annual,,FALSE
Ellie Kemper,The Office,Ensemble In A Comedy Series,2011,18th Annual,,FALSE
James Spader,The Office,Ensemble In A Comedy Series,2011,18th Annual,,FALSE
Jenna Fischer,The Office,Ensemble In A Comedy Series,2011,18th Annual,,FALSE
John Krasinski,The Office,Ensemble In A Comedy Series,2011,18th Annual,,FALSE
Kate Flannery,The Office,Ensemble In A Comedy Series,2011,18th Annual,,FALSE
Leslie David Baker,The Office,Ensemble In A Comedy Series,2011,18th Annual,,FALSE
Mindy Kaling,The Office,Ensemble In A Comedy Series,2011,18th Annual,,FALSE
Oscar Nuñez,The Office,Ensemble In A Comedy Series,2011,18th Annual,,FALSE
Paul Lieberstein,The Office,Ensemble In A Comedy Series,2011,18th Annual,,FALSE
Phyllis Smith,The Office,Ensemble In A Comedy Series,2011,18th Annual,,FALSE
Rainn Wilson,The Office,Ensemble In A Comedy Series,2011,18th Annual,,FALSE
Steve Carell,The Office,Ensemble In A Comedy Series,2011,18th Annual,,FALSE
Zach Woods,The Office,Ensemble In A Comedy Series,2011,18th Annual,,FALSE
,Boardwalk Empire,Ensemble In A Drama Series,2011,18th Annual,,TRUE
Aleksa Palladino,Boardwalk Empire,Ensemble In A Drama Series,2011,18th Annual,,TRUE
Anatol Yusef,Boardwalk Empire,Ensemble In A Drama Series,2011,18th Annual,,TRUE
Anthony Laciura,Boardwalk Empire,Ensemble In A Drama Series,2011,18th Annual,,TRUE
Brady & Connor Noon,Boardwalk Empire,Ensemble In A Drama Series,2011,18th Annual,,TRUE
Charlie Cox,Boardwalk Empire,Ensemble In A Drama Series,2011,18th Annual,,TRUE
Dabney Coleman,Boardwalk Empire,Ensemble In A Drama Series,2011,18th Annual,,TRUE
Dominic Chianese,Boardwalk Empire,Ensemble In A Drama Series,2011,18th Annual,,TRUE
Gretchen Mol,Boardwalk Empire,Ensemble In A Drama Series,2011,18th Annual,,TRUE
Heather Lind,Boardwalk Empire,Ensemble In A Drama Series,2011,18th Annual,,TRUE
Jack Huston,Boardwalk Empire,Ensemble In A Drama Series,2011,18th Annual,,TRUE
Jacqueline Pennewill,Boardwalk Empire,Ensemble In A Drama Series,2011,18th Annual,,TRUE
Josie & Lucy Gallina,Boardwalk Empire,Ensemble In A Drama Series,2011,18th Annual,,TRUE
Kelly Macdonald,Boardwalk Empire,Ensemble In A Drama Series,2011,18th Annual,,TRUE
Kevin O'rourke,Boardwalk Empire,Ensemble In A Drama Series,2011,18th Annual,,TRUE
Michael Kenneth Williams,Boardwalk Empire,Ensemble In A Drama Series,2011,18th Annual,,TRUE
Michael Pitt,Boardwalk Empire,Ensemble In A Drama Series,2011,18th Annual,,TRUE
Michael Shannon,Boardwalk Empire,Ensemble In A Drama Series,2011,18th Annual,,TRUE
Michael Stuhlbarg,Boardwalk Empire,Ensemble In A Drama Series,2011,18th Annual,,TRUE
Paul Sparks,Boardwalk Empire,Ensemble In A Drama Series,2011,18th Annual,,TRUE
Peter Van Wagner,Boardwalk Empire,Ensemble In A Drama Series,2011,18th Annual,,TRUE
Robert Clohessy,Boardwalk Empire,Ensemble In A Drama Series,2011,18th Annual,,TRUE
Rory & Declan Mctigue,Boardwalk Empire,Ensemble In A Drama Series,2011,18th Annual,,TRUE
Shea Whigham,Boardwalk Empire,Ensemble In A Drama Series,2011,18th Annual,,TRUE
Stephen Graham,Boardwalk Empire,Ensemble In A Drama Series,2011,18th Annual,,TRUE
Steve Buscemi,Boardwalk Empire,Ensemble In A Drama Series,2011,18th Annual,,TRUE
Vincent Piazza,Boardwalk Empire,Ensemble In A Drama Series,2011,18th Annual,,TRUE
,Breaking Bad,Ensemble In A Drama Series,2011,18th Annual,,FALSE
Aaron Paul,Breaking Bad,Ensemble In A Drama Series,2011,18th Annual,,FALSE
Anna Gunn,Breaking Bad,Ensemble In A Drama Series,2011,18th Annual,,FALSE
Betsy Brandt,Breaking Bad,Ensemble In A Drama Series,2011,18th Annual,,FALSE
Bob Odenkirk,Breaking Bad,Ensemble In A Drama Series,2011,18th Annual,,FALSE
Bryan Cranston,Breaking Bad,Ensemble In A Drama Series,2011,18th Annual,,FALSE
Dean Norris,Breaking Bad,Ensemble In A Drama Series,2011,18th Annual,,FALSE
Giancarlo Esposito,Breaking Bad,Ensemble In A Drama Series,2011,18th Annual,,FALSE
Jonathan Banks,Breaking Bad,Ensemble In A Drama Series,2011,18th Annual,,FALSE
Ray Campbell,Breaking Bad,Ensemble In A Drama Series,2011,18th Annual,,FALSE
Rj Mitte,Breaking Bad,Ensemble In A Drama Series,2011,18th Annual,,FALSE
,Dexter,Ensemble In A Drama Series,2011,18th Annual,,FALSE
Aimee Garcia,Dexter,Ensemble In A Drama Series,2011,18th Annual,,FALSE
Billy Brown,Dexter,Ensemble In A Drama Series,2011,18th Annual,,FALSE
C.s. Lee,Dexter,Ensemble In A Drama Series,2011,18th Annual,,FALSE
Colin Hanks,Dexter,Ensemble In A Drama Series,2011,18th Annual,,FALSE
David Zayas,Dexter,Ensemble In A Drama Series,2011,18th Annual,,FALSE
Desmond Harrington,Dexter,Ensemble In A Drama Series,2011,18th Annual,,FALSE
Edward James Olmos,Dexter,Ensemble In A Drama Series,2011,18th Annual,,FALSE
James Remar,Dexter,Ensemble In A Drama Series,2011,18th Annual,,FALSE
Jennifer Carpenter,Dexter,Ensemble In A Drama Series,2011,18th Annual,,FALSE
Josh Cooke,Dexter,Ensemble In A Drama Series,2011,18th Annual,,FALSE
Lauren Velez,Dexter,Ensemble In A Drama Series,2011,18th Annual,,FALSE
Michael C. Hall,Dexter,Ensemble In A Drama Series,2011,18th Annual,,FALSE
Rya Kihlstedt,Dexter,Ensemble In A Drama Series,2011,18th Annual,,FALSE
,Game Of Thrones,Ensemble In A Drama Series,2011,18th Annual,,FALSE
Aiden Gillen,Game Of Thrones,Ensemble In A Drama Series,2011,18th Annual,,FALSE
Alfie Allen,Game Of Thrones,Ensemble In A Drama Series,2011,18th Annual,,FALSE
Amrita Acharia,Game Of Thrones,Ensemble In A Drama Series,2011,18th Annual,,FALSE
Conleth Hill,Game Of Thrones,Ensemble In A Drama Series,2011,18th Annual,,FALSE
Dar Salim,Game Of Thrones,Ensemble In A Drama Series,2011,18th Annual,,FALSE
Donald Sumpter,Game Of Thrones,Ensemble In A Drama Series,2011,18th Annual,,FALSE
Elyes Gabel,Game Of Thrones,Ensemble In A Drama Series,2011,18th Annual,,FALSE
Emilia Clarke,Game Of Thrones,Ensemble In A Drama Series,2011,18th Annual,,FALSE
Iain Glen,Game Of Thrones,Ensemble In A Drama Series,2011,18th Annual,,FALSE
Ian Mcelhinney,Game Of Thrones,Ensemble In A Drama Series,2011,18th Annual,,FALSE
Isaac Hempstead-Wright,Game Of Thrones,Ensemble In A Drama Series,2011,18th Annual,,FALSE
Jack Gleeson,Game Of Thrones,Ensemble In A Drama Series,2011,18th Annual,,FALSE
Jason Momoa,Game Of Thrones,Ensemble In A Drama Series,2011,18th Annual,,FALSE
Jerome Flynn,Game Of Thrones,Ensemble In A Drama Series,2011,18th Annual,,FALSE
Josef Altin,Game Of Thrones,Ensemble In A Drama Series,2011,18th Annual,,FALSE
Julian Glover,Game Of Thrones,Ensemble In A Drama Series,2011,18th Annual,,FALSE
Kit Harrington,Game Of Thrones,Ensemble In A Drama Series,2011,18th Annual,,FALSE
Lena Headey,Game Of Thrones,Ensemble In A Drama Series,2011,18th Annual,,FALSE
Luke Mcewan,Game Of Thrones,Ensemble In A Drama Series,2011,18th Annual,,FALSE
Maisie Williams,Game Of Thrones,Ensemble In A Drama Series,2011,18th Annual,,FALSE
Mark Addy,Game Of Thrones,Ensemble In A Drama Series,2011,18th Annual,,FALSE
Mark Stanley,Game Of Thrones,Ensemble In A Drama Series,2011,18th Annual,,FALSE
Michelle Fairley,Game Of Thrones,Ensemble In A Drama Series,2011,18th Annual,,FALSE
Nikolaj Coster-Waldau,Game Of Thrones,Ensemble In A Drama Series,2011,18th Annual,,FALSE
Peter Dinklage,Game Of Thrones,Ensemble In A Drama Series,2011,18th Annual,,FALSE
Richard Madden,Game Of Thrones,Ensemble In A Drama Series,2011,18th Annual,,FALSE
Ron Donachie,Game Of Thrones,Ensemble In A Drama Series,2011,18th Annual,,FALSE
Rory Mccann,Game Of Thrones,Ensemble In A Drama Series,2011,18th Annual,,FALSE
Roxanne Mckee,Game Of Thrones,Ensemble In A Drama Series,2011,18th Annual,,FALSE
Sean Bean,Game Of Thrones,Ensemble In A Drama Series,2011,18th Annual,,FALSE
Sophie Turner,Game Of Thrones,Ensemble In A Drama Series,2011,18th Annual,,FALSE
Susan Brown,Game Of Thrones,Ensemble In A Drama Series,2011,18th Annual,,FALSE
,The Good Wife,Ensemble In A Drama Series,2011,18th Annual,,FALSE
Alan Cumming,The Good Wife,Ensemble In A Drama Series,2011,18th Annual,,FALSE
Archie Panjabi,The Good Wife,Ensemble In A Drama Series,2011,18th Annual,,FALSE
Christine Baranski,The Good Wife,Ensemble In A Drama Series,2011,18th Annual,,FALSE
Christopher Noth,The Good Wife,Ensemble In A Drama Series,2011,18th Annual,,FALSE
Graham Phillips,The Good Wife,Ensemble In A Drama Series,2011,18th Annual,,FALSE
Josh Charles,The Good Wife,Ensemble In A Drama Series,2011,18th Annual,,FALSE
Julianna Margulies,The Good Wife,Ensemble In A Drama Series,2011,18th Annual,,FALSE
Makenzie Vega,The Good Wife,Ensemble In A Drama Series,2011,18th Annual,,FALSE
Matt Czuchry,The Good Wife,Ensemble In A Drama Series,2011,18th Annual,,FALSE
Tina Fey,30 Rock,Female In A Comedy Series,2011,18th Annual,,FALSE
Betty White,Hot In Cleveland,Female In A Comedy Series,2011,18th Annual,,TRUE
Julie Bowen,Modern Family,Female In A Comedy Series,2011,18th Annual,,FALSE
Sofia Vergara,Modern Family,Female In A Comedy Series,2011,18th Annual,,FALSE
Edie Falco,Nurse Jackie,Female In A Comedy Series,2011,18th Annual,,FALSE
Jessica Lange,American Horror Story,Female In A Drama Series,2011,18th Annual,,TRUE
Glenn Close,Damages,Female In A Drama Series,2011,18th Annual,,FALSE
Kathy Bates,Harry's Law,Female In A Drama Series,2011,18th Annual,,FALSE
Kyra Sedgwick,The Closer,Female In A Drama Series,2011,18th Annual,,FALSE
Julianna Margulies,The Good Wife,Female In A Drama Series,2011,18th Annual,,FALSE
Glenn Close,Albert Nobbs,Female Lead In A Motion Picture,2011,18th Annual,Actress in a Leading Role,FALSE
Michelle Williams,My Week With Marilyn,Female Lead In A Motion Picture,2011,18th Annual,Actress in a Leading Role,FALSE
Viola Davis,The Help,Female Lead In A Motion Picture,2011,18th Annual,Actress in a Leading Role,TRUE
Meryl Streep,The Iron Lady,Female Lead In A Motion Picture,2011,18th Annual,Actress in a Leading Role,FALSE
Tilda Swinton,We Need To Talk About Kevin,Female Lead In A Motion Picture,2011,18th Annual,Actress in a Leading Role,FALSE
Janet Mcteer,Albert Nobbs,Female Support In A Motion Picture,2011,18th Annual,Actress in a Supporting Role,FALSE
Melissa Mccarthy,Bridesmaids,Female Support In A Motion Picture,2011,18th Annual,Actress in a Supporting Role,FALSE
Bérénice Bejo,The Artist,Female Support In A Motion Picture,2011,18th Annual,Actress in a Supporting Role,FALSE
Jessica Chastain,The Help,Female Support In A Motion Picture,2011,18th Annual,Actress in a Supporting Role,FALSE
Octavia Spencer,The Help,Female Support In A Motion Picture,2011,18th Annual,Actress in a Supporting Role,TRUE
Emily Watson,Appropriate Adult,Female In A Television Movie Or Limited Series,2011,18th Annual,,FALSE
Diane Lane,Cinema Verite,Female In A Television Movie Or Limited Series,2011,18th Annual,,FALSE
Maggie Smith,Downton Abbey,Female In A Television Movie Or Limited Series,2011,18th Annual,,FALSE
Betty White,Hallmark Hall Of Fame: The Lost Valentine,Female In A Television Movie Or Limited Series,2011,18th Annual,,FALSE
Kate Winslet,Mildred Pierce,Female In A Television Movie Or Limited Series,2011,18th Annual,,TRUE
Mary Tyler Moore,N/A,Life Achievement,2011,18th Annual,,TRUE
Alec Baldwin,30 Rock,Male In A Comedy Series,2011,18th Annual,,TRUE
Eric Stonestreet,Modern Family,Male In A Comedy Series,2011,18th Annual,,FALSE
Ty Burrell,Modern Family,Male In A Comedy Series,2011,18th Annual,,FALSE
Steve Carell,The Office,Male In A Comedy Series,2011,18th Annual,,FALSE
Jon Cryer,Two And A Half Men,Male In A Comedy Series,2011,18th Annual,,FALSE
Steve Buscemi,Boardwalk Empire,Male In A Drama Series,2011,18th Annual,,TRUE
Bryan Cranston,Breaking Bad,Male In A Drama Series,2011,18th Annual,,FALSE
Michael C. Hall,Dexter,Male In A Drama Series,2011,18th Annual,,FALSE
Kyle Chandler,Friday Night Lights,Male In A Drama Series,2011,18th Annual,,FALSE
Patrick J. Adams,Suits,Male In A Drama Series,2011,18th Annual,,FALSE
Demian Bichir,A Better Life,Male Lead In A Motion Picture,2011,18th Annual,Actor in a Leading Role,FALSE
Leonardo Dicaprio,J. Edgar,Male Lead In A Motion Picture,2011,18th Annual,Actor in a Leading Role,FALSE
Brad Pitt,Moneyball,Male Lead In A Motion Picture,2011,18th Annual,Actor in a Leading Role,FALSE
Jean Dujardin,The Artist,Male Lead In A Motion Picture,2011,18th Annual,Actor in a Leading Role,TRUE
George Clooney,The Descendants,Male Lead In A Motion Picture,2011,18th Annual,Actor in a Leading Role,FALSE
Christopher Plummer,Beginners,Male Support In A Motion Picture,2011,18th Annual,Actor in a Supporting Role,TRUE
Armie Hammer,J. Edgar,Male Support In A Motion Picture,2011,18th Annual,Actor in a Supporting Role,FALSE
Jonah Hill,Moneyball,Male Support In A Motion Picture,2011,18th Annual,Actor in a Supporting Role,FALSE
Kenneth Branagh,My Week With Marilyn,Male Support In A Motion Picture,2011,18th Annual,Actor in a Supporting Role,FALSE
Nick Nolte,Warrior,Male Support In A Motion Picture,2011,18th Annual,Actor in a Supporting Role,FALSE
Guy Pearce,Mildred Pierce,Male In A Television Movie Or Limited Series,2011,18th Annual,,FALSE
Greg Kinnear,The Kennedys,Male In A Television Movie Or Limited Series,2011,18th Annual,,FALSE
Laurence Fishburne,Thurgood,Male In A Television Movie Or Limited Series,2011,18th Annual,,FALSE
James Woods,Too Big To Fail,Male In A Television Movie Or Limited Series,2011,18th Annual,,FALSE
Paul Giamatti,Too Big To Fail,Male In A Television Movie Or Limited Series,2011,18th Annual,,TRUE
,Cowboys & Aliens,Stunt Ensemble In A Motion Picture,2011,18th Annual,,FALSE
,Harry Potter And The Deathly Hallows: Part 2,Stunt Ensemble In A Motion Picture,2011,18th Annual,,TRUE
,The Adjustment Bureau,Stunt Ensemble In A Motion Picture,2011,18th Annual,,FALSE
,Transformers: Darkside Of The Moon,Stunt Ensemble In A Motion Picture,2011,18th Annual,,FALSE
,X-Men: First Class,Stunt Ensemble In A Motion Picture,2011,18th Annual,,FALSE
,Dexter,Stunt Ensemble In A Television Series,2011,18th Annual,,FALSE
,Game Of Thrones,Stunt Ensemble In A Television Series,2011,18th Annual,,TRUE
,Southland,Stunt Ensemble In A Television Series,2011,18th Annual,,FALSE
,Spartacus: Gods Of The Arena,Stunt Ensemble In A Television Series,2011,18th Annual,,FALSE
,True Blood,Stunt Ensemble In A Television Series,2011,18th Annual,,FALSE
Barbara Hershey,Black Swan,Cast In A Motion Picture,2010,17th Annual,,FALSE
Mila Kunis,Black Swan,Cast In A Motion Picture,2010,17th Annual,,FALSE
Natalie Portman,Black Swan,Cast In A Motion Picture,2010,17th Annual,,FALSE
Winona Ryder,Black Swan,Cast In A Motion Picture,2010,17th Annual,,FALSE
Amy Adams,The Fighter,Cast In A Motion Picture,2010,17th Annual,,FALSE
Christian Bale,The Fighter,Cast In A Motion Picture,2010,17th Annual,,FALSE
Jack Mcgee,The Fighter,Cast In A Motion Picture,2010,17th Annual,,FALSE
Mark Wahlberg,The Fighter,Cast In A Motion Picture,2010,17th Annual,,FALSE
Melissa Leo,The Fighter,Cast In A Motion Picture,2010,17th Annual,,FALSE
Annette Bening,The Kids Are All Right,Cast In A Motion Picture,2010,17th Annual,,FALSE
Josh Hutcherson,The Kids Are All Right,Cast In A Motion Picture,2010,17th Annual,,FALSE
Julianne Moore,The Kids Are All Right,Cast In A Motion Picture,2010,17th Annual,,FALSE
Mark Ruffalo,The Kids Are All Right,Cast In A Motion Picture,2010,17th Annual,,FALSE
Mia Wasikowska,The Kids Are All Right,Cast In A Motion Picture,2010,17th Annual,,FALSE
Anthony Andrews,The King's Speech,Cast In A Motion Picture,2010,17th Annual,,TRUE
Colin Firth,The King's Speech,Cast In A Motion Picture,2010,17th Annual,,TRUE
Derek Jacobi,The King's Speech,Cast In A Motion Picture,2010,17th Annual,,TRUE
Geoffrey Rush,The King's Speech,Cast In A Motion Picture,2010,17th Annual,,TRUE
Guy Pearce,The King's Speech,Cast In A Motion Picture,2010,17th Annual,,TRUE
Helena Bonham Carter,The King's Speech,Cast In A Motion Picture,2010,17th Annual,,TRUE
Jennifer Ehle,The King's Speech,Cast In A Motion Picture,2010,17th Annual,,TRUE
Michael Gambon,The King's Speech,Cast In A Motion Picture,2010,17th Annual,,TRUE
Timothy Spall,The King's Speech,Cast In A Motion Picture,2010,17th Annual,,TRUE
Andrew Garfield,The Social Network,Cast In A Motion Picture,2010,17th Annual,,FALSE
Armie Hammer,The Social Network,Cast In A Motion Picture,2010,17th Annual,,FALSE
Jesse Eisenberg,The Social Network,Cast In A Motion Picture,2010,17th Annual,,FALSE
Josh Pence,The Social Network,Cast In A Motion Picture,2010,17th Annual,,FALSE
Justin Timberlake,The Social Network,Cast In A Motion Picture,2010,17th Annual,,FALSE
Max Minghella,The Social Network,Cast In A Motion Picture,2010,17th Annual,,FALSE
,30 Rock,Ensemble In A Comedy Series,2010,17th Annual,,FALSE
Alec Baldwin,30 Rock,Ensemble In A Comedy Series,2010,17th Annual,,FALSE
Grizz Chapman,30 Rock,Ensemble In A Comedy Series,2010,17th Annual,,FALSE
Jack Mcbrayer,30 Rock,Ensemble In A Comedy Series,2010,17th Annual,,FALSE
Jane Krakowski,30 Rock,Ensemble In A Comedy Series,2010,17th Annual,,FALSE
John Lutz,30 Rock,Ensemble In A Comedy Series,2010,17th Annual,,FALSE
Judah Friedlander,30 Rock,Ensemble In A Comedy Series,2010,17th Annual,,FALSE
Katrina Bowden,30 Rock,Ensemble In A Comedy Series,2010,17th Annual,,FALSE
Keith Powell,30 Rock,Ensemble In A Comedy Series,2010,17th Annual,,FALSE
Kevin Brown,30 Rock,Ensemble In A Comedy Series,2010,17th Annual,,FALSE
Maulik Pancholy,30 Rock,Ensemble In A Comedy Series,2010,17th Annual,,FALSE
Scott Adsit,30 Rock,Ensemble In A Comedy Series,2010,17th Annual,,FALSE
Tina Fey,30 Rock,Ensemble In A Comedy Series,2010,17th Annual,,FALSE
Tracy Morgan,30 Rock,Ensemble In A Comedy Series,2010,17th Annual,,FALSE
,Glee,Ensemble In A Comedy Series,2010,17th Annual,,FALSE
Amber Riley,Glee,Ensemble In A Comedy Series,2010,17th Annual,,FALSE
Chord Overstreet,Glee,Ensemble In A Comedy Series,2010,17th Annual,,FALSE
Chris Colfer,Glee,Ensemble In A Comedy Series,2010,17th Annual,,FALSE
Cory Monteith,Glee,Ensemble In A Comedy Series,2010,17th Annual,,FALSE
Dianna Agron,Glee,Ensemble In A Comedy Series,2010,17th Annual,,FALSE
"Harry Shum, Jr.",Glee,Ensemble In A Comedy Series,2010,17th Annual,,FALSE
Heather Morris,Glee,Ensemble In A Comedy Series,2010,17th Annual,,FALSE
Iqbal Theba,Glee,Ensemble In A Comedy Series,2010,17th Annual,,FALSE
Jane Lynch,Glee,Ensemble In A Comedy Series,2010,17th Annual,,FALSE
Jayma Mays,Glee,Ensemble In A Comedy Series,2010,17th Annual,,FALSE
Jenna Ushkowitz,Glee,Ensemble In A Comedy Series,2010,17th Annual,,FALSE
Kevin Mchale,Glee,Ensemble In A Comedy Series,2010,17th Annual,,FALSE
Lea Michele,Glee,Ensemble In A Comedy Series,2010,17th Annual,,FALSE
Mark Salling,Glee,Ensemble In A Comedy Series,2010,17th Annual,,FALSE
Matthew Morrison,Glee,Ensemble In A Comedy Series,2010,17th Annual,,FALSE
Max Adler,Glee,Ensemble In A Comedy Series,2010,17th Annual,,FALSE
Mike O'malley,Glee,Ensemble In A Comedy Series,2010,17th Annual,,FALSE
Naya Rivera,Glee,Ensemble In A Comedy Series,2010,17th Annual,,FALSE
,Hot In Cleveland,Ensemble In A Comedy Series,2010,17th Annual,,FALSE
Betty White,Hot In Cleveland,Ensemble In A Comedy Series,2010,17th Annual,,FALSE
Jane Leeves,Hot In Cleveland,Ensemble In A Comedy Series,2010,17th Annual,,FALSE
Valerie Bertinelli,Hot In Cleveland,Ensemble In A Comedy Series,2010,17th Annual,,FALSE
Wendie Malick,Hot In Cleveland,Ensemble In A Comedy Series,2010,17th Annual,,FALSE
,Modern Family,Ensemble In A Comedy Series,2010,17th Annual,,TRUE
Ariel Winter,Modern Family,Ensemble In A Comedy Series,2010,17th Annual,,TRUE
Ed O'neill,Modern Family,Ensemble In A Comedy Series,2010,17th Annual,,TRUE
Eric Stonestreet,Modern Family,Ensemble In A Comedy Series,2010,17th Annual,,TRUE
Jesse Tyler Ferguson,Modern Family,Ensemble In A Comedy Series,2010,17th Annual,,TRUE
Julie Bowen,Modern Family,Ensemble In A Comedy Series,2010,17th Annual,,TRUE
Nolan Gould,Modern Family,Ensemble In A Comedy Series,2010,17th Annual,,TRUE
Rico Rodriguez,Modern Family,Ensemble In A Comedy Series,2010,17th Annual,,TRUE
Sarah Hyland,Modern Family,Ensemble In A Comedy Series,2010,17th Annual,,TRUE
Sofia Vergara,Modern Family,Ensemble In A Comedy Series,2010,17th Annual,,TRUE
Ty Burrell,Modern Family,Ensemble In A Comedy Series,2010,17th Annual,,TRUE
,The Office,Ensemble In A Comedy Series,2010,17th Annual,,FALSE
Angela Kinsey,The Office,Ensemble In A Comedy Series,2010,17th Annual,,FALSE
B.j. Novak,The Office,Ensemble In A Comedy Series,2010,17th Annual,,FALSE
Brian Baumgartner,The Office,Ensemble In A Comedy Series,2010,17th Annual,,FALSE
Craig Robinson,The Office,Ensemble In A Comedy Series,2010,17th Annual,,FALSE
Creed Bratton,The Office,Ensemble In A Comedy Series,2010,17th Annual,,FALSE
Ed Helms,The Office,Ensemble In A Comedy Series,2010,17th Annual,,FALSE
Ellie Kemper,The Office,Ensemble In A Comedy Series,2010,17th Annual,,FALSE
Jenna Fischer,The Office,Ensemble In A Comedy Series,2010,17th Annual,,FALSE
John Krasinski,The Office,Ensemble In A Comedy Series,2010,17th Annual,,FALSE
Kate Flannery,The Office,Ensemble In A Comedy Series,2010,17th Annual,,FALSE
Leslie David Baker,The Office,Ensemble In A Comedy Series,2010,17th Annual,,FALSE
Mindy Kaling,The Office,Ensemble In A Comedy Series,2010,17th Annual,,FALSE
Oscar Nuñez,The Office,Ensemble In A Comedy Series,2010,17th Annual,,FALSE
Paul Lieberstein,The Office,Ensemble In A Comedy Series,2010,17th Annual,,FALSE
Phyllis Smith,The Office,Ensemble In A Comedy Series,2010,17th Annual,,FALSE
Rainn Wilson,The Office,Ensemble In A Comedy Series,2010,17th Annual,,FALSE
Steve Carell,The Office,Ensemble In A Comedy Series,2010,17th Annual,,FALSE
Zach Woods,The Office,Ensemble In A Comedy Series,2010,17th Annual,,FALSE
,Boardwalk Empire,Ensemble In A Drama Series,2010,17th Annual,,TRUE
Aleksa Palladino,Boardwalk Empire,Ensemble In A Drama Series,2010,17th Annual,,TRUE
Anthony Laciura,Boardwalk Empire,Ensemble In A Drama Series,2010,17th Annual,,TRUE
Dabney Coleman,Boardwalk Empire,Ensemble In A Drama Series,2010,17th Annual,,TRUE
Erik Weiner,Boardwalk Empire,Ensemble In A Drama Series,2010,17th Annual,,TRUE
Gregory Antonacci,Boardwalk Empire,Ensemble In A Drama Series,2010,17th Annual,,TRUE
Gretchen Mol,Boardwalk Empire,Ensemble In A Drama Series,2010,17th Annual,,TRUE
Kelly Macdonald,Boardwalk Empire,Ensemble In A Drama Series,2010,17th Annual,,TRUE
Michael Pitt,Boardwalk Empire,Ensemble In A Drama Series,2010,17th Annual,,TRUE
Michael Shannon,Boardwalk Empire,Ensemble In A Drama Series,2010,17th Annual,,TRUE
Michael Stuhlbarg,Boardwalk Empire,Ensemble In A Drama Series,2010,17th Annual,,TRUE
Paul Sparks,Boardwalk Empire,Ensemble In A Drama Series,2010,17th Annual,,TRUE
Paz De La Huerta,Boardwalk Empire,Ensemble In A Drama Series,2010,17th Annual,,TRUE
Shea Whigham,Boardwalk Empire,Ensemble In A Drama Series,2010,17th Annual,,TRUE
Stephen Graham,Boardwalk Empire,Ensemble In A Drama Series,2010,17th Annual,,TRUE
Steve Buscemi,Boardwalk Empire,Ensemble In A Drama Series,2010,17th Annual,,TRUE
Vincent Piazza,Boardwalk Empire,Ensemble In A Drama Series,2010,17th Annual,,TRUE
,Dexter,Ensemble In A Drama Series,2010,17th Annual,,FALSE
April Lee Hernandez-Castillo,Dexter,Ensemble In A Drama Series,2010,17th Annual,,FALSE
C.s. Lee,Dexter,Ensemble In A Drama Series,2010,17th Annual,,FALSE
David Zayas,Dexter,Ensemble In A Drama Series,2010,17th Annual,,FALSE
Desmond Harrington,Dexter,Ensemble In A Drama Series,2010,17th Annual,,FALSE
James Remar,Dexter,Ensemble In A Drama Series,2010,17th Annual,,FALSE
Jennifer Carpenter,Dexter,Ensemble In A Drama Series,2010,17th Annual,,FALSE
Jonny Lee Miller,Dexter,Ensemble In A Drama Series,2010,17th Annual,,FALSE
Julia Stiles,Dexter,Ensemble In A Drama Series,2010,17th Annual,,FALSE
Lauren Velez,Dexter,Ensemble In A Drama Series,2010,17th Annual,,FALSE
Maria Doyle Kennedy,Dexter,Ensemble In A Drama Series,2010,17th Annual,,FALSE
Michael C. Hall,Dexter,Ensemble In A Drama Series,2010,17th Annual,,FALSE
Peter Weller,Dexter,Ensemble In A Drama Series,2010,17th Annual,,FALSE
,Mad Men,Ensemble In A Drama Series,2010,17th Annual,,FALSE
Aaron Staton,Mad Men,Ensemble In A Drama Series,2010,17th Annual,,FALSE
Cara Buono,Mad Men,Ensemble In A Drama Series,2010,17th Annual,,FALSE
Christina Hendricks,Mad Men,Ensemble In A Drama Series,2010,17th Annual,,FALSE
Christopher Stanley,Mad Men,Ensemble In A Drama Series,2010,17th Annual,,FALSE
Elisabeth Moss,Mad Men,Ensemble In A Drama Series,2010,17th Annual,,FALSE
January Jones,Mad Men,Ensemble In A Drama Series,2010,17th Annual,,FALSE
Jared Harris,Mad Men,Ensemble In A Drama Series,2010,17th Annual,,FALSE
Jessica Paré,Mad Men,Ensemble In A Drama Series,2010,17th Annual,,FALSE
John Slattery,Mad Men,Ensemble In A Drama Series,2010,17th Annual,,FALSE
Jon Hamm,Mad Men,Ensemble In A Drama Series,2010,17th Annual,,FALSE
Kiernan Shipka,Mad Men,Ensemble In A Drama Series,2010,17th Annual,,FALSE
Matt Long,Mad Men,Ensemble In A Drama Series,2010,17th Annual,,FALSE
Rich Sommer,Mad Men,Ensemble In A Drama Series,2010,17th Annual,,FALSE
Robert Morse,Mad Men,Ensemble In A Drama Series,2010,17th Annual,,FALSE
Vincent Kartheiser,Mad Men,Ensemble In A Drama Series,2010,17th Annual,,FALSE
,The Closer,Ensemble In A Drama Series,2010,17th Annual,,FALSE
Corey Reynolds,The Closer,Ensemble In A Drama Series,2010,17th Annual,,FALSE
G.w. Bailey,The Closer,Ensemble In A Drama Series,2010,17th Annual,,FALSE
J.k. Simmons,The Closer,Ensemble In A Drama Series,2010,17th Annual,,FALSE
Jon Tenney,The Closer,Ensemble In A Drama Series,2010,17th Annual,,FALSE
Kyra Sedgwick,The Closer,Ensemble In A Drama Series,2010,17th Annual,,FALSE
Michael Del Arco,The Closer,Ensemble In A Drama Series,2010,17th Annual,,FALSE
Michael Paul Chan,The Closer,Ensemble In A Drama Series,2010,17th Annual,,FALSE
Phillip P. Keene,The Closer,Ensemble In A Drama Series,2010,17th Annual,,FALSE
Raymond Cruz,The Closer,Ensemble In A Drama Series,2010,17th Annual,,FALSE
Robert Gossett,The Closer,Ensemble In A Drama Series,2010,17th Annual,,FALSE
Tony Denison,The Closer,Ensemble In A Drama Series,2010,17th Annual,,FALSE
,The Good Wife,Ensemble In A Drama Series,2010,17th Annual,,FALSE
Alan Cumming,The Good Wife,Ensemble In A Drama Series,2010,17th Annual,,FALSE
Archie Panjabi,The Good Wife,Ensemble In A Drama Series,2010,17th Annual,,FALSE
Christine Baranski,The Good Wife,Ensemble In A Drama Series,2010,17th Annual,,FALSE
Christopher Noth,The Good Wife,Ensemble In A Drama Series,2010,17th Annual,,FALSE
Graham Phillips,The Good Wife,Ensemble In A Drama Series,2010,17th Annual,,FALSE
Josh Charles,The Good Wife,Ensemble In A Drama Series,2010,17th Annual,,FALSE
Julianna Margulies,The Good Wife,Ensemble In A Drama Series,2010,17th Annual,,FALSE
Makenzie Vega,The Good Wife,Ensemble In A Drama Series,2010,17th Annual,,FALSE
Matt Czuchry,The Good Wife,Ensemble In A Drama Series,2010,17th Annual,,FALSE
Tina Fey,30 Rock,Female In A Comedy Series,2010,17th Annual,,FALSE
Jane Lynch,Glee,Female In A Comedy Series,2010,17th Annual,,FALSE
Betty White,Hot In Cleveland,Female In A Comedy Series,2010,17th Annual,,TRUE
Sofia Vergara,Modern Family,Female In A Comedy Series,2010,17th Annual,,FALSE
Edie Falco,Nurse Jackie,Female In A Comedy Series,2010,17th Annual,,FALSE
Glenn Close,Damages,Female In A Drama Series,2010,17th Annual,,FALSE
Mariska Hargitay,Law & Order: Svu,Female In A Drama Series,2010,17th Annual,,FALSE
Elisabeth Moss,Mad Men,Female In A Drama Series,2010,17th Annual,,FALSE
Kyra Sedgwick,The Closer,Female In A Drama Series,2010,17th Annual,,FALSE
Julianna Margulies,The Good Wife,Female In A Drama Series,2010,17th Annual,,TRUE
Natalie Portman,Black Swan,Female Lead In A Motion Picture,2010,17th Annual,Actress in a Leading Role,TRUE
Hilary Swank,Conviction,Female Lead In A Motion Picture,2010,17th Annual,Actress in a Leading Role,FALSE
Nicole Kidman,Rabbit Hole,Female Lead In A Motion Picture,2010,17th Annual,Actress in a Leading Role,FALSE
Annette Bening,The Kids Are All Right,Female Lead In A Motion Picture,2010,17th Annual,Actress in a Leading Role,FALSE
Jennifer Lawrence,Winter's Bone,Female Lead In A Motion Picture,2010,17th Annual,Actress in a Leading Role,FALSE
Mila Kunis,Black Swan,Female Support In A Motion Picture,2010,17th Annual,Actress in a Supporting Role,FALSE
Amy Adams,The Fighter,Female Support In A Motion Picture,2010,17th Annual,Actress in a Supporting Role,FALSE
Melissa Leo,The Fighter,Female Support In A Motion Picture,2010,17th Annual,Actress in a Supporting Role,TRUE
Helena Bonham Carter,The King's Speech,Female Support In A Motion Picture,2010,17th Annual,Actress in a Supporting Role,FALSE
Hailee Steinfeld,True Grit,Female Support In A Motion Picture,2010,17th Annual,Actress in a Supporting Role,FALSE
Catherine O'hara,Temple Grandin,Female In A Television Movie Or Limited Series,2010,17th Annual,,FALSE
Claire Danes,Temple Grandin,Female In A Television Movie Or Limited Series,2010,17th Annual,,TRUE
Julia Ormond,Temple Grandin,Female In A Television Movie Or Limited Series,2010,17th Annual,,FALSE
Winona Ryder,When Love Is Not Enough: The Lois Wilson Story,Female In A Television Movie Or Limited Series,2010,17th Annual,,FALSE
Susan Sarandon,You Don't Know Jack,Female In A Television Movie Or Limited Series,2010,17th Annual,,FALSE
Ernest Borgnine,N/A,Life Achievement,2010,17th Annual,,TRUE
Alec Baldwin,30 Rock,Male In A Comedy Series,2010,17th Annual,,TRUE
Chris Colfer,Glee,Male In A Comedy Series,2010,17th Annual,,FALSE
Ed O'neill,Modern Family,Male In A Comedy Series,2010,17th Annual,,FALSE
Ty Burrell,Modern Family,Male In A Comedy Series,2010,17th Annual,,FALSE
Steve Carell,The Office,Male In A Comedy Series,2010,17th Annual,,FALSE
Steve Buscemi,Boardwalk Empire,Male In A Drama Series,2010,17th Annual,,TRUE
Bryan Cranston,Breaking Bad,Male In A Drama Series,2010,17th Annual,,FALSE
Michael C. Hall,Dexter,Male In A Drama Series,2010,17th Annual,,FALSE
Hugh Laurie,House,Male In A Drama Series,2010,17th Annual,,FALSE
Jon Hamm,Mad Men,Male In A Drama Series,2010,17th Annual,,FALSE
James Franco,127 Hours,Male Lead In A Motion Picture,2010,17th Annual,Actor in a Leading Role,FALSE
Robert Duvall,Get Low,Male Lead In A Motion Picture,2010,17th Annual,Actor in a Leading Role,FALSE
Colin Firth,The King's Speech,Male Lead In A Motion Picture,2010,17th Annual,Actor in a Leading Role,TRUE
Jesse Eisenberg,The Social Network,Male Lead In A Motion Picture,2010,17th Annual,Actor in a Leading Role,FALSE
Jeff Bridges,True Grit,Male Lead In A Motion Picture,2010,17th Annual,Actor in a Leading Role,FALSE
Christian Bale,The Fighter,Male Support In A Motion Picture,2010,17th Annual,Actor in a Supporting Role,TRUE
Mark Ruffalo,The Kids Are All Right,Male Support In A Motion Picture,2010,17th Annual,Actor in a Supporting Role,FALSE
Geoffrey Rush,The King's Speech,Male Support In A Motion Picture,2010,17th Annual,Actor in a Supporting Role,FALSE
Jeremy Renner,The Town,Male Support In A Motion Picture,2010,17th Annual,Actor in a Supporting Role,FALSE
John Hawkes,Winter's Bone,Male Support In A Motion Picture,2010,17th Annual,Actor in a Supporting Role,FALSE
Edgar Ramirez,Carlos,Male In A Television Movie Or Limited Series,2010,17th Annual,,FALSE
Patrick Stewart,Macbeth (Great Performances),Male In A Television Movie Or Limited Series,2010,17th Annual,,FALSE
Dennis Quaid,The Special Relationship,Male In A Television Movie Or Limited Series,2010,17th Annual,,FALSE
Al Pacino,You Don't Know Jack,Male In A Television Movie Or Limited Series,2010,17th Annual,,TRUE
John Goodman,You Don't Know Jack,Male In A Television Movie Or Limited Series,2010,17th Annual,,FALSE
,Green Zone,Stunt Ensemble In A Motion Picture,2010,17th Annual,,FALSE
,Inception,Stunt Ensemble In A Motion Picture,2010,17th Annual,,TRUE
,Robin Hood,Stunt Ensemble In A Motion Picture,2010,17th Annual,,FALSE
,Burn Notice,Stunt Ensemble In A Television Series,2010,17th Annual,,FALSE
,Csi: New York,Stunt Ensemble In A Television Series,2010,17th Annual,,FALSE
,Dexter,Stunt Ensemble In A Television Series,2010,17th Annual,,FALSE
,Southland,Stunt Ensemble In A Television Series,2010,17th Annual,,FALSE
,True Blood,Stunt Ensemble In A Television Series,2010,17th Annual,,TRUE
Alfred Molina,An Education,Cast In A Motion Picture,2009,16th Annual,,FALSE
Carey Mulligan,An Education,Cast In A Motion Picture,2009,16th Annual,,FALSE
Dominic Cooper,An Education,Cast In A Motion Picture,2009,16th Annual,,FALSE
Emma Thompson,An Education,Cast In A Motion Picture,2009,16th Annual,,FALSE
Olivia Williams,An Education,Cast In A Motion Picture,2009,16th Annual,,FALSE
Peter Sarsgaard,An Education,Cast In A Motion Picture,2009,16th Annual,,FALSE
Rosamund Pike,An Education,Cast In A Motion Picture,2009,16th Annual,,FALSE
Vincent Cassel,Black Swan,Cast In A Motion Picture,2009,16th Annual,,FALSE
August Diehl,Inglourious Basterds,Cast In A Motion Picture,2009,16th Annual,,TRUE
Brad Pitt,Inglourious Basterds,Cast In A Motion Picture,2009,16th Annual,,TRUE
Christoph Waltz,Inglourious Basterds,Cast In A Motion Picture,2009,16th Annual,,TRUE
Daniel Brühl,Inglourious Basterds,Cast In A Motion Picture,2009,16th Annual,,TRUE
Denis Menochet,Inglourious Basterds,Cast In A Motion Picture,2009,16th Annual,,TRUE
Diane Kruger,Inglourious Basterds,Cast In A Motion Picture,2009,16th Annual,,TRUE
Eli Roth,Inglourious Basterds,Cast In A Motion Picture,2009,16th Annual,,TRUE
Groth Ido,Inglourious Basterds,Cast In A Motion Picture,2009,16th Annual,,TRUE
Julie Dreyfus,Inglourious Basterds,Cast In A Motion Picture,2009,16th Annual,,TRUE
Martin Wuttke,Inglourious Basterds,Cast In A Motion Picture,2009,16th Annual,,TRUE
Melanie Laurent,Inglourious Basterds,Cast In A Motion Picture,2009,16th Annual,,TRUE
Michael Fassbender,Inglourious Basterds,Cast In A Motion Picture,2009,16th Annual,,TRUE
Mike Myers,Inglourious Basterds,Cast In A Motion Picture,2009,16th Annual,,TRUE
Rod Taylor,Inglourious Basterds,Cast In A Motion Picture,2009,16th Annual,,TRUE
Sylvester Groth,Inglourious Basterds,Cast In A Motion Picture,2009,16th Annual,,TRUE
Til Schweiger,Inglourious Basterds,Cast In A Motion Picture,2009,16th Annual,,TRUE
Daniel Day-Lewis,Nine,Cast In A Motion Picture,2009,16th Annual,,FALSE
Judi Dench,Nine,Cast In A Motion Picture,2009,16th Annual,,FALSE
Kate Hudson,Nine,Cast In A Motion Picture,2009,16th Annual,,FALSE
Marion Cotillard,Nine,Cast In A Motion Picture,2009,16th Annual,,FALSE
Nicole Kidman,Nine,Cast In A Motion Picture,2009,16th Annual,,FALSE
Penélope Cruz,Nine,Cast In A Motion Picture,2009,16th Annual,,FALSE
Sophia Loren,Nine,Cast In A Motion Picture,2009,16th Annual,,FALSE
"Stacy Ann ""Fergie"" Ferguson-Duhamel",Nine,Cast In A Motion Picture,2009,16th Annual,,FALSE
Gabourey Sidibe,Precious,Cast In A Motion Picture,2009,16th Annual,,FALSE
Lenny Kravitz,Precious,Cast In A Motion Picture,2009,16th Annual,,FALSE
Mariah Carey,Precious,Cast In A Motion Picture,2009,16th Annual,,FALSE
"Monique Angela ""Mo'nique"" Hicks",Precious,Cast In A Motion Picture,2009,16th Annual,,FALSE
Paula Patton,Precious,Cast In A Motion Picture,2009,16th Annual,,FALSE
Sherri Shepherd,Precious,Cast In A Motion Picture,2009,16th Annual,,FALSE
Anthony Mackie,The Hurt Locker,Cast In A Motion Picture,2009,16th Annual,,FALSE
Brian Geraghty,The Hurt Locker,Cast In A Motion Picture,2009,16th Annual,,FALSE
Christian Camargo,The Hurt Locker,Cast In A Motion Picture,2009,16th Annual,,FALSE
Evangeline Lilly,The Hurt Locker,Cast In A Motion Picture,2009,16th Annual,,FALSE
Jeremy Renner,The Hurt Locker,Cast In A Motion Picture,2009,16th Annual,,FALSE
,30 Rock,Ensemble In A Comedy Series,2009,16th Annual,,FALSE
Alec Baldwin,30 Rock,Ensemble In A Comedy Series,2009,16th Annual,,FALSE
Grizz Chapman,30 Rock,Ensemble In A Comedy Series,2009,16th Annual,,FALSE
Jack Mcbrayer,30 Rock,Ensemble In A Comedy Series,2009,16th Annual,,FALSE
Jane Krakowski,30 Rock,Ensemble In A Comedy Series,2009,16th Annual,,FALSE
John Lutz,30 Rock,Ensemble In A Comedy Series,2009,16th Annual,,FALSE
Judah Friedlander,30 Rock,Ensemble In A Comedy Series,2009,16th Annual,,FALSE
Katrina Bowden,30 Rock,Ensemble In A Comedy Series,2009,16th Annual,,FALSE
Keith Powell,30 Rock,Ensemble In A Comedy Series,2009,16th Annual,,FALSE
Kevin Brown,30 Rock,Ensemble In A Comedy Series,2009,16th Annual,,FALSE
Scott Adsit,30 Rock,Ensemble In A Comedy Series,2009,16th Annual,,FALSE
Tina Fey,30 Rock,Ensemble In A Comedy Series,2009,16th Annual,,FALSE
Tracy Morgan,30 Rock,Ensemble In A Comedy Series,2009,16th Annual,,FALSE
,Curb Your Enthusiasm,Ensemble In A Comedy Series,2009,16th Annual,,FALSE
Cheryl Hines,Curb Your Enthusiasm,Ensemble In A Comedy Series,2009,16th Annual,,FALSE
Jeff Garlin,Curb Your Enthusiasm,Ensemble In A Comedy Series,2009,16th Annual,,FALSE
Larry David,Curb Your Enthusiasm,Ensemble In A Comedy Series,2009,16th Annual,,FALSE
Susie Essman,Curb Your Enthusiasm,Ensemble In A Comedy Series,2009,16th Annual,,FALSE
,Glee,Ensemble In A Comedy Series,2009,16th Annual,,TRUE
Amber Riley,Glee,Ensemble In A Comedy Series,2009,16th Annual,,TRUE
Chris Colfer,Glee,Ensemble In A Comedy Series,2009,16th Annual,,TRUE
Cory Monteith,Glee,Ensemble In A Comedy Series,2009,16th Annual,,TRUE
Dianna Agron,Glee,Ensemble In A Comedy Series,2009,16th Annual,,TRUE
Dijon Talton,Glee,Ensemble In A Comedy Series,2009,16th Annual,,TRUE
"Harry Shum, Jr.",Glee,Ensemble In A Comedy Series,2009,16th Annual,,TRUE
Heather Morris,Glee,Ensemble In A Comedy Series,2009,16th Annual,,TRUE
Iqbal Theba,Glee,Ensemble In A Comedy Series,2009,16th Annual,,TRUE
Jane Lynch,Glee,Ensemble In A Comedy Series,2009,16th Annual,,TRUE
Jayma Mays,Glee,Ensemble In A Comedy Series,2009,16th Annual,,TRUE
Jenna Ushkowitz,Glee,Ensemble In A Comedy Series,2009,16th Annual,,TRUE
Jessalyn Gilsig,Glee,Ensemble In A Comedy Series,2009,16th Annual,,TRUE
Josh Sussman,Glee,Ensemble In A Comedy Series,2009,16th Annual,,TRUE
Kevin Mchale,Glee,Ensemble In A Comedy Series,2009,16th Annual,,TRUE
Lea Michele,Glee,Ensemble In A Comedy Series,2009,16th Annual,,TRUE
Mark Salling,Glee,Ensemble In A Comedy Series,2009,16th Annual,,TRUE
Matthew Morrison,Glee,Ensemble In A Comedy Series,2009,16th Annual,,TRUE
Naya Rivera,Glee,Ensemble In A Comedy Series,2009,16th Annual,,TRUE
Patrick Gallagher,Glee,Ensemble In A Comedy Series,2009,16th Annual,,TRUE
,Modern Family,Ensemble In A Comedy Series,2009,16th Annual,,FALSE
Ariel Winter,Modern Family,Ensemble In A Comedy Series,2009,16th Annual,,FALSE
Ed O'neill,Modern Family,Ensemble In A Comedy Series,2009,16th Annual,,FALSE
Eric Stonestreet,Modern Family,Ensemble In A Comedy Series,2009,16th Annual,,FALSE
Jesse Tyler Ferguson,Modern Family,Ensemble In A Comedy Series,2009,16th Annual,,FALSE
Julie Bowen,Modern Family,Ensemble In A Comedy Series,2009,16th Annual,,FALSE
Nolan Gould,Modern Family,Ensemble In A Comedy Series,2009,16th Annual,,FALSE
Rico Rodriguez,Modern Family,Ensemble In A Comedy Series,2009,16th Annual,,FALSE
Sarah Hyland,Modern Family,Ensemble In A Comedy Series,2009,16th Annual,,FALSE
Sofia Vergara,Modern Family,Ensemble In A Comedy Series,2009,16th Annual,,FALSE
Ty Burrell,Modern Family,Ensemble In A Comedy Series,2009,16th Annual,,FALSE
,The Office,Ensemble In A Comedy Series,2009,16th Annual,,FALSE
Angela Kinsey,The Office,Ensemble In A Comedy Series,2009,16th Annual,,FALSE
B.j. Novak,The Office,Ensemble In A Comedy Series,2009,16th Annual,,FALSE
Brian Baumgartner,The Office,Ensemble In A Comedy Series,2009,16th Annual,,FALSE
Craig Robinson,The Office,Ensemble In A Comedy Series,2009,16th Annual,,FALSE
Creed Bratton,The Office,Ensemble In A Comedy Series,2009,16th Annual,,FALSE
Ed Helms,The Office,Ensemble In A Comedy Series,2009,16th Annual,,FALSE
Ellie Kemper,The Office,Ensemble In A Comedy Series,2009,16th Annual,,FALSE
Jenna Fischer,The Office,Ensemble In A Comedy Series,2009,16th Annual,,FALSE
John Krasinski,The Office,Ensemble In A Comedy Series,2009,16th Annual,,FALSE
Kate Flannery,The Office,Ensemble In A Comedy Series,2009,16th Annual,,FALSE
Leslie David Baker,The Office,Ensemble In A Comedy Series,2009,16th Annual,,FALSE
Mindy Kaling,The Office,Ensemble In A Comedy Series,2009,16th Annual,,FALSE
Oscar Nuñez,The Office,Ensemble In A Comedy Series,2009,16th Annual,,FALSE
Paul Lieberstein,The Office,Ensemble In A Comedy Series,2009,16th Annual,,FALSE
Phyllis Smith,The Office,Ensemble In A Comedy Series,2009,16th Annual,,FALSE
Rainn Wilson,The Office,Ensemble In A Comedy Series,2009,16th Annual,,FALSE
Steve Carell,The Office,Ensemble In A Comedy Series,2009,16th Annual,,FALSE
,Dexter,Ensemble In A Drama Series,2009,16th Annual,,FALSE
Brando Eaton,Dexter,Ensemble In A Drama Series,2009,16th Annual,,FALSE
C.s. Lee,Dexter,Ensemble In A Drama Series,2009,16th Annual,,FALSE
Christina Robinson,Dexter,Ensemble In A Drama Series,2009,16th Annual,,FALSE
Courtney Ford,Dexter,Ensemble In A Drama Series,2009,16th Annual,,FALSE
David Zayas,Dexter,Ensemble In A Drama Series,2009,16th Annual,,FALSE
Desmond Harrington,Dexter,Ensemble In A Drama Series,2009,16th Annual,,FALSE
James Remar,Dexter,Ensemble In A Drama Series,2009,16th Annual,,FALSE
Jennifer Carpenter,Dexter,Ensemble In A Drama Series,2009,16th Annual,,FALSE
John Lithgow,Dexter,Ensemble In A Drama Series,2009,16th Annual,,FALSE
Julie Benz,Dexter,Ensemble In A Drama Series,2009,16th Annual,,FALSE
Lauren Vélez,Dexter,Ensemble In A Drama Series,2009,16th Annual,,FALSE
Michael C. Hall,Dexter,Ensemble In A Drama Series,2009,16th Annual,,FALSE
Preston Bailey,Dexter,Ensemble In A Drama Series,2009,16th Annual,,FALSE
Rick Peters,Dexter,Ensemble In A Drama Series,2009,16th Annual,,FALSE
,Mad Men,Ensemble In A Drama Series,2009,16th Annual,,TRUE
Aaron Staton,Mad Men,Ensemble In A Drama Series,2009,16th Annual,,TRUE
Alexa Alemanni,Mad Men,Ensemble In A Drama Series,2009,16th Annual,,TRUE
Bryan Batt,Mad Men,Ensemble In A Drama Series,2009,16th Annual,,TRUE
Christina Hendricks,Mad Men,Ensemble In A Drama Series,2009,16th Annual,,TRUE
Christopher Stanley,Mad Men,Ensemble In A Drama Series,2009,16th Annual,,TRUE
Elisabeth Moss,Mad Men,Ensemble In A Drama Series,2009,16th Annual,,TRUE
January Jones,Mad Men,Ensemble In A Drama Series,2009,16th Annual,,TRUE
Jared Harris,Mad Men,Ensemble In A Drama Series,2009,16th Annual,,TRUE
Jared S. Gilmore,Mad Men,Ensemble In A Drama Series,2009,16th Annual,,TRUE
John Slattery,Mad Men,Ensemble In A Drama Series,2009,16th Annual,,TRUE
Jon Hamm,Mad Men,Ensemble In A Drama Series,2009,16th Annual,,TRUE
Kiernan Shipka,Mad Men,Ensemble In A Drama Series,2009,16th Annual,,TRUE
Michael Gladis,Mad Men,Ensemble In A Drama Series,2009,16th Annual,,TRUE
Rich Sommer,Mad Men,Ensemble In A Drama Series,2009,16th Annual,,TRUE
Robert Morse,Mad Men,Ensemble In A Drama Series,2009,16th Annual,,TRUE
Vincent Kartheiser,Mad Men,Ensemble In A Drama Series,2009,16th Annual,,TRUE
,The Closer,Ensemble In A Drama Series,2009,16th Annual,,FALSE
Corey Reynolds,The Closer,Ensemble In A Drama Series,2009,16th Annual,,FALSE
G.w. Bailey,The Closer,Ensemble In A Drama Series,2009,16th Annual,,FALSE
J.k. Simmons,The Closer,Ensemble In A Drama Series,2009,16th Annual,,FALSE
Jon Tenney,The Closer,Ensemble In A Drama Series,2009,16th Annual,,FALSE
Kyra Sedgwick,The Closer,Ensemble In A Drama Series,2009,16th Annual,,FALSE
Michael Paul Chan,The Closer,Ensemble In A Drama Series,2009,16th Annual,,FALSE
Phillip P. Keene,The Closer,Ensemble In A Drama Series,2009,16th Annual,,FALSE
Raymond Cruz,The Closer,Ensemble In A Drama Series,2009,16th Annual,,FALSE
Robert Gossett,The Closer,Ensemble In A Drama Series,2009,16th Annual,,FALSE
Tony Denison,The Closer,Ensemble In A Drama Series,2009,16th Annual,,FALSE
,The Good Wife,Ensemble In A Drama Series,2009,16th Annual,,FALSE
Archie Panjabi,The Good Wife,Ensemble In A Drama Series,2009,16th Annual,,FALSE
Christine Baranski,The Good Wife,Ensemble In A Drama Series,2009,16th Annual,,FALSE
Graham Phillips,The Good Wife,Ensemble In A Drama Series,2009,16th Annual,,FALSE
Josh Charles,The Good Wife,Ensemble In A Drama Series,2009,16th Annual,,FALSE
Julianna Margulies,The Good Wife,Ensemble In A Drama Series,2009,16th Annual,,FALSE
Makenzie Vega,The Good Wife,Ensemble In A Drama Series,2009,16th Annual,,FALSE
Matt Czuchry,The Good Wife,Ensemble In A Drama Series,2009,16th Annual,,FALSE
,True Blood,Ensemble In A Drama Series,2009,16th Annual,,FALSE
Alexander Skarsgard,True Blood,Ensemble In A Drama Series,2009,16th Annual,,FALSE
Anna Camp,True Blood,Ensemble In A Drama Series,2009,16th Annual,,FALSE
Anna Paquin,True Blood,Ensemble In A Drama Series,2009,16th Annual,,FALSE
Carrie Preston,True Blood,Ensemble In A Drama Series,2009,16th Annual,,FALSE
Chris Bauer,True Blood,Ensemble In A Drama Series,2009,16th Annual,,FALSE
Deborah Ann Woll,True Blood,Ensemble In A Drama Series,2009,16th Annual,,FALSE
Jim Parrack,True Blood,Ensemble In A Drama Series,2009,16th Annual,,FALSE
Mariana Klaveno,True Blood,Ensemble In A Drama Series,2009,16th Annual,,FALSE
Mehcad Brooks,True Blood,Ensemble In A Drama Series,2009,16th Annual,,FALSE
Michael Mcmillian,True Blood,Ensemble In A Drama Series,2009,16th Annual,,FALSE
Michelle Forbes,True Blood,Ensemble In A Drama Series,2009,16th Annual,,FALSE
Nelsan Ellis,True Blood,Ensemble In A Drama Series,2009,16th Annual,,FALSE
Rutina Wesley,True Blood,Ensemble In A Drama Series,2009,16th Annual,,FALSE
Ryan Kwanten,True Blood,Ensemble In A Drama Series,2009,16th Annual,,FALSE
Sam Trammell,True Blood,Ensemble In A Drama Series,2009,16th Annual,,FALSE
Stephen Moyer,True Blood,Ensemble In A Drama Series,2009,16th Annual,,FALSE
Todd Lowe,True Blood,Ensemble In A Drama Series,2009,16th Annual,,FALSE
William Sanderson,True Blood,Ensemble In A Drama Series,2009,16th Annual,,FALSE
Tina Fey,30 Rock,Female In A Comedy Series,2009,16th Annual,,TRUE
Edie Falco,Nurse Jackie,Female In A Comedy Series,2009,16th Annual,,FALSE
Christina Applegate,Samantha Who?,Female In A Comedy Series,2009,16th Annual,,FALSE
Julia Louis-Dreyfus,The New Adventures Of Old Christine,Female In A Comedy Series,2009,16th Annual,,FALSE
Toni Collette,United States Of Tara,Female In A Comedy Series,2009,16th Annual,,FALSE
Glenn Close,Damages,Female In A Drama Series,2009,16th Annual,,FALSE
Mariska Hargitay,Law & Order: Svu,Female In A Drama Series,2009,16th Annual,,FALSE
Patricia Arquette,Medium,Female In A Drama Series,2009,16th Annual,,FALSE
Holly Hunter,Saving Grace,Female In A Drama Series,2009,16th Annual,,FALSE
Kyra Sedgwick,The Closer,Female In A Drama Series,2009,16th Annual,,FALSE
Julianna Margulies,The Good Wife,Female In A Drama Series,2009,16th Annual,,TRUE
Carey Mulligan,An Education,Female Lead In A Motion Picture,2009,16th Annual,Actress in a Leading Role,FALSE
Meryl Streep,Julie & Julia,Female Lead In A Motion Picture,2009,16th Annual,Actress in a Leading Role,FALSE
Gabourey Sidibe,Precious,Female Lead In A Motion Picture,2009,16th Annual,Actress in a Leading Role,FALSE
Sandra Bullock,The Blind Side,Female Lead In A Motion Picture,2009,16th Annual,Actress in a Leading Role,TRUE
Helen Mirren,The Last Station,Female Lead In A Motion Picture,2009,16th Annual,Actress in a Leading Role,FALSE
Diane Kruger,Inglourious Basterds,Female Support In A Motion Picture,2009,16th Annual,Actress in a Supporting Role,FALSE
Penélope Cruz,Nine,Female Support In A Motion Picture,2009,16th Annual,Actress in a Supporting Role,FALSE
"Monique Angela ""Mo'nique"" Hicks",Precious,Female Support In A Motion Picture,2009,16th Annual,Actress in a Supporting Role,TRUE
Anna Kendrick,Up In The Air,Female Support In A Motion Picture,2009,16th Annual,Actress in a Supporting Role,FALSE
Vera Farminga,Up In The Air,Female Support In A Motion Picture,2009,16th Annual,Actress in a Supporting Role,FALSE
Ruby Dee,America,Female In A Television Movie Or Limited Series,2009,16th Annual,,FALSE
Joan Allen,Georgia O'keeffe,Female In A Television Movie Or Limited Series,2009,16th Annual,,FALSE
Drew Barrymore,Grey Gardens,Female In A Television Movie Or Limited Series,2009,16th Annual,,TRUE
Jessica Lange,Grey Gardens,Female In A Television Movie Or Limited Series,2009,16th Annual,,FALSE
Sigourney Weaver,Prayers For Bobby,Female In A Television Movie Or Limited Series,2009,16th Annual,,FALSE
Betty White,N/A,Life Achievement,2009,16th Annual,,TRUE
Alec Baldwin,30 Rock,Male In A Comedy Series,2009,16th Annual,,TRUE
Larry David,Curb Your Enthusiasm,Male In A Comedy Series,2009,16th Annual,,FALSE
Tony Shalhoub,Monk,Male In A Comedy Series,2009,16th Annual,,FALSE
Steve Carell,The Office,Male In A Comedy Series,2009,16th Annual,,FALSE
Charlie Sheen,Two And A Half Men,Male In A Comedy Series,2009,16th Annual,,FALSE
Bryan Cranston,Breaking Bad,Male In A Drama Series,2009,16th Annual,,FALSE
Michael C. Hall,Dexter,Male In A Drama Series,2009,16th Annual,,TRUE
Hugh Laurie,House,Male In A Drama Series,2009,16th Annual,,FALSE
Jon Hamm,Mad Men,Male In A Drama Series,2009,16th Annual,,FALSE
Simon Baker,The Mentalist,Male In A Drama Series,2009,16th Annual,,FALSE
Colin Firth,A Single Man,Male Lead In A Motion Picture,2009,16th Annual,Actor in a Leading Role,FALSE
Jeff Bridges,Crazy Heart,Male Lead In A Motion Picture,2009,16th Annual,Actor in a Leading Role,TRUE
Morgan Freeman,Invictus,Male Lead In A Motion Picture,2009,16th Annual,Actor in a Leading Role,FALSE
Jeremy Renner,The Hurt Locker,Male Lead In A Motion Picture,2009,16th Annual,Actor in a Leading Role,FALSE
George Clooney,Up In The Air,Male Lead In A Motion Picture,2009,16th Annual,Actor in a Leading Role,FALSE
Christoph Waltz,Inglourious Basterds,Male Support In A Motion Picture,2009,16th Annual,Actor in a Supporting Role,TRUE
Matt Damon,Invictus,Male Support In A Motion Picture,2009,16th Annual,Actor in a Supporting Role,FALSE
Christopher Plummer,The Last Station,Male Support In A Motion Picture,2009,16th Annual,Actor in a Supporting Role,FALSE
Stanley Tucci,The Lovely Bones,Male Support In A Motion Picture,2009,16th Annual,Actor in a Supporting Role,FALSE
Woody Harrelson,The Messenger,Male Support In A Motion Picture,2009,16th Annual,Actor in a Supporting Role,FALSE
Tom Wilkinson,A Number,Male In A Television Movie Or Limited Series,2009,16th Annual,,FALSE
Jeremy Irons,Georgia O'keeffe,Male In A Television Movie Or Limited Series,2009,16th Annual,,FALSE
"Cuba Gooding, Jr.",Gifted Hands: The Ben Carson Story,Male In A Television Movie Or Limited Series,2009,16th Annual,,FALSE
Kevin Kline,Great Preformances: Cyrano De Bergerac,Male In A Television Movie Or Limited Series,2009,16th Annual,,FALSE
Kevin Bacon,Taking Chance,Male In A Television Movie Or Limited Series,2009,16th Annual,,TRUE
,Public Enemies,Stunt Ensemble In A Motion Picture,2009,16th Annual,,FALSE
,Star Trek,Stunt Ensemble In A Motion Picture,2009,16th Annual,,TRUE
,Transformers: Revenge Of The Fallen,Stunt Ensemble In A Motion Picture,2009,16th Annual,,FALSE
,24,Stunt Ensemble In A Television Series,2009,16th Annual,,TRUE
,Dexter,Stunt Ensemble In A Television Series,2009,16th Annual,,FALSE
,Heroes,Stunt Ensemble In A Television Series,2009,16th Annual,,FALSE
,The Closer,Stunt Ensemble In A Television Series,2009,16th Annual,,FALSE
,The Unit,Stunt Ensemble In A Television Series,2009,16th Annual,,FALSE
Amy Adams,Doubt,Cast In A Motion Picture,2008,15th Annual,,FALSE
Meryl Streep,Doubt,Cast In A Motion Picture,2008,15th Annual,,FALSE
Philip Seymour Hoffman,Doubt,Cast In A Motion Picture,2008,15th Annual,,FALSE
Viola Davis,Doubt,Cast In A Motion Picture,2008,15th Annual,,FALSE
Frank Langella,Frost/Nixon,Cast In A Motion Picture,2008,15th Annual,,FALSE
Kevin Bacon,Frost/Nixon,Cast In A Motion Picture,2008,15th Annual,,FALSE
Matthew Macfadyen,Frost/Nixon,Cast In A Motion Picture,2008,15th Annual,,FALSE
Michael Sheen,Frost/Nixon,Cast In A Motion Picture,2008,15th Annual,,FALSE
Oliver Platt,Frost/Nixon,Cast In A Motion Picture,2008,15th Annual,,FALSE
Rebecca Hall,Frost/Nixon,Cast In A Motion Picture,2008,15th Annual,,FALSE
Sam Rockwell,Frost/Nixon,Cast In A Motion Picture,2008,15th Annual,,FALSE
Toby Jones,Frost/Nixon,Cast In A Motion Picture,2008,15th Annual,,FALSE
Alison Pill,Milk,Cast In A Motion Picture,2008,15th Annual,,FALSE
Denis O'hare,Milk,Cast In A Motion Picture,2008,15th Annual,,FALSE
Diego Luna,Milk,Cast In A Motion Picture,2008,15th Annual,,FALSE
Emile Hirsch,Milk,Cast In A Motion Picture,2008,15th Annual,,FALSE
James Franco,Milk,Cast In A Motion Picture,2008,15th Annual,,FALSE
Joseph Cross,Milk,Cast In A Motion Picture,2008,15th Annual,,FALSE
Josh Brolin,Milk,Cast In A Motion Picture,2008,15th Annual,,FALSE
Sean Penn,Milk,Cast In A Motion Picture,2008,15th Annual,,FALSE
Victor Garber,Milk,Cast In A Motion Picture,2008,15th Annual,,FALSE
Anil Kapoor,Slumdog Millionaire,Cast In A Motion Picture,2008,15th Annual,,TRUE
Ashutosh Lobo Gajiwala,Slumdog Millionaire,Cast In A Motion Picture,2008,15th Annual,,TRUE
Ayush Mahesh Khedekar,Slumdog Millionaire,Cast In A Motion Picture,2008,15th Annual,,TRUE
Azharuddin Mohammed Ismail,Slumdog Millionaire,Cast In A Motion Picture,2008,15th Annual,,TRUE
Dev Patel,Slumdog Millionaire,Cast In A Motion Picture,2008,15th Annual,,TRUE
Freida Pinto,Slumdog Millionaire,Cast In A Motion Picture,2008,15th Annual,,TRUE
Irrfan Khan,Slumdog Millionaire,Cast In A Motion Picture,2008,15th Annual,,TRUE
Madhur Mittal,Slumdog Millionaire,Cast In A Motion Picture,2008,15th Annual,,TRUE
Rubina Ali,Slumdog Millionaire,Cast In A Motion Picture,2008,15th Annual,,TRUE
Tanay Hemant Chheda,Slumdog Millionaire,Cast In A Motion Picture,2008,15th Annual,,TRUE
Tanvi Ganesh Lonkar,Slumdog Millionaire,Cast In A Motion Picture,2008,15th Annual,,TRUE
Brad Pitt,The Curious Case Of Benjamin Button,Cast In A Motion Picture,2008,15th Annual,,FALSE
Cate Blanchett,The Curious Case Of Benjamin Button,Cast In A Motion Picture,2008,15th Annual,,FALSE
Elias Koteas,The Curious Case Of Benjamin Button,Cast In A Motion Picture,2008,15th Annual,,FALSE
Jared Harris,The Curious Case Of Benjamin Button,Cast In A Motion Picture,2008,15th Annual,,FALSE
Jason Flemyng,The Curious Case Of Benjamin Button,Cast In A Motion Picture,2008,15th Annual,,FALSE
Julia Ormond,The Curious Case Of Benjamin Button,Cast In A Motion Picture,2008,15th Annual,,FALSE
Mahershalalhashbaz Ali,The Curious Case Of Benjamin Button,Cast In A Motion Picture,2008,15th Annual,,FALSE
Phyllis Somerville,The Curious Case Of Benjamin Button,Cast In A Motion Picture,2008,15th Annual,,FALSE
Taraji P. Henson,The Curious Case Of Benjamin Button,Cast In A Motion Picture,2008,15th Annual,,FALSE
Tilda Swinton,The Curious Case Of Benjamin Button,Cast In A Motion Picture,2008,15th Annual,,FALSE
,30 Rock,Ensemble In A Comedy Series,2008,15th Annual,,TRUE
Alec Baldwin,30 Rock,Ensemble In A Comedy Series,2008,15th Annual,,TRUE
Grizz Chapman,30 Rock,Ensemble In A Comedy Series,2008,15th Annual,,TRUE
Jack Mcbrayer,30 Rock,Ensemble In A Comedy Series,2008,15th Annual,,TRUE
Jane Krakowski,30 Rock,Ensemble In A Comedy Series,2008,15th Annual,,TRUE
John Lutz,30 Rock,Ensemble In A Comedy Series,2008,15th Annual,,TRUE
Judah Friedlander,30 Rock,Ensemble In A Comedy Series,2008,15th Annual,,TRUE
Katrina Bowden,30 Rock,Ensemble In A Comedy Series,2008,15th Annual,,TRUE
Keith Powell,30 Rock,Ensemble In A Comedy Series,2008,15th Annual,,TRUE
Kevin Brown,30 Rock,Ensemble In A Comedy Series,2008,15th Annual,,TRUE
Maulik Pancholy,30 Rock,Ensemble In A Comedy Series,2008,15th Annual,,TRUE
Scott Adsit,30 Rock,Ensemble In A Comedy Series,2008,15th Annual,,TRUE
Tina Fey,30 Rock,Ensemble In A Comedy Series,2008,15th Annual,,TRUE
Tracy Morgan,30 Rock,Ensemble In A Comedy Series,2008,15th Annual,,TRUE
,Desperate Housewives,Ensemble In A Comedy Series,2008,15th Annual,,FALSE
Andrea Bowen,Desperate Housewives,Ensemble In A Comedy Series,2008,15th Annual,,FALSE
Brenda Strong,Desperate Housewives,Ensemble In A Comedy Series,2008,15th Annual,,FALSE
Brent Kinsman,Desperate Housewives,Ensemble In A Comedy Series,2008,15th Annual,,FALSE
Charlie Carver,Desperate Housewives,Ensemble In A Comedy Series,2008,15th Annual,,FALSE
Dana Delany,Desperate Housewives,Ensemble In A Comedy Series,2008,15th Annual,,FALSE
Doug Savant,Desperate Housewives,Ensemble In A Comedy Series,2008,15th Annual,,FALSE
Eva Longoria,Desperate Housewives,Ensemble In A Comedy Series,2008,15th Annual,,FALSE
Felicity Huffman,Desperate Housewives,Ensemble In A Comedy Series,2008,15th Annual,,FALSE
James Denton,Desperate Housewives,Ensemble In A Comedy Series,2008,15th Annual,,FALSE
Joshua Logan Moore,Desperate Housewives,Ensemble In A Comedy Series,2008,15th Annual,,FALSE
Joy Lauren,Desperate Housewives,Ensemble In A Comedy Series,2008,15th Annual,,FALSE
Kendall Applegate,Desperate Housewives,Ensemble In A Comedy Series,2008,15th Annual,,FALSE
Kyle Maclachlan,Desperate Housewives,Ensemble In A Comedy Series,2008,15th Annual,,FALSE
Lyndsy Fonseca,Desperate Housewives,Ensemble In A Comedy Series,2008,15th Annual,,FALSE
Marcia Cross,Desperate Housewives,Ensemble In A Comedy Series,2008,15th Annual,,FALSE
Max Carver,Desperate Housewives,Ensemble In A Comedy Series,2008,15th Annual,,FALSE
Neal Mcdonough,Desperate Housewives,Ensemble In A Comedy Series,2008,15th Annual,,FALSE
Nicollette Sheridan,Desperate Housewives,Ensemble In A Comedy Series,2008,15th Annual,,FALSE
Rachel G. Fox,Desperate Housewives,Ensemble In A Comedy Series,2008,15th Annual,,FALSE
Ricardo Antonio Chavira,Desperate Housewives,Ensemble In A Comedy Series,2008,15th Annual,,FALSE
Shane Kinsman,Desperate Housewives,Ensemble In A Comedy Series,2008,15th Annual,,FALSE
Shawn Pyfrom,Desperate Housewives,Ensemble In A Comedy Series,2008,15th Annual,,FALSE
Teri Hatcher,Desperate Housewives,Ensemble In A Comedy Series,2008,15th Annual,,FALSE
Zane Huett,Desperate Housewives,Ensemble In A Comedy Series,2008,15th Annual,,FALSE
,Entourage,Ensemble In A Comedy Series,2008,15th Annual,,FALSE
Adrian Grenier,Entourage,Ensemble In A Comedy Series,2008,15th Annual,,FALSE
Jeremy Piven,Entourage,Ensemble In A Comedy Series,2008,15th Annual,,FALSE
Jerry Ferrara,Entourage,Ensemble In A Comedy Series,2008,15th Annual,,FALSE
Kevin Connolly,Entourage,Ensemble In A Comedy Series,2008,15th Annual,,FALSE
Kevin Dillon,Entourage,Ensemble In A Comedy Series,2008,15th Annual,,FALSE
Perrey Reeves,Entourage,Ensemble In A Comedy Series,2008,15th Annual,,FALSE
Rex Lee,Entourage,Ensemble In A Comedy Series,2008,15th Annual,,FALSE
,The Office,Ensemble In A Comedy Series,2008,15th Annual,,FALSE
Angela Kinsey,The Office,Ensemble In A Comedy Series,2008,15th Annual,,FALSE
B.j. Novak,The Office,Ensemble In A Comedy Series,2008,15th Annual,,FALSE
Brian Baumgartner,The Office,Ensemble In A Comedy Series,2008,15th Annual,,FALSE
Craig Robinson,The Office,Ensemble In A Comedy Series,2008,15th Annual,,FALSE
Creed Bratton,The Office,Ensemble In A Comedy Series,2008,15th Annual,,FALSE
Ed Helms,The Office,Ensemble In A Comedy Series,2008,15th Annual,,FALSE
Jenna Fischer,The Office,Ensemble In A Comedy Series,2008,15th Annual,,FALSE
John Krasinski,The Office,Ensemble In A Comedy Series,2008,15th Annual,,FALSE
Kate Flannery,The Office,Ensemble In A Comedy Series,2008,15th Annual,,FALSE
Leslie David Baker,The Office,Ensemble In A Comedy Series,2008,15th Annual,,FALSE
Melora Hardin,The Office,Ensemble In A Comedy Series,2008,15th Annual,,FALSE
Mindy Kaling,The Office,Ensemble In A Comedy Series,2008,15th Annual,,FALSE
Oscar Nuñez,The Office,Ensemble In A Comedy Series,2008,15th Annual,,FALSE
Paul Lieberstein,The Office,Ensemble In A Comedy Series,2008,15th Annual,,FALSE
Phyllis Smith,The Office,Ensemble In A Comedy Series,2008,15th Annual,,FALSE
Rainn Wilson,The Office,Ensemble In A Comedy Series,2008,15th Annual,,FALSE
Steve Carell,The Office,Ensemble In A Comedy Series,2008,15th Annual,,FALSE
,Weeds,Ensemble In A Comedy Series,2008,15th Annual,,FALSE
Alexander Gould,Weeds,Ensemble In A Comedy Series,2008,15th Annual,,FALSE
Allie Grant,Weeds,Ensemble In A Comedy Series,2008,15th Annual,,FALSE
Andy Milder,Weeds,Ensemble In A Comedy Series,2008,15th Annual,,FALSE
Demián Bichir,Weeds,Ensemble In A Comedy Series,2008,15th Annual,,FALSE
Elizabeth Perkins,Weeds,Ensemble In A Comedy Series,2008,15th Annual,,FALSE
Enrique Castillo,Weeds,Ensemble In A Comedy Series,2008,15th Annual,,FALSE
Guillermo Diaz,Weeds,Ensemble In A Comedy Series,2008,15th Annual,,FALSE
Hemky Madera,Weeds,Ensemble In A Comedy Series,2008,15th Annual,,FALSE
Hunter Parrish,Weeds,Ensemble In A Comedy Series,2008,15th Annual,,FALSE
Jack Stehlin,Weeds,Ensemble In A Comedy Series,2008,15th Annual,,FALSE
Julie Bowen,Weeds,Ensemble In A Comedy Series,2008,15th Annual,,FALSE
Justin Kirk,Weeds,Ensemble In A Comedy Series,2008,15th Annual,,FALSE
Kevin Nealon,Weeds,Ensemble In A Comedy Series,2008,15th Annual,,FALSE
Mary-Louise Parker,Weeds,Ensemble In A Comedy Series,2008,15th Annual,,FALSE
,Bosotn Legal,Ensemble In A Drama Series,2008,15th Annual,,FALSE
Candice Bergen,Boston Legal,Ensemble In A Drama Series,2008,15th Annual,,FALSE
Christian Clemenson,Boston Legal,Ensemble In A Drama Series,2008,15th Annual,,FALSE
Gary Anthony Williams,Boston Legal,Ensemble In A Drama Series,2008,15th Annual,,FALSE
James Spader,Boston Legal,Ensemble In A Drama Series,2008,15th Annual,,FALSE
John Larroquette,Boston Legal,Ensemble In A Drama Series,2008,15th Annual,,FALSE
Saffron Burrows,Boston Legal,Ensemble In A Drama Series,2008,15th Annual,,FALSE
Tara Summers,Boston Legal,Ensemble In A Drama Series,2008,15th Annual,,FALSE
Taraji P. Henson,Boston Legal,Ensemble In A Drama Series,2008,15th Annual,,FALSE
William Shatner,Boston Legal,Ensemble In A Drama Series,2008,15th Annual,,FALSE
,Dexter,Ensemble In A Drama Series,2008,15th Annual,,FALSE
C.s. Lee,Dexter,Ensemble In A Drama Series,2008,15th Annual,,FALSE
Christina Robinson,Dexter,Ensemble In A Drama Series,2008,15th Annual,,FALSE
David Ramsey,Dexter,Ensemble In A Drama Series,2008,15th Annual,,FALSE
David Zayas,Dexter,Ensemble In A Drama Series,2008,15th Annual,,FALSE
Desmond Harrington,Dexter,Ensemble In A Drama Series,2008,15th Annual,,FALSE
James Remar,Dexter,Ensemble In A Drama Series,2008,15th Annual,,FALSE
Jason Manuel Olazabal,Dexter,Ensemble In A Drama Series,2008,15th Annual,,FALSE
Jennifer Carpenter,Dexter,Ensemble In A Drama Series,2008,15th Annual,,FALSE
Jimmy Smits,Dexter,Ensemble In A Drama Series,2008,15th Annual,,FALSE
Julie Benz,Dexter,Ensemble In A Drama Series,2008,15th Annual,,FALSE
Kristin Dattilo,Dexter,Ensemble In A Drama Series,2008,15th Annual,,FALSE
Lauren Velez,Dexter,Ensemble In A Drama Series,2008,15th Annual,,FALSE
Michael C. Hall,Dexter,Ensemble In A Drama Series,2008,15th Annual,,FALSE
Preston Bailey,Dexter,Ensemble In A Drama Series,2008,15th Annual,,FALSE
Valerie Cruz,Dexter,Ensemble In A Drama Series,2008,15th Annual,,FALSE
,House,Ensemble In A Drama Series,2008,15th Annual,,FALSE
Hugh Laurie,House,Ensemble In A Drama Series,2008,15th Annual,,FALSE
Jennifer Morrison,House,Ensemble In A Drama Series,2008,15th Annual,,FALSE
Jesse Spencer,House,Ensemble In A Drama Series,2008,15th Annual,,FALSE
Kal Penn,House,Ensemble In A Drama Series,2008,15th Annual,,FALSE
Lisa Edelstein,House,Ensemble In A Drama Series,2008,15th Annual,,FALSE
Olivia Wilde,House,Ensemble In A Drama Series,2008,15th Annual,,FALSE
Omar Epps,House,Ensemble In A Drama Series,2008,15th Annual,,FALSE
Peter Jacobson,House,Ensemble In A Drama Series,2008,15th Annual,,FALSE
Robert Sean Leonard,House,Ensemble In A Drama Series,2008,15th Annual,,FALSE
,Mad Men,Ensemble In A Drama Series,2008,15th Annual,,TRUE
Aaron Hart,Mad Men,Ensemble In A Drama Series,2008,15th Annual,,TRUE
Aaron Staton,Mad Men,Ensemble In A Drama Series,2008,15th Annual,,TRUE
Alison Brie,Mad Men,Ensemble In A Drama Series,2008,15th Annual,,TRUE
Bryan Batt,Mad Men,Ensemble In A Drama Series,2008,15th Annual,,TRUE
Christina Hendricks,Mad Men,Ensemble In A Drama Series,2008,15th Annual,,TRUE
Elisabeth Moss,Mad Men,Ensemble In A Drama Series,2008,15th Annual,,TRUE
January Jones,Mad Men,Ensemble In A Drama Series,2008,15th Annual,,TRUE
John Slattery,Mad Men,Ensemble In A Drama Series,2008,15th Annual,,TRUE
Jon Hamm,Mad Men,Ensemble In A Drama Series,2008,15th Annual,,TRUE
Kiernan Shipka,Mad Men,Ensemble In A Drama Series,2008,15th Annual,,TRUE
Mark Moses,Mad Men,Ensemble In A Drama Series,2008,15th Annual,,TRUE
Michael Gladis,Mad Men,Ensemble In A Drama Series,2008,15th Annual,,TRUE
Rich Sommer,Mad Men,Ensemble In A Drama Series,2008,15th Annual,,TRUE
Robert Morse,Mad Men,Ensemble In A Drama Series,2008,15th Annual,,TRUE
Vincent Kartheiser,Mad Men,Ensemble In A Drama Series,2008,15th Annual,,TRUE
,The Closer,Ensemble In A Drama Series,2008,15th Annual,,FALSE
Corey Reynolds,The Closer,Ensemble In A Drama Series,2008,15th Annual,,FALSE
G.w. Bailey,The Closer,Ensemble In A Drama Series,2008,15th Annual,,FALSE
Gina Ravera,The Closer,Ensemble In A Drama Series,2008,15th Annual,,FALSE
J.k. Simmons,The Closer,Ensemble In A Drama Series,2008,15th Annual,,FALSE
Jon Tenney,The Closer,Ensemble In A Drama Series,2008,15th Annual,,FALSE
Kyra Sedgwick,The Closer,Ensemble In A Drama Series,2008,15th Annual,,FALSE
Michael Paul Chan,The Closer,Ensemble In A Drama Series,2008,15th Annual,,FALSE
Phillip P. Keene,The Closer,Ensemble In A Drama Series,2008,15th Annual,,FALSE
Raymond Cruz,The Closer,Ensemble In A Drama Series,2008,15th Annual,,FALSE
Robert Gossett,The Closer,Ensemble In A Drama Series,2008,15th Annual,,FALSE
Tony Denison,The Closer,Ensemble In A Drama Series,2008,15th Annual,,FALSE
Tina Fey,30 Rock,Female In A Comedy Series,2008,15th Annual,,TRUE
Christina Applegate,Samantha Who?,Female In A Comedy Series,2008,15th Annual,,FALSE
Tracey Ullman,Tracey Ullman's State Of The Union,Female In A Comedy Series,2008,15th Annual,,FALSE
America Ferrera,Ugly Betty,Female In A Comedy Series,2008,15th Annual,,FALSE
Mary-Louise Parker,Weeds,Female In A Comedy Series,2008,15th Annual,,FALSE
Sally Field,Brothers & Sisters,Female In A Drama Series,2008,15th Annual,,TRUE
Mariska Hargitay,Law & Order: Svu,Female In A Drama Series,2008,15th Annual,,FALSE
Elisabeth Moss,Mad Men,Female In A Drama Series,2008,15th Annual,,FALSE
Holly Hunter,Saving Grace,Female In A Drama Series,2008,15th Annual,,FALSE
Kyra Sedgwick,The Closer,Female In A Drama Series,2008,15th Annual,,FALSE
Angelina Jolie,Changeling,Female Lead In A Motion Picture,2008,15th Annual,Actress in a Leading Role,FALSE
Meryl Streep,Doubt,Female Lead In A Motion Picture,2008,15th Annual,Actress in a Leading Role,TRUE
Melissa Leo,Frozen River,Female Lead In A Motion Picture,2008,15th Annual,Actress in a Leading Role,FALSE
Anne Hathaway,Rachel Getting Married,Female Lead In A Motion Picture,2008,15th Annual,Actress in a Leading Role,FALSE
Kate Winslet,Revolutionary Road,Female Lead In A Motion Picture,2008,15th Annual,Actress in a Leading Role,FALSE
Amy Adams,Doubt,Female Support In A Motion Picture,2008,15th Annual,Actress in a Supporting Role,FALSE
Viola Davis,Doubt,Female Support In A Motion Picture,2008,15th Annual,Actress in a Supporting Role,FALSE
Taraji P. Henson,The Curious Case Of Benjamin Button,Female Support In A Motion Picture,2008,15th Annual,Actress in a Supporting Role,FALSE
Kate Winslet,The Reader,Female Support In A Motion Picture,2008,15th Annual,Actress in a Supporting Role,TRUE
Penélope Cruz,Vicky Cristina Barcelona,Female Support In A Motion Picture,2008,15th Annual,Actress in a Supporting Role,FALSE
Phylicia Rashad,A Raisin In The Sun,Female In A Television Movie Or Limited Series,2008,15th Annual,,FALSE
Susan Sarandon,Bernard And Doris,Female In A Television Movie Or Limited Series,2008,15th Annual,,FALSE
Shirley Maclaine,Coco Chanel,Female In A Television Movie Or Limited Series,2008,15th Annual,,FALSE
Laura Linney,John Adams,Female In A Television Movie Or Limited Series,2008,15th Annual,,TRUE
Laura Dern,Recount,Female In A Television Movie Or Limited Series,2008,15th Annual,,FALSE
James Earl Jones,N/A,Life Achievement,2008,15th Annual,,TRUE
Alec Baldwin,30 Rock,Male In A Comedy Series,2008,15th Annual,,TRUE
David Duchovny,Californication,Male In A Comedy Series,2008,15th Annual,,FALSE
Jeremy Piven,Entourage,Male In A Comedy Series,2008,15th Annual,,FALSE
Tony Shalhoub,Monk,Male In A Comedy Series,2008,15th Annual,,FALSE
Steve Carell,The Office,Male In A Comedy Series,2008,15th Annual,,FALSE
James Spader,Boston Legal,Male In A Drama Series,2008,15th Annual,,FALSE
William Shatner,Boston Legal,Male In A Drama Series,2008,15th Annual,,FALSE
Michael C. Hall,Dexter,Male In A Drama Series,2008,15th Annual,,FALSE
Hugh Laurie,House,Male In A Drama Series,2008,15th Annual,,TRUE
Jon Hamm,Mad Men,Male In A Drama Series,2008,15th Annual,,FALSE
Frank Langella,Frost/Nixon,Male Lead In A Motion Picture,2008,15th Annual,Actor in a Leading Role,FALSE
Sean Penn,Milk,Male Lead In A Motion Picture,2008,15th Annual,Actor in a Leading Role,TRUE
Brad Pitt,The Curious Case Of Benjamin Button,Male Lead In A Motion Picture,2008,15th Annual,Actor in a Leading Role,FALSE
Richard Jenkins,The Visitor,Male Lead In A Motion Picture,2008,15th Annual,Actor in a Leading Role,FALSE
Mickey Rourke,The Wrestler,Male Lead In A Motion Picture,2008,15th Annual,Actor in a Leading Role,FALSE
Philip Seymour Hoffman,Doubt,Male Support In A Motion Picture,2008,15th Annual,Actor in a Supporting Role,FALSE
Josh Brolin,Milk,Male Support In A Motion Picture,2008,15th Annual,Actor in a Supporting Role,FALSE
Dev Patel,Slumdog Millionaire,Male Support In A Motion Picture,2008,15th Annual,Actor in a Supporting Role,FALSE
Heath Ledger,The Dark Knight,Male Support In A Motion Picture,2008,15th Annual,Actor in a Supporting Role,TRUE
"Robert Downey, Jr.",Tropic Thunder,Male Support In A Motion Picture,2008,15th Annual,Actor in a Supporting Role,FALSE
Kiefer Sutherland,24: Redemption,Male In A Television Movie Or Limited Series,2008,15th Annual,,FALSE
Ralph Fiennes,Bernard And Doris,Male In A Television Movie Or Limited Series,2008,15th Annual,,FALSE
Paul Giamatti,John Adams,Male In A Television Movie Or Limited Series,2008,15th Annual,,TRUE
Tom Wilkinson,John Adams,Male In A Television Movie Or Limited Series,2008,15th Annual,,FALSE
Kevin Spacey,Recount,Male In A Television Movie Or Limited Series,2008,15th Annual,,FALSE
,Hell Boy Ii: The Golden Army,Stunt Ensemble In A Motion Picture,2008,15th Annual,,FALSE
,Indiana Jones And The Kingdom The Crystal Skull,Stunt Ensemble In A Motion Picture,2008,15th Annual,,FALSE
,Iron Man,Stunt Ensemble In A Motion Picture,2008,15th Annual,,FALSE
,The Dark Knight,Stunt Ensemble In A Motion Picture,2008,15th Annual,,TRUE
,Wanted,Stunt Ensemble In A Motion Picture,2008,15th Annual,,FALSE
,Friday Night Lights,Stunt Ensemble In A Television Series,2008,15th Annual,,FALSE
,Heroes,Stunt Ensemble In A Television Series,2008,15th Annual,,TRUE
,Prison Break,Stunt Ensemble In A Television Series,2008,15th Annual,,FALSE
,The Closer,Stunt Ensemble In A Television Series,2008,15th Annual,,FALSE
,The Unit,Stunt Ensemble In A Television Series,2008,15th Annual,,FALSE
Alan Tudyk,3:10 To Yuma,Cast In A Motion Picture,2007,14th Annual,,FALSE
Ben Foster,3:10 To Yuma,Cast In A Motion Picture,2007,14th Annual,,FALSE
Christian Bale,3:10 To Yuma,Cast In A Motion Picture,2007,14th Annual,,FALSE
Dallas Roberts,3:10 To Yuma,Cast In A Motion Picture,2007,14th Annual,,FALSE
Gretchen Mol,3:10 To Yuma,Cast In A Motion Picture,2007,14th Annual,,FALSE
Logan Lerman,3:10 To Yuma,Cast In A Motion Picture,2007,14th Annual,,FALSE
Peter Fonda,3:10 To Yuma,Cast In A Motion Picture,2007,14th Annual,,FALSE
Russell Crowe,3:10 To Yuma,Cast In A Motion Picture,2007,14th Annual,,FALSE
Vinessa Shaw,3:10 To Yuma,Cast In A Motion Picture,2007,14th Annual,,FALSE
Armand Assante,American Gangster,Cast In A Motion Picture,2007,14th Annual,,FALSE
Carla Gugino,American Gangster,Cast In A Motion Picture,2007,14th Annual,,FALSE
Chiwetel Ejiofor,American Gangster,Cast In A Motion Picture,2007,14th Annual,,FALSE
"Cuba Gooding, Jr.",American Gangster,Cast In A Motion Picture,2007,14th Annual,,FALSE
Denzel Washington,American Gangster,Cast In A Motion Picture,2007,14th Annual,,FALSE
Idris Elba,American Gangster,Cast In A Motion Picture,2007,14th Annual,,FALSE
Joe Morton,American Gangster,Cast In A Motion Picture,2007,14th Annual,,FALSE
John Hawkes,American Gangster,Cast In A Motion Picture,2007,14th Annual,,FALSE
John Ortiz,American Gangster,Cast In A Motion Picture,2007,14th Annual,,FALSE
Josh Brolin,American Gangster,Cast In A Motion Picture,2007,14th Annual,,FALSE
Lymari Nadal,American Gangster,Cast In A Motion Picture,2007,14th Annual,,FALSE
"Robert Fitzgerald ""Rza"" Diggs",American Gangster,Cast In A Motion Picture,2007,14th Annual,,FALSE
Ruby Dee,American Gangster,Cast In A Motion Picture,2007,14th Annual,,FALSE
Russell Crowe,American Gangster,Cast In A Motion Picture,2007,14th Annual,,FALSE
Ted Levine,American Gangster,Cast In A Motion Picture,2007,14th Annual,,FALSE
Yul Vazquez,American Gangster,Cast In A Motion Picture,2007,14th Annual,,FALSE
Allison Janney,Hairspray,Cast In A Motion Picture,2007,14th Annual,,FALSE
Amanda Bynes,Hairspray,Cast In A Motion Picture,2007,14th Annual,,FALSE
Brittany Snow,Hairspray,Cast In A Motion Picture,2007,14th Annual,,FALSE
Christopher Walken,Hairspray,Cast In A Motion Picture,2007,14th Annual,,FALSE
Elijah Kelley,Hairspray,Cast In A Motion Picture,2007,14th Annual,,FALSE
James Marsden,Hairspray,Cast In A Motion Picture,2007,14th Annual,,FALSE
Jerry Stiller,Hairspray,Cast In A Motion Picture,2007,14th Annual,,FALSE
John Travolta,Hairspray,Cast In A Motion Picture,2007,14th Annual,,FALSE
Michelle Pfeiffer,Hairspray,Cast In A Motion Picture,2007,14th Annual,,FALSE
Nikki Blonsky,Hairspray,Cast In A Motion Picture,2007,14th Annual,,FALSE
Paul Dooley,Hairspray,Cast In A Motion Picture,2007,14th Annual,,FALSE
Queen Latifah,Hairspray,Cast In A Motion Picture,2007,14th Annual,,FALSE
Zac Efron,Hairspray,Cast In A Motion Picture,2007,14th Annual,,FALSE
Brian Dierker,Into The Wild,Cast In A Motion Picture,2007,14th Annual,,FALSE
Catherine Keener,Into The Wild,Cast In A Motion Picture,2007,14th Annual,,FALSE
Emile Hirsch,Into The Wild,Cast In A Motion Picture,2007,14th Annual,,FALSE
Hal Holbrook,Into The Wild,Cast In A Motion Picture,2007,14th Annual,,FALSE
Jena Malone,Into The Wild,Cast In A Motion Picture,2007,14th Annual,,FALSE
Kristen Stewart,Into The Wild,Cast In A Motion Picture,2007,14th Annual,,FALSE
Marcia Gay Harden,Into The Wild,Cast In A Motion Picture,2007,14th Annual,,FALSE
Vince Vaughn,Into The Wild,Cast In A Motion Picture,2007,14th Annual,,FALSE
William Hurt,Into The Wild,Cast In A Motion Picture,2007,14th Annual,,FALSE
Garret Dillahunt,No Country For Old Men,Cast In A Motion Picture,2007,14th Annual,,TRUE
Javier Bardem,No Country For Old Men,Cast In A Motion Picture,2007,14th Annual,,TRUE
Josh Brolin,No Country For Old Men,Cast In A Motion Picture,2007,14th Annual,,TRUE
Kelly Macdonald,No Country For Old Men,Cast In A Motion Picture,2007,14th Annual,,TRUE
Tess Harper,No Country For Old Men,Cast In A Motion Picture,2007,14th Annual,,TRUE
Tommy Lee Jones,No Country For Old Men,Cast In A Motion Picture,2007,14th Annual,,TRUE
Woody Harrelson,No Country For Old Men,Cast In A Motion Picture,2007,14th Annual,,TRUE
,30 Rock,Ensemble In A Comedy Series,2007,14th Annual,,FALSE
Alec Baldwin,30 Rock,Ensemble In A Comedy Series,2007,14th Annual,,FALSE
Grizz Chapman,30 Rock,Ensemble In A Comedy Series,2007,14th Annual,,FALSE
Jack Mcbrayer,30 Rock,Ensemble In A Comedy Series,2007,14th Annual,,FALSE
Jane Krakowski,30 Rock,Ensemble In A Comedy Series,2007,14th Annual,,FALSE
Judah Friedlander,30 Rock,Ensemble In A Comedy Series,2007,14th Annual,,FALSE
Katrina Bowden,30 Rock,Ensemble In A Comedy Series,2007,14th Annual,,FALSE
Keith Powell,30 Rock,Ensemble In A Comedy Series,2007,14th Annual,,FALSE
Kevin Brown,30 Rock,Ensemble In A Comedy Series,2007,14th Annual,,FALSE
Lonny Ross,30 Rock,Ensemble In A Comedy Series,2007,14th Annual,,FALSE
Maulik Pancholy,30 Rock,Ensemble In A Comedy Series,2007,14th Annual,,FALSE
Scott Adsit,30 Rock,Ensemble In A Comedy Series,2007,14th Annual,,FALSE
Tina Fey,30 Rock,Ensemble In A Comedy Series,2007,14th Annual,,FALSE
Tracy Morgan,30 Rock,Ensemble In A Comedy Series,2007,14th Annual,,FALSE
,Desperate Housewives,Ensemble In A Comedy Series,2007,14th Annual,,FALSE
Andrea Bowen,Desperate Housewives,Ensemble In A Comedy Series,2007,14th Annual,,FALSE
Brenda Strong,Desperate Housewives,Ensemble In A Comedy Series,2007,14th Annual,,FALSE
Brent Kinsman,Desperate Housewives,Ensemble In A Comedy Series,2007,14th Annual,,FALSE
Dana Delany,Desperate Housewives,Ensemble In A Comedy Series,2007,14th Annual,,FALSE
Doug Savant,Desperate Housewives,Ensemble In A Comedy Series,2007,14th Annual,,FALSE
Dougray Scott,Desperate Housewives,Ensemble In A Comedy Series,2007,14th Annual,,FALSE
Eva Longoria,Desperate Housewives,Ensemble In A Comedy Series,2007,14th Annual,,FALSE
Felicity Huffman,Desperate Housewives,Ensemble In A Comedy Series,2007,14th Annual,,FALSE
James Denton,Desperate Housewives,Ensemble In A Comedy Series,2007,14th Annual,,FALSE
John Slattery,Desperate Housewives,Ensemble In A Comedy Series,2007,14th Annual,,FALSE
Joy Lauren,Desperate Housewives,Ensemble In A Comedy Series,2007,14th Annual,,FALSE
Kathryn Joosten,Desperate Housewives,Ensemble In A Comedy Series,2007,14th Annual,,FALSE
Kyle Maclachlan,Desperate Housewives,Ensemble In A Comedy Series,2007,14th Annual,,FALSE
Lyndsy Fonseca,Desperate Housewives,Ensemble In A Comedy Series,2007,14th Annual,,FALSE
Marcia Cross,Desperate Housewives,Ensemble In A Comedy Series,2007,14th Annual,,FALSE
Nathan Fillion,Desperate Housewives,Ensemble In A Comedy Series,2007,14th Annual,,FALSE
Nicollette Sheridan,Desperate Housewives,Ensemble In A Comedy Series,2007,14th Annual,,FALSE
Rachel Fox,Desperate Housewives,Ensemble In A Comedy Series,2007,14th Annual,,FALSE
Ricardo Antonio Chavira,Desperate Housewives,Ensemble In A Comedy Series,2007,14th Annual,,FALSE
Shane Kinsman,Desperate Housewives,Ensemble In A Comedy Series,2007,14th Annual,,FALSE
Shawn Pyfrom,Desperate Housewives,Ensemble In A Comedy Series,2007,14th Annual,,FALSE
Teri Hatcher,Desperate Housewives,Ensemble In A Comedy Series,2007,14th Annual,,FALSE
Zane Huett,Desperate Housewives,Ensemble In A Comedy Series,2007,14th Annual,,FALSE
,Entourage,Ensemble In A Comedy Series,2007,14th Annual,,FALSE
Adrian Grenier,Entourage,Ensemble In A Comedy Series,2007,14th Annual,,FALSE
Jeremy Piven,Entourage,Ensemble In A Comedy Series,2007,14th Annual,,FALSE
Jerry Ferrara,Entourage,Ensemble In A Comedy Series,2007,14th Annual,,FALSE
Kevin Connolly,Entourage,Ensemble In A Comedy Series,2007,14th Annual,,FALSE
Kevin Dillon,Entourage,Ensemble In A Comedy Series,2007,14th Annual,,FALSE
Perrey Reeves,Entourage,Ensemble In A Comedy Series,2007,14th Annual,,FALSE
Rex Lee,Entourage,Ensemble In A Comedy Series,2007,14th Annual,,FALSE
Rhys Coiro,Entourage,Ensemble In A Comedy Series,2007,14th Annual,,FALSE
,The Office,Ensemble In A Comedy Series,2007,14th Annual,,TRUE
Angela Kinsey,The Office,Ensemble In A Comedy Series,2007,14th Annual,,TRUE
B.j. Novak,The Office,Ensemble In A Comedy Series,2007,14th Annual,,TRUE
Brian Baumgartner,The Office,Ensemble In A Comedy Series,2007,14th Annual,,TRUE
Creed Bratton,The Office,Ensemble In A Comedy Series,2007,14th Annual,,TRUE
Ed Helms,The Office,Ensemble In A Comedy Series,2007,14th Annual,,TRUE
Jenna Fischer,The Office,Ensemble In A Comedy Series,2007,14th Annual,,TRUE
John Krasinski,The Office,Ensemble In A Comedy Series,2007,14th Annual,,TRUE
Kate Flannery,The Office,Ensemble In A Comedy Series,2007,14th Annual,,TRUE
Leslie David Baker,The Office,Ensemble In A Comedy Series,2007,14th Annual,,TRUE
Melora Hardin,The Office,Ensemble In A Comedy Series,2007,14th Annual,,TRUE
Mindy Kaling,The Office,Ensemble In A Comedy Series,2007,14th Annual,,TRUE
Oscar Nuñez,The Office,Ensemble In A Comedy Series,2007,14th Annual,,TRUE
Paul Lieberstein,The Office,Ensemble In A Comedy Series,2007,14th Annual,,TRUE
Phyllis Smith,The Office,Ensemble In A Comedy Series,2007,14th Annual,,TRUE
Rainn Wilson,The Office,Ensemble In A Comedy Series,2007,14th Annual,,TRUE
Steve Carell,The Office,Ensemble In A Comedy Series,2007,14th Annual,,TRUE
,Ugly Betty,Ensemble In A Comedy Series,2007,14th Annual,,FALSE
Alan Dale,Ugly Betty,Ensemble In A Comedy Series,2007,14th Annual,,FALSE
America Ferrera,Ugly Betty,Ensemble In A Comedy Series,2007,14th Annual,,FALSE
Ana Ortiz,Ugly Betty,Ensemble In A Comedy Series,2007,14th Annual,,FALSE
Ashley Jensen,Ugly Betty,Ensemble In A Comedy Series,2007,14th Annual,,FALSE
Becki Newton,Ugly Betty,Ensemble In A Comedy Series,2007,14th Annual,,FALSE
Christopher Gorham,Ugly Betty,Ensemble In A Comedy Series,2007,14th Annual,,FALSE
Eric Mabius,Ugly Betty,Ensemble In A Comedy Series,2007,14th Annual,,FALSE
Judith Light,Ugly Betty,Ensemble In A Comedy Series,2007,14th Annual,,FALSE
Mark Indelicato,Ugly Betty,Ensemble In A Comedy Series,2007,14th Annual,,FALSE
Michael Urie,Ugly Betty,Ensemble In A Comedy Series,2007,14th Annual,,FALSE
Rebecca Romijn,Ugly Betty,Ensemble In A Comedy Series,2007,14th Annual,,FALSE
Tony Plana,Ugly Betty,Ensemble In A Comedy Series,2007,14th Annual,,FALSE
Vanessa Williams,Ugly Betty,Ensemble In A Comedy Series,2007,14th Annual,,FALSE
,Bosotn Legal,Ensemble In A Drama Series,2007,14th Annual,,FALSE
Candice Bergen,Boston Legal,Ensemble In A Drama Series,2007,14th Annual,,FALSE
Christian Clemenson,Boston Legal,Ensemble In A Drama Series,2007,14th Annual,,FALSE
Constance Zimmer,Boston Legal,Ensemble In A Drama Series,2007,14th Annual,,FALSE
Gary Anthony Williams,Boston Legal,Ensemble In A Drama Series,2007,14th Annual,,FALSE
James Spader,Boston Legal,Ensemble In A Drama Series,2007,14th Annual,,FALSE
John Larroquette,Boston Legal,Ensemble In A Drama Series,2007,14th Annual,,FALSE
Julie Bowen,Boston Legal,Ensemble In A Drama Series,2007,14th Annual,,FALSE
Mark Valley,Boston Legal,Ensemble In A Drama Series,2007,14th Annual,,FALSE
Rene Auberjonois,Boston Legal,Ensemble In A Drama Series,2007,14th Annual,,FALSE
Saffron Burrows,Boston Legal,Ensemble In A Drama Series,2007,14th Annual,,FALSE
Tara Summers,Boston Legal,Ensemble In A Drama Series,2007,14th Annual,,FALSE
Taraji P. Henson,Boston Legal,Ensemble In A Drama Series,2007,14th Annual,,FALSE
William Shatner,Boston Legal,Ensemble In A Drama Series,2007,14th Annual,,FALSE
,Grey's Anatomy,Ensemble In A Drama Series,2007,14th Annual,,FALSE
Brooke Smith,Grey's Anatomy,Ensemble In A Drama Series,2007,14th Annual,,FALSE
Chandra Wilson,Grey's Anatomy,Ensemble In A Drama Series,2007,14th Annual,,FALSE
Chyler Leigh,Grey's Anatomy,Ensemble In A Drama Series,2007,14th Annual,,FALSE
Elizabeth Reaser,Grey's Anatomy,Ensemble In A Drama Series,2007,14th Annual,,FALSE
Ellen Pompeo,Grey's Anatomy,Ensemble In A Drama Series,2007,14th Annual,,FALSE
Eric Dane,Grey's Anatomy,Ensemble In A Drama Series,2007,14th Annual,,FALSE
Isaiah Washington,Grey's Anatomy,Ensemble In A Drama Series,2007,14th Annual,,FALSE
"James Pickens, Jr.",Grey's Anatomy,Ensemble In A Drama Series,2007,14th Annual,,FALSE
Justin Chambers,Grey's Anatomy,Ensemble In A Drama Series,2007,14th Annual,,FALSE
Kate Walsh,Grey's Anatomy,Ensemble In A Drama Series,2007,14th Annual,,FALSE
Katherine Heigl,Grey's Anatomy,Ensemble In A Drama Series,2007,14th Annual,,FALSE
Patrick Dempsey,Grey's Anatomy,Ensemble In A Drama Series,2007,14th Annual,,FALSE
Sandra Oh,Grey's Anatomy,Ensemble In A Drama Series,2007,14th Annual,,FALSE
Sara Ramirez,Grey's Anatomy,Ensemble In A Drama Series,2007,14th Annual,,FALSE
T.r. Knight,Grey's Anatomy,Ensemble In A Drama Series,2007,14th Annual,,FALSE
,Mad Men,Ensemble In A Drama Series,2007,14th Annual,,FALSE
Aaron Staton,Mad Men,Ensemble In A Drama Series,2007,14th Annual,,FALSE
Anne Dudek,Mad Men,Ensemble In A Drama Series,2007,14th Annual,,FALSE
Bryan Batt,Mad Men,Ensemble In A Drama Series,2007,14th Annual,,FALSE
Christina Hendricks,Mad Men,Ensemble In A Drama Series,2007,14th Annual,,FALSE
Elisabeth Moss,Mad Men,Ensemble In A Drama Series,2007,14th Annual,,FALSE
January Jones,Mad Men,Ensemble In A Drama Series,2007,14th Annual,,FALSE
John Slattery,Mad Men,Ensemble In A Drama Series,2007,14th Annual,,FALSE
Jon Hamm,Mad Men,Ensemble In A Drama Series,2007,14th Annual,,FALSE
Maggie Siff,Mad Men,Ensemble In A Drama Series,2007,14th Annual,,FALSE
Michael Gladis,Mad Men,Ensemble In A Drama Series,2007,14th Annual,,FALSE
Rich Sommer,Mad Men,Ensemble In A Drama Series,2007,14th Annual,,FALSE
Robert Morse,Mad Men,Ensemble In A Drama Series,2007,14th Annual,,FALSE
Vincent Kartheiser,Mad Men,Ensemble In A Drama Series,2007,14th Annual,,FALSE
,The Closer,Ensemble In A Drama Series,2007,14th Annual,,FALSE
Corey Reynolds,The Closer,Ensemble In A Drama Series,2007,14th Annual,,FALSE
G.w. Bailey,The Closer,Ensemble In A Drama Series,2007,14th Annual,,FALSE
Gina Ravera,The Closer,Ensemble In A Drama Series,2007,14th Annual,,FALSE
J.k. Simmons,The Closer,Ensemble In A Drama Series,2007,14th Annual,,FALSE
Jon Tenney,The Closer,Ensemble In A Drama Series,2007,14th Annual,,FALSE
Kyra Sedgwick,The Closer,Ensemble In A Drama Series,2007,14th Annual,,FALSE
Michael Paul Chan,The Closer,Ensemble In A Drama Series,2007,14th Annual,,FALSE
Phillip P. Keene,The Closer,Ensemble In A Drama Series,2007,14th Annual,,FALSE
Raymond Cruz,The Closer,Ensemble In A Drama Series,2007,14th Annual,,FALSE
Robert Gossett,The Closer,Ensemble In A Drama Series,2007,14th Annual,,FALSE
Tony Denison,The Closer,Ensemble In A Drama Series,2007,14th Annual,,FALSE
,The Sopranos,Ensemble In A Drama Series,2007,14th Annual,,TRUE
Aida Turturro,The Sopranos,Ensemble In A Drama Series,2007,14th Annual,,TRUE
Arthur Nascarella,The Sopranos,Ensemble In A Drama Series,2007,14th Annual,,TRUE
Dan Grimaldi,The Sopranos,Ensemble In A Drama Series,2007,14th Annual,,TRUE
Edie Falco,The Sopranos,Ensemble In A Drama Series,2007,14th Annual,,TRUE
Frank Vincent,The Sopranos,Ensemble In A Drama Series,2007,14th Annual,,TRUE
Gregory Antonacci,The Sopranos,Ensemble In A Drama Series,2007,14th Annual,,TRUE
James Gandolfini,The Sopranos,Ensemble In A Drama Series,2007,14th Annual,,TRUE
Jamie-Lynn Sigler,The Sopranos,Ensemble In A Drama Series,2007,14th Annual,,TRUE
Lorraine Bracco,The Sopranos,Ensemble In A Drama Series,2007,14th Annual,,TRUE
Matt Servitto,The Sopranos,Ensemble In A Drama Series,2007,14th Annual,,TRUE
Michael Imperioli,The Sopranos,Ensemble In A Drama Series,2007,14th Annual,,TRUE
Robert Iler,The Sopranos,Ensemble In A Drama Series,2007,14th Annual,,TRUE
Steven R. Schirripa,The Sopranos,Ensemble In A Drama Series,2007,14th Annual,,TRUE
Steven Van Zandt,The Sopranos,Ensemble In A Drama Series,2007,14th Annual,,TRUE
Tony Sirico,The Sopranos,Ensemble In A Drama Series,2007,14th Annual,,TRUE
Tina Fey,30 Rock,Female In A Comedy Series,2007,14th Annual,,TRUE
Christina Applegate,Samantha Who?,Female In A Comedy Series,2007,14th Annual,,FALSE
America Ferrera,Ugly Betty,Female In A Comedy Series,2007,14th Annual,,FALSE
Vanessa Williams,Ugly Betty,Female In A Comedy Series,2007,14th Annual,,FALSE
Mary-Louise Parker,Weeds,Female In A Comedy Series,2007,14th Annual,,FALSE
Sally Field,Brothers & Sisters,Female In A Drama Series,2007,14th Annual,,FALSE
Glenn Close,Damages,Female In A Drama Series,2007,14th Annual,,FALSE
Holly Hunter,Saving Grace,Female In A Drama Series,2007,14th Annual,,FALSE
Kyra Sedgwick,The Closer,Female In A Drama Series,2007,14th Annual,,FALSE
Edie Falco,The Sopranos,Female In A Drama Series,2007,14th Annual,,TRUE
Angelina Jolie,A Mighty Heart,Female Lead In A Motion Picture,2007,14th Annual,Actress in a Leading Role,FALSE
Julie Christie,Away From Her,Female Lead In A Motion Picture,2007,14th Annual,Actress in a Leading Role,TRUE
Cate Blanchett,Elizabeth: The Golden Age,Female Lead In A Motion Picture,2007,14th Annual,Actress in a Leading Role,FALSE
Ellen Page,Juno,Female Lead In A Motion Picture,2007,14th Annual,Actress in a Leading Role,FALSE
Marion Cotillard,La Vie En Rose,Female Lead In A Motion Picture,2007,14th Annual,Actress in a Leading Role,FALSE
Ruby Dee,American Gangster,Female Support In A Motion Picture,2007,14th Annual,Actress in a Supporting Role,TRUE
Amy Ryan,Gone Baby Gone,Female Support In A Motion Picture,2007,14th Annual,Actress in a Supporting Role,FALSE
Cate Blanchett,I'm Not There,Female Support In A Motion Picture,2007,14th Annual,Actress in a Supporting Role,FALSE
Catherine Keener,Into The Wild,Female Support In A Motion Picture,2007,14th Annual,Actress in a Supporting Role,FALSE
Tilda Swinton,Michael Clayton,Female Support In A Motion Picture,2007,14th Annual,Actress in a Supporting Role,FALSE
Anna Paquin,Bury My Heart At Wounded Knee,Female In A Television Movie Or Limited Series,2007,14th Annual,,FALSE
Queen Latifah,Life Support,Female In A Television Movie Or Limited Series,2007,14th Annual,,TRUE
Ellen Burstyn,The Company,Female In A Television Movie Or Limited Series,2007,14th Annual,,FALSE
Vanessa Redgrave,The Fever,Female In A Television Movie Or Limited Series,2007,14th Annual,,FALSE
Debra Messing,The Starter Wife,Female In A Television Movie Or Limited Series,2007,14th Annual,,FALSE
Gena Rowlands,What If God Were The Sun,Female In A Television Movie Or Limited Series,2007,14th Annual,,FALSE
Charles Durning,N/A,Life Achievement,2007,14th Annual,,TRUE
Alec Baldwin,30 Rock,Male In A Comedy Series,2007,14th Annual,,TRUE
Jeremy Piven,Entourage,Male In A Comedy Series,2007,14th Annual,,FALSE
Ricky Gervais,Extras,Male In A Comedy Series,2007,14th Annual,,FALSE
Tony Shalhoub,Monk,Male In A Comedy Series,2007,14th Annual,,FALSE
Steve Carell,The Office,Male In A Comedy Series,2007,14th Annual,,FALSE
James Spader,Boston Legal,Male In A Drama Series,2007,14th Annual,,FALSE
Michael C. Hall,Dexter,Male In A Drama Series,2007,14th Annual,,FALSE
Hugh Laurie,House,Male In A Drama Series,2007,14th Annual,,FALSE
Jon Hamm,Mad Men,Male In A Drama Series,2007,14th Annual,,FALSE
James Gandolfini,The Sopranos,Male In A Drama Series,2007,14th Annual,,TRUE
Viggo Mortensen,Eastern Promises,Male Lead In A Motion Picture,2007,14th Annual,Actor in a Leading Role,FALSE
Emile Hirsch,Into The Wild,Male Lead In A Motion Picture,2007,14th Annual,Actor in a Leading Role,FALSE
Ryan Gosling,Lars And The Real Girl,Male Lead In A Motion Picture,2007,14th Annual,Actor in a Leading Role,FALSE
George Clooney,Michael Clayton,Male Lead In A Motion Picture,2007,14th Annual,Actor in a Leading Role,FALSE
Daniel Day-Lewis,There Will Be Blood,Male Lead In A Motion Picture,2007,14th Annual,Actor in a Leading Role,TRUE
Hal Holbrook,Into The Wild,Male Support In A Motion Picture,2007,14th Annual,Actor in a Supporting Role,FALSE
Tom Wilkinson,Michael Clayton,Male Support In A Motion Picture,2007,14th Annual,Actor in a Supporting Role,FALSE
Javier Bardem,No Country For Old Men,Male Support In A Motion Picture,2007,14th Annual,Actor in a Supporting Role,TRUE
Tommy Lee Jones,No Country For Old Men,Male Support In A Motion Picture,2007,14th Annual,Actor in a Supporting Role,FALSE
Casey Affleck,The Assination Of Jesse James By The Coward Robert Ford,Male Support In A Motion Picture,2007,14th Annual,Actor in a Supporting Role,FALSE
Kevin Kline,As You Like It,Male In A Television Movie Or Limited Series,2007,14th Annual,,TRUE
Sam Shepard,Ruffian,Male In A Television Movie Or Limited Series,2007,14th Annual,,FALSE
John Turturro,The Bronx Is Burning,Male In A Television Movie Or Limited Series,2007,14th Annual,,FALSE
Oliver Platt,The Bronx Is Burning,Male In A Television Movie Or Limited Series,2007,14th Annual,,FALSE
Michael Keaton,The Company,Male In A Television Movie Or Limited Series,2007,14th Annual,,FALSE
,300,Stunt Ensemble In A Motion Picture,2007,14th Annual,,FALSE
,I Am Legend,Stunt Ensemble In A Motion Picture,2007,14th Annual,,FALSE
,Pirates Of The Caribbean: At World's End,Stunt Ensemble In A Motion Picture,2007,14th Annual,,FALSE
,The Bourne Ultimatum,Stunt Ensemble In A Motion Picture,2007,14th Annual,,TRUE
,The Kingdom,Stunt Ensemble In A Motion Picture,2007,14th Annual,,FALSE
,24,Stunt Ensemble In A Television Series,2007,14th Annual,,TRUE
,Heroes,Stunt Ensemble In A Television Series,2007,14th Annual,,FALSE
,Lost,Stunt Ensemble In A Television Series,2007,14th Annual,,FALSE
,Rome,Stunt Ensemble In A Television Series,2007,14th Annual,,FALSE
,The Unit,Stunt Ensemble In A Television Series,2007,14th Annual,,FALSE
Adriana Barraza,Babel,Cast In A Motion Picture,2006,13th Annual,,FALSE
Brad Pitt,Babel,Cast In A Motion Picture,2006,13th Annual,,FALSE
Cate Blanchett,Babel,Cast In A Motion Picture,2006,13th Annual,,FALSE
Gael García Bernal,Babel,Cast In A Motion Picture,2006,13th Annual,,FALSE
Kôji Yakusho,Babel,Cast In A Motion Picture,2006,13th Annual,,FALSE
Rinko Kikuchi,Babel,Cast In A Motion Picture,2006,13th Annual,,FALSE
Anthony Hopkins,Bobby,Cast In A Motion Picture,2006,13th Annual,,FALSE
Ashton Kutcher,Bobby,Cast In A Motion Picture,2006,13th Annual,,FALSE
Brian Geraghty,Bobby,Cast In A Motion Picture,2006,13th Annual,,FALSE
Christian Slater,Bobby,Cast In A Motion Picture,2006,13th Annual,,FALSE
David Krumholtz,Bobby,Cast In A Motion Picture,2006,13th Annual,,FALSE
Demi Moore,Bobby,Cast In A Motion Picture,2006,13th Annual,,FALSE
Elijah Wood,Bobby,Cast In A Motion Picture,2006,13th Annual,,FALSE
Emilio Estevez,Bobby,Cast In A Motion Picture,2006,13th Annual,,FALSE
Freddy Rodriguez,Bobby,Cast In A Motion Picture,2006,13th Annual,,FALSE
Harry Belafonte,Bobby,Cast In A Motion Picture,2006,13th Annual,,FALSE
Heather Graham,Bobby,Cast In A Motion Picture,2006,13th Annual,,FALSE
Helen Hunt,Bobby,Cast In A Motion Picture,2006,13th Annual,,FALSE
Jacob Vargas,Bobby,Cast In A Motion Picture,2006,13th Annual,,FALSE
Joshua Jackson,Bobby,Cast In A Motion Picture,2006,13th Annual,,FALSE
Joy Bryant,Bobby,Cast In A Motion Picture,2006,13th Annual,,FALSE
Laurence Fishburne,Bobby,Cast In A Motion Picture,2006,13th Annual,,FALSE
Lindsay Lohan,Bobby,Cast In A Motion Picture,2006,13th Annual,,FALSE
Martin Sheen,Bobby,Cast In A Motion Picture,2006,13th Annual,,FALSE
Mary Elizabeth Winstead,Bobby,Cast In A Motion Picture,2006,13th Annual,,FALSE
Nick Cannon,Bobby,Cast In A Motion Picture,2006,13th Annual,,FALSE
Sharon Stone,Bobby,Cast In A Motion Picture,2006,13th Annual,,FALSE
Shia Laboeuf,Bobby,Cast In A Motion Picture,2006,13th Annual,,FALSE
Svetlana Metkina,Bobby,Cast In A Motion Picture,2006,13th Annual,,FALSE
William H. Macy,Bobby,Cast In A Motion Picture,2006,13th Annual,,FALSE
Anika Noni Rose,Dreamgirls,Cast In A Motion Picture,2006,13th Annual,,FALSE
Beyoncé Knowles,Dreamgirls,Cast In A Motion Picture,2006,13th Annual,,FALSE
Danny Glover,Dreamgirls,Cast In A Motion Picture,2006,13th Annual,,FALSE
Eddie Murphy,Dreamgirls,Cast In A Motion Picture,2006,13th Annual,,FALSE
Jamie Foxx,Dreamgirls,Cast In A Motion Picture,2006,13th Annual,,FALSE
Jennifer Hudson,Dreamgirls,Cast In A Motion Picture,2006,13th Annual,,FALSE
Keith Robinson,Dreamgirls,Cast In A Motion Picture,2006,13th Annual,,FALSE
Abigail Breslin,Little Miss Sunshine,Cast In A Motion Picture,2006,13th Annual,,TRUE
Alan Arkin,Little Miss Sunshine,Cast In A Motion Picture,2006,13th Annual,,TRUE
Greg Kinnear,Little Miss Sunshine,Cast In A Motion Picture,2006,13th Annual,,TRUE
Paul Dano,Little Miss Sunshine,Cast In A Motion Picture,2006,13th Annual,,TRUE
Steve Carell,Little Miss Sunshine,Cast In A Motion Picture,2006,13th Annual,,TRUE
Toni Collette,Little Miss Sunshine,Cast In A Motion Picture,2006,13th Annual,,TRUE
Alec Baldwin,The Departed,Cast In A Motion Picture,2006,13th Annual,,FALSE
Anthony Anderson,The Departed,Cast In A Motion Picture,2006,13th Annual,,FALSE
Jack Nicholson,The Departed,Cast In A Motion Picture,2006,13th Annual,,FALSE
Leonardo Dicaprio,The Departed,Cast In A Motion Picture,2006,13th Annual,,FALSE
Mark Wahlberg,The Departed,Cast In A Motion Picture,2006,13th Annual,,FALSE
Martin Sheen,The Departed,Cast In A Motion Picture,2006,13th Annual,,FALSE
Matt Damon,The Departed,Cast In A Motion Picture,2006,13th Annual,,FALSE
Ray Winstone,The Departed,Cast In A Motion Picture,2006,13th Annual,,FALSE
Vera Farmiga,The Departed,Cast In A Motion Picture,2006,13th Annual,,FALSE
,Desperate Housewives,Ensemble In A Comedy Series,2006,13th Annual,,FALSE
Alfre Woodard,Desperate Housewives,Ensemble In A Comedy Series,2006,13th Annual,,FALSE
Andrea Bowen,Desperate Housewives,Ensemble In A Comedy Series,2006,13th Annual,,FALSE
Brenda Strong,Desperate Housewives,Ensemble In A Comedy Series,2006,13th Annual,,FALSE
Brent Kinsman,Desperate Housewives,Ensemble In A Comedy Series,2006,13th Annual,,FALSE
Doug Savant,Desperate Housewives,Ensemble In A Comedy Series,2006,13th Annual,,FALSE
Dougray Scott,Desperate Housewives,Ensemble In A Comedy Series,2006,13th Annual,,FALSE
Eva Longoria,Desperate Housewives,Ensemble In A Comedy Series,2006,13th Annual,,FALSE
Felicity Huffman,Desperate Housewives,Ensemble In A Comedy Series,2006,13th Annual,,FALSE
James Denton,Desperate Housewives,Ensemble In A Comedy Series,2006,13th Annual,,FALSE
Josh Henderson,Desperate Housewives,Ensemble In A Comedy Series,2006,13th Annual,,FALSE
Joy Lauren,Desperate Housewives,Ensemble In A Comedy Series,2006,13th Annual,,FALSE
Kathryn Joosten,Desperate Housewives,Ensemble In A Comedy Series,2006,13th Annual,,FALSE
Kiersten Warren,Desperate Housewives,Ensemble In A Comedy Series,2006,13th Annual,,FALSE
Kyle Maclachlan,Desperate Housewives,Ensemble In A Comedy Series,2006,13th Annual,,FALSE
Laurie Metcalf,Desperate Housewives,Ensemble In A Comedy Series,2006,13th Annual,,FALSE
Marcia Cross,Desperate Housewives,Ensemble In A Comedy Series,2006,13th Annual,,FALSE
Mehcad Brooks,Desperate Housewives,Ensemble In A Comedy Series,2006,13th Annual,,FALSE
Nashawn Kearse,Desperate Housewives,Ensemble In A Comedy Series,2006,13th Annual,,FALSE
Nicollette Sheridan,Desperate Housewives,Ensemble In A Comedy Series,2006,13th Annual,,FALSE
Ricardo Antonio Chavira,Desperate Housewives,Ensemble In A Comedy Series,2006,13th Annual,,FALSE
Richard Burgi,Desperate Housewives,Ensemble In A Comedy Series,2006,13th Annual,,FALSE
Shane Kinsman,Desperate Housewives,Ensemble In A Comedy Series,2006,13th Annual,,FALSE
Shawn Pyfrom,Desperate Housewives,Ensemble In A Comedy Series,2006,13th Annual,,FALSE
Teri Hatcher,Desperate Housewives,Ensemble In A Comedy Series,2006,13th Annual,,FALSE
Zane Huett,Desperate Housewives,Ensemble In A Comedy Series,2006,13th Annual,,FALSE
,Entourage,Ensemble In A Comedy Series,2006,13th Annual,,FALSE
Adrian Grenier,Entourage,Ensemble In A Comedy Series,2006,13th Annual,,FALSE
Debi Mazar,Entourage,Ensemble In A Comedy Series,2006,13th Annual,,FALSE
Jeremy Piven,Entourage,Ensemble In A Comedy Series,2006,13th Annual,,FALSE
Jerry Ferrara,Entourage,Ensemble In A Comedy Series,2006,13th Annual,,FALSE
Kevin Connolly,Entourage,Ensemble In A Comedy Series,2006,13th Annual,,FALSE
Kevin Dillon,Entourage,Ensemble In A Comedy Series,2006,13th Annual,,FALSE
Perrey Reeves,Entourage,Ensemble In A Comedy Series,2006,13th Annual,,FALSE
Rex Lee,Entourage,Ensemble In A Comedy Series,2006,13th Annual,,FALSE
,The Office,Ensemble In A Comedy Series,2006,13th Annual,,TRUE
Angela Kinsey,The Office,Ensemble In A Comedy Series,2006,13th Annual,,TRUE
B.j. Novak,The Office,Ensemble In A Comedy Series,2006,13th Annual,,TRUE
Brian Baumgartner,The Office,Ensemble In A Comedy Series,2006,13th Annual,,TRUE
Creed Bratton,The Office,Ensemble In A Comedy Series,2006,13th Annual,,TRUE
David Denman,The Office,Ensemble In A Comedy Series,2006,13th Annual,,TRUE
Jenna Fischer,The Office,Ensemble In A Comedy Series,2006,13th Annual,,TRUE
John Krasinski,The Office,Ensemble In A Comedy Series,2006,13th Annual,,TRUE
Kate Flannery,The Office,Ensemble In A Comedy Series,2006,13th Annual,,TRUE
Leslie David Baker,The Office,Ensemble In A Comedy Series,2006,13th Annual,,TRUE
Melora Hardin,The Office,Ensemble In A Comedy Series,2006,13th Annual,,TRUE
Mindy Kaling,The Office,Ensemble In A Comedy Series,2006,13th Annual,,TRUE
Oscar Nuñez,The Office,Ensemble In A Comedy Series,2006,13th Annual,,TRUE
Paul Lieberstein,The Office,Ensemble In A Comedy Series,2006,13th Annual,,TRUE
Phyllis Smith,The Office,Ensemble In A Comedy Series,2006,13th Annual,,TRUE
Rainn Wilson,The Office,Ensemble In A Comedy Series,2006,13th Annual,,TRUE
Steve Carell,The Office,Ensemble In A Comedy Series,2006,13th Annual,,TRUE
,Ugly Betty,Ensemble In A Comedy Series,2006,13th Annual,,FALSE
Alan Dale,Ugly Betty,Ensemble In A Comedy Series,2006,13th Annual,,FALSE
America Ferrera,Ugly Betty,Ensemble In A Comedy Series,2006,13th Annual,,FALSE
Ana Ortiz,Ugly Betty,Ensemble In A Comedy Series,2006,13th Annual,,FALSE
Ashley Jensen,Ugly Betty,Ensemble In A Comedy Series,2006,13th Annual,,FALSE
Becki Newton,Ugly Betty,Ensemble In A Comedy Series,2006,13th Annual,,FALSE
Eric Mabius,Ugly Betty,Ensemble In A Comedy Series,2006,13th Annual,,FALSE
Kevin Sussman,Ugly Betty,Ensemble In A Comedy Series,2006,13th Annual,,FALSE
Mark Indelicato,Ugly Betty,Ensemble In A Comedy Series,2006,13th Annual,,FALSE
Michael Urie,Ugly Betty,Ensemble In A Comedy Series,2006,13th Annual,,FALSE
Tony Plana,Ugly Betty,Ensemble In A Comedy Series,2006,13th Annual,,FALSE
Vanessa Williams,Ugly Betty,Ensemble In A Comedy Series,2006,13th Annual,,FALSE
,Weeds,Ensemble In A Comedy Series,2006,13th Annual,,FALSE
Alexander Gould,Weeds,Ensemble In A Comedy Series,2006,13th Annual,,FALSE
Elizabeth Perkins,Weeds,Ensemble In A Comedy Series,2006,13th Annual,,FALSE
Hunter Parrish,Weeds,Ensemble In A Comedy Series,2006,13th Annual,,FALSE
Justin Kirk,Weeds,Ensemble In A Comedy Series,2006,13th Annual,,FALSE
Kevin Nealon,Weeds,Ensemble In A Comedy Series,2006,13th Annual,,FALSE
Martin Donovan,Weeds,Ensemble In A Comedy Series,2006,13th Annual,,FALSE
Mary-Louise Parker,Weeds,Ensemble In A Comedy Series,2006,13th Annual,,FALSE
Romany Malco,Weeds,Ensemble In A Comedy Series,2006,13th Annual,,FALSE
Tonye Patano,Weeds,Ensemble In A Comedy Series,2006,13th Annual,,FALSE
,24,Ensemble In A Drama Series,2006,13th Annual,,FALSE
Glenn Morshower,24,Ensemble In A Drama Series,2006,13th Annual,,FALSE
Gregory Itzin,24,Ensemble In A Drama Series,2006,13th Annual,,FALSE
James Morrison,24,Ensemble In A Drama Series,2006,13th Annual,,FALSE
Jayne Atkinson,24,Ensemble In A Drama Series,2006,13th Annual,,FALSE
Jean Smart,24,Ensemble In A Drama Series,2006,13th Annual,,FALSE
Jude Ciccolella,24,Ensemble In A Drama Series,2006,13th Annual,,FALSE
Kiefer Sutherland,24,Ensemble In A Drama Series,2006,13th Annual,,FALSE
Kim Raver,24,Ensemble In A Drama Series,2006,13th Annual,,FALSE
Louis Lombardi,24,Ensemble In A Drama Series,2006,13th Annual,,FALSE
Mary Lynn Rajskub,24,Ensemble In A Drama Series,2006,13th Annual,,FALSE
Roger Cross,24,Ensemble In A Drama Series,2006,13th Annual,,FALSE
,Bosotn Legal,Ensemble In A Drama Series,2006,13th Annual,,FALSE
Candice Bergen,Boston Legal,Ensemble In A Drama Series,2006,13th Annual,,FALSE
Craig Bierko,Boston Legal,Ensemble In A Drama Series,2006,13th Annual,,FALSE
James Spader,Boston Legal,Ensemble In A Drama Series,2006,13th Annual,,FALSE
Julie Bowen,Boston Legal,Ensemble In A Drama Series,2006,13th Annual,,FALSE
Mark Valley,Boston Legal,Ensemble In A Drama Series,2006,13th Annual,,FALSE
Rene Auberjonois,Boston Legal,Ensemble In A Drama Series,2006,13th Annual,,FALSE
William Shatner,Boston Legal,Ensemble In A Drama Series,2006,13th Annual,,FALSE
,Deadwood,Ensemble In A Drama Series,2006,13th Annual,,FALSE
Anna Gunn,Deadwood,Ensemble In A Drama Series,2006,13th Annual,,FALSE
Brad Dourif,Deadwood,Ensemble In A Drama Series,2006,13th Annual,,FALSE
Bree Seanna Wall,Deadwood,Ensemble In A Drama Series,2006,13th Annual,,FALSE
Brent Sexton,Deadwood,Ensemble In A Drama Series,2006,13th Annual,,FALSE
Brian Cox,Deadwood,Ensemble In A Drama Series,2006,13th Annual,,FALSE
Dayton Callie,Deadwood,Ensemble In A Drama Series,2006,13th Annual,,FALSE
Gerald Mcraney,Deadwood,Ensemble In A Drama Series,2006,13th Annual,,FALSE
Ian Mcshane,Deadwood,Ensemble In A Drama Series,2006,13th Annual,,FALSE
Jeffrey Jones,Deadwood,Ensemble In A Drama Series,2006,13th Annual,,FALSE
Jim Beaver,Deadwood,Ensemble In A Drama Series,2006,13th Annual,,FALSE
John Hawkes,Deadwood,Ensemble In A Drama Series,2006,13th Annual,,FALSE
Kim Dickens,Deadwood,Ensemble In A Drama Series,2006,13th Annual,,FALSE
Leon Rippy,Deadwood,Ensemble In A Drama Series,2006,13th Annual,,FALSE
Molly Parker,Deadwood,Ensemble In A Drama Series,2006,13th Annual,,FALSE
Paula Malcomson,Deadwood,Ensemble In A Drama Series,2006,13th Annual,,FALSE
Powers Boothe,Deadwood,Ensemble In A Drama Series,2006,13th Annual,,FALSE
Robin Weigert,Deadwood,Ensemble In A Drama Series,2006,13th Annual,,FALSE
Sean Bridgers,Deadwood,Ensemble In A Drama Series,2006,13th Annual,,FALSE
Timothy Olyphant,Deadwood,Ensemble In A Drama Series,2006,13th Annual,,FALSE
Titus Welliver,Deadwood,Ensemble In A Drama Series,2006,13th Annual,,FALSE
W. Earl Brown,Deadwood,Ensemble In A Drama Series,2006,13th Annual,,FALSE
William Sanderson,Deadwood,Ensemble In A Drama Series,2006,13th Annual,,FALSE
,Grey's Anatomy,Ensemble In A Drama Series,2006,13th Annual,,TRUE
Chandra Wilson,Grey's Anatomy,Ensemble In A Drama Series,2006,13th Annual,,TRUE
Ellen Pompeo,Grey's Anatomy,Ensemble In A Drama Series,2006,13th Annual,,TRUE
Eric Dane,Grey's Anatomy,Ensemble In A Drama Series,2006,13th Annual,,TRUE
Isaiah Washington,Grey's Anatomy,Ensemble In A Drama Series,2006,13th Annual,,TRUE
"James Pickens, Jr.",Grey's Anatomy,Ensemble In A Drama Series,2006,13th Annual,,TRUE
Justin Chambers,Grey's Anatomy,Ensemble In A Drama Series,2006,13th Annual,,TRUE
Kate Walsh,Grey's Anatomy,Ensemble In A Drama Series,2006,13th Annual,,TRUE
Katherine Heigl,Grey's Anatomy,Ensemble In A Drama Series,2006,13th Annual,,TRUE
Patrick Dempsey,Grey's Anatomy,Ensemble In A Drama Series,2006,13th Annual,,TRUE
Sandra Oh,Grey's Anatomy,Ensemble In A Drama Series,2006,13th Annual,,TRUE
Sara Ramirez,Grey's Anatomy,Ensemble In A Drama Series,2006,13th Annual,,TRUE
T.r. Knight,Grey's Anatomy,Ensemble In A Drama Series,2006,13th Annual,,TRUE
,The Sopranos,Ensemble In A Drama Series,2006,13th Annual,,FALSE
Aida Turturro,The Sopranos,Ensemble In A Drama Series,2006,13th Annual,,FALSE
Dan Grimaldi,The Sopranos,Ensemble In A Drama Series,2006,13th Annual,,FALSE
Dominic Chianese,The Sopranos,Ensemble In A Drama Series,2006,13th Annual,,FALSE
Edie Falco,The Sopranos,Ensemble In A Drama Series,2006,13th Annual,,FALSE
Frank Vincent,The Sopranos,Ensemble In A Drama Series,2006,13th Annual,,FALSE
James Gandolfini,The Sopranos,Ensemble In A Drama Series,2006,13th Annual,,FALSE
Jamie-Lynn Sigler,The Sopranos,Ensemble In A Drama Series,2006,13th Annual,,FALSE
Joseph R. Gannascoli,The Sopranos,Ensemble In A Drama Series,2006,13th Annual,,FALSE
Lorraine Bracco,The Sopranos,Ensemble In A Drama Series,2006,13th Annual,,FALSE
Max Casella,The Sopranos,Ensemble In A Drama Series,2006,13th Annual,,FALSE
Michael Imperioli,The Sopranos,Ensemble In A Drama Series,2006,13th Annual,,FALSE
Robert Iler,The Sopranos,Ensemble In A Drama Series,2006,13th Annual,,FALSE
Sharon Angela,The Sopranos,Ensemble In A Drama Series,2006,13th Annual,,FALSE
Steven R. Schirripa,The Sopranos,Ensemble In A Drama Series,2006,13th Annual,,FALSE
Steven Van Zandt,The Sopranos,Ensemble In A Drama Series,2006,13th Annual,,FALSE
Tony Sirico,The Sopranos,Ensemble In A Drama Series,2006,13th Annual,,FALSE
Felicity Huffman,Desperate Housewives,Female In A Comedy Series,2006,13th Annual,,FALSE
Jaime Pressly,My Name Is Earl,Female In A Comedy Series,2006,13th Annual,,FALSE
Julia Louis-Dreyfus,The New Adventures Of Old Christine,Female In A Comedy Series,2006,13th Annual,,FALSE
America Ferrera,Ugly Betty,Female In A Comedy Series,2006,13th Annual,,TRUE
Mary-Louise Parker,Weeds,Female In A Comedy Series,2006,13th Annual,,FALSE
Megan Mullally,Will & Grace,Female In A Comedy Series,2006,13th Annual,,FALSE
Chandra Wilson,Grey's Anatomy,Female In A Drama Series,2006,13th Annual,,TRUE
Mariska Hargitay,Law & Order: Svu,Female In A Drama Series,2006,13th Annual,,FALSE
Patricia Arquette,Medium,Female In A Drama Series,2006,13th Annual,,FALSE
Kyra Sedgwick,The Closer,Female In A Drama Series,2006,13th Annual,,FALSE
Edie Falco,The Sopranos,Female In A Drama Series,2006,13th Annual,,FALSE
Kate Winslet,Little Children,Female Lead In A Motion Picture,2006,13th Annual,Actress in a Leading Role,FALSE
Judi Dench,Notes On A Scandal,Female Lead In A Motion Picture,2006,13th Annual,Actress in a Leading Role,FALSE
Meryl Streep,The Devil Wears Prada,Female Lead In A Motion Picture,2006,13th Annual,Actress in a Leading Role,FALSE
Helen Mirren,The Queen,Female Lead In A Motion Picture,2006,13th Annual,Actress in a Leading Role,TRUE
Penélope Cruz,Volver,Female Lead In A Motion Picture,2006,13th Annual,Actress in a Leading Role,FALSE
Adriana Barraza,Babel,Female Support In A Motion Picture,2006,13th Annual,Actress in a Supporting Role,FALSE
Rinko Kikuchi,Babel,Female Support In A Motion Picture,2006,13th Annual,Actress in a Supporting Role,FALSE
Jennifer Hudson,Dreamgirls,Female Support In A Motion Picture,2006,13th Annual,Actress in a Supporting Role,TRUE
Abigail Breslin,Little Miss Sunshine,Female Support In A Motion Picture,2006,13th Annual,Actress in a Supporting Role,FALSE
Cate Blanchett,Notes On A Scandal,Female Support In A Motion Picture,2006,13th Annual,Actress in a Supporting Role,FALSE
Greta Scacchi,Broken Trail,Female In A Television Movie Or Limited Series,2006,13th Annual,,FALSE
Helen Mirren,Elizabeth I,Female In A Television Movie Or Limited Series,2006,13th Annual,,TRUE
Shirley Jones,Hidden Places,Female In A Television Movie Or Limited Series,2006,13th Annual,,FALSE
Annette Bening,Mrs. Harris,Female In A Television Movie Or Limited Series,2006,13th Annual,,FALSE
Cloris Leachman,Mrs. Harris,Female In A Television Movie Or Limited Series,2006,13th Annual,,FALSE
Julie Andrews,N/A,Life Achievement,2006,13th Annual,,TRUE
Alec Baldwin,30 Rock,Male In A Comedy Series,2006,13th Annual,,TRUE
Jeremy Piven,Entourage,Male In A Comedy Series,2006,13th Annual,,FALSE
Tony Shalhoub,Monk,Male In A Comedy Series,2006,13th Annual,,FALSE
Jason Lee,My Name Is Earl,Male In A Comedy Series,2006,13th Annual,,FALSE
Steve Carell,The Office,Male In A Comedy Series,2006,13th Annual,,FALSE
Kiefer Sutherland,24,Male In A Drama Series,2006,13th Annual,,FALSE
James Spader,Boston Legal,Male In A Drama Series,2006,13th Annual,,FALSE
Michael C. Hall,Dexter,Male In A Drama Series,2006,13th Annual,,FALSE
Hugh Laurie,House,Male In A Drama Series,2006,13th Annual,,TRUE
James Gandolfini,The Sopranos,Male In A Drama Series,2006,13th Annual,,FALSE
Leonardo Dicaprio,Blood Diamond,Male Lead In A Motion Picture,2006,13th Annual,Actor in a Leading Role,FALSE
Ryan Gosling,Half Nelson,Male Lead In A Motion Picture,2006,13th Annual,Actor in a Leading Role,FALSE
Will Smith,Pursuit Of Happyness,Male Lead In A Motion Picture,2006,13th Annual,Actor in a Leading Role,FALSE
Forest Whitaker,The Last King Of Scotland,Male Lead In A Motion Picture,2006,13th Annual,Actor in a Leading Role,TRUE
Peter O'toole,Venus,Male Lead In A Motion Picture,2006,13th Annual,Actor in a Leading Role,FALSE
Djimon Hounsou,Blood Diamond,Male Support In A Motion Picture,2006,13th Annual,Actor in a Supporting Role,FALSE
Eddie Murphy,Dreamgirls,Male Support In A Motion Picture,2006,13th Annual,Actor in a Supporting Role,TRUE
Jackie Earle Haley,Little Children,Male Support In A Motion Picture,2006,13th Annual,Actor in a Supporting Role,FALSE
Alan Arkin,Little Miss Sunshine,Male Support In A Motion Picture,2006,13th Annual,Actor in a Supporting Role,FALSE
Leonardo Dicaprio,The Departed,Male Support In A Motion Picture,2006,13th Annual,Actor in a Supporting Role,FALSE
Robert Duvall,Broken Trail,Male In A Television Movie Or Limited Series,2006,13th Annual,,FALSE
Thomas Haden Church,Broken Trail,Male In A Television Movie Or Limited Series,2006,13th Annual,,FALSE
Jeremy Irons,Elizabeth I,Male In A Television Movie Or Limited Series,2006,13th Annual,,TRUE
William H. Macy,Nightmares & Dreamscapes,Male In A Television Movie Or Limited Series,2006,13th Annual,,FALSE
Matthew Perry,The Ron Clark Story,Male In A Television Movie Or Limited Series,2006,13th Annual,,FALSE
Anna Faris,Brokeback Mountain,Cast In A Motion Picture,2005,12th Annual,,FALSE
Anne Hathaway,Brokeback Mountain,Cast In A Motion Picture,2005,12th Annual,,FALSE
Heath Ledger,Brokeback Mountain,Cast In A Motion Picture,2005,12th Annual,,FALSE
Jake Gyllenhaal,Brokeback Mountain,Cast In A Motion Picture,2005,12th Annual,,FALSE
Linda Cardellini,Brokeback Mountain,Cast In A Motion Picture,2005,12th Annual,,FALSE
Michelle Williams,Brokeback Mountain,Cast In A Motion Picture,2005,12th Annual,,FALSE
Randy Quaid,Brokeback Mountain,Cast In A Motion Picture,2005,12th Annual,,FALSE
Bob Balaban,Capote,Cast In A Motion Picture,2005,12th Annual,,FALSE
Bruce Greenwood,Capote,Cast In A Motion Picture,2005,12th Annual,,FALSE
Catherine Keener,Capote,Cast In A Motion Picture,2005,12th Annual,,FALSE
Chris Cooper,Capote,Cast In A Motion Picture,2005,12th Annual,,FALSE
"Clifton Collins, Jr.",Capote,Cast In A Motion Picture,2005,12th Annual,,FALSE
Mark Pellegrino,Capote,Cast In A Motion Picture,2005,12th Annual,,FALSE
Marshall Bell,Capote,Cast In A Motion Picture,2005,12th Annual,,FALSE
Philip Seymour Hoffman,Capote,Cast In A Motion Picture,2005,12th Annual,,FALSE
Brendan Fraser,Crash,Cast In A Motion Picture,2005,12th Annual,,TRUE
"Chris ""Ludacris"" Bridges",Crash,Cast In A Motion Picture,2005,12th Annual,,TRUE
Don Cheadle,Crash,Cast In A Motion Picture,2005,12th Annual,,TRUE
Jennifer Esposito,Crash,Cast In A Motion Picture,2005,12th Annual,,TRUE
Larenz Tate,Crash,Cast In A Motion Picture,2005,12th Annual,,TRUE
Matt Dillon,Crash,Cast In A Motion Picture,2005,12th Annual,,TRUE
Ryan Phillippe,Crash,Cast In A Motion Picture,2005,12th Annual,,TRUE
Sandra Bullock,Crash,Cast In A Motion Picture,2005,12th Annual,,TRUE
Terrence Howard,Crash,Cast In A Motion Picture,2005,12th Annual,,TRUE
Thandie Newton,Crash,Cast In A Motion Picture,2005,12th Annual,,TRUE
William Fichtner,Crash,Cast In A Motion Picture,2005,12th Annual,,TRUE
Alex Borstein,"Good Night, And Good Luck.",Cast In A Motion Picture,2005,12th Annual,,FALSE
David Strathairn,"Good Night, And Good Luck.",Cast In A Motion Picture,2005,12th Annual,,FALSE
Diane Reeves,"Good Night, And Good Luck.",Cast In A Motion Picture,2005,12th Annual,,FALSE
Frank Langella,"Good Night, And Good Luck.",Cast In A Motion Picture,2005,12th Annual,,FALSE
George Clooney,"Good Night, And Good Luck.",Cast In A Motion Picture,2005,12th Annual,,FALSE
Grant Heslov,"Good Night, And Good Luck.",Cast In A Motion Picture,2005,12th Annual,,FALSE
Jeff Daniels,"Good Night, And Good Luck.",Cast In A Motion Picture,2005,12th Annual,,FALSE
Matt Ross,"Good Night, And Good Luck.",Cast In A Motion Picture,2005,12th Annual,,FALSE
Patricia Clarkson,"Good Night, And Good Luck.",Cast In A Motion Picture,2005,12th Annual,,FALSE
Peter Jacobson,"Good Night, And Good Luck.",Cast In A Motion Picture,2005,12th Annual,,FALSE
Ray Wise,"Good Night, And Good Luck.",Cast In A Motion Picture,2005,12th Annual,,FALSE
Reed Diamond,"Good Night, And Good Luck.",Cast In A Motion Picture,2005,12th Annual,,FALSE
"Robert Downey, Jr.","Good Night, And Good Luck.",Cast In A Motion Picture,2005,12th Annual,,FALSE
Robert John Burke,"Good Night, And Good Luck.",Cast In A Motion Picture,2005,12th Annual,,FALSE
Rose Abdoo,"Good Night, And Good Luck.",Cast In A Motion Picture,2005,12th Annual,,FALSE
Tate Donovan,"Good Night, And Good Luck.",Cast In A Motion Picture,2005,12th Annual,,FALSE
Tom Mccarthy,"Good Night, And Good Luck.",Cast In A Motion Picture,2005,12th Annual,,FALSE
Anthony Anderson,Hustle & Flow,Cast In A Motion Picture,2005,12th Annual,,FALSE
"Chris ""Ludacris"" Bridges",Hustle & Flow,Cast In A Motion Picture,2005,12th Annual,,FALSE
D.j. Qualls,Hustle & Flow,Cast In A Motion Picture,2005,12th Annual,,FALSE
Elise Neal,Hustle & Flow,Cast In A Motion Picture,2005,12th Annual,,FALSE
Isaac Hayes,Hustle & Flow,Cast In A Motion Picture,2005,12th Annual,,FALSE
Paula Jai Parker,Hustle & Flow,Cast In A Motion Picture,2005,12th Annual,,FALSE
Taraji P. Henson,Hustle & Flow,Cast In A Motion Picture,2005,12th Annual,,FALSE
Taryn Manning,Hustle & Flow,Cast In A Motion Picture,2005,12th Annual,,FALSE
Terrence Howard,Hustle & Flow,Cast In A Motion Picture,2005,12th Annual,,FALSE
,Arrested Development,Ensemble In A Comedy Series,2005,12th Annual,,FALSE
Alia Shawkat,Arrested Development,Ensemble In A Comedy Series,2005,12th Annual,,FALSE
David Cross,Arrested Development,Ensemble In A Comedy Series,2005,12th Annual,,FALSE
Jason Bateman,Arrested Development,Ensemble In A Comedy Series,2005,12th Annual,,FALSE
Jeffrey Tambor,Arrested Development,Ensemble In A Comedy Series,2005,12th Annual,,FALSE
Jessica Walter,Arrested Development,Ensemble In A Comedy Series,2005,12th Annual,,FALSE
Michael Cera,Arrested Development,Ensemble In A Comedy Series,2005,12th Annual,,FALSE
Portia De Rossi,Arrested Development,Ensemble In A Comedy Series,2005,12th Annual,,FALSE
Tony Hale,Arrested Development,Ensemble In A Comedy Series,2005,12th Annual,,FALSE
Will Arnett,Arrested Development,Ensemble In A Comedy Series,2005,12th Annual,,FALSE
,Bosotn Legal,Ensemble In A Comedy Series,2005,12th Annual,,FALSE
Candice Bergen,Boston Legal,Ensemble In A Comedy Series,2005,12th Annual,,FALSE
James Spader,Boston Legal,Ensemble In A Comedy Series,2005,12th Annual,,FALSE
Julie Bowen,Boston Legal,Ensemble In A Comedy Series,2005,12th Annual,,FALSE
Justin Mentell,Boston Legal,Ensemble In A Comedy Series,2005,12th Annual,,FALSE
Mark Valley,Boston Legal,Ensemble In A Comedy Series,2005,12th Annual,,FALSE
Monica Potter,Boston Legal,Ensemble In A Comedy Series,2005,12th Annual,,FALSE
Rene Auberjonois,Boston Legal,Ensemble In A Comedy Series,2005,12th Annual,,FALSE
Rhona Mitra,Boston Legal,Ensemble In A Comedy Series,2005,12th Annual,,FALSE
Ryan Michelle Bathe,Boston Legal,Ensemble In A Comedy Series,2005,12th Annual,,FALSE
William Shatner,Boston Legal,Ensemble In A Comedy Series,2005,12th Annual,,FALSE
,Curb Your Enthusiasm,Ensemble In A Comedy Series,2005,12th Annual,,FALSE
Cheryl Hines,Curb Your Enthusiasm,Ensemble In A Comedy Series,2005,12th Annual,,FALSE
Jeff Garlin,Curb Your Enthusiasm,Ensemble In A Comedy Series,2005,12th Annual,,FALSE
Larry David,Curb Your Enthusiasm,Ensemble In A Comedy Series,2005,12th Annual,,FALSE
Richard Lewis,Curb Your Enthusiasm,Ensemble In A Comedy Series,2005,12th Annual,,FALSE
Shelley Berman,Curb Your Enthusiasm,Ensemble In A Comedy Series,2005,12th Annual,,FALSE
Susie Essman,Curb Your Enthusiasm,Ensemble In A Comedy Series,2005,12th Annual,,FALSE
,Desperate Housewives,Ensemble In A Comedy Series,2005,12th Annual,,TRUE
Alfre Woodard,Desperate Housewives,Ensemble In A Comedy Series,2005,12th Annual,,TRUE
Andrea Bowen,Desperate Housewives,Ensemble In A Comedy Series,2005,12th Annual,,TRUE
Brenda Strong,Desperate Housewives,Ensemble In A Comedy Series,2005,12th Annual,,TRUE
Brent Kinsman,Desperate Housewives,Ensemble In A Comedy Series,2005,12th Annual,,TRUE
Doug Savant,Desperate Housewives,Ensemble In A Comedy Series,2005,12th Annual,,TRUE
Eva Longoria,Desperate Housewives,Ensemble In A Comedy Series,2005,12th Annual,,TRUE
Felicity Huffman,Desperate Housewives,Ensemble In A Comedy Series,2005,12th Annual,,TRUE
James Denton,Desperate Housewives,Ensemble In A Comedy Series,2005,12th Annual,,TRUE
Marcia Cross,Desperate Housewives,Ensemble In A Comedy Series,2005,12th Annual,,TRUE
Mark Moses,Desperate Housewives,Ensemble In A Comedy Series,2005,12th Annual,,TRUE
Mehcad Brooks,Desperate Housewives,Ensemble In A Comedy Series,2005,12th Annual,,TRUE
Nicollette Sheridan,Desperate Housewives,Ensemble In A Comedy Series,2005,12th Annual,,TRUE
Ricardo Antonio Chavira,Desperate Housewives,Ensemble In A Comedy Series,2005,12th Annual,,TRUE
Roger Bart,Desperate Housewives,Ensemble In A Comedy Series,2005,12th Annual,,TRUE
Shane Kinsman,Desperate Housewives,Ensemble In A Comedy Series,2005,12th Annual,,TRUE
Steven Culp,Desperate Housewives,Ensemble In A Comedy Series,2005,12th Annual,,TRUE
Teri Hatcher,Desperate Housewives,Ensemble In A Comedy Series,2005,12th Annual,,TRUE
Brad Garrett,Everybody Loves Raymond,Ensemble In A Comedy Series,2005,12th Annual,,FALSE
Doris Roberts,Everybody Loves Raymond,Ensemble In A Comedy Series,2005,12th Annual,,FALSE
Madylin Sweeten,Everybody Loves Raymond,Ensemble In A Comedy Series,2005,12th Annual,,FALSE
Monica Horan,Everybody Loves Raymond,Ensemble In A Comedy Series,2005,12th Annual,,FALSE
Patricia Heaton,Everybody Loves Raymond,Ensemble In A Comedy Series,2005,12th Annual,,FALSE
Peter Boyle,Everybody Loves Raymond,Ensemble In A Comedy Series,2005,12th Annual,,FALSE
Ray Romano,Everybody Loves Raymond,Ensemble In A Comedy Series,2005,12th Annual,,FALSE
,My Name Is Earl,Ensemble In A Comedy Series,2005,12th Annual,,FALSE
Eddie Steeples,My Name Is Earl,Ensemble In A Comedy Series,2005,12th Annual,,FALSE
Ethan Suplee,My Name Is Earl,Ensemble In A Comedy Series,2005,12th Annual,,FALSE
Jaime Pressly,My Name Is Earl,Ensemble In A Comedy Series,2005,12th Annual,,FALSE
Jason Lee,My Name Is Earl,Ensemble In A Comedy Series,2005,12th Annual,,FALSE
Nadine Velazquez,My Name Is Earl,Ensemble In A Comedy Series,2005,12th Annual,,FALSE
,Grey's Anatomy,Ensemble In A Drama Series,2005,12th Annual,,FALSE
Chandra Wilson,Grey's Anatomy,Ensemble In A Drama Series,2005,12th Annual,,FALSE
Ellen Pompeo,Grey's Anatomy,Ensemble In A Drama Series,2005,12th Annual,,FALSE
Isaiah Washington,Grey's Anatomy,Ensemble In A Drama Series,2005,12th Annual,,FALSE
"James Pickens, Jr.",Grey's Anatomy,Ensemble In A Drama Series,2005,12th Annual,,FALSE
Justin Chambers,Grey's Anatomy,Ensemble In A Drama Series,2005,12th Annual,,FALSE
Kate Walsh,Grey's Anatomy,Ensemble In A Drama Series,2005,12th Annual,,FALSE
Katherine Heigl,Grey's Anatomy,Ensemble In A Drama Series,2005,12th Annual,,FALSE
Patrick Dempsey,Grey's Anatomy,Ensemble In A Drama Series,2005,12th Annual,,FALSE
Sandra Oh,Grey's Anatomy,Ensemble In A Drama Series,2005,12th Annual,,FALSE
T.r. Knight,Grey's Anatomy,Ensemble In A Drama Series,2005,12th Annual,,FALSE
,Lost,Ensemble In A Drama Series,2005,12th Annual,,TRUE
Adewale Akinnuoye-Agbaje,Lost,Ensemble In A Drama Series,2005,12th Annual,,TRUE
Cynthia Watros,Lost,Ensemble In A Drama Series,2005,12th Annual,,TRUE
Daniel Dae Kim,Lost,Ensemble In A Drama Series,2005,12th Annual,,TRUE
Dominic Monaghan,Lost,Ensemble In A Drama Series,2005,12th Annual,,TRUE
Emilie De Ravin,Lost,Ensemble In A Drama Series,2005,12th Annual,,TRUE
Evangeline Lilly,Lost,Ensemble In A Drama Series,2005,12th Annual,,TRUE
Harold Perrineau,Lost,Ensemble In A Drama Series,2005,12th Annual,,TRUE
Ian Somerhalder,Lost,Ensemble In A Drama Series,2005,12th Annual,,TRUE
Jorge Garcia,Lost,Ensemble In A Drama Series,2005,12th Annual,,TRUE
Josh Holloway,Lost,Ensemble In A Drama Series,2005,12th Annual,,TRUE
Maggie Grace,Lost,Ensemble In A Drama Series,2005,12th Annual,,TRUE
Malcolm David Kelley,Lost,Ensemble In A Drama Series,2005,12th Annual,,TRUE
Matthew Fox,Lost,Ensemble In A Drama Series,2005,12th Annual,,TRUE
Michelle Rodriguez,Lost,Ensemble In A Drama Series,2005,12th Annual,,TRUE
Naveen Andrews,Lost,Ensemble In A Drama Series,2005,12th Annual,,TRUE
Terry O'quinn,Lost,Ensemble In A Drama Series,2005,12th Annual,,TRUE
Yunjin Kim,Lost,Ensemble In A Drama Series,2005,12th Annual,,TRUE
,Six Feet Under,Ensemble In A Drama Series,2005,12th Annual,,FALSE
Frances Conroy,Six Feet Under,Ensemble In A Drama Series,2005,12th Annual,,FALSE
Freddy Rodriguez,Six Feet Under,Ensemble In A Drama Series,2005,12th Annual,,FALSE
James Cromwell,Six Feet Under,Ensemble In A Drama Series,2005,12th Annual,,FALSE
Jeremy Sisto,Six Feet Under,Ensemble In A Drama Series,2005,12th Annual,,FALSE
Joanna Cassidy,Six Feet Under,Ensemble In A Drama Series,2005,12th Annual,,FALSE
Justina Machado,Six Feet Under,Ensemble In A Drama Series,2005,12th Annual,,FALSE
Lauren Ambrose,Six Feet Under,Ensemble In A Drama Series,2005,12th Annual,,FALSE
Mathew St. Patrick,Six Feet Under,Ensemble In A Drama Series,2005,12th Annual,,FALSE
Michael C. Hall,Six Feet Under,Ensemble In A Drama Series,2005,12th Annual,,FALSE
Peter Krause,Six Feet Under,Ensemble In A Drama Series,2005,12th Annual,,FALSE
Rachel Griffiths,Six Feet Under,Ensemble In A Drama Series,2005,12th Annual,,FALSE
Tina Holmes,Six Feet Under,Ensemble In A Drama Series,2005,12th Annual,,FALSE
,The Closer,Ensemble In A Drama Series,2005,12th Annual,,FALSE
Corey Reynolds,The Closer,Ensemble In A Drama Series,2005,12th Annual,,FALSE
G.w. Bailey,The Closer,Ensemble In A Drama Series,2005,12th Annual,,FALSE
Gina Ravera,The Closer,Ensemble In A Drama Series,2005,12th Annual,,FALSE
J.k. Simmons,The Closer,Ensemble In A Drama Series,2005,12th Annual,,FALSE
Jon Tenney,The Closer,Ensemble In A Drama Series,2005,12th Annual,,FALSE
Kyra Sedgwick,The Closer,Ensemble In A Drama Series,2005,12th Annual,,FALSE
Michael Paul Chan,The Closer,Ensemble In A Drama Series,2005,12th Annual,,FALSE
Raymond Cruz,The Closer,Ensemble In A Drama Series,2005,12th Annual,,FALSE
Robert Gossett,The Closer,Ensemble In A Drama Series,2005,12th Annual,,FALSE
Tony Denison,The Closer,Ensemble In A Drama Series,2005,12th Annual,,FALSE
,The West Wing,Ensemble In A Drama Series,2005,12th Annual,,FALSE
Alan Alda,The West Wing,Ensemble In A Drama Series,2005,12th Annual,,FALSE
Allison Janney,The West Wing,Ensemble In A Drama Series,2005,12th Annual,,FALSE
Bradley Whitford,The West Wing,Ensemble In A Drama Series,2005,12th Annual,,FALSE
Dul,The West Wing,Ensemble In A Drama Series,2005,12th Annual,,FALSE
Janeane Garofalo,The West Wing,Ensemble In A Drama Series,2005,12th Annual,,FALSE
Janel Moloney,The West Wing,Ensemble In A Drama Series,2005,12th Annual,,FALSE
Jimmy Smits,The West Wing,Ensemble In A Drama Series,2005,12th Annual,,FALSE
John Spencer,The West Wing,Ensemble In A Drama Series,2005,12th Annual,,FALSE
Joshua Malina,The West Wing,Ensemble In A Drama Series,2005,12th Annual,,FALSE
Kristin Chenoweth,The West Wing,Ensemble In A Drama Series,2005,12th Annual,,FALSE
Martin Sheen,The West Wing,Ensemble In A Drama Series,2005,12th Annual,,FALSE
Mary Mccormack,The West Wing,Ensemble In A Drama Series,2005,12th Annual,,FALSE
Richard Schiff,The West Wing,Ensemble In A Drama Series,2005,12th Annual,,FALSE
Teri Polo,The West Wing,Ensemble In A Drama Series,2005,12th Annual,,FALSE
Candice Bergen,Boston Legal,Female In A Comedy Series,2005,12th Annual,,FALSE
Felicity Huffman,Desperate Housewives,Female In A Comedy Series,2005,12th Annual,,TRUE
Patricia Heaton,Everybody Loves Raymond,Female In A Comedy Series,2005,12th Annual,,FALSE
Mary-Louise Parker,Weeds,Female In A Comedy Series,2005,12th Annual,,FALSE
Megan Mullally,Will & Grace,Female In A Comedy Series,2005,12th Annual,,FALSE
Geena Davis,Commander In Chief,Female In A Drama Series,2005,12th Annual,,FALSE
Sandra Oh,Grey's Anatomy,Female In A Drama Series,2005,12th Annual,,TRUE
Mariska Hargitay,Law & Order: Svu,Female In A Drama Series,2005,12th Annual,,FALSE
Patricia Arquette,Medium,Female In A Drama Series,2005,12th Annual,,FALSE
Kyra Sedgwick,The Closer,Female In A Drama Series,2005,12th Annual,,FALSE
Ziyi Zhang,Memoirs Of A Geisha,Female Lead In A Motion Picture,2005,12th Annual,Actress in a Leading Role,FALSE
Judi Dench,Mrs. Henderson Presents,Female Lead In A Motion Picture,2005,12th Annual,Actress in a Leading Role,FALSE
Charlize Theron,North Country,Female Lead In A Motion Picture,2005,12th Annual,Actress in a Leading Role,FALSE
Felicity Huffman,Transamerica,Female Lead In A Motion Picture,2005,12th Annual,Actress in a Leading Role,FALSE
Reese Witherspoon,Walk The Line,Female Lead In A Motion Picture,2005,12th Annual,Actress in a Leading Role,TRUE
Michelle Williams,Brokeback Mountain,Female Support In A Motion Picture,2005,12th Annual,Actress in a Supporting Role,FALSE
Catherine Keener,Capote,Female Support In A Motion Picture,2005,12th Annual,Actress in a Supporting Role,FALSE
Amy Adams,Junebug,Female Support In A Motion Picture,2005,12th Annual,Actress in a Supporting Role,FALSE
Frances Mcdormand,North Country,Female Support In A Motion Picture,2005,12th Annual,Actress in a Supporting Role,FALSE
Rachel Weisz,The Constant Gardener,Female Support In A Motion Picture,2005,12th Annual,Actress in a Supporting Role,TRUE
Joanne Woodward,Empire Falls,Female In A Television Movie Or Limited Series,2005,12th Annual,,FALSE
Robin Wright,Empire Falls,Female In A Television Movie Or Limited Series,2005,12th Annual,,FALSE
Tonantzin Carmelo,Into The West,Female In A Television Movie Or Limited Series,2005,12th Annual,,FALSE
S. Epatha Merkerson,Lackawanna Blues,Female In A Television Movie Or Limited Series,2005,12th Annual,,TRUE
Cynthia Nixon,Warm Springs,Female In A Television Movie Or Limited Series,2005,12th Annual,,FALSE
Shirley Temple Black,N/A,Life Achievement,2005,12th Annual,,TRUE
James Spader,Boston Legal,Male In A Comedy Series,2005,12th Annual,,FALSE
William Shatner,Boston Legal,Male In A Comedy Series,2005,12th Annual,,FALSE
Larry David,Curb Your Enthusiasm,Male In A Comedy Series,2005,12th Annual,,FALSE
Jason Lee,My Name Is Earl,Male In A Comedy Series,2005,12th Annual,,FALSE
Sean Hayes,Will & Grace,Male In A Comedy Series,2005,12th Annual,,TRUE
Kiefer Sutherland,24,Male In A Drama Series,2005,12th Annual,,TRUE
Ian Mcshane,Deadwood,Male In A Drama Series,2005,12th Annual,,FALSE
Patrick Dempsey,Grey's Anatomy,Male In A Drama Series,2005,12th Annual,,FALSE
Hugh Laurie,House,Male In A Drama Series,2005,12th Annual,,FALSE
Alan Alda,The West Wing,Male In A Drama Series,2005,12th Annual,,FALSE
Heath Ledger,Brokeback Mountain,Male Lead In A Motion Picture,2005,12th Annual,Actor in a Leading Role,FALSE
Philip Seymour Hoffman,Capote,Male Lead In A Motion Picture,2005,12th Annual,Actor in a Leading Role,TRUE
Russell Crowe,Cinderella Man,Male Lead In A Motion Picture,2005,12th Annual,Actor in a Leading Role,FALSE
David Strathairn,"Good Night, And Good Luck.",Male Lead In A Motion Picture,2005,12th Annual,Actor in a Leading Role,FALSE
Joaquin Phoenix,Walk The Line,Male Lead In A Motion Picture,2005,12th Annual,Actor in a Leading Role,FALSE
Jake Gyllenhaal,Brokeback Mountain,Male Support In A Motion Picture,2005,12th Annual,Actor in a Supporting Role,FALSE
Paul Giamatti,Cinderella Man,Male Support In A Motion Picture,2005,12th Annual,Actor in a Supporting Role,TRUE
Don Cheadle,Crash,Male Support In A Motion Picture,2005,12th Annual,Actor in a Supporting Role,FALSE
Matt Dillon,Crash,Male Support In A Motion Picture,2005,12th Annual,Actor in a Supporting Role,FALSE
George Clooney,Syriana,Male Support In A Motion Picture,2005,12th Annual,Actor in a Supporting Role,FALSE
Ed Harris,Empire Falls,Male In A Television Movie Or Limited Series,2005,12th Annual,,FALSE
Paul Newman,Empire Falls,Male In A Television Movie Or Limited Series,2005,12th Annual,,TRUE
Ted Danson,Knights Of The South Bronx,Male In A Television Movie Or Limited Series,2005,12th Annual,,FALSE
Christopher Plummer,Our Fathers,Male In A Television Movie Or Limited Series,2005,12th Annual,,FALSE
Kenneth Branagh,Warm Springs,Male In A Television Movie Or Limited Series,2005,12th Annual,,FALSE
Dustin Hoffman,Finding Neverland,Cast In A Motion Picture,2004,11th Annual,,FALSE
Johnny Depp,Finding Neverland,Cast In A Motion Picture,2004,11th Annual,,FALSE
Julie Christie,Finding Neverland,Cast In A Motion Picture,2004,11th Annual,,FALSE
Kate Winslet,Finding Neverland,Cast In A Motion Picture,2004,11th Annual,,FALSE
Radha Mitchel,Finding Neverland,Cast In A Motion Picture,2004,11th Annual,,FALSE
Don Cheadle,Hotel Rwanda,Cast In A Motion Picture,2004,11th Annual,,FALSE
Joaquin Phoenix,Hotel Rwanda,Cast In A Motion Picture,2004,11th Annual,,FALSE
Nick Nolte,Hotel Rwanda,Cast In A Motion Picture,2004,11th Annual,,FALSE
Sophie Okonedo,Hotel Rwanda,Cast In A Motion Picture,2004,11th Annual,,FALSE
Clint Eastwood,Million Dollar Baby,Cast In A Motion Picture,2004,11th Annual,,FALSE
Hilary Swank,Million Dollar Baby,Cast In A Motion Picture,2004,11th Annual,,FALSE
Morgan Freeman,Million Dollar Baby,Cast In A Motion Picture,2004,11th Annual,,FALSE
Aunjanue Ellis,Ray,Cast In A Motion Picture,2004,11th Annual,,FALSE
Clifton Powell,Ray,Cast In A Motion Picture,2004,11th Annual,,FALSE
Harry Lennix,Ray,Cast In A Motion Picture,2004,11th Annual,,FALSE
Jamie Foxx,Ray,Cast In A Motion Picture,2004,11th Annual,,FALSE
Kerry Washington,Ray,Cast In A Motion Picture,2004,11th Annual,,FALSE
Larenz Tate,Ray,Cast In A Motion Picture,2004,11th Annual,,FALSE
Regina King,Ray,Cast In A Motion Picture,2004,11th Annual,,FALSE
Terrence Howard,Ray,Cast In A Motion Picture,2004,11th Annual,,FALSE
Paul Giamatti,Sideways,Cast In A Motion Picture,2004,11th Annual,,TRUE
Sandra Oh,Sideways,Cast In A Motion Picture,2004,11th Annual,,TRUE
Thomas Haden Church,Sideways,Cast In A Motion Picture,2004,11th Annual,,TRUE
Virginia Madsen,Sideways,Cast In A Motion Picture,2004,11th Annual,,TRUE
Alan Alda,The Aviator,Cast In A Motion Picture,2004,11th Annual,,FALSE
Alec Baldwin,The Aviator,Cast In A Motion Picture,2004,11th Annual,,FALSE
Cate Blanchett,The Aviator,Cast In A Motion Picture,2004,11th Annual,,FALSE
Danny Huston,The Aviator,Cast In A Motion Picture,2004,11th Annual,,FALSE
Gwen Stefani,The Aviator,Cast In A Motion Picture,2004,11th Annual,,FALSE
Ian Holm,The Aviator,Cast In A Motion Picture,2004,11th Annual,,FALSE
John C. Reilly,The Aviator,Cast In A Motion Picture,2004,11th Annual,,FALSE
Jude Law,The Aviator,Cast In A Motion Picture,2004,11th Annual,,FALSE
Kate Beckinsale,The Aviator,Cast In A Motion Picture,2004,11th Annual,,FALSE
Leonardo Dicaprio,The Aviator,Cast In A Motion Picture,2004,11th Annual,,FALSE
,Arrested Development,Ensemble In A Comedy Series,2004,11th Annual,,FALSE
Alia Shawkat,Arrested Development,Ensemble In A Comedy Series,2004,11th Annual,,FALSE
David Cross,Arrested Development,Ensemble In A Comedy Series,2004,11th Annual,,FALSE
Jason Bateman,Arrested Development,Ensemble In A Comedy Series,2004,11th Annual,,FALSE
Jeffrey Tambor,Arrested Development,Ensemble In A Comedy Series,2004,11th Annual,,FALSE
Jessica Walter,Arrested Development,Ensemble In A Comedy Series,2004,11th Annual,,FALSE
Michael Cera,Arrested Development,Ensemble In A Comedy Series,2004,11th Annual,,FALSE
Portia De Rossi,Arrested Development,Ensemble In A Comedy Series,2004,11th Annual,,FALSE
Tony Hale,Arrested Development,Ensemble In A Comedy Series,2004,11th Annual,,FALSE
Will Arnett,Arrested Development,Ensemble In A Comedy Series,2004,11th Annual,,FALSE
,Desperate Housewives,Ensemble In A Comedy Series,2004,11th Annual,,TRUE
Andrea Bowen,Desperate Housewives,Ensemble In A Comedy Series,2004,11th Annual,,TRUE
Brenda Strong,Desperate Housewives,Ensemble In A Comedy Series,2004,11th Annual,,TRUE
Cody Kasch,Desperate Housewives,Ensemble In A Comedy Series,2004,11th Annual,,TRUE
Eva Longoria,Desperate Housewives,Ensemble In A Comedy Series,2004,11th Annual,,TRUE
Felicity Huffman,Desperate Housewives,Ensemble In A Comedy Series,2004,11th Annual,,TRUE
James Denton,Desperate Housewives,Ensemble In A Comedy Series,2004,11th Annual,,TRUE
Jesse Metcalfe,Desperate Housewives,Ensemble In A Comedy Series,2004,11th Annual,,TRUE
Marcia Cross,Desperate Housewives,Ensemble In A Comedy Series,2004,11th Annual,,TRUE
Mark Moses,Desperate Housewives,Ensemble In A Comedy Series,2004,11th Annual,,TRUE
Nicollette Sheridan,Desperate Housewives,Ensemble In A Comedy Series,2004,11th Annual,,TRUE
Ricardo Antonio Chavira,Desperate Housewives,Ensemble In A Comedy Series,2004,11th Annual,,TRUE
Steven Culp,Desperate Housewives,Ensemble In A Comedy Series,2004,11th Annual,,TRUE
Teri Hatcher,Desperate Housewives,Ensemble In A Comedy Series,2004,11th Annual,,TRUE
,Everybody Loves Raymond,Ensemble In A Comedy Series,2004,11th Annual,,FALSE
Brad Garrett,Everybody Loves Raymond,Ensemble In A Comedy Series,2004,11th Annual,,FALSE
Doris Roberts,Everybody Loves Raymond,Ensemble In A Comedy Series,2004,11th Annual,,FALSE
Madylin Sweeten,Everybody Loves Raymond,Ensemble In A Comedy Series,2004,11th Annual,,FALSE
Monica Horan,Everybody Loves Raymond,Ensemble In A Comedy Series,2004,11th Annual,,FALSE
Patricia Heaton,Everybody Loves Raymond,Ensemble In A Comedy Series,2004,11th Annual,,FALSE
Peter Boyle,Everybody Loves Raymond,Ensemble In A Comedy Series,2004,11th Annual,,FALSE
Ray Romano,Everybody Loves Raymond,Ensemble In A Comedy Series,2004,11th Annual,,FALSE
,Sex And The City,Ensemble In A Comedy Series,2004,11th Annual,,FALSE
Cynthia Nixon,Sex And The City,Ensemble In A Comedy Series,2004,11th Annual,,FALSE
Kim Cattrall,Sex And The City,Ensemble In A Comedy Series,2004,11th Annual,,FALSE
Kristin Davis,Sex And The City,Ensemble In A Comedy Series,2004,11th Annual,,FALSE
Sarah Jessica Parker,Sex And The City,Ensemble In A Comedy Series,2004,11th Annual,,FALSE
,Will & Grace,Ensemble In A Comedy Series,2004,11th Annual,,FALSE
Debra Messing,Will & Grace,Ensemble In A Comedy Series,2004,11th Annual,,FALSE
Eric Mccormack,Will & Grace,Ensemble In A Comedy Series,2004,11th Annual,,FALSE
Megan Mullally,Will & Grace,Ensemble In A Comedy Series,2004,11th Annual,,FALSE
Sean Hayes,Will & Grace,Ensemble In A Comedy Series,2004,11th Annual,,FALSE
,24,Ensemble In A Drama Series,2004,11th Annual,,FALSE
Carlos Bernard,24,Ensemble In A Drama Series,2004,11th Annual,,FALSE
Dennis Haysbert,24,Ensemble In A Drama Series,2004,11th Annual,,FALSE
Elisha Cuthbert,24,Ensemble In A Drama Series,2004,11th Annual,,FALSE
James Badge Dale,24,Ensemble In A Drama Series,2004,11th Annual,,FALSE
Joaquim De Almeida,24,Ensemble In A Drama Series,2004,11th Annual,,FALSE
Kiefer Sutherland,24,Ensemble In A Drama Series,2004,11th Annual,,FALSE
Mary Lynn Rajskub,24,Ensemble In A Drama Series,2004,11th Annual,,FALSE
Paul Schulze,24,Ensemble In A Drama Series,2004,11th Annual,,FALSE
Reiko Aylesworth,24,Ensemble In A Drama Series,2004,11th Annual,,FALSE
,Csi: Crime Scene Investigation,Ensemble In A Drama Series,2004,11th Annual,,TRUE
Eric Szmanda,Csi: Crime Scene Investigation,Ensemble In A Drama Series,2004,11th Annual,,TRUE
Gary Dourdan,Csi: Crime Scene Investigation,Ensemble In A Drama Series,2004,11th Annual,,TRUE
George Eads,Csi: Crime Scene Investigation,Ensemble In A Drama Series,2004,11th Annual,,TRUE
Jorja Fox,Csi: Crime Scene Investigation,Ensemble In A Drama Series,2004,11th Annual,,TRUE
Marg Helgenberger,Csi: Crime Scene Investigation,Ensemble In A Drama Series,2004,11th Annual,,TRUE
Paul Guilfoyle,Csi: Crime Scene Investigation,Ensemble In A Drama Series,2004,11th Annual,,TRUE
Robert David Hall,Csi: Crime Scene Investigation,Ensemble In A Drama Series,2004,11th Annual,,TRUE
William Petersen,Csi: Crime Scene Investigation,Ensemble In A Drama Series,2004,11th Annual,,TRUE
,Six Feet Under,Ensemble In A Drama Series,2004,11th Annual,,FALSE
Ben Foster,Six Feet Under,Ensemble In A Drama Series,2004,11th Annual,,FALSE
Frances Conroy,Six Feet Under,Ensemble In A Drama Series,2004,11th Annual,,FALSE
Freddy Rodriguez,Six Feet Under,Ensemble In A Drama Series,2004,11th Annual,,FALSE
Idalis De Leon,Six Feet Under,Ensemble In A Drama Series,2004,11th Annual,,FALSE
James Cromwell,Six Feet Under,Ensemble In A Drama Series,2004,11th Annual,,FALSE
Justin Theroux,Six Feet Under,Ensemble In A Drama Series,2004,11th Annual,,FALSE
Justina Machado,Six Feet Under,Ensemble In A Drama Series,2004,11th Annual,,FALSE
Lauren Ambrose,Six Feet Under,Ensemble In A Drama Series,2004,11th Annual,,FALSE
Mathew St. Patrick,Six Feet Under,Ensemble In A Drama Series,2004,11th Annual,,FALSE
Mena Suvari,Six Feet Under,Ensemble In A Drama Series,2004,11th Annual,,FALSE
Michael C. Hall,Six Feet Under,Ensemble In A Drama Series,2004,11th Annual,,FALSE
Peter Facinelli,Six Feet Under,Ensemble In A Drama Series,2004,11th Annual,,FALSE
Peter Krause,Six Feet Under,Ensemble In A Drama Series,2004,11th Annual,,FALSE
Rachel Griffiths,Six Feet Under,Ensemble In A Drama Series,2004,11th Annual,,FALSE
Sprague Grayden,Six Feet Under,Ensemble In A Drama Series,2004,11th Annual,,FALSE
,The Sopranos,Ensemble In A Drama Series,2004,11th Annual,,FALSE
Aida Turturro,The Sopranos,Ensemble In A Drama Series,2004,11th Annual,,FALSE
Dominic Chianese,The Sopranos,Ensemble In A Drama Series,2004,11th Annual,,FALSE
Drea De Matteo,The Sopranos,Ensemble In A Drama Series,2004,11th Annual,,FALSE
Edie Falco,The Sopranos,Ensemble In A Drama Series,2004,11th Annual,,FALSE
James Gandolfini,The Sopranos,Ensemble In A Drama Series,2004,11th Annual,,FALSE
Jamie-Lynn Sigler,The Sopranos,Ensemble In A Drama Series,2004,11th Annual,,FALSE
John Ventimiglia,The Sopranos,Ensemble In A Drama Series,2004,11th Annual,,FALSE
Lorraine Bracco,The Sopranos,Ensemble In A Drama Series,2004,11th Annual,,FALSE
Michael Imperioli,The Sopranos,Ensemble In A Drama Series,2004,11th Annual,,FALSE
Robert Iler,The Sopranos,Ensemble In A Drama Series,2004,11th Annual,,FALSE
Steve Buscemi,The Sopranos,Ensemble In A Drama Series,2004,11th Annual,,FALSE
Steven R. Schirripa,The Sopranos,Ensemble In A Drama Series,2004,11th Annual,,FALSE
Steven Van Zandt,The Sopranos,Ensemble In A Drama Series,2004,11th Annual,,FALSE
Tony Sirico,The Sopranos,Ensemble In A Drama Series,2004,11th Annual,,FALSE
Vincent Curatola,The Sopranos,Ensemble In A Drama Series,2004,11th Annual,,FALSE
,The West Wing,Ensemble In A Drama Series,2004,11th Annual,,FALSE
Allison Janney,The West Wing,Ensemble In A Drama Series,2004,11th Annual,,FALSE
Bradley Whitford,The West Wing,Ensemble In A Drama Series,2004,11th Annual,,FALSE
Dulé Hill,The West Wing,Ensemble In A Drama Series,2004,11th Annual,,FALSE
Janel Moloney,The West Wing,Ensemble In A Drama Series,2004,11th Annual,,FALSE
John Spencer,The West Wing,Ensemble In A Drama Series,2004,11th Annual,,FALSE
Joshua Malina,The West Wing,Ensemble In A Drama Series,2004,11th Annual,,FALSE
Kristin Chenoweth,The West Wing,Ensemble In A Drama Series,2004,11th Annual,,FALSE
Lily Tomlin,The West Wing,Ensemble In A Drama Series,2004,11th Annual,,FALSE
Martin Sheen,The West Wing,Ensemble In A Drama Series,2004,11th Annual,,FALSE
Mary Mccormack,The West Wing,Ensemble In A Drama Series,2004,11th Annual,,FALSE
Richard Schiff,The West Wing,Ensemble In A Drama Series,2004,11th Annual,,FALSE
Stockard Channing,The West Wing,Ensemble In A Drama Series,2004,11th Annual,,FALSE
Teri Hatcher,Desperate Housewives,Female In A Comedy Series,2004,11th Annual,,TRUE
Doris Roberts,Everybody Loves Raymond,Female In A Comedy Series,2004,11th Annual,,FALSE
Patricia Heaton,Everybody Loves Raymond,Female In A Comedy Series,2004,11th Annual,,FALSE
Sarah Jessica Parker,Sex And The City,Female In A Comedy Series,2004,11th Annual,,FALSE
Megan Mullally,Will & Grace,Female In A Comedy Series,2004,11th Annual,,FALSE
Jennifer Garner,Alias,Female In A Drama Series,2004,11th Annual,,TRUE
Christine Lahti,Jack & Bobby,Female In A Drama Series,2004,11th Annual,,FALSE
Drea De Matteo,The Sopranos,Female In A Drama Series,2004,11th Annual,,FALSE
Edie Falco,The Sopranos,Female In A Drama Series,2004,11th Annual,,FALSE
Allison Janney,The West Wing,Female In A Drama Series,2004,11th Annual,,FALSE
Annette Bening,Being Julia,Female Lead In A Motion Picture,2004,11th Annual,Actress in a Leading Role,FALSE
Kate Winslet,Eternal Sunshine Of The Spotless Mind,Female Lead In A Motion Picture,2004,11th Annual,Actress in a Leading Role,FALSE
Catalina Sandino Moreno,Maria Full Of Grace,Female Lead In A Motion Picture,2004,11th Annual,Actress in a Leading Role,FALSE
Hilary Swank,Million Dollar Baby,Female Lead In A Motion Picture,2004,11th Annual,Actress in a Leading Role,TRUE
Imelda Staunton,Vera Drake,Female Lead In A Motion Picture,2004,11th Annual,Actress in a Leading Role,FALSE
Sophie Okonedo,Hotel Rwanda,Female Support In A Motion Picture,2004,11th Annual,Actress in a Supporting Role,FALSE
Laura Linney,Kinsey,Female Support In A Motion Picture,2004,11th Annual,Actress in a Supporting Role,FALSE
Virginia Madsen,Sideways,Female Support In A Motion Picture,2004,11th Annual,Actress in a Supporting Role,FALSE
Cloris Leachman,Spanglish,Female Support In A Motion Picture,2004,11th Annual,Actress in a Supporting Role,FALSE
Cate Blanchett,The Aviator,Female Support In A Motion Picture,2004,11th Annual,Actress in a Supporting Role,TRUE
Hilary Swank,Iron Jawed Angels,Female In A Television Movie Or Limited Series,2004,11th Annual,,FALSE
Patricia Heaton,Neil Simon's The Goodbye Girl,Female In A Television Movie Or Limited Series,2004,11th Annual,,FALSE
Charlize Theron,The Life And Death Of Peter Sellers,Female In A Television Movie Or Limited Series,2004,11th Annual,,FALSE
Glenn Close,The Lion In Winter,Female In A Television Movie Or Limited Series,2004,11th Annual,,TRUE
Keke Palmer,The Wool Cap,Female In A Television Movie Or Limited Series,2004,11th Annual,,FALSE
James Garner,N/A,Life Achievement,2004,11th Annual,,TRUE
Jason Bateman,Arrested Development,Male In A Comedy Series,2004,11th Annual,,FALSE
Ray Romano,Everybody Loves Raymond,Male In A Comedy Series,2004,11th Annual,,FALSE
Tony Shalhoub,Monk,Male In A Comedy Series,2004,11th Annual,,TRUE
Charlie Sheen,Two And A Half Men,Male In A Comedy Series,2004,11th Annual,,FALSE
Sean Hayes,Will & Grace,Male In A Comedy Series,2004,11th Annual,,FALSE
Kiefer Sutherland,24,Male In A Drama Series,2004,11th Annual,,FALSE
Hank Azaria,Huff,Male In A Drama Series,2004,11th Annual,,FALSE
Jerry Orbach,Law & Order,Male In A Drama Series,2004,11th Annual,,TRUE
James Gandolfini,The Sopranos,Male In A Drama Series,2004,11th Annual,,FALSE
Anthony Lapaglia,Without A Trace,Male In A Drama Series,2004,11th Annual,,FALSE
Johnny Depp,Finding Neverland,Male Lead In A Motion Picture,2004,11th Annual,Actor in a Leading Role,FALSE
Don Cheadle,Hotel Rwanda,Male Lead In A Motion Picture,2004,11th Annual,Actor in a Leading Role,FALSE
Jamie Foxx,Ray,Male Lead In A Motion Picture,2004,11th Annual,Actor in a Leading Role,TRUE
Paul Giamatti,Sideways,Male Lead In A Motion Picture,2004,11th Annual,Actor in a Leading Role,FALSE
Leonardo Dicaprio,The Aviator,Male Lead In A Motion Picture,2004,11th Annual,Actor in a Leading Role,FALSE
Jamie Foxx,Collateral,Male Support In A Motion Picture,2004,11th Annual,Actor in a Supporting Role,FALSE
Freddie Highmore,Finding Neverland,Male Support In A Motion Picture,2004,11th Annual,Actor in a Supporting Role,FALSE
Morgan Freeman,Million Dollar Baby,Male Support In A Motion Picture,2004,11th Annual,Actor in a Supporting Role,TRUE
Thomas Haden Church,Sideways,Male Support In A Motion Picture,2004,11th Annual,Actor in a Supporting Role,FALSE
James Garner,The Notebook,Male Support In A Motion Picture,2004,11th Annual,Actor in a Supporting Role,FALSE
Barry Pepper,3,Male In A Television Movie Or Limited Series,2004,11th Annual,,FALSE
Jon Voight,Mitch Albom's The Five People You Meet In Heaven,Male In A Television Movie Or Limited Series,2004,11th Annual,,FALSE
Jamie Foxx,Redemption,Male In A Television Movie Or Limited Series,2004,11th Annual,,FALSE
Geoffrey Rush,The Life And Death Of Peter Sellers,Male In A Television Movie Or Limited Series,2004,11th Annual,,TRUE
William H. Macy,The Wool Cap,Male In A Television Movie Or Limited Series,2004,11th Annual,,FALSE
Djimon Hounsou,In America,Cast In A Motion Picture,2003,10th Annual,,FALSE
Emma Bolger,In America,Cast In A Motion Picture,2003,10th Annual,,FALSE
Paddy Considine,In America,Cast In A Motion Picture,2003,10th Annual,,FALSE
Samantha Morton,In America,Cast In A Motion Picture,2003,10th Annual,,FALSE
Sarah Bolger,In America,Cast In A Motion Picture,2003,10th Annual,,FALSE
Andy Serkis,Lord Of The Rings: The Return Of The King,Cast In A Motion Picture,2003,10th Annual,,TRUE
Bernard Hill,Lord Of The Rings: The Return Of The King,Cast In A Motion Picture,2003,10th Annual,,TRUE
Billy Boyd,Lord Of The Rings: The Return Of The King,Cast In A Motion Picture,2003,10th Annual,,TRUE
Cate Blanchett,Lord Of The Rings: The Return Of The King,Cast In A Motion Picture,2003,10th Annual,,TRUE
David Wenham,Lord Of The Rings: The Return Of The King,Cast In A Motion Picture,2003,10th Annual,,TRUE
Dominic Monaghan,Lord Of The Rings: The Return Of The King,Cast In A Motion Picture,2003,10th Annual,,TRUE
Elijah Wood,Lord Of The Rings: The Return Of The King,Cast In A Motion Picture,2003,10th Annual,,TRUE
Hugo Weaving,Lord Of The Rings: The Return Of The King,Cast In A Motion Picture,2003,10th Annual,,TRUE
Ian Holm,Lord Of The Rings: The Return Of The King,Cast In A Motion Picture,2003,10th Annual,,TRUE
Ian Mckellen,Lord Of The Rings: The Return Of The King,Cast In A Motion Picture,2003,10th Annual,,TRUE
John Noble,Lord Of The Rings: The Return Of The King,Cast In A Motion Picture,2003,10th Annual,,TRUE
John Rhys-Davies,Lord Of The Rings: The Return Of The King,Cast In A Motion Picture,2003,10th Annual,,TRUE
Karl Urban,Lord Of The Rings: The Return Of The King,Cast In A Motion Picture,2003,10th Annual,,TRUE
Liv Tyler,Lord Of The Rings: The Return Of The King,Cast In A Motion Picture,2003,10th Annual,,TRUE
Miranda Otto,Lord Of The Rings: The Return Of The King,Cast In A Motion Picture,2003,10th Annual,,TRUE
Orlando Bloom,Lord Of The Rings: The Return Of The King,Cast In A Motion Picture,2003,10th Annual,,TRUE
Sean Astin,Lord Of The Rings: The Return Of The King,Cast In A Motion Picture,2003,10th Annual,,TRUE
Sean Bean,Lord Of The Rings: The Return Of The King,Cast In A Motion Picture,2003,10th Annual,,TRUE
Viggo Mortensen,Lord Of The Rings: The Return Of The King,Cast In A Motion Picture,2003,10th Annual,,TRUE
Kevin Bacon,Mystic River,Cast In A Motion Picture,2003,10th Annual,,FALSE
Laura Linney,Mystic River,Cast In A Motion Picture,2003,10th Annual,,FALSE
Laurence Fishburne,Mystic River,Cast In A Motion Picture,2003,10th Annual,,FALSE
Marcia Gay Harden,Mystic River,Cast In A Motion Picture,2003,10th Annual,,FALSE
Sean Penn,Mystic River,Cast In A Motion Picture,2003,10th Annual,,FALSE
Tim Robbins,Mystic River,Cast In A Motion Picture,2003,10th Annual,,FALSE
Chris Cooper,Seabiscuit,Cast In A Motion Picture,2003,10th Annual,,FALSE
Elizabeth Banks,Seabiscuit,Cast In A Motion Picture,2003,10th Annual,,FALSE
Gary Stevens,Seabiscuit,Cast In A Motion Picture,2003,10th Annual,,FALSE
Jeff Bridges,Seabiscuit,Cast In A Motion Picture,2003,10th Annual,,FALSE
Tobey Maguire,Seabiscuit,Cast In A Motion Picture,2003,10th Annual,,FALSE
William H. Macy,Seabiscuit,Cast In A Motion Picture,2003,10th Annual,,FALSE
Bobby Cannavale,The Station Agent,Cast In A Motion Picture,2003,10th Annual,,FALSE
Michelle Williams,The Station Agent,Cast In A Motion Picture,2003,10th Annual,,FALSE
Patricia Clarkson,The Station Agent,Cast In A Motion Picture,2003,10th Annual,,FALSE
Paul Benjamin,The Station Agent,Cast In A Motion Picture,2003,10th Annual,,FALSE
Peter Dinklage,The Station Agent,Cast In A Motion Picture,2003,10th Annual,,FALSE
Raven Goodwin,The Station Agent,Cast In A Motion Picture,2003,10th Annual,,FALSE
,Everybody Loves Raymond,Ensemble In A Comedy Series,2003,10th Annual,,FALSE
Brad Garrett,Everybody Loves Raymond,Ensemble In A Comedy Series,2003,10th Annual,,FALSE
Doris Roberts,Everybody Loves Raymond,Ensemble In A Comedy Series,2003,10th Annual,,FALSE
Madylin Sweeten,Everybody Loves Raymond,Ensemble In A Comedy Series,2003,10th Annual,,FALSE
Patricia Heaton,Everybody Loves Raymond,Ensemble In A Comedy Series,2003,10th Annual,,FALSE
Peter Boyle,Everybody Loves Raymond,Ensemble In A Comedy Series,2003,10th Annual,,FALSE
Ray Romano,Everybody Loves Raymond,Ensemble In A Comedy Series,2003,10th Annual,,FALSE
,Frasier,Ensemble In A Comedy Series,2003,10th Annual,,FALSE
David Hyde Pierce,Frasier,Ensemble In A Comedy Series,2003,10th Annual,,FALSE
Jane Leeves,Frasier,Ensemble In A Comedy Series,2003,10th Annual,,FALSE
John Mahoney,Frasier,Ensemble In A Comedy Series,2003,10th Annual,,FALSE
Kelsey Grammer,Frasier,Ensemble In A Comedy Series,2003,10th Annual,,FALSE
Peri Gilpin,Frasier,Ensemble In A Comedy Series,2003,10th Annual,,FALSE
,Friends,Ensemble In A Comedy Series,2003,10th Annual,,FALSE
Courteney Cox,Friends,Ensemble In A Comedy Series,2003,10th Annual,,FALSE
David Schwimmer,Friends,Ensemble In A Comedy Series,2003,10th Annual,,FALSE
Jennifer Aniston,Friends,Ensemble In A Comedy Series,2003,10th Annual,,FALSE
Lisa Kudrow,Friends,Ensemble In A Comedy Series,2003,10th Annual,,FALSE
Matt Le Blanc,Friends,Ensemble In A Comedy Series,2003,10th Annual,,FALSE
Matthew Perry,Friends,Ensemble In A Comedy Series,2003,10th Annual,,FALSE
,Sex And The City,Ensemble In A Comedy Series,2003,10th Annual,,TRUE
Cynthia Nixon,Sex And The City,Ensemble In A Comedy Series,2003,10th Annual,,TRUE
Kim Cattrall,Sex And The City,Ensemble In A Comedy Series,2003,10th Annual,,TRUE
Kristin Davis,Sex And The City,Ensemble In A Comedy Series,2003,10th Annual,,TRUE
Sarah Jessica Parker,Sex And The City,Ensemble In A Comedy Series,2003,10th Annual,,TRUE
Debra Messing,Will & Grace,Ensemble In A Comedy Series,2003,10th Annual,,FALSE
Eric Mccormack,Will & Grace,Ensemble In A Comedy Series,2003,10th Annual,,FALSE
Megan Mullally,Will & Grace,Ensemble In A Comedy Series,2003,10th Annual,,FALSE
Sean Hayes,Will & Grace,Ensemble In A Comedy Series,2003,10th Annual,,FALSE
,Will And Grace,Ensemble In A Comedy Series,2003,10th Annual,,FALSE
,Csi: Crime Scene Investigation,Ensemble In A Drama Series,2003,10th Annual,,FALSE
Eric Szmanda,Csi: Crime Scene Investigation,Ensemble In A Drama Series,2003,10th Annual,,FALSE
Gary Dourdan,Csi: Crime Scene Investigation,Ensemble In A Drama Series,2003,10th Annual,,FALSE
George Eads,Csi: Crime Scene Investigation,Ensemble In A Drama Series,2003,10th Annual,,FALSE
Jorja Fox,Csi: Crime Scene Investigation,Ensemble In A Drama Series,2003,10th Annual,,FALSE
Marg Helgenberger,Csi: Crime Scene Investigation,Ensemble In A Drama Series,2003,10th Annual,,FALSE
Paul Guilfoyle,Csi: Crime Scene Investigation,Ensemble In A Drama Series,2003,10th Annual,,FALSE
Robert David Hall,Csi: Crime Scene Investigation,Ensemble In A Drama Series,2003,10th Annual,,FALSE
William Petersen,Csi: Crime Scene Investigation,Ensemble In A Drama Series,2003,10th Annual,,FALSE
,Law & Order,Ensemble In A Drama Series,2003,10th Annual,,FALSE
Elisabeth Rohm,Law & Order,Ensemble In A Drama Series,2003,10th Annual,,FALSE
Fred Dalton Thompson,Law & Order,Ensemble In A Drama Series,2003,10th Annual,,FALSE
Jerry Orbach,Law & Order,Ensemble In A Drama Series,2003,10th Annual,,FALSE
Jesse L. Martin,Law & Order,Ensemble In A Drama Series,2003,10th Annual,,FALSE
S. Epatha Merkerson,Law & Order,Ensemble In A Drama Series,2003,10th Annual,,FALSE
Sam Waterston,Law & Order,Ensemble In A Drama Series,2003,10th Annual,,FALSE
,Six Feet Under,Ensemble In A Drama Series,2003,10th Annual,,TRUE
Ben Foster,Six Feet Under,Ensemble In A Drama Series,2003,10th Annual,,TRUE
Frances Conroy,Six Feet Under,Ensemble In A Drama Series,2003,10th Annual,,TRUE
Freddy Rodriguez,Six Feet Under,Ensemble In A Drama Series,2003,10th Annual,,TRUE
Justina Machado,Six Feet Under,Ensemble In A Drama Series,2003,10th Annual,,TRUE
Lauren Ambrose,Six Feet Under,Ensemble In A Drama Series,2003,10th Annual,,TRUE
Lili Taylor,Six Feet Under,Ensemble In A Drama Series,2003,10th Annual,,TRUE
Mathew St. Patrick,Six Feet Under,Ensemble In A Drama Series,2003,10th Annual,,TRUE
Michael C. Hall,Six Feet Under,Ensemble In A Drama Series,2003,10th Annual,,TRUE
Peter Krause,Six Feet Under,Ensemble In A Drama Series,2003,10th Annual,,TRUE
Peter Macdissi,Six Feet Under,Ensemble In A Drama Series,2003,10th Annual,,TRUE
Rachel Griffiths,Six Feet Under,Ensemble In A Drama Series,2003,10th Annual,,TRUE
Rainn Wilson,Six Feet Under,Ensemble In A Drama Series,2003,10th Annual,,TRUE
,The West Wing,Ensemble In A Drama Series,2003,10th Annual,,FALSE
Allison Janney,The West Wing,Ensemble In A Drama Series,2003,10th Annual,,FALSE
Bradley Whitford,The West Wing,Ensemble In A Drama Series,2003,10th Annual,,FALSE
Dulé Hill,The West Wing,Ensemble In A Drama Series,2003,10th Annual,,FALSE
Janel Moloney,The West Wing,Ensemble In A Drama Series,2003,10th Annual,,FALSE
John Spencer,The West Wing,Ensemble In A Drama Series,2003,10th Annual,,FALSE
Joshua Malina,The West Wing,Ensemble In A Drama Series,2003,10th Annual,,FALSE
Martin Sheen,The West Wing,Ensemble In A Drama Series,2003,10th Annual,,FALSE
Richard Schiff,The West Wing,Ensemble In A Drama Series,2003,10th Annual,,FALSE
Stockard Channing,The West Wing,Ensemble In A Drama Series,2003,10th Annual,,FALSE
,Without A Trace,Ensemble In A Drama Series,2003,10th Annual,,FALSE
Anthony Lapaglia,Without A Trace,Ensemble In A Drama Series,2003,10th Annual,,FALSE
Enrique Murciano,Without A Trace,Ensemble In A Drama Series,2003,10th Annual,,FALSE
Eric Close,Without A Trace,Ensemble In A Drama Series,2003,10th Annual,,FALSE
Marianne Jean-Baptiste,Without A Trace,Ensemble In A Drama Series,2003,10th Annual,,FALSE
Poppy Montgomery,Without A Trace,Ensemble In A Drama Series,2003,10th Annual,,FALSE
Doris Roberts,Everybody Loves Raymond,Female In A Comedy Series,2003,10th Annual,,FALSE
Patricia Heaton,Everybody Loves Raymond,Female In A Comedy Series,2003,10th Annual,,FALSE
Lisa Kudrow,Friends,Female In A Comedy Series,2003,10th Annual,,FALSE
Debra Messing,Will & Grace,Female In A Comedy Series,2003,10th Annual,,FALSE
Megan Mullally,Will & Grace,Female In A Comedy Series,2003,10th Annual,,TRUE
Jennifer Garner,Alias,Female In A Drama Series,2003,10th Annual,,FALSE
Tyne Daly,Judging Amy,Female In A Drama Series,2003,10th Annual,,FALSE
Mariska Hargitay,Law & Order: Svu,Female In A Drama Series,2003,10th Annual,,FALSE
Frances Conroy,Six Feet Under,Female In A Drama Series,2003,10th Annual,,TRUE
Allison Janney,The West Wing,Female In A Drama Series,2003,10th Annual,,FALSE
Stockard Channing,The West Wing,Female In A Drama Series,2003,10th Annual,,FALSE
Naomi Watts,21 Grams,Female Lead In A Motion Picture,2003,10th Annual,Actress in a Leading Role,FALSE
Charlize Theron,Monster,Female Lead In A Motion Picture,2003,10th Annual,Actress in a Leading Role,TRUE
Diane Keaton,Something's Gotta Give,Female Lead In A Motion Picture,2003,10th Annual,Actress in a Leading Role,FALSE
Patricia Clarkson,The Station Agent,Female Lead In A Motion Picture,2003,10th Annual,Actress in a Leading Role,FALSE
Evan Rachel Wood,Thirteen,Female Lead In A Motion Picture,2003,10th Annual,Actress in a Leading Role,FALSE
Renée Zellweger,Cold Mountain,Female Support In A Motion Picture,2003,10th Annual,Actress in a Supporting Role,TRUE
Patricia Clarkson,Pieces Of April,Female Support In A Motion Picture,2003,10th Annual,Actress in a Supporting Role,FALSE
Maria Bello,The Cooler,Female Support In A Motion Picture,2003,10th Annual,Actress in a Supporting Role,FALSE
Holly Hunter,Thirteen,Female Support In A Motion Picture,2003,10th Annual,Actress in a Supporting Role,FALSE
Keisha Castle-Hughes,Whale Rider,Female Support In A Motion Picture,2003,10th Annual,Actress in a Supporting Role,FALSE
Emma Thompson,Angels In America,Female In A Television Movie Or Limited Series,2003,10th Annual,,FALSE
Mary-Louise Parker,Angels In America,Female In A Television Movie Or Limited Series,2003,10th Annual,,FALSE
Meryl Streep,Angels In America,Female In A Television Movie Or Limited Series,2003,10th Annual,,TRUE
Anne Bancroft,Tennesee Williams' The Roman Spring Of Mrs. Stone,Female In A Television Movie Or Limited Series,2003,10th Annual,,FALSE
Helen Mirren,Tennesee Williams' The Roman Spring Of Mrs. Stone,Female In A Television Movie Or Limited Series,2003,10th Annual,,FALSE
Karl Malden,N/A,Life Achievement,2003,10th Annual,,TRUE
Brad Garrett,Everybody Loves Raymond,Male In A Comedy Series,2003,10th Annual,,FALSE
Peter Boyle,Everybody Loves Raymond,Male In A Comedy Series,2003,10th Annual,,FALSE
Ray Romano,Everybody Loves Raymond,Male In A Comedy Series,2003,10th Annual,,FALSE
Tony Shalhoub,Monk,Male In A Comedy Series,2003,10th Annual,,TRUE
Sean Hayes,Will & Grace,Male In A Comedy Series,2003,10th Annual,,FALSE
Kiefer Sutherland,24,Male In A Drama Series,2003,10th Annual,,TRUE
Treat Williams,Everwood,Male In A Drama Series,2003,10th Annual,,FALSE
Peter Krause,Six Feet Under,Male In A Drama Series,2003,10th Annual,,FALSE
Martin Sheen,The West Wing,Male In A Drama Series,2003,10th Annual,,FALSE
Anthony Lapaglia,Without A Trace,Male In A Drama Series,2003,10th Annual,,FALSE
Ben Kingsley,House Of Sand And Fog,Male Lead In A Motion Picture,2003,10th Annual,Actor in a Leading Role,FALSE
Bill Murray,Lost In Translation,Male Lead In A Motion Picture,2003,10th Annual,Actor in a Leading Role,FALSE
Sean Penn,Mystic River,Male Lead In A Motion Picture,2003,10th Annual,Actor in a Leading Role,FALSE
Johnny Depp,Pirates Of The Caribbean: The Curse Of The Black Pearl,Male Lead In A Motion Picture,2003,10th Annual,Actor in a Leading Role,TRUE
Peter Dinklage,The Station Agent,Male Lead In A Motion Picture,2003,10th Annual,Actor in a Leading Role,FALSE
Benicio Del Toro,21 Grams,Male Support In A Motion Picture,2003,10th Annual,Actor in a Supporting Role,FALSE
Tim Robbins,Mystic River,Male Support In A Motion Picture,2003,10th Annual,Actor in a Supporting Role,TRUE
Chris Cooper,Seabiscuit,Male Support In A Motion Picture,2003,10th Annual,Actor in a Supporting Role,FALSE
Alec Baldwin,The Cooler,Male Support In A Motion Picture,2003,10th Annual,Actor in a Supporting Role,FALSE
Ken Watanabe,The Last Samurai,Male Support In A Motion Picture,2003,10th Annual,Actor in a Supporting Role,FALSE
Al Pacino,Angels In America,Male In A Television Movie Or Limited Series,2003,10th Annual,,TRUE
Jeffrey Wright,Angels In America,Male In A Television Movie Or Limited Series,2003,10th Annual,,FALSE
Justin Kirk,Angels In America,Male In A Television Movie Or Limited Series,2003,10th Annual,,FALSE
Forest Whitaker,Deacons For Defense,Male In A Television Movie Or Limited Series,2003,10th Annual,,FALSE
Paul Newman,Our Town,Male In A Television Movie Or Limited Series,2003,10th Annual,,FALSE
Brian Cox,Adaptation,Cast In A Motion Picture,2002,9th Annual,,FALSE
Cara Seymour,Adaptation,Cast In A Motion Picture,2002,9th Annual,,FALSE
Chris Cooper,Adaptation,Cast In A Motion Picture,2002,9th Annual,,FALSE
Meryl Streep,Adaptation,Cast In A Motion Picture,2002,9th Annual,,FALSE
Nicolas Cage,Adaptation,Cast In A Motion Picture,2002,9th Annual,,FALSE
Tilda Swinton,Adaptation,Cast In A Motion Picture,2002,9th Annual,,FALSE
Catherine Zeta-Jones,Chicago,Cast In A Motion Picture,2002,9th Annual,,TRUE
Christine Baranski,Chicago,Cast In A Motion Picture,2002,9th Annual,,TRUE
Colm Feore,Chicago,Cast In A Motion Picture,2002,9th Annual,,TRUE
Deidre Goodwin,Chicago,Cast In A Motion Picture,2002,9th Annual,,TRUE
Denise Faye,Chicago,Cast In A Motion Picture,2002,9th Annual,,TRUE
Dominic West,Chicago,Cast In A Motion Picture,2002,9th Annual,,TRUE
Ekaterina Chtchelkanova,Chicago,Cast In A Motion Picture,2002,9th Annual,,TRUE
John C. Reilly,Chicago,Cast In A Motion Picture,2002,9th Annual,,TRUE
Lucy Liu,Chicago,Cast In A Motion Picture,2002,9th Annual,,TRUE
Mya Harrison,Chicago,Cast In A Motion Picture,2002,9th Annual,,TRUE
Queen Latifah,Chicago,Cast In A Motion Picture,2002,9th Annual,,TRUE
Renée Zellweger,Chicago,Cast In A Motion Picture,2002,9th Annual,,TRUE
Richard Gere,Chicago,Cast In A Motion Picture,2002,9th Annual,,TRUE
Susan Misner,Chicago,Cast In A Motion Picture,2002,9th Annual,,TRUE
Taye Diggs,Chicago,Cast In A Motion Picture,2002,9th Annual,,TRUE
Andy Serkis,Lord Of The Rings: The Two Towers,Cast In A Motion Picture,2002,9th Annual,,FALSE
Bernard Hill,Lord Of The Rings: The Two Towers,Cast In A Motion Picture,2002,9th Annual,,FALSE
Billy Boyd,Lord Of The Rings: The Two Towers,Cast In A Motion Picture,2002,9th Annual,,FALSE
Brad Dourif,Lord Of The Rings: The Two Towers,Cast In A Motion Picture,2002,9th Annual,,FALSE
Cate Blanchett,Lord Of The Rings: The Two Towers,Cast In A Motion Picture,2002,9th Annual,,FALSE
Christopher Lee,Lord Of The Rings: The Two Towers,Cast In A Motion Picture,2002,9th Annual,,FALSE
David Wenham,Lord Of The Rings: The Two Towers,Cast In A Motion Picture,2002,9th Annual,,FALSE
Dominic Monaghan,Lord Of The Rings: The Two Towers,Cast In A Motion Picture,2002,9th Annual,,FALSE
Elijah Wood,Lord Of The Rings: The Two Towers,Cast In A Motion Picture,2002,9th Annual,,FALSE
Hugo Weaving,Lord Of The Rings: The Two Towers,Cast In A Motion Picture,2002,9th Annual,,FALSE
Ian Mckellen,Lord Of The Rings: The Two Towers,Cast In A Motion Picture,2002,9th Annual,,FALSE
John Rhys-Davies,Lord Of The Rings: The Two Towers,Cast In A Motion Picture,2002,9th Annual,,FALSE
Liv Tyler,Lord Of The Rings: The Two Towers,Cast In A Motion Picture,2002,9th Annual,,FALSE
Miranda Otto,Lord Of The Rings: The Two Towers,Cast In A Motion Picture,2002,9th Annual,,FALSE
Orlando Bloom,Lord Of The Rings: The Two Towers,Cast In A Motion Picture,2002,9th Annual,,FALSE
Sean Astin,Lord Of The Rings: The Two Towers,Cast In A Motion Picture,2002,9th Annual,,FALSE
Viggo Mortensen,Lord Of The Rings: The Two Towers,Cast In A Motion Picture,2002,9th Annual,,FALSE
Andrea Martin,My Big Fat Greek Wedding,Cast In A Motion Picture,2002,9th Annual,,FALSE
Gia Carides,My Big Fat Greek Wedding,Cast In A Motion Picture,2002,9th Annual,,FALSE
Joey Fatone,My Big Fat Greek Wedding,Cast In A Motion Picture,2002,9th Annual,,FALSE
John Corbett,My Big Fat Greek Wedding,Cast In A Motion Picture,2002,9th Annual,,FALSE
Lainie Kazan,My Big Fat Greek Wedding,Cast In A Motion Picture,2002,9th Annual,,FALSE
Michael Constantine,My Big Fat Greek Wedding,Cast In A Motion Picture,2002,9th Annual,,FALSE
Nia Vardalos,My Big Fat Greek Wedding,Cast In A Motion Picture,2002,9th Annual,,FALSE
Allison Janney,The Hours,Cast In A Motion Picture,2002,9th Annual,,FALSE
Claire Danes,The Hours,Cast In A Motion Picture,2002,9th Annual,,FALSE
Ed Harris,The Hours,Cast In A Motion Picture,2002,9th Annual,,FALSE
Jeff Daniels,The Hours,Cast In A Motion Picture,2002,9th Annual,,FALSE
John C. Reilly,The Hours,Cast In A Motion Picture,2002,9th Annual,,FALSE
Julianne Moore,The Hours,Cast In A Motion Picture,2002,9th Annual,,FALSE
Meryl Streep,The Hours,Cast In A Motion Picture,2002,9th Annual,,FALSE
Miranda Richardson,The Hours,Cast In A Motion Picture,2002,9th Annual,,FALSE
Nicole Kidman,The Hours,Cast In A Motion Picture,2002,9th Annual,,FALSE
Stephen Dillane,The Hours,Cast In A Motion Picture,2002,9th Annual,,FALSE
Toni Collette,The Hours,Cast In A Motion Picture,2002,9th Annual,,FALSE
,Everybody Loves Raymond,Ensemble In A Comedy Series,2002,9th Annual,,TRUE
Brad Garrett,Everybody Loves Raymond,Ensemble In A Comedy Series,2002,9th Annual,,TRUE
Doris Roberts,Everybody Loves Raymond,Ensemble In A Comedy Series,2002,9th Annual,,TRUE
Madylin Sweeten,Everybody Loves Raymond,Ensemble In A Comedy Series,2002,9th Annual,,TRUE
Patricia Heaton,Everybody Loves Raymond,Ensemble In A Comedy Series,2002,9th Annual,,TRUE
Peter Boyle,Everybody Loves Raymond,Ensemble In A Comedy Series,2002,9th Annual,,TRUE
Ray Romano,Everybody Loves Raymond,Ensemble In A Comedy Series,2002,9th Annual,,TRUE
,Frasier,Ensemble In A Comedy Series,2002,9th Annual,,FALSE
David Hyde Pierce,Frasier,Ensemble In A Comedy Series,2002,9th Annual,,FALSE
Jane Leeves,Frasier,Ensemble In A Comedy Series,2002,9th Annual,,FALSE
John Mahoney,Frasier,Ensemble In A Comedy Series,2002,9th Annual,,FALSE
Kelsey Grammer,Frasier,Ensemble In A Comedy Series,2002,9th Annual,,FALSE
Peri Gilpin,Frasier,Ensemble In A Comedy Series,2002,9th Annual,,FALSE
,Friends,Ensemble In A Comedy Series,2002,9th Annual,,FALSE
Courteney Cox,Friends,Ensemble In A Comedy Series,2002,9th Annual,,FALSE
David Schwimmer,Friends,Ensemble In A Comedy Series,2002,9th Annual,,FALSE
Jennifer Aniston,Friends,Ensemble In A Comedy Series,2002,9th Annual,,FALSE
Lisa Kudrow,Friends,Ensemble In A Comedy Series,2002,9th Annual,,FALSE
Matt Le Blanc,Friends,Ensemble In A Comedy Series,2002,9th Annual,,FALSE
Matthew Perry,Friends,Ensemble In A Comedy Series,2002,9th Annual,,FALSE
,Sex And The City,Ensemble In A Comedy Series,2002,9th Annual,,FALSE
Cynthia Nixon,Sex And The City,Ensemble In A Comedy Series,2002,9th Annual,,FALSE
Kim Cattrall,Sex And The City,Ensemble In A Comedy Series,2002,9th Annual,,FALSE
Kristin Davis,Sex And The City,Ensemble In A Comedy Series,2002,9th Annual,,FALSE
Sarah Jessica Parker,Sex And The City,Ensemble In A Comedy Series,2002,9th Annual,,FALSE
,Will & Grace,Ensemble In A Comedy Series,2002,9th Annual,,FALSE
Debra Messing,Will & Grace,Ensemble In A Comedy Series,2002,9th Annual,,FALSE
Eric Mccormack,Will & Grace,Ensemble In A Comedy Series,2002,9th Annual,,FALSE
Megan Mullally,Will & Grace,Ensemble In A Comedy Series,2002,9th Annual,,FALSE
Sean Hayes,Will & Grace,Ensemble In A Comedy Series,2002,9th Annual,,FALSE
,24,Ensemble In A Drama Series,2002,9th Annual,,FALSE
Carlos Bernard,24,Ensemble In A Drama Series,2002,9th Annual,,FALSE
Dennis Haysbert,24,Ensemble In A Drama Series,2002,9th Annual,,FALSE
Elisha Cuthbert,24,Ensemble In A Drama Series,2002,9th Annual,,FALSE
Kiefer Sutherland,24,Ensemble In A Drama Series,2002,9th Annual,,FALSE
Laura Harris,24,Ensemble In A Drama Series,2002,9th Annual,,FALSE
Leslie Hope,24,Ensemble In A Drama Series,2002,9th Annual,,FALSE
Michelle Forbes,24,Ensemble In A Drama Series,2002,9th Annual,,FALSE
Penny Johnson Jerald,24,Ensemble In A Drama Series,2002,9th Annual,,FALSE
Reiko Aylesworth,24,Ensemble In A Drama Series,2002,9th Annual,,FALSE
Sarah Clarke,24,Ensemble In A Drama Series,2002,9th Annual,,FALSE
Sarah Wynter,24,Ensemble In A Drama Series,2002,9th Annual,,FALSE
Xander Berkeley,24,Ensemble In A Drama Series,2002,9th Annual,,FALSE
,Csi: Crime Scene Investigation,Ensemble In A Drama Series,2002,9th Annual,,FALSE
Eric Szmanda,Csi: Crime Scene Investigation,Ensemble In A Drama Series,2002,9th Annual,,FALSE
Gary Dourdan,Csi: Crime Scene Investigation,Ensemble In A Drama Series,2002,9th Annual,,FALSE
George Eads,Csi: Crime Scene Investigation,Ensemble In A Drama Series,2002,9th Annual,,FALSE
Jorja Fox,Csi: Crime Scene Investigation,Ensemble In A Drama Series,2002,9th Annual,,FALSE
Marg Helgenberger,Csi: Crime Scene Investigation,Ensemble In A Drama Series,2002,9th Annual,,FALSE
Paul Guilfoyle,Csi: Crime Scene Investigation,Ensemble In A Drama Series,2002,9th Annual,,FALSE
Robert David Hall,Csi: Crime Scene Investigation,Ensemble In A Drama Series,2002,9th Annual,,FALSE
William Petersen,Csi: Crime Scene Investigation,Ensemble In A Drama Series,2002,9th Annual,,FALSE
,Six Feet Under,Ensemble In A Drama Series,2002,9th Annual,,TRUE
Frances Conroy,Six Feet Under,Ensemble In A Drama Series,2002,9th Annual,,TRUE
Freddy Rodriguez,Six Feet Under,Ensemble In A Drama Series,2002,9th Annual,,TRUE
Lauren Ambrose,Six Feet Under,Ensemble In A Drama Series,2002,9th Annual,,TRUE
Mathew St. Patrick,Six Feet Under,Ensemble In A Drama Series,2002,9th Annual,,TRUE
Michael C. Hall,Six Feet Under,Ensemble In A Drama Series,2002,9th Annual,,TRUE
Peter Krause,Six Feet Under,Ensemble In A Drama Series,2002,9th Annual,,TRUE
Rachel Griffiths,Six Feet Under,Ensemble In A Drama Series,2002,9th Annual,,TRUE
,The Sopranos,Ensemble In A Drama Series,2002,9th Annual,,FALSE
Aida Turturro,The Sopranos,Ensemble In A Drama Series,2002,9th Annual,,FALSE
Dominic Chianese,The Sopranos,Ensemble In A Drama Series,2002,9th Annual,,FALSE
Drea De Matteo,The Sopranos,Ensemble In A Drama Series,2002,9th Annual,,FALSE
Edie Falco,The Sopranos,Ensemble In A Drama Series,2002,9th Annual,,FALSE
Frederico Castelluccio,The Sopranos,Ensemble In A Drama Series,2002,9th Annual,,FALSE
James Gandolfini,The Sopranos,Ensemble In A Drama Series,2002,9th Annual,,FALSE
Jamie-Lynn Sigler,The Sopranos,Ensemble In A Drama Series,2002,9th Annual,,FALSE
Joe Pantoliano,The Sopranos,Ensemble In A Drama Series,2002,9th Annual,,FALSE
John Ventimiglia,The Sopranos,Ensemble In A Drama Series,2002,9th Annual,,FALSE
Lorraine Bracco,The Sopranos,Ensemble In A Drama Series,2002,9th Annual,,FALSE
Michael Imperioli,The Sopranos,Ensemble In A Drama Series,2002,9th Annual,,FALSE
Robert Iler,The Sopranos,Ensemble In A Drama Series,2002,9th Annual,,FALSE
Steven R. Schirripa,The Sopranos,Ensemble In A Drama Series,2002,9th Annual,,FALSE
Steven Van Zandt,The Sopranos,Ensemble In A Drama Series,2002,9th Annual,,FALSE
Tony Sirico,The Sopranos,Ensemble In A Drama Series,2002,9th Annual,,FALSE
Vincent Curatola,The Sopranos,Ensemble In A Drama Series,2002,9th Annual,,FALSE
,The West Wing,Ensemble In A Drama Series,2002,9th Annual,,FALSE
Allison Janney,The West Wing,Ensemble In A Drama Series,2002,9th Annual,,FALSE
Bradley Whitford,The West Wing,Ensemble In A Drama Series,2002,9th Annual,,FALSE
Dulé Hill,The West Wing,Ensemble In A Drama Series,2002,9th Annual,,FALSE
Janel Moloney,The West Wing,Ensemble In A Drama Series,2002,9th Annual,,FALSE
John Spencer,The West Wing,Ensemble In A Drama Series,2002,9th Annual,,FALSE
Joshua Malina,The West Wing,Ensemble In A Drama Series,2002,9th Annual,,FALSE
Lily Tomlin,The West Wing,Ensemble In A Drama Series,2002,9th Annual,,FALSE
Martin Sheen,The West Wing,Ensemble In A Drama Series,2002,9th Annual,,FALSE
Mary-Louise Parker,The West Wing,Ensemble In A Drama Series,2002,9th Annual,,FALSE
Richard Schiff,The West Wing,Ensemble In A Drama Series,2002,9th Annual,,FALSE
Rob Lowe,The West Wing,Ensemble In A Drama Series,2002,9th Annual,,FALSE
Stockard Channing,The West Wing,Ensemble In A Drama Series,2002,9th Annual,,FALSE
Patricia Heaton,Everybody Loves Raymond,Female In A Comedy Series,2002,9th Annual,,FALSE
Jennifer Aniston,Friends,Female In A Comedy Series,2002,9th Annual,,FALSE
Jane Kaczmarek,Malcolm In The Middle,Female In A Comedy Series,2002,9th Annual,,FALSE
Kim Cattrall,Sex And The City,Female In A Comedy Series,2002,9th Annual,,FALSE
Megan Mullally,Will & Grace,Female In A Comedy Series,2002,9th Annual,,TRUE
Amy Brenneman,Judging Amy,Female In A Drama Series,2002,9th Annual,,FALSE
Edie Falco,The Sopranos,Female In A Drama Series,2002,9th Annual,,TRUE
Lorraine Bracco,The Sopranos,Female In A Drama Series,2002,9th Annual,,FALSE
Allison Janney,The West Wing,Female In A Drama Series,2002,9th Annual,,FALSE
Lily Tomlin,The West Wing,Female In A Drama Series,2002,9th Annual,,FALSE
Renée Zellweger,Chicago,Female Lead In A Motion Picture,2002,9th Annual,Actress in a Leading Role,TRUE
Julianne Moore,Far From Heaven,Female Lead In A Motion Picture,2002,9th Annual,Actress in a Leading Role,FALSE
Salma Hayek,Frida,Female Lead In A Motion Picture,2002,9th Annual,Actress in a Leading Role,FALSE
Nicole Kidman,The Hours,Female Lead In A Motion Picture,2002,9th Annual,Actress in a Leading Role,FALSE
Diane Lane,Unfaithful,Female Lead In A Motion Picture,2002,9th Annual,Actress in a Leading Role,FALSE
Kathy Bates,About Schmidt,Female Support In A Motion Picture,2002,9th Annual,Actress in a Supporting Role,FALSE
Catherine Zeta-Jones,Chicago,Female Support In A Motion Picture,2002,9th Annual,Actress in a Supporting Role,TRUE
Queen Latifah,Chicago,Female Support In A Motion Picture,2002,9th Annual,Actress in a Supporting Role,FALSE
Julianne Moore,The Hours,Female Support In A Motion Picture,2002,9th Annual,Actress in a Supporting Role,FALSE
Michelle Pfeiffer,White Oleander,Female Support In A Motion Picture,2002,9th Annual,Actress in a Supporting Role,FALSE
Helen Mirren,Door To Door,Female In A Television Movie Or Limited Series,2002,9th Annual,,FALSE
Uma Thurman,Hysterical Blindness,Female In A Television Movie Or Limited Series,2002,9th Annual,,FALSE
Kathy Bates,My Sister's Keeper,Female In A Television Movie Or Limited Series,2002,9th Annual,,FALSE
Vanessa Redgrave,The Gathering Storm,Female In A Television Movie Or Limited Series,2002,9th Annual,,FALSE
Stockard Channing,The Matthew Shepard Story,Female In A Television Movie Or Limited Series,2002,9th Annual,,TRUE
Clint Eastwood,N/A,Life Achievement,2002,9th Annual,,TRUE
Ray Romano,Everybody Loves Raymond,Male In A Comedy Series,2002,9th Annual,,FALSE
Matt Le Blanc,Friends,Male In A Comedy Series,2002,9th Annual,,FALSE
Tony Shalhoub,Monk,Male In A Comedy Series,2002,9th Annual,,FALSE
Bernie Mac,The Bernie Mac Show,Male In A Comedy Series,2002,9th Annual,,FALSE
Sean Hayes,Will & Grace,Male In A Comedy Series,2002,9th Annual,,TRUE
Kiefer Sutherland,24,Male In A Drama Series,2002,9th Annual,,FALSE
Treat Williams,Everwood,Male In A Drama Series,2002,9th Annual,,FALSE
Michael Chiklis,The Shield,Male In A Drama Series,2002,9th Annual,,FALSE
James Gandolfini,The Sopranos,Male In A Drama Series,2002,9th Annual,,TRUE
Martin Sheen,The West Wing,Male In A Drama Series,2002,9th Annual,,FALSE
Jack Nicholson,About Schmidt,Male Lead In A Motion Picture,2002,9th Annual,Actor in a Leading Role,FALSE
Nicolas Cage,Adaptation,Male Lead In A Motion Picture,2002,9th Annual,Actor in a Leading Role,FALSE
Richard Gere,Chicago,Male Lead In A Motion Picture,2002,9th Annual,Actor in a Leading Role,FALSE
Daniel Day-Lewis,Gangs Of New York,Male Lead In A Motion Picture,2002,9th Annual,Actor in a Leading Role,TRUE
Adrien Brody,The Pianist,Male Lead In A Motion Picture,2002,9th Annual,Actor in a Leading Role,FALSE
Chris Cooper,Adaptation,Male Support In A Motion Picture,2002,9th Annual,Actor in a Supporting Role,FALSE
Christopher Walken,Catch Me If You Can,Male Support In A Motion Picture,2002,9th Annual,Actor in a Supporting Role,TRUE
Dennis Quaid,Far From Heaven,Male Support In A Motion Picture,2002,9th Annual,Actor in a Supporting Role,FALSE
Alfred Molina,Frida,Male Support In A Motion Picture,2002,9th Annual,Actor in a Supporting Role,FALSE
Ed Harris,The Hours,Male Support In A Motion Picture,2002,9th Annual,Actor in a Supporting Role,FALSE
William H. Macy,Door To Door,Male In A Television Movie Or Limited Series,2002,9th Annual,,TRUE
Brad Garrett,Gleason,Male In A Television Movie Or Limited Series,2002,9th Annual,,FALSE
Sean Hayes,Martin & Lewis,Male In A Television Movie Or Limited Series,2002,9th Annual,,FALSE
John Turturro,Monday Night Mayhem,Male In A Television Movie Or Limited Series,2002,9th Annual,,FALSE
Albert Finney,The Gathering Storm,Male In A Television Movie Or Limited Series,2002,9th Annual,,FALSE
Adam Goldberg,A Beautiful Mind,Cast In A Motion Picture,2001,8th Annual,,FALSE
Anthony Rapp,A Beautiful Mind,Cast In A Motion Picture,2001,8th Annual,,FALSE
Austin Pendelton,A Beautiful Mind,Cast In A Motion Picture,2001,8th Annual,,FALSE
Christopher Plummer,A Beautiful Mind,Cast In A Motion Picture,2001,8th Annual,,FALSE
Ed Harris,A Beautiful Mind,Cast In A Motion Picture,2001,8th Annual,,FALSE
Jason Gray-Stanford,A Beautiful Mind,Cast In A Motion Picture,2001,8th Annual,,FALSE
Jennifer Connelly,A Beautiful Mind,Cast In A Motion Picture,2001,8th Annual,,FALSE
Josh Lucas,A Beautiful Mind,Cast In A Motion Picture,2001,8th Annual,,FALSE
Judd Hirsch,A Beautiful Mind,Cast In A Motion Picture,2001,8th Annual,,FALSE
Paul Bettany,A Beautiful Mind,Cast In A Motion Picture,2001,8th Annual,,FALSE
Russell Crowe,A Beautiful Mind,Cast In A Motion Picture,2001,8th Annual,,FALSE
Alan Bates,Gosford Park,Cast In A Motion Picture,2001,8th Annual,,TRUE
Bob Balaban,Gosford Park,Cast In A Motion Picture,2001,8th Annual,,TRUE
Charles Dance,Gosford Park,Cast In A Motion Picture,2001,8th Annual,,TRUE
Clive Owen,Gosford Park,Cast In A Motion Picture,2001,8th Annual,,TRUE
Derek Jacobi,Gosford Park,Cast In A Motion Picture,2001,8th Annual,,TRUE
Eileen Atkins,Gosford Park,Cast In A Motion Picture,2001,8th Annual,,TRUE
Emily Watson,Gosford Park,Cast In A Motion Picture,2001,8th Annual,,TRUE
Geraldine Somerville,Gosford Park,Cast In A Motion Picture,2001,8th Annual,,TRUE
Helen Mirren,Gosford Park,Cast In A Motion Picture,2001,8th Annual,,TRUE
James Wilby,Gosford Park,Cast In A Motion Picture,2001,8th Annual,,TRUE
Jeremy Northam,Gosford Park,Cast In A Motion Picture,2001,8th Annual,,TRUE
Kelly Macdonald,Gosford Park,Cast In A Motion Picture,2001,8th Annual,,TRUE
Kristin Scott Thomas,Gosford Park,Cast In A Motion Picture,2001,8th Annual,,TRUE
Maggie Smith,Gosford Park,Cast In A Motion Picture,2001,8th Annual,,TRUE
Michael Gambon,Gosford Park,Cast In A Motion Picture,2001,8th Annual,,TRUE
Richard E. Grant,Gosford Park,Cast In A Motion Picture,2001,8th Annual,,TRUE
Ryan Phillippe,Gosford Park,Cast In A Motion Picture,2001,8th Annual,,TRUE
Sophie Thompson,Gosford Park,Cast In A Motion Picture,2001,8th Annual,,TRUE
Stephen Fry,Gosford Park,Cast In A Motion Picture,2001,8th Annual,,TRUE
Tom Hollander,Gosford Park,Cast In A Motion Picture,2001,8th Annual,,TRUE
Celia Weston,In The Bedroom,Cast In A Motion Picture,2001,8th Annual,,FALSE
Marisa Tomei,In The Bedroom,Cast In A Motion Picture,2001,8th Annual,,FALSE
Nick Stahl,In The Bedroom,Cast In A Motion Picture,2001,8th Annual,,FALSE
Sissy Spacek,In The Bedroom,Cast In A Motion Picture,2001,8th Annual,,FALSE
Tom Wilkinson,In The Bedroom,Cast In A Motion Picture,2001,8th Annual,,FALSE
William Mapother,In The Bedroom,Cast In A Motion Picture,2001,8th Annual,,FALSE
William Wise,In The Bedroom,Cast In A Motion Picture,2001,8th Annual,,FALSE
Andy Serkis,Lord Of The Rings: The Fellowship Of The Ring,Cast In A Motion Picture,2001,8th Annual,,FALSE
Billy Boyd,Lord Of The Rings: The Fellowship Of The Ring,Cast In A Motion Picture,2001,8th Annual,,FALSE
Cate Blanchett,Lord Of The Rings: The Fellowship Of The Ring,Cast In A Motion Picture,2001,8th Annual,,FALSE
Christopher Lee,Lord Of The Rings: The Fellowship Of The Ring,Cast In A Motion Picture,2001,8th Annual,,FALSE
Dominic Monaghan,Lord Of The Rings: The Fellowship Of The Ring,Cast In A Motion Picture,2001,8th Annual,,FALSE
Elijah Wood,Lord Of The Rings: The Fellowship Of The Ring,Cast In A Motion Picture,2001,8th Annual,,FALSE
Hugo Weaving,Lord Of The Rings: The Fellowship Of The Ring,Cast In A Motion Picture,2001,8th Annual,,FALSE
Ian Holm,Lord Of The Rings: The Fellowship Of The Ring,Cast In A Motion Picture,2001,8th Annual,,FALSE
Ian Mckellen,Lord Of The Rings: The Fellowship Of The Ring,Cast In A Motion Picture,2001,8th Annual,,FALSE
John Rhys-Davies,Lord Of The Rings: The Fellowship Of The Ring,Cast In A Motion Picture,2001,8th Annual,,FALSE
Liv Tyler,Lord Of The Rings: The Fellowship Of The Ring,Cast In A Motion Picture,2001,8th Annual,,FALSE
Orlando Bloom,Lord Of The Rings: The Fellowship Of The Ring,Cast In A Motion Picture,2001,8th Annual,,FALSE
Sean Astin,Lord Of The Rings: The Fellowship Of The Ring,Cast In A Motion Picture,2001,8th Annual,,FALSE
Sean Bean,Lord Of The Rings: The Fellowship Of The Ring,Cast In A Motion Picture,2001,8th Annual,,FALSE
Viggo Mortensen,Lord Of The Rings: The Fellowship Of The Ring,Cast In A Motion Picture,2001,8th Annual,,FALSE
Ewan Mcgregor,Moulin Rouge,Cast In A Motion Picture,2001,8th Annual,,FALSE
Jim Broadbent,Moulin Rouge,Cast In A Motion Picture,2001,8th Annual,,FALSE
John Leguizamo,Moulin Rouge,Cast In A Motion Picture,2001,8th Annual,,FALSE
Nicole Kidman,Moulin Rouge,Cast In A Motion Picture,2001,8th Annual,,FALSE
Richard Roxburgh,Moulin Rouge,Cast In A Motion Picture,2001,8th Annual,,FALSE
,Everybody Loves Raymond,Ensemble In A Comedy Series,2001,8th Annual,,FALSE
Brad Garrett,Everybody Loves Raymond,Ensemble In A Comedy Series,2001,8th Annual,,FALSE
Doris Roberts,Everybody Loves Raymond,Ensemble In A Comedy Series,2001,8th Annual,,FALSE
Madylin Sweeten,Everybody Loves Raymond,Ensemble In A Comedy Series,2001,8th Annual,,FALSE
Patricia Heaton,Everybody Loves Raymond,Ensemble In A Comedy Series,2001,8th Annual,,FALSE
Peter Boyle,Everybody Loves Raymond,Ensemble In A Comedy Series,2001,8th Annual,,FALSE
Ray Romano,Everybody Loves Raymond,Ensemble In A Comedy Series,2001,8th Annual,,FALSE
,Frasier,Ensemble In A Comedy Series,2001,8th Annual,,FALSE
David Hyde Pierce,Frasier,Ensemble In A Comedy Series,2001,8th Annual,,FALSE
Jane Leeves,Frasier,Ensemble In A Comedy Series,2001,8th Annual,,FALSE
John Mahoney,Frasier,Ensemble In A Comedy Series,2001,8th Annual,,FALSE
Kelsey Grammer,Frasier,Ensemble In A Comedy Series,2001,8th Annual,,FALSE
Peri Gilpin,Frasier,Ensemble In A Comedy Series,2001,8th Annual,,FALSE
,Friends,Ensemble In A Comedy Series,2001,8th Annual,,FALSE
Courteney Cox,Friends,Ensemble In A Comedy Series,2001,8th Annual,,FALSE
David Schwimmer,Friends,Ensemble In A Comedy Series,2001,8th Annual,,FALSE
Jennifer Aniston,Friends,Ensemble In A Comedy Series,2001,8th Annual,,FALSE
Lisa Kudrow,Friends,Ensemble In A Comedy Series,2001,8th Annual,,FALSE
Matt Le Blanc,Friends,Ensemble In A Comedy Series,2001,8th Annual,,FALSE
Matthew Perry,Friends,Ensemble In A Comedy Series,2001,8th Annual,,FALSE
,Sex And The City,Ensemble In A Comedy Series,2001,8th Annual,,TRUE
Cynthia Nixon,Sex And The City,Ensemble In A Comedy Series,2001,8th Annual,,TRUE
Kim Cattrall,Sex And The City,Ensemble In A Comedy Series,2001,8th Annual,,TRUE
Kristin Davis,Sex And The City,Ensemble In A Comedy Series,2001,8th Annual,,TRUE
Sarah Jessica Parker,Sex And The City,Ensemble In A Comedy Series,2001,8th Annual,,TRUE
Debra Messing,Will & Grace,Ensemble In A Comedy Series,2001,8th Annual,,FALSE
Eric Mccormack,Will & Grace,Ensemble In A Comedy Series,2001,8th Annual,,FALSE
Megan Mullally,Will & Grace,Ensemble In A Comedy Series,2001,8th Annual,,FALSE
Sean Hayes,Will & Grace,Ensemble In A Comedy Series,2001,8th Annual,,FALSE
Shelley Morrison,Will & Grace,Ensemble In A Comedy Series,2001,8th Annual,,FALSE
,Will And Grace,Ensemble In A Comedy Series,2001,8th Annual,,FALSE
,Csi: Crime Scene Investigation,Ensemble In A Drama Series,2001,8th Annual,,FALSE
Eric Szmanda,Csi: Crime Scene Investigation,Ensemble In A Drama Series,2001,8th Annual,,FALSE
Gary Dourdan,Csi: Crime Scene Investigation,Ensemble In A Drama Series,2001,8th Annual,,FALSE
George Eads,Csi: Crime Scene Investigation,Ensemble In A Drama Series,2001,8th Annual,,FALSE
Jorja Fox,Csi: Crime Scene Investigation,Ensemble In A Drama Series,2001,8th Annual,,FALSE
Marg Helgenberger,Csi: Crime Scene Investigation,Ensemble In A Drama Series,2001,8th Annual,,FALSE
Paul Guilfoyle,Csi: Crime Scene Investigation,Ensemble In A Drama Series,2001,8th Annual,,FALSE
Robert David Hall,Csi: Crime Scene Investigation,Ensemble In A Drama Series,2001,8th Annual,,FALSE
William Petersen,Csi: Crime Scene Investigation,Ensemble In A Drama Series,2001,8th Annual,,FALSE
,Law & Order,Ensemble In A Drama Series,2001,8th Annual,,FALSE
Angie Harmon,Law & Order,Ensemble In A Drama Series,2001,8th Annual,,FALSE
Dianne Wiest,Law & Order,Ensemble In A Drama Series,2001,8th Annual,,FALSE
Elisabeth Röhm,Law & Order,Ensemble In A Drama Series,2001,8th Annual,,FALSE
Jerry Orbach,Law & Order,Ensemble In A Drama Series,2001,8th Annual,,FALSE
Jesse L. Martin,Law & Order,Ensemble In A Drama Series,2001,8th Annual,,FALSE
S. Epatha Merkerson,Law & Order,Ensemble In A Drama Series,2001,8th Annual,,FALSE
Sam Waterston,Law & Order,Ensemble In A Drama Series,2001,8th Annual,,FALSE
,Six Feet Under,Ensemble In A Drama Series,2001,8th Annual,,FALSE
Frances Conroy,Six Feet Under,Ensemble In A Drama Series,2001,8th Annual,,FALSE
Freddy Rodriguez,Six Feet Under,Ensemble In A Drama Series,2001,8th Annual,,FALSE
Jeremy Sisto,Six Feet Under,Ensemble In A Drama Series,2001,8th Annual,,FALSE
Lauren Ambrose,Six Feet Under,Ensemble In A Drama Series,2001,8th Annual,,FALSE
Mathew St. Patrick,Six Feet Under,Ensemble In A Drama Series,2001,8th Annual,,FALSE
Michael C. Hall,Six Feet Under,Ensemble In A Drama Series,2001,8th Annual,,FALSE
Peter Krause,Six Feet Under,Ensemble In A Drama Series,2001,8th Annual,,FALSE
Rachel Griffiths,Six Feet Under,Ensemble In A Drama Series,2001,8th Annual,,FALSE
Richard Jenkins,Six Feet Under,Ensemble In A Drama Series,2001,8th Annual,,FALSE
,The Sopranos,Ensemble In A Drama Series,2001,8th Annual,,FALSE
Aida Turturro,The Sopranos,Ensemble In A Drama Series,2001,8th Annual,,FALSE
Dominic Chianese,The Sopranos,Ensemble In A Drama Series,2001,8th Annual,,FALSE
Drea De Matteo,The Sopranos,Ensemble In A Drama Series,2001,8th Annual,,FALSE
Edie Falco,The Sopranos,Ensemble In A Drama Series,2001,8th Annual,,FALSE
Frederico Castelluccio,The Sopranos,Ensemble In A Drama Series,2001,8th Annual,,FALSE
James Gandolfini,The Sopranos,Ensemble In A Drama Series,2001,8th Annual,,FALSE
Jamie-Lynn Sigler,The Sopranos,Ensemble In A Drama Series,2001,8th Annual,,FALSE
Joe Pantoliano,The Sopranos,Ensemble In A Drama Series,2001,8th Annual,,FALSE
John Ventimiglia,The Sopranos,Ensemble In A Drama Series,2001,8th Annual,,FALSE
Lorraine Bracco,The Sopranos,Ensemble In A Drama Series,2001,8th Annual,,FALSE
Michael Imperioli,The Sopranos,Ensemble In A Drama Series,2001,8th Annual,,FALSE
Robert Iler,The Sopranos,Ensemble In A Drama Series,2001,8th Annual,,FALSE
Steven R. Schirripa,The Sopranos,Ensemble In A Drama Series,2001,8th Annual,,FALSE
Steven Van Zandt,The Sopranos,Ensemble In A Drama Series,2001,8th Annual,,FALSE
Tony Sirico,The Sopranos,Ensemble In A Drama Series,2001,8th Annual,,FALSE
,The West Wing,Ensemble In A Drama Series,2001,8th Annual,,TRUE
Allison Janney,The West Wing,Ensemble In A Drama Series,2001,8th Annual,,TRUE
Bradley Whitford,The West Wing,Ensemble In A Drama Series,2001,8th Annual,,TRUE
Dulé Hill,The West Wing,Ensemble In A Drama Series,2001,8th Annual,,TRUE
Janel Moloney,The West Wing,Ensemble In A Drama Series,2001,8th Annual,,TRUE
John Spencer,The West Wing,Ensemble In A Drama Series,2001,8th Annual,,TRUE
Martin Sheen,The West Wing,Ensemble In A Drama Series,2001,8th Annual,,TRUE
Richard Schiff,The West Wing,Ensemble In A Drama Series,2001,8th Annual,,TRUE
Rob Lowe,The West Wing,Ensemble In A Drama Series,2001,8th Annual,,TRUE
Stockard Channing,The West Wing,Ensemble In A Drama Series,2001,8th Annual,,TRUE
Patricia Heaton,Everybody Loves Raymond,Female In A Comedy Series,2001,8th Annual,,FALSE
Jennifer Aniston,Friends,Female In A Comedy Series,2001,8th Annual,,FALSE
Kim Cattrall,Sex And The City,Female In A Comedy Series,2001,8th Annual,,FALSE
Sarah Jessica Parker,Sex And The City,Female In A Comedy Series,2001,8th Annual,,FALSE
Megan Mullally,Will & Grace,Female In A Comedy Series,2001,8th Annual,,TRUE
Lauren Graham,Gilmore Girls,Female In A Drama Series,2001,8th Annual,,FALSE
Tyne Daly,Judging Amy,Female In A Drama Series,2001,8th Annual,,FALSE
Edie Falco,The Sopranos,Female In A Drama Series,2001,8th Annual,,FALSE
Lorraine Bracco,The Sopranos,Female In A Drama Series,2001,8th Annual,,FALSE
Allison Janney,The West Wing,Female In A Drama Series,2001,8th Annual,,TRUE
Stockard Channing,The West Wing,Female In A Drama Series,2001,8th Annual,,FALSE
Jennifer Connelly,A Beautiful Mind,Female Lead In A Motion Picture,2001,8th Annual,Actress in a Leading Role,FALSE
Reneé Zellweger,Bridget Jones's Diary,Female Lead In A Motion Picture,2001,8th Annual,Actress in a Leading Role,FALSE
Sissy Spacek,In The Bedroom,Female Lead In A Motion Picture,2001,8th Annual,Actress in a Leading Role,FALSE
Judi Dench,Iris,Female Lead In A Motion Picture,2001,8th Annual,Actress in a Leading Role,FALSE
Halle Berry,Monster's Ball,Female Lead In A Motion Picture,2001,8th Annual,Actress in a Leading Role,TRUE
Cate Blanchett,Bandits,Female Support In A Motion Picture,2001,8th Annual,Actress in a Supporting Role,FALSE
Helen Mirren,Gosford Park,Female Support In A Motion Picture,2001,8th Annual,Actress in a Supporting Role,TRUE
Dakota Fanning,I Am Sam,Female Support In A Motion Picture,2001,8th Annual,Actress in a Supporting Role,FALSE
Judi Dench,The Shipping News,Female Support In A Motion Picture,2001,8th Annual,Actress in a Supporting Role,FALSE
Cameron Diaz,Vanilla Sky,Female Support In A Motion Picture,2001,8th Annual,Actress in a Supporting Role,FALSE
Judy Davis,Life With Judy Garland:me And My Shadows,Female In A Television Movie Or Limited Series,2001,8th Annual,,TRUE
Sissy Spacek,Midwives,Female In A Television Movie Or Limited Series,2001,8th Annual,,FALSE
Angela Bassett,Ruby's Bucket Of Blood,Female In A Television Movie Or Limited Series,2001,8th Annual,,FALSE
Anjelica Huston,The Mists Of Avalon,Female In A Television Movie Or Limited Series,2001,8th Annual,,FALSE
Emma Thompson,Wit,Female In A Television Movie Or Limited Series,2001,8th Annual,,FALSE
Edward Asner,N/A,Life Achievement,2001,8th Annual,,TRUE
Peter Boyle,Everybody Loves Raymond,Male In A Comedy Series,2001,8th Annual,,FALSE
Ray Romano,Everybody Loves Raymond,Male In A Comedy Series,2001,8th Annual,,FALSE
David Hyde Pierce,Frasier,Male In A Comedy Series,2001,8th Annual,,FALSE
Kelsey Grammer,Frasier,Male In A Comedy Series,2001,8th Annual,,FALSE
Sean Hayes,Will & Grace,Male In A Comedy Series,2001,8th Annual,,TRUE
Dennis Franz,Nypd Blue,Male In A Drama Series,2001,8th Annual,,FALSE
Peter Krause,Six Feet Under,Male In A Drama Series,2001,8th Annual,,FALSE
Richard Dreyfuss,The Education Of Max Bickford,Male In A Drama Series,2001,8th Annual,,FALSE
James Gandolfini,The Sopranos,Male In A Drama Series,2001,8th Annual,,FALSE
Martin Sheen,The West Wing,Male In A Drama Series,2001,8th Annual,,TRUE
Russell Crowe,A Beautiful Mind,Male Lead In A Motion Picture,2001,8th Annual,Actor in a Leading Role,TRUE
Sean Penn,I Am Sam,Male Lead In A Motion Picture,2001,8th Annual,Actor in a Leading Role,FALSE
Tom Wilkinson,In The Bedroom,Male Lead In A Motion Picture,2001,8th Annual,Actor in a Leading Role,FALSE
Kevin Kline,Life As A House,Male Lead In A Motion Picture,2001,8th Annual,Actor in a Leading Role,FALSE
Denzel Washington,Training Day,Male Lead In A Motion Picture,2001,8th Annual,Actor in a Leading Role,FALSE
Jim Broadbent,Iris,Male Support In A Motion Picture,2001,8th Annual,Actor in a Supporting Role,FALSE
Hayden Christensen,Life As A House,Male Support In A Motion Picture,2001,8th Annual,Actor in a Supporting Role,FALSE
Ian Mckellen,Lord Of The Rings: The Fellowship Of The Ring,Male Support In A Motion Picture,2001,8th Annual,Actor in a Supporting Role,TRUE
Ben Kingsley,Sexy Beast,Male Support In A Motion Picture,2001,8th Annual,Actor in a Supporting Role,FALSE
Ethan Hawke,Training Day,Male Support In A Motion Picture,2001,8th Annual,Actor in a Supporting Role,FALSE
Ben Kingsley,Anne Frank,Male In A Television Movie Or Limited Series,2001,8th Annual,,TRUE
Gregory Hines,Bojangles,Male In A Television Movie Or Limited Series,2001,8th Annual,,FALSE
Alan Alda,Club Land,Male In A Television Movie Or Limited Series,2001,8th Annual,,FALSE
James Franco,James Dean,Male In A Television Movie Or Limited Series,2001,8th Annual,,FALSE
Richard Dreyfuss,The Day Reagan Was Shot,Male In A Television Movie Or Limited Series,2001,8th Annual,,FALSE
Anna Paquin,Almost Famous,Cast In A Motion Picture,2000,7th Annual,,FALSE
Billy Crudup,Almost Famous,Cast In A Motion Picture,2000,7th Annual,,FALSE
Fairuza Balk,Almost Famous,Cast In A Motion Picture,2000,7th Annual,,FALSE
Frances Mcdormand,Almost Famous,Cast In A Motion Picture,2000,7th Annual,,FALSE
Jason Lee,Almost Famous,Cast In A Motion Picture,2000,7th Annual,,FALSE
Kate Hudson,Almost Famous,Cast In A Motion Picture,2000,7th Annual,,FALSE
Noah Taylor,Almost Famous,Cast In A Motion Picture,2000,7th Annual,,FALSE
Patrick Fugit,Almost Famous,Cast In A Motion Picture,2000,7th Annual,,FALSE
Philip Seymour Hoffman,Almost Famous,Cast In A Motion Picture,2000,7th Annual,,FALSE
Gary Lewis,Billy Elliot,Cast In A Motion Picture,2000,7th Annual,,FALSE
Jamie Bell,Billy Elliot,Cast In A Motion Picture,2000,7th Annual,,FALSE
Jamie Draven,Billy Elliot,Cast In A Motion Picture,2000,7th Annual,,FALSE
Julie Walters,Billy Elliot,Cast In A Motion Picture,2000,7th Annual,,FALSE
Alfred Molina,Chocolat,Cast In A Motion Picture,2000,7th Annual,,FALSE
Carrie-Ann Moss,Chocolat,Cast In A Motion Picture,2000,7th Annual,,FALSE
Hugh O'conor,Chocolat,Cast In A Motion Picture,2000,7th Annual,,FALSE
John Wood,Chocolat,Cast In A Motion Picture,2000,7th Annual,,FALSE
Johnny Depp,Chocolat,Cast In A Motion Picture,2000,7th Annual,,FALSE
Judi Dench,Chocolat,Cast In A Motion Picture,2000,7th Annual,,FALSE
Juliette Binoche,Chocolat,Cast In A Motion Picture,2000,7th Annual,,FALSE
Lena Olin,Chocolat,Cast In A Motion Picture,2000,7th Annual,,FALSE
Leslie Caron,Chocolat,Cast In A Motion Picture,2000,7th Annual,,FALSE
Peter Stormare,Chocolat,Cast In A Motion Picture,2000,7th Annual,,FALSE
Connie Nielsen,Gladiator,Cast In A Motion Picture,2000,7th Annual,,FALSE
Derek Jacobi,Gladiator,Cast In A Motion Picture,2000,7th Annual,,FALSE
Djimon Hounsou,Gladiator,Cast In A Motion Picture,2000,7th Annual,,FALSE
Joaquin Phoenix,Gladiator,Cast In A Motion Picture,2000,7th Annual,,FALSE
Oliver Reed,Gladiator,Cast In A Motion Picture,2000,7th Annual,,FALSE
Richard Harris,Gladiator,Cast In A Motion Picture,2000,7th Annual,,FALSE
Russell Crowe,Gladiator,Cast In A Motion Picture,2000,7th Annual,,FALSE
Albert Finney,Traffic,Cast In A Motion Picture,2000,7th Annual,,TRUE
Amy Irving,Traffic,Cast In A Motion Picture,2000,7th Annual,,TRUE
Benicio Del Toro,Traffic,Cast In A Motion Picture,2000,7th Annual,,TRUE
Benjamin Bratt,Traffic,Cast In A Motion Picture,2000,7th Annual,,TRUE
Catherine Zeta-Jones,Traffic,Cast In A Motion Picture,2000,7th Annual,,TRUE
"Clifton Collins, Jr",Traffic,Cast In A Motion Picture,2000,7th Annual,,TRUE
D.w. Moffett,Traffic,Cast In A Motion Picture,2000,7th Annual,,TRUE
Dennis Quaid,Traffic,Cast In A Motion Picture,2000,7th Annual,,TRUE
Don Cheadle,Traffic,Cast In A Motion Picture,2000,7th Annual,,TRUE
Erika Christensen,Traffic,Cast In A Motion Picture,2000,7th Annual,,TRUE
Jacob Vargas,Traffic,Cast In A Motion Picture,2000,7th Annual,,TRUE
James Brolin,Traffic,Cast In A Motion Picture,2000,7th Annual,,TRUE
Luis Guzman,Traffic,Cast In A Motion Picture,2000,7th Annual,,TRUE
Michael Douglas,Traffic,Cast In A Motion Picture,2000,7th Annual,,TRUE
Miguel Ferrer,Traffic,Cast In A Motion Picture,2000,7th Annual,,TRUE
Peter Riegert,Traffic,Cast In A Motion Picture,2000,7th Annual,,TRUE
Steven Bauer,Traffic,Cast In A Motion Picture,2000,7th Annual,,TRUE
Tomas Milian,Traffic,Cast In A Motion Picture,2000,7th Annual,,TRUE
Topher Grace,Traffic,Cast In A Motion Picture,2000,7th Annual,,TRUE
,Ally Mcbeal,Ensemble In A Comedy Series,2000,7th Annual,,FALSE
Calista Flockhart,Ally Mcbeal,Ensemble In A Comedy Series,2000,7th Annual,,FALSE
Greg Germann,Ally Mcbeal,Ensemble In A Comedy Series,2000,7th Annual,,FALSE
James Legros,Ally Mcbeal,Ensemble In A Comedy Series,2000,7th Annual,,FALSE
Jane Krakowski,Ally Mcbeal,Ensemble In A Comedy Series,2000,7th Annual,,FALSE
Lisa Nicole Carson,Ally Mcbeal,Ensemble In A Comedy Series,2000,7th Annual,,FALSE
Lucy Liu,Ally Mcbeal,Ensemble In A Comedy Series,2000,7th Annual,,FALSE
Peter Macnicol,Ally Mcbeal,Ensemble In A Comedy Series,2000,7th Annual,,FALSE
Portia De Rossi,Ally Mcbeal,Ensemble In A Comedy Series,2000,7th Annual,,FALSE
"Robert Downey, Jr.",Ally Mcbeal,Ensemble In A Comedy Series,2000,7th Annual,,FALSE
Vonda Shepard,Ally Mcbeal,Ensemble In A Comedy Series,2000,7th Annual,,FALSE
,Frasier,Ensemble In A Comedy Series,2000,7th Annual,,FALSE
David Hyde Pierce,Frasier,Ensemble In A Comedy Series,2000,7th Annual,,FALSE
Jane Leeves,Frasier,Ensemble In A Comedy Series,2000,7th Annual,,FALSE
John Mahoney,Frasier,Ensemble In A Comedy Series,2000,7th Annual,,FALSE
Kelsey Grammer,Frasier,Ensemble In A Comedy Series,2000,7th Annual,,FALSE
Peri Gilpin,Frasier,Ensemble In A Comedy Series,2000,7th Annual,,FALSE
,Friends,Ensemble In A Comedy Series,2000,7th Annual,,FALSE
Courteney Cox,Friends,Ensemble In A Comedy Series,2000,7th Annual,,FALSE
David Schwimmer,Friends,Ensemble In A Comedy Series,2000,7th Annual,,FALSE
Jennifer Aniston,Friends,Ensemble In A Comedy Series,2000,7th Annual,,FALSE
Lisa Kudrow,Friends,Ensemble In A Comedy Series,2000,7th Annual,,FALSE
Matt Le Blanc,Friends,Ensemble In A Comedy Series,2000,7th Annual,,FALSE
Matthew Perry,Friends,Ensemble In A Comedy Series,2000,7th Annual,,FALSE
,Sex And The City,Ensemble In A Comedy Series,2000,7th Annual,,FALSE
Cynthia Nixon,Sex And The City,Ensemble In A Comedy Series,2000,7th Annual,,FALSE
Kim Cattrall,Sex And The City,Ensemble In A Comedy Series,2000,7th Annual,,FALSE
Kristin Davis,Sex And The City,Ensemble In A Comedy Series,2000,7th Annual,,FALSE
Sarah Jessica Parker,Sex And The City,Ensemble In A Comedy Series,2000,7th Annual,,FALSE
,Will & Grace,Ensemble In A Comedy Series,2000,7th Annual,,TRUE
Debra Messing,Will & Grace,Ensemble In A Comedy Series,2000,7th Annual,,TRUE
Eric Mccormack,Will & Grace,Ensemble In A Comedy Series,2000,7th Annual,,TRUE
Megan Mullally,Will & Grace,Ensemble In A Comedy Series,2000,7th Annual,,TRUE
Sean Hayes,Will & Grace,Ensemble In A Comedy Series,2000,7th Annual,,TRUE
,Er,Ensemble In A Drama Series,2000,7th Annual,,FALSE
Alex Kingston,Er,Ensemble In A Drama Series,2000,7th Annual,,FALSE
Anthony Edwards,Er,Ensemble In A Drama Series,2000,7th Annual,,FALSE
Erik Palladino,Er,Ensemble In A Drama Series,2000,7th Annual,,FALSE
Eriq La Salle,Er,Ensemble In A Drama Series,2000,7th Annual,,FALSE
Goran Visnjic,Er,Ensemble In A Drama Series,2000,7th Annual,,FALSE
Julianna Margulies,Er,Ensemble In A Drama Series,2000,7th Annual,,FALSE
Kellie Martin,Er,Ensemble In A Drama Series,2000,7th Annual,,FALSE
Laura Innes,Er,Ensemble In A Drama Series,2000,7th Annual,,FALSE
Maura Tierney,Er,Ensemble In A Drama Series,2000,7th Annual,,FALSE
Michael Michele,Er,Ensemble In A Drama Series,2000,7th Annual,,FALSE
Ming-Na Wen,Er,Ensemble In A Drama Series,2000,7th Annual,,FALSE
Noah Wyle,Er,Ensemble In A Drama Series,2000,7th Annual,,FALSE
Paul Mccrane,Er,Ensemble In A Drama Series,2000,7th Annual,,FALSE
,Law & Order,Ensemble In A Drama Series,2000,7th Annual,,FALSE
Angie Harmon,Law & Order,Ensemble In A Drama Series,2000,7th Annual,,FALSE
Dianne Wiest,Law & Order,Ensemble In A Drama Series,2000,7th Annual,,FALSE
Jerry Orbach,Law & Order,Ensemble In A Drama Series,2000,7th Annual,,FALSE
Jesse L. Martin,Law & Order,Ensemble In A Drama Series,2000,7th Annual,,FALSE
S. Epatha Merkerson,Law & Order,Ensemble In A Drama Series,2000,7th Annual,,FALSE
Sam Waterston,Law & Order,Ensemble In A Drama Series,2000,7th Annual,,FALSE
Steven Hill,Law & Order,Ensemble In A Drama Series,2000,7th Annual,,FALSE
,The Practice,Ensemble In A Drama Series,2000,7th Annual,,FALSE
Camryn Manheim,The Practice,Ensemble In A Drama Series,2000,7th Annual,,FALSE
Dylan Mcdermott,The Practice,Ensemble In A Drama Series,2000,7th Annual,,FALSE
Jason Kravits,The Practice,Ensemble In A Drama Series,2000,7th Annual,,FALSE
Kelli Williams,The Practice,Ensemble In A Drama Series,2000,7th Annual,,FALSE
Lara Flynn Boyle,The Practice,Ensemble In A Drama Series,2000,7th Annual,,FALSE
Lisa Gay Hamilton,The Practice,Ensemble In A Drama Series,2000,7th Annual,,FALSE
Marla Sokoloff,The Practice,Ensemble In A Drama Series,2000,7th Annual,,FALSE
Michael Badalucco,The Practice,Ensemble In A Drama Series,2000,7th Annual,,FALSE
Steve Harris,The Practice,Ensemble In A Drama Series,2000,7th Annual,,FALSE
,The Sopranos,Ensemble In A Drama Series,2000,7th Annual,,FALSE
Aida Turturro,The Sopranos,Ensemble In A Drama Series,2000,7th Annual,,FALSE
Dominic Chianese,The Sopranos,Ensemble In A Drama Series,2000,7th Annual,,FALSE
Drea De Matteo,The Sopranos,Ensemble In A Drama Series,2000,7th Annual,,FALSE
Edie Falco,The Sopranos,Ensemble In A Drama Series,2000,7th Annual,,FALSE
James Gandolfini,The Sopranos,Ensemble In A Drama Series,2000,7th Annual,,FALSE
Jamie-Lynn Sigler,The Sopranos,Ensemble In A Drama Series,2000,7th Annual,,FALSE
Lorraine Bracco,The Sopranos,Ensemble In A Drama Series,2000,7th Annual,,FALSE
Michael Imperioli,The Sopranos,Ensemble In A Drama Series,2000,7th Annual,,FALSE
Nancy Marchand,The Sopranos,Ensemble In A Drama Series,2000,7th Annual,,FALSE
Robert Iler,The Sopranos,Ensemble In A Drama Series,2000,7th Annual,,FALSE
Steven Van Zandt,The Sopranos,Ensemble In A Drama Series,2000,7th Annual,,FALSE
Tony Sirico,The Sopranos,Ensemble In A Drama Series,2000,7th Annual,,FALSE
Vincent Pastore,The Sopranos,Ensemble In A Drama Series,2000,7th Annual,,FALSE
,The West Wing,Ensemble In A Drama Series,2000,7th Annual,,TRUE
Allison Janney,The West Wing,Ensemble In A Drama Series,2000,7th Annual,,TRUE
Bradley Whitford,The West Wing,Ensemble In A Drama Series,2000,7th Annual,,TRUE
Dule Hill,The West Wing,Ensemble In A Drama Series,2000,7th Annual,,TRUE
Janel Moloney,The West Wing,Ensemble In A Drama Series,2000,7th Annual,,TRUE
John Spencer,The West Wing,Ensemble In A Drama Series,2000,7th Annual,,TRUE
Martin Sheen,The West Wing,Ensemble In A Drama Series,2000,7th Annual,,TRUE
Moira Kelly,The West Wing,Ensemble In A Drama Series,2000,7th Annual,,TRUE
Richard Schiff,The West Wing,Ensemble In A Drama Series,2000,7th Annual,,TRUE
Rob Lowe,The West Wing,Ensemble In A Drama Series,2000,7th Annual,,TRUE
Calista Flockhart,Ally Mcbeal,Female In A Comedy Series,2000,7th Annual,,FALSE
Jane Kaczmareck,Malcolm In The Middle,Female In A Comedy Series,2000,7th Annual,,FALSE
Sarah Jessica Parker,Sex And The City,Female In A Comedy Series,2000,7th Annual,,TRUE
Debra Messing,Will & Grace,Female In A Comedy Series,2000,7th Annual,,FALSE
Megan Mullally,Will & Grace,Female In A Comedy Series,2000,7th Annual,,FALSE
Sally Field,Er,Female In A Drama Series,2000,7th Annual,,FALSE
Lauren Graham,Gilmore Girls,Female In A Drama Series,2000,7th Annual,,FALSE
Sela Ward,Once And Again,Female In A Drama Series,2000,7th Annual,,FALSE
Edie Falco,The Sopranos,Female In A Drama Series,2000,7th Annual,,FALSE
Allison Janney,The West Wing,Female In A Drama Series,2000,7th Annual,,TRUE
Gillian Anderson,The X-Files,Female In A Drama Series,2000,7th Annual,,FALSE
Juliette Binoche,Chocolat,Female Lead In A Motion Picture,2000,7th Annual,Actress in a Leading Role,FALSE
Julia Roberts,Erin Brockovich,Female Lead In A Motion Picture,2000,7th Annual,Actress in a Leading Role,TRUE
Ellen Burstyn,Requiem For A Dream,Female Lead In A Motion Picture,2000,7th Annual,Actress in a Leading Role,FALSE
Joan Allen,The Contender,Female Lead In A Motion Picture,2000,7th Annual,Actress in a Leading Role,FALSE
Laura Linney,You Can Count On Me,Female Lead In A Motion Picture,2000,7th Annual,Actress in a Leading Role,FALSE
Frances Mcdormand,Almost Famous,Female Support In A Motion Picture,2000,7th Annual,Actress in a Supporting Role,FALSE
Kate Hudson,Almost Famous,Female Support In A Motion Picture,2000,7th Annual,Actress in a Supporting Role,FALSE
Julie Walters,Billy Elliot,Female Support In A Motion Picture,2000,7th Annual,Actress in a Supporting Role,FALSE
Judi Dench,Chocolat,Female Support In A Motion Picture,2000,7th Annual,Actress in a Supporting Role,TRUE
Kate Winslet,Quills,Female Support In A Motion Picture,2000,7th Annual,Actress in a Supporting Role,FALSE
Elizabeth Franz,Arthur Miller's Death Of A Salesman,Female In A Television Movie Or Limited Series,2000,7th Annual,,FALSE
Sally Field,David Copperfield,Female In A Television Movie Or Limited Series,2000,7th Annual,,FALSE
Vanessa Redgrave,If These Walls Could Talk 2,Female In A Television Movie Or Limited Series,2000,7th Annual,,TRUE
Judi Dench,The Last Of The Blonde Bombshells,Female In A Television Movie Or Limited Series,2000,7th Annual,,FALSE
Stockard Channing,The Truth About Jane,Female In A Television Movie Or Limited Series,2000,7th Annual,,FALSE
Ruby Dee,N/A,Life Achievement,2000,7th Annual,,TRUE
Peter Macnicol,Ally Mcbeal,Male In A Comedy Series,2000,7th Annual,,FALSE
"Robert Downey, Jr.",Ally Mcbeal,Male In A Comedy Series,2000,7th Annual,,TRUE
David Hyde Pierce,Frasier,Male In A Comedy Series,2000,7th Annual,,FALSE
Kelsey Grammer,Frasier,Male In A Comedy Series,2000,7th Annual,,FALSE
Sean Hayes,Will & Grace,Male In A Comedy Series,2000,7th Annual,,FALSE
Anthony Edwards,Er,Male In A Drama Series,2000,7th Annual,,FALSE
Dennis Franz,Nypd Blue,Male In A Drama Series,2000,7th Annual,,FALSE
Tim Daly,The Fugitive,Male In A Drama Series,2000,7th Annual,,FALSE
James Gandolfini,The Sopranos,Male In A Drama Series,2000,7th Annual,,FALSE
Martin Sheen,The West Wing,Male In A Drama Series,2000,7th Annual,,TRUE
Jamie Bell,Billy Elliot,Male Lead In A Motion Picture,2000,7th Annual,Actor in a Leading Role,FALSE
Tom Hanks,Cast Away,Male Lead In A Motion Picture,2000,7th Annual,Actor in a Leading Role,FALSE
Russell Crowe,Gladiator,Male Lead In A Motion Picture,2000,7th Annual,Actor in a Leading Role,FALSE
Geoffrey Rush,Quills,Male Lead In A Motion Picture,2000,7th Annual,Actor in a Leading Role,FALSE
Benicio Del Toro,Traffic,Male Lead In A Motion Picture,2000,7th Annual,Actor in a Leading Role,TRUE
Albert Finney,Erin Brockovich,Male Support In A Motion Picture,2000,7th Annual,Actor in a Supporting Role,TRUE
Joaquin Phoenix,Gladiator,Male Support In A Motion Picture,2000,7th Annual,Actor in a Supporting Role,FALSE
Willem Dafoe,Shadow Of The Vampire,Male Support In A Motion Picture,2000,7th Annual,Actor in a Supporting Role,FALSE
Gary Oldman,The Contender,Male Support In A Motion Picture,2000,7th Annual,Actor in a Supporting Role,FALSE
Jeff Bridges,The Contender,Male Support In A Motion Picture,2000,7th Annual,Actor in a Supporting Role,FALSE
Brian Dennehy,Arthur Miller's Death Of A Salesman,Male In A Television Movie Or Limited Series,2000,7th Annual,,TRUE
James Woods,Dirty Pictures,Male In A Television Movie Or Limited Series,2000,7th Annual,,FALSE
John Lithgow,Don Quixote,Male In A Television Movie Or Limited Series,2000,7th Annual,,FALSE
Danny Glover,Freedom Song,Male In A Television Movie Or Limited Series,2000,7th Annual,,FALSE
Alec Baldwin,Nuremberg,Male In A Television Movie Or Limited Series,2000,7th Annual,,FALSE
Brian Cox,Nuremberg,Male In A Television Movie Or Limited Series,2000,7th Annual,,FALSE
Allison Janney,American Beauty,Cast In A Motion Picture,1999,6th Annual,,TRUE
Annette Bening,American Beauty,Cast In A Motion Picture,1999,6th Annual,,TRUE
Chris Cooper,American Beauty,Cast In A Motion Picture,1999,6th Annual,,TRUE
Kevin Spacey,American Beauty,Cast In A Motion Picture,1999,6th Annual,,TRUE
Mena Suvari,American Beauty,Cast In A Motion Picture,1999,6th Annual,,TRUE
Peter Gallagher,American Beauty,Cast In A Motion Picture,1999,6th Annual,,TRUE
Thora Birch,American Beauty,Cast In A Motion Picture,1999,6th Annual,,TRUE
Wes Bentley,American Beauty,Cast In A Motion Picture,1999,6th Annual,,TRUE
Cameron Diaz,Being John Malkovich,Cast In A Motion Picture,1999,6th Annual,,FALSE
Catherine Keener,Being John Malkovich,Cast In A Motion Picture,1999,6th Annual,,FALSE
Charlie Sheen,Being John Malkovich,Cast In A Motion Picture,1999,6th Annual,,FALSE
John Cusack,Being John Malkovich,Cast In A Motion Picture,1999,6th Annual,,FALSE
John Malkovich,Being John Malkovich,Cast In A Motion Picture,1999,6th Annual,,FALSE
Mary Kay Place,Being John Malkovich,Cast In A Motion Picture,1999,6th Annual,,FALSE
Orson Bean,Being John Malkovich,Cast In A Motion Picture,1999,6th Annual,,FALSE
Alfred Molina,Magnolia,Cast In A Motion Picture,1999,6th Annual,,FALSE
April Grace,Magnolia,Cast In A Motion Picture,1999,6th Annual,,FALSE
Jason Robards,Magnolia,Cast In A Motion Picture,1999,6th Annual,,FALSE
Jeremy Blackman,Magnolia,Cast In A Motion Picture,1999,6th Annual,,FALSE
John C. Reilly,Magnolia,Cast In A Motion Picture,1999,6th Annual,,FALSE
Julianne Moore,Magnolia,Cast In A Motion Picture,1999,6th Annual,,FALSE
Luis Guzmán,Magnolia,Cast In A Motion Picture,1999,6th Annual,,FALSE
Melinda Dillon,Magnolia,Cast In A Motion Picture,1999,6th Annual,,FALSE
Melora Walters,Magnolia,Cast In A Motion Picture,1999,6th Annual,,FALSE
Michael Murphy,Magnolia,Cast In A Motion Picture,1999,6th Annual,,FALSE
Philip Baker Hall,Magnolia,Cast In A Motion Picture,1999,6th Annual,,FALSE
Philip Seymour Hoffman,Magnolia,Cast In A Motion Picture,1999,6th Annual,,FALSE
Ricky Jay,Magnolia,Cast In A Motion Picture,1999,6th Annual,,FALSE
Tom Cruise,Magnolia,Cast In A Motion Picture,1999,6th Annual,,FALSE
William H. Macy,Magnolia,Cast In A Motion Picture,1999,6th Annual,,FALSE
Charlize Theron,The Cider House Rules,Cast In A Motion Picture,1999,6th Annual,,FALSE
Delroy Lindo,The Cider House Rules,Cast In A Motion Picture,1999,6th Annual,,FALSE
Erykah Badu,The Cider House Rules,Cast In A Motion Picture,1999,6th Annual,,FALSE
Jane Alexander,The Cider House Rules,Cast In A Motion Picture,1999,6th Annual,,FALSE
Kate Nelligan,The Cider House Rules,Cast In A Motion Picture,1999,6th Annual,,FALSE
Kathy Baker,The Cider House Rules,Cast In A Motion Picture,1999,6th Annual,,FALSE
Kieran Culkin,The Cider House Rules,Cast In A Motion Picture,1999,6th Annual,,FALSE
Michael Caine,The Cider House Rules,Cast In A Motion Picture,1999,6th Annual,,FALSE
Paul Rudd,The Cider House Rules,Cast In A Motion Picture,1999,6th Annual,,FALSE
Tobey Maguire,The Cider House Rules,Cast In A Motion Picture,1999,6th Annual,,FALSE
Patricia Clarkson,The Green Mile,Cast In A Motion Picture,1999,6th Annual,,FALSE
Barry Pepper,The Green Mile,Cast In A Motion Picture,1999,6th Annual,,FALSE
Bonnie Hunt,The Green Mile,Cast In A Motion Picture,1999,6th Annual,,FALSE
David Morse,The Green Mile,Cast In A Motion Picture,1999,6th Annual,,FALSE
Doug Hutchison,The Green Mile,Cast In A Motion Picture,1999,6th Annual,,FALSE
Graham Greene,The Green Mile,Cast In A Motion Picture,1999,6th Annual,,FALSE
Harry Dean Stanton,The Green Mile,Cast In A Motion Picture,1999,6th Annual,,FALSE
James Cromwell,The Green Mile,Cast In A Motion Picture,1999,6th Annual,,FALSE
Jeffrey Demunn,The Green Mile,Cast In A Motion Picture,1999,6th Annual,,FALSE
Michael Clarke Duncan,The Green Mile,Cast In A Motion Picture,1999,6th Annual,,FALSE
Michael Jeter,The Green Mile,Cast In A Motion Picture,1999,6th Annual,,FALSE
Sam Rockwell,The Green Mile,Cast In A Motion Picture,1999,6th Annual,,FALSE
Tom Hanks,The Green Mile,Cast In A Motion Picture,1999,6th Annual,,FALSE
,Ally Mcbeal,Ensemble In A Comedy Series,1999,6th Annual,,FALSE
Calista Flockhart,Ally Mcbeal,Ensemble In A Comedy Series,1999,6th Annual,,FALSE
Courtney Thorne-Smith,Ally Mcbeal,Ensemble In A Comedy Series,1999,6th Annual,,FALSE
Gil Bellows,Ally Mcbeal,Ensemble In A Comedy Series,1999,6th Annual,,FALSE
Greg Germann,Ally Mcbeal,Ensemble In A Comedy Series,1999,6th Annual,,FALSE
Jane Krakowski,Ally Mcbeal,Ensemble In A Comedy Series,1999,6th Annual,,FALSE
Lisa Nicole Carson,Ally Mcbeal,Ensemble In A Comedy Series,1999,6th Annual,,FALSE
Lucy Liu,Ally Mcbeal,Ensemble In A Comedy Series,1999,6th Annual,,FALSE
Peter Macnicol,Ally Mcbeal,Ensemble In A Comedy Series,1999,6th Annual,,FALSE
Portia De Rossi,Ally Mcbeal,Ensemble In A Comedy Series,1999,6th Annual,,FALSE
Vonda Shepard,Ally Mcbeal,Ensemble In A Comedy Series,1999,6th Annual,,FALSE
,Everybody Loves Raymond,Ensemble In A Comedy Series,1999,6th Annual,,FALSE
Brad Garrett,Everybody Loves Raymond,Ensemble In A Comedy Series,1999,6th Annual,,FALSE
Doris Roberts,Everybody Loves Raymond,Ensemble In A Comedy Series,1999,6th Annual,,FALSE
Madylin Sweeten,Everybody Loves Raymond,Ensemble In A Comedy Series,1999,6th Annual,,FALSE
Patricia Heaton,Everybody Loves Raymond,Ensemble In A Comedy Series,1999,6th Annual,,FALSE
Peter Boyle,Everybody Loves Raymond,Ensemble In A Comedy Series,1999,6th Annual,,FALSE
Ray Romano,Everybody Loves Raymond,Ensemble In A Comedy Series,1999,6th Annual,,FALSE
,Frasier,Ensemble In A Comedy Series,1999,6th Annual,,TRUE
David Hyde Pierce,Frasier,Ensemble In A Comedy Series,1999,6th Annual,,TRUE
Jane Leeves,Frasier,Ensemble In A Comedy Series,1999,6th Annual,,TRUE
John Mahoney,Frasier,Ensemble In A Comedy Series,1999,6th Annual,,TRUE
Kelsey Grammer,Frasier,Ensemble In A Comedy Series,1999,6th Annual,,TRUE
Peri Gilpin,Frasier,Ensemble In A Comedy Series,1999,6th Annual,,TRUE
,Friends,Ensemble In A Comedy Series,1999,6th Annual,,FALSE
Courteney Cox,Friends,Ensemble In A Comedy Series,1999,6th Annual,,FALSE
David Schwimmer,Friends,Ensemble In A Comedy Series,1999,6th Annual,,FALSE
Jennifer Aniston,Friends,Ensemble In A Comedy Series,1999,6th Annual,,FALSE
Lisa Kudrow,Friends,Ensemble In A Comedy Series,1999,6th Annual,,FALSE
Matt Le Blanc,Friends,Ensemble In A Comedy Series,1999,6th Annual,,FALSE
Matthew Perry,Friends,Ensemble In A Comedy Series,1999,6th Annual,,FALSE
,Sports Night,Ensemble In A Comedy Series,1999,6th Annual,,FALSE
Felicity Huffman,Sports Night,Ensemble In A Comedy Series,1999,6th Annual,,FALSE
Josh Charles,Sports Night,Ensemble In A Comedy Series,1999,6th Annual,,FALSE
Joshua Malina,Sports Night,Ensemble In A Comedy Series,1999,6th Annual,,FALSE
Peter Krause,Sports Night,Ensemble In A Comedy Series,1999,6th Annual,,FALSE
Robert Guillaume,Sports Night,Ensemble In A Comedy Series,1999,6th Annual,,FALSE
Sabrina Lloyd,Sports Night,Ensemble In A Comedy Series,1999,6th Annual,,FALSE
,Er,Ensemble In A Drama Series,1999,6th Annual,,FALSE
Alex Kingston,Er,Ensemble In A Drama Series,1999,6th Annual,,FALSE
Anthony Edwards,Er,Ensemble In A Drama Series,1999,6th Annual,,FALSE
Erik Palladino,Er,Ensemble In A Drama Series,1999,6th Annual,,FALSE
Eriq La Salle,Er,Ensemble In A Drama Series,1999,6th Annual,,FALSE
Gloria Reuben,Er,Ensemble In A Drama Series,1999,6th Annual,,FALSE
Goran Visnjic,Er,Ensemble In A Drama Series,1999,6th Annual,,FALSE
Julianna Margulies,Er,Ensemble In A Drama Series,1999,6th Annual,,FALSE
Kellie Martin,Er,Ensemble In A Drama Series,1999,6th Annual,,FALSE
Laura Innes,Er,Ensemble In A Drama Series,1999,6th Annual,,FALSE
Michael Michele,Er,Ensemble In A Drama Series,1999,6th Annual,,FALSE
Noah Wyle,Er,Ensemble In A Drama Series,1999,6th Annual,,FALSE
Paul Mccrane,Er,Ensemble In A Drama Series,1999,6th Annual,,FALSE
,Law & Order,Ensemble In A Drama Series,1999,6th Annual,,FALSE
Angie Harmon,Law & Order,Ensemble In A Drama Series,1999,6th Annual,,FALSE
Benjamin Bratt,Law & Order,Ensemble In A Drama Series,1999,6th Annual,,FALSE
Jerry Orbach,Law & Order,Ensemble In A Drama Series,1999,6th Annual,,FALSE
Jesse L. Martin,Law & Order,Ensemble In A Drama Series,1999,6th Annual,,FALSE
S. Epatha Merkerson,Law & Order,Ensemble In A Drama Series,1999,6th Annual,,FALSE
Sam Waterston,Law & Order,Ensemble In A Drama Series,1999,6th Annual,,FALSE
Steven Hill,Law & Order,Ensemble In A Drama Series,1999,6th Annual,,FALSE
,Nypd Blue,Ensemble In A Drama Series,1999,6th Annual,,FALSE
Andrea Thompson,Nypd Blue,Ensemble In A Drama Series,1999,6th Annual,,FALSE
Bill Brochtrup,Nypd Blue,Ensemble In A Drama Series,1999,6th Annual,,FALSE
Dennis Franz,Nypd Blue,Ensemble In A Drama Series,1999,6th Annual,,FALSE
Gordon Clapp,Nypd Blue,Ensemble In A Drama Series,1999,6th Annual,,FALSE
James Mcdaniel,Nypd Blue,Ensemble In A Drama Series,1999,6th Annual,,FALSE
Kim Delaney,Nypd Blue,Ensemble In A Drama Series,1999,6th Annual,,FALSE
Nicholas Turturro,Nypd Blue,Ensemble In A Drama Series,1999,6th Annual,,FALSE
Rick Schroder,Nypd Blue,Ensemble In A Drama Series,1999,6th Annual,,FALSE
,The Practice,Ensemble In A Drama Series,1999,6th Annual,,FALSE
Camryn Manheim,The Practice,Ensemble In A Drama Series,1999,6th Annual,,FALSE
Dylan Mcdermott,The Practice,Ensemble In A Drama Series,1999,6th Annual,,FALSE
Kelli Williams,The Practice,Ensemble In A Drama Series,1999,6th Annual,,FALSE
Lara Flynn Boyle,The Practice,Ensemble In A Drama Series,1999,6th Annual,,FALSE
Lisa Gay Hamilton,The Practice,Ensemble In A Drama Series,1999,6th Annual,,FALSE
Marla Sokoloff,The Practice,Ensemble In A Drama Series,1999,6th Annual,,FALSE
Michael Badalucco,The Practice,Ensemble In A Drama Series,1999,6th Annual,,FALSE
Steve Harris,The Practice,Ensemble In A Drama Series,1999,6th Annual,,FALSE
,The Sopranos,Ensemble In A Drama Series,1999,6th Annual,,TRUE
Dominic Chianese,The Sopranos,Ensemble In A Drama Series,1999,6th Annual,,TRUE
Edie Falco,The Sopranos,Ensemble In A Drama Series,1999,6th Annual,,TRUE
James Gandolfini,The Sopranos,Ensemble In A Drama Series,1999,6th Annual,,TRUE
Jamie-Lynn Sigler,The Sopranos,Ensemble In A Drama Series,1999,6th Annual,,TRUE
Lorraine Bracco,The Sopranos,Ensemble In A Drama Series,1999,6th Annual,,TRUE
Michael Imperioli,The Sopranos,Ensemble In A Drama Series,1999,6th Annual,,TRUE
Nancy Marchand,The Sopranos,Ensemble In A Drama Series,1999,6th Annual,,TRUE
Robert Iler,The Sopranos,Ensemble In A Drama Series,1999,6th Annual,,TRUE
Steven Van Zandt,The Sopranos,Ensemble In A Drama Series,1999,6th Annual,,TRUE
Tony Sirico,The Sopranos,Ensemble In A Drama Series,1999,6th Annual,,TRUE
Vincent Pastore,The Sopranos,Ensemble In A Drama Series,1999,6th Annual,,TRUE
Calista Flockhart,Ally Mcbeal,Female In A Comedy Series,1999,6th Annual,,FALSE
Lucy Liu,Ally Mcbeal,Female In A Comedy Series,1999,6th Annual,,FALSE
Lisa Kudrow,Friends,Female In A Comedy Series,1999,6th Annual,,TRUE
Sarah Jessica Parker,Sex And The City,Female In A Comedy Series,1999,6th Annual,,FALSE
Tracey Ullman,Tracey Takes On,Female In A Comedy Series,1999,6th Annual,,FALSE
Annie Potts,Any Day Now,Female In A Drama Series,1999,6th Annual,,FALSE
Edie Falco,The Sopranos,Female In A Drama Series,1999,6th Annual,,TRUE
Lorraine Bracco,The Sopranos,Female In A Drama Series,1999,6th Annual,,FALSE
Nancy Marchand,The Sopranos,Female In A Drama Series,1999,6th Annual,,FALSE
Gillian Anderson,The X-Files,Female In A Drama Series,1999,6th Annual,,FALSE
Annette Bening,American Beauty,Female Lead In A Motion Picture,1999,6th Annual,Actress in a Leading Role,TRUE
Hilary Swank,Boys Don't Cry,Female Lead In A Motion Picture,1999,6th Annual,Actress in a Leading Role,FALSE
Meryl Streep,Music Of The Heart,Female Lead In A Motion Picture,1999,6th Annual,Actress in a Leading Role,FALSE
Julianne Moore,The End Of The Affair,Female Lead In A Motion Picture,1999,6th Annual,Actress in a Leading Role,FALSE
Janet Mcteer,Tumbleweeds,Female Lead In A Motion Picture,1999,6th Annual,Actress in a Leading Role,FALSE
Cameron Diaz,Being John Malkovich,Female Support In A Motion Picture,1999,6th Annual,Actress in a Supporting Role,FALSE
Catherine Keener,Being John Malkovich,Female Support In A Motion Picture,1999,6th Annual,Actress in a Supporting Role,FALSE
Chloë Sevigny,Boys Don't Cry,Female Support In A Motion Picture,1999,6th Annual,Actress in a Supporting Role,FALSE
Angelina Jolie,"Girl, Interrupted",Female Support In A Motion Picture,1999,6th Annual,Actress in a Supporting Role,TRUE
Julianne Moore,Magnolia,Female Support In A Motion Picture,1999,6th Annual,Actress in a Supporting Role,FALSE
Judy Davis,A Cooler Climate,Female In A Television Movie Or Limited Series,1999,6th Annual,,FALSE
Sally Field,A Cooler Climate,Female In A Television Movie Or Limited Series,1999,6th Annual,,FALSE
Halle Berry,Introducing Dorothy Dandridge,Female In A Television Movie Or Limited Series,1999,6th Annual,,TRUE
Helen Mirren,The Passion Of Ayn Rand,Female In A Television Movie Or Limited Series,1999,6th Annual,,FALSE
Kathy Bates,The Wonderful World Of Disney Presents: Annie,Female In A Television Movie Or Limited Series,1999,6th Annual,,FALSE
Ossie Davis,N/A,Life Achievement,1999,6th Annual,,TRUE
Peter Macnicol,Ally Mcbeal,Male In A Comedy Series,1999,6th Annual,,FALSE
Ray Romano,Everybody Loves Raymond,Male In A Comedy Series,1999,6th Annual,,FALSE
David Hyde Pierce,Frasier,Male In A Comedy Series,1999,6th Annual,,FALSE
Kelsey Grammer,Frasier,Male In A Comedy Series,1999,6th Annual,,FALSE
Michael J. Fox,Spin City,Male In A Comedy Series,1999,6th Annual,,TRUE
Dennis Franz,Nypd Blue,Male In A Drama Series,1999,6th Annual,,FALSE
Rick Schroder,Nypd Blue,Male In A Drama Series,1999,6th Annual,,FALSE
James Gandolfini,The Sopranos,Male In A Drama Series,1999,6th Annual,,TRUE
Martin Sheen,The West Wing,Male In A Drama Series,1999,6th Annual,,FALSE
David Duchovny,The X-Files,Male In A Drama Series,1999,6th Annual,,FALSE
Kevin Spacey,American Beauty,Male Lead In A Motion Picture,1999,6th Annual,Actor in a Leading Role,TRUE
Philip Seymour Hoffman,Flawless,Male Lead In A Motion Picture,1999,6th Annual,Actor in a Leading Role,FALSE
Jim Carrey,Man On The Moon,Male Lead In A Motion Picture,1999,6th Annual,Actor in a Leading Role,FALSE
Denzel Washington,The Hurricane,Male Lead In A Motion Picture,1999,6th Annual,Actor in a Leading Role,FALSE
Russell Crowe,The Insider,Male Lead In A Motion Picture,1999,6th Annual,Actor in a Leading Role,FALSE
Chris Cooper,American Beauty,Male Support In A Motion Picture,1999,6th Annual,Actor in a Supporting Role,FALSE
Tom Cruise,Magnolia,Male Support In A Motion Picture,1999,6th Annual,Actor in a Supporting Role,FALSE
Michael Caine,The Cider House Rules,Male Support In A Motion Picture,1999,6th Annual,Actor in a Supporting Role,TRUE
Michael Clarke Duncan,The Green Mile,Male Support In A Motion Picture,1999,6th Annual,Actor in a Supporting Role,FALSE
Haley Joel Osment,The Sixth Sense,Male Support In A Motion Picture,1999,6th Annual,Actor in a Supporting Role,FALSE
Patrick Stewart,A Christmas Carol,Male In A Television Movie Or Limited Series,1999,6th Annual,,FALSE
George C. Scott,Inherit The Wind,Male In A Television Movie Or Limited Series,1999,6th Annual,,FALSE
Hank Azaria,Oprah Winfrey Presents: Tuesdays With Morrie,Male In A Television Movie Or Limited Series,1999,6th Annual,,FALSE
Jack Lemmon,Oprah Winfrey Presents: Tuesdays With Morrie,Male In A Television Movie Or Limited Series,1999,6th Annual,,TRUE
Peter Fonda,The Passion Of Ayn Rand,Male In A Television Movie Or Limited Series,1999,6th Annual,,FALSE
Amerigo Fontani,Life Is Beautiful,Cast In A Motion Picture,1998,5th Annual,,FALSE
Giorgio Cantarini,Life Is Beautiful,Cast In A Motion Picture,1998,5th Annual,,FALSE
Giuliana Lojodice,Life Is Beautiful,Cast In A Motion Picture,1998,5th Annual,,FALSE
Giustino Durano,Life Is Beautiful,Cast In A Motion Picture,1998,5th Annual,,FALSE
Horst Bucholz,Life Is Beautiful,Cast In A Motion Picture,1998,5th Annual,,FALSE
Marisa Paredes,Life Is Beautiful,Cast In A Motion Picture,1998,5th Annual,,FALSE
Nicoletta Braschi,Life Is Beautiful,Cast In A Motion Picture,1998,5th Annual,,FALSE
Roberto Benigni,Life Is Beautiful,Cast In A Motion Picture,1998,5th Annual,,FALSE
Sergio Bustric,Life Is Beautiful,Cast In A Motion Picture,1998,5th Annual,,FALSE
Annette Badland,Little Voice,Cast In A Motion Picture,1998,5th Annual,,FALSE
Brenda Blethyn,Little Voice,Cast In A Motion Picture,1998,5th Annual,,FALSE
Ewan Mcgregor,Little Voice,Cast In A Motion Picture,1998,5th Annual,,FALSE
Jane Horrocks,Little Voice,Cast In A Motion Picture,1998,5th Annual,,FALSE
Jim Broadbent,Little Voice,Cast In A Motion Picture,1998,5th Annual,,FALSE
Michael Caine,Little Voice,Cast In A Motion Picture,1998,5th Annual,,FALSE
Philip Jackson,Little Voice,Cast In A Motion Picture,1998,5th Annual,,FALSE
Adam Goldberg,Saving Private Ryan,Cast In A Motion Picture,1998,5th Annual,,FALSE
Barry Pepper,Saving Private Ryan,Cast In A Motion Picture,1998,5th Annual,,FALSE
Edward Burns,Saving Private Ryan,Cast In A Motion Picture,1998,5th Annual,,FALSE
Giovanni Ribisi,Saving Private Ryan,Cast In A Motion Picture,1998,5th Annual,,FALSE
Jeremy Davies,Saving Private Ryan,Cast In A Motion Picture,1998,5th Annual,,FALSE
Matt Damon,Saving Private Ryan,Cast In A Motion Picture,1998,5th Annual,,FALSE
Tom Hanks,Saving Private Ryan,Cast In A Motion Picture,1998,5th Annual,,FALSE
Tom Sizemore,Saving Private Ryan,Cast In A Motion Picture,1998,5th Annual,,FALSE
Vin Diesel,Saving Private Ryan,Cast In A Motion Picture,1998,5th Annual,,FALSE
Antony Sher,Shakespeare In Love,Cast In A Motion Picture,1998,5th Annual,,TRUE
Ben Affleck,Shakespeare In Love,Cast In A Motion Picture,1998,5th Annual,,TRUE
Colin Firth,Shakespeare In Love,Cast In A Motion Picture,1998,5th Annual,,TRUE
Geoffrey Rush,Shakespeare In Love,Cast In A Motion Picture,1998,5th Annual,,TRUE
Gwyneth Paltrow,Shakespeare In Love,Cast In A Motion Picture,1998,5th Annual,,TRUE
Imelda Staunton,Shakespeare In Love,Cast In A Motion Picture,1998,5th Annual,,TRUE
Jim Carter,Shakespeare In Love,Cast In A Motion Picture,1998,5th Annual,,TRUE
Joseph Fiennes,Shakespeare In Love,Cast In A Motion Picture,1998,5th Annual,,TRUE
Judi Dench,Shakespeare In Love,Cast In A Motion Picture,1998,5th Annual,,TRUE
Mark Williams,Shakespeare In Love,Cast In A Motion Picture,1998,5th Annual,,TRUE
Martin Clunes,Shakespeare In Love,Cast In A Motion Picture,1998,5th Annual,,TRUE
Rupert Everett,Shakespeare In Love,Cast In A Motion Picture,1998,5th Annual,,TRUE
Simon Callow,Shakespeare In Love,Cast In A Motion Picture,1998,5th Annual,,TRUE
Tom Wilkinson,Shakespeare In Love,Cast In A Motion Picture,1998,5th Annual,,TRUE
David Kelly,Waking Ned Devine,Cast In A Motion Picture,1998,5th Annual,,FALSE
Fionnula Flanagan,Waking Ned Devine,Cast In A Motion Picture,1998,5th Annual,,FALSE
Ian Bannen,Waking Ned Devine,Cast In A Motion Picture,1998,5th Annual,,FALSE
James Nesbitt,Waking Ned Devine,Cast In A Motion Picture,1998,5th Annual,,FALSE
Susan Lynch,Waking Ned Devine,Cast In A Motion Picture,1998,5th Annual,,FALSE
,3rd Rock From The Sun,Ensemble In A Comedy Series,1998,5th Annual,,FALSE
Elmarie Wendel,3rd Rock From The Sun,Ensemble In A Comedy Series,1998,5th Annual,,FALSE
French Stewart,3rd Rock From The Sun,Ensemble In A Comedy Series,1998,5th Annual,,FALSE
Jane Curtin,3rd Rock From The Sun,Ensemble In A Comedy Series,1998,5th Annual,,FALSE
John Lithgow,3rd Rock From The Sun,Ensemble In A Comedy Series,1998,5th Annual,,FALSE
Joseph Gordon-Levitt,3rd Rock From The Sun,Ensemble In A Comedy Series,1998,5th Annual,,FALSE
Kristen Johnston,3rd Rock From The Sun,Ensemble In A Comedy Series,1998,5th Annual,,FALSE
Simbi Khali,3rd Rock From The Sun,Ensemble In A Comedy Series,1998,5th Annual,,FALSE
Wayne Knight,3rd Rock From The Sun,Ensemble In A Comedy Series,1998,5th Annual,,FALSE
,Ally Mcbeal,Ensemble In A Comedy Series,1998,5th Annual,,TRUE
Calista Flockhart,Ally Mcbeal,Ensemble In A Comedy Series,1998,5th Annual,,TRUE
Courtney Thorne-Smith,Ally Mcbeal,Ensemble In A Comedy Series,1998,5th Annual,,TRUE
Gil Bellows,Ally Mcbeal,Ensemble In A Comedy Series,1998,5th Annual,,TRUE
Greg Germann,Ally Mcbeal,Ensemble In A Comedy Series,1998,5th Annual,,TRUE
Jane Krakowski,Ally Mcbeal,Ensemble In A Comedy Series,1998,5th Annual,,TRUE
Lisa Nicole Carson,Ally Mcbeal,Ensemble In A Comedy Series,1998,5th Annual,,TRUE
Lucy Liu,Ally Mcbeal,Ensemble In A Comedy Series,1998,5th Annual,,TRUE
Peter Macnicol,Ally Mcbeal,Ensemble In A Comedy Series,1998,5th Annual,,TRUE
Portia De Rossi,Ally Mcbeal,Ensemble In A Comedy Series,1998,5th Annual,,TRUE
Vonda Shepard,Ally Mcbeal,Ensemble In A Comedy Series,1998,5th Annual,,TRUE
,Everybody Loves Raymond,Ensemble In A Comedy Series,1998,5th Annual,,FALSE
Brad Garrett,Everybody Loves Raymond,Ensemble In A Comedy Series,1998,5th Annual,,FALSE
Doris Roberts,Everybody Loves Raymond,Ensemble In A Comedy Series,1998,5th Annual,,FALSE
Madylin Sweeten,Everybody Loves Raymond,Ensemble In A Comedy Series,1998,5th Annual,,FALSE
Patricia Heaton,Everybody Loves Raymond,Ensemble In A Comedy Series,1998,5th Annual,,FALSE
Peter Boyle,Everybody Loves Raymond,Ensemble In A Comedy Series,1998,5th Annual,,FALSE
Ray Romano,Everybody Loves Raymond,Ensemble In A Comedy Series,1998,5th Annual,,FALSE
David Hyde Pierce,Frasier,Ensemble In A Comedy Series,1998,5th Annual,,FALSE
Jane Leeves,Frasier,Ensemble In A Comedy Series,1998,5th Annual,,FALSE
John Mahoney,Frasier,Ensemble In A Comedy Series,1998,5th Annual,,FALSE
Kelsey Grammer,Frasier,Ensemble In A Comedy Series,1998,5th Annual,,FALSE
Peri Gilpin,Frasier,Ensemble In A Comedy Series,1998,5th Annual,,FALSE
,Friends,Ensemble In A Comedy Series,1998,5th Annual,,FALSE
Courteney Cox,Friends,Ensemble In A Comedy Series,1998,5th Annual,,FALSE
David Schwimmer,Friends,Ensemble In A Comedy Series,1998,5th Annual,,FALSE
Jennifer Aniston,Friends,Ensemble In A Comedy Series,1998,5th Annual,,FALSE
Lisa Kudrow,Friends,Ensemble In A Comedy Series,1998,5th Annual,,FALSE
Matt Le Blanc,Friends,Ensemble In A Comedy Series,1998,5th Annual,,FALSE
Matthew Perry,Friends,Ensemble In A Comedy Series,1998,5th Annual,,FALSE
,Er,Ensemble In A Drama Series,1998,5th Annual,,TRUE
Alex Kingston,Er,Ensemble In A Drama Series,1998,5th Annual,,TRUE
Anthony Edwards,Er,Ensemble In A Drama Series,1998,5th Annual,,TRUE
Eriq La Salle,Er,Ensemble In A Drama Series,1998,5th Annual,,TRUE
George Clooney,Er,Ensemble In A Drama Series,1998,5th Annual,,TRUE
Gloria Reuben,Er,Ensemble In A Drama Series,1998,5th Annual,,TRUE
Julianna Margulies,Er,Ensemble In A Drama Series,1998,5th Annual,,TRUE
Kellie Martin,Er,Ensemble In A Drama Series,1998,5th Annual,,TRUE
Laura Innes,Er,Ensemble In A Drama Series,1998,5th Annual,,TRUE
Noah Wyle,Er,Ensemble In A Drama Series,1998,5th Annual,,TRUE
,Law & Order,Ensemble In A Drama Series,1998,5th Annual,,FALSE
Angie Harmon,Law & Order,Ensemble In A Drama Series,1998,5th Annual,,FALSE
Benjamin Bratt,Law & Order,Ensemble In A Drama Series,1998,5th Annual,,FALSE
Carey Lowell,Law & Order,Ensemble In A Drama Series,1998,5th Annual,,FALSE
Jerry Orbach,Law & Order,Ensemble In A Drama Series,1998,5th Annual,,FALSE
S. Epatha Merkerson,Law & Order,Ensemble In A Drama Series,1998,5th Annual,,FALSE
Sam Waterston,Law & Order,Ensemble In A Drama Series,1998,5th Annual,,FALSE
Steven Hill,Law & Order,Ensemble In A Drama Series,1998,5th Annual,,FALSE
,Nypd Blue,Ensemble In A Drama Series,1998,5th Annual,,FALSE
Andrea Thompson,Nypd Blue,Ensemble In A Drama Series,1998,5th Annual,,FALSE
Dennis Franz,Nypd Blue,Ensemble In A Drama Series,1998,5th Annual,,FALSE
Gordon Clapp,Nypd Blue,Ensemble In A Drama Series,1998,5th Annual,,FALSE
James Mcdaniel,Nypd Blue,Ensemble In A Drama Series,1998,5th Annual,,FALSE
Jimmy Smits,Nypd Blue,Ensemble In A Drama Series,1998,5th Annual,,FALSE
Kim Delaney,Nypd Blue,Ensemble In A Drama Series,1998,5th Annual,,FALSE
Nicholas Turturro,Nypd Blue,Ensemble In A Drama Series,1998,5th Annual,,FALSE
Sharon Lawrence,Nypd Blue,Ensemble In A Drama Series,1998,5th Annual,,FALSE
,The Practice,Ensemble In A Drama Series,1998,5th Annual,,FALSE
Camryn Manheim,The Practice,Ensemble In A Drama Series,1998,5th Annual,,FALSE
Dylan Mcdermott,The Practice,Ensemble In A Drama Series,1998,5th Annual,,FALSE
Kelli Williams,The Practice,Ensemble In A Drama Series,1998,5th Annual,,FALSE
Lara Flynn Boyle,The Practice,Ensemble In A Drama Series,1998,5th Annual,,FALSE
Lisa Gay Hamilton,The Practice,Ensemble In A Drama Series,1998,5th Annual,,FALSE
Marla Sokoloff,The Practice,Ensemble In A Drama Series,1998,5th Annual,,FALSE
Michael Badalucco,The Practice,Ensemble In A Drama Series,1998,5th Annual,,FALSE
Steve Harris,The Practice,Ensemble In A Drama Series,1998,5th Annual,,FALSE
,The X-Files,Ensemble In A Drama Series,1998,5th Annual,,FALSE
Chris Owens,The X-Files,Ensemble In A Drama Series,1998,5th Annual,,FALSE
David Duchovny,The X-Files,Ensemble In A Drama Series,1998,5th Annual,,FALSE
Gillian Anderson,The X-Files,Ensemble In A Drama Series,1998,5th Annual,,FALSE
"James Pickens, Jr.",The X-Files,Ensemble In A Drama Series,1998,5th Annual,,FALSE
Mitch Pileggi,The X-Files,Ensemble In A Drama Series,1998,5th Annual,,FALSE
William B. Davis,The X-Files,Ensemble In A Drama Series,1998,5th Annual,,FALSE
Calista Flockhart,Ally Mcbeal,Female In A Comedy Series,1998,5th Annual,,FALSE
Amy Pietz,Caroline In The City,Female In A Comedy Series,1998,5th Annual,,FALSE
Lisa Kudrow,Friends,Female In A Comedy Series,1998,5th Annual,,FALSE
Julia Louis-Dreyfus,Seinfeld,Female In A Comedy Series,1998,5th Annual,,FALSE
Tracey Ullman,Tracey Takes On,Female In A Comedy Series,1998,5th Annual,,TRUE
Annie Potts,Any Day Now,Female In A Drama Series,1998,5th Annual,,FALSE
Christine Lahti,Chicago Hope,Female In A Drama Series,1998,5th Annual,,FALSE
Julianna Margulies,Er,Female In A Drama Series,1998,5th Annual,,TRUE
Kim Delaney,Nypd Blue,Female In A Drama Series,1998,5th Annual,,FALSE
Gillian Anderson,The X-Files,Female In A Drama Series,1998,5th Annual,,FALSE
Cate Blanchett,Elizabeth,Female Lead In A Motion Picture,1998,5th Annual,Actress in a Leading Role,FALSE
Emily Watson,Hilary And Jackie,Female Lead In A Motion Picture,1998,5th Annual,Actress in a Leading Role,FALSE
Jane Horrocks,Little Voice,Female Lead In A Motion Picture,1998,5th Annual,Actress in a Leading Role,FALSE
Meryl Streep,One True Thing,Female Lead In A Motion Picture,1998,5th Annual,Actress in a Leading Role,FALSE
Gwyneth Paltrow,Shakespeare In Love,Female Lead In A Motion Picture,1998,5th Annual,Actress in a Leading Role,TRUE
Lynn Redgrave,Gods And Monsters,Female Support In A Motion Picture,1998,5th Annual,Actress in a Supporting Role,FALSE
Rachel Griffiths,Hilary And Jackie,Female Support In A Motion Picture,1998,5th Annual,Actress in a Supporting Role,FALSE
Brenda Blethyn,Little Voice,Female Support In A Motion Picture,1998,5th Annual,Actress in a Supporting Role,FALSE
Kathy Bates,Primary Colors,Female Support In A Motion Picture,1998,5th Annual,Actress in a Supporting Role,TRUE
Judi Dench,Shakespeare In Love,Female Support In A Motion Picture,1998,5th Annual,Actress in a Supporting Role,FALSE
Mary Steenburgen,About Sarah,Female In A Television Movie Or Limited Series,1998,5th Annual,,FALSE
Olympia Dukakis,Armistead Maupin's More Tales Of City,Female In A Television Movie Or Limited Series,1998,5th Annual,,FALSE
Angelina Jolie,Gia,Female In A Television Movie Or Limited Series,1998,5th Annual,,TRUE
Ann-Margret,Life Of The Party: The Pamela Harriman Story,Female In A Television Movie Or Limited Series,1998,5th Annual,,FALSE
Stockard Channing,The Baby Dance,Female In A Television Movie Or Limited Series,1998,5th Annual,,FALSE
Sidney Poitier,N/A,Life Achievement,1998,5th Annual,,TRUE
Peter Macnicol,Ally Mcbeal,Male In A Comedy Series,1998,5th Annual,,FALSE
David Hyde Pierce,Frasier,Male In A Comedy Series,1998,5th Annual,,FALSE
Kelsey Grammer,Frasier,Male In A Comedy Series,1998,5th Annual,,FALSE
Jason Alexander,Seinfeld,Male In A Comedy Series,1998,5th Annual,,FALSE
Michael J. Fox,Spin City,Male In A Comedy Series,1998,5th Annual,,TRUE
Anthony Edwards,Er,Male In A Drama Series,1998,5th Annual,,FALSE
Sam Waterston,Law & Order,Male In A Drama Series,1998,5th Annual,,TRUE
Dennis Franz,Nypd Blue,Male In A Drama Series,1998,5th Annual,,FALSE
Jimmy Smits,Nypd Blue,Male In A Drama Series,1998,5th Annual,,FALSE
David Duchovny,The X-Files,Male In A Drama Series,1998,5th Annual,,FALSE
Nick Nolte,Affliction,Male Lead In A Motion Picture,1998,5th Annual,Actor in a Leading Role,FALSE
Ian Mckellen,Gods And Monsters,Male Lead In A Motion Picture,1998,5th Annual,Actor in a Leading Role,FALSE
Roberto Benigni,Life Is Beautiful,Male Lead In A Motion Picture,1998,5th Annual,Actor in a Leading Role,TRUE
Tom Hanks,Saving Private Ryan,Male Lead In A Motion Picture,1998,5th Annual,Actor in a Leading Role,FALSE
Joseph Fiennes,Shakespeare In Love,Male Lead In A Motion Picture,1998,5th Annual,Actor in a Leading Role,FALSE
Robert Duvall,A Civil Action,Male Support In A Motion Picture,1998,5th Annual,Actor in a Supporting Role,TRUE
Billy Bob Thornton,A Simple Plan,Male Support In A Motion Picture,1998,5th Annual,Actor in a Supporting Role,FALSE
James Coburn,Affliction,Male Support In A Motion Picture,1998,5th Annual,Actor in a Supporting Role,FALSE
Geoffrey Rush,Shakespeare In Love,Male Support In A Motion Picture,1998,5th Annual,Actor in a Supporting Role,FALSE
David Kelly,Waking Ned Devine,Male Support In A Motion Picture,1998,5th Annual,Actor in a Supporting Role,FALSE
Charles S. Dutton,Blind Faith,Male In A Television Movie Or Limited Series,1998,5th Annual,,FALSE
James Garner,Legalese,Male In A Television Movie Or Limited Series,1998,5th Annual,,FALSE
Christopher Reeve,Rear Window,Male In A Television Movie Or Limited Series,1998,5th Annual,,TRUE
Ray Liotta,The Rat Pack,Male In A Television Movie Or Limited Series,1998,5th Annual,,FALSE
Ben Kingsley,The Tale Of Sweeney Todd,Male In A Television Movie Or Limited Series,1998,5th Annual,,FALSE
Stanley Tucci,Winchell,Male In A Television Movie Or Limited Series,1998,5th Annual,,FALSE
Alfred Molina,Boogie Nights,Cast In A Motion Picture,1997,4th Annual,,FALSE
Burt Reynolds,Boogie Nights,Cast In A Motion Picture,1997,4th Annual,,FALSE
Don Cheadle,Boogie Nights,Cast In A Motion Picture,1997,4th Annual,,FALSE
Heather Graham,Boogie Nights,Cast In A Motion Picture,1997,4th Annual,,FALSE
John C. Reilly,Boogie Nights,Cast In A Motion Picture,1997,4th Annual,,FALSE
Julianne Moore,Boogie Nights,Cast In A Motion Picture,1997,4th Annual,,FALSE
Luis Guzman,Boogie Nights,Cast In A Motion Picture,1997,4th Annual,,FALSE
Mark Wahlberg,Boogie Nights,Cast In A Motion Picture,1997,4th Annual,,FALSE
Melora Walters,Boogie Nights,Cast In A Motion Picture,1997,4th Annual,,FALSE
Nicole Ari Parker,Boogie Nights,Cast In A Motion Picture,1997,4th Annual,,FALSE
Philip Baker Hall,Boogie Nights,Cast In A Motion Picture,1997,4th Annual,,FALSE
Philip Seymour Hoffman,Boogie Nights,Cast In A Motion Picture,1997,4th Annual,,FALSE
Ricky Jay,Boogie Nights,Cast In A Motion Picture,1997,4th Annual,,FALSE
Robert Ridgley,Boogie Nights,Cast In A Motion Picture,1997,4th Annual,,FALSE
Thomas Jane,Boogie Nights,Cast In A Motion Picture,1997,4th Annual,,FALSE
William H. Macy,Boogie Nights,Cast In A Motion Picture,1997,4th Annual,,FALSE
Ben Affleck,Good Will Hunting,Cast In A Motion Picture,1997,4th Annual,,FALSE
Matt Damon,Good Will Hunting,Cast In A Motion Picture,1997,4th Annual,,FALSE
Minnie Driver,Good Will Hunting,Cast In A Motion Picture,1997,4th Annual,,FALSE
Robin Williams,Good Will Hunting,Cast In A Motion Picture,1997,4th Annual,,FALSE
Stellan Skarsgård,Good Will Hunting,Cast In A Motion Picture,1997,4th Annual,,FALSE
Danny Devito,L.a. Confidential,Cast In A Motion Picture,1997,4th Annual,,FALSE
David Strathairn,L.a. Confidential,Cast In A Motion Picture,1997,4th Annual,,FALSE
Guy Pearce,L.a. Confidential,Cast In A Motion Picture,1997,4th Annual,,FALSE
James Cromwell,L.a. Confidential,Cast In A Motion Picture,1997,4th Annual,,FALSE
Kevin Spacey,L.a. Confidential,Cast In A Motion Picture,1997,4th Annual,,FALSE
Kim Basinger,L.a. Confidential,Cast In A Motion Picture,1997,4th Annual,,FALSE
Russell Crowe,L.a. Confidential,Cast In A Motion Picture,1997,4th Annual,,FALSE
Bruce Jones,The Full Monty,Cast In A Motion Picture,1997,4th Annual,,TRUE
Deirdre Costello,The Full Monty,Cast In A Motion Picture,1997,4th Annual,,TRUE
Emily Woof,The Full Monty,Cast In A Motion Picture,1997,4th Annual,,TRUE
Hugo Speer,The Full Monty,Cast In A Motion Picture,1997,4th Annual,,TRUE
Lesley Sharp,The Full Monty,Cast In A Motion Picture,1997,4th Annual,,TRUE
Mark Addy,The Full Monty,Cast In A Motion Picture,1997,4th Annual,,TRUE
Paul Barber,The Full Monty,Cast In A Motion Picture,1997,4th Annual,,TRUE
Robert Carlyle,The Full Monty,Cast In A Motion Picture,1997,4th Annual,,TRUE
Steve Huison,The Full Monty,Cast In A Motion Picture,1997,4th Annual,,TRUE
Tom Wilkinson,The Full Monty,Cast In A Motion Picture,1997,4th Annual,,TRUE
William Snape,The Full Monty,Cast In A Motion Picture,1997,4th Annual,,TRUE
Bernard Fox,Titanic,Cast In A Motion Picture,1997,4th Annual,,FALSE
Bernard Hill,Titanic,Cast In A Motion Picture,1997,4th Annual,,FALSE
Bill Paxton,Titanic,Cast In A Motion Picture,1997,4th Annual,,FALSE
Billy Zane,Titanic,Cast In A Motion Picture,1997,4th Annual,,FALSE
Danny Nucci,Titanic,Cast In A Motion Picture,1997,4th Annual,,FALSE
David Warner,Titanic,Cast In A Motion Picture,1997,4th Annual,,FALSE
Francis Fisher,Titanic,Cast In A Motion Picture,1997,4th Annual,,FALSE
Gloria Stuart,Titanic,Cast In A Motion Picture,1997,4th Annual,,FALSE
Jonathan Hyde,Titanic,Cast In A Motion Picture,1997,4th Annual,,FALSE
Kate Winslet,Titanic,Cast In A Motion Picture,1997,4th Annual,,FALSE
Kathy Bates,Titanic,Cast In A Motion Picture,1997,4th Annual,,FALSE
Leonardo Dicaprio,Titanic,Cast In A Motion Picture,1997,4th Annual,,FALSE
Suzy Amis,Titanic,Cast In A Motion Picture,1997,4th Annual,,FALSE
Victor Garber,Titanic,Cast In A Motion Picture,1997,4th Annual,,FALSE
,3rd Rock From The Sun,Ensemble In A Comedy Series,1997,4th Annual,,FALSE
Elmarie Wendel,3rd Rock From The Sun,Ensemble In A Comedy Series,1997,4th Annual,,FALSE
French Stewart,3rd Rock From The Sun,Ensemble In A Comedy Series,1997,4th Annual,,FALSE
Jane Curtin,3rd Rock From The Sun,Ensemble In A Comedy Series,1997,4th Annual,,FALSE
John Lithgow,3rd Rock From The Sun,Ensemble In A Comedy Series,1997,4th Annual,,FALSE
Joseph Gordon-Levitt,3rd Rock From The Sun,Ensemble In A Comedy Series,1997,4th Annual,,FALSE
Kristen Johnston,3rd Rock From The Sun,Ensemble In A Comedy Series,1997,4th Annual,,FALSE
Simbi Khali,3rd Rock From The Sun,Ensemble In A Comedy Series,1997,4th Annual,,FALSE
Wayne Knight,3rd Rock From The Sun,Ensemble In A Comedy Series,1997,4th Annual,,FALSE
,Ally Mcbeal,Ensemble In A Comedy Series,1997,4th Annual,,FALSE
Calista Flockhart,Ally Mcbeal,Ensemble In A Comedy Series,1997,4th Annual,,FALSE
Courtney Thorne-Smith,Ally Mcbeal,Ensemble In A Comedy Series,1997,4th Annual,,FALSE
Gil Bellows,Ally Mcbeal,Ensemble In A Comedy Series,1997,4th Annual,,FALSE
Greg Germann,Ally Mcbeal,Ensemble In A Comedy Series,1997,4th Annual,,FALSE
Jane Krakowski,Ally Mcbeal,Ensemble In A Comedy Series,1997,4th Annual,,FALSE
Lisa Nicole Carson,Ally Mcbeal,Ensemble In A Comedy Series,1997,4th Annual,,FALSE
Peter Macnicol,Ally Mcbeal,Ensemble In A Comedy Series,1997,4th Annual,,FALSE
,Frasier,Ensemble In A Comedy Series,1997,4th Annual,,FALSE
Dan Butler,Frasier,Ensemble In A Comedy Series,1997,4th Annual,,FALSE
David Hyde Pierce,Frasier,Ensemble In A Comedy Series,1997,4th Annual,,FALSE
Jane Leeves,Frasier,Ensemble In A Comedy Series,1997,4th Annual,,FALSE
John Mahoney,Frasier,Ensemble In A Comedy Series,1997,4th Annual,,FALSE
Kelsey Grammer,Frasier,Ensemble In A Comedy Series,1997,4th Annual,,FALSE
Peri Gilpin,Frasier,Ensemble In A Comedy Series,1997,4th Annual,,FALSE
,Mad About You,Ensemble In A Comedy Series,1997,4th Annual,,FALSE
Cynthia Harris,Mad About You,Ensemble In A Comedy Series,1997,4th Annual,,FALSE
Helen Hunt,Mad About You,Ensemble In A Comedy Series,1997,4th Annual,,FALSE
John Pankow,Mad About You,Ensemble In A Comedy Series,1997,4th Annual,,FALSE
Leila Kenzle,Mad About You,Ensemble In A Comedy Series,1997,4th Annual,,FALSE
Louis Zorich,Mad About You,Ensemble In A Comedy Series,1997,4th Annual,,FALSE
Paul Reiser,Mad About You,Ensemble In A Comedy Series,1997,4th Annual,,FALSE
Robin Bartlett,Mad About You,Ensemble In A Comedy Series,1997,4th Annual,,FALSE
,Seinfeld,Ensemble In A Comedy Series,1997,4th Annual,,TRUE
Jason Alexander,Seinfeld,Ensemble In A Comedy Series,1997,4th Annual,,TRUE
Jerry Seinfeld,Seinfeld,Ensemble In A Comedy Series,1997,4th Annual,,TRUE
Julia Louis-Dreyfus,Seinfeld,Ensemble In A Comedy Series,1997,4th Annual,,TRUE
Michael Richards,Seinfeld,Ensemble In A Comedy Series,1997,4th Annual,,TRUE
,Chicago Hope,Ensemble In A Drama Series,1997,4th Annual,,FALSE
Adam Arkin,Chicago Hope,Ensemble In A Drama Series,1997,4th Annual,,FALSE
Christine Lahti,Chicago Hope,Ensemble In A Drama Series,1997,4th Annual,,FALSE
Hector Elizondo,Chicago Hope,Ensemble In A Drama Series,1997,4th Annual,,FALSE
Jayne Brook,Chicago Hope,Ensemble In A Drama Series,1997,4th Annual,,FALSE
Mark Harmon,Chicago Hope,Ensemble In A Drama Series,1997,4th Annual,,FALSE
Peter Berg,Chicago Hope,Ensemble In A Drama Series,1997,4th Annual,,FALSE
Rocky Carroll,Chicago Hope,Ensemble In A Drama Series,1997,4th Annual,,FALSE
Stacey Edwards,Chicago Hope,Ensemble In A Drama Series,1997,4th Annual,,FALSE
Vondie Curtis-Hall,Chicago Hope,Ensemble In A Drama Series,1997,4th Annual,,FALSE
,Er,Ensemble In A Drama Series,1997,4th Annual,,TRUE
Alex Kingston,Er,Ensemble In A Drama Series,1997,4th Annual,,TRUE
Anthony Edwards,Er,Ensemble In A Drama Series,1997,4th Annual,,TRUE
Eriq La Salle,Er,Ensemble In A Drama Series,1997,4th Annual,,TRUE
George Clooney,Er,Ensemble In A Drama Series,1997,4th Annual,,TRUE
Gloria Reuben,Er,Ensemble In A Drama Series,1997,4th Annual,,TRUE
Julianna Margulies,Er,Ensemble In A Drama Series,1997,4th Annual,,TRUE
Laura Innes,Er,Ensemble In A Drama Series,1997,4th Annual,,TRUE
Maria Bello,Er,Ensemble In A Drama Series,1997,4th Annual,,TRUE
Noah Wyle,Er,Ensemble In A Drama Series,1997,4th Annual,,TRUE
,Law & Order,Ensemble In A Drama Series,1997,4th Annual,,FALSE
Benjamin Bratt,Law & Order,Ensemble In A Drama Series,1997,4th Annual,,FALSE
Carey Lowell,Law & Order,Ensemble In A Drama Series,1997,4th Annual,,FALSE
Jerry Orbach,Law & Order,Ensemble In A Drama Series,1997,4th Annual,,FALSE
S. Epatha Merkerson,Law & Order,Ensemble In A Drama Series,1997,4th Annual,,FALSE
Sam Waterston,Law & Order,Ensemble In A Drama Series,1997,4th Annual,,FALSE
Steven Hill,Law & Order,Ensemble In A Drama Series,1997,4th Annual,,FALSE
,Nypd Blue,Ensemble In A Drama Series,1997,4th Annual,,FALSE
Andrea Thompson,Nypd Blue,Ensemble In A Drama Series,1997,4th Annual,,FALSE
Dennis Franz,Nypd Blue,Ensemble In A Drama Series,1997,4th Annual,,FALSE
Gordon Clapp,Nypd Blue,Ensemble In A Drama Series,1997,4th Annual,,FALSE
James Mcdaniel,Nypd Blue,Ensemble In A Drama Series,1997,4th Annual,,FALSE
Jimmy Smits,Nypd Blue,Ensemble In A Drama Series,1997,4th Annual,,FALSE
Kim Delaney,Nypd Blue,Ensemble In A Drama Series,1997,4th Annual,,FALSE
Nicholas Turturro,Nypd Blue,Ensemble In A Drama Series,1997,4th Annual,,FALSE
,The X-Files,Ensemble In A Drama Series,1997,4th Annual,,FALSE
David Duchovny,The X-Files,Ensemble In A Drama Series,1997,4th Annual,,FALSE
Gillian Anderson,The X-Files,Ensemble In A Drama Series,1997,4th Annual,,FALSE
Mitch Pileggi,The X-Files,Ensemble In A Drama Series,1997,4th Annual,,FALSE
William B. Davis,The X-Files,Ensemble In A Drama Series,1997,4th Annual,,FALSE
Calista Flockhart,Ally Mcbeal,Female In A Comedy Series,1997,4th Annual,,FALSE
Ellen Degeneres,Ellen,Female In A Comedy Series,1997,4th Annual,,FALSE
Helen Hunt,Mad About You,Female In A Comedy Series,1997,4th Annual,,FALSE
Julia Louis-Dreyfus,Seinfeld,Female In A Comedy Series,1997,4th Annual,,TRUE
Kirstie Alley,Veronica's Closet,Female In A Comedy Series,1997,4th Annual,,FALSE
Christine Lahti,Chicago Hope,Female In A Drama Series,1997,4th Annual,,FALSE
Julianna Margulies,Er,Female In A Drama Series,1997,4th Annual,,TRUE
Kim Delaney,Nypd Blue,Female In A Drama Series,1997,4th Annual,,FALSE
Gillian Anderson,The X-Files,Female In A Drama Series,1997,4th Annual,,FALSE
Della Reese,Touched By An Angel,Female In A Drama Series,1997,4th Annual,,FALSE
Helen Hunt,As Good As It Gets,Female Lead In A Motion Picture,1997,4th Annual,Actress in a Leading Role,TRUE
Pam Grier,Jackie Brown,Female Lead In A Motion Picture,1997,4th Annual,Actress in a Leading Role,FALSE
Judi Dench,Mrs. Brown,Female Lead In A Motion Picture,1997,4th Annual,Actress in a Leading Role,FALSE
Robin Wright,She's So Lovely,Female Lead In A Motion Picture,1997,4th Annual,Actress in a Leading Role,FALSE
Helena Bonham Carter,The Wings Of The Dove,Female Lead In A Motion Picture,1997,4th Annual,Actress in a Leading Role,FALSE
Kate Winslet,Titanic,Female Lead In A Motion Picture,1997,4th Annual,Actress in a Leading Role,FALSE
Julianne Moore,Boogie Nights,Female Support In A Motion Picture,1997,4th Annual,Actress in a Supporting Role,FALSE
Minnie Driver,Good Will Hunting,Female Support In A Motion Picture,1997,4th Annual,Actress in a Supporting Role,FALSE
Kim Basinger,L.a. Confidential,Female Support In A Motion Picture,1997,4th Annual,Actress in a Supporting Role,TRUE
Alison Elliott,The Wings Of The Dove,Female Support In A Motion Picture,1997,4th Annual,Actress in a Supporting Role,FALSE
Gloria Stuart,Titanic,Female Support In A Motion Picture,1997,4th Annual,Actress in a Supporting Role,TRUE
Mare Winningham,George Wallace,Female In A Television Movie Or Limited Series,1997,4th Annual,,FALSE
Glenn Close,In The Gloaming,Female In A Television Movie Or Limited Series,1997,4th Annual,,FALSE
Alfre Woodard,Miss Evers' Boys,Female In A Television Movie Or Limited Series,1997,4th Annual,,TRUE
Sigourney Weaver,Snow White: A Tale Of Terror,Female In A Television Movie Or Limited Series,1997,4th Annual,,FALSE
Faye Dunaway,The Twilight Of The Gods,Female In A Television Movie Or Limited Series,1997,4th Annual,,FALSE
Kirk Douglas,N/A,Life Achievement,1997,4th Annual,,TRUE
John Lithgow,3rd Rock From The Sun,Male In A Comedy Series,1997,4th Annual,,TRUE
David Hyde Pierce,Frasier,Male In A Comedy Series,1997,4th Annual,,FALSE
Kelsey Grammer,Frasier,Male In A Comedy Series,1997,4th Annual,,FALSE
Jason Alexander,Seinfeld,Male In A Comedy Series,1997,4th Annual,,FALSE
Michael Richards,Seinfeld,Male In A Comedy Series,1997,4th Annual,,FALSE
Anthony Edwards,Er,Male In A Drama Series,1997,4th Annual,,TRUE
Sam Waterston,Law & Order,Male In A Drama Series,1997,4th Annual,,FALSE
Dennis Franz,Nypd Blue,Male In A Drama Series,1997,4th Annual,,FALSE
Jimmy Smits,Nypd Blue,Male In A Drama Series,1997,4th Annual,,FALSE
David Duchovny,The X-Files,Male In A Drama Series,1997,4th Annual,,FALSE
Jack Nicholson,As Good As It Gets,Male Lead In A Motion Picture,1997,4th Annual,Actor in a Leading Role,TRUE
Matt Damon,Good Will Hunting,Male Lead In A Motion Picture,1997,4th Annual,Actor in a Leading Role,FALSE
Robert Duvall,The Apostle,Male Lead In A Motion Picture,1997,4th Annual,Actor in a Leading Role,FALSE
Peter Fonda,Ulee's Gold,Male Lead In A Motion Picture,1997,4th Annual,Actor in a Leading Role,FALSE
Dustin Hoffman,Wag The Dog,Male Lead In A Motion Picture,1997,4th Annual,Actor in a Leading Role,FALSE
Anthony Hopkins,Amistad,Male Support In A Motion Picture,1997,4th Annual,Actor in a Supporting Role,FALSE
Greg Kinnear,As Good As It Gets,Male Support In A Motion Picture,1997,4th Annual,Actor in a Supporting Role,FALSE
Burt Reynolds,Boogie Nights,Male Support In A Motion Picture,1997,4th Annual,Actor in a Supporting Role,FALSE
Robin Williams,Good Will Hunting,Male Support In A Motion Picture,1997,4th Annual,Actor in a Supporting Role,TRUE
Billy Connolly,Mrs. Brown,Male Support In A Motion Picture,1997,4th Annual,Actor in a Supporting Role,FALSE
George C. Scott,12 Angry Men,Male In A Television Movie Or Limited Series,1997,4th Annual,,FALSE
Jack Lemmon,12 Angry Men,Male In A Television Movie Or Limited Series,1997,4th Annual,,FALSE
Ving Rhames,Don King: Only In America,Male In A Television Movie Or Limited Series,1997,4th Annual,,FALSE
Gary Sinise,George Wallace,Male In A Television Movie Or Limited Series,1997,4th Annual,,TRUE
Sidney Poitier,Mandela And De Klerk,Male In A Television Movie Or Limited Series,1997,4th Annual,,FALSE
Dan Hedaya,Marvin's Room,Cast In A Motion Picture,1996,3rd Annual,,FALSE
Diane Keaton,Marvin's Room,Cast In A Motion Picture,1996,3rd Annual,,FALSE
Gwen Verdon,Marvin's Room,Cast In A Motion Picture,1996,3rd Annual,,FALSE
Hal Scardino,Marvin's Room,Cast In A Motion Picture,1996,3rd Annual,,FALSE
Hume Cronyn,Marvin's Room,Cast In A Motion Picture,1996,3rd Annual,,FALSE
Leonardo Dicaprio,Marvin's Room,Cast In A Motion Picture,1996,3rd Annual,,FALSE
Meryl Streep,Marvin's Room,Cast In A Motion Picture,1996,3rd Annual,,FALSE
Robert De Niro,Marvin's Room,Cast In A Motion Picture,1996,3rd Annual,,FALSE
Armin Mueller-Stahl,Shine,Cast In A Motion Picture,1996,3rd Annual,,FALSE
Geoffrey Rush,Shine,Cast In A Motion Picture,1996,3rd Annual,,FALSE
Googie Withers,Shine,Cast In A Motion Picture,1996,3rd Annual,,FALSE
John Gielgud,Shine,Cast In A Motion Picture,1996,3rd Annual,,FALSE
Lynn Redgrave,Shine,Cast In A Motion Picture,1996,3rd Annual,,FALSE
Noah Taylor,Shine,Cast In A Motion Picture,1996,3rd Annual,,FALSE
Billy Bob Thornton,Sling Blade,Cast In A Motion Picture,1996,3rd Annual,,FALSE
Dwight Yoakam,Sling Blade,Cast In A Motion Picture,1996,3rd Annual,,FALSE
J.t. Walsh,Sling Blade,Cast In A Motion Picture,1996,3rd Annual,,FALSE
James Hampton,Sling Blade,Cast In A Motion Picture,1996,3rd Annual,,FALSE
John Ritter,Sling Blade,Cast In A Motion Picture,1996,3rd Annual,,FALSE
Lucas Black,Sling Blade,Cast In A Motion Picture,1996,3rd Annual,,FALSE
Natalie Canerday,Sling Blade,Cast In A Motion Picture,1996,3rd Annual,,FALSE
Robert Duvall,Sling Blade,Cast In A Motion Picture,1996,3rd Annual,,FALSE
Christine Baranski,The Birdcage,Cast In A Motion Picture,1996,3rd Annual,,TRUE
Dan Futterman,The Birdcage,Cast In A Motion Picture,1996,3rd Annual,,TRUE
Dianne Wiest,The Birdcage,Cast In A Motion Picture,1996,3rd Annual,,TRUE
Gene Hackman,The Birdcage,Cast In A Motion Picture,1996,3rd Annual,,TRUE
Hank Azaria,The Birdcage,Cast In A Motion Picture,1996,3rd Annual,,TRUE
Nathan Lane,The Birdcage,Cast In A Motion Picture,1996,3rd Annual,,TRUE
Robin Williams,The Birdcage,Cast In A Motion Picture,1996,3rd Annual,,TRUE
Colin Firth,The English Patient,Cast In A Motion Picture,1996,3rd Annual,,FALSE
Jürgen Prochnow,The English Patient,Cast In A Motion Picture,1996,3rd Annual,,FALSE
Julian Wadham,The English Patient,Cast In A Motion Picture,1996,3rd Annual,,FALSE
Juliette Binoche,The English Patient,Cast In A Motion Picture,1996,3rd Annual,,FALSE
Kristin Scott Thomas,The English Patient,Cast In A Motion Picture,1996,3rd Annual,,FALSE
Naveen Andrews,The English Patient,Cast In A Motion Picture,1996,3rd Annual,,FALSE
Ralph Fiennes,The English Patient,Cast In A Motion Picture,1996,3rd Annual,,FALSE
Willem Dafoe,The English Patient,Cast In A Motion Picture,1996,3rd Annual,,FALSE
,3rd Rock From The Sun,Ensemble In A Comedy Series,1996,3rd Annual,,FALSE
French Stewart,3rd Rock From The Sun,Ensemble In A Comedy Series,1996,3rd Annual,,FALSE
Jane Curtin,3rd Rock From The Sun,Ensemble In A Comedy Series,1996,3rd Annual,,FALSE
John Lithgow,3rd Rock From The Sun,Ensemble In A Comedy Series,1996,3rd Annual,,FALSE
Joseph Gordon-Levitt,3rd Rock From The Sun,Ensemble In A Comedy Series,1996,3rd Annual,,FALSE
Kristen Johnston,3rd Rock From The Sun,Ensemble In A Comedy Series,1996,3rd Annual,,FALSE
,Frasier,Ensemble In A Comedy Series,1996,3rd Annual,,FALSE
Dan Butler,Frasier,Ensemble In A Comedy Series,1996,3rd Annual,,FALSE
David Hyde Pierce,Frasier,Ensemble In A Comedy Series,1996,3rd Annual,,FALSE
Jane Leeves,Frasier,Ensemble In A Comedy Series,1996,3rd Annual,,FALSE
John Mahoney,Frasier,Ensemble In A Comedy Series,1996,3rd Annual,,FALSE
Kelsey Grammer,Frasier,Ensemble In A Comedy Series,1996,3rd Annual,,FALSE
Peri Gilpin,Frasier,Ensemble In A Comedy Series,1996,3rd Annual,,FALSE
,Mad About You,Ensemble In A Comedy Series,1996,3rd Annual,,FALSE
Anne Ramsay,Mad About You,Ensemble In A Comedy Series,1996,3rd Annual,,FALSE
Helen Hunt,Mad About You,Ensemble In A Comedy Series,1996,3rd Annual,,FALSE
John Pankow,Mad About You,Ensemble In A Comedy Series,1996,3rd Annual,,FALSE
Leila Kenzle,Mad About You,Ensemble In A Comedy Series,1996,3rd Annual,,FALSE
Paul Reiser,Mad About You,Ensemble In A Comedy Series,1996,3rd Annual,,FALSE
,Remember Wenn,Ensemble In A Comedy Series,1996,3rd Annual,,FALSE
Amanda Naughton,Remember Wenn,Ensemble In A Comedy Series,1996,3rd Annual,,FALSE
Carolee Carmello,Remember Wenn,Ensemble In A Comedy Series,1996,3rd Annual,,FALSE
Christopher Murney,Remember Wenn,Ensemble In A Comedy Series,1996,3rd Annual,,FALSE
Dina Spybey,Remember Wenn,Ensemble In A Comedy Series,1996,3rd Annual,,FALSE
George Hall,Remember Wenn,Ensemble In A Comedy Series,1996,3rd Annual,,FALSE
Hugh O'gorman,Remember Wenn,Ensemble In A Comedy Series,1996,3rd Annual,,FALSE
John Bedford Lloyd,Remember Wenn,Ensemble In A Comedy Series,1996,3rd Annual,,FALSE
Kevin O'rourke,Remember Wenn,Ensemble In A Comedy Series,1996,3rd Annual,,FALSE
Margaret Hall,Remember Wenn,Ensemble In A Comedy Series,1996,3rd Annual,,FALSE
Mary Stout,Remember Wenn,Ensemble In A Comedy Series,1996,3rd Annual,,FALSE
Melinda Mullins,Remember Wenn,Ensemble In A Comedy Series,1996,3rd Annual,,FALSE
Tom Beckett,Remember Wenn,Ensemble In A Comedy Series,1996,3rd Annual,,FALSE
,Seinfeld,Ensemble In A Comedy Series,1996,3rd Annual,,TRUE
Jason Alexander,Seinfeld,Ensemble In A Comedy Series,1996,3rd Annual,,TRUE
Jerry Seinfeld,Seinfeld,Ensemble In A Comedy Series,1996,3rd Annual,,TRUE
Julia Louis-Dreyfus,Seinfeld,Ensemble In A Comedy Series,1996,3rd Annual,,TRUE
Michael Richards,Seinfeld,Ensemble In A Comedy Series,1996,3rd Annual,,TRUE
,Chicago Hope,Ensemble In A Drama Series,1996,3rd Annual,,FALSE
Adam Arkin,Chicago Hope,Ensemble In A Drama Series,1996,3rd Annual,,FALSE
Christine Lahti,Chicago Hope,Ensemble In A Drama Series,1996,3rd Annual,,FALSE
Hector Elizondo,Chicago Hope,Ensemble In A Drama Series,1996,3rd Annual,,FALSE
Jamey Sheridan,Chicago Hope,Ensemble In A Drama Series,1996,3rd Annual,,FALSE
Jayne Brook,Chicago Hope,Ensemble In A Drama Series,1996,3rd Annual,,FALSE
Mark Harmon,Chicago Hope,Ensemble In A Drama Series,1996,3rd Annual,,FALSE
Peter Berg,Chicago Hope,Ensemble In A Drama Series,1996,3rd Annual,,FALSE
Rocky Carroll,Chicago Hope,Ensemble In A Drama Series,1996,3rd Annual,,FALSE
Roxanne Hart,Chicago Hope,Ensemble In A Drama Series,1996,3rd Annual,,FALSE
Thomas Gibson,Chicago Hope,Ensemble In A Drama Series,1996,3rd Annual,,FALSE
Vondie Curtis-Hall,Chicago Hope,Ensemble In A Drama Series,1996,3rd Annual,,FALSE
,Er,Ensemble In A Drama Series,1996,3rd Annual,,TRUE
Anthony Edwards,Er,Ensemble In A Drama Series,1996,3rd Annual,,TRUE
Eriq Lasalle,Er,Ensemble In A Drama Series,1996,3rd Annual,,TRUE
George Clooney,Er,Ensemble In A Drama Series,1996,3rd Annual,,TRUE
Gloria Reuben,Er,Ensemble In A Drama Series,1996,3rd Annual,,TRUE
Julianna Margulies,Er,Ensemble In A Drama Series,1996,3rd Annual,,TRUE
Laura Innes,Er,Ensemble In A Drama Series,1996,3rd Annual,,TRUE
Noah Wyle,Er,Ensemble In A Drama Series,1996,3rd Annual,,TRUE
Sherry Stringfield,Er,Ensemble In A Drama Series,1996,3rd Annual,,TRUE
,Law & Order,Ensemble In A Drama Series,1996,3rd Annual,,FALSE
Benjamin Bratt,Law & Order,Ensemble In A Drama Series,1996,3rd Annual,,FALSE
Carey Lowell,Law & Order,Ensemble In A Drama Series,1996,3rd Annual,,FALSE
Jerry Orbach,Law & Order,Ensemble In A Drama Series,1996,3rd Annual,,FALSE
Jill Hennessey,Law & Order,Ensemble In A Drama Series,1996,3rd Annual,,FALSE
S. Epatha Merkerson,Law & Order,Ensemble In A Drama Series,1996,3rd Annual,,FALSE
Sam Waterston,Law & Order,Ensemble In A Drama Series,1996,3rd Annual,,FALSE
Steven Hill,Law & Order,Ensemble In A Drama Series,1996,3rd Annual,,FALSE
,Nypd Blue,Ensemble In A Drama Series,1996,3rd Annual,,FALSE
Dennis Franz,Nypd Blue,Ensemble In A Drama Series,1996,3rd Annual,,FALSE
Gail O'grady,Nypd Blue,Ensemble In A Drama Series,1996,3rd Annual,,FALSE
Gordon Clapp,Nypd Blue,Ensemble In A Drama Series,1996,3rd Annual,,FALSE
James Mcdaniel,Nypd Blue,Ensemble In A Drama Series,1996,3rd Annual,,FALSE
Jimmy Smits,Nypd Blue,Ensemble In A Drama Series,1996,3rd Annual,,FALSE
Justine Miceli,Nypd Blue,Ensemble In A Drama Series,1996,3rd Annual,,FALSE
Kim Delaney,Nypd Blue,Ensemble In A Drama Series,1996,3rd Annual,,FALSE
Nicholas Turturro,Nypd Blue,Ensemble In A Drama Series,1996,3rd Annual,,FALSE
Sharon Lawrence,Nypd Blue,Ensemble In A Drama Series,1996,3rd Annual,,FALSE
,The X-Files,Ensemble In A Drama Series,1996,3rd Annual,,FALSE
David Duchovny,The X-Files,Ensemble In A Drama Series,1996,3rd Annual,,FALSE
Gillian Anderson,The X-Files,Ensemble In A Drama Series,1996,3rd Annual,,FALSE
Mitch Pileggi,The X-Files,Ensemble In A Drama Series,1996,3rd Annual,,FALSE
Steven Williams,The X-Files,Ensemble In A Drama Series,1996,3rd Annual,,FALSE
William B. Davis,The X-Files,Ensemble In A Drama Series,1996,3rd Annual,,FALSE
Kristen Johnston,3rd Rock From The Sun,Female In A Comedy Series,1996,3rd Annual,,FALSE
Christine Baranski,Cybill,Female In A Comedy Series,1996,3rd Annual,,FALSE
Ellen Degeneres,Ellen,Female In A Comedy Series,1996,3rd Annual,,FALSE
Helen Hunt,Mad About You,Female In A Comedy Series,1996,3rd Annual,,FALSE
Julia Louis-Dreyfus,Seinfeld,Female In A Comedy Series,1996,3rd Annual,,TRUE
Christine Lahti,Chicago Hope,Female In A Drama Series,1996,3rd Annual,,FALSE
Jane Seymour,Dr. Quinn Medicine Woman,Female In A Drama Series,1996,3rd Annual,,FALSE
Kim Delaney,Nypd Blue,Female In A Drama Series,1996,3rd Annual,,FALSE
Gillian Anderson,The X-Files,Female In A Drama Series,1996,3rd Annual,,TRUE
Della Reese,Touched By An Angel,Female In A Drama Series,1996,3rd Annual,,FALSE
Frances Mcdormand,Fargo,Female Lead In A Motion Picture,1996,3rd Annual,Actress in a Leading Role,TRUE
Diane Keaton,Marvin's Room,Female Lead In A Motion Picture,1996,3rd Annual,Actress in a Leading Role,FALSE
Brenda Blethyn,Secrets & Lies,Female Lead In A Motion Picture,1996,3rd Annual,Actress in a Leading Role,FALSE
Kristin Scott Thomas,The English Patient,Female Lead In A Motion Picture,1996,3rd Annual,Actress in a Leading Role,FALSE
Gena Rowlands,Unhook The Stars,Female Lead In A Motion Picture,1996,3rd Annual,Actress in a Leading Role,FALSE
Renee Zellweger,Jerry Maguire,Female Support In A Motion Picture,1996,3rd Annual,Actress in a Supporting Role,FALSE
Gwen Verdon,Marvin's Room,Female Support In A Motion Picture,1996,3rd Annual,Actress in a Supporting Role,FALSE
Juliette Binoche,The English Patent,Female Support In A Motion Picture,1996,3rd Annual,Actress in a Supporting Role,FALSE
Lauren Bacall,The Mirror Has Two Faces,Female Support In A Motion Picture,1996,3rd Annual,Actress in a Supporting Role,TRUE
Marisa Tomei,Unhook The Stars,Female Support In A Motion Picture,1996,3rd Annual,Actress in a Supporting Role,FALSE
Stockard Channing,An Unexpected Family,Female In A Television Movie Or Limited Series,1996,3rd Annual,,FALSE
Jena Malone,Bastard Out Of Carolina,Female In A Television Movie Or Limited Series,1996,3rd Annual,,FALSE
Anne Bancroft,The Homecoming,Female In A Television Movie Or Limited Series,1996,3rd Annual,,FALSE
Kathy Bates,The Late Shift,Female In A Television Movie Or Limited Series,1996,3rd Annual,,TRUE
Cicely Tyson,The Road To Galveston,Female In A Television Movie Or Limited Series,1996,3rd Annual,,FALSE
Elizabeth Taylor,N/A,Life Achievement,1996,3rd Annual,,TRUE
John Lithgow,3rd Rock From The Sun,Male In A Comedy Series,1996,3rd Annual,,TRUE
David Hyde Pierce,Frasier,Male In A Comedy Series,1996,3rd Annual,,FALSE
Kelsey Grammer,Frasier,Male In A Comedy Series,1996,3rd Annual,,FALSE
Jason Alexander,Seinfeld,Male In A Comedy Series,1996,3rd Annual,,FALSE
Michael Richards,Seinfeld,Male In A Comedy Series,1996,3rd Annual,,FALSE
Anthony Edwards,Er,Male In A Drama Series,1996,3rd Annual,,FALSE
George Clooney,Er,Male In A Drama Series,1996,3rd Annual,,FALSE
Dennis Franz,Nypd Blue,Male In A Drama Series,1996,3rd Annual,,TRUE
Jimmy Smits,Nypd Blue,Male In A Drama Series,1996,3rd Annual,,FALSE
David Duchovny,The X-Files,Male In A Drama Series,1996,3rd Annual,,FALSE
Tom Cruise,Jerry Maguire,Male Lead In A Motion Picture,1996,3rd Annual,Actor in a Leading Role,FALSE
Geoffrey Rush,Shine,Male Lead In A Motion Picture,1996,3rd Annual,Actor in a Leading Role,TRUE
Billy Bob Thornton,Sling Blade,Male Lead In A Motion Picture,1996,3rd Annual,Actor in a Leading Role,FALSE
Ralph Fiennes,The English Patient,Male Lead In A Motion Picture,1996,3rd Annual,Actor in a Leading Role,FALSE
Woody Harrelson,The People Vs. Larry Flynt,Male Lead In A Motion Picture,1996,3rd Annual,Actor in a Leading Role,FALSE
William H. Macy,Fargo,Male Support In A Motion Picture,1996,3rd Annual,Actor in a Supporting Role,FALSE
"Cuba Gooding, Jr.",Jerry Maguire,Male Support In A Motion Picture,1996,3rd Annual,Actor in a Supporting Role,TRUE
Noah Taylor,Shine,Male Support In A Motion Picture,1996,3rd Annual,Actor in a Supporting Role,FALSE
Hank Azaria,The Birdcage,Male Support In A Motion Picture,1996,3rd Annual,Actor in a Supporting Role,FALSE
Nathan Lane,The Birdcage,Male Support In A Motion Picture,1996,3rd Annual,Actor in a Supporting Role,FALSE
Armand Assante,Gotti,Male In A Television Movie Or Limited Series,1996,3rd Annual,,FALSE
Beau Bridges,Hidden In America,Male In A Television Movie Or Limited Series,1996,3rd Annual,,FALSE
Alan Rickman,Rasputin,Male In A Television Movie Or Limited Series,1996,3rd Annual,,TRUE
Ed Harris,Riders Of The Purple Sage,Male In A Television Movie Or Limited Series,1996,3rd Annual,,FALSE
Robert Duvall,The Man Who Captured Eichmann,Male In A Television Movie Or Limited Series,1996,3rd Annual,,FALSE
Bill Paxton,Apollo 13,Cast In A Motion Picture,1995,2nd Annual,,TRUE
Ed Harris,Apollo 13,Cast In A Motion Picture,1995,2nd Annual,,TRUE
Gary Sinise,Apollo 13,Cast In A Motion Picture,1995,2nd Annual,,TRUE
Kathleen Quinlan,Apollo 13,Cast In A Motion Picture,1995,2nd Annual,,TRUE
Kevin Bacon,Apollo 13,Cast In A Motion Picture,1995,2nd Annual,,TRUE
Tom Hanks,Apollo 13,Cast In A Motion Picture,1995,2nd Annual,,TRUE
Danny Devito,Get Shorty,Cast In A Motion Picture,1995,2nd Annual,,FALSE
David Paymer,Get Shorty,Cast In A Motion Picture,1995,2nd Annual,,FALSE
Delroy Lindo,Get Shorty,Cast In A Motion Picture,1995,2nd Annual,,FALSE
Dennis Farina,Get Shorty,Cast In A Motion Picture,1995,2nd Annual,,FALSE
Gene Hackman,Get Shorty,Cast In A Motion Picture,1995,2nd Annual,,FALSE
James Gandolfini,Get Shorty,Cast In A Motion Picture,1995,2nd Annual,,FALSE
John Travolta,Get Shorty,Cast In A Motion Picture,1995,2nd Annual,,FALSE
Rene Russo,Get Shorty,Cast In A Motion Picture,1995,2nd Annual,,FALSE
Alfre Woodard,How To Make An American Quilt,Cast In A Motion Picture,1995,2nd Annual,,FALSE
Anne Bancroft,How To Make An American Quilt,Cast In A Motion Picture,1995,2nd Annual,,FALSE
Ellen Burstyn,How To Make An American Quilt,Cast In A Motion Picture,1995,2nd Annual,,FALSE
Jean Simmons,How To Make An American Quilt,Cast In A Motion Picture,1995,2nd Annual,,FALSE
Kate Nelligan,How To Make An American Quilt,Cast In A Motion Picture,1995,2nd Annual,,FALSE
Lois Smith,How To Make An American Quilt,Cast In A Motion Picture,1995,2nd Annual,,FALSE
Maya Angelou,How To Make An American Quilt,Cast In A Motion Picture,1995,2nd Annual,,FALSE
Samantha Mathis,How To Make An American Quilt,Cast In A Motion Picture,1995,2nd Annual,,FALSE
Winona Ryder,How To Make An American Quilt,Cast In A Motion Picture,1995,2nd Annual,,FALSE
Annabeth Gish,Nixon,Cast In A Motion Picture,1995,2nd Annual,,FALSE
Anthony Hopkins,Nixon,Cast In A Motion Picture,1995,2nd Annual,,FALSE
Bob Hoskins,Nixon,Cast In A Motion Picture,1995,2nd Annual,,FALSE
Brian Bedford,Nixon,Cast In A Motion Picture,1995,2nd Annual,,FALSE
David Hyde Pierce,Nixon,Cast In A Motion Picture,1995,2nd Annual,,FALSE
David Paymer,Nixon,Cast In A Motion Picture,1995,2nd Annual,,FALSE
E.g. Marshall,Nixon,Cast In A Motion Picture,1995,2nd Annual,,FALSE
Ed Harris,Nixon,Cast In A Motion Picture,1995,2nd Annual,,FALSE
Ed Herrmann,Nixon,Cast In A Motion Picture,1995,2nd Annual,,FALSE
Fyvush Finkel,Nixon,Cast In A Motion Picture,1995,2nd Annual,,FALSE
J.t. Walsh,Nixon,Cast In A Motion Picture,1995,2nd Annual,,FALSE
James Woods,Nixon,Cast In A Motion Picture,1995,2nd Annual,,FALSE
Joan Allen,Nixon,Cast In A Motion Picture,1995,2nd Annual,,FALSE
Kevin Dunne,Nixon,Cast In A Motion Picture,1995,2nd Annual,,FALSE
Larry Hagman,Nixon,Cast In A Motion Picture,1995,2nd Annual,,FALSE
Madeline Kahn,Nixon,Cast In A Motion Picture,1995,2nd Annual,,FALSE
Mary Steenburgen,Nixon,Cast In A Motion Picture,1995,2nd Annual,,FALSE
Paul Sorvino,Nixon,Cast In A Motion Picture,1995,2nd Annual,,FALSE
Powers Boothe,Nixon,Cast In A Motion Picture,1995,2nd Annual,,FALSE
Tony Goldwyn,Nixon,Cast In A Motion Picture,1995,2nd Annual,,FALSE
Alan Rickman,Sense And Sensibility,Cast In A Motion Picture,1995,2nd Annual,,FALSE
Emma Thompson,Sense And Sensibility,Cast In A Motion Picture,1995,2nd Annual,,FALSE
Hugh Grant,Sense And Sensibility,Cast In A Motion Picture,1995,2nd Annual,,FALSE
Kate Winslet,Sense And Sensibility,Cast In A Motion Picture,1995,2nd Annual,,FALSE
,Cybill,Ensemble In A Comedy Series,1995,2nd Annual,,FALSE
Alan Rosenberg,Cybill,Ensemble In A Comedy Series,1995,2nd Annual,,FALSE
Alicia Witt,Cybill,Ensemble In A Comedy Series,1995,2nd Annual,,FALSE
Christine Baranski,Cybill,Ensemble In A Comedy Series,1995,2nd Annual,,FALSE
Cybill Shepherd,Cybill,Ensemble In A Comedy Series,1995,2nd Annual,,FALSE
Dedee Pfeiffer,Cybill,Ensemble In A Comedy Series,1995,2nd Annual,,FALSE
Tom Wopat,Cybill,Ensemble In A Comedy Series,1995,2nd Annual,,FALSE
,Frasier,Ensemble In A Comedy Series,1995,2nd Annual,,FALSE
Dan Butler,Frasier,Ensemble In A Comedy Series,1995,2nd Annual,,FALSE
David Hyde Pierce,Frasier,Ensemble In A Comedy Series,1995,2nd Annual,,FALSE
Jane Leeves,Frasier,Ensemble In A Comedy Series,1995,2nd Annual,,FALSE
John Mahoney,Frasier,Ensemble In A Comedy Series,1995,2nd Annual,,FALSE
Kelsey Grammer,Frasier,Ensemble In A Comedy Series,1995,2nd Annual,,FALSE
Peri Gilpin,Frasier,Ensemble In A Comedy Series,1995,2nd Annual,,FALSE
,Friends,Ensemble In A Comedy Series,1995,2nd Annual,,TRUE
Courteney Cox,Friends,Ensemble In A Comedy Series,1995,2nd Annual,,TRUE
David Schwimmer,Friends,Ensemble In A Comedy Series,1995,2nd Annual,,TRUE
Jennifer Aniston,Friends,Ensemble In A Comedy Series,1995,2nd Annual,,TRUE
Lisa Kudrow,Friends,Ensemble In A Comedy Series,1995,2nd Annual,,TRUE
Matt Le Blanc,Friends,Ensemble In A Comedy Series,1995,2nd Annual,,TRUE
Matthew Perry,Friends,Ensemble In A Comedy Series,1995,2nd Annual,,TRUE
,Mad About You,Ensemble In A Comedy Series,1995,2nd Annual,,FALSE
Anne Ramsay,Mad About You,Ensemble In A Comedy Series,1995,2nd Annual,,FALSE
Helen Hunt,Mad About You,Ensemble In A Comedy Series,1995,2nd Annual,,FALSE
John Pankow,Mad About You,Ensemble In A Comedy Series,1995,2nd Annual,,FALSE
Leila Kenzle,Mad About You,Ensemble In A Comedy Series,1995,2nd Annual,,FALSE
Paul Reiser,Mad About You,Ensemble In A Comedy Series,1995,2nd Annual,,FALSE
,Seinfeld,Ensemble In A Comedy Series,1995,2nd Annual,,FALSE
Jason Alexander,Seinfeld,Ensemble In A Comedy Series,1995,2nd Annual,,FALSE
Jerry Seinfeld,Seinfeld,Ensemble In A Comedy Series,1995,2nd Annual,,FALSE
Julia Louis-Dreyfus,Seinfeld,Ensemble In A Comedy Series,1995,2nd Annual,,FALSE
Michael Richards,Seinfeld,Ensemble In A Comedy Series,1995,2nd Annual,,FALSE
,Chicago Hope,Ensemble In A Drama Series,1995,2nd Annual,,FALSE
Adam Arkin,Chicago Hope,Ensemble In A Drama Series,1995,2nd Annual,,FALSE
Christine Lahti,Chicago Hope,Ensemble In A Drama Series,1995,2nd Annual,,FALSE
Hector Elizondo,Chicago Hope,Ensemble In A Drama Series,1995,2nd Annual,,FALSE
Jamey Sheridan,Chicago Hope,Ensemble In A Drama Series,1995,2nd Annual,,FALSE
Jayne Brook,Chicago Hope,Ensemble In A Drama Series,1995,2nd Annual,,FALSE
Mandy Patinkin,Chicago Hope,Ensemble In A Drama Series,1995,2nd Annual,,FALSE
Peter Berg,Chicago Hope,Ensemble In A Drama Series,1995,2nd Annual,,FALSE
Peter Macnicol,Chicago Hope,Ensemble In A Drama Series,1995,2nd Annual,,FALSE
Roxanne Hart,Chicago Hope,Ensemble In A Drama Series,1995,2nd Annual,,FALSE
Thomas Gibson,Chicago Hope,Ensemble In A Drama Series,1995,2nd Annual,,FALSE
Vondie Curtis-Hall,Chicago Hope,Ensemble In A Drama Series,1995,2nd Annual,,FALSE
,Er,Ensemble In A Drama Series,1995,2nd Annual,,TRUE
Anthony Edwards,Er,Ensemble In A Drama Series,1995,2nd Annual,,TRUE
Eriq La Salle,Er,Ensemble In A Drama Series,1995,2nd Annual,,TRUE
George Clooney,Er,Ensemble In A Drama Series,1995,2nd Annual,,TRUE
Gloria Reuben,Er,Ensemble In A Drama Series,1995,2nd Annual,,TRUE
Julianna Margulies,Er,Ensemble In A Drama Series,1995,2nd Annual,,TRUE
Noah Wyle,Er,Ensemble In A Drama Series,1995,2nd Annual,,TRUE
Sherry Stringfield,Er,Ensemble In A Drama Series,1995,2nd Annual,,TRUE
,Law & Order,Ensemble In A Drama Series,1995,2nd Annual,,FALSE
Benjamin Bratt,Law & Order,Ensemble In A Drama Series,1995,2nd Annual,,FALSE
Chris Noth,Law & Order,Ensemble In A Drama Series,1995,2nd Annual,,FALSE
Jerry Orbach,Law & Order,Ensemble In A Drama Series,1995,2nd Annual,,FALSE
Jill Hennessey,Law & Order,Ensemble In A Drama Series,1995,2nd Annual,,FALSE
S. Epatha Merkerson,Law & Order,Ensemble In A Drama Series,1995,2nd Annual,,FALSE
Sam Waterston,Law & Order,Ensemble In A Drama Series,1995,2nd Annual,,FALSE
Steven Hill,Law & Order,Ensemble In A Drama Series,1995,2nd Annual,,FALSE
,Nypd Blue,Ensemble In A Drama Series,1995,2nd Annual,,FALSE
Dennis Franz,Nypd Blue,Ensemble In A Drama Series,1995,2nd Annual,,FALSE
Gail O'grady,Nypd Blue,Ensemble In A Drama Series,1995,2nd Annual,,FALSE
Gordon Clapp,Nypd Blue,Ensemble In A Drama Series,1995,2nd Annual,,FALSE
James Mcdaniel,Nypd Blue,Ensemble In A Drama Series,1995,2nd Annual,,FALSE
Jimmy Smits,Nypd Blue,Ensemble In A Drama Series,1995,2nd Annual,,FALSE
Justine Miceli,Nypd Blue,Ensemble In A Drama Series,1995,2nd Annual,,FALSE
Kim Delaney,Nypd Blue,Ensemble In A Drama Series,1995,2nd Annual,,FALSE
Nicholas Turturro,Nypd Blue,Ensemble In A Drama Series,1995,2nd Annual,,FALSE
Sharon Lawrence,Nypd Blue,Ensemble In A Drama Series,1995,2nd Annual,,FALSE
,Picket Fences,Ensemble In A Drama Series,1995,2nd Annual,,FALSE
Adam Wylie,Picket Fences,Ensemble In A Drama Series,1995,2nd Annual,,FALSE
Amy Aquino,Picket Fences,Ensemble In A Drama Series,1995,2nd Annual,,FALSE
Costas Mandylor,Picket Fences,Ensemble In A Drama Series,1995,2nd Annual,,FALSE
Don Cheadle,Picket Fences,Ensemble In A Drama Series,1995,2nd Annual,,FALSE
Fyvush Finkel,Picket Fences,Ensemble In A Drama Series,1995,2nd Annual,,FALSE
Holly Marie Combs,Picket Fences,Ensemble In A Drama Series,1995,2nd Annual,,FALSE
Justin Shenkarow,Picket Fences,Ensemble In A Drama Series,1995,2nd Annual,,FALSE
Kathy Baker,Picket Fences,Ensemble In A Drama Series,1995,2nd Annual,,FALSE
Kelly Connell,Picket Fences,Ensemble In A Drama Series,1995,2nd Annual,,FALSE
Lauren Holly,Picket Fences,Ensemble In A Drama Series,1995,2nd Annual,,FALSE
Marlee Matlin,Picket Fences,Ensemble In A Drama Series,1995,2nd Annual,,FALSE
Ray Walston,Picket Fences,Ensemble In A Drama Series,1995,2nd Annual,,FALSE
Tom Skerritt,Picket Fences,Ensemble In A Drama Series,1995,2nd Annual,,FALSE
Christine Baranski,Cybill,Female In A Comedy Series,1995,2nd Annual,,TRUE
Lisa Kudrow,Friends,Female In A Comedy Series,1995,2nd Annual,,FALSE
Helen Hunt,Mad About You,Female In A Comedy Series,1995,2nd Annual,,FALSE
Candice Bergen,Murphy Brown,Female In A Comedy Series,1995,2nd Annual,,FALSE
Julia Louis-Dreyfus,Seinfeld,Female In A Comedy Series,1995,2nd Annual,,FALSE
Christine Lahti,Chicago Hope,Female In A Drama Series,1995,2nd Annual,,FALSE
Julianna Margulies,Er,Female In A Drama Series,1995,2nd Annual,,FALSE
Sharon Lawrence,Nypd Blue,Female In A Drama Series,1995,2nd Annual,,FALSE
Sela Ward,Sisters,Female In A Drama Series,1995,2nd Annual,,FALSE
Gillian Anderson,The X-Files,Female In A Drama Series,1995,2nd Annual,,TRUE
Susan Sarandon,Dead Man Walking,Female Lead In A Motion Picture,1995,2nd Annual,Actress in a Leading Role,TRUE
Elisabeth Shue,Leaving Las Vegas,Female Lead In A Motion Picture,1995,2nd Annual,Actress in a Leading Role,FALSE
Joan Allen,Nixon,Female Lead In A Motion Picture,1995,2nd Annual,Actress in a Leading Role,FALSE
Emma Thompson,Sense And Sensibility,Female Lead In A Motion Picture,1995,2nd Annual,Actress in a Leading Role,FALSE
Meryl Streep,The Bridges Of Madison County,Female Lead In A Motion Picture,1995,2nd Annual,Actress in a Leading Role,FALSE
Mare Winningham,Georgia,Female Support In A Motion Picture,1995,2nd Annual,Actress in a Supporting Role,FALSE
Mira Sorvino,Mighty Aphrodite,Female Support In A Motion Picture,1995,2nd Annual,Actress in a Supporting Role,FALSE
Kate Winslet,Sense And Sensibility,Female Support In A Motion Picture,1995,2nd Annual,Actress in a Supporting Role,TRUE
Stockard Channing,Smoke,Female Support In A Motion Picture,1995,2nd Annual,Actress in a Supporting Role,FALSE
Anjelica Huston,The Crossing Guard,Female Support In A Motion Picture,1995,2nd Annual,Actress in a Supporting Role,FALSE
Sally Field,A Woman Of Independent Means,Female In A Television Movie Or Limited Series,1995,2nd Annual,,FALSE
Sela Ward,Almost Golden:the Jessica Savitch Story,Female In A Television Movie Or Limited Series,1995,2nd Annual,,FALSE
Anjelica Huston,Buffalo Girls,Female In A Television Movie Or Limited Series,1995,2nd Annual,,FALSE
Glenn Close,Serving In Silence,Female In A Television Movie Or Limited Series,1995,2nd Annual,,FALSE
Alfre Woodard,"The Piano Lesson, Hallmark Hall Of Fame",Female In A Television Movie Or Limited Series,1995,2nd Annual,,TRUE
Angela Lansbury,N/A,Life Achievement,1995,2nd Annual,,TRUE
David Hyde Pierce,Frasier,Male In A Comedy Series,1995,2nd Annual,,TRUE
Kelsey Grammer,Frasier,Male In A Comedy Series,1995,2nd Annual,,FALSE
Paul Reiser,Mad About You,Male In A Comedy Series,1995,2nd Annual,,FALSE
Jason Alexander,Seinfeld,Male In A Comedy Series,1995,2nd Annual,,FALSE
Michael Richards,Seinfeld,Male In A Comedy Series,1995,2nd Annual,,FALSE
Anthony Edwards,Er,Male In A Drama Series,1995,2nd Annual,,TRUE
George Clooney,Er,Male In A Drama Series,1995,2nd Annual,,FALSE
Dennis Franz,Nypd Blue,Male In A Drama Series,1995,2nd Annual,,FALSE
Jimmy Smits,Nypd Blue,Male In A Drama Series,1995,2nd Annual,,FALSE
David Duchovny,The X-Files,Male In A Drama Series,1995,2nd Annual,,FALSE
James Earl Jones,Cry The Beloved Country,Male Lead In A Motion Picture,1995,2nd Annual,Actor in a Leading Role,FALSE
Sean Penn,Dead Man Walking,Male Lead In A Motion Picture,1995,2nd Annual,Actor in a Leading Role,FALSE
Nicolas Cage,Leaving Las Vegas,Male Lead In A Motion Picture,1995,2nd Annual,Actor in a Leading Role,TRUE
Anthony Hopkins,Nixon,Male Lead In A Motion Picture,1995,2nd Annual,Actor in a Leading Role,FALSE
Massimo Troisi,The Postman / Il Postino,Male Lead In A Motion Picture,1995,2nd Annual,Actor in a Leading Role,FALSE
Ed Harris,Apollo 13,Male Support In A Motion Picture,1995,2nd Annual,Actor in a Supporting Role,TRUE
Don Cheadle,Devil In A Blue Dress,Male Support In A Motion Picture,1995,2nd Annual,Actor in a Supporting Role,FALSE
Kevin Bacon,Murder In The First,Male Support In A Motion Picture,1995,2nd Annual,Actor in a Supporting Role,FALSE
Kenneth Branagh,Othello,Male Support In A Motion Picture,1995,2nd Annual,Actor in a Supporting Role,FALSE
Kevin Spacey,The Usual Suspects,Male Support In A Motion Picture,1995,2nd Annual,Actor in a Supporting Role,FALSE
Alec Baldwin,A Streetcar Named Desire,Male In A Television Movie Or Limited Series,1995,2nd Annual,,FALSE
Tommy Lee Jones,The Good Old Boys,Male In A Television Movie Or Limited Series,1995,2nd Annual,,FALSE
James Garner,The Rockford Files,Male In A Television Movie Or Limited Series,1995,2nd Annual,,FALSE
Laurence Fishburne,The Tuskegee Airmen,Male In A Television Movie Or Limited Series,1995,2nd Annual,,FALSE
Gary Sinise,Truman,Male In A Television Movie Or Limited Series,1995,2nd Annual,,TRUE
,Frasier,Ensemble In A Comedy Series,1994,1st Annual,,FALSE
David Hyde Pierce,Frasier,Ensemble In A Comedy Series,1994,1st Annual,,FALSE
Jane Leeves,Frasier,Ensemble In A Comedy Series,1994,1st Annual,,FALSE
John Mahoney,Frasier,Ensemble In A Comedy Series,1994,1st Annual,,FALSE
Kelsey Grammer,Frasier,Ensemble In A Comedy Series,1994,1st Annual,,FALSE
Peri Gilpin,Frasier,Ensemble In A Comedy Series,1994,1st Annual,,FALSE
,Mad About You,Ensemble In A Comedy Series,1994,1st Annual,,FALSE
Anne Ramsay,Mad About You,Ensemble In A Comedy Series,1994,1st Annual,,FALSE
Helen Hunt,Mad About You,Ensemble In A Comedy Series,1994,1st Annual,,FALSE
John Pankow,Mad About You,Ensemble In A Comedy Series,1994,1st Annual,,FALSE
Leila Kenzle,Mad About You,Ensemble In A Comedy Series,1994,1st Annual,,FALSE
Lisa Kudrow,Mad About You,Ensemble In A Comedy Series,1994,1st Annual,,FALSE
Paul Reiser,Mad About You,Ensemble In A Comedy Series,1994,1st Annual,,FALSE
Richard Kind,Mad About You,Ensemble In A Comedy Series,1994,1st Annual,,FALSE
,Murphy Brown,Ensemble In A Comedy Series,1994,1st Annual,,FALSE
Candice Bergen,Murphy Brown,Ensemble In A Comedy Series,1994,1st Annual,,FALSE
Charles Kimbrough,Murphy Brown,Ensemble In A Comedy Series,1994,1st Annual,,FALSE
Faith Ford,Murphy Brown,Ensemble In A Comedy Series,1994,1st Annual,,FALSE
Grant Shaud,Murphy Brown,Ensemble In A Comedy Series,1994,1st Annual,,FALSE
Joe Regalbuto,Murphy Brown,Ensemble In A Comedy Series,1994,1st Annual,,FALSE
Pat Corley,Murphy Brown,Ensemble In A Comedy Series,1994,1st Annual,,FALSE
,Northern Exposure,Ensemble In A Comedy Series,1994,1st Annual,,FALSE
Barry Corbin,Northern Exposure,Ensemble In A Comedy Series,1994,1st Annual,,FALSE
Cynthia Geary,Northern Exposure,Ensemble In A Comedy Series,1994,1st Annual,,FALSE
Darren E. Burrows,Northern Exposure,Ensemble In A Comedy Series,1994,1st Annual,,FALSE
Elaine Miles,Northern Exposure,Ensemble In A Comedy Series,1994,1st Annual,,FALSE
Janine Turner,Northern Exposure,Ensemble In A Comedy Series,1994,1st Annual,,FALSE
John Corbett,Northern Exposure,Ensemble In A Comedy Series,1994,1st Annual,,FALSE
John Cullum,Northern Exposure,Ensemble In A Comedy Series,1994,1st Annual,,FALSE
Paul Provenza,Northern Exposure,Ensemble In A Comedy Series,1994,1st Annual,,FALSE
Peg Phillips,Northern Exposure,Ensemble In A Comedy Series,1994,1st Annual,,FALSE
Rob Morrow,Northern Exposure,Ensemble In A Comedy Series,1994,1st Annual,,FALSE
Teri Polo,Northern Exposure,Ensemble In A Comedy Series,1994,1st Annual,,FALSE
,Seinfeld,Ensemble In A Comedy Series,1994,1st Annual,,TRUE
Jason Alexander,Seinfeld,Ensemble In A Comedy Series,1994,1st Annual,,TRUE
Jerry Seinfeld,Seinfeld,Ensemble In A Comedy Series,1994,1st Annual,,TRUE
Julia Louis-Dreyfus,Seinfeld,Ensemble In A Comedy Series,1994,1st Annual,,TRUE
Michael Richards,Seinfeld,Ensemble In A Comedy Series,1994,1st Annual,,TRUE
,Chicago Hope,Ensemble In A Drama Series,1994,1st Annual,,FALSE
Adam Arkin,Chicago Hope,Ensemble In A Drama Series,1994,1st Annual,,FALSE
E.g. Marshall,Chicago Hope,Ensemble In A Drama Series,1994,1st Annual,,FALSE
Hector Elizondo,Chicago Hope,Ensemble In A Drama Series,1994,1st Annual,,FALSE
Mandy Patinkin,Chicago Hope,Ensemble In A Drama Series,1994,1st Annual,,FALSE
Peter Macnicol,Chicago Hope,Ensemble In A Drama Series,1994,1st Annual,,FALSE
Roxanne Hart,Chicago Hope,Ensemble In A Drama Series,1994,1st Annual,,FALSE
Thomas Gibson,Chicago Hope,Ensemble In A Drama Series,1994,1st Annual,,FALSE
,Er,Ensemble In A Drama Series,1994,1st Annual,,FALSE
Anthony Edwards,Er,Ensemble In A Drama Series,1994,1st Annual,,FALSE
Eriq Lasalle,Er,Ensemble In A Drama Series,1994,1st Annual,,FALSE
George Clooney,Er,Ensemble In A Drama Series,1994,1st Annual,,FALSE
Julianna Margulies,Er,Ensemble In A Drama Series,1994,1st Annual,,FALSE
Noah Wyle,Er,Ensemble In A Drama Series,1994,1st Annual,,FALSE
Sherry Stringfield,Er,Ensemble In A Drama Series,1994,1st Annual,,FALSE
,Law & Order,Ensemble In A Drama Series,1994,1st Annual,,FALSE
Chris Noth,Law & Order,Ensemble In A Drama Series,1994,1st Annual,,FALSE
Jerry Orbach,Law & Order,Ensemble In A Drama Series,1994,1st Annual,,FALSE
Jill Hennessey,Law & Order,Ensemble In A Drama Series,1994,1st Annual,,FALSE
S. Epatha Merkerson,Law & Order,Ensemble In A Drama Series,1994,1st Annual,,FALSE
Sam Waterston,Law & Order,Ensemble In A Drama Series,1994,1st Annual,,FALSE
Steven Hill,Law & Order,Ensemble In A Drama Series,1994,1st Annual,,FALSE
,Nypd Blue,Ensemble In A Drama Series,1994,1st Annual,,TRUE
Dennis Franz,Nypd Blue,Ensemble In A Drama Series,1994,1st Annual,,TRUE
Gail O'grady,Nypd Blue,Ensemble In A Drama Series,1994,1st Annual,,TRUE
Gordon Clapp,Nypd Blue,Ensemble In A Drama Series,1994,1st Annual,,TRUE
James Mcdaniel,Nypd Blue,Ensemble In A Drama Series,1994,1st Annual,,TRUE
Jimmy Smits,Nypd Blue,Ensemble In A Drama Series,1994,1st Annual,,TRUE
Nicholas Turturro,Nypd Blue,Ensemble In A Drama Series,1994,1st Annual,,TRUE
Sharon Lawrence,Nypd Blue,Ensemble In A Drama Series,1994,1st Annual,,TRUE
,Picket Fences,Ensemble In A Drama Series,1994,1st Annual,,FALSE
Adam Wylie,Picket Fences,Ensemble In A Drama Series,1994,1st Annual,,FALSE
Costas Mandylor,Picket Fences,Ensemble In A Drama Series,1994,1st Annual,,FALSE
Don Cheadle,Picket Fences,Ensemble In A Drama Series,1994,1st Annual,,FALSE
Fyvush Finkel,Picket Fences,Ensemble In A Drama Series,1994,1st Annual,,FALSE
Holly Marie Combs,Picket Fences,Ensemble In A Drama Series,1994,1st Annual,,FALSE
Justin Shenkarow,Picket Fences,Ensemble In A Drama Series,1994,1st Annual,,FALSE
Kathy Baker,Picket Fences,Ensemble In A Drama Series,1994,1st Annual,,FALSE
Kelly Connell,Picket Fences,Ensemble In A Drama Series,1994,1st Annual,,FALSE
Lauren Holly,Picket Fences,Ensemble In A Drama Series,1994,1st Annual,,FALSE
Leigh Taylor-Young,Picket Fences,Ensemble In A Drama Series,1994,1st Annual,,FALSE
Ray Walston,Picket Fences,Ensemble In A Drama Series,1994,1st Annual,,FALSE
Robert Cornthwaite,Picket Fences,Ensemble In A Drama Series,1994,1st Annual,,FALSE
Tom Skerritt,Picket Fences,Ensemble In A Drama Series,1994,1st Annual,,FALSE
Ellen Degeneres,Ellen,Female In A Comedy Series,1994,1st Annual,,FALSE
Helen Hunt,Mad About You,Female In A Comedy Series,1994,1st Annual,,TRUE
Candice Bergen,Murphy Brown,Female In A Comedy Series,1994,1st Annual,,FALSE
Roseanne Barr,Roseanne,Female In A Comedy Series,1994,1st Annual,,FALSE
Julia Louis-Dreyfus,Seinfeld,Female In A Comedy Series,1994,1st Annual,,FALSE
Jane Seymour,Dr. Quinn Medicine Woman,Female In A Drama Series,1994,1st Annual,,FALSE
Angela Lansbury,"Murder, She Wrote",Female In A Drama Series,1994,1st Annual,,FALSE
Kathy Baker,Picket Fences,Female In A Drama Series,1994,1st Annual,,TRUE
Swoosie Kurtz,Sisters,Female In A Drama Series,1994,1st Annual,,FALSE
Cicely Tyson,Sweet Justice,Female In A Drama Series,1994,1st Annual,,FALSE
Jessica Lange,Blue Sky,Female Lead In A Motion Picture,1994,1st Annual,Actress in a Leading Role,FALSE
Jodie Foster,Nell,Female Lead In A Motion Picture,1994,1st Annual,Actress in a Leading Role,TRUE
Susan Sarandon,The Client,Female Lead In A Motion Picture,1994,1st Annual,Actress in a Leading Role,FALSE
Meryl Streep,The River Wild,Female Lead In A Motion Picture,1994,1st Annual,Actress in a Leading Role,FALSE
Meg Ryan,When A Man Loves A Woman,Female Lead In A Motion Picture,1994,1st Annual,Actress in a Leading Role,FALSE
Dianne Wiest,Bullets Over Broadway,Female Support In A Motion Picture,1994,1st Annual,Actress in a Supporting Role,TRUE
Robin Wright,Forrest Gump,Female Support In A Motion Picture,1994,1st Annual,Actress in a Supporting Role,FALSE
Sally Field,Forrest Gump,Female Support In A Motion Picture,1994,1st Annual,Actress in a Supporting Role,FALSE
Uma Thurman,Pulp Fiction,Female Support In A Motion Picture,1994,1st Annual,Actress in a Supporting Role,FALSE
Jamie Lee Curtis,True Lies,Female Support In A Motion Picture,1994,1st Annual,Actress in a Supporting Role,FALSE
Sissy Spacek,A Place For Annie,Female In A Television Movie Or Limited Series,1994,1st Annual,,FALSE
Diane Keaton,Amelia Earhart:the Final Flight,Female In A Television Movie Or Limited Series,1994,1st Annual,,FALSE
Joanne Woodward,Breathing Lessons,Female In A Television Movie Or Limited Series,1994,1st Annual,,TRUE
Katherine Hepburn,One Christmas,Female In A Television Movie Or Limited Series,1994,1st Annual,,FALSE
Cicely Tyson,The Oldest Living Confederate ...,Female In A Television Movie Or Limited Series,1994,1st Annual,,FALSE
Robert Redford,N/A,Life Achievement,1994,1st Annual,,TRUE
David Hyde Pierce,Frasier,Male In A Comedy Series,1994,1st Annual,,FALSE
Kelsey Grammer,Frasier,Male In A Comedy Series,1994,1st Annual,,FALSE
Paul Reiser,Mad About You,Male In A Comedy Series,1994,1st Annual,,FALSE
John Goodman,Roseanne,Male In A Comedy Series,1994,1st Annual,,FALSE
Jason Alexander,Seinfeld,Male In A Comedy Series,1994,1st Annual,,TRUE
Hector Elizondo,Chicago Hope,Male In A Drama Series,1994,1st Annual,,FALSE
Mandy Patinkin,Chicago Hope,Male In A Drama Series,1994,1st Annual,,FALSE
Dennis Franz,Nypd Blue,Male In A Drama Series,1994,1st Annual,,TRUE
Tom Skerritt,Picket Fences,Male In A Drama Series,1994,1st Annual,,FALSE
Patrick Stewart,Star Trek: The Next Generation,Male In A Drama Series,1994,1st Annual,,FALSE
Tom Hanks,Forrest Gump,Male Lead In A Motion Picture,1994,1st Annual,Actor in a Leading Role,TRUE
Paul Newman,Nobody's Fool,Male Lead In A Motion Picture,1994,1st Annual,Actor in a Leading Role,FALSE
John Travolta,Pulp Fiction,Male Lead In A Motion Picture,1994,1st Annual,Actor in a Leading Role,FALSE
Morgan Freeman,The Shawshank Redemption,Male Lead In A Motion Picture,1994,1st Annual,Actor in a Leading Role,FALSE
Tim Robbins,The Shawshank Redemption,Male Lead In A Motion Picture,1994,1st Annual,Actor in a Leading Role,FALSE
Chazz Palminteri,Bullets Over Broadway,Male Support In A Motion Picture,1994,1st Annual,Actor in a Supporting Role,FALSE
Martin Landau,Ed Wood,Male Support In A Motion Picture,1994,1st Annual,Actor in a Supporting Role,TRUE
Gary Sinise,Forrest Gump,Male Support In A Motion Picture,1994,1st Annual,Actor in a Supporting Role,FALSE
Samuel L. Jackson,Pulp Fiction,Male Support In A Motion Picture,1994,1st Annual,Actor in a Supporting Role,FALSE
John Turturro,Quiz Show,Male Support In A Motion Picture,1994,1st Annual,Actor in a Supporting Role,FALSE
John Malkovich,Heart Of Darkness,Male In A Television Movie Or Limited Series,1994,1st Annual,,FALSE
Gary Sinise,Stephen King's The Stand,Male In A Television Movie Or Limited Series,1994,1st Annual,,FALSE
Raul Julia,The Burning Season,Male In A Television Movie Or Limited Series,1994,1st Annual,,TRUE
Forest Whitaker,The Enemy Within,Male In A Television Movie Or Limited Series,1994,1st Annual,,FALSE
James Garner,The Rockford Files:i Still Love L.a.,Male In A Television Movie Or Limited Series,1994,1st Annual,,FALSE
George Burns,N/A,Life Achievement,1993,,,TRUE
Ricardo Montalban,N/A,Life Achievement,1992,,,TRUE
Audrey Hepburn,N/A,Life Achievement,1991,,,TRUE
Burt Lancaster,N/A,Life Achievement,1990,,,TRUE
Brock Peters,N/A,Life Achievement,1989,,,TRUE
Jack Lemmon,N/A,Life Achievement,1988,,,TRUE
Gene Kelly,N/A,Life Achievement,1987,,,TRUE
Red Skelton,N/A,Life Achievement,1986,,,TRUE
Nanette Fabray,N/A,Life Achievement,1985,,,TRUE
Joanne Woodward,N/A,Life Achievement,1984,,,TRUE
Paul Newman,N/A,Life Achievement,1984,,,TRUE
Iggie Wolfingtin,N/A,Life Achievement,1983,,,TRUE
Ralph Bellamy,N/A,Life Achievement,1982,,,TRUE
Danny Kaye,N/A,Life Achievement,1981,,,TRUE
Leon Ames,N/A,Life Achievement,1979,,,TRUE
Katharine Hepburn,N/A,Life Achievement,1978,,,TRUE
Edgar Bergen,N/A,Life Achievement,1977,,,TRUE
James Cagney,N/A,Life Achievement,1976,,,TRUE
Pearl Bailey,N/A,Life Achievement,1975,,,TRUE
Rosalind Russell,N/A,Life Achievement,1974,,,TRUE
Walter Pidgeon,N/A,Life Achievement,1973,,,TRUE
Martha Raye,N/A,Life Achievement,1972,,,TRUE
Frank Sinatra,N/A,Life Achievement,1971,,,TRUE
Charlton Heston,N/A,Life Achievement,1970,,,TRUE
Gregory Peck,N/A,Life Achievement,1969,,,TRUE
Edward G. Robinson,N/A,Life Achievement,1968,,,TRUE
James Stewart,N/A,Life Achievement,1967,,,TRUE
William Gargan,N/A,Life Achievement,1966,,,TRUE
Barbara Stanwyck,N/A,Life Achievement,1965,,,TRUE
Bob Hope,N/A,Life Achievement,1964,,,TRUE
Stan Laurel,N/A,Life Achievement,1962,,,TRUE
Eddie Cantor,N/A,Life Achievement,1961,,,TRUE
,F1,Stunt Ensemble In A Motion Picture,2025,32nd Annual,,FALSE
,Frankenstein,Stunt Ensemble In A Motion Picture,2025,32nd Annual,,FALSE
,The Final Reckoning,Stunt Ensemble In A Motion Picture,2025,32nd Annual,,FALSE
,One Battle After Another,Stunt Ensemble In A Motion Picture,2025,32nd Annual,,FALSE
,Sinners,Stunt Ensemble In A Motion Picture,2025,32nd Annual,,FALSE
Timothée Chalamet,Marty Supreme,Male Lead In A Motion Picture,2025,32nd Annual,Actor in a Leading Role,FALSE
Leonardo Dicaprio,One Battle After Another,Male Lead In A Motion Picture,2025,32nd Annual,Actor in a Leading Role,FALSE
Ethan Hawke,Blue Moon,Male Lead In A Motion Picture,2025,32nd Annual,Actor in a Leading Role,FALSE
Michael B. Jordan,Sinners,Male Lead In A Motion Picture,2025,32nd Annual,Actor in a Leading Role,FALSE
Jesse Plemons,Bugonia,Male Lead In A Motion Picture,2025,32nd Annual,Actor in a Leading Role,FALSE
Jessie Buckley,Hamnet,Female Lead In A Motion Picture,2025,32nd Annual,Actress in a Leading Role,FALSE
Rose Byrne,If I Had Legs I'd Kick You,Female Lead In A Motion Picture,2025,32nd Annual,Actress in a Leading Role,FALSE
Kate Hudson,Song Sung Blue,Female Lead In A Motion Picture,2025,32nd Annual,Actress in a Leading Role,FALSE
Chase Infiniti,One Battle After Another,Female Lead In A Motion Picture,2025,32nd Annual,Actress in a Leading Role,FALSE
Emma Stone,Bugonia,Female Lead In A Motion Picture,2025,32nd Annual,Actress in a Leading Role,FALSE
Miles Caton,Sinners,Male Support In A Motion Picture,2025,32nd Annual,Actor in a Supporting Role,FALSE
Benicio Del Toro,One Battle After Another,Male Support In A Motion Picture,2025,32nd Annual,Actor in a Supporting Role,FALSE
Jacob Elordi,Frankenstein,Male Support In A Motion Picture,2025,32nd Annual,Actor in a Supporting Role,FALSE
Paul Mescal,Hamnet,Male Support In A Motion Picture,2025,32nd Annual,Actor in a Supporting Role,FALSE
Sean Penn,One Battle After Another,Male Support In A Motion Picture,2025,32nd Annual,Actor in a Supporting Role,FALSE
Odessa A'zion,Marty Supreme,Female Support In A Motion Picture,2025,32nd Annual,Actress in a Supporting Role,FALSE
Ariana Grande,Wicked: For Good,Female Support In A Motion Picture,2025,32nd Annual,Actress in a Supporting Role,FALSE
Amy Madigan,Weapons,Female Support In A Motion Picture,2025,32nd Annual,Actress in a Supporting Role,FALSE
Wunmi Mosaku,Sinners,Female Support In A Motion Picture,2025,32nd Annual,Actress in a Supporting Role,FALSE
Teyana Taylor,One Battle After Another,Female Support In A Motion Picture,2025,32nd Annual,Actress in a Supporting Role,FALSE
David Bradley,Frankenstein,Cast In A Motion Picture,2025,32nd Annual,,FALSE
Christian Convery,Frankenstein,Cast In A Motion Picture,2025,32nd Annual,,FALSE
Charles Dance,Frankenstein,Cast In A Motion Picture,2025,32nd Annual,,FALSE
Jacob Elordi,Frankenstein,Cast In A Motion Picture,2025,32nd Annual,,FALSE
Mia Goth,Frankenstein,Cast In A Motion Picture,2025,32nd Annual,,FALSE
Oscar Isaac,Frankenstein,Cast In A Motion Picture,2025,32nd Annual,,FALSE
Felix Kammerer,Frankenstein,Cast In A Motion Picture,2025,32nd Annual,,FALSE
Lars Mikkelsen,Frankenstein,Cast In A Motion Picture,2025,32nd Annual,,FALSE
Christoph Waltz,Frankenstein,Cast In A Motion Picture,2025,32nd Annual,,FALSE
Joe Alwyn,Hamnet,Cast In A Motion Picture,2025,32nd Annual,,FALSE
Jessie Buckley,Hamnet,Cast In A Motion Picture,2025,32nd Annual,,FALSE
Noah Jupe,Hamnet,Cast In A Motion Picture,2025,32nd Annual,,FALSE
Paul Mescal,Hamnet,Cast In A Motion Picture,2025,32nd Annual,,FALSE
Emily Watson,Hamnet,Cast In A Motion Picture,2025,32nd Annual,,FALSE
Odessa A'zion,Marty Supreme,Cast In A Motion Picture,2025,32nd Annual,,FALSE
Sandra Bernhard,Marty Supreme,Cast In A Motion Picture,2025,32nd Annual,,FALSE
Timothée Chalamet,Marty Supreme,Cast In A Motion Picture,2025,32nd Annual,,FALSE
Emory Cohen,Marty Supreme,Cast In A Motion Picture,2025,32nd Annual,,FALSE
Fran Drescher,Marty Supreme,Cast In A Motion Picture,2025,32nd Annual,,FALSE
Abel Ferrara,Marty Supreme,Cast In A Motion Picture,2025,32nd Annual,,FALSE
Penn Jillette,Marty Supreme,Cast In A Motion Picture,2025,32nd Annual,,FALSE
Koto Kawaguchi,Marty Supreme,Cast In A Motion Picture,2025,32nd Annual,,FALSE
Luke Manley,Marty Supreme,Cast In A Motion Picture,2025,32nd Annual,,FALSE
Tyler Okonma,Marty Supreme,Cast In A Motion Picture,2025,32nd Annual,,FALSE
Kevin O'leary,Marty Supreme,Cast In A Motion Picture,2025,32nd Annual,,FALSE
Gwyneth Paltrow,Marty Supreme,Cast In A Motion Picture,2025,32nd Annual,,FALSE
Géza Röhrig,Marty Supreme,Cast In A Motion Picture,2025,32nd Annual,,FALSE
Larry Sloman,Marty Supreme,Cast In A Motion Picture,2025,32nd Annual,,FALSE
Benicio Del Toro,One Battle After Another,Cast In A Motion Picture,2025,32nd Annual,,FALSE
Leonardo Dicaprio,One Battle After Another,Cast In A Motion Picture,2025,32nd Annual,,FALSE
Regina Hall,One Battle After Another,Cast In A Motion Picture,2025,32nd Annual,,FALSE
Chase Infiniti,One Battle After Another,Cast In A Motion Picture,2025,32nd Annual,,FALSE
Sean Penn,One Battle After Another,Cast In A Motion Picture,2025,32nd Annual,,FALSE
Teyana Taylor,One Battle After Another,Cast In A Motion Picture,2025,32nd Annual,,FALSE
Miles Caton,Sinners,Cast In A Motion Picture,2025,32nd Annual,,FALSE
Buddy Guy,Sinners,Cast In A Motion Picture,2025,32nd Annual,,FALSE
Michael B. Jordan,Sinners,Cast In A Motion Picture,2025,32nd Annual,,FALSE
Jayme Lawson,Sinners,Cast In A Motion Picture,2025,32nd Annual,,FALSE
Delroy Lindo,Sinners,Cast In A Motion Picture,2025,32nd Annual,,FALSE
Omar Miller,Sinners,Cast In A Motion Picture,2025,32nd Annual,,FALSE
Wunmi Mosaku,Sinners,Cast In A Motion Picture,2025,32nd Annual,,FALSE
Jack O'connell,Sinners,Cast In A Motion Picture,2025,32nd Annual,,FALSE
Hailee Steinfeld,Sinners,Cast In A Motion Picture,2025,32nd Annual,,FALSE