Year,Category,Film,Nominee,Concordance,Won
1989,Darryl F. Zanuck Award for Outstanding Producer of Theatrical Motion Pictures,Driving Miss Daisy,Lili Fini Zanuck,Live-Action Feature-Length Film,TRUE
1989,Darryl F. Zanuck Award for Outstanding Producer of Theatrical Motion Pictures,Driving Miss Daisy,Richard D. Zanuck,Live-Action Feature-Length Film,TRUE
1990,Darryl F. Zanuck Award for Outstanding Producer of Theatrical Motion Pictures,Dances with Wolves,Jim Wilson,Live-Action Feature-Length Film,TRUE
1990,Darryl F. Zanuck Award for Outstanding Producer of Theatrical Motion Pictures,Dances with Wolves,Kevin Costner,Live-Action Feature-Length Film,TRUE
1991,Darryl F. Zanuck Award for Outstanding Producer of Theatrical Motion Pictures,The Silence of the Lambs,Edward Saxon,Live-Action Feature-Length Film,TRUE
1991,Darryl F. Zanuck Award for Outstanding Producer of Theatrical Motion Pictures,The Silence of the Lambs,Kenneth Utt,Live-Action Feature-Length Film,TRUE
1991,Darryl F. Zanuck Award for Outstanding Producer of Theatrical Motion Pictures,The Silence of the Lambs,Ron Bozman,Live-Action Feature-Length Film,TRUE
1991,Darryl F. Zanuck Award for Outstanding Producer of Theatrical Motion Pictures,At Play in the Fields of the Lord,Saul Zaentz,Live-Action Feature-Length Film,FALSE
1991,Darryl F. Zanuck Award for Outstanding Producer of Theatrical Motion Pictures,Boyz n the Hood,Steve Nicolaides,Live-Action Feature-Length Film,FALSE
1991,Darryl F. Zanuck Award for Outstanding Producer of Theatrical Motion Pictures,The Commitments,Roger Randall-Cutler,Live-Action Feature-Length Film,FALSE
1991,Darryl F. Zanuck Award for Outstanding Producer of Theatrical Motion Pictures,The Commitments,Lynda Myles,Live-Action Feature-Length Film,FALSE
1991,Darryl F. Zanuck Award for Outstanding Producer of Theatrical Motion Pictures,JFK,A. Kitman Ho,Live-Action Feature-Length Film,FALSE
1991,Darryl F. Zanuck Award for Outstanding Producer of Theatrical Motion Pictures,JFK,Oliver Stone,Live-Action Feature-Length Film,FALSE
1991,Darryl F. Zanuck Award for Outstanding Producer of Theatrical Motion Pictures,The Prince of Tides,Barbra Streisand,Live-Action Feature-Length Film,FALSE
1991,Darryl F. Zanuck Award for Outstanding Producer of Theatrical Motion Pictures,The Prince of Tides,Andrew Karsch,Live-Action Feature-Length Film,FALSE
1992,Darryl F. Zanuck Award for Outstanding Producer of Theatrical Motion Pictures,The Crying Game,Stephen Woolley,Live-Action Feature-Length Film,TRUE
1992,Darryl F. Zanuck Award for Outstanding Producer of Theatrical Motion Pictures,A Few Good Men,Rob Reiner,Live-Action Feature-Length Film,FALSE
1992,Darryl F. Zanuck Award for Outstanding Producer of Theatrical Motion Pictures,A Few Good Men,David Brown,Live-Action Feature-Length Film,FALSE
1992,Darryl F. Zanuck Award for Outstanding Producer of Theatrical Motion Pictures,A Few Good Men,Andrew Scheinman,Live-Action Feature-Length Film,FALSE
1992,Darryl F. Zanuck Award for Outstanding Producer of Theatrical Motion Pictures,Howards End,Ismail Merchant,Live-Action Feature-Length Film,FALSE
1992,Darryl F. Zanuck Award for Outstanding Producer of Theatrical Motion Pictures,Scent of a Woman,Martin Brest,Live-Action Feature-Length Film,FALSE
1992,Darryl F. Zanuck Award for Outstanding Producer of Theatrical Motion Pictures,Unforgiven,Clint Eastwood,Live-Action Feature-Length Film,FALSE
1992,Darryl F. Zanuck Award for Outstanding Producer of Theatrical Motion Pictures,Unforgiven,David Valdes,Live-Action Feature-Length Film,FALSE
1993,Darryl F. Zanuck Award for Outstanding Producer of Theatrical Motion Pictures,Schindler's List,Steven Spielberg,Live-Action Feature-Length Film,TRUE
1993,Darryl F. Zanuck Award for Outstanding Producer of Theatrical Motion Pictures,Schindler's List,Gerald R. Molen,Live-Action Feature-Length Film,TRUE
1993,Darryl F. Zanuck Award for Outstanding Producer of Theatrical Motion Pictures,Schindler's List,Branko Lustig,Live-Action Feature-Length Film,TRUE
1993,Darryl F. Zanuck Award for Outstanding Producer of Theatrical Motion Pictures,The Fugitive,Arnold Kopelson,Live-Action Feature-Length Film,FALSE
1993,Darryl F. Zanuck Award for Outstanding Producer of Theatrical Motion Pictures,In the Name of the Father,Jim Sheridan,Live-Action Feature-Length Film,FALSE
1993,Darryl F. Zanuck Award for Outstanding Producer of Theatrical Motion Pictures,The Piano,Jan Chapman,Live-Action Feature-Length Film,FALSE
1993,Darryl F. Zanuck Award for Outstanding Producer of Theatrical Motion Pictures,The Remains of the Day,Mike Nichols,Live-Action Feature-Length Film,FALSE
1993,Darryl F. Zanuck Award for Outstanding Producer of Theatrical Motion Pictures,The Remains of the Day,John Calley,Live-Action Feature-Length Film,FALSE
1993,Darryl F. Zanuck Award for Outstanding Producer of Theatrical Motion Pictures,The Remains of the Day,Ismail Merchant,Live-Action Feature-Length Film,FALSE
1994,Darryl F. Zanuck Award for Outstanding Producer of Theatrical Motion Pictures,Forrest Gump,Wendy Finerman,Live-Action Feature-Length Film,TRUE
1994,Darryl F. Zanuck Award for Outstanding Producer of Theatrical Motion Pictures,Forrest Gump,Steve Tisch,Live-Action Feature-Length Film,TRUE
1994,Darryl F. Zanuck Award for Outstanding Producer of Theatrical Motion Pictures,Forrest Gump,Steve Starkey,Live-Action Feature-Length Film,TRUE
1994,Darryl F. Zanuck Award for Outstanding Producer of Theatrical Motion Pictures,Four Weddings and a Funeral,Duncan Kenworthy,Live-Action Feature-Length Film,FALSE
1994,Darryl F. Zanuck Award for Outstanding Producer of Theatrical Motion Pictures,Pulp Fiction,Lawrence Bender,Live-Action Feature-Length Film,FALSE
1994,Darryl F. Zanuck Award for Outstanding Producer of Theatrical Motion Pictures,Quiz Show,Robert Redford,Live-Action Feature-Length Film,FALSE
1994,Darryl F. Zanuck Award for Outstanding Producer of Theatrical Motion Pictures,Quiz Show,Michael Jacobs,Live-Action Feature-Length Film,FALSE
1994,Darryl F. Zanuck Award for Outstanding Producer of Theatrical Motion Pictures,Quiz Show,Julian Krainin,Live-Action Feature-Length Film,FALSE
1994,Darryl F. Zanuck Award for Outstanding Producer of Theatrical Motion Pictures,Quiz Show,Michael Nozik,Live-Action Feature-Length Film,FALSE
1994,Darryl F. Zanuck Award for Outstanding Producer of Theatrical Motion Pictures,The Shawshank Redemption,Niki Marvin,Live-Action Feature-Length Film,FALSE
1995,Darryl F. Zanuck Award for Outstanding Producer of Theatrical Motion Pictures,Apollo 13,Brian Grazer,Live-Action Feature-Length Film,TRUE
1995,Darryl F. Zanuck Award for Outstanding Producer of Theatrical Motion Pictures,The American President,Rob Reiner,Live-Action Feature-Length Film,FALSE
1995,Darryl F. Zanuck Award for Outstanding Producer of Theatrical Motion Pictures,The Bridges of Madison County,Clint Eastwood,Live-Action Feature-Length Film,FALSE
1995,Darryl F. Zanuck Award for Outstanding Producer of Theatrical Motion Pictures,The Bridges of Madison County,Kathleen Kennedy,Live-Action Feature-Length Film,FALSE
1995,Darryl F. Zanuck Award for Outstanding Producer of Theatrical Motion Pictures,Dead Man Walking,Jon Kilik,Live-Action Feature-Length Film,FALSE
1995,Darryl F. Zanuck Award for Outstanding Producer of Theatrical Motion Pictures,Dead Man Walking,Tim Robbins,Live-Action Feature-Length Film,FALSE
1995,Darryl F. Zanuck Award for Outstanding Producer of Theatrical Motion Pictures,Il Postino: The Postman,Mario Cecchi Gori,Live-Action Feature-Length Film,FALSE
1995,Darryl F. Zanuck Award for Outstanding Producer of Theatrical Motion Pictures,Il Postino: The Postman,Vittorio Cecchi Gori,Live-Action Feature-Length Film,FALSE
1995,Darryl F. Zanuck Award for Outstanding Producer of Theatrical Motion Pictures,Il Postino: The Postman,Gaetano Daniele,Live-Action Feature-Length Film,FALSE
1995,Darryl F. Zanuck Award for Outstanding Producer of Theatrical Motion Pictures,Leaving Las Vegas,Lila Cazès,Live-Action Feature-Length Film,FALSE
1995,Darryl F. Zanuck Award for Outstanding Producer of Theatrical Motion Pictures,Leaving Las Vegas,Annie Stewart,Live-Action Feature-Length Film,FALSE
1995,Darryl F. Zanuck Award for Outstanding Producer of Theatrical Motion Pictures,Sense and Sensibility,Lindsay Doran,Live-Action Feature-Length Film,FALSE
1996,Darryl F. Zanuck Award for Outstanding Producer of Theatrical Motion Pictures,The English Patient,Saul Zaentz,Live-Action Feature-Length Film,TRUE
1996,Darryl F. Zanuck Award for Outstanding Producer of Theatrical Motion Pictures,Fargo,Ethan Coen,Live-Action Feature-Length Film,FALSE
1996,Darryl F. Zanuck Award for Outstanding Producer of Theatrical Motion Pictures,Hamlet,David Barron,Live-Action Feature-Length Film,FALSE
1996,Darryl F. Zanuck Award for Outstanding Producer of Theatrical Motion Pictures,The People vs. Larry Flynt,Oliver Stone,Live-Action Feature-Length Film,FALSE
1996,Darryl F. Zanuck Award for Outstanding Producer of Theatrical Motion Pictures,The People vs. Larry Flynt,Janet Yang,Live-Action Feature-Length Film,FALSE
1996,Darryl F. Zanuck Award for Outstanding Producer of Theatrical Motion Pictures,The People vs. Larry Flynt,Michael Hausman,Live-Action Feature-Length Film,FALSE
1996,Darryl F. Zanuck Award for Outstanding Producer of Theatrical Motion Pictures,Shine,Jane Scott,Live-Action Feature-Length Film,FALSE
1997,Darryl F. Zanuck Award for Outstanding Producer of Theatrical Motion Pictures,Titanic,James Cameron,Live-Action Feature-Length Film,TRUE
1997,Darryl F. Zanuck Award for Outstanding Producer of Theatrical Motion Pictures,Titanic,Jon Landau,Live-Action Feature-Length Film,TRUE
1997,Darryl F. Zanuck Award for Outstanding Producer of Theatrical Motion Pictures,Amistad,Steven Spielberg,Live-Action Feature-Length Film,FALSE
1997,Darryl F. Zanuck Award for Outstanding Producer of Theatrical Motion Pictures,Amistad,Debbie Allen,Live-Action Feature-Length Film,FALSE
1997,Darryl F. Zanuck Award for Outstanding Producer of Theatrical Motion Pictures,Amistad,Colin Wilson,Live-Action Feature-Length Film,FALSE
1997,Darryl F. Zanuck Award for Outstanding Producer of Theatrical Motion Pictures,As Good as It Gets,James L. Brooks,Live-Action Feature-Length Film,FALSE
1997,Darryl F. Zanuck Award for Outstanding Producer of Theatrical Motion Pictures,As Good as It Gets,Bridget Johnson,Live-Action Feature-Length Film,FALSE
1997,Darryl F. Zanuck Award for Outstanding Producer of Theatrical Motion Pictures,As Good as It Gets,Kristi Zea,Live-Action Feature-Length Film,FALSE
1997,Darryl F. Zanuck Award for Outstanding Producer of Theatrical Motion Pictures,Good Will Hunting,Lawrence Bender,Live-Action Feature-Length Film,FALSE
1997,Darryl F. Zanuck Award for Outstanding Producer of Theatrical Motion Pictures,L.A. Confidential,Arnon Milchan,Live-Action Feature-Length Film,FALSE
1997,Darryl F. Zanuck Award for Outstanding Producer of Theatrical Motion Pictures,L.A. Confidential,Curtis Hanson,Live-Action Feature-Length Film,FALSE
1997,Darryl F. Zanuck Award for Outstanding Producer of Theatrical Motion Pictures,L.A. Confidential,Michael Nathanson,Live-Action Feature-Length Film,FALSE
1998,Darryl F. Zanuck Award for Outstanding Producer of Theatrical Motion Pictures,Saving Private Ryan,Steven Spielberg,Live-Action Feature-Length Film,TRUE
1998,Darryl F. Zanuck Award for Outstanding Producer of Theatrical Motion Pictures,Saving Private Ryan,Allison Lyon Segan,Live-Action Feature-Length Film,TRUE
1998,Darryl F. Zanuck Award for Outstanding Producer of Theatrical Motion Pictures,Saving Private Ryan,Bonnie Curtis,Live-Action Feature-Length Film,TRUE
1998,Darryl F. Zanuck Award for Outstanding Producer of Theatrical Motion Pictures,Saving Private Ryan,Ian Bryce,Live-Action Feature-Length Film,TRUE
1998,Darryl F. Zanuck Award for Outstanding Producer of Theatrical Motion Pictures,Saving Private Ryan,Mark Gordon,Live-Action Feature-Length Film,TRUE
1998,Darryl F. Zanuck Award for Outstanding Producer of Theatrical Motion Pictures,Saving Private Ryan,Gary Levinsohn,Live-Action Feature-Length Film,TRUE
1998,Darryl F. Zanuck Award for Outstanding Producer of Theatrical Motion Pictures,Gods and Monsters,Paul Colichman,Live-Action Feature-Length Film,FALSE
1998,Darryl F. Zanuck Award for Outstanding Producer of Theatrical Motion Pictures,Gods and Monsters,Gregg Fienberg,Live-Action Feature-Length Film,FALSE
1998,Darryl F. Zanuck Award for Outstanding Producer of Theatrical Motion Pictures,Gods and Monsters,Mark Harris,Live-Action Feature-Length Film,FALSE
1998,Darryl F. Zanuck Award for Outstanding Producer of Theatrical Motion Pictures,Life Is Beautiful,Elda Ferri,Live-Action Feature-Length Film,FALSE
1998,Darryl F. Zanuck Award for Outstanding Producer of Theatrical Motion Pictures,Life Is Beautiful,Gianluigi Braschi,Live-Action Feature-Length Film,FALSE
1998,Darryl F. Zanuck Award for Outstanding Producer of Theatrical Motion Pictures,Shakespeare in Love,David Parfitt,Live-Action Feature-Length Film,FALSE
1998,Darryl F. Zanuck Award for Outstanding Producer of Theatrical Motion Pictures,Shakespeare in Love,Donna Gigliotti,Live-Action Feature-Length Film,FALSE
1998,Darryl F. Zanuck Award for Outstanding Producer of Theatrical Motion Pictures,Shakespeare in Love,Harvey Weinstein,Live-Action Feature-Length Film,FALSE
1998,Darryl F. Zanuck Award for Outstanding Producer of Theatrical Motion Pictures,Shakespeare in Love,Edward Zwick,Live-Action Feature-Length Film,FALSE
1998,Darryl F. Zanuck Award for Outstanding Producer of Theatrical Motion Pictures,Shakespeare in Love,Marc Norman,Live-Action Feature-Length Film,FALSE
1998,Darryl F. Zanuck Award for Outstanding Producer of Theatrical Motion Pictures,Waking Ned,Glynis Murray,Live-Action Feature-Length Film,FALSE
1998,Darryl F. Zanuck Award for Outstanding Producer of Theatrical Motion Pictures,Waking Ned,Richard Holmes,Live-Action Feature-Length Film,FALSE
1999,Darryl F. Zanuck Award for Outstanding Producer of Theatrical Motion Pictures,American Beauty,Bruce Cohen,Live-Action Feature-Length Film,TRUE
1999,Darryl F. Zanuck Award for Outstanding Producer of Theatrical Motion Pictures,American Beauty,Dan Jinks,Live-Action Feature-Length Film,TRUE
1999,Darryl F. Zanuck Award for Outstanding Producer of Theatrical Motion Pictures,Being John Malkovich,Michael Stipe,Live-Action Feature-Length Film,FALSE
1999,Darryl F. Zanuck Award for Outstanding Producer of Theatrical Motion Pictures,Being John Malkovich,Sandy Stern,Live-Action Feature-Length Film,FALSE
1999,Darryl F. Zanuck Award for Outstanding Producer of Theatrical Motion Pictures,Being John Malkovich,Steve Golin,Live-Action Feature-Length Film,FALSE
1999,Darryl F. Zanuck Award for Outstanding Producer of Theatrical Motion Pictures,Being John Malkovich,Vincent Landay,Live-Action Feature-Length Film,FALSE
1999,Darryl F. Zanuck Award for Outstanding Producer of Theatrical Motion Pictures,The Cider House Rules,Richard N. Gladstein,Live-Action Feature-Length Film,FALSE
1999,Darryl F. Zanuck Award for Outstanding Producer of Theatrical Motion Pictures,The Hurricane,Norman Jewison,Live-Action Feature-Length Film,FALSE
1999,Darryl F. Zanuck Award for Outstanding Producer of Theatrical Motion Pictures,The Hurricane,Armyan Bernstein,Live-Action Feature-Length Film,FALSE
1999,Darryl F. Zanuck Award for Outstanding Producer of Theatrical Motion Pictures,The Hurricane,John Ketcham,Live-Action Feature-Length Film,FALSE
1999,Darryl F. Zanuck Award for Outstanding Producer of Theatrical Motion Pictures,The Insider,Michael Mann,Live-Action Feature-Length Film,FALSE
1999,Darryl F. Zanuck Award for Outstanding Producer of Theatrical Motion Pictures,The Insider,Pieter Jan Brugge,Live-Action Feature-Length Film,FALSE
2000,Darryl F. Zanuck Award for Outstanding Producer of Theatrical Motion Pictures,Gladiator,Douglas Wick,Live-Action Feature-Length Film,TRUE
2000,Darryl F. Zanuck Award for Outstanding Producer of Theatrical Motion Pictures,Gladiator,Branko Lustig,Live-Action Feature-Length Film,TRUE
2000,Darryl F. Zanuck Award for Outstanding Producer of Theatrical Motion Pictures,Almost Famous,Cameron Crowe,Live-Action Feature-Length Film,FALSE
2000,Darryl F. Zanuck Award for Outstanding Producer of Theatrical Motion Pictures,Almost Famous,Ian Bryce,Live-Action Feature-Length Film,FALSE
2000,Darryl F. Zanuck Award for Outstanding Producer of Theatrical Motion Pictures,Billy Elliot,Greg Brenman,Live-Action Feature-Length Film,FALSE
2000,Darryl F. Zanuck Award for Outstanding Producer of Theatrical Motion Pictures,Billy Elliot,Jon Finn,Live-Action Feature-Length Film,FALSE
2000,Darryl F. Zanuck Award for Outstanding Producer of Theatrical Motion Pictures,"Crouching Tiger, Hidden Dragon",William Kong,Live-Action Feature-Length Film,FALSE
2000,Darryl F. Zanuck Award for Outstanding Producer of Theatrical Motion Pictures,"Crouching Tiger, Hidden Dragon",Hsu Li-kong,Live-Action Feature-Length Film,FALSE
2000,Darryl F. Zanuck Award for Outstanding Producer of Theatrical Motion Pictures,"Crouching Tiger, Hidden Dragon",Ang Lee,Live-Action Feature-Length Film,FALSE
2000,Darryl F. Zanuck Award for Outstanding Producer of Theatrical Motion Pictures,Erin Brockovich,Danny DeVito,Live-Action Feature-Length Film,FALSE
2000,Darryl F. Zanuck Award for Outstanding Producer of Theatrical Motion Pictures,Erin Brockovich,Michael Shamberg,Live-Action Feature-Length Film,FALSE
2000,Darryl F. Zanuck Award for Outstanding Producer of Theatrical Motion Pictures,Erin Brockovich,Stacey Sher,Live-Action Feature-Length Film,FALSE
2001,Darryl F. Zanuck Award for Outstanding Producer of Theatrical Motion Pictures,Moulin Rouge!,Baz Luhrmann,Live-Action Feature-Length Film,TRUE
2001,Darryl F. Zanuck Award for Outstanding Producer of Theatrical Motion Pictures,Moulin Rouge!,Fred Baron,Live-Action Feature-Length Film,TRUE
2001,Darryl F. Zanuck Award for Outstanding Producer of Theatrical Motion Pictures,Moulin Rouge!,Martin Brown,Live-Action Feature-Length Film,TRUE
2001,Darryl F. Zanuck Award for Outstanding Producer of Theatrical Motion Pictures,A Beautiful Mind,Brian Grazer,Live-Action Feature-Length Film,FALSE
2001,Darryl F. Zanuck Award for Outstanding Producer of Theatrical Motion Pictures,A Beautiful Mind,Ron Howard,Live-Action Feature-Length Film,FALSE
2001,Darryl F. Zanuck Award for Outstanding Producer of Theatrical Motion Pictures,Harry Potter and the Sorcerer's Stone,David Heyman,Live-Action Feature-Length Film,FALSE
2001,Darryl F. Zanuck Award for Outstanding Producer of Theatrical Motion Pictures,The Lord of the Rings: The Fellowship of the Ring,Barrie M. Osborne,Live-Action Feature-Length Film,FALSE
2001,Darryl F. Zanuck Award for Outstanding Producer of Theatrical Motion Pictures,The Lord of the Rings: The Fellowship of the Ring,Peter Jackson,Live-Action Feature-Length Film,FALSE
2001,Darryl F. Zanuck Award for Outstanding Producer of Theatrical Motion Pictures,The Lord of the Rings: The Fellowship of the Ring,Fran Walsh,Live-Action Feature-Length Film,FALSE
2001,Darryl F. Zanuck Award for Outstanding Producer of Theatrical Motion Pictures,Shrek,Aron Warner,Live-Action Feature-Length Film,FALSE
2001,Darryl F. Zanuck Award for Outstanding Producer of Theatrical Motion Pictures,Shrek,John H. Williams,Live-Action Feature-Length Film,FALSE
2001,Darryl F. Zanuck Award for Outstanding Producer of Theatrical Motion Pictures,Shrek,Jeffrey Katzenberg,Live-Action Feature-Length Film,FALSE
2002,Darryl F. Zanuck Award for Outstanding Producer of Theatrical Motion Pictures,Chicago,Martin Richards,Live-Action Feature-Length Film,TRUE
2002,Darryl F. Zanuck Award for Outstanding Producer of Theatrical Motion Pictures,Adaptation,Edward Saxon,Live-Action Feature-Length Film,FALSE
2002,Darryl F. Zanuck Award for Outstanding Producer of Theatrical Motion Pictures,Adaptation,Jonathan Demme,Live-Action Feature-Length Film,FALSE
2002,Darryl F. Zanuck Award for Outstanding Producer of Theatrical Motion Pictures,Adaptation,Vincent Landay,Live-Action Feature-Length Film,FALSE
2002,Darryl F. Zanuck Award for Outstanding Producer of Theatrical Motion Pictures,Gangs of New York,Alberto Grimaldi,Live-Action Feature-Length Film,FALSE
2002,Darryl F. Zanuck Award for Outstanding Producer of Theatrical Motion Pictures,Gangs of New York,Harvey Weinstein,Live-Action Feature-Length Film,FALSE
2002,Darryl F. Zanuck Award for Outstanding Producer of Theatrical Motion Pictures,The Lord of the Rings: The Two Towers,Barrie M. Osborne,Live-Action Feature-Length Film,FALSE
2002,Darryl F. Zanuck Award for Outstanding Producer of Theatrical Motion Pictures,The Lord of the Rings: The Two Towers,Peter Jackson,Live-Action Feature-Length Film,FALSE
2002,Darryl F. Zanuck Award for Outstanding Producer of Theatrical Motion Pictures,The Lord of the Rings: The Two Towers,Fran Walsh,Live-Action Feature-Length Film,FALSE
2002,Darryl F. Zanuck Award for Outstanding Producer of Theatrical Motion Pictures,My Big Fat Greek Wedding,Rita Wilson,Live-Action Feature-Length Film,FALSE
2002,Darryl F. Zanuck Award for Outstanding Producer of Theatrical Motion Pictures,My Big Fat Greek Wedding,Tom Hanks,Live-Action Feature-Length Film,FALSE
2002,Darryl F. Zanuck Award for Outstanding Producer of Theatrical Motion Pictures,My Big Fat Greek Wedding,Gary Goetzman,Live-Action Feature-Length Film,FALSE
2002,Darryl F. Zanuck Award for Outstanding Producer of Theatrical Motion Pictures,Road to Perdition,Richard D. Zanuck,Live-Action Feature-Length Film,FALSE
2002,Darryl F. Zanuck Award for Outstanding Producer of Theatrical Motion Pictures,Road to Perdition,Dean Zanuck,Live-Action Feature-Length Film,FALSE
2003,Darryl F. Zanuck Award for Outstanding Producer of Theatrical Motion Pictures,The Lord of the Rings: The Return of the King,Barrie M. Osborne,Live-Action Feature-Length Film,TRUE
2003,Darryl F. Zanuck Award for Outstanding Producer of Theatrical Motion Pictures,The Lord of the Rings: The Return of the King,Peter Jackson,Live-Action Feature-Length Film,TRUE
2003,Darryl F. Zanuck Award for Outstanding Producer of Theatrical Motion Pictures,The Lord of the Rings: The Return of the King,Fran Walsh,Live-Action Feature-Length Film,TRUE
2003,Darryl F. Zanuck Award for Outstanding Producer of Theatrical Motion Pictures,Cold Mountain,Albert Berger,Live-Action Feature-Length Film,FALSE
2003,Darryl F. Zanuck Award for Outstanding Producer of Theatrical Motion Pictures,The Last Samurai,Marshall Herskovitz,Live-Action Feature-Length Film,FALSE
2003,Darryl F. Zanuck Award for Outstanding Producer of Theatrical Motion Pictures,The Last Samurai,Edward Zwick,Live-Action Feature-Length Film,FALSE
2003,Darryl F. Zanuck Award for Outstanding Producer of Theatrical Motion Pictures,The Last Samurai,Tom Cruise,Live-Action Feature-Length Film,FALSE
2003,Darryl F. Zanuck Award for Outstanding Producer of Theatrical Motion Pictures,The Last Samurai,Paula Wagner,Live-Action Feature-Length Film,FALSE
2003,Darryl F. Zanuck Award for Outstanding Producer of Theatrical Motion Pictures,Master and Commander: The Far Side of the World,Samuel Goldwyn Jr.,Live-Action Feature-Length Film,FALSE
2003,Darryl F. Zanuck Award for Outstanding Producer of Theatrical Motion Pictures,Master and Commander: The Far Side of the World,Duncan Henderson,Live-Action Feature-Length Film,FALSE
2003,Darryl F. Zanuck Award for Outstanding Producer of Theatrical Motion Pictures,Master and Commander: The Far Side of the World,Peter Weir,Live-Action Feature-Length Film,FALSE
2003,Darryl F. Zanuck Award for Outstanding Producer of Theatrical Motion Pictures,Mystic River,Robert Lorenz,Live-Action Feature-Length Film,FALSE
2003,Darryl F. Zanuck Award for Outstanding Producer of Theatrical Motion Pictures,Mystic River,Judie Hoyt,Live-Action Feature-Length Film,FALSE
2003,Darryl F. Zanuck Award for Outstanding Producer of Theatrical Motion Pictures,Mystic River,Clint Eastwood,Live-Action Feature-Length Film,FALSE
2003,Darryl F. Zanuck Award for Outstanding Producer of Theatrical Motion Pictures,Seabiscuit,Kathleen Kennedy,Live-Action Feature-Length Film,FALSE
2003,Darryl F. Zanuck Award for Outstanding Producer of Theatrical Motion Pictures,Seabiscuit,Frank Marshall,Live-Action Feature-Length Film,FALSE
2003,Darryl F. Zanuck Award for Outstanding Producer of Theatrical Motion Pictures,Seabiscuit,Gary Ross,Live-Action Feature-Length Film,FALSE
2004,Darryl F. Zanuck Award for Outstanding Producer of Theatrical Motion Pictures,The Aviator,Michael Mann,Live-Action Feature-Length Film,TRUE
2004,Darryl F. Zanuck Award for Outstanding Producer of Theatrical Motion Pictures,The Aviator,Graham King,Live-Action Feature-Length Film,TRUE
2004,Darryl F. Zanuck Award for Outstanding Producer of Theatrical Motion Pictures,Finding Neverland,Richard N. Gladstein,Live-Action Feature-Length Film,FALSE
2004,Darryl F. Zanuck Award for Outstanding Producer of Theatrical Motion Pictures,Finding Neverland,Nellie Bellflower,Live-Action Feature-Length Film,FALSE
2004,Darryl F. Zanuck Award for Outstanding Producer of Theatrical Motion Pictures,The Incredibles,John Walker,Live-Action Feature-Length Film,FALSE
2004,Darryl F. Zanuck Award for Outstanding Producer of Theatrical Motion Pictures,Million Dollar Baby,Clint Eastwood,Live-Action Feature-Length Film,FALSE
2004,Darryl F. Zanuck Award for Outstanding Producer of Theatrical Motion Pictures,Million Dollar Baby,Albert S. Ruddy,Live-Action Feature-Length Film,FALSE
2004,Darryl F. Zanuck Award for Outstanding Producer of Theatrical Motion Pictures,Million Dollar Baby,Tom Rosenberg,Live-Action Feature-Length Film,FALSE
2004,Darryl F. Zanuck Award for Outstanding Producer of Theatrical Motion Pictures,Sideways,Michael London,Live-Action Feature-Length Film,FALSE
2005,Darryl F. Zanuck Award for Outstanding Producer of Theatrical Motion Pictures,Brokeback Mountain,Diana Ossana,Live-Action Feature-Length Film,TRUE
2005,Darryl F. Zanuck Award for Outstanding Producer of Theatrical Motion Pictures,Brokeback Mountain,James Schamus,Live-Action Feature-Length Film,TRUE
2005,Darryl F. Zanuck Award for Outstanding Producer of Theatrical Motion Pictures,Capote,Caroline Baron,Live-Action Feature-Length Film,FALSE
2005,Darryl F. Zanuck Award for Outstanding Producer of Theatrical Motion Pictures,Capote,William Vince,Live-Action Feature-Length Film,FALSE
2005,Darryl F. Zanuck Award for Outstanding Producer of Theatrical Motion Pictures,Capote,Michael Ohoven,Live-Action Feature-Length Film,FALSE
2005,Darryl F. Zanuck Award for Outstanding Producer of Theatrical Motion Pictures,Crash,Paul Haggis,Live-Action Feature-Length Film,FALSE
2005,Darryl F. Zanuck Award for Outstanding Producer of Theatrical Motion Pictures,Crash,Cathy Schulman,Live-Action Feature-Length Film,FALSE
2005,Darryl F. Zanuck Award for Outstanding Producer of Theatrical Motion Pictures,"Good Night, and Good Luck",Grant Heslov,Live-Action Feature-Length Film,FALSE
2005,Darryl F. Zanuck Award for Outstanding Producer of Theatrical Motion Pictures,Walk the Line,James Keach,Live-Action Feature-Length Film,FALSE
2005,Darryl F. Zanuck Award for Outstanding Producer of Theatrical Motion Pictures,Walk the Line,Cathy Konrad,Live-Action Feature-Length Film,FALSE
2006,Darryl F. Zanuck Award for Outstanding Producer of Theatrical Motion Pictures,Little Miss Sunshine,Albert Berger,Live-Action Feature-Length Film,TRUE
2006,Darryl F. Zanuck Award for Outstanding Producer of Theatrical Motion Pictures,Little Miss Sunshine,David T. Friendly,Live-Action Feature-Length Film,TRUE
2006,Darryl F. Zanuck Award for Outstanding Producer of Theatrical Motion Pictures,Little Miss Sunshine,Peter Saraf,Live-Action Feature-Length Film,TRUE
2006,Darryl F. Zanuck Award for Outstanding Producer of Theatrical Motion Pictures,Little Miss Sunshine,Marc Turtletaub,Live-Action Feature-Length Film,TRUE
2006,Darryl F. Zanuck Award for Outstanding Producer of Theatrical Motion Pictures,Little Miss Sunshine,Ron Yerxa,Live-Action Feature-Length Film,TRUE
2006,Darryl F. Zanuck Award for Outstanding Producer of Theatrical Motion Pictures,Babel,Steve Golin,Live-Action Feature-Length Film,FALSE
2006,Darryl F. Zanuck Award for Outstanding Producer of Theatrical Motion Pictures,Babel,Alejandro González Iñárritu,Live-Action Feature-Length Film,FALSE
2006,Darryl F. Zanuck Award for Outstanding Producer of Theatrical Motion Pictures,Babel,Jon Kilik,Live-Action Feature-Length Film,FALSE
2006,Darryl F. Zanuck Award for Outstanding Producer of Theatrical Motion Pictures,The Departed,Graham King,Live-Action Feature-Length Film,FALSE
2006,Darryl F. Zanuck Award for Outstanding Producer of Theatrical Motion Pictures,Dreamgirls,Laurence Mark,Live-Action Feature-Length Film,FALSE
2006,Darryl F. Zanuck Award for Outstanding Producer of Theatrical Motion Pictures,The Queen,Andy Harries,Live-Action Feature-Length Film,FALSE
2006,Darryl F. Zanuck Award for Outstanding Producer of Theatrical Motion Pictures,The Queen,Christine Langan,Live-Action Feature-Length Film,FALSE
2006,Darryl F. Zanuck Award for Outstanding Producer of Theatrical Motion Pictures,The Queen,Tracey Seaward,Live-Action Feature-Length Film,FALSE
2007,Darryl F. Zanuck Award for Outstanding Producer of Theatrical Motion Pictures,No Country for Old Men,Scott Rudin,Live-Action Feature-Length Film,TRUE
2007,Darryl F. Zanuck Award for Outstanding Producer of Theatrical Motion Pictures,No Country for Old Men,Joel Coen,Live-Action Feature-Length Film,TRUE
2007,Darryl F. Zanuck Award for Outstanding Producer of Theatrical Motion Pictures,No Country for Old Men,Ethan Coen,Live-Action Feature-Length Film,TRUE
2007,Darryl F. Zanuck Award for Outstanding Producer of Theatrical Motion Pictures,The Diving Bell and the Butterfly,Kathleen Kennedy,Live-Action Feature-Length Film,FALSE
2007,Darryl F. Zanuck Award for Outstanding Producer of Theatrical Motion Pictures,The Diving Bell and the Butterfly,Jon Kilik,Live-Action Feature-Length Film,FALSE
2007,Darryl F. Zanuck Award for Outstanding Producer of Theatrical Motion Pictures,Juno,Lianne Halfon,Live-Action Feature-Length Film,FALSE
2007,Darryl F. Zanuck Award for Outstanding Producer of Theatrical Motion Pictures,Juno,Mason Novick,Live-Action Feature-Length Film,FALSE
2007,Darryl F. Zanuck Award for Outstanding Producer of Theatrical Motion Pictures,Juno,Russell Smith,Live-Action Feature-Length Film,FALSE
2007,Darryl F. Zanuck Award for Outstanding Producer of Theatrical Motion Pictures,Michael Clayton,Jennifer Fox,Live-Action Feature-Length Film,FALSE
2007,Darryl F. Zanuck Award for Outstanding Producer of Theatrical Motion Pictures,Michael Clayton,Kerry Orent,Live-Action Feature-Length Film,FALSE
2007,Darryl F. Zanuck Award for Outstanding Producer of Theatrical Motion Pictures,Michael Clayton,Sydney Pollack,Live-Action Feature-Length Film,FALSE
2007,Darryl F. Zanuck Award for Outstanding Producer of Theatrical Motion Pictures,There Will Be Blood,Paul Thomas Anderson,Live-Action Feature-Length Film,FALSE
2007,Darryl F. Zanuck Award for Outstanding Producer of Theatrical Motion Pictures,There Will Be Blood,Daniel Lupi,Live-Action Feature-Length Film,FALSE
2007,Darryl F. Zanuck Award for Outstanding Producer of Theatrical Motion Pictures,There Will Be Blood,JoAnne Sellar,Live-Action Feature-Length Film,FALSE
2008,Darryl F. Zanuck Award for Outstanding Producer of Theatrical Motion Pictures,Slumdog Millionaire,Christian Colson,Live-Action Feature-Length Film,TRUE
2008,Darryl F. Zanuck Award for Outstanding Producer of Theatrical Motion Pictures,The Curious Case of Benjamin Button,Kathleen Kennedy,Live-Action Feature-Length Film,FALSE
2008,Darryl F. Zanuck Award for Outstanding Producer of Theatrical Motion Pictures,The Curious Case of Benjamin Button,Frank Marshall,Live-Action Feature-Length Film,FALSE
2008,Darryl F. Zanuck Award for Outstanding Producer of Theatrical Motion Pictures,The Curious Case of Benjamin Button,Ceán Chaffin,Live-Action Feature-Length Film,FALSE
2008,Darryl F. Zanuck Award for Outstanding Producer of Theatrical Motion Pictures,The Dark Knight,Christopher Nolan,Live-Action Feature-Length Film,FALSE
2008,Darryl F. Zanuck Award for Outstanding Producer of Theatrical Motion Pictures,The Dark Knight,Emma Thomas,Live-Action Feature-Length Film,FALSE
2008,Darryl F. Zanuck Award for Outstanding Producer of Theatrical Motion Pictures,The Dark Knight,Charles Roven,Live-Action Feature-Length Film,FALSE
2008,Darryl F. Zanuck Award for Outstanding Producer of Theatrical Motion Pictures,Frost/Nixon,Ron Howard,Live-Action Feature-Length Film,FALSE
2008,Darryl F. Zanuck Award for Outstanding Producer of Theatrical Motion Pictures,Frost/Nixon,Brian Grazer,Live-Action Feature-Length Film,FALSE
2008,Darryl F. Zanuck Award for Outstanding Producer of Theatrical Motion Pictures,Frost/Nixon,Eric Fellner,Live-Action Feature-Length Film,FALSE
2008,Darryl F. Zanuck Award for Outstanding Producer of Theatrical Motion Pictures,Milk,Bruce Cohen,Live-Action Feature-Length Film,FALSE
2008,Darryl F. Zanuck Award for Outstanding Producer of Theatrical Motion Pictures,Milk,Dan Jinks,Live-Action Feature-Length Film,FALSE
2009,Darryl F. Zanuck Award for Outstanding Producer of Theatrical Motion Pictures,The Hurt Locker,Kathryn Bigelow,Live-Action Feature-Length Film,TRUE
2009,Darryl F. Zanuck Award for Outstanding Producer of Theatrical Motion Pictures,The Hurt Locker,Mark Boal,Live-Action Feature-Length Film,TRUE
2009,Darryl F. Zanuck Award for Outstanding Producer of Theatrical Motion Pictures,The Hurt Locker,Nicolas Chartier,Live-Action Feature-Length Film,TRUE
2009,Darryl F. Zanuck Award for Outstanding Producer of Theatrical Motion Pictures,The Hurt Locker,Greg Shapiro,Live-Action Feature-Length Film,TRUE
2009,Darryl F. Zanuck Award for Outstanding Producer of Theatrical Motion Pictures,Avatar,James Cameron,Live-Action Feature-Length Film,FALSE
2009,Darryl F. Zanuck Award for Outstanding Producer of Theatrical Motion Pictures,Avatar,Jon Landau,Live-Action Feature-Length Film,FALSE
2009,Darryl F. Zanuck Award for Outstanding Producer of Theatrical Motion Pictures,District 9,Peter Jackson,Live-Action Feature-Length Film,FALSE
2009,Darryl F. Zanuck Award for Outstanding Producer of Theatrical Motion Pictures,District 9,Carolynne Cunningham,Live-Action Feature-Length Film,FALSE
2009,Darryl F. Zanuck Award for Outstanding Producer of Theatrical Motion Pictures,An Education,Finola Dwyer,Live-Action Feature-Length Film,FALSE
2009,Darryl F. Zanuck Award for Outstanding Producer of Theatrical Motion Pictures,An Education,Amanda Posey,Live-Action Feature-Length Film,FALSE
2009,Darryl F. Zanuck Award for Outstanding Producer of Theatrical Motion Pictures,Inglourious Basterds,Lawrence Bender,Live-Action Feature-Length Film,FALSE
2009,Darryl F. Zanuck Award for Outstanding Producer of Theatrical Motion Pictures,Invictus,Clint Eastwood,Live-Action Feature-Length Film,FALSE
2009,Darryl F. Zanuck Award for Outstanding Producer of Theatrical Motion Pictures,Invictus,Lori McCreary,Live-Action Feature-Length Film,FALSE
2009,Darryl F. Zanuck Award for Outstanding Producer of Theatrical Motion Pictures,Invictus,Robert Lorenz,Live-Action Feature-Length Film,FALSE
2009,Darryl F. Zanuck Award for Outstanding Producer of Theatrical Motion Pictures,Invictus,Mace Neufeld,Live-Action Feature-Length Film,FALSE
2009,Darryl F. Zanuck Award for Outstanding Producer of Theatrical Motion Pictures,Precious,Lee Daniels,Live-Action Feature-Length Film,FALSE
2009,Darryl F. Zanuck Award for Outstanding Producer of Theatrical Motion Pictures,Precious,Sarah Siegel-Magness,Live-Action Feature-Length Film,FALSE
2009,Darryl F. Zanuck Award for Outstanding Producer of Theatrical Motion Pictures,Precious,Gary Magness,Live-Action Feature-Length Film,FALSE
2009,Darryl F. Zanuck Award for Outstanding Producer of Theatrical Motion Pictures,Star Trek,J. J. Abrams,Live-Action Feature-Length Film,FALSE
2009,Darryl F. Zanuck Award for Outstanding Producer of Theatrical Motion Pictures,Star Trek,Damon Lindelof,Live-Action Feature-Length Film,FALSE
2009,Darryl F. Zanuck Award for Outstanding Producer of Theatrical Motion Pictures,Up,Jonas Rivera,Live-Action Feature-Length Film,FALSE
2009,Darryl F. Zanuck Award for Outstanding Producer of Theatrical Motion Pictures,Up in the Air,Ivan Reitman,Live-Action Feature-Length Film,FALSE
2009,Darryl F. Zanuck Award for Outstanding Producer of Theatrical Motion Pictures,Up in the Air,Jason Reitman,Live-Action Feature-Length Film,FALSE
2009,Darryl F. Zanuck Award for Outstanding Producer of Theatrical Motion Pictures,Up in the Air,Daniel Dubiecki,Live-Action Feature-Length Film,FALSE
2010,Darryl F. Zanuck Award for Outstanding Producer of Theatrical Motion Pictures,The King's Speech,Iain Canning,Live-Action Feature-Length Film,TRUE
2010,Darryl F. Zanuck Award for Outstanding Producer of Theatrical Motion Pictures,The King's Speech,Emile Sherman,Live-Action Feature-Length Film,TRUE
2010,Darryl F. Zanuck Award for Outstanding Producer of Theatrical Motion Pictures,The King's Speech,Gareth Unwin,Live-Action Feature-Length Film,TRUE
2010,Darryl F. Zanuck Award for Outstanding Producer of Theatrical Motion Pictures,127 Hours,Danny Boyle,Live-Action Feature-Length Film,FALSE
2010,Darryl F. Zanuck Award for Outstanding Producer of Theatrical Motion Pictures,127 Hours,Christian Colson,Live-Action Feature-Length Film,FALSE
2010,Darryl F. Zanuck Award for Outstanding Producer of Theatrical Motion Pictures,Black Swan,Scott Franklin,Live-Action Feature-Length Film,FALSE
2010,Darryl F. Zanuck Award for Outstanding Producer of Theatrical Motion Pictures,Black Swan,Mike Medavoy,Live-Action Feature-Length Film,FALSE
2010,Darryl F. Zanuck Award for Outstanding Producer of Theatrical Motion Pictures,Black Swan,Brian Oliver,Live-Action Feature-Length Film,FALSE
2010,Darryl F. Zanuck Award for Outstanding Producer of Theatrical Motion Pictures,The Fighter,David Hoberman,Live-Action Feature-Length Film,FALSE
2010,Darryl F. Zanuck Award for Outstanding Producer of Theatrical Motion Pictures,The Fighter,Todd Lieberman,Live-Action Feature-Length Film,FALSE
2010,Darryl F. Zanuck Award for Outstanding Producer of Theatrical Motion Pictures,The Fighter,Mark Wahlberg,Live-Action Feature-Length Film,FALSE
2010,Darryl F. Zanuck Award for Outstanding Producer of Theatrical Motion Pictures,Inception,Christopher Nolan,Live-Action Feature-Length Film,FALSE
2010,Darryl F. Zanuck Award for Outstanding Producer of Theatrical Motion Pictures,Inception,Emma Thomas,Live-Action Feature-Length Film,FALSE
2010,Darryl F. Zanuck Award for Outstanding Producer of Theatrical Motion Pictures,The Kids Are All Right,Gary Gilbert,Live-Action Feature-Length Film,FALSE
2010,Darryl F. Zanuck Award for Outstanding Producer of Theatrical Motion Pictures,The Kids Are All Right,Jeffrey Levy-Hinte,Live-Action Feature-Length Film,FALSE
2010,Darryl F. Zanuck Award for Outstanding Producer of Theatrical Motion Pictures,The Kids Are All Right,Celine Rattray,Live-Action Feature-Length Film,FALSE
2010,Darryl F. Zanuck Award for Outstanding Producer of Theatrical Motion Pictures,The Social Network,Dana Brunetti,Live-Action Feature-Length Film,FALSE
2010,Darryl F. Zanuck Award for Outstanding Producer of Theatrical Motion Pictures,The Social Network,Ceán Chaffin,Live-Action Feature-Length Film,FALSE
2010,Darryl F. Zanuck Award for Outstanding Producer of Theatrical Motion Pictures,The Social Network,Michael De Luca,Live-Action Feature-Length Film,FALSE
2010,Darryl F. Zanuck Award for Outstanding Producer of Theatrical Motion Pictures,The Social Network,Scott Rudin,Live-Action Feature-Length Film,FALSE
2010,Darryl F. Zanuck Award for Outstanding Producer of Theatrical Motion Pictures,The Town,Basil Iwanyk,Live-Action Feature-Length Film,FALSE
2010,Darryl F. Zanuck Award for Outstanding Producer of Theatrical Motion Pictures,The Town,Graham King,Live-Action Feature-Length Film,FALSE
2010,Darryl F. Zanuck Award for Outstanding Producer of Theatrical Motion Pictures,Toy Story 3,Darla K. Anderson,Live-Action Feature-Length Film,FALSE
2010,Darryl F. Zanuck Award for Outstanding Producer of Theatrical Motion Pictures,True Grit,Joel Coen,Live-Action Feature-Length Film,FALSE
2010,Darryl F. Zanuck Award for Outstanding Producer of Theatrical Motion Pictures,True Grit,Ethan Coen,Live-Action Feature-Length Film,FALSE
2010,Darryl F. Zanuck Award for Outstanding Producer of Theatrical Motion Pictures,True Grit,Scott Rudin,Live-Action Feature-Length Film,FALSE
2011,Darryl F. Zanuck Award for Outstanding Producer of Theatrical Motion Pictures,The Artist,Thomas Langmann,Live-Action Feature-Length Film,TRUE
2011,Darryl F. Zanuck Award for Outstanding Producer of Theatrical Motion Pictures,Bridesmaids,Judd Apatow,Live-Action Feature-Length Film,FALSE
2011,Darryl F. Zanuck Award for Outstanding Producer of Theatrical Motion Pictures,Bridesmaids,Barry Mendel,Live-Action Feature-Length Film,FALSE
2011,Darryl F. Zanuck Award for Outstanding Producer of Theatrical Motion Pictures,Bridesmaids,Clayton Townsend,Live-Action Feature-Length Film,FALSE
2011,Darryl F. Zanuck Award for Outstanding Producer of Theatrical Motion Pictures,The Descendants,Jim Burke,Live-Action Feature-Length Film,FALSE
2011,Darryl F. Zanuck Award for Outstanding Producer of Theatrical Motion Pictures,The Descendants,Alexander Payne,Live-Action Feature-Length Film,FALSE
2011,Darryl F. Zanuck Award for Outstanding Producer of Theatrical Motion Pictures,The Descendants,Jim Taylor,Live-Action Feature-Length Film,FALSE
2011,Darryl F. Zanuck Award for Outstanding Producer of Theatrical Motion Pictures,The Girl with the Dragon Tattoo,Ceán Chaffin,Live-Action Feature-Length Film,FALSE
2011,Darryl F. Zanuck Award for Outstanding Producer of Theatrical Motion Pictures,The Girl with the Dragon Tattoo,Scott Rudin,Live-Action Feature-Length Film,FALSE
2011,Darryl F. Zanuck Award for Outstanding Producer of Theatrical Motion Pictures,The Help,Michael Barnathan,Live-Action Feature-Length Film,FALSE
2011,Darryl F. Zanuck Award for Outstanding Producer of Theatrical Motion Pictures,The Help,Chris Columbus,Live-Action Feature-Length Film,FALSE
2011,Darryl F. Zanuck Award for Outstanding Producer of Theatrical Motion Pictures,The Help,Brunson Green,Live-Action Feature-Length Film,FALSE
2011,Darryl F. Zanuck Award for Outstanding Producer of Theatrical Motion Pictures,Hugo,Graham King,Live-Action Feature-Length Film,FALSE
2011,Darryl F. Zanuck Award for Outstanding Producer of Theatrical Motion Pictures,Hugo,Martin Scorsese,Live-Action Feature-Length Film,FALSE
2011,Darryl F. Zanuck Award for Outstanding Producer of Theatrical Motion Pictures,The Ides of March,George Clooney,Live-Action Feature-Length Film,FALSE
2011,Darryl F. Zanuck Award for Outstanding Producer of Theatrical Motion Pictures,The Ides of March,Grant Heslov,Live-Action Feature-Length Film,FALSE
2011,Darryl F. Zanuck Award for Outstanding Producer of Theatrical Motion Pictures,The Ides of March,Brian Oliver,Live-Action Feature-Length Film,FALSE
2011,Darryl F. Zanuck Award for Outstanding Producer of Theatrical Motion Pictures,Midnight in Paris,Letty Aronson,Live-Action Feature-Length Film,FALSE
2011,Darryl F. Zanuck Award for Outstanding Producer of Theatrical Motion Pictures,Midnight in Paris,Stephen Tenenbaum,Live-Action Feature-Length Film,FALSE
2011,Darryl F. Zanuck Award for Outstanding Producer of Theatrical Motion Pictures,Moneyball,Michael De Luca,Live-Action Feature-Length Film,FALSE
2011,Darryl F. Zanuck Award for Outstanding Producer of Theatrical Motion Pictures,Moneyball,Rachael Horovitz,Live-Action Feature-Length Film,FALSE
2011,Darryl F. Zanuck Award for Outstanding Producer of Theatrical Motion Pictures,Moneyball,Brad Pitt,Live-Action Feature-Length Film,FALSE
2011,Darryl F. Zanuck Award for Outstanding Producer of Theatrical Motion Pictures,War Horse,Kathleen Kennedy,Live-Action Feature-Length Film,FALSE
2011,Darryl F. Zanuck Award for Outstanding Producer of Theatrical Motion Pictures,War Horse,Steven Spielberg,Live-Action Feature-Length Film,FALSE
2012,Darryl F. Zanuck Award for Outstanding Producer of Theatrical Motion Pictures,Argo,Ben Affleck,Live-Action Feature-Length Film,TRUE
2012,Darryl F. Zanuck Award for Outstanding Producer of Theatrical Motion Pictures,Argo,George Clooney,Live-Action Feature-Length Film,TRUE
2012,Darryl F. Zanuck Award for Outstanding Producer of Theatrical Motion Pictures,Argo,Grant Heslov,Live-Action Feature-Length Film,TRUE
2012,Darryl F. Zanuck Award for Outstanding Producer of Theatrical Motion Pictures,Beasts of the Southern Wild,Michael Gottwald,Live-Action Feature-Length Film,FALSE
2012,Darryl F. Zanuck Award for Outstanding Producer of Theatrical Motion Pictures,Beasts of the Southern Wild,Dan Janvey,Live-Action Feature-Length Film,FALSE
2012,Darryl F. Zanuck Award for Outstanding Producer of Theatrical Motion Pictures,Beasts of the Southern Wild,Josh Penn,Live-Action Feature-Length Film,FALSE
2012,Darryl F. Zanuck Award for Outstanding Producer of Theatrical Motion Pictures,Django Unchained,Reginald Hudlin,Live-Action Feature-Length Film,FALSE
2012,Darryl F. Zanuck Award for Outstanding Producer of Theatrical Motion Pictures,Django Unchained,Pilar Savone,Live-Action Feature-Length Film,FALSE
2012,Darryl F. Zanuck Award for Outstanding Producer of Theatrical Motion Pictures,Django Unchained,Stacey Sher,Live-Action Feature-Length Film,FALSE
2012,Darryl F. Zanuck Award for Outstanding Producer of Theatrical Motion Pictures,Les Misérables,Tim Bevan,Live-Action Feature-Length Film,FALSE
2012,Darryl F. Zanuck Award for Outstanding Producer of Theatrical Motion Pictures,Les Misérables,Eric Fellner,Live-Action Feature-Length Film,FALSE
2012,Darryl F. Zanuck Award for Outstanding Producer of Theatrical Motion Pictures,Les Misérables,Debra Hayward,Live-Action Feature-Length Film,FALSE
2012,Darryl F. Zanuck Award for Outstanding Producer of Theatrical Motion Pictures,Les Misérables,Cameron Mackintosh,Live-Action Feature-Length Film,FALSE
2012,Darryl F. Zanuck Award for Outstanding Producer of Theatrical Motion Pictures,Life of Pi,Ang Lee,Live-Action Feature-Length Film,FALSE
2012,Darryl F. Zanuck Award for Outstanding Producer of Theatrical Motion Pictures,Life of Pi,Gil Netter,Live-Action Feature-Length Film,FALSE
2012,Darryl F. Zanuck Award for Outstanding Producer of Theatrical Motion Pictures,Life of Pi,David Womark,Live-Action Feature-Length Film,FALSE
2012,Darryl F. Zanuck Award for Outstanding Producer of Theatrical Motion Pictures,Lincoln,Kathleen Kennedy,Live-Action Feature-Length Film,FALSE
2012,Darryl F. Zanuck Award for Outstanding Producer of Theatrical Motion Pictures,Lincoln,Steven Spielberg,Live-Action Feature-Length Film,FALSE
2012,Darryl F. Zanuck Award for Outstanding Producer of Theatrical Motion Pictures,Moonrise Kingdom,Wes Anderson,Live-Action Feature-Length Film,FALSE
2012,Darryl F. Zanuck Award for Outstanding Producer of Theatrical Motion Pictures,Moonrise Kingdom,Jeremy Dawson,Live-Action Feature-Length Film,FALSE
2012,Darryl F. Zanuck Award for Outstanding Producer of Theatrical Motion Pictures,Moonrise Kingdom,Steven Rales,Live-Action Feature-Length Film,FALSE
2012,Darryl F. Zanuck Award for Outstanding Producer of Theatrical Motion Pictures,Moonrise Kingdom,Scott Rudin,Live-Action Feature-Length Film,FALSE
2012,Darryl F. Zanuck Award for Outstanding Producer of Theatrical Motion Pictures,Silver Linings Playbook,Bruce Cohen,Live-Action Feature-Length Film,FALSE
2012,Darryl F. Zanuck Award for Outstanding Producer of Theatrical Motion Pictures,Silver Linings Playbook,Donna Gigliotti,Live-Action Feature-Length Film,FALSE
2012,Darryl F. Zanuck Award for Outstanding Producer of Theatrical Motion Pictures,Silver Linings Playbook,Jonathan Gordon,Live-Action Feature-Length Film,FALSE
2012,Darryl F. Zanuck Award for Outstanding Producer of Theatrical Motion Pictures,Skyfall,Barbara Broccoli,Live-Action Feature-Length Film,FALSE
2012,Darryl F. Zanuck Award for Outstanding Producer of Theatrical Motion Pictures,Skyfall,Michael G. Wilson,Live-Action Feature-Length Film,FALSE
2012,Darryl F. Zanuck Award for Outstanding Producer of Theatrical Motion Pictures,Zero Dark Thirty,Kathryn Bigelow,Live-Action Feature-Length Film,FALSE
2012,Darryl F. Zanuck Award for Outstanding Producer of Theatrical Motion Pictures,Zero Dark Thirty,Mark Boal,Live-Action Feature-Length Film,FALSE
2012,Darryl F. Zanuck Award for Outstanding Producer of Theatrical Motion Pictures,Zero Dark Thirty,Megan Ellison,Live-Action Feature-Length Film,FALSE
2013,Darryl F. Zanuck Award for Outstanding Producer of Theatrical Motion Pictures,12 Years a Slave,Anthony Katagas,Live-Action Feature-Length Film,TRUE
2013,Darryl F. Zanuck Award for Outstanding Producer of Theatrical Motion Pictures,12 Years a Slave,Jeremy Kleiner,Live-Action Feature-Length Film,TRUE
2013,Darryl F. Zanuck Award for Outstanding Producer of Theatrical Motion Pictures,12 Years a Slave,Steve McQueen,Live-Action Feature-Length Film,TRUE
2013,Darryl F. Zanuck Award for Outstanding Producer of Theatrical Motion Pictures,12 Years a Slave,Brad Pitt,Live-Action Feature-Length Film,TRUE
2013,Darryl F. Zanuck Award for Outstanding Producer of Theatrical Motion Pictures,12 Years a Slave,Dede Gardner,Live-Action Feature-Length Film,TRUE
2013,Darryl F. Zanuck Award for Outstanding Producer of Theatrical Motion Pictures,Gravity,Alfonso Cuarón,Live-Action Feature-Length Film,TRUE
2013,Darryl F. Zanuck Award for Outstanding Producer of Theatrical Motion Pictures,Gravity,David Heyman,Live-Action Feature-Length Film,TRUE
2013,Darryl F. Zanuck Award for Outstanding Producer of Theatrical Motion Pictures,American Hustle,Megan Ellison,Live-Action Feature-Length Film,FALSE
2013,Darryl F. Zanuck Award for Outstanding Producer of Theatrical Motion Pictures,American Hustle,Jonathan Gordon,Live-Action Feature-Length Film,FALSE
2013,Darryl F. Zanuck Award for Outstanding Producer of Theatrical Motion Pictures,American Hustle,Charles Roven,Live-Action Feature-Length Film,FALSE
2013,Darryl F. Zanuck Award for Outstanding Producer of Theatrical Motion Pictures,American Hustle,Richard Suckle,Live-Action Feature-Length Film,FALSE
2013,Darryl F. Zanuck Award for Outstanding Producer of Theatrical Motion Pictures,Blue Jasmine,Letty Aronson,Live-Action Feature-Length Film,FALSE
2013,Darryl F. Zanuck Award for Outstanding Producer of Theatrical Motion Pictures,Blue Jasmine,Stephen Tenenbaum,Live-Action Feature-Length Film,FALSE
2013,Darryl F. Zanuck Award for Outstanding Producer of Theatrical Motion Pictures,Captain Phillips,Dana Brunetti,Live-Action Feature-Length Film,FALSE
2013,Darryl F. Zanuck Award for Outstanding Producer of Theatrical Motion Pictures,Captain Phillips,Michael De Luca,Live-Action Feature-Length Film,FALSE
2013,Darryl F. Zanuck Award for Outstanding Producer of Theatrical Motion Pictures,Captain Phillips,Scott Rudin,Live-Action Feature-Length Film,FALSE
2013,Darryl F. Zanuck Award for Outstanding Producer of Theatrical Motion Pictures,Dallas Buyers Club,Robbie Brenner,Live-Action Feature-Length Film,FALSE
2013,Darryl F. Zanuck Award for Outstanding Producer of Theatrical Motion Pictures,Dallas Buyers Club,Rachel Winter,Live-Action Feature-Length Film,FALSE
2013,Darryl F. Zanuck Award for Outstanding Producer of Theatrical Motion Pictures,Her,Megan Ellison,Live-Action Feature-Length Film,FALSE
2013,Darryl F. Zanuck Award for Outstanding Producer of Theatrical Motion Pictures,Her,Spike Jonze,Live-Action Feature-Length Film,FALSE
2013,Darryl F. Zanuck Award for Outstanding Producer of Theatrical Motion Pictures,Her,Vincent Landay,Live-Action Feature-Length Film,FALSE
2013,Darryl F. Zanuck Award for Outstanding Producer of Theatrical Motion Pictures,Nebraska,Albert Berger,Live-Action Feature-Length Film,FALSE
2013,Darryl F. Zanuck Award for Outstanding Producer of Theatrical Motion Pictures,Nebraska,Ron Yerxa,Live-Action Feature-Length Film,FALSE
2013,Darryl F. Zanuck Award for Outstanding Producer of Theatrical Motion Pictures,Saving Mr. Banks,Ian Collie,Live-Action Feature-Length Film,FALSE
2013,Darryl F. Zanuck Award for Outstanding Producer of Theatrical Motion Pictures,Saving Mr. Banks,Alison Owen,Live-Action Feature-Length Film,FALSE
2013,Darryl F. Zanuck Award for Outstanding Producer of Theatrical Motion Pictures,Saving Mr. Banks,Philip Steuer,Live-Action Feature-Length Film,FALSE
2013,Darryl F. Zanuck Award for Outstanding Producer of Theatrical Motion Pictures,The Wolf of Wall Street,Riza Aziz,Live-Action Feature-Length Film,FALSE
2013,Darryl F. Zanuck Award for Outstanding Producer of Theatrical Motion Pictures,The Wolf of Wall Street,Emma Tillinger Koskoff,Live-Action Feature-Length Film,FALSE
2013,Darryl F. Zanuck Award for Outstanding Producer of Theatrical Motion Pictures,The Wolf of Wall Street,Joey McFarland,Live-Action Feature-Length Film,FALSE
2014,Darryl F. Zanuck Award for Outstanding Producer of Theatrical Motion Pictures,Birdman or (The Unexpected Virtue of Ignorance),Alejandro G. Iñárritu,Live-Action Feature-Length Film,TRUE
2014,Darryl F. Zanuck Award for Outstanding Producer of Theatrical Motion Pictures,Birdman or (The Unexpected Virtue of Ignorance),John Lesher,Live-Action Feature-Length Film,TRUE
2014,Darryl F. Zanuck Award for Outstanding Producer of Theatrical Motion Pictures,Birdman or (The Unexpected Virtue of Ignorance),James W. Skotchdopole,Live-Action Feature-Length Film,TRUE
2014,Darryl F. Zanuck Award for Outstanding Producer of Theatrical Motion Pictures,American Sniper,Clint Eastwood,Live-Action Feature-Length Film,FALSE
2014,Darryl F. Zanuck Award for Outstanding Producer of Theatrical Motion Pictures,American Sniper,Robert Lorenz,Live-Action Feature-Length Film,FALSE
2014,Darryl F. Zanuck Award for Outstanding Producer of Theatrical Motion Pictures,American Sniper,Andrew Lazar,Live-Action Feature-Length Film,FALSE
2014,Darryl F. Zanuck Award for Outstanding Producer of Theatrical Motion Pictures,American Sniper,Bradley Cooper,Live-Action Feature-Length Film,FALSE
2014,Darryl F. Zanuck Award for Outstanding Producer of Theatrical Motion Pictures,American Sniper,Peter Morgan,Live-Action Feature-Length Film,FALSE
2014,Darryl F. Zanuck Award for Outstanding Producer of Theatrical Motion Pictures,Boyhood,Richard Linklater,Live-Action Feature-Length Film,FALSE
2014,Darryl F. Zanuck Award for Outstanding Producer of Theatrical Motion Pictures,Boyhood,Cathleen Sutherland,Live-Action Feature-Length Film,FALSE
2014,Darryl F. Zanuck Award for Outstanding Producer of Theatrical Motion Pictures,Foxcatcher,Bennett Miller,Live-Action Feature-Length Film,FALSE
2014,Darryl F. Zanuck Award for Outstanding Producer of Theatrical Motion Pictures,Foxcatcher,Megan Ellison,Live-Action Feature-Length Film,FALSE
2014,Darryl F. Zanuck Award for Outstanding Producer of Theatrical Motion Pictures,Foxcatcher,Jon Kilik,Live-Action Feature-Length Film,FALSE
2014,Darryl F. Zanuck Award for Outstanding Producer of Theatrical Motion Pictures,Gone Girl,Ceán Chaffin,Live-Action Feature-Length Film,FALSE
2014,Darryl F. Zanuck Award for Outstanding Producer of Theatrical Motion Pictures,The Grand Budapest Hotel,Wes Anderson,Live-Action Feature-Length Film,FALSE
2014,Darryl F. Zanuck Award for Outstanding Producer of Theatrical Motion Pictures,The Grand Budapest Hotel,Jeremy Dawson,Live-Action Feature-Length Film,FALSE
2014,Darryl F. Zanuck Award for Outstanding Producer of Theatrical Motion Pictures,The Grand Budapest Hotel,Steven Rales,Live-Action Feature-Length Film,FALSE
2014,Darryl F. Zanuck Award for Outstanding Producer of Theatrical Motion Pictures,The Grand Budapest Hotel,Scott Rudin,Live-Action Feature-Length Film,FALSE
2014,Darryl F. Zanuck Award for Outstanding Producer of Theatrical Motion Pictures,The Imitation Game,Nora Grossman,Live-Action Feature-Length Film,FALSE
2014,Darryl F. Zanuck Award for Outstanding Producer of Theatrical Motion Pictures,The Imitation Game,Ido Ostrowsky,Live-Action Feature-Length Film,FALSE
2014,Darryl F. Zanuck Award for Outstanding Producer of Theatrical Motion Pictures,The Imitation Game,Teddy Schwarzman,Live-Action Feature-Length Film,FALSE
2014,Darryl F. Zanuck Award for Outstanding Producer of Theatrical Motion Pictures,Nightcrawler,Jennifer Fox,Live-Action Feature-Length Film,FALSE
2014,Darryl F. Zanuck Award for Outstanding Producer of Theatrical Motion Pictures,Nightcrawler,Tony Gilroy,Live-Action Feature-Length Film,FALSE
2014,Darryl F. Zanuck Award for Outstanding Producer of Theatrical Motion Pictures,The Theory of Everything,Tim Bevan,Live-Action Feature-Length Film,FALSE
2014,Darryl F. Zanuck Award for Outstanding Producer of Theatrical Motion Pictures,The Theory of Everything,Eric Fellner,Live-Action Feature-Length Film,FALSE
2014,Darryl F. Zanuck Award for Outstanding Producer of Theatrical Motion Pictures,The Theory of Everything,Lisa Bruce,Live-Action Feature-Length Film,FALSE
2014,Darryl F. Zanuck Award for Outstanding Producer of Theatrical Motion Pictures,The Theory of Everything,Anthony McCarten,Live-Action Feature-Length Film,FALSE
2014,Darryl F. Zanuck Award for Outstanding Producer of Theatrical Motion Pictures,Whiplash,Jason Blum,Live-Action Feature-Length Film,FALSE
2014,Darryl F. Zanuck Award for Outstanding Producer of Theatrical Motion Pictures,Whiplash,Helen Estabrook,Live-Action Feature-Length Film,FALSE
2014,Darryl F. Zanuck Award for Outstanding Producer of Theatrical Motion Pictures,Whiplash,David Lancaster,Live-Action Feature-Length Film,FALSE
2015,Darryl F. Zanuck Award for Outstanding Producer of Theatrical Motion Pictures,The Big Short,Dede Gardner,Live-Action Feature-Length Film,TRUE
2015,Darryl F. Zanuck Award for Outstanding Producer of Theatrical Motion Pictures,The Big Short,Jeremy Kleiner,Live-Action Feature-Length Film,TRUE
2015,Darryl F. Zanuck Award for Outstanding Producer of Theatrical Motion Pictures,The Big Short,Brad Pitt,Live-Action Feature-Length Film,TRUE
2015,Darryl F. Zanuck Award for Outstanding Producer of Theatrical Motion Pictures,Bridge of Spies,Steven Spielberg,Live-Action Feature-Length Film,FALSE
2015,Darryl F. Zanuck Award for Outstanding Producer of Theatrical Motion Pictures,Bridge of Spies,Marc Platt,Live-Action Feature-Length Film,FALSE
2015,Darryl F. Zanuck Award for Outstanding Producer of Theatrical Motion Pictures,Bridge of Spies,Kristie Macosko Krieger,Live-Action Feature-Length Film,FALSE
2015,Darryl F. Zanuck Award for Outstanding Producer of Theatrical Motion Pictures,Brooklyn,Finola Dwyer,Live-Action Feature-Length Film,FALSE
2015,Darryl F. Zanuck Award for Outstanding Producer of Theatrical Motion Pictures,Brooklyn,Amanda Posey,Live-Action Feature-Length Film,FALSE
2015,Darryl F. Zanuck Award for Outstanding Producer of Theatrical Motion Pictures,Ex Machina,Andrew Macdonald,Live-Action Feature-Length Film,FALSE
2015,Darryl F. Zanuck Award for Outstanding Producer of Theatrical Motion Pictures,Ex Machina,Allon Reich,Live-Action Feature-Length Film,FALSE
2015,Darryl F. Zanuck Award for Outstanding Producer of Theatrical Motion Pictures,Mad Max: Fury Road,Doug Mitchell,Live-Action Feature-Length Film,FALSE
2015,Darryl F. Zanuck Award for Outstanding Producer of Theatrical Motion Pictures,Mad Max: Fury Road,George Miller,Live-Action Feature-Length Film,FALSE
2015,Darryl F. Zanuck Award for Outstanding Producer of Theatrical Motion Pictures,The Martian,Simon Kinberg,Live-Action Feature-Length Film,FALSE
2015,Darryl F. Zanuck Award for Outstanding Producer of Theatrical Motion Pictures,The Martian,Ridley Scott,Live-Action Feature-Length Film,FALSE
2015,Darryl F. Zanuck Award for Outstanding Producer of Theatrical Motion Pictures,The Martian,Michael Schaefer,Live-Action Feature-Length Film,FALSE
2015,Darryl F. Zanuck Award for Outstanding Producer of Theatrical Motion Pictures,The Martian,Mark Huffam,Live-Action Feature-Length Film,FALSE
2015,Darryl F. Zanuck Award for Outstanding Producer of Theatrical Motion Pictures,The Revenant,Arnon Milchan,Live-Action Feature-Length Film,FALSE
2015,Darryl F. Zanuck Award for Outstanding Producer of Theatrical Motion Pictures,The Revenant,Steve Golin,Live-Action Feature-Length Film,FALSE
2015,Darryl F. Zanuck Award for Outstanding Producer of Theatrical Motion Pictures,The Revenant,Alejandro G. Iñárritu,Live-Action Feature-Length Film,FALSE
2015,Darryl F. Zanuck Award for Outstanding Producer of Theatrical Motion Pictures,The Revenant,Mary Parent,Live-Action Feature-Length Film,FALSE
2015,Darryl F. Zanuck Award for Outstanding Producer of Theatrical Motion Pictures,The Revenant,Keith Redmon,Live-Action Feature-Length Film,FALSE
2015,Darryl F. Zanuck Award for Outstanding Producer of Theatrical Motion Pictures,Sicario,Basil Iwanyk,Live-Action Feature-Length Film,FALSE
2015,Darryl F. Zanuck Award for Outstanding Producer of Theatrical Motion Pictures,Sicario,Edward McDonnell,Live-Action Feature-Length Film,FALSE
2015,Darryl F. Zanuck Award for Outstanding Producer of Theatrical Motion Pictures,Sicario,Molly Smith,Live-Action Feature-Length Film,FALSE
2015,Darryl F. Zanuck Award for Outstanding Producer of Theatrical Motion Pictures,Spotlight,Michael Sugar,Live-Action Feature-Length Film,FALSE
2015,Darryl F. Zanuck Award for Outstanding Producer of Theatrical Motion Pictures,Spotlight,Steve Golin,Live-Action Feature-Length Film,FALSE
2015,Darryl F. Zanuck Award for Outstanding Producer of Theatrical Motion Pictures,Spotlight,Nicole Rocklin,Live-Action Feature-Length Film,FALSE
2015,Darryl F. Zanuck Award for Outstanding Producer of Theatrical Motion Pictures,Spotlight,Blye Pagon Faust,Live-Action Feature-Length Film,FALSE
2015,Darryl F. Zanuck Award for Outstanding Producer of Theatrical Motion Pictures,Straight Outta Compton,O'Shea Jackson,Live-Action Feature-Length Film,FALSE
2015,Darryl F. Zanuck Award for Outstanding Producer of Theatrical Motion Pictures,Straight Outta Compton,Matt Alvarez,Live-Action Feature-Length Film,FALSE
2015,Darryl F. Zanuck Award for Outstanding Producer of Theatrical Motion Pictures,Straight Outta Compton,F. Gary Gray,Live-Action Feature-Length Film,FALSE
2015,Darryl F. Zanuck Award for Outstanding Producer of Theatrical Motion Pictures,Straight Outta Compton,Andre Young,Live-Action Feature-Length Film,FALSE
2015,Darryl F. Zanuck Award for Outstanding Producer of Theatrical Motion Pictures,Straight Outta Compton,Scott Bernstein,Live-Action Feature-Length Film,FALSE
2016,Darryl F. Zanuck Award for Outstanding Producer of Theatrical Motion Pictures,La La Land,Fred Berger,Live-Action Feature-Length Film,TRUE
2016,Darryl F. Zanuck Award for Outstanding Producer of Theatrical Motion Pictures,La La Land,Jordan Horowitz,Live-Action Feature-Length Film,TRUE
2016,Darryl F. Zanuck Award for Outstanding Producer of Theatrical Motion Pictures,La La Land,Marc Platt,Live-Action Feature-Length Film,TRUE
2016,Darryl F. Zanuck Award for Outstanding Producer of Theatrical Motion Pictures,Arrival,Dan Levine,Live-Action Feature-Length Film,FALSE
2016,Darryl F. Zanuck Award for Outstanding Producer of Theatrical Motion Pictures,Arrival,Shawn Levy,Live-Action Feature-Length Film,FALSE
2016,Darryl F. Zanuck Award for Outstanding Producer of Theatrical Motion Pictures,Arrival,Aaron Ryder,Live-Action Feature-Length Film,FALSE
2016,Darryl F. Zanuck Award for Outstanding Producer of Theatrical Motion Pictures,Arrival,David Linde,Live-Action Feature-Length Film,FALSE
2016,Darryl F. Zanuck Award for Outstanding Producer of Theatrical Motion Pictures,Deadpool,Simon Kinberg,Live-Action Feature-Length Film,FALSE
2016,Darryl F. Zanuck Award for Outstanding Producer of Theatrical Motion Pictures,Deadpool,Ryan Reynolds,Live-Action Feature-Length Film,FALSE
2016,Darryl F. Zanuck Award for Outstanding Producer of Theatrical Motion Pictures,Deadpool,Lauren Shuler Donner,Live-Action Feature-Length Film,FALSE
2016,Darryl F. Zanuck Award for Outstanding Producer of Theatrical Motion Pictures,Fences,Scott Rudin,Live-Action Feature-Length Film,FALSE
2016,Darryl F. Zanuck Award for Outstanding Producer of Theatrical Motion Pictures,Fences,Denzel Washington,Live-Action Feature-Length Film,FALSE
2016,Darryl F. Zanuck Award for Outstanding Producer of Theatrical Motion Pictures,Fences,Todd Black,Live-Action Feature-Length Film,FALSE
2016,Darryl F. Zanuck Award for Outstanding Producer of Theatrical Motion Pictures,Hacksaw Ridge,Bill Mechanic,Live-Action Feature-Length Film,FALSE
2016,Darryl F. Zanuck Award for Outstanding Producer of Theatrical Motion Pictures,Hacksaw Ridge,David Permut,Live-Action Feature-Length Film,FALSE
2016,Darryl F. Zanuck Award for Outstanding Producer of Theatrical Motion Pictures,Hell or High Water,Carla Hacken,Live-Action Feature-Length Film,FALSE
2016,Darryl F. Zanuck Award for Outstanding Producer of Theatrical Motion Pictures,Hell or High Water,Julie Yorn,Live-Action Feature-Length Film,FALSE
2016,Darryl F. Zanuck Award for Outstanding Producer of Theatrical Motion Pictures,Hidden Figures,Donna Gigliotti,Live-Action Feature-Length Film,FALSE
2016,Darryl F. Zanuck Award for Outstanding Producer of Theatrical Motion Pictures,Hidden Figures,Peter Chernin,Live-Action Feature-Length Film,FALSE
2016,Darryl F. Zanuck Award for Outstanding Producer of Theatrical Motion Pictures,Hidden Figures,Jenno Topping,Live-Action Feature-Length Film,FALSE
2016,Darryl F. Zanuck Award for Outstanding Producer of Theatrical Motion Pictures,Hidden Figures,Pharrell Williams,Live-Action Feature-Length Film,FALSE
2016,Darryl F. Zanuck Award for Outstanding Producer of Theatrical Motion Pictures,Hidden Figures,Theodore Melfi,Live-Action Feature-Length Film,FALSE
2016,Darryl F. Zanuck Award for Outstanding Producer of Theatrical Motion Pictures,Lion,Emile Sherman,Live-Action Feature-Length Film,FALSE
2016,Darryl F. Zanuck Award for Outstanding Producer of Theatrical Motion Pictures,Lion,Iain Canning,Live-Action Feature-Length Film,FALSE
2016,Darryl F. Zanuck Award for Outstanding Producer of Theatrical Motion Pictures,Lion,Angie Fielder,Live-Action Feature-Length Film,FALSE
2016,Darryl F. Zanuck Award for Outstanding Producer of Theatrical Motion Pictures,Manchester by the Sea,Matt Damon,Live-Action Feature-Length Film,FALSE
2016,Darryl F. Zanuck Award for Outstanding Producer of Theatrical Motion Pictures,Manchester by the Sea,Kimberly Steward,Live-Action Feature-Length Film,FALSE
2016,Darryl F. Zanuck Award for Outstanding Producer of Theatrical Motion Pictures,Manchester by the Sea,Chris Moore,Live-Action Feature-Length Film,FALSE
2016,Darryl F. Zanuck Award for Outstanding Producer of Theatrical Motion Pictures,Manchester by the Sea,Lauren Beck,Live-Action Feature-Length Film,FALSE
2016,Darryl F. Zanuck Award for Outstanding Producer of Theatrical Motion Pictures,Manchester by the Sea,Kevin J. Walsh,Live-Action Feature-Length Film,FALSE
2016,Darryl F. Zanuck Award for Outstanding Producer of Theatrical Motion Pictures,Moonlight,Adele Romanski,Live-Action Feature-Length Film,FALSE
2016,Darryl F. Zanuck Award for Outstanding Producer of Theatrical Motion Pictures,Moonlight,Dede Gardner,Live-Action Feature-Length Film,FALSE
2016,Darryl F. Zanuck Award for Outstanding Producer of Theatrical Motion Pictures,Moonlight,Jeremy Kleiner,Live-Action Feature-Length Film,FALSE
2017,Darryl F. Zanuck Award for Outstanding Producer of Theatrical Motion Pictures,The Shape of Water,Guillermo del Toro,Live-Action Feature-Length Film,TRUE
2017,Darryl F. Zanuck Award for Outstanding Producer of Theatrical Motion Pictures,The Shape of Water,J. Miles Dale,Live-Action Feature-Length Film,TRUE
2017,Darryl F. Zanuck Award for Outstanding Producer of Theatrical Motion Pictures,The Big Sick,Judd Apatow,Live-Action Feature-Length Film,FALSE
2017,Darryl F. Zanuck Award for Outstanding Producer of Theatrical Motion Pictures,The Big Sick,Barry Mendel,Live-Action Feature-Length Film,FALSE
2017,Darryl F. Zanuck Award for Outstanding Producer of Theatrical Motion Pictures,Call Me by Your Name,Peter Spears,Live-Action Feature-Length Film,FALSE
2017,Darryl F. Zanuck Award for Outstanding Producer of Theatrical Motion Pictures,Call Me by Your Name,Luca Guadagnino,Live-Action Feature-Length Film,FALSE
2017,Darryl F. Zanuck Award for Outstanding Producer of Theatrical Motion Pictures,Call Me by Your Name,Émilie Georges,Live-Action Feature-Length Film,FALSE
2017,Darryl F. Zanuck Award for Outstanding Producer of Theatrical Motion Pictures,Call Me by Your Name,Marco Morabito,Live-Action Feature-Length Film,FALSE
2017,Darryl F. Zanuck Award for Outstanding Producer of Theatrical Motion Pictures,Dunkirk,Emma Thomas,Live-Action Feature-Length Film,FALSE
2017,Darryl F. Zanuck Award for Outstanding Producer of Theatrical Motion Pictures,Dunkirk,Christopher Nolan,Live-Action Feature-Length Film,FALSE
2017,Darryl F. Zanuck Award for Outstanding Producer of Theatrical Motion Pictures,Get Out,Sean McKittrick,Live-Action Feature-Length Film,FALSE
2017,Darryl F. Zanuck Award for Outstanding Producer of Theatrical Motion Pictures,Get Out,Edward H. Hamm Jr.,Live-Action Feature-Length Film,FALSE
2017,Darryl F. Zanuck Award for Outstanding Producer of Theatrical Motion Pictures,Get Out,Jason Blum,Live-Action Feature-Length Film,FALSE
2017,Darryl F. Zanuck Award for Outstanding Producer of Theatrical Motion Pictures,Get Out,Jordan Peele,Live-Action Feature-Length Film,FALSE
2017,Darryl F. Zanuck Award for Outstanding Producer of Theatrical Motion Pictures,"I, Tonya",Bryan Unkeless,Live-Action Feature-Length Film,FALSE
2017,Darryl F. Zanuck Award for Outstanding Producer of Theatrical Motion Pictures,"I, Tonya",Steven Rogers,Live-Action Feature-Length Film,FALSE
2017,Darryl F. Zanuck Award for Outstanding Producer of Theatrical Motion Pictures,"I, Tonya",Margot Robbie,Live-Action Feature-Length Film,FALSE
2017,Darryl F. Zanuck Award for Outstanding Producer of Theatrical Motion Pictures,"I, Tonya",Tom Ackerley,Live-Action Feature-Length Film,FALSE
2017,Darryl F. Zanuck Award for Outstanding Producer of Theatrical Motion Pictures,Lady Bird,Scott Rudin,Live-Action Feature-Length Film,FALSE
2017,Darryl F. Zanuck Award for Outstanding Producer of Theatrical Motion Pictures,Lady Bird,Eli Bush,Live-Action Feature-Length Film,FALSE
2017,Darryl F. Zanuck Award for Outstanding Producer of Theatrical Motion Pictures,Lady Bird,Evelyn O'Neill,Live-Action Feature-Length Film,FALSE
2017,Darryl F. Zanuck Award for Outstanding Producer of Theatrical Motion Pictures,Molly's Game,Mark Gordon,Live-Action Feature-Length Film,FALSE
2017,Darryl F. Zanuck Award for Outstanding Producer of Theatrical Motion Pictures,Molly's Game,Amy Pascal,Live-Action Feature-Length Film,FALSE
2017,Darryl F. Zanuck Award for Outstanding Producer of Theatrical Motion Pictures,Molly's Game,Matt Jackson,Live-Action Feature-Length Film,FALSE
2017,Darryl F. Zanuck Award for Outstanding Producer of Theatrical Motion Pictures,The Post,Amy Pascal,Live-Action Feature-Length Film,FALSE
2017,Darryl F. Zanuck Award for Outstanding Producer of Theatrical Motion Pictures,The Post,Steven Spielberg,Live-Action Feature-Length Film,FALSE
2017,Darryl F. Zanuck Award for Outstanding Producer of Theatrical Motion Pictures,The Post,Kristie Macosko Krieger,Live-Action Feature-Length Film,FALSE
2017,Darryl F. Zanuck Award for Outstanding Producer of Theatrical Motion Pictures,"Three Billboards Outside Ebbing, Missouri",Graham Broadbent,Live-Action Feature-Length Film,FALSE
2017,Darryl F. Zanuck Award for Outstanding Producer of Theatrical Motion Pictures,"Three Billboards Outside Ebbing, Missouri",Pete Czernin,Live-Action Feature-Length Film,FALSE
2017,Darryl F. Zanuck Award for Outstanding Producer of Theatrical Motion Pictures,"Three Billboards Outside Ebbing, Missouri",Martin McDonagh,Live-Action Feature-Length Film,FALSE
2017,Darryl F. Zanuck Award for Outstanding Producer of Theatrical Motion Pictures,Wonder Woman,Charles Roven,Live-Action Feature-Length Film,FALSE
2017,Darryl F. Zanuck Award for Outstanding Producer of Theatrical Motion Pictures,Wonder Woman,Richard Suckle,Live-Action Feature-Length Film,FALSE
2017,Darryl F. Zanuck Award for Outstanding Producer of Theatrical Motion Pictures,Wonder Woman,Zack Snyder,Live-Action Feature-Length Film,FALSE
2017,Darryl F. Zanuck Award for Outstanding Producer of Theatrical Motion Pictures,Wonder Woman,Deborah Snyder,Live-Action Feature-Length Film,FALSE
2018,Darryl F. Zanuck Award for Outstanding Producer of Theatrical Motion Pictures,Green Book,Jim Burke,Live-Action Feature-Length Film,TRUE
2018,Darryl F. Zanuck Award for Outstanding Producer of Theatrical Motion Pictures,Green Book,Charles B. Wessler,Live-Action Feature-Length Film,TRUE
2018,Darryl F. Zanuck Award for Outstanding Producer of Theatrical Motion Pictures,Green Book,Brian Hayes Currie,Live-Action Feature-Length Film,TRUE
2018,Darryl F. Zanuck Award for Outstanding Producer of Theatrical Motion Pictures,Green Book,Peter Farrelly,Live-Action Feature-Length Film,TRUE
2018,Darryl F. Zanuck Award for Outstanding Producer of Theatrical Motion Pictures,Green Book,Nick Vallelonga,Live-Action Feature-Length Film,TRUE
2018,Darryl F. Zanuck Award for Outstanding Producer of Theatrical Motion Pictures,Black Panther,Kevin Feige,Live-Action Feature-Length Film,FALSE
2018,Darryl F. Zanuck Award for Outstanding Producer of Theatrical Motion Pictures,BlacKkKlansman,Sean McKittrick,Live-Action Feature-Length Film,FALSE
2018,Darryl F. Zanuck Award for Outstanding Producer of Theatrical Motion Pictures,BlacKkKlansman,Jason Blum,Live-Action Feature-Length Film,FALSE
2018,Darryl F. Zanuck Award for Outstanding Producer of Theatrical Motion Pictures,BlacKkKlansman,Raymond Mansfield,Live-Action Feature-Length Film,FALSE
2018,Darryl F. Zanuck Award for Outstanding Producer of Theatrical Motion Pictures,BlacKkKlansman,Jordan Peele,Live-Action Feature-Length Film,FALSE
2018,Darryl F. Zanuck Award for Outstanding Producer of Theatrical Motion Pictures,BlacKkKlansman,Spike Lee,Live-Action Feature-Length Film,FALSE
2018,Darryl F. Zanuck Award for Outstanding Producer of Theatrical Motion Pictures,Bohemian Rhapsody,Graham King,Live-Action Feature-Length Film,FALSE
2018,Darryl F. Zanuck Award for Outstanding Producer of Theatrical Motion Pictures,Crazy Rich Asians,Nina Jacobson,Live-Action Feature-Length Film,FALSE
2018,Darryl F. Zanuck Award for Outstanding Producer of Theatrical Motion Pictures,Crazy Rich Asians,Brad Simpson,Live-Action Feature-Length Film,FALSE
2018,Darryl F. Zanuck Award for Outstanding Producer of Theatrical Motion Pictures,Crazy Rich Asians,John Penotti,Live-Action Feature-Length Film,FALSE
2018,Darryl F. Zanuck Award for Outstanding Producer of Theatrical Motion Pictures,The Favourite,Ceci Dempsey,Live-Action Feature-Length Film,FALSE
2018,Darryl F. Zanuck Award for Outstanding Producer of Theatrical Motion Pictures,The Favourite,Ed Guiney,Live-Action Feature-Length Film,FALSE
2018,Darryl F. Zanuck Award for Outstanding Producer of Theatrical Motion Pictures,The Favourite,Lee Magiday,Live-Action Feature-Length Film,FALSE
2018,Darryl F. Zanuck Award for Outstanding Producer of Theatrical Motion Pictures,The Favourite,Yorgos Lanthimos,Live-Action Feature-Length Film,FALSE
2018,Darryl F. Zanuck Award for Outstanding Producer of Theatrical Motion Pictures,A Quiet Place,Michael Bay,Live-Action Feature-Length Film,FALSE
2018,Darryl F. Zanuck Award for Outstanding Producer of Theatrical Motion Pictures,A Quiet Place,Andrew Form,Live-Action Feature-Length Film,FALSE
2018,Darryl F. Zanuck Award for Outstanding Producer of Theatrical Motion Pictures,A Quiet Place,Bradley Fuller,Live-Action Feature-Length Film,FALSE
2018,Darryl F. Zanuck Award for Outstanding Producer of Theatrical Motion Pictures,Roma,Gabriela Rodríguez,Live-Action Feature-Length Film,FALSE
2018,Darryl F. Zanuck Award for Outstanding Producer of Theatrical Motion Pictures,Roma,Alfonso Cuarón,Live-Action Feature-Length Film,FALSE
2018,Darryl F. Zanuck Award for Outstanding Producer of Theatrical Motion Pictures,A Star Is Born,Bill Gerber,Live-Action Feature-Length Film,FALSE
2018,Darryl F. Zanuck Award for Outstanding Producer of Theatrical Motion Pictures,A Star Is Born,Bradley Cooper,Live-Action Feature-Length Film,FALSE
2018,Darryl F. Zanuck Award for Outstanding Producer of Theatrical Motion Pictures,A Star Is Born,Lynette Howell Taylor,Live-Action Feature-Length Film,FALSE
2018,Darryl F. Zanuck Award for Outstanding Producer of Theatrical Motion Pictures,Vice,Dede Gardner,Live-Action Feature-Length Film,FALSE
2018,Darryl F. Zanuck Award for Outstanding Producer of Theatrical Motion Pictures,Vice,Jeremy Kleiner,Live-Action Feature-Length Film,FALSE
2018,Darryl F. Zanuck Award for Outstanding Producer of Theatrical Motion Pictures,Vice,Kevin Messick,Live-Action Feature-Length Film,FALSE
2018,Darryl F. Zanuck Award for Outstanding Producer of Theatrical Motion Pictures,Vice,Adam McKay,Live-Action Feature-Length Film,FALSE
2019,Darryl F. Zanuck Award for Outstanding Producer of Theatrical Motion Pictures,1917,Sam Mendes,Live-Action Feature-Length Film,TRUE
2019,Darryl F. Zanuck Award for Outstanding Producer of Theatrical Motion Pictures,1917,Pippa Harris,Live-Action Feature-Length Film,TRUE
2019,Darryl F. Zanuck Award for Outstanding Producer of Theatrical Motion Pictures,1917,Jayne-Ann Tenggren,Live-Action Feature-Length Film,TRUE
2019,Darryl F. Zanuck Award for Outstanding Producer of Theatrical Motion Pictures,1917,Callum McDougall,Live-Action Feature-Length Film,TRUE
2019,Darryl F. Zanuck Award for Outstanding Producer of Theatrical Motion Pictures,Ford v Ferrari,Peter Chernin,Live-Action Feature-Length Film,FALSE
2019,Darryl F. Zanuck Award for Outstanding Producer of Theatrical Motion Pictures,Ford v Ferrari,Jenno Topping,Live-Action Feature-Length Film,FALSE
2019,Darryl F. Zanuck Award for Outstanding Producer of Theatrical Motion Pictures,Ford v Ferrari,James Mangold,Live-Action Feature-Length Film,FALSE
2019,Darryl F. Zanuck Award for Outstanding Producer of Theatrical Motion Pictures,The Irishman,Jane Rosenthal,Live-Action Feature-Length Film,FALSE
2019,Darryl F. Zanuck Award for Outstanding Producer of Theatrical Motion Pictures,The Irishman,Robert De Niro,Live-Action Feature-Length Film,FALSE
2019,Darryl F. Zanuck Award for Outstanding Producer of Theatrical Motion Pictures,The Irishman,Emma Tillinger Koskoff,Live-Action Feature-Length Film,FALSE
2019,Darryl F. Zanuck Award for Outstanding Producer of Theatrical Motion Pictures,The Irishman,Martin Scorsese,Live-Action Feature-Length Film,FALSE
2019,Darryl F. Zanuck Award for Outstanding Producer of Theatrical Motion Pictures,Jojo Rabbit,Carthew Neal,Live-Action Feature-Length Film,FALSE
2019,Darryl F. Zanuck Award for Outstanding Producer of Theatrical Motion Pictures,Jojo Rabbit,Taika Waititi,Live-Action Feature-Length Film,FALSE
2019,Darryl F. Zanuck Award for Outstanding Producer of Theatrical Motion Pictures,Joker,Todd Phillips,Live-Action Feature-Length Film,FALSE
2019,Darryl F. Zanuck Award for Outstanding Producer of Theatrical Motion Pictures,Joker,Bradley Cooper,Live-Action Feature-Length Film,FALSE
2019,Darryl F. Zanuck Award for Outstanding Producer of Theatrical Motion Pictures,Joker,Emma Tillinger Koskoff,Live-Action Feature-Length Film,FALSE
2019,Darryl F. Zanuck Award for Outstanding Producer of Theatrical Motion Pictures,Knives Out,Rian Johnson,Live-Action Feature-Length Film,FALSE
2019,Darryl F. Zanuck Award for Outstanding Producer of Theatrical Motion Pictures,Knives Out,Ram Bergman,Live-Action Feature-Length Film,FALSE
2019,Darryl F. Zanuck Award for Outstanding Producer of Theatrical Motion Pictures,Little Women,Amy Pascal,Live-Action Feature-Length Film,FALSE
2019,Darryl F. Zanuck Award for Outstanding Producer of Theatrical Motion Pictures,Marriage Story,Noah Baumbach,Live-Action Feature-Length Film,FALSE
2019,Darryl F. Zanuck Award for Outstanding Producer of Theatrical Motion Pictures,Marriage Story,David Heyman,Live-Action Feature-Length Film,FALSE
2019,Darryl F. Zanuck Award for Outstanding Producer of Theatrical Motion Pictures,Once Upon a Time in Hollywood,David Heyman,Live-Action Feature-Length Film,FALSE
2019,Darryl F. Zanuck Award for Outstanding Producer of Theatrical Motion Pictures,Once Upon a Time in Hollywood,Shannon McIntosh,Live-Action Feature-Length Film,FALSE
2019,Darryl F. Zanuck Award for Outstanding Producer of Theatrical Motion Pictures,Once Upon a Time in Hollywood,Quentin Tarantino,Live-Action Feature-Length Film,FALSE
2019,Darryl F. Zanuck Award for Outstanding Producer of Theatrical Motion Pictures,Parasite,Kwak Sin-ae,Live-Action Feature-Length Film,FALSE
2019,Darryl F. Zanuck Award for Outstanding Producer of Theatrical Motion Pictures,Parasite,Bong Joon-ho,Live-Action Feature-Length Film,FALSE
2020,Darryl F. Zanuck Award for Outstanding Producer of Theatrical Motion Pictures,Nomadland,Frances McDormand,Live-Action Feature-Length Film,TRUE
2020,Darryl F. Zanuck Award for Outstanding Producer of Theatrical Motion Pictures,Nomadland,Peter Spears,Live-Action Feature-Length Film,TRUE
2020,Darryl F. Zanuck Award for Outstanding Producer of Theatrical Motion Pictures,Nomadland,Mollye Asher,Live-Action Feature-Length Film,TRUE
2020,Darryl F. Zanuck Award for Outstanding Producer of Theatrical Motion Pictures,Nomadland,Dan Janvey,Live-Action Feature-Length Film,TRUE
2020,Darryl F. Zanuck Award for Outstanding Producer of Theatrical Motion Pictures,Nomadland,Chloé Zhao,Live-Action Feature-Length Film,TRUE
2020,Darryl F. Zanuck Award for Outstanding Producer of Theatrical Motion Pictures,Borat Subsequent Moviefilm,Sacha Baron Cohen,Live-Action Feature-Length Film,FALSE
2020,Darryl F. Zanuck Award for Outstanding Producer of Theatrical Motion Pictures,Borat Subsequent Moviefilm,Monica Levinson,Live-Action Feature-Length Film,FALSE
2020,Darryl F. Zanuck Award for Outstanding Producer of Theatrical Motion Pictures,Borat Subsequent Moviefilm,Anthony Hines,Live-Action Feature-Length Film,FALSE
2020,Darryl F. Zanuck Award for Outstanding Producer of Theatrical Motion Pictures,Judas and the Black Messiah,Charles King,Live-Action Feature-Length Film,FALSE
2020,Darryl F. Zanuck Award for Outstanding Producer of Theatrical Motion Pictures,Judas and the Black Messiah,Ryan Coogler,Live-Action Feature-Length Film,FALSE
2020,Darryl F. Zanuck Award for Outstanding Producer of Theatrical Motion Pictures,Judas and the Black Messiah,Shaka King,Live-Action Feature-Length Film,FALSE
2020,Darryl F. Zanuck Award for Outstanding Producer of Theatrical Motion Pictures,Ma Rainey's Black Bottom,Denzel Washington,Live-Action Feature-Length Film,FALSE
2020,Darryl F. Zanuck Award for Outstanding Producer of Theatrical Motion Pictures,Ma Rainey's Black Bottom,Todd Black,Live-Action Feature-Length Film,FALSE
2020,Darryl F. Zanuck Award for Outstanding Producer of Theatrical Motion Pictures,Mank,Ceán Chaffin,Live-Action Feature-Length Film,FALSE
2020,Darryl F. Zanuck Award for Outstanding Producer of Theatrical Motion Pictures,Mank,Eric Roth,Live-Action Feature-Length Film,FALSE
2020,Darryl F. Zanuck Award for Outstanding Producer of Theatrical Motion Pictures,Mank,Douglas Urbanski,Live-Action Feature-Length Film,FALSE
2020,Darryl F. Zanuck Award for Outstanding Producer of Theatrical Motion Pictures,Minari,Christina Oh,Live-Action Feature-Length Film,FALSE
2020,Darryl F. Zanuck Award for Outstanding Producer of Theatrical Motion Pictures,One Night in Miami...,Jess Wu Calder,Live-Action Feature-Length Film,FALSE
2020,Darryl F. Zanuck Award for Outstanding Producer of Theatrical Motion Pictures,One Night in Miami...,Keith Calder,Live-Action Feature-Length Film,FALSE
2020,Darryl F. Zanuck Award for Outstanding Producer of Theatrical Motion Pictures,One Night in Miami...,Jody Klein,Live-Action Feature-Length Film,FALSE
2020,Darryl F. Zanuck Award for Outstanding Producer of Theatrical Motion Pictures,Promising Young Woman,Josey McNamara,Live-Action Feature-Length Film,FALSE
2020,Darryl F. Zanuck Award for Outstanding Producer of Theatrical Motion Pictures,Promising Young Woman,Ben Browning,Live-Action Feature-Length Film,FALSE
2020,Darryl F. Zanuck Award for Outstanding Producer of Theatrical Motion Pictures,Promising Young Woman,Ashley Fox,Live-Action Feature-Length Film,FALSE
2020,Darryl F. Zanuck Award for Outstanding Producer of Theatrical Motion Pictures,Promising Young Woman,Tom Ackerley,Live-Action Feature-Length Film,FALSE
2020,Darryl F. Zanuck Award for Outstanding Producer of Theatrical Motion Pictures,Promising Young Woman,Emerald Fennell,Live-Action Feature-Length Film,FALSE
2020,Darryl F. Zanuck Award for Outstanding Producer of Theatrical Motion Pictures,Sound of Metal,Bert Hamelinck,Live-Action Feature-Length Film,FALSE
2020,Darryl F. Zanuck Award for Outstanding Producer of Theatrical Motion Pictures,Sound of Metal,Sacha Ben Harroche,Live-Action Feature-Length Film,FALSE
2020,Darryl F. Zanuck Award for Outstanding Producer of Theatrical Motion Pictures,The Trial of the Chicago 7,Marc Platt,Live-Action Feature-Length Film,FALSE
2020,Darryl F. Zanuck Award for Outstanding Producer of Theatrical Motion Pictures,The Trial of the Chicago 7,Stuart Besser,Live-Action Feature-Length Film,FALSE
2021,Darryl F. Zanuck Award for Outstanding Producer of Theatrical Motion Pictures,CODA,Fabrice Gianfermi,Live-Action Feature-Length Film,TRUE
2021,Darryl F. Zanuck Award for Outstanding Producer of Theatrical Motion Pictures,CODA,Philippe Rousselet,Live-Action Feature-Length Film,TRUE
2021,Darryl F. Zanuck Award for Outstanding Producer of Theatrical Motion Pictures,CODA,Patrick Wachsberger,Live-Action Feature-Length Film,TRUE
2021,Darryl F. Zanuck Award for Outstanding Producer of Theatrical Motion Pictures,Being the Ricardos,Todd Black,Live-Action Feature-Length Film,FALSE
2021,Darryl F. Zanuck Award for Outstanding Producer of Theatrical Motion Pictures,Belfast,Laura Berwick,Live-Action Feature-Length Film,FALSE
2021,Darryl F. Zanuck Award for Outstanding Producer of Theatrical Motion Pictures,Belfast,Kenneth Branagh,Live-Action Feature-Length Film,FALSE
2021,Darryl F. Zanuck Award for Outstanding Producer of Theatrical Motion Pictures,Belfast,Becca Kovacik,Live-Action Feature-Length Film,FALSE
2021,Darryl F. Zanuck Award for Outstanding Producer of Theatrical Motion Pictures,Belfast,Tamar Thomas,Live-Action Feature-Length Film,FALSE
2021,Darryl F. Zanuck Award for Outstanding Producer of Theatrical Motion Pictures,Don't Look Up,Adam McKay,Live-Action Feature-Length Film,FALSE
2021,Darryl F. Zanuck Award for Outstanding Producer of Theatrical Motion Pictures,Don't Look Up,Kevin Messick,Live-Action Feature-Length Film,FALSE
2021,Darryl F. Zanuck Award for Outstanding Producer of Theatrical Motion Pictures,Dune,Mary Parent,Live-Action Feature-Length Film,FALSE
2021,Darryl F. Zanuck Award for Outstanding Producer of Theatrical Motion Pictures,Dune,Denis Villeneuve,Live-Action Feature-Length Film,FALSE
2021,Darryl F. Zanuck Award for Outstanding Producer of Theatrical Motion Pictures,Dune,Cale Boyter,Live-Action Feature-Length Film,FALSE
2021,Darryl F. Zanuck Award for Outstanding Producer of Theatrical Motion Pictures,King Richard,Tim White,Live-Action Feature-Length Film,FALSE
2021,Darryl F. Zanuck Award for Outstanding Producer of Theatrical Motion Pictures,King Richard,Trevor White,Live-Action Feature-Length Film,FALSE
2021,Darryl F. Zanuck Award for Outstanding Producer of Theatrical Motion Pictures,King Richard,Will Smith,Live-Action Feature-Length Film,FALSE
2021,Darryl F. Zanuck Award for Outstanding Producer of Theatrical Motion Pictures,Licorice Pizza,Sara Murphy,Live-Action Feature-Length Film,FALSE
2021,Darryl F. Zanuck Award for Outstanding Producer of Theatrical Motion Pictures,Licorice Pizza,Paul Thomas Anderson,Live-Action Feature-Length Film,FALSE
2021,Darryl F. Zanuck Award for Outstanding Producer of Theatrical Motion Pictures,Licorice Pizza,Adam Somner,Live-Action Feature-Length Film,FALSE
2021,Darryl F. Zanuck Award for Outstanding Producer of Theatrical Motion Pictures,The Power of the Dog,Jane Campion,Live-Action Feature-Length Film,FALSE
2021,Darryl F. Zanuck Award for Outstanding Producer of Theatrical Motion Pictures,The Power of the Dog,Tanya Seghatchian,Live-Action Feature-Length Film,FALSE
2021,Darryl F. Zanuck Award for Outstanding Producer of Theatrical Motion Pictures,The Power of the Dog,Emile Sherman,Live-Action Feature-Length Film,FALSE
2021,Darryl F. Zanuck Award for Outstanding Producer of Theatrical Motion Pictures,The Power of the Dog,Iain Canning,Live-Action Feature-Length Film,FALSE
2021,Darryl F. Zanuck Award for Outstanding Producer of Theatrical Motion Pictures,The Power of the Dog,Roger Frappier,Live-Action Feature-Length Film,FALSE
2021,Darryl F. Zanuck Award for Outstanding Producer of Theatrical Motion Pictures,"Tick, Tick... Boom!",Julie Oh,Live-Action Feature-Length Film,FALSE
2021,Darryl F. Zanuck Award for Outstanding Producer of Theatrical Motion Pictures,"Tick, Tick... Boom!",Lin-Manuel Miranda,Live-Action Feature-Length Film,FALSE
2021,Darryl F. Zanuck Award for Outstanding Producer of Theatrical Motion Pictures,West Side Story,Steven Spielberg,Live-Action Feature-Length Film,FALSE
2021,Darryl F. Zanuck Award for Outstanding Producer of Theatrical Motion Pictures,West Side Story,Kristie Macosko Krieger,Live-Action Feature-Length Film,FALSE
2022,Darryl F. Zanuck Award for Outstanding Producer of Theatrical Motion Pictures,Everything Everywhere All at Once,Jonathan Wang,Live-Action Feature-Length Film,TRUE
2022,Darryl F. Zanuck Award for Outstanding Producer of Theatrical Motion Pictures,Everything Everywhere All at Once,Dan Kwan,Live-Action Feature-Length Film,TRUE
2022,Darryl F. Zanuck Award for Outstanding Producer of Theatrical Motion Pictures,Everything Everywhere All at Once,Daniel Scheinert,Live-Action Feature-Length Film,TRUE
2022,Darryl F. Zanuck Award for Outstanding Producer of Theatrical Motion Pictures,Avatar: The Way of Water,Jon Landau,Live-Action Feature-Length Film,FALSE
2022,Darryl F. Zanuck Award for Outstanding Producer of Theatrical Motion Pictures,Avatar: The Way of Water,James Cameron,Live-Action Feature-Length Film,FALSE
2022,Darryl F. Zanuck Award for Outstanding Producer of Theatrical Motion Pictures,The Banshees of Inisherin,Graham Broadbent,Live-Action Feature-Length Film,FALSE
2022,Darryl F. Zanuck Award for Outstanding Producer of Theatrical Motion Pictures,The Banshees of Inisherin,Pete Czernin,Live-Action Feature-Length Film,FALSE
2022,Darryl F. Zanuck Award for Outstanding Producer of Theatrical Motion Pictures,The Banshees of Inisherin,Martin McDonagh,Live-Action Feature-Length Film,FALSE
2022,Darryl F. Zanuck Award for Outstanding Producer of Theatrical Motion Pictures,Black Panther: Wakanda Forever,Kevin Feige,Live-Action Feature-Length Film,FALSE
2022,Darryl F. Zanuck Award for Outstanding Producer of Theatrical Motion Pictures,Black Panther: Wakanda Forever,Nate Moore,Live-Action Feature-Length Film,FALSE
2022,Darryl F. Zanuck Award for Outstanding Producer of Theatrical Motion Pictures,Elvis,Baz Luhrmann,Live-Action Feature-Length Film,FALSE
2022,Darryl F. Zanuck Award for Outstanding Producer of Theatrical Motion Pictures,Elvis,Catherine Martin,Live-Action Feature-Length Film,FALSE
2022,Darryl F. Zanuck Award for Outstanding Producer of Theatrical Motion Pictures,Elvis,Gail Berman,Live-Action Feature-Length Film,FALSE
2022,Darryl F. Zanuck Award for Outstanding Producer of Theatrical Motion Pictures,Elvis,Schuyler Weiss,Live-Action Feature-Length Film,FALSE
2022,Darryl F. Zanuck Award for Outstanding Producer of Theatrical Motion Pictures,Elvis,Patrick McCormick,Live-Action Feature-Length Film,FALSE
2022,Darryl F. Zanuck Award for Outstanding Producer of Theatrical Motion Pictures,The Fabelmans,Steven Spielberg,Live-Action Feature-Length Film,FALSE
2022,Darryl F. Zanuck Award for Outstanding Producer of Theatrical Motion Pictures,The Fabelmans,Kristie Macosko Krieger,Live-Action Feature-Length Film,FALSE
2022,Darryl F. Zanuck Award for Outstanding Producer of Theatrical Motion Pictures,The Fabelmans,Tony Kushner,Live-Action Feature-Length Film,FALSE
2022,Darryl F. Zanuck Award for Outstanding Producer of Theatrical Motion Pictures,Glass Onion: A Knives Out Mystery,Ram Bergman,Live-Action Feature-Length Film,FALSE
2022,Darryl F. Zanuck Award for Outstanding Producer of Theatrical Motion Pictures,Glass Onion: A Knives Out Mystery,Rian Johnson,Live-Action Feature-Length Film,FALSE
2022,Darryl F. Zanuck Award for Outstanding Producer of Theatrical Motion Pictures,Tár,Todd Field,Live-Action Feature-Length Film,FALSE
2022,Darryl F. Zanuck Award for Outstanding Producer of Theatrical Motion Pictures,Tár,Alexandra Milchan,Live-Action Feature-Length Film,FALSE
2022,Darryl F. Zanuck Award for Outstanding Producer of Theatrical Motion Pictures,Tár,Scott Lambert,Live-Action Feature-Length Film,FALSE
2022,Darryl F. Zanuck Award for Outstanding Producer of Theatrical Motion Pictures,Top Gun: Maverick,Jerry Bruckheimer,Live-Action Feature-Length Film,FALSE
2022,Darryl F. Zanuck Award for Outstanding Producer of Theatrical Motion Pictures,Top Gun: Maverick,Tom Cruise,Live-Action Feature-Length Film,FALSE
2022,Darryl F. Zanuck Award for Outstanding Producer of Theatrical Motion Pictures,Top Gun: Maverick,Christopher McQuarrie,Live-Action Feature-Length Film,FALSE
2022,Darryl F. Zanuck Award for Outstanding Producer of Theatrical Motion Pictures,Top Gun: Maverick,David Ellison,Live-Action Feature-Length Film,FALSE
2022,Darryl F. Zanuck Award for Outstanding Producer of Theatrical Motion Pictures,The Whale,Jeremy Dawson,Live-Action Feature-Length Film,FALSE
2022,Darryl F. Zanuck Award for Outstanding Producer of Theatrical Motion Pictures,The Whale,Ari Handel,Live-Action Feature-Length Film,FALSE
2022,Darryl F. Zanuck Award for Outstanding Producer of Theatrical Motion Pictures,The Whale,Darren Aronofsky,Live-Action Feature-Length Film,FALSE
2023,Darryl F. Zanuck Award for Outstanding Producer of Theatrical Motion Pictures,Oppenheimer,Emma Thomas,Live-Action Feature-Length Film,TRUE
2023,Darryl F. Zanuck Award for Outstanding Producer of Theatrical Motion Pictures,Oppenheimer,Charles Roven,Live-Action Feature-Length Film,TRUE
2023,Darryl F. Zanuck Award for Outstanding Producer of Theatrical Motion Pictures,Oppenheimer,Christopher Nolan,Live-Action Feature-Length Film,TRUE
2023,Darryl F. Zanuck Award for Outstanding Producer of Theatrical Motion Pictures,American Fiction,Ben LeClair,Live-Action Feature-Length Film,FALSE
2023,Darryl F. Zanuck Award for Outstanding Producer of Theatrical Motion Pictures,American Fiction,Nikos Karamigios,Live-Action Feature-Length Film,FALSE
2023,Darryl F. Zanuck Award for Outstanding Producer of Theatrical Motion Pictures,American Fiction,Cord Jefferson,Live-Action Feature-Length Film,FALSE
2023,Darryl F. Zanuck Award for Outstanding Producer of Theatrical Motion Pictures,American Fiction,Jermaine Johnson,Live-Action Feature-Length Film,FALSE
2023,Darryl F. Zanuck Award for Outstanding Producer of Theatrical Motion Pictures,Anatomy of a Fall,Marie-Ange Luciani,Live-Action Feature-Length Film,FALSE
2023,Darryl F. Zanuck Award for Outstanding Producer of Theatrical Motion Pictures,Anatomy of a Fall,David Thion,Live-Action Feature-Length Film,FALSE
2023,Darryl F. Zanuck Award for Outstanding Producer of Theatrical Motion Pictures,Barbie,David Heyman,Live-Action Feature-Length Film,FALSE
2023,Darryl F. Zanuck Award for Outstanding Producer of Theatrical Motion Pictures,Barbie,Margot Robbie,Live-Action Feature-Length Film,FALSE
2023,Darryl F. Zanuck Award for Outstanding Producer of Theatrical Motion Pictures,Barbie,Tom Ackerley,Live-Action Feature-Length Film,FALSE
2023,Darryl F. Zanuck Award for Outstanding Producer of Theatrical Motion Pictures,Barbie,Robbie Brenner,Live-Action Feature-Length Film,FALSE
2023,Darryl F. Zanuck Award for Outstanding Producer of Theatrical Motion Pictures,The Holdovers,Mark Johnson,Live-Action Feature-Length Film,FALSE
2023,Darryl F. Zanuck Award for Outstanding Producer of Theatrical Motion Pictures,Killers of the Flower Moon,Dan Friedkin,Live-Action Feature-Length Film,FALSE
2023,Darryl F. Zanuck Award for Outstanding Producer of Theatrical Motion Pictures,Killers of the Flower Moon,Bradley Thomas,Live-Action Feature-Length Film,FALSE
2023,Darryl F. Zanuck Award for Outstanding Producer of Theatrical Motion Pictures,Killers of the Flower Moon,Martin Scorsese,Live-Action Feature-Length Film,FALSE
2023,Darryl F. Zanuck Award for Outstanding Producer of Theatrical Motion Pictures,Killers of the Flower Moon,Daniel Lupi,Live-Action Feature-Length Film,FALSE
2023,Darryl F. Zanuck Award for Outstanding Producer of Theatrical Motion Pictures,Maestro,Bradley Cooper,Live-Action Feature-Length Film,FALSE
2023,Darryl F. Zanuck Award for Outstanding Producer of Theatrical Motion Pictures,Maestro,Steven Spielberg,Live-Action Feature-Length Film,FALSE
2023,Darryl F. Zanuck Award for Outstanding Producer of Theatrical Motion Pictures,Maestro,Fred Berner,Live-Action Feature-Length Film,FALSE
2023,Darryl F. Zanuck Award for Outstanding Producer of Theatrical Motion Pictures,Maestro,Amy Durning,Live-Action Feature-Length Film,FALSE
2023,Darryl F. Zanuck Award for Outstanding Producer of Theatrical Motion Pictures,Maestro,Kristie Macosko Krieger,Live-Action Feature-Length Film,FALSE
2023,Darryl F. Zanuck Award for Outstanding Producer of Theatrical Motion Pictures,Past Lives,David Hinojosa,Live-Action Feature-Length Film,FALSE
2023,Darryl F. Zanuck Award for Outstanding Producer of Theatrical Motion Pictures,Past Lives,Christine Vachon,Live-Action Feature-Length Film,FALSE
2023,Darryl F. Zanuck Award for Outstanding Producer of Theatrical Motion Pictures,Past Lives,Pamela Koffler,Live-Action Feature-Length Film,FALSE
2023,Darryl F. Zanuck Award for Outstanding Producer of Theatrical Motion Pictures,Poor Things,Ed Guiney,Live-Action Feature-Length Film,FALSE
2023,Darryl F. Zanuck Award for Outstanding Producer of Theatrical Motion Pictures,Poor Things,Andrew Lowe,Live-Action Feature-Length Film,FALSE
2023,Darryl F. Zanuck Award for Outstanding Producer of Theatrical Motion Pictures,Poor Things,Yorgos Lanthimos,Live-Action Feature-Length Film,FALSE
2023,Darryl F. Zanuck Award for Outstanding Producer of Theatrical Motion Pictures,Poor Things,Emma Stone,Live-Action Feature-Length Film,FALSE
2023,Darryl F. Zanuck Award for Outstanding Producer of Theatrical Motion Pictures,The Zone of Interest,James Wilson,Live-Action Feature-Length Film,FALSE
2024,Darryl F. Zanuck Award for Outstanding Producer of Theatrical Motion Pictures,Anora,Alex Coco,Live-Action Feature-Length Film,TRUE
2024,Darryl F. Zanuck Award for Outstanding Producer of Theatrical Motion Pictures,Anora,Samantha Quan,Live-Action Feature-Length Film,TRUE
2024,Darryl F. Zanuck Award for Outstanding Producer of Theatrical Motion Pictures,Anora,Sean Baker,Live-Action Feature-Length Film,TRUE
2024,Darryl F. Zanuck Award for Outstanding Producer of Theatrical Motion Pictures,The Brutalist,Brady Corbet,Live-Action Feature-Length Film,FALSE
2024,Darryl F. Zanuck Award for Outstanding Producer of Theatrical Motion Pictures,The Brutalist,D.J. Gugenheim,Live-Action Feature-Length Film,FALSE
2024,Darryl F. Zanuck Award for Outstanding Producer of Theatrical Motion Pictures,The Brutalist,Brian Young,Live-Action Feature-Length Film,FALSE
2024,Darryl F. Zanuck Award for Outstanding Producer of Theatrical Motion Pictures,The Brutalist,Andrew Morrison,Live-Action Feature-Length Film,FALSE
2024,Darryl F. Zanuck Award for Outstanding Producer of Theatrical Motion Pictures,The Brutalist,Nick Gordon,Live-Action Feature-Length Film,FALSE
2024,Darryl F. Zanuck Award for Outstanding Producer of Theatrical Motion Pictures,A Complete Unknown,James Mangold,Live-Action Feature-Length Film,FALSE
2024,Darryl F. Zanuck Award for Outstanding Producer of Theatrical Motion Pictures,A Complete Unknown,Alex Heineman,Live-Action Feature-Length Film,FALSE
2024,Darryl F. Zanuck Award for Outstanding Producer of Theatrical Motion Pictures,A Complete Unknown,Fred Berger,Live-Action Feature-Length Film,FALSE
2024,Darryl F. Zanuck Award for Outstanding Producer of Theatrical Motion Pictures,Conclave,Tessa Ross,Live-Action Feature-Length Film,FALSE
2024,Darryl F. Zanuck Award for Outstanding Producer of Theatrical Motion Pictures,Conclave,Juliette Howell,Live-Action Feature-Length Film,FALSE
2024,Darryl F. Zanuck Award for Outstanding Producer of Theatrical Motion Pictures,Conclave,Michael Jackman,Live-Action Feature-Length Film,FALSE
2024,Darryl F. Zanuck Award for Outstanding Producer of Theatrical Motion Pictures,Dune: Part Two,Mary Parent,Live-Action Feature-Length Film,FALSE
2024,Darryl F. Zanuck Award for Outstanding Producer of Theatrical Motion Pictures,Dune: Part Two,Cale Boyter,Live-Action Feature-Length Film,FALSE
2024,Darryl F. Zanuck Award for Outstanding Producer of Theatrical Motion Pictures,Dune: Part Two,Tanya Lapointe,Live-Action Feature-Length Film,FALSE
2024,Darryl F. Zanuck Award for Outstanding Producer of Theatrical Motion Pictures,Dune: Part Two,Denis Villeneuve,Live-Action Feature-Length Film,FALSE
2024,Darryl F. Zanuck Award for Outstanding Producer of Theatrical Motion Pictures,Emilia Pérez,Jacques Audiard,Live-Action Feature-Length Film,FALSE
2024,Darryl F. Zanuck Award for Outstanding Producer of Theatrical Motion Pictures,Emilia Pérez,Pascal Caucheteux,Live-Action Feature-Length Film,FALSE
2024,Darryl F. Zanuck Award for Outstanding Producer of Theatrical Motion Pictures,A Real Pain,Jesse Eisenberg,Live-Action Feature-Length Film,FALSE
2024,Darryl F. Zanuck Award for Outstanding Producer of Theatrical Motion Pictures,A Real Pain,Ali Herting,Live-Action Feature-Length Film,FALSE
2024,Darryl F. Zanuck Award for Outstanding Producer of Theatrical Motion Pictures,September 5,Philipp Trauer,Live-Action Feature-Length Film,FALSE
2024,Darryl F. Zanuck Award for Outstanding Producer of Theatrical Motion Pictures,September 5,Thomas Wöbke,Live-Action Feature-Length Film,FALSE
2024,Darryl F. Zanuck Award for Outstanding Producer of Theatrical Motion Pictures,September 5,Tim Fehlbaum,Live-Action Feature-Length Film,FALSE
2024,Darryl F. Zanuck Award for Outstanding Producer of Theatrical Motion Pictures,September 5,John Ira Palmer,Live-Action Feature-Length Film,FALSE
2024,Darryl F. Zanuck Award for Outstanding Producer of Theatrical Motion Pictures,September 5,John Wildermuth,Live-Action Feature-Length Film,FALSE
2024,Darryl F. Zanuck Award for Outstanding Producer of Theatrical Motion Pictures,The Substance,Coralie Fargeat,Live-Action Feature-Length Film,FALSE
2024,Darryl F. Zanuck Award for Outstanding Producer of Theatrical Motion Pictures,The Substance,Tim Bevan,Live-Action Feature-Length Film,FALSE
2024,Darryl F. Zanuck Award for Outstanding Producer of Theatrical Motion Pictures,The Substance,Eric Fellner,Live-Action Feature-Length Film,FALSE
2024,Darryl F. Zanuck Award for Outstanding Producer of Theatrical Motion Pictures,Wicked,Marc Platt,Live-Action Feature-Length Film,FALSE
2025,Darryl F. Zanuck Award for Outstanding Producer of Theatrical Motion Pictures,Bugonia,Ed Guiney,Live-Action Feature-Length Film,FALSE
2025,Darryl F. Zanuck Award for Outstanding Producer of Theatrical Motion Pictures,Bugonia,Andrew Lowe,Live-Action Feature-Length Film,FALSE
2025,Darryl F. Zanuck Award for Outstanding Producer of Theatrical Motion Pictures,Bugonia,Yorgos Lanthimos,Live-Action Feature-Length Film,FALSE
2025,Darryl F. Zanuck Award for Outstanding Producer of Theatrical Motion Pictures,Bugonia,Emma Stone,Live-Action Feature-Length Film,FALSE
2025,Darryl F. Zanuck Award for Outstanding Producer of Theatrical Motion Pictures,Bugonia,Lars Knudsen,Live-Action Feature-Length Film,FALSE
2025,Darryl F. Zanuck Award for Outstanding Producer of Theatrical Motion Pictures,F1,TBA,Live-Action Feature-Length Film,FALSE
2025,Darryl F. Zanuck Award for Outstanding Producer of Theatrical Motion Pictures,Frankenstein,Guillermo Del Toro,Live-Action Feature-Length Film,FALSE
2025,Darryl F. Zanuck Award for Outstanding Producer of Theatrical Motion Pictures,Frankenstein,J. Miles Dale,Live-Action Feature-Length Film,FALSE
2025,Darryl F. Zanuck Award for Outstanding Producer of Theatrical Motion Pictures,Frankenstein,Scott Stuber,Live-Action Feature-Length Film,FALSE
2025,Darryl F. Zanuck Award for Outstanding Producer of Theatrical Motion Pictures,Hamnet,Liza Marshall,Live-Action Feature-Length Film,FALSE
2025,Darryl F. Zanuck Award for Outstanding Producer of Theatrical Motion Pictures,Hamnet,Pippa Harris,Live-Action Feature-Length Film,FALSE
2025,Darryl F. Zanuck Award for Outstanding Producer of Theatrical Motion Pictures,Hamnet,Sam Mendes,Live-Action Feature-Length Film,FALSE
2025,Darryl F. Zanuck Award for Outstanding Producer of Theatrical Motion Pictures,Hamnet,Steven Spielberg,Live-Action Feature-Length Film,FALSE
2025,Darryl F. Zanuck Award for Outstanding Producer of Theatrical Motion Pictures,Hamnet,Nicolas Gonda,Live-Action Feature-Length Film,FALSE
2025,Darryl F. Zanuck Award for Outstanding Producer of Theatrical Motion Pictures,Marty Supreme,TBA,Live-Action Feature-Length Film,FALSE
2025,Darryl F. Zanuck Award for Outstanding Producer of Theatrical Motion Pictures,One Battle After Another,Adam Somner,Live-Action Feature-Length Film,FALSE
2025,Darryl F. Zanuck Award for Outstanding Producer of Theatrical Motion Pictures,One Battle After Another,Sara Murphy,Live-Action Feature-Length Film,FALSE
2025,Darryl F. Zanuck Award for Outstanding Producer of Theatrical Motion Pictures,One Battle After Another,Paul Thomas Anderson,Live-Action Feature-Length Film,FALSE
2025,Darryl F. Zanuck Award for Outstanding Producer of Theatrical Motion Pictures,Sentimental Value,Maria Ekerhovd,Live-Action Feature-Length Film,FALSE
2025,Darryl F. Zanuck Award for Outstanding Producer of Theatrical Motion Pictures,Sentimental Value,Andrea Berentsen Ottmar,Live-Action Feature-Length Film,FALSE
2025,Darryl F. Zanuck Award for Outstanding Producer of Theatrical Motion Pictures,Sinners,Ryan Coogler,Live-Action Feature-Length Film,FALSE
2025,Darryl F. Zanuck Award for Outstanding Producer of Theatrical Motion Pictures,Sinners,Zinzi Coogler,Live-Action Feature-Length Film,FALSE
2025,Darryl F. Zanuck Award for Outstanding Producer of Theatrical Motion Pictures,Sinners,Sev Ohanian,Live-Action Feature-Length Film,FALSE
2025,Darryl F. Zanuck Award for Outstanding Producer of Theatrical Motion Pictures,Train Dreams,Marissa McMahon,Live-Action Feature-Length Film,FALSE
2025,Darryl F. Zanuck Award for Outstanding Producer of Theatrical Motion Pictures,Train Dreams,Teddy Schwarzman,Live-Action Feature-Length Film,FALSE
2025,Darryl F. Zanuck Award for Outstanding Producer of Theatrical Motion Pictures,Train Dreams,William Janowitz,Live-Action Feature-Length Film,FALSE
2025,Darryl F. Zanuck Award for Outstanding Producer of Theatrical Motion Pictures,Train Dreams,Ashley Schlaifer,Live-Action Feature-Length Film,FALSE
2025,Darryl F. Zanuck Award for Outstanding Producer of Theatrical Motion Pictures,Train Dreams,Michael Heimler,Live-Action Feature-Length Film,FALSE
2025,Darryl F. Zanuck Award for Outstanding Producer of Theatrical Motion Pictures,Weapons,Zach Cregger,Live-Action Feature-Length Film,FALSE
2025,Darryl F. Zanuck Award for Outstanding Producer of Theatrical Motion Pictures,Weapons,Miri Yoon,Live-Action Feature-Length Film,FALSE
2005,Outstanding Producer of Animated Theatrical Motion Pictures,Wallace & Gromit: The Curse of the Were-Rabbit,Aardman Animations,Animated Feature-Length Film,TRUE
2005,Outstanding Producer of Animated Theatrical Motion Pictures,Wallace & Gromit: The Curse of the Were-Rabbit,DreamWorks Animation,Animated Feature-Length Film,TRUE
2005,Outstanding Producer of Animated Theatrical Motion Pictures,Chicken Little,Walt Disney Feature Animation,Animated Feature-Length Film,FALSE
2005,Outstanding Producer of Animated Theatrical Motion Pictures,Corpse Bride,Laika Entertainment,Animated Feature-Length Film,FALSE
2005,Outstanding Producer of Animated Theatrical Motion Pictures,Corpse Bride,Tim Burton Productions,Animated Feature-Length Film,FALSE
2005,Outstanding Producer of Animated Theatrical Motion Pictures,Madagascar,DreamWorks Animation,Animated Feature-Length Film,FALSE
2005,Outstanding Producer of Animated Theatrical Motion Pictures,Madagascar,Pacific Data Images,Animated Feature-Length Film,FALSE
2005,Outstanding Producer of Animated Theatrical Motion Pictures,Robots,Blue Sky Studios,Animated Feature-Length Film,FALSE
2005,Outstanding Producer of Animated Theatrical Motion Pictures,Robots,20th Century Fox Animation,Animated Feature-Length Film,FALSE
2006,Outstanding Producer of Animated Theatrical Motion Pictures,Cars,Pixar Animation Studios,Animated Feature-Length Film,TRUE
2006,Outstanding Producer of Animated Theatrical Motion Pictures,Flushed Away,Aardman Animations,Animated Feature-Length Film,FALSE
2006,Outstanding Producer of Animated Theatrical Motion Pictures,Flushed Away,DreamWorks Animation,Animated Feature-Length Film,FALSE
2006,Outstanding Producer of Animated Theatrical Motion Pictures,Happy Feet,Village Roadshow Pictures,Animated Feature-Length Film,FALSE
2006,Outstanding Producer of Animated Theatrical Motion Pictures,Happy Feet,Kennedy Miller Productions,Animated Feature-Length Film,FALSE
2006,Outstanding Producer of Animated Theatrical Motion Pictures,Happy Feet,Animal Logic,Animated Feature-Length Film,FALSE
2006,Outstanding Producer of Animated Theatrical Motion Pictures,Ice Age: The Meltdown,Blue Sky Studios,Animated Feature-Length Film,FALSE
2006,Outstanding Producer of Animated Theatrical Motion Pictures,Ice Age: The Meltdown,20th Century Fox Animation,Animated Feature-Length Film,FALSE
2006,Outstanding Producer of Animated Theatrical Motion Pictures,Monster House,Relativity Media,Animated Feature-Length Film,FALSE
2006,Outstanding Producer of Animated Theatrical Motion Pictures,Monster House,ImageMovers,Animated Feature-Length Film,FALSE
2006,Outstanding Producer of Animated Theatrical Motion Pictures,Monster House,Amblin Entertainment,Animated Feature-Length Film,FALSE
2007,Outstanding Producer of Animated Theatrical Motion Pictures,Ratatouille,Pixar Animation Studios,Animated Feature-Length Film,TRUE
2007,Outstanding Producer of Animated Theatrical Motion Pictures,Bee Movie,DreamWorks Animation,Animated Feature-Length Film,FALSE
2007,Outstanding Producer of Animated Theatrical Motion Pictures,The Simpsons Movie,20th Century Fox Animation,Animated Feature-Length Film,FALSE
2007,Outstanding Producer of Animated Theatrical Motion Pictures,The Simpsons Movie,Gracie Films,Animated Feature-Length Film,FALSE
2007,Outstanding Producer of Animated Theatrical Motion Pictures,The Simpsons Movie,Film Roman,Animated Feature-Length Film,FALSE
2007,Outstanding Producer of Animated Theatrical Motion Pictures,The Simpsons Movie,AKOM Production,Animated Feature-Length Film,FALSE
2007,Outstanding Producer of Animated Theatrical Motion Pictures,The Simpsons Movie,Rough Draft Feature Animation,Animated Feature-Length Film,FALSE
2008,Outstanding Producer of Animated Theatrical Motion Pictures,WALL-E,Pixar Animation Studios,Animated Feature-Length Film,TRUE
2008,Outstanding Producer of Animated Theatrical Motion Pictures,Bolt,Walt Disney Animation Studios,Animated Feature-Length Film,FALSE
2008,Outstanding Producer of Animated Theatrical Motion Pictures,Kung Fu Panda,DreamWorks Animation,Animated Feature-Length Film,FALSE
2009,Outstanding Producer of Animated Theatrical Motion Pictures,Up,Pixar Animation Studios,Animated Feature-Length Film,TRUE
2009,Outstanding Producer of Animated Theatrical Motion Pictures,9,Bazelevs Animation,Animated Feature-Length Film,FALSE
2009,Outstanding Producer of Animated Theatrical Motion Pictures,9,Relativity Media,Animated Feature-Length Film,FALSE
2009,Outstanding Producer of Animated Theatrical Motion Pictures,9,Starz Animation,Animated Feature-Length Film,FALSE
2009,Outstanding Producer of Animated Theatrical Motion Pictures,9,Tim Burton Animations,Animated Feature-Length Film,FALSE
2009,Outstanding Producer of Animated Theatrical Motion Pictures,Coraline,Laika Entertainment,Animated Feature-Length Film,FALSE
2009,Outstanding Producer of Animated Theatrical Motion Pictures,Coraline,Pandemonium,Animated Feature-Length Film,FALSE
2009,Outstanding Producer of Animated Theatrical Motion Pictures,Fantastic Mr. Fox,20th Century Fox Animation,Animated Feature-Length Film,FALSE
2009,Outstanding Producer of Animated Theatrical Motion Pictures,Fantastic Mr. Fox,Indian Paintbrush,Animated Feature-Length Film,FALSE
2009,Outstanding Producer of Animated Theatrical Motion Pictures,Fantastic Mr. Fox,Regency Enterprises,Animated Feature-Length Film,FALSE
2009,Outstanding Producer of Animated Theatrical Motion Pictures,Fantastic Mr. Fox,American Empirical Pictures,Animated Feature-Length Film,FALSE
2009,Outstanding Producer of Animated Theatrical Motion Pictures,Fantastic Mr. Fox,Scott Rudin Productions,Animated Feature-Length Film,FALSE
2009,Outstanding Producer of Animated Theatrical Motion Pictures,Fantastic Mr. Fox,Dune Entertainment,Animated Feature-Length Film,FALSE
2009,Outstanding Producer of Animated Theatrical Motion Pictures,The Princess and the Frog,Walt Disney Animation Studios,Animated Feature-Length Film,FALSE
2010,Outstanding Producer of Animated Theatrical Motion Pictures,Toy Story 3,Pixar Animation Studios,Animated Feature-Length Film,TRUE
2010,Outstanding Producer of Animated Theatrical Motion Pictures,Despicable Me,Illumination Entertainment,Animated Feature-Length Film,FALSE
2010,Outstanding Producer of Animated Theatrical Motion Pictures,How to Train Your Dragon,DreamWorks Animation,Animated Feature-Length Film,FALSE
2011,Outstanding Producer of Animated Theatrical Motion Pictures,The Adventures of Tintin,Nickelodeon Movies,Animated Feature-Length Film,TRUE
2011,Outstanding Producer of Animated Theatrical Motion Pictures,The Adventures of Tintin,Amblin Entertainment,Animated Feature-Length Film,TRUE
2011,Outstanding Producer of Animated Theatrical Motion Pictures,The Adventures of Tintin,The Kennedy/Marshall Company,Animated Feature-Length Film,TRUE
2011,Outstanding Producer of Animated Theatrical Motion Pictures,The Adventures of Tintin,WingNut Films,Animated Feature-Length Film,TRUE
2011,Outstanding Producer of Animated Theatrical Motion Pictures,The Adventures of Tintin,Hemisphere Media Capital,Animated Feature-Length Film,TRUE
2011,Outstanding Producer of Animated Theatrical Motion Pictures,The Adventures of Tintin,Studios Hergé,Animated Feature-Length Film,TRUE
2011,Outstanding Producer of Animated Theatrical Motion Pictures,Cars 2,Pixar Animation Studios,Animated Feature-Length Film,FALSE
2011,Outstanding Producer of Animated Theatrical Motion Pictures,Kung Fu Panda 2,DreamWorks Animation,Animated Feature-Length Film,FALSE
2011,Outstanding Producer of Animated Theatrical Motion Pictures,Puss in Boots,Latifa Ouaou,Animated Feature-Length Film,FALSE
2011,Outstanding Producer of Animated Theatrical Motion Pictures,Puss in Boots,Joe M. Aguilar,Animated Feature-Length Film,FALSE
2011,Outstanding Producer of Animated Theatrical Motion Pictures,Rango,Nickelodeon Movies,Animated Feature-Length Film,FALSE
2011,Outstanding Producer of Animated Theatrical Motion Pictures,Rango,Blink Wink,Animated Feature-Length Film,FALSE
2011,Outstanding Producer of Animated Theatrical Motion Pictures,Rango,GK Films,Animated Feature-Length Film,FALSE
2011,Outstanding Producer of Animated Theatrical Motion Pictures,Rango,Industrial Light,Animated Feature-Length Film,FALSE
2011,Outstanding Producer of Animated Theatrical Motion Pictures,Rango,Magic,Animated Feature-Length Film,FALSE
2012,Outstanding Producer of Animated Theatrical Motion Pictures,Wreck-It Ralph,Walt Disney Animation Studios,Animated Feature-Length Film,TRUE
2012,Outstanding Producer of Animated Theatrical Motion Pictures,Brave,Pixar Animation Studios,Animated Feature-Length Film,FALSE
2012,Outstanding Producer of Animated Theatrical Motion Pictures,Frankenweenie,Tim Burton Productions,Animated Feature-Length Film,FALSE
2012,Outstanding Producer of Animated Theatrical Motion Pictures,ParaNorman,Laika Entertainment,Animated Feature-Length Film,FALSE
2012,Outstanding Producer of Animated Theatrical Motion Pictures,Rise of the Guardians,DreamWorks Animation,Animated Feature-Length Film,FALSE
2013,Outstanding Producer of Animated Theatrical Motion Pictures,Frozen,Walt Disney Animation Studios,Animated Feature-Length Film,TRUE
2013,Outstanding Producer of Animated Theatrical Motion Pictures,The Croods,DreamWorks Animation,Animated Feature-Length Film,FALSE
2013,Outstanding Producer of Animated Theatrical Motion Pictures,Despicable Me 2,Illumination Entertainment,Animated Feature-Length Film,FALSE
2013,Outstanding Producer of Animated Theatrical Motion Pictures,Epic,Blue Sky Studios,Animated Feature-Length Film,FALSE
2013,Outstanding Producer of Animated Theatrical Motion Pictures,Epic,20th Century Fox Animation,Animated Feature-Length Film,FALSE
2013,Outstanding Producer of Animated Theatrical Motion Pictures,Monsters University,Pixar Animation Studios,Animated Feature-Length Film,FALSE
2014,Outstanding Producer of Animated Theatrical Motion Pictures,The Lego Movie,Village Roadshow Pictures,Animated Feature-Length Film,TRUE
2014,Outstanding Producer of Animated Theatrical Motion Pictures,The Lego Movie,Lego System A/S,Animated Feature-Length Film,TRUE
2014,Outstanding Producer of Animated Theatrical Motion Pictures,The Lego Movie,Vertigo Entertainment,Animated Feature-Length Film,TRUE
2014,Outstanding Producer of Animated Theatrical Motion Pictures,The Lego Movie,Lin Pictures,Animated Feature-Length Film,TRUE
2014,Outstanding Producer of Animated Theatrical Motion Pictures,The Lego Movie,Animal Logic,Animated Feature-Length Film,TRUE
2014,Outstanding Producer of Animated Theatrical Motion Pictures,The Lego Movie,RatPac-Dune Entertainment,Animated Feature-Length Film,TRUE
2014,Outstanding Producer of Animated Theatrical Motion Pictures,The Lego Movie,Warner Animation Group,Animated Feature-Length Film,TRUE
2014,Outstanding Producer of Animated Theatrical Motion Pictures,Big Hero 6,Walt Disney Animation Studios,Animated Feature-Length Film,FALSE
2014,Outstanding Producer of Animated Theatrical Motion Pictures,The Book of Life,Reel FX Creative Studios,Animated Feature-Length Film,FALSE
2014,Outstanding Producer of Animated Theatrical Motion Pictures,The Book of Life,20th Century Fox Animation,Animated Feature-Length Film,FALSE
2014,Outstanding Producer of Animated Theatrical Motion Pictures,The Boxtrolls,Laika Entertainment,Animated Feature-Length Film,FALSE
2014,Outstanding Producer of Animated Theatrical Motion Pictures,How to Train Your Dragon 2,DreamWorks Animation,Animated Feature-Length Film,FALSE
2015,Outstanding Producer of Animated Theatrical Motion Pictures,Inside Out,Pixar Animation Studios,Animated Feature-Length Film,TRUE
2015,Outstanding Producer of Animated Theatrical Motion Pictures,Anomalisa,Starburn Industries,Animated Feature-Length Film,FALSE
2015,Outstanding Producer of Animated Theatrical Motion Pictures,Anomalisa,Snoot Films,Animated Feature-Length Film,FALSE
2015,Outstanding Producer of Animated Theatrical Motion Pictures,The Good Dinosaur,Pixar Animation Studios,Animated Feature-Length Film,FALSE
2015,Outstanding Producer of Animated Theatrical Motion Pictures,Minions,Illumination Entertainment,Animated Feature-Length Film,FALSE
2015,Outstanding Producer of Animated Theatrical Motion Pictures,The Peanuts Movie,Blue Sky Studios,Animated Feature-Length Film,FALSE
2015,Outstanding Producer of Animated Theatrical Motion Pictures,The Peanuts Movie,20th Century Fox Animation,Animated Feature-Length Film,FALSE
2016,Outstanding Producer of Animated Theatrical Motion Pictures,Zootopia,Walt Disney Animation Studios,Animated Feature-Length Film,TRUE
2016,Outstanding Producer of Animated Theatrical Motion Pictures,Finding Dory,Pixar Animation Studios,Animated Feature-Length Film,FALSE
2016,Outstanding Producer of Animated Theatrical Motion Pictures,Kubo and the Two Strings,Laika Entertainment,Animated Feature-Length Film,FALSE
2016,Outstanding Producer of Animated Theatrical Motion Pictures,Moana,Walt Disney Animation Studios,Animated Feature-Length Film,FALSE
2016,Outstanding Producer of Animated Theatrical Motion Pictures,The Secret Life of Pets,Illumination Entertainment,Animated Feature-Length Film,FALSE
2017,Outstanding Producer of Animated Theatrical Motion Pictures,Coco,Pixar Animation Studios,Animated Feature-Length Film,TRUE
2017,Outstanding Producer of Animated Theatrical Motion Pictures,The Boss Baby,DreamWorks Animation,Animated Feature-Length Film,FALSE
2017,Outstanding Producer of Animated Theatrical Motion Pictures,Despicable Me 3,Illumination Entertainment,Animated Feature-Length Film,FALSE
2017,Outstanding Producer of Animated Theatrical Motion Pictures,Ferdinand,Blue Sky Studios,Animated Feature-Length Film,FALSE
2017,Outstanding Producer of Animated Theatrical Motion Pictures,Ferdinand,20th Century Fox Animation,Animated Feature-Length Film,FALSE
2017,Outstanding Producer of Animated Theatrical Motion Pictures,The Lego Batman Movie,Warner Animation Group,Animated Feature-Length Film,FALSE
2018,Outstanding Producer of Animated Theatrical Motion Pictures,Spider-Man: Into the Spider-Verse,Sony Pictures Animation,Animated Feature-Length Film,TRUE
2018,Outstanding Producer of Animated Theatrical Motion Pictures,Dr. Seuss' The Grinch,Illumination Entertainment,Animated Feature-Length Film,FALSE
2018,Outstanding Producer of Animated Theatrical Motion Pictures,Incredibles 2,Pixar Animation Studios,Animated Feature-Length Film,FALSE
2018,Outstanding Producer of Animated Theatrical Motion Pictures,Isle of Dogs,Babelsberg Studio,Animated Feature-Length Film,FALSE
2018,Outstanding Producer of Animated Theatrical Motion Pictures,Isle of Dogs,Indian Paintbrush,Animated Feature-Length Film,FALSE
2018,Outstanding Producer of Animated Theatrical Motion Pictures,Isle of Dogs,American Empirical Pictures,Animated Feature-Length Film,FALSE
2018,Outstanding Producer of Animated Theatrical Motion Pictures,Ralph Breaks the Internet,Walt Disney Animation Studios,Animated Feature-Length Film,FALSE
2019,Outstanding Producer of Animated Theatrical Motion Pictures,Toy Story 4,Pixar Animation Studios,Animated Feature-Length Film,TRUE
2019,Outstanding Producer of Animated Theatrical Motion Pictures,Abominable,DreamWorks Animation,Animated Feature-Length Film,FALSE
2019,Outstanding Producer of Animated Theatrical Motion Pictures,Abominable,Pearl Studio,Animated Feature-Length Film,FALSE
2019,Outstanding Producer of Animated Theatrical Motion Pictures,Frozen 2,Walt Disney Animation Studios,Animated Feature-Length Film,FALSE
2019,Outstanding Producer of Animated Theatrical Motion Pictures,How to Train Your Dragon: The Hidden World,DreamWorks Animation,Animated Feature-Length Film,FALSE
2019,Outstanding Producer of Animated Theatrical Motion Pictures,Missing Link,Laika,Animated Feature-Length Film,FALSE
2020,Outstanding Producer of Animated Theatrical Motion Pictures,Soul,Pixar Animation Studios,Animated Feature-Length Film,TRUE
2020,Outstanding Producer of Animated Theatrical Motion Pictures,The Croods: A New Age,DreamWorks Animation,Animated Feature-Length Film,FALSE
2020,Outstanding Producer of Animated Theatrical Motion Pictures,Onward,Pixar Animation Studios,Animated Feature-Length Film,FALSE
2020,Outstanding Producer of Animated Theatrical Motion Pictures,Over the Moon,Netflix Animation,Animated Feature-Length Film,FALSE
2020,Outstanding Producer of Animated Theatrical Motion Pictures,Over the Moon,Pearl Studio,Animated Feature-Length Film,FALSE
2020,Outstanding Producer of Animated Theatrical Motion Pictures,Wolfwalkers,Cartoon Saloon,Animated Feature-Length Film,FALSE
2020,Outstanding Producer of Animated Theatrical Motion Pictures,Wolfwalkers,Melusine Productions,Animated Feature-Length Film,FALSE
2021,Outstanding Producer of Animated Theatrical Motion Pictures,Encanto,Walt Disney Animation Studios,Animated Feature-Length Film,TRUE
2021,Outstanding Producer of Animated Theatrical Motion Pictures,Luca,Pixar Animation Studios,Animated Feature-Length Film,FALSE
2021,Outstanding Producer of Animated Theatrical Motion Pictures,The Mitchells vs. the Machines,Sony Pictures Animation,Animated Feature-Length Film,FALSE
2021,Outstanding Producer of Animated Theatrical Motion Pictures,Raya and the Last Dragon,Walt Disney Animation Studios,Animated Feature-Length Film,FALSE
2021,Outstanding Producer of Animated Theatrical Motion Pictures,Sing 2,Illumination,Animated Feature-Length Film,FALSE
2022,Outstanding Producer of Animated Theatrical Motion Pictures,Guillermo del Toro's Pinocchio,Netflix Animation,Animated Feature-Length Film,TRUE
2022,Outstanding Producer of Animated Theatrical Motion Pictures,Marcel the Shell with Shoes On,Chiodo Bros. Production,Animated Feature-Length Film,FALSE
2022,Outstanding Producer of Animated Theatrical Motion Pictures,Minions: The Rise of Gru,Illumination,Animated Feature-Length Film,FALSE
2022,Outstanding Producer of Animated Theatrical Motion Pictures,Puss in Boots: The Last Wish,DreamWorks Animation,Animated Feature-Length Film,FALSE
2022,Outstanding Producer of Animated Theatrical Motion Pictures,Turning Red,Pixar Animation Studios,Animated Feature-Length Film,FALSE
2023,Outstanding Producer of Animated Theatrical Motion Pictures,Spider-Man: Across the Spider-Verse,Sony Pictures Animation,Animated Feature-Length Film,TRUE
2023,Outstanding Producer of Animated Theatrical Motion Pictures,The Boy and the Heron,Studio Ghibli,Animated Feature-Length Film,FALSE
2023,Outstanding Producer of Animated Theatrical Motion Pictures,Elemental,Pixar Animation Studios,Animated Feature-Length Film,FALSE
2023,Outstanding Producer of Animated Theatrical Motion Pictures,The Super Mario Bros. Movie,Illumination,Animated Feature-Length Film,FALSE
2023,Outstanding Producer of Animated Theatrical Motion Pictures,Teenage Mutant Ninja Turtles: Mutant Mayhem,Nickelodeon Movies,Animated Feature-Length Film,FALSE
2024,Outstanding Producer of Animated Theatrical Motion Pictures,The Wild Robot,DreamWorks Animation,Animated Feature-Length Film,TRUE
2024,Outstanding Producer of Animated Theatrical Motion Pictures,Flow,Dream Well Studio,Animated Feature-Length Film,FALSE
2024,Outstanding Producer of Animated Theatrical Motion Pictures,Flow,Sacrebleu Productions,Animated Feature-Length Film,FALSE
2024,Outstanding Producer of Animated Theatrical Motion Pictures,Flow,Take Five,Animated Feature-Length Film,FALSE
2024,Outstanding Producer of Animated Theatrical Motion Pictures,Inside Out 2,Pixar Animation Studios,Animated Feature-Length Film,FALSE
2024,Outstanding Producer of Animated Theatrical Motion Pictures,Moana 2,Walt Disney Animation Studios,Animated Feature-Length Film,FALSE
2024,Outstanding Producer of Animated Theatrical Motion Pictures,Wallace & Gromit: Vengeance Most Fowl,Aardman Animations,Animated Feature-Length Film,FALSE
2025,Outstanding Producer of Animated Theatrical Motion Pictures,The Bad Guys 2,DreamWorks Animation,Animated Feature-Length Film,FALSE
2025,Outstanding Producer of Animated Theatrical Motion Pictures,Demon Slayer: Kimetsu no Yaiba Infinity Castle,Toho / Ufotable,Animated Feature-Length Film,FALSE
2025,Outstanding Producer of Animated Theatrical Motion Pictures,Elio,Pixar Animation Studios,Animated Feature-Length Film,FALSE
2025,Outstanding Producer of Animated Theatrical Motion Pictures,KPop Demon Hunters,Sony Pictures Animation,Animated Feature-Length Film,FALSE
2025,Outstanding Producer of Animated Theatrical Motion Pictures,Zootopia 2,Walt Disney Animation Studios,Animated Feature-Length Film,FALSE
2007,Outstanding Producer of Documentary Theatrical Motion Pictures,Sicko,Michael Moore,Documentary Film,TRUE
2007,Outstanding Producer of Documentary Theatrical Motion Pictures,Sicko,Meghan O'Hara,Documentary Film,TRUE
2007,Outstanding Producer of Documentary Theatrical Motion Pictures,Body of War,Phil Donahue,Documentary Film,FALSE
2007,Outstanding Producer of Documentary Theatrical Motion Pictures,Body of War,Ellen Spiro,Documentary Film,FALSE
2007,Outstanding Producer of Documentary Theatrical Motion Pictures,Hear and Now,Irene Taylor Brodsky,Documentary Film,FALSE
2007,Outstanding Producer of Documentary Theatrical Motion Pictures,Pete Seeger: The Power of Song,Jim Brown,Documentary Film,FALSE
2007,Outstanding Producer of Documentary Theatrical Motion Pictures,Pete Seeger: The Power of Song,Michael Cohl,Documentary Film,FALSE
2007,Outstanding Producer of Documentary Theatrical Motion Pictures,Pete Seeger: The Power of Song,William Eigen,Documentary Film,FALSE
2007,Outstanding Producer of Documentary Theatrical Motion Pictures,White Light/Black Rain: The Destruction of Hiroshima and Nagasaki,Steven Okazaki,Documentary Film,FALSE
2008,Outstanding Producer of Documentary Theatrical Motion Pictures,Man on Wire,Simon Chinn,Documentary Film,TRUE
2008,Outstanding Producer of Documentary Theatrical Motion Pictures,Standard Operating Procedure,Julie Ahlberg,Documentary Film,FALSE
2008,Outstanding Producer of Documentary Theatrical Motion Pictures,Standard Operating Procedure,Errol Morris,Documentary Film,FALSE
2008,Outstanding Producer of Documentary Theatrical Motion Pictures,Trouble the Water,Carl Deal,Documentary Film,FALSE
2008,Outstanding Producer of Documentary Theatrical Motion Pictures,Trouble the Water,Tia Lessin,Documentary Film,FALSE
2009,Outstanding Producer of Documentary Theatrical Motion Pictures,The Cove,Fisher Stevens,Documentary Film,TRUE
2009,Outstanding Producer of Documentary Theatrical Motion Pictures,The Cove,Paula DuPré Pesmen,Documentary Film,TRUE
2009,Outstanding Producer of Documentary Theatrical Motion Pictures,Burma VJ,Lise Lense-Møller,Documentary Film,FALSE
2009,Outstanding Producer of Documentary Theatrical Motion Pictures,Sergio,John Battsek,Documentary Film,FALSE
2009,Outstanding Producer of Documentary Theatrical Motion Pictures,Sergio,Greg Barker,Documentary Film,FALSE
2009,Outstanding Producer of Documentary Theatrical Motion Pictures,Sergio,Julie Goldman,Documentary Film,FALSE
2009,Outstanding Producer of Documentary Theatrical Motion Pictures,Soundtrack for a Revolution,Joslyn Barnes,Documentary Film,FALSE
2009,Outstanding Producer of Documentary Theatrical Motion Pictures,Soundtrack for a Revolution,Jim Czarnecki,Documentary Film,FALSE
2009,Outstanding Producer of Documentary Theatrical Motion Pictures,Soundtrack for a Revolution,Bill Guttentag,Documentary Film,FALSE
2009,Outstanding Producer of Documentary Theatrical Motion Pictures,Soundtrack for a Revolution,Dan Sturman,Documentary Film,FALSE
2009,Outstanding Producer of Documentary Theatrical Motion Pictures,Soundtrack for a Revolution,Dylan Nelson,Documentary Film,FALSE
2010,Outstanding Producer of Documentary Theatrical Motion Pictures,"Waiting for ""Superman""",Lesley Chilcott,Documentary Film,TRUE
2010,Outstanding Producer of Documentary Theatrical Motion Pictures,Client 9: The Rise and Fall of Eliot Spitzer,Maiken Baird,Documentary Film,FALSE
2010,Outstanding Producer of Documentary Theatrical Motion Pictures,Client 9: The Rise and Fall of Eliot Spitzer,Alex Gibney,Documentary Film,FALSE
2010,Outstanding Producer of Documentary Theatrical Motion Pictures,Client 9: The Rise and Fall of Eliot Spitzer,Jedd Wider,Documentary Film,FALSE
2010,Outstanding Producer of Documentary Theatrical Motion Pictures,Client 9: The Rise and Fall of Eliot Spitzer,Todd Wider,Documentary Film,FALSE
2010,Outstanding Producer of Documentary Theatrical Motion Pictures,Earth Made of Glass,Reid Carolin,Documentary Film,FALSE
2010,Outstanding Producer of Documentary Theatrical Motion Pictures,Earth Made of Glass,Deborah Scranton,Documentary Film,FALSE
2010,Outstanding Producer of Documentary Theatrical Motion Pictures,Inside Job,Charles Ferguson,Documentary Film,FALSE
2010,Outstanding Producer of Documentary Theatrical Motion Pictures,Inside Job,Audrey Marrs,Documentary Film,FALSE
2010,Outstanding Producer of Documentary Theatrical Motion Pictures,Smash His Camera,Linda Saffire,Documentary Film,FALSE
2010,Outstanding Producer of Documentary Theatrical Motion Pictures,Smash His Camera,Adam Schlesinger,Documentary Film,FALSE
2010,Outstanding Producer of Documentary Theatrical Motion Pictures,The Tillman Story,John Battsek,Documentary Film,FALSE
2011,Outstanding Producer of Documentary Theatrical Motion Pictures,"Beats, Rhymes & Life: The Travels of A Tribe Called Quest",Michael Rapaport,Documentary Film,TRUE
2011,Outstanding Producer of Documentary Theatrical Motion Pictures,"Beats, Rhymes & Life: The Travels of A Tribe Called Quest",Edward Parks,Documentary Film,TRUE
2011,Outstanding Producer of Documentary Theatrical Motion Pictures,"Beats, Rhymes & Life: The Travels of A Tribe Called Quest",Frank Mele,Documentary Film,TRUE
2011,Outstanding Producer of Documentary Theatrical Motion Pictures,"Beats, Rhymes & Life: The Travels of A Tribe Called Quest",Debra Koffler,Documentary Film,TRUE
2011,Outstanding Producer of Documentary Theatrical Motion Pictures,Bill Cunningham New York,Philip Gefter,Documentary Film,FALSE
2011,Outstanding Producer of Documentary Theatrical Motion Pictures,Project Nim,Simon Chinn,Documentary Film,FALSE
2011,Outstanding Producer of Documentary Theatrical Motion Pictures,Senna,James Gay-Rees,Documentary Film,FALSE
2011,Outstanding Producer of Documentary Theatrical Motion Pictures,The Union,Cameron Crowe,Documentary Film,FALSE
2011,Outstanding Producer of Documentary Theatrical Motion Pictures,The Union,Michelle Panek,Documentary Film,FALSE
2012,Outstanding Producer of Documentary Theatrical Motion Pictures,Searching for Sugar Man,Malik Bendjelloul,Documentary Film,TRUE
2012,Outstanding Producer of Documentary Theatrical Motion Pictures,Searching for Sugar Man,Simon Chinn,Documentary Film,TRUE
2012,Outstanding Producer of Documentary Theatrical Motion Pictures,A People Uncounted,Marc Swenker,Documentary Film,FALSE
2012,Outstanding Producer of Documentary Theatrical Motion Pictures,A People Uncounted,Aaron Yegerr,Documentary Film,FALSE
2012,Outstanding Producer of Documentary Theatrical Motion Pictures,The Gatekeepers,Estelle Fialon,Documentary Film,FALSE
2012,Outstanding Producer of Documentary Theatrical Motion Pictures,The Gatekeepers,Philippa Kowarsky,Documentary Film,FALSE
2012,Outstanding Producer of Documentary Theatrical Motion Pictures,The Gatekeepers,Dror Moreh,Documentary Film,FALSE
2012,Outstanding Producer of Documentary Theatrical Motion Pictures,The Island President,Richard Berge,Documentary Film,FALSE
2012,Outstanding Producer of Documentary Theatrical Motion Pictures,The Island President,Bonni Cohen,Documentary Film,FALSE
2012,Outstanding Producer of Documentary Theatrical Motion Pictures,The Other Dream Team,Marius Markevicius,Documentary Film,FALSE
2012,Outstanding Producer of Documentary Theatrical Motion Pictures,The Other Dream Team,Jon Weinbach,Documentary Film,FALSE
2013,Outstanding Producer of Documentary Theatrical Motion Pictures,We Steal Secrets: The Story of WikiLeaks,Alexis Bloom,Documentary Film,TRUE
2013,Outstanding Producer of Documentary Theatrical Motion Pictures,We Steal Secrets: The Story of WikiLeaks,Alex Gibney,Documentary Film,TRUE
2013,Outstanding Producer of Documentary Theatrical Motion Pictures,We Steal Secrets: The Story of WikiLeaks,Marc Shmuger,Documentary Film,TRUE
2013,Outstanding Producer of Documentary Theatrical Motion Pictures,Far Out Isn't Far Enough: The Tomi Ungerer Story,Brad Bernstein,Documentary Film,FALSE
2013,Outstanding Producer of Documentary Theatrical Motion Pictures,Far Out Isn't Far Enough: The Tomi Ungerer Story,Rick Cikowski,Documentary Film,FALSE
2013,Outstanding Producer of Documentary Theatrical Motion Pictures,Life According to Sam,Andrea Nix Fine,Documentary Film,FALSE
2013,Outstanding Producer of Documentary Theatrical Motion Pictures,Life According to Sam,Sean Fine,Documentary Film,FALSE
2013,Outstanding Producer of Documentary Theatrical Motion Pictures,Life According to Sam,Miriam Weintraub,Documentary Film,FALSE
2013,Outstanding Producer of Documentary Theatrical Motion Pictures,A Place at the Table,Julie Goldman,Documentary Film,FALSE
2013,Outstanding Producer of Documentary Theatrical Motion Pictures,A Place at the Table,Ryan Harrington,Documentary Film,FALSE
2013,Outstanding Producer of Documentary Theatrical Motion Pictures,A Place at the Table,Kristi Jacobson,Documentary Film,FALSE
2013,Outstanding Producer of Documentary Theatrical Motion Pictures,A Place at the Table,Lori Silverbush,Documentary Film,FALSE
2013,Outstanding Producer of Documentary Theatrical Motion Pictures,Which Way Is the Front Line from Here? The Life and Time of Tim Hetherington,James Brabazon,Documentary Film,FALSE
2013,Outstanding Producer of Documentary Theatrical Motion Pictures,Which Way Is the Front Line from Here? The Life and Time of Tim Hetherington,Nick Quested,Documentary Film,FALSE
2014,Outstanding Producer of Documentary Theatrical Motion Pictures,Life Itself,Zak Piper,Documentary Film,TRUE
2014,Outstanding Producer of Documentary Theatrical Motion Pictures,Life Itself,Steve James,Documentary Film,TRUE
2014,Outstanding Producer of Documentary Theatrical Motion Pictures,Life Itself,Garrett Basch,Documentary Film,TRUE
2014,Outstanding Producer of Documentary Theatrical Motion Pictures,The Green Prince,Nadav Schirman,Documentary Film,FALSE
2014,Outstanding Producer of Documentary Theatrical Motion Pictures,The Green Prince,John Battsek,Documentary Film,FALSE
2014,Outstanding Producer of Documentary Theatrical Motion Pictures,The Green Prince,Simon Chinn,Documentary Film,FALSE
2014,Outstanding Producer of Documentary Theatrical Motion Pictures,Merchants of Doubt,Robert Kenner,Documentary Film,FALSE
2014,Outstanding Producer of Documentary Theatrical Motion Pictures,Merchants of Doubt,Melissa Robledo,Documentary Film,FALSE
2014,Outstanding Producer of Documentary Theatrical Motion Pictures,Particle Fever,David E. Kaplan,Documentary Film,FALSE
2014,Outstanding Producer of Documentary Theatrical Motion Pictures,Particle Fever,Mark Levinson,Documentary Film,FALSE
2014,Outstanding Producer of Documentary Theatrical Motion Pictures,Particle Fever,Andrea Miller,Documentary Film,FALSE
2014,Outstanding Producer of Documentary Theatrical Motion Pictures,Particle Fever,Carla Solomon,Documentary Film,FALSE
2014,Outstanding Producer of Documentary Theatrical Motion Pictures,Virunga,Orlando von Einsiedel,Documentary Film,FALSE
2014,Outstanding Producer of Documentary Theatrical Motion Pictures,Virunga,Joanna Natasegara,Documentary Film,FALSE
2015,Outstanding Producer of Documentary Theatrical Motion Pictures,Amy,James Gay-Rees,Documentary Film,TRUE
2015,Outstanding Producer of Documentary Theatrical Motion Pictures,The Hunting Ground,Amy Ziering,Documentary Film,FALSE
2015,Outstanding Producer of Documentary Theatrical Motion Pictures,The Look of Silence,Signe Byrge Sørensen,Documentary Film,FALSE
2015,Outstanding Producer of Documentary Theatrical Motion Pictures,Meru,Elizabeth Chai Vasarhelyi,Documentary Film,FALSE
2015,Outstanding Producer of Documentary Theatrical Motion Pictures,Meru,Jimmy Chin,Documentary Film,FALSE
2015,Outstanding Producer of Documentary Theatrical Motion Pictures,Something Better to Come,Sigrid Dyekjær,Documentary Film,FALSE
2015,Outstanding Producer of Documentary Theatrical Motion Pictures,Something Better to Come,Hanna Polak,Documentary Film,FALSE
2016,Outstanding Producer of Documentary Theatrical Motion Pictures,O.J.: Made in America,Ezra Edelman,Documentary Film,TRUE
2016,Outstanding Producer of Documentary Theatrical Motion Pictures,O.J.: Made in America,Caroline Waterlow,Documentary Film,TRUE
2016,Outstanding Producer of Documentary Theatrical Motion Pictures,Dancer,Gabrielle Tana,Documentary Film,FALSE
2016,Outstanding Producer of Documentary Theatrical Motion Pictures,The Eagle Huntress,Stacey Reiss,Documentary Film,FALSE
2016,Outstanding Producer of Documentary Theatrical Motion Pictures,The Eagle Huntress,Otto Bell,Documentary Film,FALSE
2016,Outstanding Producer of Documentary Theatrical Motion Pictures,"Life, Animated",Julie Goldman,Documentary Film,FALSE
2016,Outstanding Producer of Documentary Theatrical Motion Pictures,"Life, Animated",Roger Ross Williams,Documentary Film,FALSE
2016,Outstanding Producer of Documentary Theatrical Motion Pictures,Tower,Keith Maitland,Documentary Film,FALSE
2016,Outstanding Producer of Documentary Theatrical Motion Pictures,Tower,Susan Thomson,Documentary Film,FALSE
2016,Outstanding Producer of Documentary Theatrical Motion Pictures,Tower,Megan Gilbride,Documentary Film,FALSE
2017,Outstanding Producer of Documentary Theatrical Motion Pictures,Jane,Brett Morgen,Documentary Film,TRUE
2017,Outstanding Producer of Documentary Theatrical Motion Pictures,Jane,Bryan Burk,Documentary Film,TRUE
2017,Outstanding Producer of Documentary Theatrical Motion Pictures,Jane,Tony Gerber,Documentary Film,TRUE
2017,Outstanding Producer of Documentary Theatrical Motion Pictures,Jane,James Smith,Documentary Film,TRUE
2017,Outstanding Producer of Documentary Theatrical Motion Pictures,Chasing Coral,Jeff Orlowski,Documentary Film,FALSE
2017,Outstanding Producer of Documentary Theatrical Motion Pictures,Chasing Coral,Larissa Rhodes,Documentary Film,FALSE
2017,Outstanding Producer of Documentary Theatrical Motion Pictures,City of Ghosts,Matthew Heineman,Documentary Film,FALSE
2017,Outstanding Producer of Documentary Theatrical Motion Pictures,Cries from Syria,Evgeny Afineevsky,Documentary Film,FALSE
2017,Outstanding Producer of Documentary Theatrical Motion Pictures,Cries from Syria,Den Tolmor,Documentary Film,FALSE
2017,Outstanding Producer of Documentary Theatrical Motion Pictures,Cries from Syria,Aaron I. Butler,Documentary Film,FALSE
2017,Outstanding Producer of Documentary Theatrical Motion Pictures,Earth: One Amazing Day,Stephen McDonogh,Documentary Film,FALSE
2017,Outstanding Producer of Documentary Theatrical Motion Pictures,Joshua: Teenager vs. Superpower,Matthew Torne,Documentary Film,FALSE
2017,Outstanding Producer of Documentary Theatrical Motion Pictures,Joshua: Teenager vs. Superpower,Mark Rinehart,Documentary Film,FALSE
2017,Outstanding Producer of Documentary Theatrical Motion Pictures,Joshua: Teenager vs. Superpower,Joe Piscatella,Documentary Film,FALSE
2017,Outstanding Producer of Documentary Theatrical Motion Pictures,The Newspaperman: The Life and Times of Ben Bradlee,Teddy Kunhardt,Documentary Film,FALSE
2017,Outstanding Producer of Documentary Theatrical Motion Pictures,The Newspaperman: The Life and Times of Ben Bradlee,George Kunhardt,Documentary Film,FALSE
2018,Outstanding Producer of Documentary Theatrical Motion Pictures,Won't You Be My Neighbor?,Morgan Neville,Documentary Film,TRUE
2018,Outstanding Producer of Documentary Theatrical Motion Pictures,Won't You Be My Neighbor?,Nicholas Ma,Documentary Film,TRUE
2018,Outstanding Producer of Documentary Theatrical Motion Pictures,Won't You Be My Neighbor?,Caryn Capotosto,Documentary Film,TRUE
2018,Outstanding Producer of Documentary Theatrical Motion Pictures,The Dawn Wall,Josh Lowell,Documentary Film,FALSE
2018,Outstanding Producer of Documentary Theatrical Motion Pictures,The Dawn Wall,Peter Mortimer,Documentary Film,FALSE
2018,Outstanding Producer of Documentary Theatrical Motion Pictures,The Dawn Wall,Philipp Manderla,Documentary Film,FALSE
2018,Outstanding Producer of Documentary Theatrical Motion Pictures,Free Solo,Elizabeth Chai Vasarhelyi,Documentary Film,FALSE
2018,Outstanding Producer of Documentary Theatrical Motion Pictures,Free Solo,Jimmy Chin,Documentary Film,FALSE
2018,Outstanding Producer of Documentary Theatrical Motion Pictures,Free Solo,Evan Hayes,Documentary Film,FALSE
2018,Outstanding Producer of Documentary Theatrical Motion Pictures,Free Solo,Shannon Dill,Documentary Film,FALSE
2018,Outstanding Producer of Documentary Theatrical Motion Pictures,Hal,Christine Beebe,Documentary Film,FALSE
2018,Outstanding Producer of Documentary Theatrical Motion Pictures,Hal,Jonathan Lynch,Documentary Film,FALSE
2018,Outstanding Producer of Documentary Theatrical Motion Pictures,Hal,Brian Morrow,Documentary Film,FALSE
2018,Outstanding Producer of Documentary Theatrical Motion Pictures,Into the Okavango,Neil Gelinas,Documentary Film,FALSE
2018,Outstanding Producer of Documentary Theatrical Motion Pictures,RBG,Betsy West,Documentary Film,FALSE
2018,Outstanding Producer of Documentary Theatrical Motion Pictures,RBG,Julie Cohen,Documentary Film,FALSE
2018,Outstanding Producer of Documentary Theatrical Motion Pictures,Three Identical Strangers,Becky Read,Documentary Film,FALSE
2018,Outstanding Producer of Documentary Theatrical Motion Pictures,Three Identical Strangers,Grace Hughes-Hallett,Documentary Film,FALSE
2019,Outstanding Producer of Documentary Theatrical Motion Pictures,Apollo 11,Todd Douglas Miller,Documentary Film,TRUE
2019,Outstanding Producer of Documentary Theatrical Motion Pictures,Apollo 11,Thomas Petersen,Documentary Film,TRUE
2019,Outstanding Producer of Documentary Theatrical Motion Pictures,Advocate,Philippe Bellaïche,Documentary Film,FALSE
2019,Outstanding Producer of Documentary Theatrical Motion Pictures,Advocate,Rachel Leah Jones,Documentary Film,FALSE
2019,Outstanding Producer of Documentary Theatrical Motion Pictures,American Factory,Steven Bognar,Documentary Film,FALSE
2019,Outstanding Producer of Documentary Theatrical Motion Pictures,American Factory,Julia Reichert,Documentary Film,FALSE
2019,Outstanding Producer of Documentary Theatrical Motion Pictures,American Factory,Jeff Reichert,Documentary Film,FALSE
2019,Outstanding Producer of Documentary Theatrical Motion Pictures,The Cave,Kirstine Barfod,Documentary Film,FALSE
2019,Outstanding Producer of Documentary Theatrical Motion Pictures,The Cave,Sigrid Dyekjaer,Documentary Film,FALSE
2019,Outstanding Producer of Documentary Theatrical Motion Pictures,For Sama,Waad Al-Kateab,Documentary Film,FALSE
2019,Outstanding Producer of Documentary Theatrical Motion Pictures,Honeyland,Atanas Georgiev,Documentary Film,FALSE
2019,Outstanding Producer of Documentary Theatrical Motion Pictures,Honeyland,Ljubomir Stefanov,Documentary Film,FALSE
2019,Outstanding Producer of Documentary Theatrical Motion Pictures,One Child Nation,Christoph Jörg,Documentary Film,FALSE
2019,Outstanding Producer of Documentary Theatrical Motion Pictures,One Child Nation,Julie Goldman,Documentary Film,FALSE
2019,Outstanding Producer of Documentary Theatrical Motion Pictures,One Child Nation,Christopher Clements,Documentary Film,FALSE
2019,Outstanding Producer of Documentary Theatrical Motion Pictures,One Child Nation,Carolyn Hepburn,Documentary Film,FALSE
2019,Outstanding Producer of Documentary Theatrical Motion Pictures,One Child Nation,Nanfu Wang,Documentary Film,FALSE
2019,Outstanding Producer of Documentary Theatrical Motion Pictures,One Child Nation,Jialing Zhan,Documentary Film,FALSE
2020,Outstanding Producer of Documentary Theatrical Motion Pictures,My Octopus Teacher,Craig Foster,Documentary Film,TRUE
2020,Outstanding Producer of Documentary Theatrical Motion Pictures,David Attenborough: A Life on Our Planet,Jonnie Hughes,Documentary Film,FALSE
2020,Outstanding Producer of Documentary Theatrical Motion Pictures,Dick Johnson Is Dead,Kirsten Johnson,Documentary Film,FALSE
2020,Outstanding Producer of Documentary Theatrical Motion Pictures,Dick Johnson Is Dead,Katy Chevigny,Documentary Film,FALSE
2020,Outstanding Producer of Documentary Theatrical Motion Pictures,Dick Johnson Is Dead,Marilyn Ness,Documentary Film,FALSE
2020,Outstanding Producer of Documentary Theatrical Motion Pictures,Softie,Toni Kamau,Documentary Film,FALSE
2020,Outstanding Producer of Documentary Theatrical Motion Pictures,Softie,Sam Soko,Documentary Film,FALSE
2020,Outstanding Producer of Documentary Theatrical Motion Pictures,A Thousand Cuts,Ramona S. Diaz,Documentary Film,FALSE
2020,Outstanding Producer of Documentary Theatrical Motion Pictures,A Thousand Cuts,Leah Marino,Documentary Film,FALSE
2020,Outstanding Producer of Documentary Theatrical Motion Pictures,A Thousand Cuts,Julie Goldman,Documentary Film,FALSE
2020,Outstanding Producer of Documentary Theatrical Motion Pictures,A Thousand Cuts,Christopher Clements,Documentary Film,FALSE
2020,Outstanding Producer of Documentary Theatrical Motion Pictures,A Thousand Cuts,Carolyn Hepburn,Documentary Film,FALSE
2020,Outstanding Producer of Documentary Theatrical Motion Pictures,Time,Lauren Domino,Documentary Film,FALSE
2020,Outstanding Producer of Documentary Theatrical Motion Pictures,Time,Kellen Quinn,Documentary Film,FALSE
2020,Outstanding Producer of Documentary Theatrical Motion Pictures,Time,Garrett Bradley,Documentary Film,FALSE
2020,Outstanding Producer of Documentary Theatrical Motion Pictures,The Truffle Hunters,Michael Dweck,Documentary Film,FALSE
2020,Outstanding Producer of Documentary Theatrical Motion Pictures,The Truffle Hunters,Gregory Kershaw,Documentary Film,FALSE
2021,Outstanding Producer of Documentary Theatrical Motion Pictures,"Summer of Soul (...Or, When the Revolution Could Not Be Televised)",Joseph Patel,Documentary Film,TRUE
2021,Outstanding Producer of Documentary Theatrical Motion Pictures,"Summer of Soul (...Or, When the Revolution Could Not Be Televised)",David Dinerstein,Documentary Film,TRUE
2021,Outstanding Producer of Documentary Theatrical Motion Pictures,"Summer of Soul (...Or, When the Revolution Could Not Be Televised)",Robert Fyvolent,Documentary Film,TRUE
2021,Outstanding Producer of Documentary Theatrical Motion Pictures,Ascension,Jessica Kingdon,Documentary Film,FALSE
2021,Outstanding Producer of Documentary Theatrical Motion Pictures,Ascension,Kira Simon-Kennedy,Documentary Film,FALSE
2021,Outstanding Producer of Documentary Theatrical Motion Pictures,Ascension,Nathan Truesdell,Documentary Film,FALSE
2021,Outstanding Producer of Documentary Theatrical Motion Pictures,The First Wave,Matthew Heineman,Documentary Film,FALSE
2021,Outstanding Producer of Documentary Theatrical Motion Pictures,The First Wave,Jenna Millman,Documentary Film,FALSE
2021,Outstanding Producer of Documentary Theatrical Motion Pictures,The First Wave,Leslie Norville,Documentary Film,FALSE
2021,Outstanding Producer of Documentary Theatrical Motion Pictures,Flee,Monica Hellström,Documentary Film,FALSE
2021,Outstanding Producer of Documentary Theatrical Motion Pictures,Flee,Signe Byrge Sørensen,Documentary Film,FALSE
2021,Outstanding Producer of Documentary Theatrical Motion Pictures,Flee,Charlotte de la Gournerie,Documentary Film,FALSE
2021,Outstanding Producer of Documentary Theatrical Motion Pictures,In the Same Breath,Nanfu Wang,Documentary Film,FALSE
2021,Outstanding Producer of Documentary Theatrical Motion Pictures,In the Same Breath,Jialing Zhang,Documentary Film,FALSE
2021,Outstanding Producer of Documentary Theatrical Motion Pictures,In the Same Breath,Julie Goldman,Documentary Film,FALSE
2021,Outstanding Producer of Documentary Theatrical Motion Pictures,In the Same Breath,Christopher Clements,Documentary Film,FALSE
2021,Outstanding Producer of Documentary Theatrical Motion Pictures,In the Same Breath,Carolyn Hepburn,Documentary Film,FALSE
2021,Outstanding Producer of Documentary Theatrical Motion Pictures,The Rescue,Elizabeth Chai Vasarhelyi,Documentary Film,FALSE
2021,Outstanding Producer of Documentary Theatrical Motion Pictures,The Rescue,Jimmy Chin,Documentary Film,FALSE
2021,Outstanding Producer of Documentary Theatrical Motion Pictures,The Rescue,John Battsek,Documentary Film,FALSE
2021,Outstanding Producer of Documentary Theatrical Motion Pictures,The Rescue,P. J. van Sandwijk,Documentary Film,FALSE
2021,Outstanding Producer of Documentary Theatrical Motion Pictures,The Rescue,Bob Eisenhardt,Documentary Film,FALSE
2021,Outstanding Producer of Documentary Theatrical Motion Pictures,Simple as Water,Robin Hessman,Documentary Film,FALSE
2021,Outstanding Producer of Documentary Theatrical Motion Pictures,Simple as Water,Megan Mylan,Documentary Film,FALSE
2021,Outstanding Producer of Documentary Theatrical Motion Pictures,Writing with Fire,Rintu Thomas,Documentary Film,FALSE
2021,Outstanding Producer of Documentary Theatrical Motion Pictures,Writing with Fire,Sushmit Ghosh,Documentary Film,FALSE
2022,Outstanding Producer of Documentary Theatrical Motion Pictures,Navalny,Odessa Rae,Documentary Film,TRUE
2022,Outstanding Producer of Documentary Theatrical Motion Pictures,Navalny,Diane Becker,Documentary Film,TRUE
2022,Outstanding Producer of Documentary Theatrical Motion Pictures,Navalny,Melanie Miller,Documentary Film,TRUE
2022,Outstanding Producer of Documentary Theatrical Motion Pictures,Navalny,Shane Boris,Documentary Film,TRUE
2022,Outstanding Producer of Documentary Theatrical Motion Pictures,All That Breathes,Aman Mann,Documentary Film,FALSE
2022,Outstanding Producer of Documentary Theatrical Motion Pictures,All That Breathes,Shaunak Sen,Documentary Film,FALSE
2022,Outstanding Producer of Documentary Theatrical Motion Pictures,All That Breathes,Teddy Leifer,Documentary Film,FALSE
2022,Outstanding Producer of Documentary Theatrical Motion Pictures,Descendant,Margaret Brown,Documentary Film,FALSE
2022,Outstanding Producer of Documentary Theatrical Motion Pictures,Descendant,Kyle Martin,Documentary Film,FALSE
2022,Outstanding Producer of Documentary Theatrical Motion Pictures,Descendant,Essie Chambers,Documentary Film,FALSE
2022,Outstanding Producer of Documentary Theatrical Motion Pictures,Fire of Love,Sara Dosa,Documentary Film,FALSE
2022,Outstanding Producer of Documentary Theatrical Motion Pictures,Fire of Love,Shane Boris,Documentary Film,FALSE
2022,Outstanding Producer of Documentary Theatrical Motion Pictures,Fire of Love,Ina Fichman,Documentary Film,FALSE
2022,Outstanding Producer of Documentary Theatrical Motion Pictures,Nothing Compares,Eleanor Emptage,Documentary Film,FALSE
2022,Outstanding Producer of Documentary Theatrical Motion Pictures,Nothing Compares,Michael Mallie,Documentary Film,FALSE
2022,Outstanding Producer of Documentary Theatrical Motion Pictures,Retrograde,Matthew Heineman,Documentary Film,FALSE
2022,Outstanding Producer of Documentary Theatrical Motion Pictures,Retrograde,Caitlin McNally,Documentary Film,FALSE
2022,Outstanding Producer of Documentary Theatrical Motion Pictures,The Territory,Sigrid Dyekjaer,Documentary Film,FALSE
2022,Outstanding Producer of Documentary Theatrical Motion Pictures,The Territory,Will Miller,Documentary Film,FALSE
2022,Outstanding Producer of Documentary Theatrical Motion Pictures,The Territory,Lizzie Gillett,Documentary Film,FALSE
2022,Outstanding Producer of Documentary Theatrical Motion Pictures,The Territory,Darren Aronofsky,Documentary Film,FALSE
2022,Outstanding Producer of Documentary Theatrical Motion Pictures,The Territory,Gabriel Uchida,Documentary Film,FALSE
2022,Outstanding Producer of Documentary Theatrical Motion Pictures,The Territory,Alex Pritz,Documentary Film,FALSE
2023,Outstanding Producer of Documentary Theatrical Motion Pictures,American Symphony,Lauren Domino,Documentary Film,TRUE
2023,Outstanding Producer of Documentary Theatrical Motion Pictures,American Symphony,Matthew Heineman,Documentary Film,TRUE
2023,Outstanding Producer of Documentary Theatrical Motion Pictures,American Symphony,Joedan Okun,Documentary Film,TRUE
2023,Outstanding Producer of Documentary Theatrical Motion Pictures,20 Days in Mariupol,Raney Aronson-Rath,Documentary Film,FALSE
2023,Outstanding Producer of Documentary Theatrical Motion Pictures,20 Days in Mariupol,Mstyslav Chernov,Documentary Film,FALSE
2023,Outstanding Producer of Documentary Theatrical Motion Pictures,20 Days in Mariupol,Derl McCrudden,Documentary Film,FALSE
2023,Outstanding Producer of Documentary Theatrical Motion Pictures,20 Days in Mariupol,Michelle Mizner,Documentary Film,FALSE
2023,Outstanding Producer of Documentary Theatrical Motion Pictures,Beyond Utopia,Jana Edelbaum,Documentary Film,FALSE
2023,Outstanding Producer of Documentary Theatrical Motion Pictures,Beyond Utopia,Rachel Cohen,Documentary Film,FALSE
2023,Outstanding Producer of Documentary Theatrical Motion Pictures,Beyond Utopia,Sue Mi Terry,Documentary Film,FALSE
2023,Outstanding Producer of Documentary Theatrical Motion Pictures,The Disappearance of Shere Hite,Nicole Newnham,Documentary Film,FALSE
2023,Outstanding Producer of Documentary Theatrical Motion Pictures,The Disappearance of Shere Hite,Molly O'Brien,Documentary Film,FALSE
2023,Outstanding Producer of Documentary Theatrical Motion Pictures,The Disappearance of Shere Hite,R. J. Cutler,Documentary Film,FALSE
2023,Outstanding Producer of Documentary Theatrical Motion Pictures,The Disappearance of Shere Hite,Elise Pearlstein,Documentary Film,FALSE
2023,Outstanding Producer of Documentary Theatrical Motion Pictures,The Disappearance of Shere Hite,Kimberley Ferdinando,Documentary Film,FALSE
2023,Outstanding Producer of Documentary Theatrical Motion Pictures,The Disappearance of Shere Hite,Trevor Smith,Documentary Film,FALSE
2023,Outstanding Producer of Documentary Theatrical Motion Pictures,The Mother of All Lies,Asmae El Moudir,Documentary Film,FALSE
2023,Outstanding Producer of Documentary Theatrical Motion Pictures,Smoke Sauna Sisterhood,Marianne Ostrat,Documentary Film,FALSE
2023,Outstanding Producer of Documentary Theatrical Motion Pictures,Squaring the Circle (The Story of Hipgnosis),Trish D. Chetty,Documentary Film,FALSE
2023,Outstanding Producer of Documentary Theatrical Motion Pictures,Squaring the Circle (The Story of Hipgnosis),Ged Doherty,Documentary Film,FALSE
2023,Outstanding Producer of Documentary Theatrical Motion Pictures,Squaring the Circle (The Story of Hipgnosis),Colin Firth,Documentary Film,FALSE
2024,Outstanding Producer of Documentary Theatrical Motion Pictures,Super/Man: The Christopher Reeve Story,Lizzie Gillett,Documentary Film,TRUE
2024,Outstanding Producer of Documentary Theatrical Motion Pictures,Super/Man: The Christopher Reeve Story,Robert Ford,Documentary Film,TRUE
2024,Outstanding Producer of Documentary Theatrical Motion Pictures,Super/Man: The Christopher Reeve Story,Ian Bonhôte,Documentary Film,TRUE
2024,Outstanding Producer of Documentary Theatrical Motion Pictures,Gaucho Gaucho,Michael Dweck,Documentary Film,FALSE
2024,Outstanding Producer of Documentary Theatrical Motion Pictures,Gaucho Gaucho,Gregory Kershaw,Documentary Film,FALSE
2024,Outstanding Producer of Documentary Theatrical Motion Pictures,Mediha,Hasan Oswald,Documentary Film,FALSE
2024,Outstanding Producer of Documentary Theatrical Motion Pictures,Mediha,Annelise Mecca,Documentary Film,FALSE
2024,Outstanding Producer of Documentary Theatrical Motion Pictures,Mediha,Fahrinisa Campana,Documentary Film,FALSE
2024,Outstanding Producer of Documentary Theatrical Motion Pictures,Mountain Queen: The Summits of Lhakpa Sherpa,Michael D. Ratner,Documentary Film,FALSE
2024,Outstanding Producer of Documentary Theatrical Motion Pictures,Mountain Queen: The Summits of Lhakpa Sherpa,Miranda Sherman,Documentary Film,FALSE
2024,Outstanding Producer of Documentary Theatrical Motion Pictures,Mountain Queen: The Summits of Lhakpa Sherpa,Dalia Burde,Documentary Film,FALSE
2024,Outstanding Producer of Documentary Theatrical Motion Pictures,Mountain Queen: The Summits of Lhakpa Sherpa,Christopher Newman,Documentary Film,FALSE
2024,Outstanding Producer of Documentary Theatrical Motion Pictures,Porcelain War,Aniela Sidorska,Documentary Film,FALSE
2024,Outstanding Producer of Documentary Theatrical Motion Pictures,Porcelain War,Paula DuPré Pesmen,Documentary Film,FALSE
2024,Outstanding Producer of Documentary Theatrical Motion Pictures,We Will Dance Again,Michal Weits,Documentary Film,FALSE
2025,Outstanding Producer of Documentary Theatrical Motion Pictures,The Alabama Solution,Andrew Jarecki,Documentary Film,FALSE
2025,Outstanding Producer of Documentary Theatrical Motion Pictures,The Alabama Solution,Charlotte Kaufman,Documentary Film,FALSE
2025,Outstanding Producer of Documentary Theatrical Motion Pictures,The Alabama Solution,"Alelur ""Alex"" Duran",Documentary Film,FALSE
2025,Outstanding Producer of Documentary Theatrical Motion Pictures,The Alabama Solution,Beth Shelburne,Documentary Film,FALSE
2025,Outstanding Producer of Documentary Theatrical Motion Pictures,Cover-Up,Laura Poitras,Documentary Film,FALSE
2025,Outstanding Producer of Documentary Theatrical Motion Pictures,Cover-Up,Mark Obenhaus,Documentary Film,FALSE
2025,Outstanding Producer of Documentary Theatrical Motion Pictures,Cover-Up,Yoni Golijov,Documentary Film,FALSE
2025,Outstanding Producer of Documentary Theatrical Motion Pictures,Cover-Up,Olivia Streisand,Documentary Film,FALSE
2025,Outstanding Producer of Documentary Theatrical Motion Pictures,Mr. Nobody Against Putin,Helle Faber,Documentary Film,FALSE
2025,Outstanding Producer of Documentary Theatrical Motion Pictures,Mr. Nobody Against Putin,Alžběta Karásková,Documentary Film,FALSE
2025,Outstanding Producer of Documentary Theatrical Motion Pictures,Mr. Nobody Against Putin,Radovan Síbrt,Documentary Film,FALSE
2025,Outstanding Producer of Documentary Theatrical Motion Pictures,My Mom Jayne,Mariska Hargitay,Documentary Film,FALSE
2025,Outstanding Producer of Documentary Theatrical Motion Pictures,My Mom Jayne,Trish Adlesic,Documentary Film,FALSE
2025,Outstanding Producer of Documentary Theatrical Motion Pictures,Ocean with David Attenborough,Toby Nowlan,Documentary Film,FALSE
2025,Outstanding Producer of Documentary Theatrical Motion Pictures,Ocean with David Attenborough,Keith Scholey,Documentary Film,FALSE
2025,Outstanding Producer of Documentary Theatrical Motion Pictures,The Perfect Neighbor,Alisa Payne,Documentary Film,FALSE
2025,Outstanding Producer of Documentary Theatrical Motion Pictures,The Perfect Neighbor,Geeta Gandbhir,Documentary Film,FALSE
2025,Outstanding Producer of Documentary Theatrical Motion Pictures,The Perfect Neighbor,Nikon Kwantu,Documentary Film,FALSE
2025,Outstanding Producer of Documentary Theatrical Motion Pictures,The Perfect Neighbor,Sam Bisbee,Documentary Film,FALSE
2025,Outstanding Producer of Documentary Theatrical Motion Pictures,The Tale of Silyan,Jean Dakar,Documentary Film,FALSE
2025,Outstanding Producer of Documentary Theatrical Motion Pictures,The Tale of Silyan,Anna Hashmi,Documentary Film,FALSE
2025,Outstanding Producer of Documentary Theatrical Motion Pictures,The Tale of Silyan,Tamara Kotevska,Documentary Film,FALSE
2025,Outstanding Producer of Documentary Theatrical Motion Pictures,The Tale of Silyan,Jordanco Petkovski,Documentary Film,FALSE