Year,Category,Film,Nominee,Role,Won,Concordance
2024,Motion Picture – Animated,The Wild Robot,Ken Gombos,original dialogue mixer,TRUE,Sound Mixing
2024,Motion Picture – Animated,The Wild Robot,Leff Lefferts,re-recording mixer,TRUE,Sound Mixing
2024,Motion Picture – Animated,The Wild Robot,Gary A. Rizzo,re-recording mixer,TRUE,Sound Mixing
2024,Motion Picture – Animated,The Wild Robot,Alan Meyerson,scoring mixer,TRUE,Sound Mixing
2024,Motion Picture – Animated,The Wild Robot,Richard Duarte,foley mixer,TRUE,Sound Mixing
2024,Motion Picture – Animated,Inside Out 2,Vince Caro,original dialogue mixer,FALSE,Sound Mixing
2024,Motion Picture – Animated,Inside Out 2,Ren Klyce,re-recording mixer,FALSE,Sound Mixing
2024,Motion Picture – Animated,Inside Out 2,Stephen Urata,re-recording mixer,FALSE,Sound Mixing
2024,Motion Picture – Animated,Inside Out 2,Warren Brown,scoring mixer,FALSE,Sound Mixing
2024,Motion Picture – Animated,Inside Out 2,Doc Kane,adr mixer,FALSE,Sound Mixing
2024,Motion Picture – Animated,Inside Out 2,Leff Lefferts,foley mixer,FALSE,Sound Mixing
2024,Motion Picture – Animated,Moana 2,Gabriel Guy,original dialogue mixer,FALSE,Sound Mixing
2024,Motion Picture – Animated,Moana 2,Gabriel Guy,re-recording mixer,FALSE,Sound Mixing
2024,Motion Picture – Animated,Moana 2,David Fluhr,re-recording mixer,FALSE,Sound Mixing
2024,Motion Picture – Animated,Moana 2,David Boucher,scoring mixer,FALSE,Sound Mixing
2024,Motion Picture – Animated,Moana 2,Doc Kane,adr mixer,FALSE,Sound Mixing
2024,Motion Picture – Animated,Moana 2,Richard Duarte,foley mixer,FALSE,Sound Mixing
2024,Motion Picture – Animated,Mufasa: The Lion King,Doc Kane,original dialogue mixer,FALSE,Sound Mixing
2024,Motion Picture – Animated,Mufasa: The Lion King,Onnalee Blank,re-recording mixer,FALSE,Sound Mixing
2024,Motion Picture – Animated,Mufasa: The Lion King,Greg P. Russell,re-recording mixer,FALSE,Sound Mixing
2024,Motion Picture – Animated,Mufasa: The Lion King,Chris Fogel,scoring mixer,FALSE,Sound Mixing
2024,Motion Picture – Animated,Mufasa: The Lion King,David Boucher,scoring mixer,FALSE,Sound Mixing
2024,Motion Picture – Animated,Mufasa: The Lion King,Gary Turnbull,adr mixer,FALSE,Sound Mixing
2024,Motion Picture – Animated,Mufasa: The Lion King,Mikel Parraga-Wills,foley mixer,FALSE,Sound Mixing
2024,Motion Picture – Animated,Wallace & Gromit: Vengeance Most Fowl,Will Norie,original dialogue mixer,FALSE,Sound Mixing
2024,Motion Picture – Animated,Wallace & Gromit: Vengeance Most Fowl,Chris Burdon,re-recording mixer,FALSE,Sound Mixing
2024,Motion Picture – Animated,Wallace & Gromit: Vengeance Most Fowl,Gilbert Lake,re-recording mixer,FALSE,Sound Mixing
2024,Motion Picture – Animated,Wallace & Gromit: Vengeance Most Fowl,Simon Rhodes,scoring mixer,FALSE,Sound Mixing
2024,Motion Picture – Animated,Wallace & Gromit: Vengeance Most Fowl,Nick Roberts,adr mixer,FALSE,Sound Mixing
2024,Motion Picture – Animated,Wallace & Gromit: Vengeance Most Fowl,Adrian Rhodes,foley mixer,FALSE,Sound Mixing
2024,Motion Picture – Documentary,Music by John Williams,Noah Alexander,production mixer,TRUE,Sound Mixing
2024,Motion Picture – Documentary,Music by John Williams,Christopher Barnett,re-recording mixer,TRUE,Sound Mixing
2024,Motion Picture – Documentary,Music by John Williams,Roy Waldspurger,re-recording mixer,TRUE,Sound Mixing
2024,Motion Picture – Documentary,The Blue Angels,Sean Peterson,production sound mixer,FALSE,Sound Mixing
2024,Motion Picture – Documentary,The Blue Angels,Lindsey Alvarez,re-recording mixer,FALSE,Sound Mixing
2024,Motion Picture – Documentary,The Blue Angels,Forest Christenson,scoring mixer,FALSE,Sound Mixing
2024,Motion Picture – Documentary,Elton John: Never Too Late,Jae Kim,production sound mixer,FALSE,Sound Mixing
2024,Motion Picture – Documentary,Elton John: Never Too Late,Elmo Ponsdomenech,re-recording mixer,FALSE,Sound Mixing
2024,Motion Picture – Documentary,Elton John: Never Too Late,Teddy Salas,re-recording mixer,FALSE,Sound Mixing
2024,Motion Picture – Documentary,I Am: Celine Dion,Irene Taylor,production mixer,FALSE,Sound Mixing
2024,Motion Picture – Documentary,I Am: Celine Dion,Lora Hirschberg,re-recording mixer,FALSE,Sound Mixing
2024,Motion Picture – Documentary,I Am: Celine Dion,Tim Oliver,scoring mixer,FALSE,Sound Mixing
2024,Motion Picture – Documentary,Super/Man: The Christopher Reeve Story,Austin Plocher,production sound mixer,FALSE,Sound Mixing
2024,Motion Picture – Documentary,Super/Man: The Christopher Reeve Story,Greg Gettens,re-recording mixer,FALSE,Sound Mixing
2024,Motion Picture – Documentary,Super/Man: The Christopher Reeve Story,Steve McLaughlin,scoring mixer,FALSE,Sound Mixing
2024,Motion Picture – Documentary,Super/Man: The Christopher Reeve Story,Daniel Nicholls,foley mixer,FALSE,Sound Mixing
2024,Motion Picture – Live Action,A Complete Unknown,Tod A. Maitland,production sound mixer,TRUE,Sound Mixing
2024,Motion Picture – Live Action,A Complete Unknown,Paul Massey,re-recording mixer,TRUE,Sound Mixing
2024,Motion Picture – Live Action,A Complete Unknown,David Giammarco,re-recording mixer,TRUE,Sound Mixing
2024,Motion Picture – Live Action,A Complete Unknown,Nick Baxter,scoring mixer,TRUE,Sound Mixing
2024,Motion Picture – Live Action,A Complete Unknown,David Betancourt,adr mixer,TRUE,Sound Mixing
2024,Motion Picture – Live Action,A Complete Unknown,Kevin Schultz,foley mixer,TRUE,Sound Mixing
2024,Motion Picture – Live Action,Deadpool & Wolverine,Colin Nicolson,production sound mixer,FALSE,Sound Mixing
2024,Motion Picture – Live Action,Deadpool & Wolverine,Lora Hirschberg,re-recording mixer,FALSE,Sound Mixing
2024,Motion Picture – Live Action,Deadpool & Wolverine,Craig Henighan,re-recording mixer,FALSE,Sound Mixing
2024,Motion Picture – Live Action,Deadpool & Wolverine,Peter Cobbin,scoring mixer,FALSE,Sound Mixing
2024,Motion Picture – Live Action,Deadpool & Wolverine,Bobby Johanson,adr mixer,FALSE,Sound Mixing
2024,Motion Picture – Live Action,Deadpool & Wolverine,Peter Persaud,foley mixer,FALSE,Sound Mixing
2024,Motion Picture – Live Action,Dune: Part Two,Gareth John,production sound mixer,FALSE,Sound Mixing
2024,Motion Picture – Live Action,Dune: Part Two,Ron Bartlett,re-recording mixer,FALSE,Sound Mixing
2024,Motion Picture – Live Action,Dune: Part Two,Doug Hemphill,re-recording mixer,FALSE,Sound Mixing
2024,Motion Picture – Live Action,Dune: Part Two,Alan Meyerson,scoring mixer,FALSE,Sound Mixing
2024,Motion Picture – Live Action,Dune: Part Two,Jason Oliver,adr mixer,FALSE,Sound Mixing
2024,Motion Picture – Live Action,Dune: Part Two,Tavish Grade,foley mixer,FALSE,Sound Mixing
2024,Motion Picture – Live Action,Dune: Part Two,Mikel Parraga-Wills,foley mixer,FALSE,Sound Mixing
2024,Motion Picture – Live Action,Gladiator II,Stephane Bucher,production sound mixer,FALSE,Sound Mixing
2024,Motion Picture – Live Action,Gladiator II,Paul Massey,re-recording mixer,FALSE,Sound Mixing
2024,Motion Picture – Live Action,Gladiator II,Matthew Collinge,re-recording mixer,FALSE,Sound Mixing
2024,Motion Picture – Live Action,Gladiator II,Alan Meyerson,scoring mixer,FALSE,Sound Mixing
2024,Motion Picture – Live Action,Gladiator II,Filipe Pereira,adr mixer,FALSE,Sound Mixing
2024,Motion Picture – Live Action,Gladiator II,Rob Weatherall,foley mixer,FALSE,Sound Mixing
2024,Motion Picture – Live Action,Wicked,Simon Hayes,production sound mixer,FALSE,Sound Mixing
2024,Motion Picture – Live Action,Wicked,Andy Nelson,re-recording mixer,FALSE,Sound Mixing
2024,Motion Picture – Live Action,Wicked,John Marquis,re-recording mixer,FALSE,Sound Mixing
2024,Motion Picture – Live Action,Wicked,John Michael Caldwell,scoring mixer,FALSE,Sound Mixing
2024,Motion Picture – Live Action,Wicked,Jason Oliver,adr mixer,FALSE,Sound Mixing
2024,Motion Picture – Live Action,Wicked,Mikel Parraga-Wills,foley mixer,FALSE,Sound Mixing
2023,Motion Picture – Animated,The Boy and the Heron,Kôji Kasamatsu,original dialogue mixer,FALSE,Sound Mixing
2023,Motion Picture – Animated,The Boy and the Heron,Kôji Kasamatsu,re-recording mixer,FALSE,Sound Mixing
2023,Motion Picture – Animated,Elemental,Vince Caro,original dialogue mixer,FALSE,Sound Mixing
2023,Motion Picture – Animated,Elemental,Paul McGrath,original dialogue mixer,FALSE,Sound Mixing
2023,Motion Picture – Animated,Elemental,Stephen Urata,re-recording mixer,FALSE,Sound Mixing
2023,Motion Picture – Animated,Elemental,Ren Klyce,re-recording mixer,FALSE,Sound Mixing
2023,Motion Picture – Animated,Elemental,Thomas Vicari,scoring mixer,FALSE,Sound Mixing
2023,Motion Picture – Animated,Elemental,Scott Curtis,foley mixer,FALSE,Sound Mixing
2023,Motion Picture – Animated,Spider-Man: Across the Spider-Verse,Brian Smith,original dialogue mixer,TRUE,Sound Mixing
2023,Motion Picture – Animated,Spider-Man: Across the Spider-Verse,Aaron Hasson,original dialogue mixer,TRUE,Sound Mixing
2023,Motion Picture – Animated,Spider-Man: Across the Spider-Verse,Howard London,original dialogue mixer,TRUE,Sound Mixing
2023,Motion Picture – Animated,Spider-Man: Across the Spider-Verse,Michael Semanick,re-recording mixer,TRUE,Sound Mixing
2023,Motion Picture – Animated,Spider-Man: Across the Spider-Verse,Juan Peralta,re-recording mixer,TRUE,Sound Mixing
2023,Motion Picture – Animated,Spider-Man: Across the Spider-Verse,Sam Okell,scoring mixer,TRUE,Sound Mixing
2023,Motion Picture – Animated,Spider-Man: Across the Spider-Verse,Randy K. Singer,foley mixer,TRUE,Sound Mixing
2023,Motion Picture – Animated,The Super Mario Bros. Movie,Carlos Sotolongo,original dialogue mixer,FALSE,Sound Mixing
2023,Motion Picture – Animated,The Super Mario Bros. Movie,Pete Horner,re-recording mixer,FALSE,Sound Mixing
2023,Motion Picture – Animated,The Super Mario Bros. Movie,Juan Peralta,re-recording mixer,FALSE,Sound Mixing
2023,Motion Picture – Animated,The Super Mario Bros. Movie,Casey Stone,scoring mixer,FALSE,Sound Mixing
2023,Motion Picture – Animated,The Super Mario Bros. Movie,Doc Kane,adr mixer,FALSE,Sound Mixing
2023,Motion Picture – Animated,The Super Mario Bros. Movie,Richard Durante,foley mixer,FALSE,Sound Mixing
2023,Motion Picture – Animated,Teenage Mutant Ninja Turtles: Mutant Mayhem,Doc Kane,original dialogue mixer,FALSE,Sound Mixing
2023,Motion Picture – Animated,Teenage Mutant Ninja Turtles: Mutant Mayhem,Michael Semanick,re-recording mixer,FALSE,Sound Mixing
2023,Motion Picture – Animated,Teenage Mutant Ninja Turtles: Mutant Mayhem,Mark Mangini,re-recording mixer,FALSE,Sound Mixing
2023,Motion Picture – Animated,Teenage Mutant Ninja Turtles: Mutant Mayhem,Trent Reznor,scoring mixer,FALSE,Sound Mixing
2023,Motion Picture – Animated,Teenage Mutant Ninja Turtles: Mutant Mayhem,Atticus Ross,scoring mixer,FALSE,Sound Mixing
2023,Motion Picture – Animated,Teenage Mutant Ninja Turtles: Mutant Mayhem,Chris Cirino,adr mixer,FALSE,Sound Mixing
2023,Motion Picture – Animated,Teenage Mutant Ninja Turtles: Mutant Mayhem,Chelsea Body,foley mixer,FALSE,Sound Mixing
2023,Motion Picture – Documentary,32 Sounds,Laura Cunningham,production mixer,TRUE,Sound Mixing
2023,Motion Picture – Documentary,32 Sounds,Mark Mangini,re-recording mixer,TRUE,Sound Mixing
2023,Motion Picture – Documentary,32 Sounds,Ben Greenberg,scoring mixer,TRUE,Sound Mixing
2023,Motion Picture – Documentary,32 Sounds,Bobby Johanson,adr mixer,TRUE,Sound Mixing
2023,Motion Picture – Documentary,32 Sounds,Blake Collins,foley mixer,TRUE,Sound Mixing
2023,Motion Picture – Documentary,American Symphony,Tom Paul,re-recording mixer,FALSE,Sound Mixing
2023,Motion Picture – Documentary,American Symphony,Tristan Baylis,re-recording mixer,FALSE,Sound Mixing
2023,Motion Picture – Documentary,American Symphony,Ryan Collison,foley mixer,FALSE,Sound Mixing
2023,Motion Picture – Documentary,Little Richard: I Am Everything,Tom Paul,re-recording mixer,FALSE,Sound Mixing
2023,Motion Picture – Documentary,Still: A Michael J. Fox Movie,Skip Lievsay,re-recording mixer,FALSE,Sound Mixing
2023,Motion Picture – Documentary,Still: A Michael J. Fox Movie,Paul Urmson,re-recording mixer,FALSE,Sound Mixing
2023,Motion Picture – Documentary,Still: A Michael J. Fox Movie,Joel Dougherty,re-recording mixer,FALSE,Sound Mixing
2023,Motion Picture – Documentary,Still: A Michael J. Fox Movie,John Michael Caldwell,scoring mixer,FALSE,Sound Mixing
2023,Motion Picture – Documentary,Still: A Michael J. Fox Movie,Micah Blaichman,foley mixer,FALSE,Sound Mixing
2023,Motion Picture – Documentary,Taylor Swift: The Eras Tour,Jacob Farron Smith,production mixer,FALSE,Sound Mixing
2023,Motion Picture – Documentary,Taylor Swift: The Eras Tour,John Ross,re-recording mixer,FALSE,Sound Mixing
2023,Motion Picture – Documentary,Taylor Swift: The Eras Tour,David Payne,re-recording mixer,FALSE,Sound Mixing
2023,Motion Picture – Documentary,Taylor Swift: The Eras Tour,Christopher Rowe,re-recording mixer,FALSE,Sound Mixing
2023,Motion Picture – Live Action,Barbie,Nina Rice,production mixer,FALSE,Sound Mixing
2023,Motion Picture – Live Action,Barbie,Kevin O'Connell,re-recording mixer,FALSE,Sound Mixing
2023,Motion Picture – Live Action,Barbie,Ai-Ling Lee,re-recording mixer,FALSE,Sound Mixing
2023,Motion Picture – Live Action,Barbie,Peter Cobbin,scoring mixer,FALSE,Sound Mixing
2023,Motion Picture – Live Action,Barbie,Kirsty Whalley,scoring mixer,FALSE,Sound Mixing
2023,Motion Picture – Live Action,Barbie,Bobby Johanson,adr mixer,FALSE,Sound Mixing
2023,Motion Picture – Live Action,Barbie,Kevin Schultz,foley mixer,FALSE,Sound Mixing
2023,Motion Picture – Live Action,Ferrari,Lee Orloff,production mixer,FALSE,Sound Mixing
2023,Motion Picture – Live Action,Ferrari,Andy Nelson,re-recording mixer,FALSE,Sound Mixing
2023,Motion Picture – Live Action,Ferrari,Tony Lamberti,re-recording mixer,FALSE,Sound Mixing
2023,Motion Picture – Live Action,Ferrari,Luke Schwarzweller,re-recording mixer,FALSE,Sound Mixing
2023,Motion Picture – Live Action,Ferrari,Andrew Dudman,scoring mixer,FALSE,Sound Mixing
2023,Motion Picture – Live Action,Ferrari,Matthew Wood,adr mixer,FALSE,Sound Mixing
2023,Motion Picture – Live Action,Ferrari,Giorgi Lekishvili,foley mixer,FALSE,Sound Mixing
2023,Motion Picture – Live Action,Killers of the Flower Moon,Mark Ulano,production mixer,FALSE,Sound Mixing
2023,Motion Picture – Live Action,Killers of the Flower Moon,Tom Fleischman,re-recording mixer,FALSE,Sound Mixing
2023,Motion Picture – Live Action,Killers of the Flower Moon,Eugene Gearty,re-recording mixer,FALSE,Sound Mixing
2023,Motion Picture – Live Action,Killers of the Flower Moon,George A. Lara,foley mixer,FALSE,Sound Mixing
2023,Motion Picture – Live Action,Maestro,Steven A. Morrow,production mixer,FALSE,Sound Mixing
2023,Motion Picture – Live Action,Maestro,Tom Ozanich,re-recording mixer,FALSE,Sound Mixing
2023,Motion Picture – Live Action,Maestro,Dean A. Zupancic,re-recording mixer,FALSE,Sound Mixing
2023,Motion Picture – Live Action,Maestro,Nick Baxter,scoring mixer,FALSE,Sound Mixing
2023,Motion Picture – Live Action,Maestro,Bobby Johanson,adr mixer,FALSE,Sound Mixing
2023,Motion Picture – Live Action,Maestro,Walter Spencer,foley mixer,FALSE,Sound Mixing
2023,Motion Picture – Live Action,Oppenheimer,Willie D. Burton,production mixer,TRUE,Sound Mixing
2023,Motion Picture – Live Action,Oppenheimer,Gary A. Rizzo,re-recording mixer,TRUE,Sound Mixing
2023,Motion Picture – Live Action,Oppenheimer,Kevin O'Connell,re-recording mixer,TRUE,Sound Mixing
2023,Motion Picture – Live Action,Oppenheimer,Chris Fogel,scoring mixer,TRUE,Sound Mixing
2023,Motion Picture – Live Action,Oppenheimer,Tavish Grade,foley mixer,TRUE,Sound Mixing
2023,Motion Picture – Live Action,Oppenheimer,Jack Cucci,foley mixer,TRUE,Sound Mixing
2023,Motion Picture – Live Action,Oppenheimer,Mikel Parraga-Wills,foley mixer,TRUE,Sound Mixing
2022,Motion Picture – Live Action,All Quiet on the Western Front,Viktor Prášil,production mixer,FALSE,Sound Mixing
2022,Motion Picture – Live Action,All Quiet on the Western Front,Lars Ginzel,re-recording mixer,FALSE,Sound Mixing
2022,Motion Picture – Live Action,All Quiet on the Western Front,Stefan Korte,re-recording mixer,FALSE,Sound Mixing
2022,Motion Picture – Live Action,All Quiet on the Western Front,Daniel Kresco,scoring mixer,FALSE,Sound Mixing
2022,Motion Picture – Live Action,All Quiet on the Western Front,Jan Meyerdierks,adr mixer,FALSE,Sound Mixing
2022,Motion Picture – Live Action,All Quiet on the Western Front,Hanse Warns,foley mixer,FALSE,Sound Mixing
2022,Motion Picture – Live Action,Avatar: The Way of Water,Julian Howarth,production mixer,FALSE,Sound Mixing
2022,Motion Picture – Live Action,Avatar: The Way of Water,Christopher Boyes,re-recording mixer,FALSE,Sound Mixing
2022,Motion Picture – Live Action,Avatar: The Way of Water,Gary Summers,re-recording mixer,FALSE,Sound Mixing
2022,Motion Picture – Live Action,Avatar: The Way of Water,Michael Hedges,re-recording mixer,FALSE,Sound Mixing
2022,Motion Picture – Live Action,Avatar: The Way of Water,Simon Rhodes,scoring mixer,FALSE,Sound Mixing
2022,Motion Picture – Live Action,Avatar: The Way of Water,Bill Higley,adr mixer,FALSE,Sound Mixing
2022,Motion Picture – Live Action,Avatar: The Way of Water,Tavish Grade,foley mixer,FALSE,Sound Mixing
2022,Motion Picture – Live Action,Elvis,David Lee,production mixer,FALSE,Sound Mixing
2022,Motion Picture – Live Action,Elvis,Andy Nelson,re-recording mixer,FALSE,Sound Mixing
2022,Motion Picture – Live Action,Elvis,Michael Keller,re-recording mixer,FALSE,Sound Mixing
2022,Motion Picture – Live Action,Elvis,Wayne Pashley,re-recording mixer,FALSE,Sound Mixing
2022,Motion Picture – Live Action,Elvis,Geoff Foster,scoring mixer,FALSE,Sound Mixing
2022,Motion Picture – Live Action,Elvis,Tami Treadwell,adr mixer,FALSE,Sound Mixing
2022,Motion Picture – Live Action,Elvis,Amy Barber,foley mixer,FALSE,Sound Mixing
2022,Motion Picture – Live Action,The Batman,Stuart Wilson,production mixer,FALSE,Sound Mixing
2022,Motion Picture – Live Action,The Batman,Andy Nelson,re-recording mixer,FALSE,Sound Mixing
2022,Motion Picture – Live Action,The Batman,William Files,re-recording mixer,FALSE,Sound Mixing
2022,Motion Picture – Live Action,The Batman,Kirsty Whalley,scoring mixer,FALSE,Sound Mixing
2022,Motion Picture – Live Action,The Batman,Peter Cobbin,scoring mixer,FALSE,Sound Mixing
2022,Motion Picture – Live Action,The Batman,Ryan D. Young,adr mixer,FALSE,Sound Mixing
2022,Motion Picture – Live Action,The Batman,Darin Mann,foley mixer,FALSE,Sound Mixing
2022,Motion Picture – Live Action,Top Gun: Maverick,Mark Weingarten,production mixer,TRUE,Sound Mixing
2022,Motion Picture – Live Action,Top Gun: Maverick,Chris Burdon,re-recording mixer,TRUE,Sound Mixing
2022,Motion Picture – Live Action,Top Gun: Maverick,Mark Taylor,re-recording mixer,TRUE,Sound Mixing
2022,Motion Picture – Live Action,Top Gun: Maverick,Al Clay,scoring mixer,TRUE,Sound Mixing
2022,Motion Picture – Live Action,Top Gun: Maverick,Stephen Lipson,scoring mixer,TRUE,Sound Mixing
2022,Motion Picture – Live Action,Top Gun: Maverick,Blake Collins,foley mixer,TRUE,Sound Mixing
2022,Motion Picture – Documentary,Good NIght Oppy,Mark Mangini,re-recording mixer,FALSE,Sound Mixing
2022,Motion Picture – Documentary,Good NIght Oppy,Greg Hayes,scoring mixer,FALSE,Sound Mixing
2022,Motion Picture – Documentary,"Hallelujah: Leonard Cohen, a Journey, a Song",Bob Edwards,re-recording mixer,FALSE,Sound Mixing
2022,Motion Picture – Documentary,"Hallelujah: Leonard Cohen, a Journey, a Song",Scott R. Lewis,re-recording mixer,FALSE,Sound Mixing
2022,Motion Picture – Documentary,Louis Armstrong's Black and Blues,Leslie Shatz,re-recording mixer,FALSE,Sound Mixing
2022,Motion Picture – Documentary,Louis Armstrong's Black and Blues,Louis Schultz,re-recording mixer,FALSE,Sound Mixing
2022,Motion Picture – Documentary,Moonage Daydream,Paul Massey,re-recording mixer,TRUE,Sound Mixing
2022,Motion Picture – Documentary,Moonage Daydream,David Giammarco,re-recording mixer,TRUE,Sound Mixing
2022,Motion Picture – Documentary,Moonage Daydream,Rosenlund Petersen,adr mixer,TRUE,Sound Mixing
2022,Motion Picture – Documentary,The Volcano: Rescue from Whakaari,Joe Milner,re-recording mixer,FALSE,Sound Mixing
2022,Motion Picture – Documentary,The Volcano: Rescue from Whakaari,Jacob Johnston,scoring mixer,FALSE,Sound Mixing
2022,Motion Picture – Documentary,The Volcano: Rescue from Whakaari,Kevin Carvalho,foley mixer,FALSE,Sound Mixing
2022,Motion Picture – Animated,Guillermo del Toro's 'Pinocchio',Carlos Sotolongo,original dialogue mixer,TRUE,Sound Mixing
2022,Motion Picture – Animated,Guillermo del Toro's 'Pinocchio',Jon Taylor,re-recording mixer,TRUE,Sound Mixing
2022,Motion Picture – Animated,Guillermo del Toro's 'Pinocchio',Frank Montaño,re-recording mixer,TRUE,Sound Mixing
2022,Motion Picture – Animated,Guillermo del Toro's 'Pinocchio',Peter Cobbin,scoring mixer,TRUE,Sound Mixing
2022,Motion Picture – Animated,Guillermo del Toro's 'Pinocchio',Kirsty Whalley,scoring mixer,TRUE,Sound Mixing
2022,Motion Picture – Animated,Guillermo del Toro's 'Pinocchio',Tavish Grade,foley mixer,TRUE,Sound Mixing
2022,Motion Picture – Animated,Lightyear,Paul McGrath,original dialogue mixer,FALSE,Sound Mixing
2022,Motion Picture – Animated,Lightyear,Stephen Urata,re-recording mixer,FALSE,Sound Mixing
2022,Motion Picture – Animated,Lightyear,Ren Klyce,re-recording mixer,FALSE,Sound Mixing
2022,Motion Picture – Animated,Lightyear,Warren Brown,scoring mixer,FALSE,Sound Mixing
2022,Motion Picture – Animated,Lightyear,Scott Curtis,foley mixer,FALSE,Sound Mixing
2022,Motion Picture – Animated,Minions: The Rise of Gru,Carlos Sotolongo,original dialogue mixer,FALSE,Sound Mixing
2022,Motion Picture – Animated,Minions: The Rise of Gru,Tim Nielsen,re-recording mixer,FALSE,Sound Mixing
2022,Motion Picture – Animated,Minions: The Rise of Gru,Brandon Proctor,re-recording mixer,FALSE,Sound Mixing
2022,Motion Picture – Animated,Minions: The Rise of Gru,Alan Meyerson,scoring mixer,FALSE,Sound Mixing
2022,Motion Picture – Animated,Minions: The Rise of Gru,Jason Butler,foley mixer,FALSE,Sound Mixing
2022,Motion Picture – Animated,Puss in Boots: The Last Wish,Ken Gombos,original dialogue mixer,FALSE,Sound Mixing
2022,Motion Picture – Animated,Puss in Boots: The Last Wish,Tighe Sheldon,original dialogue mixer,FALSE,Sound Mixing
2022,Motion Picture – Animated,Puss in Boots: The Last Wish,Julian Slater,re-recording mixer,FALSE,Sound Mixing
2022,Motion Picture – Animated,Puss in Boots: The Last Wish,Greg P. Russell,re-recording mixer,FALSE,Sound Mixing
2022,Motion Picture – Animated,Puss in Boots: The Last Wish,Alan Meyerson,scoring mixer,FALSE,Sound Mixing
2022,Motion Picture – Animated,Puss in Boots: The Last Wish,Ryan Squires,foley mixer,FALSE,Sound Mixing
2022,Motion Picture – Animated,Turning Red,Vince Caro,original dialogue mixer,FALSE,Sound Mixing
2022,Motion Picture – Animated,Turning Red,Stephen Urata,re-recording mixer,FALSE,Sound Mixing
2022,Motion Picture – Animated,Turning Red,Ren Klyce,re-recording mixer,FALSE,Sound Mixing
2022,Motion Picture – Animated,Turning Red,Chris Fogel,scoring mixer,FALSE,Sound Mixing
2022,Motion Picture – Animated,Turning Red,Scott Curtis,foley mixer,FALSE,Sound Mixing
2021,Motion Picture – Live Action,Dune,Mac Ruth,production mixer,TRUE,Sound Mixing
2021,Motion Picture – Live Action,Dune,Ron Bartlett,re-recording mixer,TRUE,Sound Mixing
2021,Motion Picture – Live Action,Dune,Douglas Hemphill,re-recording mixer,TRUE,Sound Mixing
2021,Motion Picture – Live Action,Dune,Alan Meyerson,scoring mixer,TRUE,Sound Mixing
2021,Motion Picture – Live Action,Dune,Tommy O'Connell,adr mixer,TRUE,Sound Mixing
2021,Motion Picture – Live Action,Dune,Don White,foley mixer,TRUE,Sound Mixing
2021,Motion Picture – Live Action,No Time to Die,Simon Hayes,production mixer,FALSE,Sound Mixing
2021,Motion Picture – Live Action,No Time to Die,Paul Massey,re-recording mixer,FALSE,Sound Mixing
2021,Motion Picture – Live Action,No Time to Die,Mark Taylor,re-recording mixer,FALSE,Sound Mixing
2021,Motion Picture – Live Action,No Time to Die,Stephen Lipson,scoring mixer,FALSE,Sound Mixing
2021,Motion Picture – Live Action,No Time to Die,Mark Appleby,adr mixer,FALSE,Sound Mixing
2021,Motion Picture – Live Action,No Time to Die,Adam Mendez,foley mixer,FALSE,Sound Mixing
2021,Motion Picture – Live Action,The Power of the Dog,Richard Flynn,production mixer,FALSE,Sound Mixing
2021,Motion Picture – Live Action,The Power of the Dog,Robert Mackenzie,re-recording mixer,FALSE,Sound Mixing
2021,Motion Picture – Live Action,The Power of the Dog,Tara Webb,re-recording mixer,FALSE,Sound Mixing
2021,Motion Picture – Live Action,The Power of the Dog,Graeme Stewart,scoring mixer,FALSE,Sound Mixing
2021,Motion Picture – Live Action,The Power of the Dog,Steve Burgess,foley mixer,FALSE,Sound Mixing
2021,Motion Picture – Live Action,Spiderman: No Way Home,Willie Burton,production mixer,FALSE,Sound Mixing
2021,Motion Picture – Live Action,Spiderman: No Way Home,Tony Lamberti,re-recording mixer,FALSE,Sound Mixing
2021,Motion Picture – Live Action,Spiderman: No Way Home,Kevin O'Connell,re-recording mixer,FALSE,Sound Mixing
2021,Motion Picture – Live Action,Spiderman: No Way Home,Warren Brown,scoring mixer,FALSE,Sound Mixing
2021,Motion Picture – Live Action,Spiderman: No Way Home,Howard London,adr mixer,FALSE,Sound Mixing
2021,Motion Picture – Live Action,Spiderman: No Way Home,Randy K. Singer,foley mixer,FALSE,Sound Mixing
2021,Motion Picture – Live Action,West Side Story,Tod Maitland,production mixer,FALSE,Sound Mixing
2021,Motion Picture – Live Action,West Side Story,Andy Nelson,re-recording mixer,FALSE,Sound Mixing
2021,Motion Picture – Live Action,West Side Story,Gary Rydstrom,re-recording mixer,FALSE,Sound Mixing
2021,Motion Picture – Live Action,West Side Story,Shawn Murphy,scoring mixer,FALSE,Sound Mixing
2021,Motion Picture – Live Action,West Side Story,Doc Kane,adr mixer,FALSE,Sound Mixing
2021,Motion Picture – Live Action,West Side Story,Frank Rinella,foley mixer,FALSE,Sound Mixing
2021,Motion Picture – Documentary,Becoming Cousteau,Tony Volante,re-recording mixer,FALSE,Sound Mixing
2021,Motion Picture – Documentary,Becoming Cousteau,Phil McGowan,scoring mixer,FALSE,Sound Mixing
2021,Motion Picture – Documentary,"Summer of Soul (...or, When the Revolution Could Not Be Televised)",Emily Strong,production mixer,TRUE,Sound Mixing
2021,Motion Picture – Documentary,"Summer of Soul (...or, When the Revolution Could Not Be Televised)",Paul Hsu,re-recording mixer,TRUE,Sound Mixing
2021,Motion Picture – Documentary,"Summer of Soul (...or, When the Revolution Could Not Be Televised)",Roberto Fernandez,re-recording mixer,TRUE,Sound Mixing
2021,Motion Picture – Documentary,"Summer of Soul (...or, When the Revolution Could Not Be Televised)",Paul Massey,re-recording mixer,TRUE,Sound Mixing
2021,Motion Picture – Documentary,"Summer of Soul (...or, When the Revolution Could Not Be Televised)",Jimmy Douglass,music mixer,TRUE,Sound Mixing
2021,Motion Picture – Documentary,The Velvet Underground,Leslie Shatz,re-recording mixer,FALSE,Sound Mixing
2021,Motion Picture – Documentary,Tina,Caleb A. Mose,production mixer,FALSE,Sound Mixing
2021,Motion Picture – Documentary,Tina,Lawrence Everson,re-recording mixer,FALSE,Sound Mixing
2021,Motion Picture – Documentary,Tina,Phil McGowan,scoring mixer,FALSE,Sound Mixing
2021,Motion Picture – Documentary,Val,Michael Haldin,production mixer,FALSE,Sound Mixing
2021,Motion Picture – Documentary,Val,John Bolen,re-recording mixer,FALSE,Sound Mixing
2021,Motion Picture – Documentary,Val,Garth Stevenson,re-recording mixer,FALSE,Sound Mixing
2021,Motion Picture – Documentary,Val,Mitch Dorf,adr mixer,FALSE,Sound Mixing
2021,Motion Picture – Animated,Encanto,Paul McGrath,original dialogue mixer,TRUE,Sound Mixing
2021,Motion Picture – Animated,Encanto,David Boucher,re-recording mixer,TRUE,Sound Mixing
2021,Motion Picture – Animated,Encanto,David E. Fluhr,re-recording mixer,TRUE,Sound Mixing
2021,Motion Picture – Animated,Encanto,Gabriel Guy,re-recording mixer,TRUE,Sound Mixing
2021,Motion Picture – Animated,Encanto,Alvin Wee,scoring mixer,TRUE,Sound Mixing
2021,Motion Picture – Animated,Encanto,Doc Kane,adr mixer,TRUE,Sound Mixing
2021,Motion Picture – Animated,Encanto,Scott Curtis,foley mixer,TRUE,Sound Mixing
2021,Motion Picture – Animated,Luca,Vince Caro,original dialogue mixer,FALSE,Sound Mixing
2021,Motion Picture – Animated,Luca,Christopher Scarabosio,re-recording mixer,FALSE,Sound Mixing
2021,Motion Picture – Animated,Luca,Tony Villaflor,re-recording mixer,FALSE,Sound Mixing
2021,Motion Picture – Animated,Luca,Greg Hayes,scoring mixer,FALSE,Sound Mixing
2021,Motion Picture – Animated,Luca,Jason Butler,foley mixer,FALSE,Sound Mixing
2021,Motion Picture – Animated,Luca,Richard Duarte,foley mixer,FALSE,Sound Mixing
2021,Motion Picture – Animated,The Mitchells vs. the Machines,Aaron Hasson,original dialogue mixer,FALSE,Sound Mixing
2021,Motion Picture – Animated,The Mitchells vs. the Machines,Howard London,original dialogue mixer,FALSE,Sound Mixing
2021,Motion Picture – Animated,The Mitchells vs. the Machines,Tony Lamberti,re-recording mixer,FALSE,Sound Mixing
2021,Motion Picture – Animated,The Mitchells vs. the Machines,Michael Semanick,re-recording mixer,FALSE,Sound Mixing
2021,Motion Picture – Animated,The Mitchells vs. the Machines,John Sanacore,foley mixer,FALSE,Sound Mixing
2021,Motion Picture – Animated,Raya and the Last Dragon,Paul McGrath,original dialogue mixer,FALSE,Sound Mixing
2021,Motion Picture – Animated,Raya and the Last Dragon,David E. Fluhr,re-recording mixer,FALSE,Sound Mixing
2021,Motion Picture – Animated,Raya and the Last Dragon,Gabriel Guy,re-recording mixer,FALSE,Sound Mixing
2021,Motion Picture – Animated,Raya and the Last Dragon,Alan Meyerson,scoring mixer,FALSE,Sound Mixing
2021,Motion Picture – Animated,Raya and the Last Dragon,Doc Kane,adr mixer,FALSE,Sound Mixing
2021,Motion Picture – Animated,Raya and the Last Dragon,Scott Curtis,foley mixer,FALSE,Sound Mixing
2021,Motion Picture – Animated,Sing 2,Edward Sutton,production mixer,FALSE,Sound Mixing
2021,Motion Picture – Animated,Sing 2,Juan Peralta,re-recording mixer,FALSE,Sound Mixing
2021,Motion Picture – Animated,Sing 2,Gary Rizzo,re-recording mixer,FALSE,Sound Mixing
2021,Motion Picture – Animated,Sing 2,Alan Meyerson,scoring mixer,FALSE,Sound Mixing
2021,Motion Picture – Animated,Sing 2,Doc Kane,adr mixer,FALSE,Sound Mixing
2021,Motion Picture – Animated,Sing 2,Scott Curtis,foley mixer,FALSE,Sound Mixing
2020,Motion Picture – Live Action,Sound of Metal,Phillip Bladh,production mixer,TRUE,Sound Mixing
2020,Motion Picture – Live Action,Sound of Metal,Nicolas Becker,re-recording mixer,TRUE,Sound Mixing
2020,Motion Picture – Live Action,Sound of Metal,Jaime Baksht,re-recording mixer,TRUE,Sound Mixing
2020,Motion Picture – Live Action,Sound of Metal,Michelle Couttolenc,re-recording mixer,TRUE,Sound Mixing
2020,Motion Picture – Live Action,Sound of Metal,Carlos Cortez Navarrette,adr mixer,TRUE,Sound Mixing
2020,Motion Picture – Live Action,Sound of Metal,Kari Vähäkuopus,foley mixer,TRUE,Sound Mixing
2020,Motion Picture – Live Action,Greyhound,David Wyman,production mixer,FALSE,Sound Mixing
2020,Motion Picture – Live Action,Greyhound,Michael Minkler,re-recording mixer,FALSE,Sound Mixing
2020,Motion Picture – Live Action,Greyhound,Christian Minkler,re-recording mixer,FALSE,Sound Mixing
2020,Motion Picture – Live Action,Greyhound,Richard Kitting,re-recording mixer,FALSE,Sound Mixing
2020,Motion Picture – Live Action,Greyhound,Beau Borders,re-recording mixer,FALSE,Sound Mixing
2020,Motion Picture – Live Action,Greyhound,Greg Hayes,scoring mixer,FALSE,Sound Mixing
2020,Motion Picture – Live Action,Greyhound,George A. Lara,foley mixer,FALSE,Sound Mixing
2020,Motion Picture – Live Action,Mank,Drew Kunin,production mixer,FALSE,Sound Mixing
2020,Motion Picture – Live Action,Mank,Ren Klyce,re-recording mixer,FALSE,Sound Mixing
2020,Motion Picture – Live Action,Mank,David Parker,re-recording mixer,FALSE,Sound Mixing
2020,Motion Picture – Live Action,Mank,Nathan Nance,re-recording mixer,FALSE,Sound Mixing
2020,Motion Picture – Live Action,Mank,Alan Meyerson,scoring mixer,FALSE,Sound Mixing
2020,Motion Picture – Live Action,Mank,Charleen Richards-Steeves,adr mixer,FALSE,Sound Mixing
2020,Motion Picture – Live Action,Mank,Scott Curtis,foley mixer,FALSE,Sound Mixing
2020,Motion Picture – Live Action,News of the World,John Patrick Pritchett,production mixer,FALSE,Sound Mixing
2020,Motion Picture – Live Action,News of the World,Mike Prestwood Smith,re-recording mixer,FALSE,Sound Mixing
2020,Motion Picture – Live Action,News of the World,William Miller,re-recording mixer,FALSE,Sound Mixing
2020,Motion Picture – Live Action,News of the World,Shawn Murphy,scoring mixer,FALSE,Sound Mixing
2020,Motion Picture – Live Action,News of the World,Mark DeSimone,adr mixer,FALSE,Sound Mixing
2020,Motion Picture – Live Action,News of the World,Adam Fil Méndez,foley mixer,FALSE,Sound Mixing
2020,Motion Picture – Live Action,The Trial of the Chicago 7,Thomas Varga,production mixer,FALSE,Sound Mixing
2020,Motion Picture – Live Action,The Trial of the Chicago 7,Julian Slater,re-recording mixer,FALSE,Sound Mixing
2020,Motion Picture – Live Action,The Trial of the Chicago 7,Michael Babcock,re-recording mixer,FALSE,Sound Mixing
2020,Motion Picture – Live Action,The Trial of the Chicago 7,Daniel Pemberton,scoring mixer,FALSE,Sound Mixing
2020,Motion Picture – Live Action,The Trial of the Chicago 7,Justin W. Walker,adr mixer,FALSE,Sound Mixing
2020,Motion Picture – Live Action,The Trial of the Chicago 7,Kevin Schultz,foley mixer,FALSE,Sound Mixing
2020,Motion Picture – Documentary,The Bee Gees: How Can You Mend a Broken Heart,Gary A. Rizzo,re-recording mixer,TRUE,Sound Mixing
2020,Motion Picture – Documentary,The Bee Gees: How Can You Mend a Broken Heart,Jeff King,re-recording mixer,TRUE,Sound Mixing
2020,Motion Picture – Documentary,David Attenborough: A Life on Our Planet,Graham Wild,re-recording mixer,FALSE,Sound Mixing
2020,Motion Picture – Documentary,David Attenborough: A Life on Our Planet,Gareth Cousins,scoring mixer,FALSE,Sound Mixing
2020,Motion Picture – Documentary,My Octopus Teacher,Barry Donnelly,re-recording mixer,FALSE,Sound Mixing
2020,Motion Picture – Documentary,My Octopus Teacher,Charl Mostert,foley mixer,FALSE,Sound Mixing
2020,Motion Picture – Documentary,The Social Dilemma,Mark A. Crawford,production mixer,FALSE,Sound Mixing
2020,Motion Picture – Documentary,The Social Dilemma,Scott R. Lewis,re-recording mixer,FALSE,Sound Mixing
2020,Motion Picture – Documentary,The Social Dilemma,Mark Venezia,scoring mixer,FALSE,Sound Mixing
2020,Motion Picture – Documentary,The Social Dilemma,Jason Butler,foley mixer,FALSE,Sound Mixing
2020,Motion Picture – Documentary,Zappa,Monty Buckles,production mixer,FALSE,Sound Mixing
2020,Motion Picture – Documentary,Zappa,Marty Zub,re-recording mixer,FALSE,Sound Mixing
2020,Motion Picture – Documentary,Zappa,Lon Bender,re-recording mixer,FALSE,Sound Mixing
2020,Motion Picture – Animated,Soul,Vincent Caro,original dialogue mixer,TRUE,Sound Mixing
2020,Motion Picture – Animated,Soul,Ren Klyce,re-recording mixer,TRUE,Sound Mixing
2020,Motion Picture – Animated,Soul,David Parker,re-recording mixer,TRUE,Sound Mixing
2020,Motion Picture – Animated,Soul,Atticus Ross,scoring mixer,TRUE,Sound Mixing
2020,Motion Picture – Animated,Soul,David Boucher,scoring mixer,TRUE,Sound Mixing
2020,Motion Picture – Animated,Soul,Bobby Johanson,adr mixer,TRUE,Sound Mixing
2020,Motion Picture – Animated,Soul,Scott Curtis,foley mixer,TRUE,Sound Mixing
2020,Motion Picture – Animated,A Shaun the Sheep Movie: Farmageddon,Dom Boucher,dialogue and adr mixer,FALSE,Sound Mixing
2020,Motion Picture – Animated,A Shaun the Sheep Movie: Farmageddon,Chris Burdon,re-recording mixer,FALSE,Sound Mixing
2020,Motion Picture – Animated,A Shaun the Sheep Movie: Farmageddon,Gilbert Lake,re-recording mixer,FALSE,Sound Mixing
2020,Motion Picture – Animated,A Shaun the Sheep Movie: Farmageddon,Adrian Rhodes,re-recording mixer,FALSE,Sound Mixing
2020,Motion Picture – Animated,A Shaun the Sheep Movie: Farmageddon,Alan Meyerson,scoring mixer,FALSE,Sound Mixing
2020,Motion Picture – Animated,A Shaun the Sheep Movie: Farmageddon,Ant Bayman,foley mixer,FALSE,Sound Mixing
2020,Motion Picture – Animated,Onward,Vincent Caro,original dialogue mixer,FALSE,Sound Mixing
2020,Motion Picture – Animated,Onward,Doc Kane,original dialogue mixer,FALSE,Sound Mixing
2020,Motion Picture – Animated,Onward,Michael Semanick,re-recording mixer,FALSE,Sound Mixing
2020,Motion Picture – Animated,Onward,Juan Peralta,re-recording mixer,FALSE,Sound Mixing
2020,Motion Picture – Animated,Onward,Brad Haehnel,scoring mixer,FALSE,Sound Mixing
2020,Motion Picture – Animated,Onward,Scott Curtis,foley mixer,FALSE,Sound Mixing
2020,Motion Picture – Animated,The Croods: A New Age,Tighe Sheldon,original dialogue mixer,FALSE,Sound Mixing
2020,Motion Picture – Animated,The Croods: A New Age,Christopher Scarabosio,re-recording mixer,FALSE,Sound Mixing
2020,Motion Picture – Animated,The Croods: A New Age,Leff Lefferts,re-recording mixer,FALSE,Sound Mixing
2020,Motion Picture – Animated,The Croods: A New Age,Alan Meyerson,scoring mixer,FALSE,Sound Mixing
2020,Motion Picture – Animated,The Croods: A New Age,Richard Duarte,foley mixer,FALSE,Sound Mixing
2020,Motion Picture – Animated,The Croods: A New Age,Scott Curtis,foley mixer,FALSE,Sound Mixing
2020,Motion Picture – Animated,Trolls World Tour,Tighe Sheldon,original dialogue mixer,FALSE,Sound Mixing
2020,Motion Picture – Animated,Trolls World Tour,Scott Millan,re-recording mixer,FALSE,Sound Mixing
2020,Motion Picture – Animated,Trolls World Tour,Paul Hackner,re-recording mixer,FALSE,Sound Mixing
2020,Motion Picture – Animated,Trolls World Tour,Christopher Fogel,scoring mixer,FALSE,Sound Mixing
2020,Motion Picture – Animated,Trolls World Tour,Randy K. Singer,foley mixer,FALSE,Sound Mixing
2019,Motion Picture – Live Action,Ford v Ferrari,Steven A. Morrow production mixer,re-recording mixer,TRUE,Sound Mixing
2019,Motion Picture – Live Action,Ford v Ferrari,David Giammarco,re-recording mixer,TRUE,Sound Mixing
2019,Motion Picture – Live Action,Ford v Ferrari,Paul Massey,re-recording mixer,TRUE,Sound Mixing
2019,Motion Picture – Live Action,Ford v Ferrari,Tyson Lozensky,scoring mixer,TRUE,Sound Mixing
2019,Motion Picture – Live Action,Ford v Ferrari,David Betancourt,adr mixer,TRUE,Sound Mixing
2019,Motion Picture – Live Action,Ford v Ferrari,Richard Duarte,foley mixer,TRUE,Sound Mixing
2019,Motion Picture – Live Action,Joker,Tod Maitland,production mixer,FALSE,Sound Mixing
2019,Motion Picture – Live Action,Joker,Tom Ozanich,re-recording mixer,FALSE,Sound Mixing
2019,Motion Picture – Live Action,Joker,Dean Zupancic,re-recording mixer,FALSE,Sound Mixing
2019,Motion Picture – Live Action,Joker,Daniel Kresco,scoring mixer,FALSE,Sound Mixing
2019,Motion Picture – Live Action,Joker,Thomas J. O’Connell,adr mixer,FALSE,Sound Mixing
2019,Motion Picture – Live Action,Joker,Richard Duarte,foley mixer,FALSE,Sound Mixing
2019,Motion Picture – Live Action,Once Upon a Time in Hollywood,Mark Ulano,production mixer,FALSE,Sound Mixing
2019,Motion Picture – Live Action,Once Upon a Time in Hollywood,Christian Minkler,re-recording mixer,FALSE,Sound Mixing
2019,Motion Picture – Live Action,Once Upon a Time in Hollywood,Michael Minkler,re-recording mixer,FALSE,Sound Mixing
2019,Motion Picture – Live Action,Once Upon a Time in Hollywood,Kyle Rochlin,foley mixer,FALSE,Sound Mixing
2019,Motion Picture – Live Action,Rocketman,John Hayes,production mixer,FALSE,Sound Mixing
2019,Motion Picture – Live Action,Rocketman,Mathew Collinge,re-recording mixer,FALSE,Sound Mixing
2019,Motion Picture – Live Action,Rocketman,Mike Prestwood Smith,re-recording mixer,FALSE,Sound Mixing
2019,Motion Picture – Live Action,Rocketman,Mark Appleby,adr mixer,FALSE,Sound Mixing
2019,Motion Picture – Live Action,Rocketman,Glen Gathard,foley mixer,FALSE,Sound Mixing
2019,Motion Picture – Live Action,The Irishman,Tod Maitland,production mixer,FALSE,Sound Mixing
2019,Motion Picture – Live Action,The Irishman,Tom Fleischman,re-recording mixer,FALSE,Sound Mixing
2019,Motion Picture – Live Action,The Irishman,Eugene Gearty,re-recording mixer,FALSE,Sound Mixing
2019,Motion Picture – Live Action,The Irishman,Mark DeSimone,adr mixer,FALSE,Sound Mixing
2019,Motion Picture – Live Action,The Irishman,George A. Lara,foley mixer,FALSE,Sound Mixing
2019,Motion Picture – Documentary,Making Waves: The Art of Cinematic Sound,David J. Turner,production mixer,TRUE,Sound Mixing
2019,Motion Picture – Documentary,Making Waves: The Art of Cinematic Sound,Tom Myers,re-recording mixer,TRUE,Sound Mixing
2019,Motion Picture – Documentary,Making Waves: The Art of Cinematic Sound,Dan Blanck,scoring mixer,TRUE,Sound Mixing
2019,Motion Picture – Documentary,Making Waves: The Art of Cinematic Sound,Frank Rinella,adr mixer,TRUE,Sound Mixing
2019,Motion Picture – Documentary,Apollo 11,Eric Milano,re-recording mixer,FALSE,Sound Mixing
2019,Motion Picture – Documentary,Apollo 11,Brian Eimer,re-recording mixer,FALSE,Sound Mixing
2019,Motion Picture – Documentary,Echo in the Canyon,John Rampey,production mixer,FALSE,Sound Mixing
2019,Motion Picture – Documentary,Echo in the Canyon,Chris Jenkins,re-recording mixer,FALSE,Sound Mixing
2019,Motion Picture – Documentary,Echo in the Canyon,Paul Karpinski,re-recording mixer,FALSE,Sound Mixing
2019,Motion Picture – Documentary,Echo in the Canyon,Dave Way,music mixer,FALSE,Sound Mixing
2019,Motion Picture – Documentary,Miles Davis: Birth of the Cool,Gautam Choudury,production mixer,FALSE,Sound Mixing
2019,Motion Picture – Documentary,Miles Davis: Birth of the Cool,Benny Mouthon,re-recording mixer,FALSE,Sound Mixing
2019,Motion Picture – Documentary,Woodstock: Three Days That Defined a Generation,Kevin Peters,re-recording mixer,FALSE,Sound Mixing
2019,Motion Picture – Documentary,Woodstock: Three Days That Defined a Generation,Ryan Collison,foley mixer,FALSE,Sound Mixing
2019,Motion Picture – Animated,Toy Story 4,Doc Kane,original dialogue mixer,TRUE,Sound Mixing
2019,Motion Picture – Animated,Toy Story 4,Nathan Nance,re-recording mixer,TRUE,Sound Mixing
2019,Motion Picture – Animated,Toy Story 4,Michael Semanick,re-recording mixer,TRUE,Sound Mixing
2019,Motion Picture – Animated,Toy Story 4,David Bouche,scoring mixer,TRUE,Sound Mixing
2019,Motion Picture – Animated,Toy Story 4,Vince Caro,adr mixer,TRUE,Sound Mixing
2019,Motion Picture – Animated,Toy Story 4,Scott Curtis,foley mixer,TRUE,Sound Mixing
2019,Motion Picture – Animated,Abominable,Tighe Sheldon,original dialogue mixer,FALSE,Sound Mixing
2019,Motion Picture – Animated,Abominable,Myron Nettinga,re-recording mixer,FALSE,Sound Mixing
2019,Motion Picture – Animated,Abominable,Nick Wollage,scoring mixer,FALSE,Sound Mixing
2019,Motion Picture – Animated,Abominable,David Jobe,foley mixer,FALSE,Sound Mixing
2019,Motion Picture – Animated,Frozen II,Paul McGrath,original dialogue mixer,FALSE,Sound Mixing
2019,Motion Picture – Animated,Frozen II,David E. Fluhr,re-recording mixer,FALSE,Sound Mixing
2019,Motion Picture – Animated,Frozen II,Gabriel Guy,re-recording mixer,FALSE,Sound Mixing
2019,Motion Picture – Animated,Frozen II,David Boucher,song mixer,FALSE,Sound Mixing
2019,Motion Picture – Animated,Frozen II,Greg Hayes,scoring mixer,FALSE,Sound Mixing
2019,Motion Picture – Animated,Frozen II,Doc Kane,adr mixer,FALSE,Sound Mixing
2019,Motion Picture – Animated,Frozen II,Scott Curtis,foley mixer,FALSE,Sound Mixing
2019,Motion Picture – Animated,How to Train Your Dragon: The Hidden World,Tighe Sheldon,original dialogue mixer,FALSE,Sound Mixing
2019,Motion Picture – Animated,How to Train Your Dragon: The Hidden World,Scott R. Lewis,re-recording mixer,FALSE,Sound Mixing
2019,Motion Picture – Animated,How to Train Your Dragon: The Hidden World,Shawn Murphy,re-recording mixer,FALSE,Sound Mixing
2019,Motion Picture – Animated,How to Train Your Dragon: The Hidden World,Gary Rizzo,re-recording mixer,FALSE,Sound Mixing
2019,Motion Picture – Animated,How to Train Your Dragon: The Hidden World,Blake Collins,foley mixer,FALSE,Sound Mixing
2019,Motion Picture – Animated,The Lion King,Ron Judkins,original dialogue mixer,FALSE,Sound Mixing
2019,Motion Picture – Animated,The Lion King,Christopher Boyes,re-recording mixer,FALSE,Sound Mixing
2019,Motion Picture – Animated,The Lion King,Lora Hirschberg,re-recording mixer,FALSE,Sound Mixing
2019,Motion Picture – Animated,The Lion King,Alan Meyerson,scoring mixer,FALSE,Sound Mixing
2019,Motion Picture – Animated,The Lion King,Blake Collins,foley mixer,FALSE,Sound Mixing
2018,Motion Picture – Live Action,Bohemian Rhapsody,John Casali,production mixer,TRUE,Sound Mixing
2018,Motion Picture – Live Action,Bohemian Rhapsody,Paul Massey,re-recording mixer,TRUE,Sound Mixing
2018,Motion Picture – Live Action,Bohemian Rhapsody,Tim Cavagin,re-recording mixer,TRUE,Sound Mixing
2018,Motion Picture – Live Action,Bohemian Rhapsody,Niv Adiri,re-recording mixer,TRUE,Sound Mixing
2018,Motion Picture – Live Action,Bohemian Rhapsody,Alan Meyerson,scoring mixer,TRUE,Sound Mixing
2018,Motion Picture – Live Action,Bohemian Rhapsody,Thomas J. O'Connell,adr mixer,TRUE,Sound Mixing
2018,Motion Picture – Live Action,Bohemian Rhapsody,Glen Gathard,foley mixer,TRUE,Sound Mixing
2018,Motion Picture – Live Action,Bohemian Rhapsody,Jemma Riley Tolch,foley mixer,TRUE,Sound Mixing
2018,Motion Picture – Live Action,A Quiet Place,Michael Barosky,production mixer,FALSE,Sound Mixing
2018,Motion Picture – Live Action,A Quiet Place,Brandon Proctor,re-recording mixer,FALSE,Sound Mixing
2018,Motion Picture – Live Action,A Quiet Place,Michael Barry,re-recording mixer,FALSE,Sound Mixing
2018,Motion Picture – Live Action,A Quiet Place,Tyson Lozensky,scoring mixer,FALSE,Sound Mixing
2018,Motion Picture – Live Action,A Quiet Place,Bob Lacivita,adr mixer,FALSE,Sound Mixing
2018,Motion Picture – Live Action,A Quiet Place,Peter Persuad,foley mixer,FALSE,Sound Mixing
2018,Motion Picture – Live Action,A Star Is Born,Steven A. Morrow,production mixer,FALSE,Sound Mixing
2018,Motion Picture – Live Action,A Star Is Born,Tom Ozanich,re-recording mixer,FALSE,Sound Mixing
2018,Motion Picture – Live Action,A Star Is Born,Dean Zupancic,re-recording mixer,FALSE,Sound Mixing
2018,Motion Picture – Live Action,A Star Is Born,Jason Ruder,re-recording mixer,FALSE,Sound Mixing
2018,Motion Picture – Live Action,A Star Is Born,Nick Baxter,scoring mixer,FALSE,Sound Mixing
2018,Motion Picture – Live Action,A Star Is Born,Thomas J. O’Connell,adr mixer,FALSE,Sound Mixing
2018,Motion Picture – Live Action,A Star Is Born,Richard Duarte,foley mixer,FALSE,Sound Mixing
2018,Motion Picture – Live Action,Black Panther,Peter J. Devlin,production mixer,FALSE,Sound Mixing
2018,Motion Picture – Live Action,Black Panther,Steve Boeddeker,re-recording mixer,FALSE,Sound Mixing
2018,Motion Picture – Live Action,Black Panther,Brandon Proctor,re-recording mixer,FALSE,Sound Mixing
2018,Motion Picture – Live Action,Black Panther,Christopher Fogel,scoring mixer,FALSE,Sound Mixing
2018,Motion Picture – Live Action,Black Panther,Doc Kane,adr mixer,FALSE,Sound Mixing
2018,Motion Picture – Live Action,Black Panther,Scott Curtis,foley mixer,FALSE,Sound Mixing
2018,Motion Picture – Live Action,First Man,Mary H. Ellis,production mixer,FALSE,Sound Mixing
2018,Motion Picture – Live Action,First Man,Jon Taylor,re-recording mixer,FALSE,Sound Mixing
2018,Motion Picture – Live Action,First Man,Frank A. Montaño,re-recording mixer,FALSE,Sound Mixing
2018,Motion Picture – Live Action,First Man,Ai-Ling Lee,re-recording mixer,FALSE,Sound Mixing
2018,Motion Picture – Live Action,First Man,Nick Baxter,scoring mixer,FALSE,Sound Mixing
2018,Motion Picture – Live Action,First Man,Thomas J. O’Connell,adr mixer,FALSE,Sound Mixing
2018,Motion Picture – Live Action,First Man,Richard Duarte,foley mixer,FALSE,Sound Mixing
2018,Motion Picture – Documentary,Free Solo,Jim Hurst,production mixer,TRUE,Sound Mixing
2018,Motion Picture – Documentary,Free Solo,Tom Fleischman,re-recording mixer,TRUE,Sound Mixing
2018,Motion Picture – Documentary,Free Solo,Ric Schnupp,re-recording mixer,TRUE,Sound Mixing
2018,Motion Picture – Documentary,Free Solo,Tyson Lozensky,scoring mixer,TRUE,Sound Mixing
2018,Motion Picture – Documentary,Free Solo,David Boulton,adr mixer,TRUE,Sound Mixing
2018,Motion Picture – Documentary,Free Solo,Joana Niza Braga,foley mixer,TRUE,Sound Mixing
2018,Motion Picture – Documentary,Fahrenheit 11/9,Mark Roy,production mixer,FALSE,Sound Mixing
2018,Motion Picture – Documentary,Fahrenheit 11/9,Andy Kris,re-recording mixer,FALSE,Sound Mixing
2018,Motion Picture – Documentary,Fahrenheit 11/9,Lee Salevan,re-recording mixer,FALSE,Sound Mixing
2018,Motion Picture – Documentary,Fahrenheit 11/9,Skip Lievsay,re-recording mixer,FALSE,Sound Mixing
2018,Motion Picture – Documentary,Quincy,Al Hicks,production mixer,FALSE,Sound Mixing
2018,Motion Picture – Documentary,Quincy,Jonathan Wales,re-recording mixer,FALSE,Sound Mixing
2018,Motion Picture – Documentary,They'll Love Me When I'm Dead,Rob Fillmore,production mixer,FALSE,Sound Mixing
2018,Motion Picture – Documentary,They'll Love Me When I'm Dead,Brian Riordan,re-recording mixer,FALSE,Sound Mixing
2018,Motion Picture – Documentary,Won't You Be My Neighbor?,Pete Horner,re-recording mixer,FALSE,Sound Mixing
2018,Motion Picture – Documentary,Won't You Be My Neighbor?,Jeff King,re-recording mixer,FALSE,Sound Mixing
2018,Motion Picture – Animated,Isle of Dogs,Darrin Moore,original dialogue mixer,TRUE,Sound Mixing
2018,Motion Picture – Animated,Isle of Dogs,Christopher Scarabosio,re-recording mixer,TRUE,Sound Mixing
2018,Motion Picture – Animated,Isle of Dogs,Wayne Lemmer,re-recording mixer,TRUE,Sound Mixing
2018,Motion Picture – Animated,Isle of Dogs,Xavier Forcioli,scoring mixer,TRUE,Sound Mixing
2018,Motion Picture – Animated,Isle of Dogs,Simon Rhodes,scoring mixer,TRUE,Sound Mixing
2018,Motion Picture – Animated,Isle of Dogs,Peter Persaud,foley mixer,TRUE,Sound Mixing
2018,Motion Picture – Animated,Incredibles 2,Vince Caro,original dialogue mixer,FALSE,Sound Mixing
2018,Motion Picture – Animated,Incredibles 2,Doc Kane,original dialogue mixer,FALSE,Sound Mixing
2018,Motion Picture – Animated,Incredibles 2,Michael Semanick,re-recording mixer,FALSE,Sound Mixing
2018,Motion Picture – Animated,Incredibles 2,Nathan Nance,re-recording mixer,FALSE,Sound Mixing
2018,Motion Picture – Animated,Incredibles 2,Joel Iwataki,scoring mixer,FALSE,Sound Mixing
2018,Motion Picture – Animated,Incredibles 2,Scott Curtis,foley mixer,FALSE,Sound Mixing
2018,Motion Picture – Animated,Ralph Breaks the Internet,Doc Kane,original dialogue mixer,FALSE,Sound Mixing
2018,Motion Picture – Animated,Ralph Breaks the Internet,Paul McGrath,original dialogue mixer,FALSE,Sound Mixing
2018,Motion Picture – Animated,Ralph Breaks the Internet,David E. Fluhr,re-recording mixer,FALSE,Sound Mixing
2018,Motion Picture – Animated,Ralph Breaks the Internet,Gabriel Guy,re-recording mixer,FALSE,Sound Mixing
2018,Motion Picture – Animated,Ralph Breaks the Internet,Alan Meyerson,scoring mixer,FALSE,Sound Mixing
2018,Motion Picture – Animated,Ralph Breaks the Internet,Scott Curtis,foley mixer,FALSE,Sound Mixing
2018,Motion Picture – Animated,Spider-Man: Into the Spider-Verse,Brian Smith,original dialogue mixer,FALSE,Sound Mixing
2018,Motion Picture – Animated,Spider-Man: Into the Spider-Verse,Aaron Hasson,original dialogue mixer,FALSE,Sound Mixing
2018,Motion Picture – Animated,Spider-Man: Into the Spider-Verse,Howard London,original dialogue mixer,FALSE,Sound Mixing
2018,Motion Picture – Animated,Spider-Man: Into the Spider-Verse,Michael Semanick,re-recording mixer,FALSE,Sound Mixing
2018,Motion Picture – Animated,Spider-Man: Into the Spider-Verse,Tony Lamberti,re-recording mixer,FALSE,Sound Mixing
2018,Motion Picture – Animated,Spider-Man: Into the Spider-Verse,Sam Okell,scoring mixer,FALSE,Sound Mixing
2018,Motion Picture – Animated,Spider-Man: Into the Spider-Verse,Randy Singer,foley mixer,FALSE,Sound Mixing
2018,Motion Picture – Animated,The Grinch,Bill Higley,original dialogue mixer,FALSE,Sound Mixing
2018,Motion Picture – Animated,The Grinch,Michael Miller,original dialogue mixer,FALSE,Sound Mixing
2018,Motion Picture – Animated,The Grinch,Gary Rizzo,re-recording mixer,FALSE,Sound Mixing
2018,Motion Picture – Animated,The Grinch,Juan Peralta,re-recording mixer,FALSE,Sound Mixing
2018,Motion Picture – Animated,The Grinch,Noah Scot Snyder,scoring mixer,FALSE,Sound Mixing
2018,Motion Picture – Animated,The Grinch,Blake Collins,foley mixer,FALSE,Sound Mixing
2017,Motion Picture – Live Action,Dunkirk,Mark Weingarten,Production Mixer,TRUE,Sound Mixing
2017,Motion Picture – Live Action,Dunkirk,Gregg Landaker,Re-recording Mixer,TRUE,Sound Mixing
2017,Motion Picture – Live Action,Dunkirk,Gary Rizzo,Re-recording Mixer,TRUE,Sound Mixing
2017,Motion Picture – Live Action,Dunkirk,Alan Meyerson,Scoring Mixer,TRUE,Sound Mixing
2017,Motion Picture – Live Action,Dunkirk,Thomas J. O’Connell,adr Mixer,TRUE,Sound Mixing
2017,Motion Picture – Live Action,Dunkirk,Scott Curtis,Foley Mixer,TRUE,Sound Mixing
2017,Motion Picture – Live Action,Baby Driver,Mary H. Ellis,Production Mixer,FALSE,Sound Mixing
2017,Motion Picture – Live Action,Baby Driver,Julian Slater,Re-recording Mixer,FALSE,Sound Mixing
2017,Motion Picture – Live Action,Baby Driver,Tim Cavagin,Re-recording Mixer,FALSE,Sound Mixing
2017,Motion Picture – Live Action,Baby Driver,Gareth Cousins,Scoring Mixer,FALSE,Sound Mixing
2017,Motion Picture – Live Action,Baby Driver,Mark Appleby,adr Mixer,FALSE,Sound Mixing
2017,Motion Picture – Live Action,Baby Driver,Glen Gathard,Foley Mixer,FALSE,Sound Mixing
2017,Motion Picture – Live Action,Star Wars: The Last Jedi,Stuart Wilson,Production Mixer,FALSE,Sound Mixing
2017,Motion Picture – Live Action,Star Wars: The Last Jedi,David Parker,Re-recording Mixer,FALSE,Sound Mixing
2017,Motion Picture – Live Action,Star Wars: The Last Jedi,Michael Semanick,Re-recording Mixer,FALSE,Sound Mixing
2017,Motion Picture – Live Action,Star Wars: The Last Jedi,Ren Klyce,Re-recording Mixer,FALSE,Sound Mixing
2017,Motion Picture – Live Action,Star Wars: The Last Jedi,Shawn Murphy,Scoring Mixer,FALSE,Sound Mixing
2017,Motion Picture – Live Action,Star Wars: The Last Jedi,Doc Kane,adr Mixer,FALSE,Sound Mixing
2017,Motion Picture – Live Action,Star Wars: The Last Jedi,,Foley Mixer,FALSE,Sound Mixing
2017,Motion Picture – Live Action,The Shape of Water,Glen Gauthier,Production Mixer,FALSE,Sound Mixing
2017,Motion Picture – Live Action,The Shape of Water,Christian T. Cooke,Re-recording Mixer,FALSE,Sound Mixing
2017,Motion Picture – Live Action,The Shape of Water,Brad Zoern,Re-recording Mixer,FALSE,Sound Mixing
2017,Motion Picture – Live Action,The Shape of Water,Peter Cobbin,Scoring Mixer,FALSE,Sound Mixing
2017,Motion Picture – Live Action,The Shape of Water,Chris Navarro,adr Mixer,FALSE,Sound Mixing
2017,Motion Picture – Live Action,The Shape of Water,Peter Persaud,Foley Mixer,FALSE,Sound Mixing
2017,Motion Picture – Live Action,Wonder Woman,Chris Munro,Production Mixer,FALSE,Sound Mixing
2017,Motion Picture – Live Action,Wonder Woman,Chris Burdon,Re-recording Mixer,FALSE,Sound Mixing
2017,Motion Picture – Live Action,Wonder Woman,Gilbert Lake,Re-recording Mixer,FALSE,Sound Mixing
2017,Motion Picture – Live Action,Wonder Woman,Alan Meyerson,Scoring Mixer,FALSE,Sound Mixing
2017,Motion Picture – Live Action,Wonder Woman,Nick Kray,adr Mixer,FALSE,Sound Mixing
2017,Motion Picture – Live Action,Wonder Woman,Glen Gathard,Foley Mixer,FALSE,Sound Mixing
2017,Motion Picture – Documentary,Jane,Lee Smith,Production Mixer,TRUE,Sound Mixing
2017,Motion Picture – Documentary,Jane,David E. Fluhr,Re-recording Mixer,TRUE,Sound Mixing
2017,Motion Picture – Documentary,Jane,Warren Shaw,Re-recording Mixer,TRUE,Sound Mixing
2017,Motion Picture – Documentary,Jane,Derek Lee,Scoring Mixer,TRUE,Sound Mixing
2017,Motion Picture – Documentary,Jane,Chris Navarro,adr Mixer,TRUE,Sound Mixing
2017,Motion Picture – Documentary,Jane,Ryan Maguire,Foley Mixer,TRUE,Sound Mixing
2017,Motion Picture – Documentary,An Inconvenient Sequel: Truth to Power,Gabriel Monts,Production Mixer,FALSE,Sound Mixing
2017,Motion Picture – Documentary,An Inconvenient Sequel: Truth to Power,Kent Sparling,Re-recording Mixer,FALSE,Sound Mixing
2017,Motion Picture – Documentary,An Inconvenient Sequel: Truth to Power,Gary Rizzo,Re-recording Mixer,FALSE,Sound Mixing
2017,Motion Picture – Documentary,An Inconvenient Sequel: Truth to Power,Zach Martin,Re-recording Mixer,FALSE,Sound Mixing
2017,Motion Picture – Documentary,An Inconvenient Sequel: Truth to Power,Jeff Beal,Scoring Mixer,FALSE,Sound Mixing
2017,Motion Picture – Documentary,An Inconvenient Sequel: Truth to Power,Jason Butler,Foley Mixer,FALSE,Sound Mixing
2017,Motion Picture – Documentary,Eric Clapton: Life in 12 Bars,Tim Cavagin,Re-recording Mixer,FALSE,Sound Mixing
2017,Motion Picture – Documentary,Eric Clapton: Life in 12 Bars,William Miller,Re-recording Mixer,FALSE,Sound Mixing
2017,Motion Picture – Documentary,Eric Clapton: Life in 12 Bars,Adam Mendez: : :,adr Mixer,FALSE,Sound Mixing
2017,Motion Picture – Documentary,Gaga: Five Foot Two,Jonathan Wales,Re-recording Mixer,FALSE,Sound Mixing
2017,Motion Picture – Documentary,Gaga: Five Foot Two,Jason Dotts: : : :,Re-recording Mixer,FALSE,Sound Mixing
2017,Motion Picture – Documentary,Long Strange Trip,David Silberberg,Production Mixer,FALSE,Sound Mixing
2017,Motion Picture – Documentary,Long Strange Trip,Bob Chefalas,Re-recording Mixer,FALSE,Sound Mixing
2017,Motion Picture – Documentary,Long Strange Trip,Jacob Ribicoff: : :,Re-recording Mixer,FALSE,Sound Mixing
2017,Motion Picture – Animated,Coco,Vince Caro,Original Dialogue Mixer,TRUE,Sound Mixing
2017,Motion Picture – Animated,Coco,Christopher Boyes,Re-recording Mixer,TRUE,Sound Mixing
2017,Motion Picture – Animated,Coco,Michael Semanick,Re-recording Mixer,TRUE,Sound Mixing
2017,Motion Picture – Animated,Coco,Joel Iwataki,Scoring Mixer,TRUE,Sound Mixing
2017,Motion Picture – Animated,Coco,Blake Collins:,Foley Mixer,TRUE,Sound Mixing
2017,Motion Picture – Animated,Cars 3,Doc Kane,Original Dialogue Mixer,FALSE,Sound Mixing
2017,Motion Picture – Animated,Cars 3,Tom Meyers,Re-recording Mixer,FALSE,Sound Mixing
2017,Motion Picture – Animated,Cars 3,Michael Semanick,Re-recording Mixer,FALSE,Sound Mixing
2017,Motion Picture – Animated,Cars 3,Nathan Nance,Re-recording Mixer,FALSE,Sound Mixing
2017,Motion Picture – Animated,Cars 3,David Boucher,Scoring Mixer,FALSE,Sound Mixing
2017,Motion Picture – Animated,Cars 3,Blake Collins,Foley Mixer,FALSE,Sound Mixing
2017,Motion Picture – Animated,Despicable Me 3,Carlos Sotolongo,Original Dialogue Mixer,FALSE,Sound Mixing
2017,Motion Picture – Animated,Despicable Me 3,Randy Thom,Re-recording Mixer,FALSE,Sound Mixing
2017,Motion Picture – Animated,Despicable Me 3,Tim Nielson,Re-recording Mixer,FALSE,Sound Mixing
2017,Motion Picture – Animated,Despicable Me 3,Brandon Proctor,Re-recording Mixer,FALSE,Sound Mixing
2017,Motion Picture – Animated,Despicable Me 3,Greg Hayes,Scoring Mixer,FALSE,Sound Mixing
2017,Motion Picture – Animated,Despicable Me 3,Scott Curtis,Foley Mixer,FALSE,Sound Mixing
2017,Motion Picture – Animated,Ferdinand,Bill Higley,Original Dialogue Mixer,FALSE,Sound Mixing
2017,Motion Picture – Animated,Ferdinand,Randy Thom,Re-recording Mixer,FALSE,Sound Mixing
2017,Motion Picture – Animated,Ferdinand,Lora Hirschberg,Re-recording Mixer,FALSE,Sound Mixing
2017,Motion Picture – Animated,Ferdinand,Leff Lefferts,Re-recording Mixer,FALSE,Sound Mixing
2017,Motion Picture – Animated,Ferdinand,Shawn Murphy,Scoring Mixer,FALSE,Sound Mixing
2017,Motion Picture – Animated,Ferdinand,Scott Curtis,Foley Mixer,FALSE,Sound Mixing
2017,Motion Picture – Animated,The Lego Batman Movie,Jason Oliver,Original Dialogue Mixer,FALSE,Sound Mixing
2017,Motion Picture – Animated,The Lego Batman Movie,Michael Semanick,Re-recording Mixer,FALSE,Sound Mixing
2017,Motion Picture – Animated,The Lego Batman Movie,Gregg Landaker,Re-recording Mixer,FALSE,Sound Mixing
2017,Motion Picture – Animated,The Lego Batman Movie,Wayne Pashley,Re-recording Mixer,FALSE,Sound Mixing
2017,Motion Picture – Animated,The Lego Batman Movie,Stephen Lipson,Scoring Mixer,FALSE,Sound Mixing
2017,Motion Picture – Animated,The Lego Batman Movie,Lisa Simpson,Foley Mixer,FALSE,Sound Mixing
2016,Motion Picture – Live Action,La La Land,Steven Morrow,Production Mixer,TRUE,Sound Mixing
2016,Motion Picture – Live Action,La La Land,Andy Nelson,Re-recording Mixer,TRUE,Sound Mixing
2016,Motion Picture – Live Action,La La Land,Ai-Ling Lee,Re-recording Mixer,TRUE,Sound Mixing
2016,Motion Picture – Live Action,La La Land,Nicholai Baxter,Scoring Mixer,TRUE,Sound Mixing
2016,Motion Picture – Live Action,La La Land,David Betancourt,adr Mixer,TRUE,Sound Mixing
2016,Motion Picture – Live Action,La La Land,James Ashwill,Foley Mixer,TRUE,Sound Mixing
2016,Motion Picture – Live Action,Doctor Strange,John Midgley,Production Mixer,FALSE,Sound Mixing
2016,Motion Picture – Live Action,Doctor Strange,Tom Johnson,Re-recording Mixer,FALSE,Sound Mixing
2016,Motion Picture – Live Action,Doctor Strange,Juan Peralta,Re-recording Mixer,FALSE,Sound Mixing
2016,Motion Picture – Live Action,Doctor Strange,Peter Cobbin,Scoring Mixer,FALSE,Sound Mixing
2016,Motion Picture – Live Action,Doctor Strange,Doc Kane,adr Mixer,FALSE,Sound Mixing
2016,Motion Picture – Live Action,Doctor Strange,Scott Curtis:,Foley Mixer,FALSE,Sound Mixing
2016,Motion Picture – Live Action,Hacksaw Ridge,Peter Grace,Production Mixer,FALSE,Sound Mixing
2016,Motion Picture – Live Action,Hacksaw Ridge,Kevin O'Connell,Re-recording Mixer,FALSE,Sound Mixing
2016,Motion Picture – Live Action,Hacksaw Ridge,Andy Wright,Re-recording Mixer,FALSE,Sound Mixing
2016,Motion Picture – Live Action,Hacksaw Ridge,Robert Mackenzie,Re-recording Mixer,FALSE,Sound Mixing
2016,Motion Picture – Live Action,Hacksaw Ridge,Daniel Kresco,Scoring Mixer,FALSE,Sound Mixing
2016,Motion Picture – Live Action,Hacksaw Ridge,Diego Ruiz,adr Mixer,FALSE,Sound Mixing
2016,Motion Picture – Live Action,Hacksaw Ridge,,Foley Mixer,FALSE,Sound Mixing
2016,Motion Picture – Live Action,Rogue One: A Star Wars Story,Stuart Wilson;,Production Mixer,FALSE,Sound Mixing
2016,Motion Picture – Live Action,Rogue One: A Star Wars Story,Christopher Scarabosio,Re-recording Mixer,FALSE,Sound Mixing
2016,Motion Picture – Live Action,Rogue One: A Star Wars Story,David Parker,Re-recording Mixer,FALSE,Sound Mixing
2016,Motion Picture – Live Action,Rogue One: A Star Wars Story,Joel Iwataki,Scoring Mixer,FALSE,Sound Mixing
2016,Motion Picture – Live Action,Rogue One: A Star Wars Story,Nick Kray,adr Mixer,FALSE,Sound Mixing
2016,Motion Picture – Live Action,Rogue One: A Star Wars Story,Frank Rinella,Foley Mixer,FALSE,Sound Mixing
2016,Motion Picture – Live Action,Sully,Jose Antonio Garcia,Production Mixer,FALSE,Sound Mixing
2016,Motion Picture – Live Action,Sully,John Reitz,Re-recording Mixer,FALSE,Sound Mixing
2016,Motion Picture – Live Action,Sully,Tom Ozanich,Re-recording Mixer,FALSE,Sound Mixing
2016,Motion Picture – Live Action,Sully,Bobby Fernandez,Scoring Mixer,FALSE,Sound Mixing
2016,Motion Picture – Live Action,Sully,Thomas J. O'Connell,adr Mixer,FALSE,Sound Mixing
2016,Motion Picture – Live Action,Sully,James Ashwill,Foley Mixer,FALSE,Sound Mixing
2016,Motion Picture – Documentary,The Music of Strangers: Yo-Yo Ma and The Silk Road Ensemble,Dimitri Tisseyre,Production Mixer,TRUE,Sound Mixing
2016,Motion Picture – Documentary,The Music of Strangers: Yo-Yo Ma and The Silk Road Ensemble,Dennis Hamlin,Production Mixer,TRUE,Sound Mixing
2016,Motion Picture – Documentary,The Music of Strangers: Yo-Yo Ma and The Silk Road Ensemble,Peter Horner: : :,Re-recording Mixer,TRUE,Sound Mixing
2016,Motion Picture – Documentary,13th,Jeffrey Perkins: : : : :,Re-recording Mixer,FALSE,Sound Mixing
2016,Motion Picture – Documentary,Eat That Question: Frank Zappa in His Own Words,Mark Fragstein,Re-recording Mixer,FALSE,Sound Mixing
2016,Motion Picture – Documentary,Eat That Question: Frank Zappa in His Own Words,Marvin Keil,Re-recording Mixer,FALSE,Sound Mixing
2016,Motion Picture – Documentary,Eat That Question: Frank Zappa in His Own Words,Armelle Mahé: : :,Re-recording Mixer,FALSE,Sound Mixing
2016,Motion Picture – Documentary,Gleason,Mark A. Rozett,Re-recording Mixer,FALSE,Sound Mixing
2016,Motion Picture – Documentary,Gleason,James Scullion: : : :,Re-recording Mixer,FALSE,Sound Mixing
2016,Motion Picture – Documentary,O.J.: Made in America,Keith Hodne,Re-recording Mixer,FALSE,Sound Mixing
2016,Motion Picture – Documentary,O.J.: Made in America,Eric Di Stefano: : : :,Re-recording Mixer,FALSE,Sound Mixing
2016,Motion Picture – Animated,Finding Dory,Doc Kane,Original Dialogue Mixer,TRUE,Sound Mixing
2016,Motion Picture – Animated,Finding Dory,Nathan Nance,Re-recording Mixer,TRUE,Sound Mixing
2016,Motion Picture – Animated,Finding Dory,Michael Semanick,Re-recording Mixer,TRUE,Sound Mixing
2016,Motion Picture – Animated,Finding Dory,Thomas Vicari,Scoring Mixer,TRUE,Sound Mixing
2016,Motion Picture – Animated,Finding Dory,Scott Curtis:,Foley Mixer,TRUE,Sound Mixing
2016,Motion Picture – Animated,Kubo and the Two Strings,Carlos Sotolongo,Original Dialogue Mixer,FALSE,Sound Mixing
2016,Motion Picture – Animated,Kubo and the Two Strings,Tim Chau,Re-recording Mixer,FALSE,Sound Mixing
2016,Motion Picture – Animated,Kubo and the Two Strings,Tim LeBlanc,Re-recording Mixer,FALSE,Sound Mixing
2016,Motion Picture – Animated,Kubo and the Two Strings,Nick Wollage,Scoring Mixer,FALSE,Sound Mixing
2016,Motion Picture – Animated,Kubo and the Two Strings,Darrin Mann:,Foley Mixer,FALSE,Sound Mixing
2016,Motion Picture – Animated,Moana,Paul McGrath,Original Dialogue Mixer,FALSE,Sound Mixing
2016,Motion Picture – Animated,Moana,David E. Fluhr,Re-recording Mixer,FALSE,Sound Mixing
2016,Motion Picture – Animated,Moana,Gabriel Guy,Re-recording Mixer,FALSE,Sound Mixing
2016,Motion Picture – Animated,Moana,David Boucher,Scoring Mixer,FALSE,Sound Mixing
2016,Motion Picture – Animated,Moana,Scott Curtis:,Foley Mixer,FALSE,Sound Mixing
2016,Motion Picture – Animated,The Secret Life of Pets,Carlos Sotolongo,Original Dialogue Mixer,FALSE,Sound Mixing
2016,Motion Picture – Animated,The Secret Life of Pets,Gary Rizzo,Re-recording Mixer,FALSE,Sound Mixing
2016,Motion Picture – Animated,The Secret Life of Pets,David Accord,Re-recording Mixer,FALSE,Sound Mixing
2016,Motion Picture – Animated,The Secret Life of Pets,Frank Wolf,Scoring Mixer,FALSE,Sound Mixing
2016,Motion Picture – Animated,The Secret Life of Pets,Jason Butler:,Foley Mixer,FALSE,Sound Mixing
2016,Motion Picture – Animated,Zootopia,Paul McGrath,Original Dialogue Mixer,FALSE,Sound Mixing
2016,Motion Picture – Animated,Zootopia,David E. Fluhr,Re-recording Mixer,FALSE,Sound Mixing
2016,Motion Picture – Animated,Zootopia,Gabriel Guy,Re-recording Mixer,FALSE,Sound Mixing
2016,Motion Picture – Animated,Zootopia,Joel Iwataki,Scoring Mixer,FALSE,Sound Mixing
2016,Motion Picture – Animated,Zootopia,Scott Curtis:,Foley Mixer,FALSE,Sound Mixing
2015,Motion Picture – Live Action,The Revenant,Chris Duesterdiek,Production Mixer,TRUE,Sound Mixing
2015,Motion Picture – Live Action,The Revenant,Jon Taylor,Re-recording Mixer,TRUE,Sound Mixing
2015,Motion Picture – Live Action,The Revenant,Frank Montaño,Re-recording Mixer,TRUE,Sound Mixing
2015,Motion Picture – Live Action,The Revenant,Randy Thom,Re-recording Mixer,TRUE,Sound Mixing
2015,Motion Picture – Live Action,The Revenant,Conrad Hensel,Scoring Mixer,TRUE,Sound Mixing
2015,Motion Picture – Live Action,The Revenant,Michael Miller,adr Mixer,TRUE,Sound Mixing
2015,Motion Picture – Live Action,The Revenant,Geordy Sincavage,Foley Mixer,TRUE,Sound Mixing
2015,Motion Picture – Live Action,Bridge of Spies,Drew Kunin,Production Mixer,FALSE,Sound Mixing
2015,Motion Picture – Live Action,Bridge of Spies,Andy Nelson,Re-recording Mixer,FALSE,Sound Mixing
2015,Motion Picture – Live Action,Bridge of Spies,Gary Roger Rydstrom,Re-recording Mixer,FALSE,Sound Mixing
2015,Motion Picture – Live Action,Bridge of Spies,Thomas Vicari,Scoring Mixer,FALSE,Sound Mixing
2015,Motion Picture – Live Action,Bridge of Spies,Bobby Johanson,adr Mixer,FALSE,Sound Mixing
2015,Motion Picture – Live Action,Bridge of Spies,Chris Manning,Foley Mixer,FALSE,Sound Mixing
2015,Motion Picture – Live Action,Mad Max: Fury Road,Ben Oslo,Production Mixer,FALSE,Sound Mixing
2015,Motion Picture – Live Action,Mad Max: Fury Road,Chris Jenkins,Re-recording Mixer,FALSE,Sound Mixing
2015,Motion Picture – Live Action,Mad Max: Fury Road,Gregg Rudolf,Re-recording Mixer,FALSE,Sound Mixing
2015,Motion Picture – Live Action,Mad Max: Fury Road,Thomas J. O'Connell,adr Mixer,FALSE,Sound Mixing
2015,Motion Picture – Live Action,Mad Max: Fury Road,Ryan Squires,Foley Mixer,FALSE,Sound Mixing
2015,Motion Picture – Live Action,Star Wars: The Force Awakens,Stuart Wilson,Production Mixer,FALSE,Sound Mixing
2015,Motion Picture – Live Action,Star Wars: The Force Awakens,Andy Nelson,Re-recording Mixer,FALSE,Sound Mixing
2015,Motion Picture – Live Action,Star Wars: The Force Awakens,Chris Scarabosio,Re-recording Mixer,FALSE,Sound Mixing
2015,Motion Picture – Live Action,Star Wars: The Force Awakens,Shawn Murphy,Scoring Mixer,FALSE,Sound Mixing
2015,Motion Picture – Live Action,Star Wars: The Force Awakens,Charleen Steeves,adr Mixer,FALSE,Sound Mixing
2015,Motion Picture – Live Action,Star Wars: The Force Awakens,Chris Manning,Foley Mixer,FALSE,Sound Mixing
2015,Motion Picture – Live Action,The Hateful Eight,Mark Ulano,Production Mixer,FALSE,Sound Mixing
2015,Motion Picture – Live Action,The Hateful Eight,Michael Minkler,Re-recording Mixer,FALSE,Sound Mixing
2015,Motion Picture – Live Action,The Hateful Eight,Chris Minkler,Re-recording Mixer,FALSE,Sound Mixing
2015,Motion Picture – Live Action,The Hateful Eight,Fabio Venturi,Scoring Mixer,FALSE,Sound Mixing
2015,Motion Picture – Live Action,The Hateful Eight,Nerses Gezalyan,Foley Mixer,FALSE,Sound Mixing
2015,Motion Picture – Animated,Inside Out,Doc Kane,Original Dialogue Mixer,TRUE,Sound Mixing
2015,Motion Picture – Animated,Inside Out,Tom Johnson,Re-recording Mixer,TRUE,Sound Mixing
2015,Motion Picture – Animated,Inside Out,Michael Semanick,Re-recording Mixer,TRUE,Sound Mixing
2015,Motion Picture – Animated,Inside Out,Joel Iwataki,Scoring Mixer,TRUE,Sound Mixing
2015,Motion Picture – Animated,Inside Out,Mary Jo Lang,Foley Mixer,TRUE,Sound Mixing
2015,Motion Picture – Animated,Hotel Transylvania 2,Howard London,Original Dialogue Mixer,FALSE,Sound Mixing
2015,Motion Picture – Animated,Hotel Transylvania 2,Michael Semantic,Re-recording Mixer,FALSE,Sound Mixing
2015,Motion Picture – Animated,Hotel Transylvania 2,Tom Johnson,Re-recording Mixer,FALSE,Sound Mixing
2015,Motion Picture – Animated,Hotel Transylvania 2,Brad Haehnel,Scoring Mixer,FALSE,Sound Mixing
2015,Motion Picture – Animated,Hotel Transylvania 2,Randy Singer,Foley Mixer,FALSE,Sound Mixing
2015,Motion Picture – Animated,Minions,Carlos Sotolongo,Original Dialogue Mixer,FALSE,Sound Mixing
2015,Motion Picture – Animated,Minions,Gary Rizzo,Re-recording Mixer,FALSE,Sound Mixing
2015,Motion Picture – Animated,Minions,Chris Scarabosio,Re-recording Mixer,FALSE,Sound Mixing
2015,Motion Picture – Animated,Minions,Shawn Murphy,Scoring Mixer,FALSE,Sound Mixing
2015,Motion Picture – Animated,Minions,Corey Tyler,Foley Mixer,FALSE,Sound Mixing
2015,Motion Picture – Animated,The Good Dinosaur,Vince Caro,Original Dialogue Mixer,FALSE,Sound Mixing
2015,Motion Picture – Animated,The Good Dinosaur,Tom Johnson,Re-recording Mixer,FALSE,Sound Mixing
2015,Motion Picture – Animated,The Good Dinosaur,Michael Semanick,Re-recording Mixer,FALSE,Sound Mixing
2015,Motion Picture – Animated,The Good Dinosaur,Brad Haehnel,Scoring Mixer,FALSE,Sound Mixing
2015,Motion Picture – Animated,The Good Dinosaur,Kyle Rochlin,Foley Mixer,FALSE,Sound Mixing
2015,Motion Picture – Animated,The Peanuts Movie,Bill Higley,Original Dialogue Mixer,FALSE,Sound Mixing
2015,Motion Picture – Animated,The Peanuts Movie,Lora Hirschberg,Re-recording Mixer,FALSE,Sound Mixing
2015,Motion Picture – Animated,The Peanuts Movie,Randy Thom,Re-recording Mixer,FALSE,Sound Mixing
2015,Motion Picture – Animated,The Peanuts Movie,Leff Lefferts,Re-recording Mixer,FALSE,Sound Mixing
2015,Motion Picture – Animated,The Peanuts Movie,Casey Stone,Scoring Mixer,FALSE,Sound Mixing
2015,Motion Picture – Animated,The Peanuts Movie,Jason Butler,Foley Mixer,FALSE,Sound Mixing
2014,Motion Picture – Live Action,Birdman (or The Unexpected Virtue of Ignorance),Thomas Varga,Production Mixer,TRUE,Sound Mixing
2014,Motion Picture – Live Action,Birdman (or The Unexpected Virtue of Ignorance),Jon Taylor,Re-recording Mixer,TRUE,Sound Mixing
2014,Motion Picture – Live Action,Birdman (or The Unexpected Virtue of Ignorance),Frank A. Montaño,Re-recording Mixer,TRUE,Sound Mixing
2014,Motion Picture – Live Action,Birdman (or The Unexpected Virtue of Ignorance),Gustavo Borner,Scoring Mixer,TRUE,Sound Mixing
2014,Motion Picture – Live Action,Birdman (or The Unexpected Virtue of Ignorance),Jason Oliver,adr Mixer,TRUE,Sound Mixing
2014,Motion Picture – Live Action,Birdman (or The Unexpected Virtue of Ignorance),John Sanacore,Foley Mixer,TRUE,Sound Mixing
2014,Motion Picture – Live Action,American Sniper,Walt Martin,Production Mixer,FALSE,Sound Mixing
2014,Motion Picture – Live Action,American Sniper,Gregg Rudloff,Re-recording Mixer,FALSE,Sound Mixing
2014,Motion Picture – Live Action,American Sniper,John Reitz,Re-recording Mixer,FALSE,Sound Mixing
2014,Motion Picture – Live Action,American Sniper,Robert Fernandez,Scoring Mixer,FALSE,Sound Mixing
2014,Motion Picture – Live Action,American Sniper,Thomas J. O’Connell,adr Mixer,FALSE,Sound Mixing
2014,Motion Picture – Live Action,American Sniper,James Ashwell,Foley Mixer,FALSE,Sound Mixing
2014,Motion Picture – Live Action,Guardians of the Galaxy,Simon Hayes,Production Mixer,FALSE,Sound Mixing
2014,Motion Picture – Live Action,Guardians of the Galaxy,Lora Hirschberg,Re-recording Mixer,FALSE,Sound Mixing
2014,Motion Picture – Live Action,Guardians of the Galaxy,Christopher Boyes,Re-recording Mixer,FALSE,Sound Mixing
2014,Motion Picture – Live Action,Guardians of the Galaxy,Gustavo Borner,Scoring Mixer,FALSE,Sound Mixing
2014,Motion Picture – Live Action,Guardians of the Galaxy,Doc Kane,adr Mixer,FALSE,Sound Mixing
2014,Motion Picture – Live Action,Guardians of the Galaxy,Chris Manning,Foley Mixer,FALSE,Sound Mixing
2014,Motion Picture – Live Action,Interstellar,Mark Weingarten,Production Mixer,FALSE,Sound Mixing
2014,Motion Picture – Live Action,Interstellar,Gary Rizzo,Re-recording Mixer,FALSE,Sound Mixing
2014,Motion Picture – Live Action,Interstellar,Gregg Landaker,Re-recording Mixer,FALSE,Sound Mixing
2014,Motion Picture – Live Action,Interstellar,Alan Meyerson,Scoring Mixer,FALSE,Sound Mixing
2014,Motion Picture – Live Action,Interstellar,Thomas J. O’Connell,adr Mixer,FALSE,Sound Mixing
2014,Motion Picture – Live Action,Interstellar,Mary Jo Lang,Foley Mixer,FALSE,Sound Mixing
2014,Motion Picture – Live Action,Unbroken,David Lee,Production Mixer,FALSE,Sound Mixing
2014,Motion Picture – Live Action,Unbroken,Jon Taylor,Re-recording Mixer,FALSE,Sound Mixing
2014,Motion Picture – Live Action,Unbroken,Frank A. Montaño,Re-recording Mixer,FALSE,Sound Mixing
2014,Motion Picture – Live Action,Unbroken,Jonathan Allen,Scoring Mixer,FALSE,Sound Mixing
2014,Motion Picture – Live Action,Unbroken,Paul Drenning,adr Mixer,FALSE,Sound Mixing
2014,Motion Picture – Live Action,Unbroken,John Guentner,Foley Mixer,FALSE,Sound Mixing
2014,Motion Picture – Animated,Big Hero 6,Gabriel Guy,Original Dialogue Mixer,TRUE,Sound Mixing
2014,Motion Picture – Animated,Big Hero 6,David E. Fluhr,Re-recording Mixer,TRUE,Sound Mixing
2014,Motion Picture – Animated,Big Hero 6,Gabriel Guy,Re-recording Mixer,TRUE,Sound Mixing
2014,Motion Picture – Animated,Big Hero 6,Alan Meyerson,Scoring Mixer,TRUE,Sound Mixing
2014,Motion Picture – Animated,Big Hero 6,Mary Jo Lang,Foley Mixer,TRUE,Sound Mixing
2014,Motion Picture – Animated,How to Train Your Dragon 2,Tighe Sheldon,Original Dialogue Mixer,FALSE,Sound Mixing
2014,Motion Picture – Animated,How to Train Your Dragon 2,Randy Thom,Re-recording Mixer,FALSE,Sound Mixing
2014,Motion Picture – Animated,How to Train Your Dragon 2,Shawn Murphy,Re-recording Mixer,FALSE,Sound Mixing
2014,Motion Picture – Animated,How to Train Your Dragon 2,Brandon Proctor,Re-recording Mixer,FALSE,Sound Mixing
2014,Motion Picture – Animated,How to Train Your Dragon 2,Shawn Murphy,Scoring Mixer,FALSE,Sound Mixing
2014,Motion Picture – Animated,How to Train Your Dragon 2,Corey Tyler,Foley Mixer,FALSE,Sound Mixing
2014,Motion Picture – Animated,Penguins of Madagascar,Tighe Sheldon,Original Dialogue Mixer,FALSE,Sound Mixing
2014,Motion Picture – Animated,Penguins of Madagascar,Paul N. J. Ottosson,Re-recording Mixer,FALSE,Sound Mixing
2014,Motion Picture – Animated,Penguins of Madagascar,Dennis Sands,Scoring Mixer,FALSE,Sound Mixing
2014,Motion Picture – Animated,Penguins of Madagascar,Randy K. Singer,Foley Mixer,FALSE,Sound Mixing
2014,Motion Picture – Animated,The Boxtrolls,Carlos Sotolongo,Original Dialogue Mixer,FALSE,Sound Mixing
2014,Motion Picture – Animated,The Boxtrolls,Tom Myers,Re-recording Mixer,FALSE,Sound Mixing
2014,Motion Picture – Animated,The Boxtrolls,Ren Klick,Re-recording Mixer,FALSE,Sound Mixing
2014,Motion Picture – Animated,The Boxtrolls,Nathan Nance,Re-recording Mixer,FALSE,Sound Mixing
2014,Motion Picture – Animated,The Boxtrolls,Nick Wollage,Scoring Mixer,FALSE,Sound Mixing
2014,Motion Picture – Animated,The Boxtrolls,Mary Jo Lang,Foley Mixer,FALSE,Sound Mixing
2014,Motion Picture – Animated,The Lego Movie,Thomas J. O’Connell,Original Dialogue Mixer,FALSE,Sound Mixing
2014,Motion Picture – Animated,The Lego Movie,Michael Semanick,Re-recording Mixer,FALSE,Sound Mixing
2014,Motion Picture – Animated,The Lego Movie,Gregg Rudloff,Re-recording Mixer,FALSE,Sound Mixing
2014,Motion Picture – Animated,The Lego Movie,Wayne Ashley,Re-recording Mixer,FALSE,Sound Mixing
2014,Motion Picture – Animated,The Lego Movie,Brad Haehnel,Scoring Mixer,FALSE,Sound Mixing
2014,Motion Picture – Animated,The Lego Movie,John Simpson,Foley Mixer,FALSE,Sound Mixing
2013,Motion Picture – Live Action,Gravity,Chris Munro,Production Mixer,TRUE,Sound Mixing
2013,Motion Picture – Live Action,Gravity,Skip Lievsay,Re-recording Mixer,TRUE,Sound Mixing
2013,Motion Picture – Live Action,Gravity,Niv Adiri,Re-recording Mixer,TRUE,Sound Mixing
2013,Motion Picture – Live Action,Gravity,Christopher Benstead,Re-recording Mixer,TRUE,Sound Mixing
2013,Motion Picture – Live Action,Gravity,Gareth Cousins,Scoring Mixer,TRUE,Sound Mixing
2013,Motion Picture – Live Action,Gravity,Chris Navarro,adr Mixer,TRUE,Sound Mixing
2013,Motion Picture – Live Action,Gravity,Thomas J. O'Connell,adr Mixer,TRUE,Sound Mixing
2013,Motion Picture – Live Action,Gravity,Adam Mendez,Foley Mixer,TRUE,Sound Mixing
2013,Motion Picture – Live Action,Captain Phillips,Chris Munro,Production Mixer,FALSE,Sound Mixing
2013,Motion Picture – Live Action,Captain Phillips,Michael Prestwood Smith,Re-recording Mixer,FALSE,Sound Mixing
2013,Motion Picture – Live Action,Captain Phillips,Chris Burdon,Re-recording Mixer,FALSE,Sound Mixing
2013,Motion Picture – Live Action,Captain Phillips,Mark Taylor,Re-recording Mixer,FALSE,Sound Mixing
2013,Motion Picture – Live Action,Captain Phillips,Al Clay,Scoring Mixer,FALSE,Sound Mixing
2013,Motion Picture – Live Action,Captain Phillips,Howard London,adr Mixer,FALSE,Sound Mixing
2013,Motion Picture – Live Action,Captain Phillips,Glen Gathard,Foley Mixer,FALSE,Sound Mixing
2013,Motion Picture – Live Action,Inside Llewyn Davis,Peter F. Kurland,Production Mixer,FALSE,Sound Mixing
2013,Motion Picture – Live Action,Inside Llewyn Davis,Skip Lievsay,Re-recording Mixer,FALSE,Sound Mixing
2013,Motion Picture – Live Action,Inside Llewyn Davis,Greg Orloff,Re-recording Mixer,FALSE,Sound Mixing
2013,Motion Picture – Live Action,Inside Llewyn Davis,Bobby Johanson,adr Mixer,FALSE,Sound Mixing
2013,Motion Picture – Live Action,Inside Llewyn Davis,George A. Lara,Foley Mixer,FALSE,Sound Mixing
2013,Motion Picture – Live Action,Iron Man 3,Jose Antonio Garcia,Production Mixer,FALSE,Sound Mixing
2013,Motion Picture – Live Action,Iron Man 3,Michael Prestwood Smith,Re-recording Mixer,FALSE,Sound Mixing
2013,Motion Picture – Live Action,Iron Man 3,Michael Keller,Re-recording Mixer,FALSE,Sound Mixing
2013,Motion Picture – Live Action,Iron Man 3,Joel Iwataki,Scoring Mixer,FALSE,Sound Mixing
2013,Motion Picture – Live Action,Iron Man 3,Gregory Steele,adr Mixer,FALSE,Sound Mixing
2013,Motion Picture – Live Action,Iron Man 3,James Ashwill,Foley Mixer,FALSE,Sound Mixing
2013,Motion Picture – Live Action,Lone Survivor,David Brownlow,Production Mixer,FALSE,Sound Mixing
2013,Motion Picture – Live Action,Lone Survivor,Andrew Koyama,Re-recording Mixer,FALSE,Sound Mixing
2013,Motion Picture – Live Action,Lone Survivor,Beau Borders,Re-recording Mixer,FALSE,Sound Mixing
2013,Motion Picture – Live Action,Lone Survivor,Satoshi Mark Noguchi,Scoring Mixer,FALSE,Sound Mixing
2013,Motion Picture – Live Action,Lone Survivor,Gregory Steele,adr Mixer,FALSE,Sound Mixing
2013,Motion Picture – Live Action,Lone Survivor,Nerses Gezalyan,Foley Mixer,FALSE,Sound Mixing
2013,Motion Picture – Animated,Frozen,Gabriel Guy,Original Dialogue Mixer,TRUE,Sound Mixing
2013,Motion Picture – Animated,Frozen,David E. Fluhr,Re-recording Mixer,TRUE,Sound Mixing
2013,Motion Picture – Animated,Frozen,Gabriel Guy,Re-recording Mixer,TRUE,Sound Mixing
2013,Motion Picture – Animated,Frozen,Casey Stone,Scoring Mixer,TRUE,Sound Mixing
2013,Motion Picture – Animated,Frozen,Mary Jo Lang,Foley Mixer,TRUE,Sound Mixing
2013,Motion Picture – Animated,Despicable Me 2,Charleen Richards,Original Dialogue Mixer,FALSE,Sound Mixing
2013,Motion Picture – Animated,Despicable Me 2,Tom Johnson,Re-recording Mixer,FALSE,Sound Mixing
2013,Motion Picture – Animated,Despicable Me 2,Gary Rizzo,Re-recording Mixer,FALSE,Sound Mixing
2013,Motion Picture – Animated,Despicable Me 2,Chris Scarabosio,Re-recording Mixer,FALSE,Sound Mixing
2013,Motion Picture – Animated,Despicable Me 2,Alan Meyerson,Scoring Mixer,FALSE,Sound Mixing
2013,Motion Picture – Animated,Despicable Me 2,Tony Eckert,Foley Mixer,FALSE,Sound Mixing
2013,Motion Picture – Animated,Monsters University,Doc Kane,Original Dialogue Mixer,FALSE,Sound Mixing
2013,Motion Picture – Animated,Monsters University,Michael Semanick,Re-recording Mixer,FALSE,Sound Mixing
2013,Motion Picture – Animated,Monsters University,Gary Summers,Re-recording Mixer,FALSE,Sound Mixing
2013,Motion Picture – Animated,Monsters University,David Boucher,Scoring Mixer,FALSE,Sound Mixing
2013,Motion Picture – Animated,Monsters University,Corey Tyler,Foley Mixer,FALSE,Sound Mixing
2013,Motion Picture – Animated,The Croods,Tighe Sheldon,Original Dialogue Mixer,FALSE,Sound Mixing
2013,Motion Picture – Animated,The Croods,Randy Thom,Re-recording Mixer,FALSE,Sound Mixing
2013,Motion Picture – Animated,The Croods,Gary Rizzo,Re-recording Mixer,FALSE,Sound Mixing
2013,Motion Picture – Animated,The Croods,Dennis Sands,Scoring Mixer,FALSE,Sound Mixing
2013,Motion Picture – Animated,The Croods,Corey Tyler,Foley Mixer,FALSE,Sound Mixing
2013,Motion Picture – Animated,Walking with Dinosaurs,Chris Navarro,Original Dialogue Mixer,FALSE,Sound Mixing
2013,Motion Picture – Animated,Walking with Dinosaurs,Andrew Koyama,Re-recording Mixer,FALSE,Sound Mixing
2013,Motion Picture – Animated,Walking with Dinosaurs,Martyn Zub,Re-recording Mixer,FALSE,Sound Mixing
2013,Motion Picture – Animated,Walking with Dinosaurs,Rupert Coulson,Scoring Mixer,FALSE,Sound Mixing
2013,Motion Picture – Animated,Walking with Dinosaurs,Sam Rogers,Foley Mixer,FALSE,Sound Mixing
2012,Motion Picture – Live Action,Les Misérables,Simon Hayes,Production Mixer,TRUE,Sound Mixing
2012,Motion Picture – Live Action,Les Misérables,Andy Nelson,Re-recording Mixer,TRUE,Sound Mixing
2012,Motion Picture – Live Action,Les Misérables,Mark Paterson,Re-recording Mixer,TRUE,Sound Mixing
2012,Motion Picture – Live Action,Les Misérables,Jonathan Allen,Scoring Mixer,TRUE,Sound Mixing
2012,Motion Picture – Live Action,Les Misérables,Robert Edwards,Adr Mixer,TRUE,Sound Mixing
2012,Motion Picture – Live Action,Les Misérables,Peter D. Smith,Foley Mixer,TRUE,Sound Mixing
2012,Motion Picture – Live Action,The Hobbit: An Unexpected Journey,Tony Johnson,Production Mixer,FALSE,Sound Mixing
2012,Motion Picture – Live Action,The Hobbit: An Unexpected Journey,Christopher Boyes,Re-recording Mixer,FALSE,Sound Mixing
2012,Motion Picture – Live Action,The Hobbit: An Unexpected Journey,Michael Hedges,Re-recording Mixer,FALSE,Sound Mixing
2012,Motion Picture – Live Action,The Hobbit: An Unexpected Journey,Michael Semanick,Re-recording Mixer,FALSE,Sound Mixing
2012,Motion Picture – Live Action,The Hobbit: An Unexpected Journey,Peter Cobbin,Scoring Mixer,FALSE,Sound Mixing
2012,Motion Picture – Live Action,The Hobbit: An Unexpected Journey,Chris Ward,Adr Mixer,FALSE,Sound Mixing
2012,Motion Picture – Live Action,The Hobbit: An Unexpected Journey,Peter D. Smith,Foley Mixer,FALSE,Sound Mixing
2012,Motion Picture – Live Action,Lincoln,Ron Judkins,Production Mixer,FALSE,Sound Mixing
2012,Motion Picture – Live Action,Lincoln,Andy Nelson,Re-recording Mixer,FALSE,Sound Mixing
2012,Motion Picture – Live Action,Lincoln,Gary Rydstrom,Re-recording Mixer,FALSE,Sound Mixing
2012,Motion Picture – Live Action,Lincoln,Shawn Murphy,Scoring Mixer,FALSE,Sound Mixing
2012,Motion Picture – Live Action,Lincoln,Bobby Johanson,Adr Mixer,FALSE,Sound Mixing
2012,Motion Picture – Live Action,Lincoln,Frank Rinella,Foley Mixer,FALSE,Sound Mixing
2012,Motion Picture – Live Action,Skyfall,Stuart Wilson,Production Mixer,FALSE,Sound Mixing
2012,Motion Picture – Live Action,Skyfall,Scott Millan,Re-recording Mixer,FALSE,Sound Mixing
2012,Motion Picture – Live Action,Skyfall,Greg P. Russell,Re-recording Mixer,FALSE,Sound Mixing
2012,Motion Picture – Live Action,Skyfall,Simon Rhodes,Scoring Mixer,FALSE,Sound Mixing
2012,Motion Picture – Live Action,Skyfall,Peter Gleaves,Adr Mixer,FALSE,Sound Mixing
2012,Motion Picture – Live Action,Skyfall,James Ashwill,Foley Mixer,FALSE,Sound Mixing
2012,Motion Picture – Live Action,Zero Dark Thirty,Ray Beckett,Production Mixer,FALSE,Sound Mixing
2012,Motion Picture – Live Action,Zero Dark Thirty,Paul N. J. Ottosson,Re-recording Mixer,FALSE,Sound Mixing
2012,Motion Picture – Live Action,Zero Dark Thirty,Brian Smith,Adr Mixer,FALSE,Sound Mixing
2012,Motion Picture – Live Action,Zero Dark Thirty,Sam Okell,Scoring Mixer,FALSE,Sound Mixing
2012,Motion Picture – Live Action,Zero Dark Thirty,John Sanacore,Foley Mixer,FALSE,Sound Mixing
2012,Motion Picture – Animated,Brave,Bobby Johansen,Original Dialogue Mixer,TRUE,Sound Mixing
2012,Motion Picture – Animated,Brave,Tom Johnson,Re-recording Mixer,TRUE,Sound Mixing
2012,Motion Picture – Animated,Brave,Gary Rydstrom,Re-recording Mixer,TRUE,Sound Mixing
2012,Motion Picture – Animated,Brave,Andrew Dudman,Scoring Mixer,TRUE,Sound Mixing
2012,Motion Picture – Animated,Brave,Frank Rinella,Foley Mixer,TRUE,Sound Mixing
2012,Motion Picture – Animated,Frankenweenie,Doc Kane,Original Dialogue Mixer,FALSE,Sound Mixing
2012,Motion Picture – Animated,Frankenweenie,Michael Smeanick,Re-recording Mixer,FALSE,Sound Mixing
2012,Motion Picture – Animated,Frankenweenie,Christopher Boyes,Re-recording Mixer,FALSE,Sound Mixing
2012,Motion Picture – Animated,Frankenweenie,Tom Johnson,Re-recording Mixer,FALSE,Sound Mixing
2012,Motion Picture – Animated,Frankenweenie,Dennis S. Sands,Scoring Mixer,FALSE,Sound Mixing
2012,Motion Picture – Animated,Frankenweenie,Glen Gathard,Foley Mixer,FALSE,Sound Mixing
2012,Motion Picture – Animated,The Lorax,Carlos Sotolongo,Original Dialogue Mixer,FALSE,Sound Mixing
2012,Motion Picture – Animated,The Lorax,Randy Thom,Re-recording Mixer,FALSE,Sound Mixing
2012,Motion Picture – Animated,The Lorax,Gary Rizzo,Re-recording Mixer,FALSE,Sound Mixing
2012,Motion Picture – Animated,The Lorax,Shawn Murphy,Scoring Mixer,FALSE,Sound Mixing
2012,Motion Picture – Animated,The Lorax,Frank Rinella,Foley Mixer,FALSE,Sound Mixing
2012,Motion Picture – Animated,Rise of the Guardians,Tighe Sheldon,Original Dialogue Mixer,FALSE,Sound Mixing
2012,Motion Picture – Animated,Rise of the Guardians,Andy Nelson,Re-recording Mixer,FALSE,Sound Mixing
2012,Motion Picture – Animated,Rise of the Guardians,James Bolt,Re-recording Mixer,FALSE,Sound Mixing
2012,Motion Picture – Animated,Rise of the Guardians,Peter Cobbin,Scoring Mixer,FALSE,Sound Mixing
2012,Motion Picture – Animated,Rise of the Guardians,Kyle Rochlin,Foley Mixer,FALSE,Sound Mixing
2012,Motion Picture – Animated,Wreck-It Ralph,Doc Kane,Original Dialogue Mixer,FALSE,Sound Mixing
2012,Motion Picture – Animated,Wreck-It Ralph,David E. Fluhr,Re-recording Mixer,FALSE,Sound Mixing
2012,Motion Picture – Animated,Wreck-It Ralph,Gary Rizzo,Re-recording Mixer,FALSE,Sound Mixing
2012,Motion Picture – Animated,Wreck-It Ralph,Alan Meyerson,Scoring Mixer,FALSE,Sound Mixing
2012,Motion Picture – Animated,Wreck-It Ralph,Frank Rinella,Foley Mixer,FALSE,Sound Mixing
2011,Motion Picture,Hugo,John Midgley,Production Mixer,TRUE,Sound Mixing
2011,Motion Picture,Hugo,Tom Fleischman,Re-recording Mixer,TRUE,Sound Mixing
2011,Motion Picture,Hugo,Simon Rhodes,Scoring Mixer,TRUE,Sound Mixing
2011,Motion Picture,Hanna,Roland Winke,Production Mixer,FALSE,Sound Mixing
2011,Motion Picture,Hanna,Christopher Scarabosio,Re-recording Mixer,FALSE,Sound Mixing
2011,Motion Picture,Hanna,Craig Berkey,Re-recording Mixer,FALSE,Sound Mixing
2011,Motion Picture,Hanna,Andrew Dudman,Scoring Mixer,FALSE,Sound Mixing
2011,Motion Picture,Moneyball,Ed Novick,Production Mixer,FALSE,Sound Mixing
2011,Motion Picture,Moneyball,Deb Adair,Re-recording Mixer,FALSE,Sound Mixing
2011,Motion Picture,Moneyball,Ron Bochar,Re-recording Mixer,FALSE,Sound Mixing
2011,Motion Picture,Moneyball,David Giammarco,Re-recording Mixer,FALSE,Sound Mixing
2011,Motion Picture,Moneyball,Brad Haehnel,Scoring Mixer,FALSE,Sound Mixing
2011,Motion Picture,Pirates of the Caribbean: On Stranger Tides,Lee Orloff,Production Mixer,FALSE,Sound Mixing
2011,Motion Picture,Pirates of the Caribbean: On Stranger Tides,Paul Massey,Re-recording Mixer,FALSE,Sound Mixing
2011,Motion Picture,Pirates of the Caribbean: On Stranger Tides,Christopher Boyes,Re-recording Mixer,FALSE,Sound Mixing
2011,Motion Picture,Pirates of the Caribbean: On Stranger Tides,Alan Meyerson,Scoring Mixer,FALSE,Sound Mixing
2011,Motion Picture,Super 8,Mark Ulano,Production Mixer,FALSE,Sound Mixing
2011,Motion Picture,Super 8,Tom Johnson,Re-recording Mixer,FALSE,Sound Mixing
2011,Motion Picture,Super 8,Andy Nelson,Re-recording Mixer,FALSE,Sound Mixing
2011,Motion Picture,Super 8,Anna Behlmer,Re-recording Mixer,FALSE,Sound Mixing
2011,Motion Picture,Super 8,Dan Wallin,Scoring Mixer,FALSE,Sound Mixing
2010,Motion Picture,True Grit,Peter F. Kurland,,TRUE,Sound Mixing
2010,Motion Picture,True Grit,Skip Lievsay,,TRUE,Sound Mixing
2010,Motion Picture,True Grit,Craig Berkey,,TRUE,Sound Mixing
2010,Motion Picture,True Grit,Greg Orloff,,TRUE,Sound Mixing
2010,Motion Picture,Black Swan,Ken Ishii,,FALSE,Sound Mixing
2010,Motion Picture,Black Swan,Dominick Tavella,,FALSE,Sound Mixing
2010,Motion Picture,Black Swan,Craig Henighan,,FALSE,Sound Mixing
2010,Motion Picture,Inception,Ed Novick,,FALSE,Sound Mixing
2010,Motion Picture,Inception,Lora Hirschberg,,FALSE,Sound Mixing
2010,Motion Picture,Inception,Gary Rizzo,,FALSE,Sound Mixing
2010,Motion Picture,Shutter Island,Petur Hliddal,,FALSE,Sound Mixing
2010,Motion Picture,Shutter Island,Tom Fleishman,,FALSE,Sound Mixing
2010,Motion Picture,The Social Network,Mark Weingarten,,FALSE,Sound Mixing
2010,Motion Picture,The Social Network,Ren Klyce,,FALSE,Sound Mixing
2010,Motion Picture,The Social Network,David Parker,,FALSE,Sound Mixing
2010,Motion Picture,The Social Network,Michael Semanick,,FALSE,Sound Mixing
2009,Motion Picture,The Hurt Locker,Ray Beckett,,TRUE,Sound Mixing
2009,Motion Picture,The Hurt Locker,Paul N. J. Ottosson,,TRUE,Sound Mixing
2009,Motion Picture,Avatar,Tony Johnson,,FALSE,Sound Mixing
2009,Motion Picture,Avatar,Christopher Boyes,,FALSE,Sound Mixing
2009,Motion Picture,Avatar,Gary Summers,,FALSE,Sound Mixing
2009,Motion Picture,Avatar,Andy Nelson,,FALSE,Sound Mixing
2009,Motion Picture,District 9,Ken Saville,,FALSE,Sound Mixing
2009,Motion Picture,District 9,Michael Hedges,,FALSE,Sound Mixing
2009,Motion Picture,District 9,Gilbert Lake,,FALSE,Sound Mixing
2009,Motion Picture,Star Trek,Peter J. Devlin,,FALSE,Sound Mixing
2009,Motion Picture,Star Trek,Paul Massey,,FALSE,Sound Mixing
2009,Motion Picture,Star Trek,Andy Nelson,,FALSE,Sound Mixing
2009,Motion Picture,Star Trek,Anna Behlmer,,FALSE,Sound Mixing
2009,Motion Picture,Transformers: Revenge of the Fallen,Peter J. Devlin,,FALSE,Sound Mixing
2009,Motion Picture,Transformers: Revenge of the Fallen,Paul Massey,,FALSE,Sound Mixing
2009,Motion Picture,Transformers: Revenge of the Fallen,Andy Nelson,,FALSE,Sound Mixing
2009,Motion Picture,Transformers: Revenge of the Fallen,Anna Behlmer,,FALSE,Sound Mixing
2008,Motion Picture,Slumdog Millionaire,Resul Pookutty,production mixer,TRUE,Sound Mixing
2008,Motion Picture,Slumdog Millionaire,Ian Tapp,re-recording mixer,TRUE,Sound Mixing
2008,Motion Picture,Slumdog Millionaire,Richard Pryke,re-recording mixer,TRUE,Sound Mixing
2008,Motion Picture,Iron Man,Mark Ulano,production mixer,FALSE,Sound Mixing
2008,Motion Picture,Iron Man,Christopher Boyes,re-recording mixer,FALSE,Sound Mixing
2008,Motion Picture,Iron Man,Lora Hirschberg,re-recording mixer,FALSE,Sound Mixing
2008,Motion Picture,Quantum of Solace,Chris Munro,production mixer,FALSE,Sound Mixing
2008,Motion Picture,Quantum of Solace,Mike Prestwood Smith,re-recording mixer,FALSE,Sound Mixing
2008,Motion Picture,Quantum of Solace,Mark Taylor,re-recording mixer,FALSE,Sound Mixing
2008,Motion Picture,The Dark Knight,Ed Novick,production mixer,FALSE,Sound Mixing
2008,Motion Picture,The Dark Knight,Lora Hirschberg,re-recording mixer,FALSE,Sound Mixing
2008,Motion Picture,The Dark Knight,Gary Rizzo,re-recording mixer,FALSE,Sound Mixing
2008,Motion Picture,WALL-E,Ben Burtt,original dialog mixer,FALSE,Sound Mixing
2008,Motion Picture,WALL-E,Tom Myers,re-recording mixer,FALSE,Sound Mixing
2008,Motion Picture,WALL-E,Michael Semanick,re-recording mixer,FALSE,Sound Mixing
2007,Motion Picture,No Country for Old Men,Peter Kurland,production mixer,TRUE,Sound Mixing
2007,Motion Picture,No Country for Old Men,Skip Lievsay,re-recording mixer,TRUE,Sound Mixing
2007,Motion Picture,No Country for Old Men,Craig Berkey,re-recording mixer,TRUE,Sound Mixing
2007,Motion Picture,No Country for Old Men,Greg Orloff,re-recording mixer,TRUE,Sound Mixing
2007,Motion Picture,300,Patrick Rousseau,production mixer,FALSE,Sound Mixing
2007,Motion Picture,300,Chris Jenkins,re-recording mixer,FALSE,Sound Mixing
2007,Motion Picture,300,Frank A. Montaño,re-recording mixer,FALSE,Sound Mixing
2007,Motion Picture,Into the Wild,Edward Tise,production mixer,FALSE,Sound Mixing
2007,Motion Picture,Into the Wild,Michael Minkler,re-recording mixer,FALSE,Sound Mixing
2007,Motion Picture,Into the Wild,Lora Hirschberg,re-recording mixer,FALSE,Sound Mixing
2007,Motion Picture,The Bourne Ultimatum,Kirk Francis,production mixer,FALSE,Sound Mixing
2007,Motion Picture,The Bourne Ultimatum,Scott Millan,re-recording mixer,FALSE,Sound Mixing
2007,Motion Picture,The Bourne Ultimatum,David Parker,re-recording mixer,FALSE,Sound Mixing
2007,Motion Picture,Transformers,Peter J. Devlin,production mixer,FALSE,Sound Mixing
2007,Motion Picture,Transformers,Kevin O'Connell,re-recording mixer,FALSE,Sound Mixing
2007,Motion Picture,Transformers,Greg P. Russell,re-recording mixer,FALSE,Sound Mixing
2006,Motion Picture,Dreamgirls,Willie D. Burton,production mixer,TRUE,Sound Mixing
2006,Motion Picture,Dreamgirls,Michael Minkler,re-recording mixer,TRUE,Sound Mixing
2006,Motion Picture,Dreamgirls,Bob Beemer,re-recording mixer,TRUE,Sound Mixing
2006,Motion Picture,Babel,José Antonio García,production mixer,FALSE,Sound Mixing
2006,Motion Picture,Babel,Jon Taylor,re-recording mixer,FALSE,Sound Mixing
2006,Motion Picture,Babel,Christian P. Minkler,re-recording mixer,FALSE,Sound Mixing
2006,Motion Picture,Blood Diamond,Ivan Sharrock,production mixer,FALSE,Sound Mixing
2006,Motion Picture,Blood Diamond,Andy Nelson,re-recording mixer,FALSE,Sound Mixing
2006,Motion Picture,Blood Diamond,Anna Behlmer,re-recording mixer,FALSE,Sound Mixing
2006,Motion Picture,Flags of Our Fathers,Walt Martin,production mixer,FALSE,Sound Mixing
2006,Motion Picture,Flags of Our Fathers,John T. Reitz,re-recording mixer,FALSE,Sound Mixing
2006,Motion Picture,Flags of Our Fathers,Gregg Rudloff,re-recording mixer,FALSE,Sound Mixing
2006,Motion Picture,Flags of Our Fathers,David E. Campbell,re-recording mixer,FALSE,Sound Mixing
2006,Motion Picture,Pirates of the Caribbean: Dead Man's Chest,Lee Orloff,production mixer,FALSE,Sound Mixing
2006,Motion Picture,Pirates of the Caribbean: Dead Man's Chest,Paul Massey,re-recording mixer,FALSE,Sound Mixing
2006,Motion Picture,Pirates of the Caribbean: Dead Man's Chest,Christopher Boyes,re-recording mixer,FALSE,Sound Mixing
2005,Motion Picture,Walk the Line,Peter Kurland,production mixer,TRUE,Sound Mixing
2005,Motion Picture,Walk the Line,Paul Massey,re-recording mixer,TRUE,Sound Mixing
2005,Motion Picture,Walk the Line,Doug Hemphill,re-recording mixer,TRUE,Sound Mixing
2005,Motion Picture,Crash,Richard Van Dyke,production mixer,FALSE,Sound Mixing
2005,Motion Picture,Crash,Marc Fishman,re-recording mixer,FALSE,Sound Mixing
2005,Motion Picture,Crash,Adam Jenkins,re-recording mixer,FALSE,Sound Mixing
2005,Motion Picture,Crash,Rick Ash,re-recording mixer,FALSE,Sound Mixing
2005,Motion Picture,King Kong,Hammond Peek,production mixer,FALSE,Sound Mixing
2005,Motion Picture,King Kong,Christopher Boyes,re-recording mixer,FALSE,Sound Mixing
2005,Motion Picture,King Kong,Michael Semanick,re-recording mixer,FALSE,Sound Mixing
2005,Motion Picture,King Kong,Michael Hedges,re-recording mixer,FALSE,Sound Mixing
2005,Motion Picture,Memoirs of a Geisha,John Pritchett,production mixer,FALSE,Sound Mixing
2005,Motion Picture,Memoirs of a Geisha,Kevin O'Connell,re-recording mixer,FALSE,Sound Mixing
2005,Motion Picture,Memoirs of a Geisha,Greg P. Russell,re-recording mixer,FALSE,Sound Mixing
2005,Motion Picture,Memoirs of a Geisha,Rick Kline,re-recording mixer,FALSE,Sound Mixing
2005,Motion Picture,War of the Worlds,Ron Judkins,production mixer,FALSE,Sound Mixing
2005,Motion Picture,War of the Worlds,Andy Nelson,re-recording mixer,FALSE,Sound Mixing
2005,Motion Picture,War of the Worlds,Anna Behlmer,re-recording mixer,FALSE,Sound Mixing