Year,Film,Category,Outcome,Role,Title,p_id,Nominated
2005,Brokeback Mountain,Actor in a Leading Role,Won,Ennis Del Mar,,p000925,TRUE
2005,Brokeback Mountain,Actor in a Supporting Role,Won,Jack Twist,,p000622,TRUE
2005,Walk the Line,Actress in a Leading Role,Won,June Carter Cash,,p001744,TRUE
2005,Brokeback Mountain,Actress in a Supporting Role,Won,Alma Beers,,p001732,TRUE
2005,The Mysterious Geographic Explorations of Jasper Morello,Animated Short Film,Won,,,p000972,TRUE
2005,Pride & Prejudice,Art Direction,Won,Production design,,p000605,TRUE
2005,Pride & Prejudice,Art Direction,Won,Set decoration,,p001534,TRUE
2005,"Good Night, & Good Luck",Cinematography,Won,,,p000433,TRUE
2005,Memoirs of a Geisha,Costuming,Won,,,p000059,TRUE
2005,Brokeback Mountain,Director,Won,,,p000927,TRUE
2005,March of the Penguins,Documentary Film,Won,,,p000347,TRUE
2005,March of the Penguins,Documentary Film,Won,,,p000767,TRUE
2005,King Kong,Effects,Won,,,p000942,TRUE
2005,King Kong,Effects,Won,,,p001365,TRUE
2005,King Kong,Effects,Won,,,p001598,TRUE
2005,King Kong,Effects,Won,,,p001646,TRUE
2005,Crash,Film Editing,Won,,,p001741,TRUE
2005,Brokeback Mountain,Live-Action Feature-Length Film,Won,,,p001222,TRUE
2005,Brokeback Mountain,Live-Action Feature-Length Film,Won,,,p001434,TRUE
2005,Six Shooter,Live-Action Short Film,Won,,,p001043,TRUE
2005,Brokeback Mountain,Original Song,Won,,The Maker Makes,p001667,TRUE
2005,Brokeback Mountain,Screenplay (Adapted),Won,,The short story by Annie Proulx,p001057,TRUE
2005,Brokeback Mountain,Screenplay (Adapted),Won,,The short story by Annie Proulx,p001222,TRUE
2005,The Squid and the Whale,Screenplay (Original),Won,,,p000090,TRUE
2005,King Kong,Sound Editing,Won,,,p000729,TRUE
2005,King Kong,Sound Editing,Won,,,p001804,TRUE
2005,Walk the Line,Sound Mixing,Won,,,p000688,TRUE
2005,Walk the Line,Sound Mixing,Won,,,p000876,TRUE
2005,Walk the Line,Sound Mixing,Won,,,p001024,TRUE
2005,The Squid and the Whale,Special Visionary Film,Won,,,p000090,TRUE
2006,Blood Diamond,Actor in a Leading Role,Lost,Danny Archer,,p000379,TRUE
2006,Half Nelson,Actor in a Leading Role,Lost,Dan Dunne,,p000586,TRUE
2006,Venus,Actor in a Leading Role,Won,Maurice Russell,,p001198,TRUE
2006,Little Children,Actor in a Supporting Role,Won,Ronald James McGorvey,,p000633,TRUE
2006,Little Miss Sunshine,Actor in a Supporting Role,Lost,Edwin Hoover,,p000048,TRUE
2006,The Departed,Actor in a Supporting Role,Lost,Staff Sgt. Sean Dignam,,p001666,TRUE
2006,Little Children,Actress in a Leading Role,Lost,Sarah Pierce,,p001743,TRUE
2006,Notes on a Scandal,Actress in a Leading Role,Lost,Barbara Covett,,p000372,TRUE
2006,The Devil Wears Prada,Actress in a Leading Role,Won,Miranda Priestly,,p001568,TRUE
2006,The Queen,Actress in a Leading Role,Won,Queen Elizabeth II,,p001101,TRUE
2006,Volver,Actress in a Leading Role,Lost,Raimunda,,p000330,TRUE
2006,Babel,Actress in a Supporting Role,Lost,Chieko Wataya,,p000830,TRUE
2006,Little Miss Sunshine,Actress in a Supporting Role,Lost,Olive Hoover,,p000167,TRUE
2006,Notes on a Scandal,Actress in a Supporting Role,Lost,"Bathsheba ""Sheba"" Hart",,p000135,TRUE
2006,Running with Scissors,Actress in a Supporting Role,Won,Deirdre Burroughs,,p000116,TRUE
2006,Cars,Animated Feature-Length Film,Lost,,,p000913,TRUE
2006,Monster House,Animated Feature-Length Film,Won,,,p000822,TRUE
2006,Lifted,Animated Short Film,Won,,,p001410,TRUE
2006,Maestro,Animated Short Film,Lost,,,p001636,TRUE
2006,The Danish Poet,Animated Short Film,Lost,,,p000865,TRUE
2006,The Little Matchgirl,Animated Short Film,Lost,,,p000025,TRUE
2006,The Little Matchgirl,Animated Short Film,Lost,,,p000628,TRUE
2006,Pan's Labyrinth,Art Direction,Won,Production design,,p000209,TRUE
2006,Pan's Labyrinth,Art Direction,Won,Set decoration,,p001349,TRUE
2006,Pirates of the Caribbean: Dead Man's Chest,Art Direction,Lost,Set decoration,,p000226,TRUE
2006,Pirates of the Caribbean: Dead Man's Chest,Art Direction,Lost,Production design,,p000681,TRUE
2006,Children of Men,Cinematography,Lost,,,p000971,TRUE
2006,Little Children,Cinematography,Won,,,p000213,TRUE
2006,Little Miss Sunshine,Cinematography,Lost,,,p001572,TRUE
2006,Little Children,Costuming,Lost,,,p000418,TRUE
2006,Little Miss Sunshine,Costuming,Lost,,,p001546,TRUE
2006,Marie Antoinette,Costuming,Won,,,p000223,TRUE
2006,The Devil Wears Prada,Costuming,Lost,,,p000471,TRUE
2006,The Queen,Costuming,Lost,,,p000159,TRUE
2006,Little Children,Director,Won,,,p000473,TRUE
2006,Little Miss Sunshine,Director,Lost,,,p000359,TRUE
2006,Little Miss Sunshine,Director,Lost,,,p000452,TRUE
2006,The Departed,Director,Lost,,,p001454,TRUE
2006,The Queen,Director,Lost,,,p000518,TRUE
2006,An Inconvenient Truth,Documentary Film,Won,,,p000616,TRUE
2006,Pirates of the Caribbean: Dead Man's Chest,Effects,Won,,,p000554,TRUE
2006,Pirates of the Caribbean: Dead Man's Chest,Effects,Won,,,p000635,TRUE
2006,Pirates of the Caribbean: Dead Man's Chest,Effects,Won,,,p000704,TRUE
2006,Pirates of the Caribbean: Dead Man's Chest,Effects,Won,,,p000855,TRUE
2006,Children of Men,Film Editing,Lost,,,p000331,TRUE
2006,Children of Men,Film Editing,Lost,,,p001377,TRUE
2006,Little Children,Film Editing,Lost,,,p001629,TRUE
2006,The Departed,Film Editing,Won,,,p001440,TRUE
2006,United 93,Film Editing,Lost,,,p000396,TRUE
2006,United 93,Film Editing,Lost,,,p001394,TRUE
2006,Pan's Labyrinth,Foreign Film,Won,,,p001798,TRUE
2006,Little Children,Live-Action Feature-Length Film,Won,,,p000121,TRUE
2006,Little Children,Live-Action Feature-Length Film,Won,,,p001766,TRUE
2006,Little Miss Sunshine,Live-Action Feature-Length Film,Lost,,,p000524,TRUE
2006,Little Miss Sunshine,Live-Action Feature-Length Film,Lost,,,p001426,TRUE
2006,Little Miss Sunshine,Live-Action Feature-Length Film,Lost,,,p001635,TRUE
2006,The Queen,Live-Action Feature-Length Film,Lost,,,p000661,TRUE
2006,The Queen,Live-Action Feature-Length Film,Lost,,,p000904,TRUE
2006,The Queen,Live-Action Feature-Length Film,Lost,,,p001459,TRUE
2006,Apocalypto,Make-Up & Hairstyling,Lost,,,p001492,TRUE
2006,Apocalypto,Make-Up & Hairstyling,Lost,,,p001524,TRUE
2006,Pan's Labyrinth,Make-Up & Hairstyling,Won,,,p001020,TRUE
2006,Pan's Labyrinth,Make-Up & Hairstyling,Won,,,p001354,TRUE
2006,Little Children,Original Score,Lost,,,p001166,TRUE
2006,Pan's Labyrinth,Original Score,Lost,,,p001153,TRUE
2006,The Queen,Original Score,Won,,,p000377,TRUE
2006,An Inconvenient Truth,Original Song,Lost,Music and Lyrics,I Need to Wake Up,p000445,TRUE
2006,Borat: Cultural Learnings of America for Make Benefit Glorious Nation of Kazakhstan,Screenplay (Adapted),Lost,,The character Borat Sagdiyev from the television series Da Ali G Show by Baron Cohen,p000083,TRUE
2006,Borat: Cultural Learnings of America for Make Benefit Glorious Nation of Kazakhstan,Screenplay (Adapted),Lost,,The character Borat Sagdiyev from the television series Da Ali G Show by Baron Cohen,p000092,TRUE
2006,Borat: Cultural Learnings of America for Make Benefit Glorious Nation of Kazakhstan,Screenplay (Adapted),Lost,,The character Borat Sagdiyev from the television series Da Ali G Show by Baron Cohen,p000710,TRUE
2006,Borat: Cultural Learnings of America for Make Benefit Glorious Nation of Kazakhstan,Screenplay (Adapted),Lost,,The character Borat Sagdiyev from the television series Da Ali G Show by Baron Cohen,p001029,TRUE
2006,Children of Men,Screenplay (Adapted),Lost,,The novel by P. D. James,p000331,TRUE
2006,Children of Men,Screenplay (Adapted),Lost,,The novel by P. D. James,p001467,TRUE
2006,Little Children,Screenplay (Adapted),Won,,The novel by Perrotta,p000473,TRUE
2006,Little Children,Screenplay (Adapted),Won,,The novel by Perrotta,p001267,TRUE
2006,Little Miss Sunshine,Screenplay (Original),Lost,,,p000052,TRUE
2006,Pan's Labyrinth,Screenplay (Original),Lost,,,p001798,TRUE
2006,The Queen,Screenplay (Original),Won,,,p001122,TRUE
2006,Apocalypto,Sound Editing,Lost,,,p000055,TRUE
2006,Apocalypto,Sound Editing,Lost,,,p001040,TRUE
2006,Blood Diamond,Sound Editing,Lost,,,p000115,TRUE
2006,Letters from Iwo Jima,Sound Editing,Won,,,p000056,TRUE
2006,Letters from Iwo Jima,Sound Editing,Won,,,p001145,TRUE
2006,Pirates of the Caribbean: Dead Man's Chest,Sound Editing,Lost,,,p000158,TRUE
2006,Apocalypto,Sound Mixing,Won,,,p000340,TRUE
2006,Apocalypto,Sound Mixing,Won,,,p001189,TRUE
2006,Apocalypto,Sound Mixing,Won,,,p001406,TRUE
2006,Blood Diamond,Sound Mixing,Lost,,,p000108,TRUE
2006,Blood Diamond,Sound Mixing,Lost,,,p001160,TRUE
2006,Blood Diamond,Sound Mixing,Lost,,,p001474,TRUE
2006,Dreamgirls,Sound Mixing,Lost,,,p000107,TRUE
2006,Dreamgirls,Sound Mixing,Lost,,,p000197,TRUE
2006,Dreamgirls,Sound Mixing,Lost,,,p001099,TRUE
2006,Pirates of the Caribbean: Dead Man's Chest,Sound Mixing,Lost,,,p000158,TRUE
2006,Pirates of the Caribbean: Dead Man's Chest,Sound Mixing,Lost,,,p001217,TRUE
2007,Atonement,Actor in a Leading Role,Lost,Robbie Turner,,p001032,TRUE
2007,Into the Wild,Actor in a Leading Role,Won,Chris McCandless,,p000714,TRUE
2007,Lars and the Real Girl,Actor in a Leading Role,Lost,Lars Lindstrom,,p000586,TRUE
2007,Sweeney Todd: The Demon Barber of Fleet Street,Actor in a Leading Role,Lost,Sweeney Todd / Benjamin Barker,,p000374,TRUE
2007,There Will Be Blood,Actor in a Leading Role,Lost,Daniel Plainview,,p000358,TRUE
2007,Charlie Wilson's War,Actor in a Supporting Role,Lost,Gust Avrakotos,,p000720,TRUE
2007,Into the Wild,Actor in a Supporting Role,Lost,Ron Franz,,p000722,TRUE
2007,Michael Clayton,Actor in a Supporting Role,Lost,Arthur Edens,,p001725,TRUE
2007,No Country for Old Men,Actor in a Supporting Role,Lost,Anton Chigurh,,p000080,TRUE
2007,The Assassination of Jesse James by the Coward Robert Ford,Actor in a Supporting Role,Won,Robert Ford,,p000010,TRUE
2007,The Savages,Actor in a Supporting Role,Lost,Jon Savage,,p000720,TRUE
2007,Away from Her,Actress in a Leading Role,Lost,Fiona Anderson,,p000267,TRUE
2007,Enchanted,Actress in a Leading Role,Lost,Giselle,,p000007,TRUE
2007,Juno,Actress in a Leading Role,Lost,Juno MacGuff,,p001227,TRUE
2007,La Vie en Rose,Actress in a Leading Role,Won,Édith Piaf,,p000317,TRUE
2007,The Savages,Actress in a Leading Role,Lost,Wendy Savage,,p000952,TRUE
2007,Control,Actress in a Supporting Role,Lost,Debbie Curtis,,p001132,TRUE
2007,Harry Potter and the Order of the Phoenix,Actress in a Supporting Role,Lost,Luna Lovegood,,p000977,TRUE
2007,I'm Not There,Actress in a Supporting Role,Lost,Jude Quinn,,p000135,TRUE
2007,Juno,Actress in a Supporting Role,Lost,Vanessa Loring,,p000534,TRUE
2007,Michael Clayton,Actress in a Supporting Role,Won,Karen Crowder,,p001581,TRUE
2007,Persepolis,Animated Feature-Length Film,Won,,,p001243,TRUE
2007,Persepolis,Animated Feature-Length Film,Won,,,p001428,TRUE
2007,Ratatouille,Animated Feature-Length Film,Lost,,,p000129,TRUE
2007,I Met the Walrus,Animated Short Film,Lost,,,p001334,TRUE
2007,Madame Tutli-Putli,Animated Short Film,Lost,,,p000918,TRUE
2007,Madame Tutli-Putli,Animated Short Film,Lost,,,p001583,TRUE
2007,My Love,Animated Short Film,Lost,,,p001272,TRUE
2007,Peter & the Wolf,Animated Short Film,Won,,,p001601,TRUE
2007,Peter & the Wolf,Animated Short Film,Won,,,p001704,TRUE
2007,Sweeney Todd: The Demon Barber of Fleet Street,Art Direction,Lost,Production design,,p000469,TRUE
2007,Sweeney Todd: The Demon Barber of Fleet Street,Art Direction,Lost,Set decoration,,p000958,TRUE
2007,There Will Be Blood,Art Direction,Lost,Set decoration,,p000442,TRUE
2007,There Will Be Blood,Art Direction,Lost,Production design,,p000486,TRUE
2007,Harry Potter and the Order of the Phoenix,Cinematography,Lost,,,p000752,TRUE
2007,Hotel Chevalier,Cinematography,Lost,,,p001765,TRUE
2007,No Country for Old Men,Cinematography,Won,,,p000365,TRUE
2007,The Assassination of Jesse James by the Coward Robert Ford,Cinematography,Won,,,p000365,TRUE
2007,The Darjeeling Limited,Cinematography,Lost,,,p001765,TRUE
2007,There Will Be Blood,Cinematography,Lost,,,p000433,TRUE
2007,Atonement,Costuming,Won,,,p000410,TRUE
2007,Elizabeth: The Golden Age,Costuming,Lost,,,p000208,TRUE
2007,La Vie en Rose,Costuming,Lost,,,p000023,TRUE
2007,Sweeney Todd: The Demon Barber of Fleet Street,Costuming,Lost,,,p000059,TRUE
2007,Into the Wild,Director,Lost,,,p001265,TRUE
2007,Juno,Director,Lost,,,p001346,TRUE
2007,No Country for Old Men,Director,Lost,,,p000286,TRUE
2007,No Country for Old Men,Director,Lost,,,p000287,TRUE
2007,The Assassination of Jesse James by the Coward Robert Ford,Director,Lost,,,p000391,TRUE
2007,The Diving Bell and the Butterfly,Director,Lost,,,p001436,TRUE
2007,Pirates of the Caribbean: At World's End,Effects,Lost,,,p000517,TRUE
2007,Pirates of the Caribbean: At World's End,Effects,Lost,,,p000554,TRUE
2007,Pirates of the Caribbean: At World's End,Effects,Lost,,,p000704,TRUE
2007,Pirates of the Caribbean: At World's End,Effects,Lost,,,p000855,TRUE
2007,Transformers,Effects,Won,,,p000119,TRUE
2007,Transformers,Effects,Won,,,p000414,TRUE
2007,Transformers,Effects,Won,,,p000455,TRUE
2007,Transformers,Effects,Won,,,p000517,TRUE
2007,Into the Wild,Film Editing,Lost,,,p000237,TRUE
2007,No Country for Old Men,Film Editing,Lost,,,p000771,TRUE
2007,The Bourne Ultimatum,Film Editing,Won,,,p001394,TRUE
2007,The Darjeeling Limited,Film Editing,Lost,,,p001702,TRUE
2007,The Diving Bell and the Butterfly,Film Editing,Lost,,,p001705,TRUE
2007,"Lust, Caution",Foreign Film,Lost,,,p000927,TRUE
2007,The Diving Bell and the Butterfly,Foreign Film,Won,,,p001436,TRUE
2007,Into the Wild,Live-Action Feature-Length Film,Lost,,,p000953,TRUE
2007,Into the Wild,Live-Action Feature-Length Film,Lost,,,p001286,TRUE
2007,Juno,Live-Action Feature-Length Film,Lost,,,p000634,TRUE
2007,Juno,Live-Action Feature-Length Film,Lost,,,p001186,TRUE
2007,Juno,Live-Action Feature-Length Film,Lost,,,p001520,TRUE
2007,Sweeney Todd: The Demon Barber of Fleet Street,Live-Action Feature-Length Film,Lost,,,p000982,TRUE
2007,Sweeney Todd: The Demon Barber of Fleet Street,Live-Action Feature-Length Film,Lost,,,p001242,TRUE
2007,The Assassination of Jesse James by the Coward Robert Ford,Live-Action Feature-Length Film,Lost,,,p000343,TRUE
2007,The Assassination of Jesse James by the Coward Robert Ford,Live-Action Feature-Length Film,Lost,,,p000532,TRUE
2007,The Assassination of Jesse James by the Coward Robert Ford,Live-Action Feature-Length Film,Lost,,,p001456,TRUE
2007,The Assassination of Jesse James by the Coward Robert Ford,Live-Action Feature-Length Film,Lost,,,p001643,TRUE
2007,The Diving Bell and the Butterfly,Live-Action Feature-Length Film,Won,,,p000824,TRUE
2007,The Diving Bell and the Butterfly,Live-Action Feature-Length Film,Won,,,p000832,TRUE
2007,Hotel Chevalier,Live-Action Short Film,Won,,,p000035,TRUE
2007,La Vie en Rose,Make-Up & Hairstyling,Won,,,p000044,TRUE
2007,La Vie en Rose,Make-Up & Hairstyling,Won,,,p000917,TRUE
2007,Pirates of the Caribbean: At World's End,Make-Up & Hairstyling,Lost,,,p001157,TRUE
2007,Pirates of the Caribbean: At World's End,Make-Up & Hairstyling,Lost,,,p001418,TRUE
2007,Into the Wild,Original Score,Won,,,p001651,TRUE
2007,"Lust, Caution",Original Score,Lost,,,p000377,TRUE
2007,The Assassination of Jesse James by the Coward Robert Ford,Original Score,Lost,,,p000241,TRUE
2007,The Assassination of Jesse James by the Coward Robert Ford,Original Score,Lost,,,p000430,TRUE
2007,Dan in Real Life,Original Song,Lost,,To Be Surprised,p000941,TRUE
2007,Enchanted,Original Song,Lost,Music,That's How You Know,p001073,TRUE
2007,Into the Wild,Original Song,Lost,,Guaranteed,p001651,TRUE
2007,Into the Wild,Original Song,Lost,,Rise,p001651,TRUE
2007,Once,Original Song,Won,Music and Lyrics,Falling Slowly,p000654,TRUE
2007,Into the Wild,Screenplay (Adapted),Lost,,the 1996 non-fiction book of the same name written by Jon Krakauer,p001265,TRUE
2007,Sweeney Todd: The Demon Barber of Fleet Street,Screenplay (Adapted),Lost,,the stage musical of the same name by Stephen Sondheim and Hugh Wheeler,p000963,TRUE
2007,The Assassination of Jesse James by the Coward Robert Ford,Screenplay (Adapted),Lost,,Ron Hansen's 1983 novel of the same name,p000391,TRUE
2007,The Diving Bell and the Butterfly,Screenplay (Adapted),Won,,The book by Jean-Dominique Bauby,p000669,TRUE
2007,Zodiac,Screenplay (Adapted),Lost,,the nonfiction books by Robert Graysmith: Zodiac (1986) and Zodiac Unmasked (2002),p001647,TRUE
2007,Everything Will Be OK,Screenplay (Original),Lost,,,p000697,TRUE
2007,Juno,Screenplay (Original),Won,,,p000285,TRUE
2007,Michael Clayton,Screenplay (Original),Lost,,,p000560,TRUE
2007,Once,Screenplay (Original),Lost,,,p000230,TRUE
2007,The Savages,Screenplay (Original),Lost,,,p000776,TRUE
2007,Ratatouille,Sound Editing,Won,,,p001496,TRUE
2007,Ratatouille,Sound Editing,Won,,,p001608,TRUE
2007,The Bourne Ultimatum,Sound Editing,Lost,,,p000071,TRUE
2007,The Bourne Ultimatum,Sound Editing,Lost,,,p000638,TRUE
2007,Transformers,Sound Editing,Lost,,,p000729,TRUE
2007,Transformers,Sound Editing,Lost,,,p001804,TRUE
2007,No Country for Old Men,Sound Mixing,Won,,,p000123,TRUE
2007,No Country for Old Men,Sound Mixing,Won,,,p000876,TRUE
2007,No Country for Old Men,Sound Mixing,Won,,,p000947,TRUE
2007,No Country for Old Men,Sound Mixing,Won,,,p001216,TRUE
2007,The Bourne Ultimatum,Sound Mixing,Lost,,,p000507,TRUE
2007,The Bourne Ultimatum,Sound Mixing,Lost,,,p001087,TRUE
2007,The Bourne Ultimatum,Sound Mixing,Lost,,,p001240,TRUE
2008,Hunger,Actor in a Leading Role,Lost,Bobby Sands,,p000460,TRUE
2008,In Bruges,Actor in a Leading Role,Won,Ray,,p000456,TRUE
2008,Milk,Actor in a Leading Role,Lost,Harvey Milk,,p001265,TRUE
2008,The Visitor,Actor in a Leading Role,Lost,Walter Vale,,p000775,TRUE
2008,The Wrestler,Actor in a Leading Role,Lost,"Randy ""The Ram"" Robinson",,p001393,TRUE
2008,Frost/Nixon,Actor in a Supporting Role,Lost,Richard Nixon,,p000906,TRUE
2008,In Bruges,Actor in a Supporting Role,Lost,Harry,,p000474,TRUE
2008,Revolutionary Road,Actor in a Supporting Role,Lost,"John Givings, Jr.",,p001471,TRUE
2008,The Dark Knight,Actor in a Supporting Role,Won,The Joker,,p000925,TRUE
2008,The Duchess,Actor in a Supporting Role,Lost,The Duke,,p000474,TRUE
2008,Tropic Thunder,Actor in a Supporting Role,Lost,Kirk Lazarus,,p000399,TRUE
2008,Changeling,Actress in a Leading Role,Lost,Christine Collins,,p000788,TRUE
2008,Doubt,Actress in a Leading Role,Lost,Sister Aloysius Beauvier,,p001568,TRUE
2008,Frozen River,Actress in a Leading Role,Lost,Ray Eddy,,p000940,TRUE
2008,Rachel Getting Married,Actress in a Leading Role,Won,Kym Buchman,,p000671,TRUE
2008,Wendy and Lucy,Actress in a Leading Role,Lost,Wendy,,p001732,TRUE
2008,Doubt,Actress in a Supporting Role,Lost,Sister James,,p000007,TRUE
2008,Doubt,Actress in a Supporting Role,Won,Mrs. Miller,,p000356,TRUE
2008,Miss Pettigrew Lives for a Day,Actress in a Supporting Role,Lost,Delysia,,p000007,TRUE
2008,"Synecdoche, New York",Actress in a Supporting Role,Lost,Hazel,,p001132,TRUE
2008,The Reader,Actress in a Supporting Role,Lost,Hanna Schmitz,,p001743,TRUE
2008,Vicky Cristina Barcelona,Actress in a Supporting Role,Lost,María Elena,,p000330,TRUE
2008,Bolt,Animated Feature-Length Film,Lost,,,p000732,TRUE
2008,Bolt,Animated Feature-Length Film,Lost,,,p001728,TRUE
2008,Kung Fu Panda,Animated Feature-Length Film,Won,,,p001219,TRUE
2008,Kung Fu Panda,Animated Feature-Length Film,Won,,,p001552,TRUE
2008,John & Karen,Animated Short Film,Lost,,,p001673,TRUE
2008,Presto,Animated Short Film,Lost,,,p001578,TRUE
2008,Split,Animated Short Film,Won,,,p000273,TRUE
2008,The House of Tiny Cubes,Animated Short Film,Lost,,,p000813,TRUE
2008,Changeling,Cinematography,Lost,,,p001549,TRUE
2008,Doubt,Cinematography,Lost,,,p000365,TRUE
2008,Let the Right One In,Cinematography,Won,,,p001803,TRUE
2008,Slumdog Millionaire,Cinematography,Lost,,,p000388,TRUE
2008,Split,Cinematography,Lost,,,p000273,TRUE
2008,Split,Cinematography,Lost,,,p001427,TRUE
2008,Milk,Costuming,Won,,,p000567,TRUE
2008,Revolutionary Road,Costuming,Lost,,,p001748,TRUE
2008,The Duchess,Costuming,Lost,,,p001193,TRUE
2008,Doubt,Director,Lost,,,p001470,TRUE
2008,Frozen River,Director,Lost,,,p000739,TRUE
2008,Let the Right One In,Director,Lost,,,p000019,TRUE
2008,Rachel Getting Married,Director,Won,,,p000370,TRUE
2008,Slumdog Millionaire,Director,Lost,,,p000160,TRUE
2008,Encounters at the End of the World,Documentary Film,Lost,,,p000699,TRUE
2008,Encounters at the End of the World,Documentary Film,Lost,,,p000802,TRUE
2008,Man on Wire,Documentary Film,Won,,,p000262,TRUE
2008,Man on Wire,Documentary Film,Won,,,p001014,TRUE
2008,Iron Man,Effects,Lost,,,p000990,TRUE
2008,Iron Man,Effects,Lost,,,p001161,TRUE
2008,Iron Man,Effects,Lost,,,p001523,TRUE
2008,Iron Man,Effects,Lost,,,p001570,TRUE
2008,The Curious Case of Benjamin Button,Effects,Won,,,p000078,TRUE
2008,The Curious Case of Benjamin Button,Effects,Won,,,p000086,TRUE
2008,The Curious Case of Benjamin Button,Effects,Won,,,p000342,TRUE
2008,The Curious Case of Benjamin Button,Effects,Won,,,p001299,TRUE
2008,The Dark Knight,Effects,Lost,,,p000309,TRUE
2008,The Dark Knight,Effects,Lost,,,p000354,TRUE
2008,The Dark Knight,Effects,Lost,,,p000511,TRUE
2008,The Dark Knight,Effects,Lost,,,p001696,TRUE
2008,Doubt,Film Editing,Lost,,,p001618,TRUE
2008,Frost/Nixon,Film Editing,Won,,,p000651,TRUE
2008,Frost/Nixon,Film Editing,Won,,,p000708,TRUE
2008,In Bruges,Film Editing,Lost,,,p000606,TRUE
2008,Milk,Film Editing,Lost,,,p000591,TRUE
2008,Slumdog Millionaire,Film Editing,Lost,,,p000381,TRUE
2008,I've Loved You So Long,Foreign Film,Lost,,,p000277,TRUE
2008,Let the Right One In,Foreign Film,Won,,,p000019,TRUE
2008,Let the Right One In,Foreign Film,Won,,,p000948,TRUE
2008,On the Line,Foreign Film,Lost,,,p000210,TRUE
2008,Split,Foreign Film,Lost,,,p000273,TRUE
2008,Waltz with Bashir,Foreign Film,Lost,,,p000497,TRUE
2008,Doubt,Live-Action Feature-Length Film,Lost,,,p001396,TRUE
2008,Doubt,Live-Action Feature-Length Film,Lost,,,p001401,TRUE
2008,Frozen River,Live-Action Feature-Length Film,Lost,,,p000731,TRUE
2008,Frozen River,Live-Action Feature-Length Film,Lost,,,p001318,TRUE
2008,Let the Right One In,Live-Action Feature-Length Film,Won,,,p001109,TRUE
2008,Let the Right One In,Live-Action Feature-Length Film,Won,,,p001181,TRUE
2008,Rachel Getting Married,Live-Action Feature-Length Film,Lost,,,p000050,TRUE
2008,Rachel Getting Married,Live-Action Feature-Length Film,Lost,,,p001283,TRUE
2008,Slumdog Millionaire,Live-Action Feature-Length Film,Lost,,,p000298,TRUE
2008,New Boy,Live-Action Short Film,Lost,,,p000038,TRUE
2008,New Boy,Live-Action Short Film,Lost,,,p000601,TRUE
2008,On the Line,Live-Action Short Film,Won,,,p000210,TRUE
2008,The Pig,Live-Action Short Film,Lost,,,p000749,TRUE
2008,The Pig,Live-Action Short Film,Lost,,,p000989,TRUE
2008,The Curious Case of Benjamin Button,Make-Up & Hairstyling,Lost,,,p000222,TRUE
2008,The Dark Knight,Make-Up & Hairstyling,Won,,,p000211,TRUE
2008,The Dark Knight,Make-Up & Hairstyling,Won,,,p001197,TRUE
2008,Changeling,Original Score,Lost,,,p000417,TRUE
2008,Let the Right One In,Original Score,Lost,,,p001585,TRUE
2008,Revolutionary Road,Original Score,Lost,,,p001166,TRUE
2008,Speed Racer,Original Score,Lost,,,p000548,TRUE
2008,The Curious Case of Benjamin Button,Original Score,Won,,,p000377,TRUE
2008,Wall•E,Original Score,Lost,,,p001166,TRUE
2008,Bolt,Original Song,Lost,,I Thought I Lost You,p000337,TRUE
2008,Bolt,Original Song,Lost,,I Thought I Lost You,p001625,TRUE
2008,My Blueberry Nights,Original Song,Lost,,The Story,p000794,TRUE
2008,Slumdog Millionaire,Original Song,Lost,Music,Jai Ho,p001322,TRUE
2008,"Synecdoche, New York",Original Song,Won,,Little Person,p000170,TRUE
2008,The Wrestler,Original Song,Lost,,The Wrestler,p001538,TRUE
2008,Doubt,Screenplay (Adapted),Lost,,The play Doubt: A Parable by Shanley,p001470,TRUE
2008,Let the Right One In,Screenplay (Adapted),Won,,the 2004 novel of the same title by John Ajvide Lindqvist,p000948,TRUE
2008,Slumdog Millionaire,Screenplay (Adapted),Lost,,The novel Q and A by Vikas Swarup,p000094,TRUE
2008,The Dark Knight,Screenplay (Adapted),Lost,,the DC Comics superhero Batman,p001176,TRUE
2008,The Dark Knight,Screenplay (Adapted),Lost,,the DC Comics superhero Batman,p001177,TRUE
2008,Wendy and Lucy,Screenplay (Adapted),Lost,,the short story Train Choir by Raymond,p001336,TRUE
2008,Wendy and Lucy,Screenplay (Adapted),Lost,,,p001344,TRUE
2008,Frozen River,Screenplay (Original),Won,,,p000739,TRUE
2008,In Bruges,Screenplay (Original),Lost,,,p001043,TRUE
2008,Rachel Getting Married,Screenplay (Original),Lost,,,p000974,TRUE
2008,The Visitor,Screenplay (Original),Lost,,,p001037,TRUE
2008,Vicky Cristina Barcelona,Screenplay (Original),Lost,,,p000024,TRUE
2008,Iron Man,Sound Editing,Lost,,,p000158,TRUE
2008,Iron Man,Sound Editing,Lost,,,p000446,TRUE
2008,The Dark Knight,Sound Editing,Lost,,,p000843,TRUE
2008,Wanted,Sound Editing,Lost,,,p001544,TRUE
2008,Slumdog Millionaire,Sound Mixing,Lost,,,p001290,TRUE
2008,Slumdog Millionaire,Sound Mixing,Lost,,,p001305,TRUE
2008,Slumdog Millionaire,Sound Mixing,Lost,,,p001589,TRUE
2008,The Dark Knight,Sound Mixing,Lost,,,p000716,TRUE
2008,The Dark Knight,Sound Mixing,Lost,,,p001185,TRUE
2008,The Dark Knight,Sound Mixing,Lost,,,p001369,TRUE
2009,A Prophet,Actor in a Leading Role,Lost,Malik El Djebena,,p001321,TRUE
2009,A Single Man,Actor in a Leading Role,Lost,George Falconer,,p000479,TRUE
2009,Crazy Heart,Actor in a Leading Role,Lost,"Otis ""Bad"" Blake",,p000168,TRUE
2009,The Hurt Locker,Actor in a Leading Role,Lost,SFC William James,,p001348,TRUE
2009,Up in the Air,Actor in a Leading Role,Won,Ryan Bingham,,p000282,TRUE
2009,Crazy Heart,Actor in a Supporting Role,Lost,Wayne,,p000411,TRUE
2009,Fish Tank,Actor in a Supporting Role,Lost,Conor,,p000460,TRUE
2009,Inglourious Basterds,Actor in a Supporting Role,Lost,Lt. Archie Hicox,,p000460,TRUE
2009,Inglourious Basterds,Actor in a Supporting Role,Won,SS Colonel Hans Landa,,p001678,TRUE
2009,Julie & Julia,Actor in a Supporting Role,Lost,Paul Child,,p001632,TRUE
2009,The Lovely Bones,Actor in a Supporting Role,Lost,George Harvey,,p001632,TRUE
2009,The Messenger,Actor in a Supporting Role,Lost,Captain Tony Stone,,p000660,TRUE
2009,The Road,Actor in a Supporting Role,Lost,Old Man,,p000411,TRUE
2009,An Education,Actress in a Leading Role,Won,Jenny Mellor,,p001137,TRUE
2009,It's Complicated,Actress in a Leading Role,Lost,Jane Adler,,p001568,TRUE
2009,Julie & Julia,Actress in a Leading Role,Lost,Julia Child,,p001568,TRUE
2009,Séraphine,Actress in a Leading Role,Lost,"Séraphine Louis, dite Séraphine de Senlis",,p001119,TRUE
2009,The Lovely Bones,Actress in a Leading Role,Lost,Susie Salmon,,p001385,TRUE
2009,The Private Lives of Pippa Lee,Actress in a Leading Role,Lost,Pippa Lee,,p001754,TRUE
2009,A Single Man,Actress in a Supporting Role,Lost,Charley,,p001115,TRUE
2009,An Education,Actress in a Supporting Role,Lost,Helen,,p001278,TRUE
2009,Broken Embraces,Actress in a Supporting Role,Won,Judit García,,p001295,TRUE
2009,Still Walking,Actress in a Supporting Role,Lost,Toshiko Yokoyama,,p000846,TRUE
2009,Up in the Air,Actress in a Supporting Role,Lost,Natalie Keener,,p000823,TRUE
2009,Cloudy with a Chance of Meatballs,Animated Feature-Length Film,Lost,,,p001013,TRUE
2009,Coraline,Animated Feature-Length Film,Lost,,,p001461,TRUE
2009,Fantastic Mr. Fox,Animated Feature-Length Film,Lost,,,p000035,TRUE
2009,The Secret of Kells,Animated Feature-Length Film,Won,,,p001117,TRUE
2009,Up,Animated Feature-Length Film,Lost,,,p000387,TRUE
2009,Up,Animated Feature-Length Film,Lost,,,p001944,TRUE
2009,Up,Animated Feature-Length Film,Lost,,,p001037,TRUE
2009,French Roast,Animated Short Film,Won,,,p000797,TRUE
2009,The Lady and the Reaper,Animated Short Film,Lost,,,p000588,TRUE
2009,Partly Cloudy,Animated Short Film,Lost,,,p001879,TRUE
2009,Runaway,Animated Short Film,Lost,,,p001941,TRUE
2009,The Cat Piano,Animated Short Film,Lost,,,p001942,TRUE
2009,The Cat Piano,Animated Short Film,Lost,,,p001943,TRUE
2009,District 9,Art Direction,Won,,,p000760,TRUE
2009,Fantastic Mr. Fox,Art Direction,Lost,,,p000970,TRUE
2009,Inglourious Basterds,Art Direction,Lost,,,p001686,TRUE
2009,Julie & Julia,Art Direction,Lost,,,p001359,TRUE
2009,The Imaginarium of Doctor Parnassus,Art Direction,Lost,Production design,,p001021,TRUE
2009,The Imaginarium of Doctor Parnassus,Art Direction,Lost,Production design,,p001684,TRUE
2009,Bright Star,Cinematography,Lost,,,p000516,TRUE
2009,Fish Tank,Cinematography,Won,,,p001409,TRUE
2009,Inglourious Basterds,Cinematography,Lost,,,p001358,TRUE
2009,Still Walking,Cinematography,Lost,,,p001774,TRUE
2009,The Hurt Locker,Cinematography,Lost,,,p000005,TRUE
2009,Bright Star,Costuming,Lost,,,p001254,TRUE
2009,Inglourious Basterds,Costuming,Lost,,,p001480,TRUE
2009,The Imaginarium of Doctor Parnassus,Costuming,Lost,,,p001303,TRUE
2009,The Young Victoria,Costuming,Won,,,p001298,TRUE
2009,Where the Wild Things Are,Costuming,Lost,,,p001566,TRUE
2009,Avatar,Director,Lost,,,p000215,TRUE
2009,Inglourious Basterds,Director,Lost,,,p001590,TRUE
2009,Still Walking,Director,Won,,,p000713,TRUE
2009,The Hurt Locker,Director,Lost,,,p000127,TRUE
2009,Up in the Air,Director,Lost,,,p001346,TRUE
2009,"Food, Inc.",Documentary Film,Won,,,p000825,TRUE
2009,"Food, Inc.",Documentary Film,Won,,,p001259,TRUE
2009,The Cove,Documentary Film,Lost,,,p001308,TRUE
2009,The Cove,Documentary Film,Lost,,,p001550,TRUE
2009,The Beaches of Agnès,Documentary Film,Lost,,,p001940,TRUE
2009,2012,Effects,Lost,,,p000436,TRUE
2009,2012,Effects,Lost,,,p001700,TRUE
2009,Avatar,Effects,Won,,,p000077,TRUE
2009,Avatar,Effects,Won,,,p000790,TRUE
2009,Avatar,Effects,Won,,,p000942,TRUE
2009,Avatar,Effects,Won,,,p001387,TRUE
2009,District 9,Effects,Lost,,,p000016,TRUE
2009,District 9,Effects,Lost,,,p000627,TRUE
2009,District 9,Effects,Lost,,,p000815,TRUE
2009,District 9,Effects,Lost,,,p001148,TRUE
2009,An Education,Film Editing,Lost,,,p001279,TRUE
2009,Avatar,Film Editing,Lost,,,p000215,TRUE
2009,Avatar,Film Editing,Lost,,,p001367,TRUE
2009,District 9,Film Editing,Lost,,,p000275,TRUE
2009,Still Walking,Film Editing,Won,,,p000713,TRUE
2009,The Hurt Locker,Film Editing,Lost,,,p000757,TRUE
2009,The Hurt Locker,Film Editing,Lost,,,p001141,TRUE
2009,A Prophet,Foreign Film,Lost,,,p000060,TRUE
2009,Broken Embraces,Foreign Film,Lost,,,p000027,TRUE
2009,Broken Embraces,Foreign Film,Lost,,,p000531,TRUE
2009,Summer Hours,Foreign Film,Lost,,,p001935,TRUE
2009,Summer Hours,Foreign Film,Lost,,,p001936,TRUE
2009,Summer Hours,Foreign Film,Lost,,,p001937,TRUE
2009,Séraphine,Foreign Film,Lost,,,p001938,TRUE
2009,Séraphine,Foreign Film,Lost,,,p001939,TRUE
2009,Still Walking,Foreign Film,Won,,,p001931,TRUE
2009,Still Walking,Foreign Film,Won,,,p001932,TRUE
2009,Still Walking,Foreign Film,Won,,,p001933,TRUE
2009,Still Walking,Foreign Film,Won,,,p001934,TRUE
2009,Avatar,Live-Action Feature-Length Film,Lost,,,p000215,TRUE
2009,Avatar,Live-Action Feature-Length Film,Lost,,,p000896,TRUE
2009,Inglourious Basterds,Live-Action Feature-Length Film,Lost,,,p000114,TRUE
2009,The Hurt Locker,Live-Action Feature-Length Film,Lost,,,p000127,TRUE
2009,The Hurt Locker,Live-Action Feature-Length Film,Lost,,,p000147,TRUE
2009,The Hurt Locker,Live-Action Feature-Length Film,Lost,,,p000250,TRUE
2009,The Hurt Locker,Live-Action Feature-Length Film,Lost,,,p001472,TRUE
2009,The Messenger,Live-Action Feature-Length Film,Lost,,,p000584,TRUE
2009,The Messenger,Live-Action Feature-Length Film,Lost,,,p000755,TRUE
2009,The Messenger,Live-Action Feature-Length Film,Lost,,,p001095,TRUE
2009,Still Walking,Live-Action Feature-Length Film,Won,,,p001931,TRUE
2009,Still Walking,Live-Action Feature-Length Film,Won,,,p001932,TRUE
2009,Still Walking,Live-Action Feature-Length Film,Won,,,p001933,TRUE
2009,Still Walking,Live-Action Feature-Length Film,Won,,,p001934,TRUE
2009,New Boy,Live-Action Short Film,Lost,,,p000038,TRUE
2009,New Boy,Live-Action Short Film,Lost,,,p000601,TRUE
2009,On the Line,Live-Action Short Film,Lost,,,p000210,TRUE
2009,The Pig,Live-Action Short Film,Lost,,,p000749,TRUE
2009,The Pig,Live-Action Short Film,Lost,,,p000989,TRUE
2009,A Serious Man,Make-Up & Hairstyling,Lost,,,p000042,TRUE
2009,A Serious Man,Make-Up & Hairstyling,Lost,,,p000132,TRUE
2009,A Single Man,Make-Up & Hairstyling,Lost,,,p000131,TRUE
2009,A Single Man,Make-Up & Hairstyling,Lost,,,p000312,TRUE
2009,District 9,Make-Up & Hairstyling,Won,,,p000407,TRUE
2009,District 9,Make-Up & Hairstyling,Won,,,p001397,TRUE
2009,District 9,Make-Up & Hairstyling,Won,,,p001807,TRUE
2009,Star Trek,Make-Up & Hairstyling,Lost,,,p000191,TRUE
2009,Star Trek,Make-Up & Hairstyling,Lost,,,p000636,TRUE
2009,Star Trek,Make-Up & Hairstyling,Lost,,,p000658,TRUE
2009,The Imaginarium of Doctor Parnassus,Make-Up & Hairstyling,Lost,,,p001112,TRUE
2009,A Single Man,Original Score,Won,,,p000861,TRUE
2009,Séraphine,Original Score,Lost,,,p000528,TRUE
2009,The Informant!,Original Score,Lost,,,p000643,TRUE
2009,Up,Original Score,Lost,,,p000548,TRUE
2009,Up in the Air,Original Score,Lost,,,p000826,TRUE
2009,An Education,Original Song,Lost,,You've Got Me Wrapped around Your Little Finger,p000239,TRUE
2009,An Education,Original Song,Lost,,You've Got Me Wrapped around Your Little Finger,p001395,TRUE
2009,Coraline,Original Song,Lost,,Sirens of the Sea,p000320,TRUE
2009,Coraline,Original Song,Lost,,Sirens of the Sea,p001009,TRUE
2009,Coraline,Original Song,Lost,,Sirens of the Sea,p001226,TRUE
2009,Crazy Heart,Original Song,Lost,Music and Lyrics,The Weary Kind (Theme from 'Crazy Heart'),p000128,TRUE
2009,Crazy Heart,Original Song,Lost,Music and Lyrics,The Weary Kind (Theme from 'Crazy Heart'),p000193,TRUE
2009,Up in the Air,Original Song,Lost,,Up in the Air,p001347,TRUE
2009,Where the Wild Things Are,Original Song,Won,,Hideaway,p000810,TRUE
2009,Crazy Heart,Screenplay (Adapted),Lost,,the 1987 novel of the same name by Thomas Cobb,p000307,TRUE
2009,District 9,Screenplay (Adapted),Lost,,The short film Alive in Joburg written by Blomkamp,p000141,TRUE
2009,District 9,Screenplay (Adapted),Lost,,The short film Alive in Joburg written by Blomkamp,p001593,TRUE
2009,Fantastic Mr. Fox,Screenplay (Adapted),Lost,,the novel of the same name by Roald Dahl,p000035,TRUE
2009,Fantastic Mr. Fox,Screenplay (Adapted),Lost,,the novel of the same name by Roald Dahl,p000090,TRUE
2009,In the Loop,Screenplay (Adapted),Lost,,"The character Malcolm Tucker, from the television series The Thick of It by Iannucci",p000051,TRUE
2009,In the Loop,Screenplay (Adapted),Lost,,"The character Malcolm Tucker, from the television series The Thick of It by Iannucci",p000133,TRUE
2009,In the Loop,Screenplay (Adapted),Lost,,"The character Malcolm Tucker, from the television series The Thick of It by Iannucci",p000751,TRUE
2009,In the Loop,Screenplay (Adapted),Lost,,"The character Malcolm Tucker, from the television series The Thick of It by Iannucci",p001373,TRUE
2009,Up in the Air,Screenplay (Adapted),Won,,The novel by Walter Kirn,p001346,TRUE
2009,Broken Embraces,Screenplay (Original),Lost,,,p000028,TRUE
2009,Inglourious Basterds,Screenplay (Original),Won,,,p001590,TRUE
2009,Still Walking,Screenplay (Original),Lost,,,p000713,TRUE
2009,Summer Hours,Screenplay (Original),Lost,,,p000058,TRUE
2009,The Hurt Locker,Screenplay (Original),Lost,,,p000147,TRUE
2009,Avatar,Sound Editing,Won,,,p000158,TRUE
2009,Avatar,Sound Editing,Won,,,p001763,TRUE
2009,Cloudy with a Chance of Meatballs,Sound Editing,Lost,,,p000542,TRUE
2009,Cloudy with a Chance of Meatballs,Sound Editing,Lost,,,p001398,TRUE
2009,District 9,Sound Editing,Lost,,,p000187,TRUE
2009,District 9,Sound Editing,Lost,,,p001679,TRUE
2009,The Hurt Locker,Sound Editing,Lost,,,p001223,TRUE
2009,Up,Sound Editing,Lost,,,p001149,TRUE
2009,Up,Sound Editing,Lost,,,p001496,TRUE
2009,Avatar,Sound Mixing,Lost,,,p000158,TRUE
2009,Avatar,Sound Mixing,Lost,,,p000785,TRUE
2009,Avatar,Sound Mixing,Lost,,,p001160,TRUE
2009,Avatar,Sound Mixing,Lost,,,p001573,TRUE
2009,Crazy Heart,Sound Mixing,Lost,,,p000082,TRUE
2009,Crazy Heart,Sound Mixing,Lost,,,p000104,TRUE
2009,Crazy Heart,Sound Mixing,Lost,,,p001689,TRUE
2009,District 9,Sound Mixing,Lost,,,p000679,TRUE
2009,District 9,Sound Mixing,Lost,,,p000888,TRUE
2009,The Hurt Locker,Sound Mixing,Won,,,p000103,TRUE
2009,The Hurt Locker,Sound Mixing,Won,,,p001223,TRUE
2009,Where the Wild Things Are,Sound Mixing,Lost,,,p000852,TRUE
2010,127 Hours,Actor in a Leading Role,Lost,Aron Ralston,,p000509,TRUE
2010,Carlos,Actor in a Leading Role,Lost,Ilich Ramírez Sánchez 'Carlos',,p001330,TRUE
2010,Howl,Actor in a Leading Role,Lost,Allen Ginsberg,,p000509,TRUE
2010,The King's Speech,Actor in a Leading Role,Lost,Lionel Logue,,p001404,TRUE
2010,The Social Network,Actor in a Leading Role,Lost,Mark Zuckerberg,,p000421,TRUE
2010,True Grit,Actor in a Leading Role,Lost,"Reuben ""Rooster"" Cogburn",,p000168,TRUE
2010,Inception,Actor in a Supporting Role,Lost,Eames,,p000657,TRUE
2010,The Extra Man,Actor in a Supporting Role,Lost,Henry Harrison,,p000851,TRUE
2010,The Fighter,Actor in a Supporting Role,Lost,Dicky Eklund,,p000073,TRUE
2010,The Social Network,Actor in a Supporting Role,Won,Eduardo Saverin,,p000533,TRUE
2010,The Town,Actor in a Supporting Role,Lost,"James ""Jem"" Coughlin",,p001348,TRUE
2010,Black Swan,Actress in a Leading Role,Won,Nina Sayers,,p001296,TRUE
2010,Blue Valentine,Actress in a Leading Role,Lost,Cindy Heller,,p001732,TRUE
2010,Mother,Actress in a Leading Role,Lost,Mother,,p000834,TRUE
2010,Rabbit Hole,Actress in a Leading Role,Lost,Becca Corbett,,p000829,TRUE
2010,The Kids Are All Right,Actress in a Leading Role,Lost,Nicole Allgood,,p000116,TRUE
2010,Animal Kingdom,Actress in a Supporting Role,Lost,"Janine ""Smurf"" Cody",,p001694,TRUE
2010,Another Year,Actress in a Supporting Role,Lost,Mary,,p001003,TRUE
2010,Black Swan,Actress in a Supporting Role,Won,"Erica Sayers, The Queen",,p000696,TRUE
2010,Rabbit Hole,Actress in a Supporting Role,Lost,Gabby,,p001205,TRUE
2010,The King's Speech,Actress in a Supporting Role,Lost,Queen Elizabeth,,p000152,TRUE
2010,The Illusionist,Animated Feature-Length Film,Lost,,,p000266,TRUE
2010,Toy Story 3,Animated Feature-Length Film,Won,,,p001641,TRUE
2010,Day and Night,Animated Short Film,Lost,,,p001168,TRUE
2010,The Gruffalo,Animated Short Film,Won,,,p000902,TRUE
2010,The Gruffalo,Animated Short Film,Won,,,p001446,TRUE
2010,Black Swan,Art Direction,Lost,,,p001271,TRUE
2010,Black Swan,Art Direction,Won,,,p001545,TRUE
2010,Inception,Art Direction,Lost,Set decoration,,p000380,TRUE
2010,Inception,Art Direction,Lost,Production design,,p000413,TRUE
2010,Inception,Art Direction,Won,Set decoration,,p001135,TRUE
2010,The King's Speech,Art Direction,Lost,Set decoration,,p000454,TRUE
2010,The King's Speech,Art Direction,Lost,Production design,,p001554,TRUE
2010,The Social Network,Art Direction,Won,,,p000106,TRUE
2010,The Social Network,Art Direction,Won,,,p000194,TRUE
2010,The Social Network,Art Direction,Won,,,p000335,TRUE
2010,The Social Network,Art Direction,Won,,,p001783,TRUE
2010,Animal Kingdom,Cinematography,Lost,,,p000049,TRUE
2010,Black Swan,Cinematography,Won,,,p000946,TRUE
2010,Blue Valentine,Cinematography,Lost,,,p001233,TRUE
2010,Rabbit Hole,Cinematography,Lost,,,p000363,TRUE
2010,True Grit,Cinematography,Lost,,,p000365,TRUE
2010,Alice in Wonderland,Costuming,Lost,,,p000059,TRUE
2010,Black Swan,Costuming,Won,,,p001710,TRUE
2010,Carlos,Costuming,Lost,,,p000278,TRUE
2010,I Am Love,Costuming,Lost,,,p000220,TRUE
2010,Inception,Costuming,Lost,,,p000875,TRUE
2010,Animal Kingdom,Director,Lost,,,p001083,TRUE
2010,Black Swan,Director,Won,,,p000053,TRUE
2010,Carlos,Director,Lost,,,p000058,TRUE
2010,Rabbit Hole,Director,Lost,,,p001104,TRUE
2010,The Social Network,Director,Lost,,,p000476,TRUE
2010,Gasland,Documentary Film,Lost,,,p000009,TRUE
2010,Gasland,Documentary Film,Lost,,,p000505,TRUE
2010,Black Swan,Effects,Won,,,p001441,TRUE
2010,Inception,Effects,Lost,,,p000096,TRUE
2010,Inception,Effects,Lost,,,p000511,TRUE
2010,Scott Pilgrim vs. The World,Effects,Lost,,,p000065,TRUE
2010,Scott Pilgrim vs. The World,Effects,Lost,,,p000270,TRUE
2010,Animal Kingdom,Film Editing,Lost,,,p000395,TRUE
2010,Black Swan,Film Editing,Won,,,p001702,TRUE
2010,Exit through the Gift Shop,Film Editing,Lost,,,p000525,TRUE
2010,Exit through the Gift Shop,Film Editing,Lost,,,p000839,TRUE
2010,Inception,Film Editing,Lost,,,p001518,TRUE
2010,Toy Story 3,Film Editing,Lost,,,p001442,TRUE
2010,Toy Story 3,Film Editing,Lost,,,p001641,TRUE
2010,Dogtooth,Foreign Film,Lost,,,p000909,TRUE
2010,Animal Kingdom,Live-Action Feature-Length Film,Lost,,,p001692,TRUE
2010,Black Swan,Live-Action Feature-Length Film,Won,,,p000512,TRUE
2010,Black Swan,Live-Action Feature-Length Film,Won,,,p001065,TRUE
2010,Black Swan,Live-Action Feature-Length Film,Won,,,p001210,TRUE
2010,The Social Network,Live-Action Feature-Length Film,Lost,,,p000177,TRUE
2010,The Social Network,Live-Action Feature-Length Film,Lost,,,p000244,TRUE
2010,The Social Network,Live-Action Feature-Length Film,Lost,,,p000360,TRUE
2010,The Social Network,Live-Action Feature-Length Film,Lost,,,p001401,TRUE
2010,Alice in Wonderland,Make-Up & Hairstyling,Lost,,,p000074,TRUE
2010,Alice in Wonderland,Make-Up & Hairstyling,Lost,,,p001196,TRUE
2010,Black Swan,Make-Up & Hairstyling,Won,,,p000261,TRUE
2010,Black Swan,Make-Up & Hairstyling,Won,,,p000409,TRUE
2010,Black Swan,Make-Up & Hairstyling,Won,,,p001478,TRUE
2010,The Wolfman,Make-Up & Hairstyling,Lost,,,p000069,TRUE
2010,The Wolfman,Make-Up & Hairstyling,Lost,,,p000432,TRUE
2010,Black Swan,Original Score,Won,,,p001002,TRUE
2010,Inception,Original Score,Lost,,,p001781,TRUE
2010,Mother/Murder,Original Score,Lost,,,p000928,TRUE
2010,The Ghost Writer,Original Score,Lost,,,p000377,TRUE
2010,The Social Network,Original Score,Lost,,,p001351,TRUE
2010,The Social Network,Original Score,Lost,,,p001388,TRUE
2010,Scott Pilgrim vs. The World,Original Song,Lost,,Threshold,p000099,TRUE
2010,Tangled,Original Song,Lost,Music,I See the Light,p001073,TRUE
2010,Tangled,Original Song,Lost,Lyrics,I See the Light,p001513,TRUE
2010,Tangled,Original Song,Won,Music,Mother Knows Best,p001073,TRUE
2010,Tangled,Original Song,Won,Lyrics,Mother Knows Best,p001513,TRUE
2010,Black Swan,Screenplay (Adapted),Lost,,a story by Heinz,p000682,TRUE
2010,Black Swan,Screenplay (Adapted),Lost,,a story by Heinz,p000703,TRUE
2010,Black Swan,Screenplay (Adapted),Lost,,a story by Heinz,p001054,TRUE
2010,Howl,Screenplay (Adapted),Lost,,the poem of the same title by Allen Ginsberg,p000441,TRUE
2010,Howl,Screenplay (Adapted),Lost,,the poem of the same title by Allen Ginsberg,p000520,TRUE
2010,The Ghost Writer,Screenplay (Adapted),Lost,,the 2007 novel The Ghost by Robert Harris,p000663,TRUE
2010,The Ghost Writer,Screenplay (Adapted),Lost,,the 2007 novel The Ghost by Robert Harris,p001288,TRUE
2010,The Social Network,Screenplay (Adapted),Won,,The book The Accidental Billionaires by Ben Mezrich,p001529,TRUE
2010,True Grit,Screenplay (Adapted),Lost,,The novel by Charles Portis,p000286,TRUE
2010,True Grit,Screenplay (Adapted),Lost,,The novel by Charles Portis,p000287,TRUE
2010,Carlos,Screenplay (Original),Lost,,,p000058,TRUE
2010,Carlos,Screenplay (Original),Lost,,,p000508,TRUE
2010,Mother/Murder,Screenplay (Original),Lost,,,p000151,TRUE
2010,Mother/Murder,Screenplay (Original),Lost,,,p001237,TRUE
2010,Mother/Murder,Screenplay (Original),Lost,,,p001238,TRUE
2010,Rabbit Hole,Screenplay (Original),Lost,,,p000949,TRUE
2010,The Kids Are All Right,Screenplay (Original),Lost,,,p000145,TRUE
2010,The Kids Are All Right,Screenplay (Original),Lost,,,p000265,TRUE
2010,Toy Story 3,Screenplay (Original),Won,,,p000052,TRUE
2010,Toy Story 3,Screenplay (Original),Won,,,p000913,TRUE
2010,Toy Story 3,Screenplay (Original),Won,,,p001543,TRUE
2010,Toy Story 3,Screenplay (Original),Won,,,p001641,TRUE
2010,Inception,Sound Editing,Won,,,p000843,TRUE
2010,Scott Pilgrim vs. The World,Sound Editing,Lost,,,p000664,TRUE
2010,Scott Pilgrim vs. The World,Sound Editing,Lost,,,p001066,TRUE
2010,Scott Pilgrim vs. The World,Sound Editing,Lost,,,p001514,TRUE
2010,The Social Network,Sound Editing,Lost,,,p000852,TRUE
2010,The Social Network,Sound Editing,Lost,,,p001200,TRUE
2010,Toy Story 3,Sound Editing,Lost,,,p001149,TRUE
2010,Toy Story 3,Sound Editing,Lost,,,p001496,TRUE
2010,True Grit,Sound Editing,Lost,,,p000947,TRUE
2010,Black Swan,Sound Mixing,Lost,,,p000691,TRUE
2010,Black Swan,Sound Mixing,Lost,,,p001595,TRUE
2010,Inception,Sound Mixing,Lost,,,p001368,TRUE
2010,The Social Network,Sound Mixing,Won,,,p001240,TRUE
2010,The Social Network,Sound Mixing,Won,,,p001463,TRUE
2010,True Grit,Sound Mixing,Lost,,,p000123,TRUE
2010,True Grit,Sound Mixing,Lost,,,p000947,TRUE
2010,True Grit,Sound Mixing,Lost,,,p001216,TRUE
2011,A Better Life,Actor in a Leading Role,Lost,Carlos Galindo,,p000125,TRUE
2011,A Dangerous Method,Actor in a Leading Role,Won,Carl Jung,,p000460,TRUE
2011,Shame,Actor in a Leading Role,Won,Brandon,,p000460,TRUE
2011,The Artist,Actor in a Leading Role,Lost,George Valentin,,p000405,TRUE
2011,The Ides of March,Actor in a Leading Role,Lost,Stephen Meyers,,p000586,TRUE
2011,The Tree of Life,Actor in a Leading Role,Lost,Young Jack,,p001041,TRUE
2011,Midnight in Paris,Actor in a Supporting Role,Lost,Ernest Hemingway,,p001562,TRUE
2011,The Ides of March,Actor in a Supporting Role,Lost,Tom Duffy,,p000549,TRUE
2011,Warrior,Actor in a Supporting Role,Lost,Frank Campana,,p000610,TRUE
2011,Warrior,Actor in a Supporting Role,Lost,Paddy Conlon,,p001178,TRUE
2011,Weekend,Actor in a Supporting Role,Won,Glen,,p001163,TRUE
2011,Albert Nobbs,Actress in a Leading Role,Lost,Albert Nobbs,,p000283,TRUE
2011,Carnage,Actress in a Leading Role,Lost,Penelope Longstreet,,p000501,TRUE
2011,Martha Marcy May Marlene,Actress in a Leading Role,Lost,Martha,,p001212,TRUE
2011,Melancholia,Actress in a Leading Role,Won,Justine,,p000408,TRUE
2011,We Need to Talk about Kevin,Actress in a Leading Role,Lost,Eva Khatchadourian,,p001581,TRUE
2011,50/50,Actress in a Supporting Role,Lost,Diane,,p000746,TRUE
2011,Albert Nobbs,Actress in a Supporting Role,Lost,Hubert Page,,p001062,TRUE
2011,My Week with Marilyn,Actress in a Supporting Role,Lost,Marilyn Monroe,,p001732,TRUE
2011,Take Shelter,Actress in a Supporting Role,Won,Samantha,,p000252,TRUE
2011,The Artist,Actress in a Supporting Role,Lost,Peppy Miller,,p000110,TRUE
2011,The Help,Actress in a Supporting Role,Won,Celia Foote,,p000252,TRUE
2011,Rango,Animated Feature-Length Film,Won,,,p001652,TRUE
2011,Albert Nobbs,Art Direction,Lost,,,p000333,TRUE
2011,Albert Nobbs,Art Direction,Lost,,,p001213,TRUE
2011,Albert Nobbs,Art Direction,Lost,,,p001806,TRUE
2011,Hugo,Art Direction,Won,Production design,,p000469,TRUE
2011,Hugo,Art Direction,Won,Set decoration,,p000958,TRUE
2011,Moneyball,Art Direction,Lost,,,p000578,TRUE
2011,Moneyball,Art Direction,Lost,,,p000630,TRUE
2011,The Help,Art Direction,Lost,,,p000106,TRUE
2011,The Help,Art Direction,Lost,,,p001359,TRUE
2011,The Help,Art Direction,Lost,,,p001788,TRUE
2011,Tinker Tailor Soldier Spy,Art Direction,Lost,,,p000386,TRUE
2011,A Better Life,Cinematography,Lost,,,p000011,TRUE
2011,Melancholia,Cinematography,Won,,,p000276,TRUE
2011,The Tree of Life,Cinematography,Lost,,,p000971,TRUE
2011,Tinker Tailor Soldier Spy,Cinematography,Lost,,,p001803,TRUE
2011,Albert Nobbs,Costuming,Lost,,,p000541,TRUE
2011,Anonymous,Costuming,Lost,,,p000268,TRUE
2011,Midnight in Paris,Costuming,Lost,,,p000593,TRUE
2011,The Artist,Costuming,Lost,,,p000169,TRUE
2011,Trophy Wife,Costuming,Won,,,p000254,TRUE
2011,Melancholia,Director,Lost,,,p001808,TRUE
2011,Midnight in Paris,Director,Lost,,,p000024,TRUE
2011,Warrior,Director,Won,,,p001191,TRUE
2011,We Need to Talk about Kevin,Director,Lost,,,p001328,TRUE
2011,Weekend,Director,Lost,,,p000629,TRUE
2011,Being Elmo: A Puppeteer's Journey,Documentary Film,Lost,,,p000884,TRUE
2011,Being Elmo: A Puppeteer's Journey,Documentary Film,Lost,,,p001091,TRUE
2011,Hot Coffee,Documentary Film,Won,,,p000738,TRUE
2011,Hot Coffee,Documentary Film,Won,,,p001224,TRUE
2011,Captain America: The First Avenger,Effects,Lost,,,p001623,TRUE
2011,Harry Potter and the Deathly Hallows: Part 2,Effects,Lost,,,p000189,TRUE
2011,Harry Potter and the Deathly Hallows: Part 2,Effects,Lost,,,p000204,TRUE
2011,Harry Potter and the Deathly Hallows: Part 2,Effects,Lost,,,p001357,TRUE
2011,Harry Potter and the Deathly Hallows: Part 2,Effects,Lost,,,p001657,TRUE
2011,Rise of the Planet of the Apes,Effects,Lost,,,p000937,TRUE
2011,Rise of the Planet of the Apes,Effects,Lost,,,p000942,TRUE
2011,Rise of the Planet of the Apes,Effects,Lost,,,p001719,TRUE
2011,The Tree of Life,Effects,Won,,,p000563,TRUE
2011,X-Men: First Class,Effects,Lost,,,p001577,TRUE
2011,X-Men: First Class,Effects,Lost,,,p001730,TRUE
2011,Another Earth,Film Editing,Won,,,p000212,TRUE
2011,The Artist,Film Editing,Lost,,,p000675,TRUE
2011,The Ides of March,Film Editing,Lost,,,p001102,TRUE
2011,War Horse,Film Editing,Lost,,,p000801,TRUE
2011,Young Adult,Film Editing,Lost,,,p000564,TRUE
2011,A Separation,Foreign Film,Lost,,,p000451,TRUE
2011,Melancholia,Live-Action Feature-Length Film,Lost,,,p000496,TRUE
2011,Melancholia,Live-Action Feature-Length Film,Lost,,,p001656,TRUE
2011,The Artist,Live-Action Feature-Length Film,Lost,,,p000908,TRUE
2011,The Tree of Life,Live-Action Feature-Length Film,Lost,,,p000532,TRUE
2011,The Tree of Life,Live-Action Feature-Length Film,Lost,,,p000600,TRUE
2011,The Tree of Life,Live-Action Feature-Length Film,Lost,,,p000705,TRUE
2011,The Tree of Life,Live-Action Feature-Length Film,Lost,,,p001286,TRUE
2011,Warrior,Live-Action Feature-Length Film,Lost,,,p001192,TRUE
2011,Weekend,Live-Action Feature-Length Film,Won,,,p000575,TRUE
2011,Anonymous,Make-Up & Hairstyling,Lost,,,p001075,TRUE
2011,Anonymous,Make-Up & Hairstyling,Lost,,,p001343,TRUE
2011,Jane Eyre,Make-Up & Hairstyling,Lost,,,p001274,TRUE
2011,My Week with Marilyn,Make-Up & Hairstyling,Won,,,p001484,TRUE
2011,The Artist,Make-Up & Hairstyling,Lost,,,p000389,TRUE
2011,The Artist,Make-Up & Hairstyling,Lost,,,p000701,TRUE
2011,The Iron Lady,Make-Up & Hairstyling,Lost,,,p000321,TRUE
2011,The Iron Lady,Make-Up & Hairstyling,Lost,,,p000684,TRUE
2011,A Better Life,Original Score,Lost,,,p000377,TRUE
2011,A Dangerous Method,Original Score,Lost,,,p001487,TRUE
2011,Carnage,Original Score,Lost,,,p000377,TRUE
2011,Extremely Loud and Incredibly Close,Original Score,Lost,,,p000377,TRUE
2011,The Adventures of Tintin,Original Score,Won,,,p001731,TRUE
2011,The Artist,Original Score,Lost,,,p000155,TRUE
2011,The Ides of March,Original Score,Lost,,,p000377,TRUE
2011,Tinker Tailor Soldier Spy,Original Score,Lost,,,p000753,TRUE
2011,War Horse,Original Score,Won,,,p001731,TRUE
2011,Hugo,Original Song,Won,,Coeur Volant,p001487,TRUE
2011,The Muppets,Original Song,Lost,Music and Lyrics,Life's a Happy Song,p001051,TRUE
2011,Win Win,Original Song,Lost,,Think You Can Wait,p001606,TRUE
2011,Jane Eyre,Screenplay (Adapted),Lost,,Charlotte Brontë's 1847 novel of the same name,p000183,TRUE
2011,The Ides of March,Screenplay (Adapted),Lost,,The play Farragut North by Willimon,p000282,TRUE
2011,The Ides of March,Screenplay (Adapted),Lost,,The play Farragut North by Willimon,p000700,TRUE
2011,The Ides of March,Screenplay (Adapted),Lost,,The play Farragut North by Willimon,p001734,TRUE
2011,Tinker Tailor Soldier Spy,Screenplay (Adapted),Lost,,The novel by John le Carré,p001190,TRUE
2011,Tinker Tailor Soldier Spy,Screenplay (Adapted),Lost,,The novel by John le Carré,p001567,TRUE
2011,X-Men: First Class,Screenplay (Adapted),Lost,,the X-Men characters appearing in Marvel Comics,p000574,TRUE
2011,X-Men: First Class,Screenplay (Adapted),Lost,,the X-Men characters appearing in Marvel Comics,p001088,TRUE
2011,X-Men: First Class,Screenplay (Adapted),Lost,,the X-Men characters appearing in Marvel Comics,p001548,TRUE
2011,X-Men: First Class,Screenplay (Adapted),Lost,,the X-Men characters appearing in Marvel Comics,p001650,TRUE
2011,Young Adult,Screenplay (Adapted),Won,,the German fairy tale Snow White by the Brothers Grimm,p000285,TRUE
2011,A Better Life,Screenplay (Original),Lost,,,p000416,TRUE
2011,A Better Life,Screenplay (Original),Lost,,,p001499,TRUE
2011,Margin Call,Screenplay (Original),Lost,,,p000246,TRUE
2011,Midnight in Paris,Screenplay (Original),Won,,,p000024,TRUE
2011,The Artist,Screenplay (Original),Lost,,,p000675,TRUE
2011,Weekend,Screenplay (Original),Won,,,p000629,TRUE
2011,Hugo,Sound Editing,Won,,,p001559,TRUE
2011,The Gift with the Dragon Tattoo,Sound Editing,Lost,,,p000852,TRUE
2011,War Horse,Sound Editing,Lost,,,p000747,TRUE
2011,X-Men: First Class,Sound Editing,Lost,,,p000123,TRUE
2011,Melancholia,Sound Mixing,Won,,,p001361,TRUE
2011,Shame,Sound Mixing,Lost,,,p000008,TRUE
2011,Shame,Sound Mixing,Lost,,,p000318,TRUE
2011,The Girl with the Dragon Tattoo,Sound Mixing,Lost,,,p000852,TRUE
2011,The Girl with the Dragon Tattoo,Sound Mixing,Lost,,,p001240,TRUE
2011,The Girl with the Dragon Tattoo,Sound Mixing,Lost,,,p001463,TRUE
2011,The Tree of Life,Sound Mixing,Lost,,,p000123,TRUE
2011,The Tree of Life,Sound Mixing,Lost,,,p001263,TRUE
2011,The Tree of Life,Sound Mixing,Lost,,,p001433,TRUE
2012,Django Unchained,Actor in a Leading Role,Lost,Dr. King Schultz,,p001678,TRUE
2012,Holy Motors,Actor in a Leading Role,Lost,La Mendiante,,p000916,TRUE
2012,Lincoln,Actor in a Leading Role,Won,Abraham Lincoln,,p000358,TRUE
2012,Silver Linings Playbook,Actor in a Leading Role,Lost,"Patrizio ""Pat"" Solitano, Jr.",,p000305,TRUE
2012,The Master,Actor in a Leading Role,Lost,Freddie Quell,,p001276,TRUE
2012,Django Unchained,Actor in a Supporting Role,Lost,Stephen,,p000765,TRUE
2012,Les Misérables,Actor in a Supporting Role,Lost,Marius,,p001338,TRUE
2012,Silver Linings Playbook,Actor in a Supporting Role,Won,Pat Sr.,,p001794,TRUE
2012,The Master,Actor in a Supporting Role,Lost,Lancaster Dodd,,p000720,TRUE
2012,Zero Dark Thirty,Actor in a Supporting Role,Lost,Dan,,p000274,TRUE
2012,Compliance,Actress in a Leading Role,Lost,Sandra,,p000397,TRUE
2012,Hope Springs,Actress in a Leading Role,Lost,Kay,,p001568,TRUE
2012,Silver Linings Playbook,Actress in a Leading Role,Lost,Tiffany Maxwell,,p000921,TRUE
2012,The Deep Blue Sea,Actress in a Leading Role,Lost,Hester Collyer,,p001703,TRUE
2012,Zero Dark Thirty,Actress in a Leading Role,Won,Maya,,p000252,TRUE
2012,Les Misérables,Actress in a Supporting Role,Lost,Young Cosette,,p000021,TRUE
2012,Lincoln,Actress in a Supporting Role,Won,Mary Todd Lincoln,,p000472,TRUE
2012,The Best Exotic Marigold Hotel,Actress in a Supporting Role,Lost,Muriel Donnelly,,p001519,TRUE
2012,The Dark Knight Rises,Actress in a Supporting Role,Lost,Selina,,p000671,TRUE
2012,The Sessions,Actress in a Supporting Role,Lost,Cheryl Cohen-Greene,,p000740,TRUE
2012,Brave,Animated Feature-Length Film,Lost,,,p000037,TRUE
2012,Brave,Animated Feature-Length Film,Lost,,,p000248,TRUE
2012,ParaNorman,Animated Feature-Length Film,Lost,,,p000203,TRUE
2012,ParaNorman,Animated Feature-Length Film,Lost,,,p000463,TRUE
2012,The Lorax,Animated Feature-Length Film,Won,,,p000676,TRUE
2012,Anna Karenina,Art Direction,Lost,Production design,,p000605,TRUE
2012,Anna Karenina,Art Direction,Lost,Set decoration,,p001534,TRUE
2012,Life of Pi,Art Direction,Lost,Production design,,p000612,TRUE
2012,Life of Pi,Art Direction,Lost,Set decoration,,p001280,TRUE
2012,Lincoln,Art Direction,Won,Production design,,p000231,TRUE
2012,Lincoln,Art Direction,Won,Set decoration,,p000442,TRUE
2012,Prometheus,Art Direction,Lost,,,p001027,TRUE
2012,The Master,Art Direction,Lost,,,p000323,TRUE
2012,The Master,Art Direction,Lost,,,p000486,TRUE
2012,Moonrise Kingdom,Cinematography,Lost,,,p001765,TRUE
2012,On the Road,Cinematography,Lost,,,p000539,TRUE
2012,The Master,Cinematography,Lost,,,p000994,TRUE
2012,Zero Dark Thirty,Cinematography,Lost,,,p000516,TRUE
2012,Anna Karenina,Costuming,Won,,,p000410,TRUE
2012,Django Unchained,Costuming,Lost,,,p000355,TRUE
2012,Les Misérables,Costuming,Lost,,,p000369,TRUE
2012,Lincoln,Costuming,Lost,,,p000786,TRUE
2012,The Master,Costuming,Lost,,,p000181,TRUE
2012,The Master,Costuming,Lost,,,p001022,TRUE
2012,The Master,Costuming,Lost,,,p001598,TRUE
2012,Life of Pi,Director,Lost,,,p000927,TRUE
2012,Lincoln,Director,Lost,,,p001536,TRUE
2012,Silver Linings Playbook,Director,Lost,,,p001405,TRUE
2012,The Master,Director,Won,,,p000034,TRUE
2012,Zero Dark Thirty,Director,Lost,,,p000127,TRUE
2012,The Queen of Versailles,Documentary Film,Lost,,,p000109,TRUE
2012,Life of Pi,Effects,Won,,,p000428,TRUE
2012,Life of Pi,Effects,Won,,,p001374,TRUE
2012,Life of Pi,Effects,Won,,,p001712,TRUE
2012,Life of Pi,Effects,Won,,,p001790,TRUE
2012,Marvel's 'The Avengers',Effects,Lost,,,p001508,TRUE
2012,Marvel's 'The Avengers',Effects,Lost,,,p001570,TRUE
2012,Marvel's 'The Avengers',Effects,Lost,,,p001717,TRUE
2012,Marvel's 'The Avengers',Effects,Lost,,,p001730,TRUE
2012,Prometheus,Effects,Lost,,,p000692,TRUE
2012,Prometheus,Effects,Lost,,,p000707,TRUE
2012,Prometheus,Effects,Lost,,,p001542,TRUE
2012,Prometheus,Effects,Lost,,,p001750,TRUE
2012,The Hobbit: An Unexpected Journey,Effects,Lost,,,p000280,TRUE
2012,The Hobbit: An Unexpected Journey,Effects,Lost,,,p000942,TRUE
2012,The Hobbit: An Unexpected Journey,Effects,Lost,,,p001415,TRUE
2012,The Hobbit: An Unexpected Journey,Effects,Lost,,,p001719,TRUE
2012,Life of Pi,Film Editing,Lost,,,p001539,TRUE
2012,Lincoln,Film Editing,Lost,,,p000801,TRUE
2012,On the Road,Film Editing,Lost,,,p000623,TRUE
2012,The Master,Film Editing,Won,,,p000793,TRUE
2012,The Master,Film Editing,Won,,,p001060,TRUE
2012,Zero Dark Thirty,Film Editing,Lost,,,p000571,TRUE
2012,Zero Dark Thirty,Film Editing,Lost,,,p001618,TRUE
2012,A Royal Affair,Foreign Film,Lost,,,p000043,TRUE
2012,Holy Motors,Foreign Film,Won,,,p001011,TRUE
2012,Holy Motors,Foreign Film,Won,,,p001307,TRUE
2012,Holy Motors,Foreign Film,Won,,,p001620,TRUE
2012,Holy Motors,Live-Action Feature-Length Film,Lost,,,p001011,TRUE
2012,Holy Motors,Live-Action Feature-Length Film,Lost,,,p001307,TRUE
2012,Holy Motors,Live-Action Feature-Length Film,Lost,,,p001620,TRUE
2012,Lincoln,Live-Action Feature-Length Film,Lost,,,p000824,TRUE
2012,Lincoln,Live-Action Feature-Length Film,Lost,,,p001536,TRUE
2012,Silver Linings Playbook,Live-Action Feature-Length Film,Lost,,,p000289,TRUE
2012,Silver Linings Playbook,Live-Action Feature-Length Film,Lost,,,p000557,TRUE
2012,Silver Linings Playbook,Live-Action Feature-Length Film,Lost,,,p000582,TRUE
2012,The Master,Live-Action Feature-Length Film,Won,,,p000431,TRUE
2012,The Master,Live-Action Feature-Length Film,Won,,,p000976,TRUE
2012,The Master,Live-Action Feature-Length Film,Won,,,p001462,TRUE
2012,Zero Dark Thirty,Live-Action Feature-Length Film,Lost,,,p000127,TRUE
2012,Zero Dark Thirty,Live-Action Feature-Length Film,Lost,,,p000147,TRUE
2012,Zero Dark Thirty,Live-Action Feature-Length Film,Lost,,,p000431,TRUE
2012,Holy Motors,Make-Up & Hairstyling,Won,,,p000491,TRUE
2012,Jane Eyre,Make-Up & Hairstyling,Lost,,,p001274,TRUE
2012,Les Misérables,Make-Up & Hairstyling,Lost,,,p000348,TRUE
2012,Les Misérables,Make-Up & Hairstyling,Lost,,,p001711,TRUE
2012,Prometheus,Make-Up & Hairstyling,Lost,,,p000415,TRUE
2012,Prometheus,Make-Up & Hairstyling,Lost,,,p000480,TRUE
2012,The Hobbit: An Unexpected Journey,Make-Up & Hairstyling,Lost,,,p000477,TRUE
2012,The Hobbit: An Unexpected Journey,Make-Up & Hairstyling,Lost,,,p000840,TRUE
2012,The Hobbit: An Unexpected Journey,Make-Up & Hairstyling,Lost,,,p000899,TRUE
2012,Anna Karenina,Original Score,Lost,,,p001010,TRUE
2012,Django Unchained,Original Score,Won,,,p001125,TRUE
2012,Life of Pi,Original Score,Lost,,,p000346,TRUE
2012,Lincoln,Original Score,Lost,,,p001731,TRUE
2012,The Master,Original Score,Lost,,,p000604,TRUE
2012,Brave,Original Song,Lost,,Touch the Sky,p000503,TRUE
2012,Django Unchained,Original Song,Lost,,100 Black Coffins,p001389,TRUE
2012,Holy Motors,Original Song,Lost,,Who Were We?,p001100,TRUE
2012,Life of Pi,Original Song,Won,Music,Pi's Lullaby,p000346,TRUE
2012,Life of Pi,Original Song,Won,Lyrics,Pi's Lullaby,p000770,TRUE
2012,The Hobbit: An Unexpected Journey,Original Song,Lost,,Song of the Lonely Mountain,p000478,TRUE
2012,21 Jump Street,Screenplay (Adapted),Lost,,the 1987–1991 television series of the same name by Stephen J. Cannell and Patrick Hasburgh,p000063,TRUE
2012,21 Jump Street,Screenplay (Adapted),Lost,,the 1987–1991 television series of the same name by Stephen J. Cannell and Patrick Hasburgh,p000706,TRUE
2012,Life of Pi,Screenplay (Adapted),Lost,,The novel by Yann Martel,p000987,TRUE
2012,Lincoln,Screenplay (Adapted),Won,,The book Team of Rivals by Doris Kearns Goodwin,p000877,TRUE
2012,Silver Linings Playbook,Screenplay (Adapted),Lost,,The novel by Matthew Quick,p001405,TRUE
2012,The Perks of Being a Wallflower,Screenplay (Adapted),Lost,,Chbosky's 1999 novel of the same name,p000256,TRUE
2012,Flight,Screenplay (Original),Lost,,,p000537,TRUE
2012,Gayby,Screenplay (Original),Lost,,,p000955,TRUE
2012,Holy Motors,Screenplay (Original),Lost,,,p000227,TRUE
2012,The Master,Screenplay (Original),Lost,,,p000034,TRUE
2012,Zero Dark Thirty,Screenplay (Original),Won,,,p000147,TRUE
2012,Django Unchained,Sound Editing,Won,,,p001544,TRUE
2012,Marvel's 'The Avengers',Sound Editing,Lost,,,p000158,TRUE
2012,Prometheus,Sound Editing,Lost,,,p001452,TRUE
2012,Skyfall,Sound Editing,Lost,,,p000071,TRUE
2012,Skyfall,Sound Editing,Lost,,,p000638,TRUE
2012,Zero Dark Thirty,Sound Editing,Lost,,,p001223,TRUE
2012,Life of Pi,Sound Mixing,Lost,,,p000087,TRUE
2012,Life of Pi,Sound Mixing,Lost,,,p000688,TRUE
2012,Life of Pi,Sound Mixing,Lost,,,p000874,TRUE
2012,Lincoln,Sound Mixing,Lost,,,p000798,TRUE
2012,Lincoln,Sound Mixing,Lost,,,p001160,TRUE
2012,Lincoln,Sound Mixing,Lost,,,p001410,TRUE
2012,Prometheus,Sound Mixing,Lost,,,p000087,TRUE
2012,Prometheus,Sound Mixing,Lost,,,p000688,TRUE
2012,Zero Dark Thirty,Sound Mixing,Won,,,p001223,TRUE
2013,12 Years a Slave,Actor in a Leading Role,Lost,Solomon Northup,,p000423,TRUE
2013,Captain Phillips,Actor in a Leading Role,Won,Captain Richard Phillips,,p000650,TRUE
2013,Her,Actor in a Leading Role,Lost,Theodore,,p001276,TRUE
2013,"Oslo, 31. August",Actor in a Leading Role,Lost,Anders,,p000345,TRUE
2013,The Wolf of Wall Street,Actor in a Leading Role,Lost,Jordan Belfort,,p000379,TRUE
2013,12 Years a Slave,Actor in a Supporting Role,Lost,Edwin Epps,,p000460,TRUE
2013,Blue Is the Warmest Color,Actor in a Supporting Role,Won,Samir,,p000818,TRUE
2013,Spring Breakers,Actor in a Supporting Role,Lost,Alien,,p000509,TRUE
2013,The Place beyond the Pines,Actor in a Supporting Role,Lost,AJ,,p000291,TRUE
2013,The Wolf of Wall Street,Actor in a Supporting Role,Lost,Donnie Azoff,,p000706,TRUE
2013,August: Osage County,Actress in a Leading Role,Lost,Violet Weston,,p001568,TRUE
2013,Blue Is the Warmest Color,Actress in a Leading Role,Lost,Adèle,,p000447,TRUE
2013,Blue Jasmine,Actress in a Leading Role,Won,"Jeanette ""Jasmine"" Francis",,p000135,TRUE
2013,Philomena,Actress in a Leading Role,Lost,Philomena Lee,,p000372,TRUE
2013,12 Years a Slave,Actress in a Supporting Role,Lost,Patsey,,p001187,TRUE
2013,Blue Jasmine,Actress in a Supporting Role,Lost,Ginger,,p000672,TRUE
2013,Don Jon,Actress in a Supporting Role,Won,Barbara,,p000779,TRUE
2013,Fruitvale Station,Actress in a Supporting Role,Lost,Wanda,,p001535,TRUE
2013,Her,Actress in a Supporting Role,Won,Samantha,,p000779,TRUE
2013,Inside Llewyn Davis,Actress in a Supporting Role,Lost,Jean,,p001137,TRUE
2013,12 Years a Slave,Art Direction,Won,Production design,,p001558,TRUE
2013,13 Years a Slave,Art Direction,Won,,,p001545,TRUE
2013,14 Years a Slave,Art Direction,Won,,,p000068,TRUE
2013,American Hustle,Art Direction,Lost,Production design,,p000101,TRUE
2013,American Hustle,Art Direction,Lost,Set decoration,,p000962,TRUE
2013,Cloudy with a Chance of Meatballs 2,Art Direction,Lost,,,p000138,TRUE
2013,Cloudy with a Chance of Meatballs 2,Art Direction,Lost,,,p001615,TRUE
2013,Fruitvale Station,Art Direction,Lost,,,p000093,TRUE
2013,Fruitvale Station,Art Direction,Lost,,,p000157,TRUE
2013,Gravity,Art Direction,Lost,Set decoration,,p000581,TRUE
2013,Gravity,Art Direction,Lost,Production design,,p001170,TRUE
2013,Blue Is the Warmest Color,Cinematography,Won,,,p000424,TRUE
2013,Gravity,Cinematography,Lost,,,p000971,TRUE
2013,Her,Cinematography,Lost,,,p001803,TRUE
2013,"Oslo, 31. August",Cinematography,Lost,,,p000754,TRUE
2013,The Great Beauty,Cinematography,Lost,,,p000126,TRUE
2013,12 Years a Slave,Costuming,Lost,,,p001182,TRUE
2013,American Hustle,Costuming,Won,,,p001724,TRUE
2013,The Great Gatsby,Costuming,Lost,,,p001015,TRUE
2013,The Hunger Games: Catching Fire,Costuming,Lost,,,p001574,TRUE
2013,The Wolf of Wall Street,Costuming,Lost,,,p001298,TRUE
2013,Blue Is the Warmest Color,Director,Won,,,p000817,TRUE
2013,Blue Jasmine,Director,Lost,,,p000024,TRUE
2013,Captain Phillips,Director,Lost,,,p000603,TRUE
2013,Her,Director,Lost,,,p000796,TRUE
2013,Philomena,Director,Lost,,,p000518,TRUE
2013,Gravity,Effects,Won,,,p000310,TRUE
2013,Gravity,Effects,Won,,,p000920,TRUE
2013,Gravity,Effects,Won,,,p001485,TRUE
2013,Gravity,Effects,Won,,,p001696,TRUE
2013,The Hobbit: The Desolation of Smaug,Effects,Lost,,,p000280,TRUE
2013,The Hobbit: The Desolation of Smaug,Effects,Lost,,,p000942,TRUE
2013,The Hobbit: The Desolation of Smaug,Effects,Lost,,,p001350,TRUE
2013,The Hobbit: The Desolation of Smaug,Effects,Lost,,,p001415,TRUE
2013,12 Years a Slave,Film Editing,Lost,,,p001671,TRUE
2013,Blue Is the Warmest Color,Film Editing,Won,,,,TRUE
2013,Fruitvale Station,Film Editing,Lost,,,p000238,TRUE
2013,Fruitvale Station,Film Editing,Lost,,,p001477,TRUE
2013,Gravity,Film Editing,Lost,,,p000331,TRUE
2013,Gravity,Film Editing,Lost,,,p001424,TRUE
2013,Her,Film Editing,Lost,,,p000179,TRUE
2013,Her,Film Editing,Lost,,,p001786,TRUE
2013,The Great Beauty,Foreign Film,Lost,,,p001530,TRUE
2013,Blue Is the Warmest Color,Foreign Film,Won,,,p000817,TRUE
2013,"Oslo, 31. August",Foreign Film,Lost,,,,TRUE
2013,12 Years a Slave,Live-Action Feature-Length Film,Lost,,,p000532,TRUE
2013,12 Years a Slave,Live-Action Feature-Length Film,Lost,,,p000812,TRUE
2013,12 Years a Slave,Live-Action Feature-Length Film,Lost,,,p000850,TRUE
2013,12 Years a Slave,Live-Action Feature-Length Film,Lost,,,p001061,TRUE
2013,12 Years a Slave,Live-Action Feature-Length Film,Lost,,,p001281,TRUE
2013,Blue Is the Warmest Color,Live-Action Feature-Length Film,Won,,,p000817,TRUE
2013,Blue Jasmine,Live-Action Feature-Length Film,Lost,,,p000054,TRUE
2013,Blue Jasmine,Live-Action Feature-Length Film,Lost,,,p001602,TRUE
2013,Blue Jasmine,Live-Action Feature-Length Film,Lost,,,p001676,TRUE
2013,Her,Live-Action Feature-Length Film,Lost,,,p000431,TRUE
2013,Her,Live-Action Feature-Length Film,Lost,,,p000796,TRUE
2013,Her,Live-Action Feature-Length Film,Lost,,,p000897,TRUE
2013,American Hustle,Make-Up & Hairstyling,Lost,,,p000583,TRUE
2013,American Hustle,Make-Up & Hairstyling,Lost,,,p001180,TRUE
2013,The Hobbit: The Desolation of Smaug,Make-Up & Hairstyling,Lost,,,p000477,TRUE
2013,The Hobbit: The Desolation of Smaug,Make-Up & Hairstyling,Lost,,,p000841,TRUE
2013,The Hobbit: The Desolation of Smaug,Make-Up & Hairstyling,Lost,,,p000899,TRUE
2013,The Hunger Games: Catching Fire,Make-Up & Hairstyling,Won,,,p000492,TRUE
2013,The Hunger Games: Catching Fire,Make-Up & Hairstyling,Won,,,p001157,TRUE
2013,The Wolf of Wall Street,Make-Up & Hairstyling,Lost,,,p000636,TRUE
2013,Captain Phillips,Original Score,Lost,,,p000762,TRUE
2013,Her,Original Score,Won,,,p001229,TRUE
2013,"Oz, the Great and Powerful",Original Score,Lost,,,p000425,TRUE
2013,The Fifth Estate,Original Score,Lost,,,p000200,TRUE
2013,Her,Original Song,Won,Lyrics,Moon Song,p000796,TRUE
2013,Her,Original Song,Won,Lyrics,Moon Song,p001199,TRUE
2013,Blue Is the Warmest Color,Screenplay (Adapted),Lost,,the 2010 graphic novel of the same name by Jul Maroh,p000817,TRUE
2013,Blue Is the Warmest Color,Screenplay (Adapted),Lost,,the 2010 graphic novel of the same name by Jul Maroh,p000881,TRUE
2013,Fruitvale Station,Screenplay (Adapted),Lost,,"the events leading to the death of Oscar Grant, a young man killed in 2009 by Bay Area Rapid Transit (BART) police officer Johannes Mehserle at the Fruitvale district station in Oakland, California",p000302,TRUE
2013,"Oslo, 31. August",Screenplay (Adapted),Lost,,Pierre Drieu La Rochelle's novel Will O' the Wisp (1931) and Louis Malle's feature film The Fire Within (1963),p001627,TRUE
2013,"Oslo, 31. August",Screenplay (Adapted),Lost,,Pierre Drieu La Rochelle's novel Will O' the Wisp (1931) and Louis Malle's feature film The Fire Within (1963),p001663,TRUE
2013,"Oz, the Great and Powerful",Screenplay (Adapted),Lost,,L. Frank Baum's early 20th century Oz books,p000809,TRUE
2013,"Oz, the Great and Powerful",Screenplay (Adapted),Lost,,L. Frank Baum's early 20th century Oz books,p000949,TRUE
2013,Philomena,Screenplay (Adapted),Won,,The book The Lost Child of Philomena Lee by Martin Sixsmith,p000301,TRUE
2013,Philomena,Screenplay (Adapted),Won,,The book The Lost Child of Philomena Lee by Martin Sixsmith,p001292,TRUE
2013,American Hustle,Screenplay (Original),Lost,,,p001405,TRUE
2013,American Hustle,Screenplay (Original),Lost,,,p001502,TRUE
2013,Blue Jasmine,Screenplay (Original),Lost_Hon,,,p000024,TRUE
2013,Don Jon,Screenplay (Original),Lost,,,p000585,TRUE
2013,Her,Screenplay (Original),Won,,,p000796,TRUE
2013,American Hustle,Sound Editing,Lost,,,p000437,TRUE
2013,Captain Phillips,Sound Editing,Lost,,,p001592,TRUE
2013,Gravity,Sound Editing,Won,,,p000519,TRUE
2013,Lone Survivor,Sound Editing,Lost,,,p001544,TRUE
2013,The Hobbit: The Desolation of Smaug,Sound Editing,Lost,,,p000187,TRUE
2013,The Hobbit: The Desolation of Smaug,Sound Editing,Lost,,,p001679,TRUE
2013,Captain Phillips,Sound Mixing,Lost,,,p000186,TRUE
2013,Captain Phillips,Sound Mixing,Lost,,,p001140,TRUE
2013,Captain Phillips,Sound Mixing,Lost,,,p001300,TRUE
2013,Captain Phillips,Sound Mixing,Lost,,,p001597,TRUE
2013,Gravity,Sound Mixing,Won,,,p000008,TRUE
2013,Gravity,Sound Mixing,Won,,,p000118,TRUE
2013,Gravity,Sound Mixing,Won,,,p000947,TRUE
2013,Gravity,Sound Mixing,Won,,,p001140,TRUE
2013,Her,Sound Mixing,Lost,,,p000852,TRUE
2013,Her,Sound Mixing,Lost,,,p001240,TRUE
2013,Her,Sound Mixing,Lost,,,p001463,TRUE
2013,Inside Llewyn Davis,Sound Mixing,Lost,,,p000876,TRUE
2013,Inside Llewyn Davis,Sound Mixing,Lost,,,p000947,TRUE
2013,Inside Llewyn Davis,Sound Mixing,Lost,,,p001216,TRUE
2013,Lone Survivor,Sound Mixing,Lost,,,p000153,TRUE
2013,Lone Survivor,Sound Mixing,Lost,,,p000176,TRUE
2013,Lone Survivor,Sound Mixing,Lost,,,p000866,TRUE
2014,Birdman or (The Unexpected Virtue of Ignorance),Actor in a Leading Role,Lost,Riggan,,p000816,TRUE
2014,Mr. Turner,Actor in a Leading Role,Lost,JMW Turner,,p001531,TRUE
2014,Nightcrawler,Actor in a Leading Role,Lost,Louis Bloom,,p000622,TRUE
2014,The Imitation Game,Actor in a Leading Role,Won,Alan Turing,,p000334,TRUE
2014,The Theory of Everything,Actor in a Leading Role,Lost,Stephen Hawking,,p001338,TRUE
2014,Birdman or (The Unexpected Virtue of Ignorance),Actor in a Supporting Role,Won,Mike,,p001184,TRUE
2014,Selma,Actor in a Supporting Role,Lost,Cager Lee,,p001420,TRUE
2014,Whiplash,Actor in a Supporting Role,Won,Terence Fletcher,,p001498,TRUE
2014,Cake,Actress in a Leading Role,Lost,Claire Bennett,,p000039,TRUE
2014,Gone Girl,Actress in a Leading Role,Lost,Amy Elliott-Dunne / Nancy,,p001278,TRUE
2014,Still Alice,Actress in a Leading Role,Won,Alice Howland,,p001115,TRUE
2014,The Babadook,Actress in a Leading Role,Lost,Amelia Vanek,,p000353,TRUE
2014,Wild,Actress in a Leading Role,Lost,Cheryl Strayed,,p001744,TRUE
2014,Cake,Actress in a Supporting Role,Lost,Silvana,,p000084,TRUE
2014,Mr. Turner,Actress in a Supporting Role,Lost,Mary Somerville,,p001003,TRUE
2014,Nightcrawler,Actress in a Supporting Role,Lost,Nina Romina,,p001407,TRUE
2014,The Imitation Game,Actress in a Supporting Role,Lost,Joan Clarke,,p000854,TRUE
2014,Wild,Actress in a Supporting Role,Won,Bobbi Grey,,p000375,TRUE
2014,Song of the Sea,Animated Feature-Length Film,Won,,,p001117,TRUE
2014,Song of the Sea,Animated Feature-Length Film,Won,,,p001773,TRUE
2014,A Single Life,Animated Short Film,Lost,,,p001215,TRUE
2014,Feast,Animated Short Film,Lost,,,p001220,TRUE
2014,Feast,Animated Short Film,Lost,,,p001341,TRUE
2014,The Bigger Picture,Animated Short Film,Lost,,,p000680,TRUE
2014,The Bigger Picture,Animated Short Film,Lost,,,p000766,TRUE
2014,Into the Woods,Art Direction,Lost,Production design,,p000536,TRUE
2014,Into the Woods,Art Direction,Lost,Set decoration,,p001280,TRUE
2014,Mr. Turner,Art Direction,Lost,Production design,,p000350,TRUE
2014,Mr. Turner,Art Direction,Lost,Set decoration,,p001691,TRUE
2014,Pride,Art Direction,Lost,,,p000156,TRUE
2014,Pride,Art Direction,Lost,,,p000607,TRUE
2014,Song of the Sea,Art Direction,Lost,,,p001074,TRUE
2014,The Grand Budapest Hotel,Art Direction,Won,Set decoration,,p001280,TRUE
2014,The Grand Budapest Hotel,Art Direction,Won,Production design,,p001558,TRUE
2014,Interstellar,Cinematography,Lost,,,p001803,TRUE
2014,Mr. Turner,Cinematography,Lost,,,p001291,TRUE
2014,Song of the Sea,Cinematography,Lost,,,p001117,TRUE
2014,The Grand Budapest Hotel,Cinematography,Lost,,,p001765,TRUE
2014,Under the Skin,Cinematography,Won,,,p000898,TRUE
2014,Into the Woods,Costuming,Lost,,,p000059,TRUE
2014,Mr. Turner,Costuming,Lost,,,p000410,TRUE
2014,Pride,Costuming,Lost,,,p001677,TRUE
2014,The Grand Budapest Hotel,Costuming,Won,,,p000223,TRUE
2014,The Hobbit: The Battle of the Five Armies,Costuming,Lost,,,p000181,TRUE
2014,The Hobbit: The Battle of the Five Armies,Costuming,Lost,,,p000190,TRUE
2014,The Hobbit: The Battle of the Five Armies,Costuming,Lost,,,p001023,TRUE
2014,Birdman or (The Unexpected Virtue of Ignorance),Director,Lost,,,p000579,TRUE
2014,The Grand Budapest Hotel,Director,Won,,,p000035,TRUE
2014,The Hundred-Foot Journey,Director,Lost,,,p000639,TRUE
2014,Under the Skin,Director,Lost,,,p000565,TRUE
2014,Whiplash,Director,Lost,,,p000255,TRUE
2014,Finding Vivian Maier,Documentary Film,Won,,,p000996,TRUE
2014,Finding Vivian Maier,Documentary Film,Won,,,p001509,TRUE
2014,Dawn of the Planet of the Apes,Effects,Lost,,,p000085,TRUE
2014,Dawn of the Planet of the Apes,Effects,Lost,,,p000937,TRUE
2014,Dawn of the Planet of the Apes,Effects,Lost,,,p000942,TRUE
2014,Dawn of the Planet of the Apes,Effects,Lost,,,p001742,TRUE
2014,Guardians of the Galaxy,Effects,Lost,,,p000015,TRUE
2014,Guardians of the Galaxy,Effects,Lost,,,p000243,TRUE
2014,Guardians of the Galaxy,Effects,Lost,,,p000311,TRUE
2014,Guardians of the Galaxy,Effects,Lost,,,p000461,TRUE
2014,Interstellar,Effects,Lost,,,p000484,TRUE
2014,Interstellar,Effects,Lost,,,p000511,TRUE
2014,Interstellar,Effects,Lost,,,p000741,TRUE
2014,Interstellar,Effects,Lost,,,p000961,TRUE
2014,Gone Girl,Film Editing,Lost,,,p000091,TRUE
2014,Nightcrawler,Film Editing,Lost,,,p000559,TRUE
2014,The Imitation Game,Film Editing,Lost,,,p000571,TRUE
2014,Under the Skin,Film Editing,Won,,,p001693,TRUE
2014,Whiplash,Film Editing,Lost,,,p000326,TRUE
2014,Mr. Turner,Live-Action Feature-Length Film,Lost,,,p000969,TRUE
2014,Song of the Sea,Live-Action Feature-Length Film,Lost,,,p000214,TRUE
2014,Song of the Sea,Live-Action Feature-Length Film,Lost,,,p000449,TRUE
2014,Song of the Sea,Live-Action Feature-Length Film,Lost,,,p000848,TRUE
2014,Song of the Sea,Live-Action Feature-Length Film,Lost,,,p001147,TRUE
2014,The Grand Budapest Hotel,Live-Action Feature-Length Film,Won,,,p000035,TRUE
2014,The Grand Budapest Hotel,Live-Action Feature-Length Film,Won,,,p000357,TRUE
2014,The Grand Budapest Hotel,Live-Action Feature-Length Film,Won,,,p001324,TRUE
2014,The Grand Budapest Hotel,Live-Action Feature-Length Film,Won,,,p001401,TRUE
2014,Under the Skin,Live-Action Feature-Length Film,Lost,,,p001698,TRUE
2014,Under the Skin,Live-Action Feature-Length Film,Lost,,,p001738,TRUE
2014,Whiplash,Live-Action Feature-Length Film,Lost,,,p000144,TRUE
2014,Whiplash,Live-Action Feature-Length Film,Lost,,,p000443,TRUE
2014,Whiplash,Live-Action Feature-Length Film,Lost,,,p000894,TRUE
2014,Into the Woods,Make-Up & Hairstyling,Lost,,,p000841,TRUE
2014,Maleficent,Make-Up & Hairstyling,Lost,,,p000580,TRUE
2014,Maleficent,Make-Up & Hairstyling,Lost,,,p001716,TRUE
2014,Mr. Turner,Make-Up & Hairstyling,Lost,,,p000146,TRUE
2014,The Grand Budapest Hotel,Make-Up & Hairstyling,Won,,,p000653,TRUE
2014,Interstellar,Original Score,Lost,,,p001781,TRUE
2014,Song of the Sea,Original Score,Lost,,,p000320,TRUE
2014,Song of the Sea,Original Score,Lost,,,p000831,TRUE
2014,The Grand Budapest Hotel,Original Score,Lost,,,p000377,TRUE
2014,Under the Skin,Original Score,Lost,,,p000943,TRUE
2014,Whiplash,Original Score,Won,,,p000745,TRUE
2014,Song of the Sea,Original Song,Won,,Song of the Sea,p000652,TRUE
2014,Into the Woods,Screenplay (Adapted),Lost,,Lapine and Stephen Sondheim's 1987 Broadway musical of the same name,p000910,TRUE
2014,Under the Skin,Screenplay (Adapted),Lost,,the 2000 novel of the same name by Michel Faber,p000217,TRUE
2014,Under the Skin,Screenplay (Adapted),Lost,,the 2000 novel of the same name by Michel Faber,p000565,TRUE
2014,Whiplash,Screenplay (Adapted),Won,,The short film by Chazelle,p000255,TRUE
2014,Wild,Screenplay (Adapted),Lost,,the 2012 memoir Wild: From Lost to Found on the Pacific Crest Trail by Cheryl Strayed,p000730,TRUE
2014,Boyhood,Screenplay (Original),Lost,,,p000951,TRUE
2014,Mr. Turner,Screenplay (Original),Lost,,,p000935,TRUE
2014,Song of the Sea,Screenplay (Original),Lost,,,p000296,TRUE
2014,The Grand Budapest Hotel,Screenplay (Original),Won,Story and Screenplay,,p000035,TRUE
2014,The Grand Budapest Hotel,Screenplay (Original),Won,Story,,p000618,TRUE
2014,The Lego Movie,Screenplay (Original),Lost,,,p000967,TRUE
2014,The Lego Movie,Screenplay (Original),Lost,,,p001089,TRUE
2014,American Sniper,Sound Editing,Won,,,p000056,TRUE
2014,American Sniper,Sound Editing,Won,,,p001145,TRUE
2014,Dawn of the Planet of the Apes,Sound Editing,Lost,,,p000475,TRUE
2014,Dawn of the Planet of the Apes,Sound Editing,Lost,,,p001144,TRUE
2014,The Grand Budapest Hotel,Sound Editing,Lost,,,p000936,TRUE
2014,The Grand Budapest Hotel,Sound Editing,Lost,,,p001433,TRUE
2014,The Hobbit: The Battle of the Five Armies,Sound Editing,Lost,,,p000187,TRUE
2014,The Hobbit: The Battle of the Five Armies,Sound Editing,Lost,,,p000224,TRUE
2014,Guardians of the Galaxy,Sound Mixing,Lost,,,p000158,TRUE
2014,Guardians of the Galaxy,Sound Mixing,Lost,,,p000715,TRUE
2014,Interstellar,Sound Mixing,Lost,,,p000895,TRUE
2014,Interstellar,Sound Mixing,Lost,,,p001368,TRUE
2014,Into the Woods,Sound Mixing,Lost,,,p000821,TRUE
2014,Into the Woods,Sound Mixing,Lost,,,p001300,TRUE
2014,Under the Skin,Sound Mixing,Won,,,p000192,TRUE
2014,Whiplash,Sound Mixing,Lost,,,p001001,TRUE
2014,Whiplash,Sound Mixing,Lost,,,p001723,TRUE
2015,Concussion,Actor in a Leading Role,Lost,Dr. Bennet Omalu,,p001522,TRUE
2015,Macbeth,Actor in a Leading Role,Lost,Macbeth,,p000460,TRUE
2015,Steve Jobs,Actor in a Leading Role,Lost,Steve Jobs,,p000460,TRUE
2015,The Danish Girl,Actor in a Leading Role,Lost,Lili Elbe / Einar Wegener,,p001338,TRUE
2015,The Revenant,Actor in a Leading Role,Won,Hugh Glass,,p000379,TRUE
2015,Trumbo,Actor in a Leading Role,Lost,Dalton Trumbo,,p000324,TRUE
2015,Bridge of Spies,Actor in a Supporting Role,Lost,Rudolf Abel,,p001411,TRUE
2015,Brooklyn,Actor in a Supporting Role,Lost,Tony Fiorello,,p000291,TRUE
2015,Spotlight,Actor in a Supporting Role,Lost,Michael Rezendes,,p001403,TRUE
2015,The Big Short,Actor in a Supporting Role,Lost,Michael Burry,,p000073,TRUE
2015,The Revenant,Actor in a Supporting Role,Won,John Fitzgerald,,p000657,TRUE
2015,45 Years,Actress in a Leading Role,Lost,Kate Mercer,,p001327,TRUE
2015,Brooklyn,Actress in a Leading Role,Won,Ellis Lacey,,p001385,TRUE
2015,Carol,Actress in a Leading Role,Lost,Carol Aird,,p000135,TRUE
2015,Room,Actress in a Leading Role,Lost,"Joy ""Ma"" Newsome",,p000911,TRUE
2015,Woman in Gold,Actress in a Leading Role,Lost,Maria Altmann,,p001101,TRUE
2015,Carol,Actress in a Supporting Role,Lost,Therese Belivet,,p001004,TRUE
2015,Ex Machina,Actress in a Supporting Role,Lost,Ava,,p001659,TRUE
2015,Spotlight,Actress in a Supporting Role,Lost,Sacha Pfeiffer,,p001030,TRUE
2015,Steve Jobs,Actress in a Supporting Role,Won,Joanna Hoffman,,p001743,TRUE
2015,The Danish Girl,Actress in a Supporting Role,Lost,Gerda Wegener,,p001659,TRUE
2015,The Hateful Eight,Actress in a Supporting Role,Lost,Daisy Domergue,,p000934,TRUE
2015,Anomalisa,Animated Feature-Length Film,Lost,,,p000781,TRUE
2015,Anomalisa,Animated Feature-Length Film,Lost,,,p000814,TRUE
2015,Anomalisa,Animated Feature-Length Film,Lost,,,p001624,TRUE
2015,Boy and the World,Animated Feature-Length Film,Lost_Hon,,,p000003,TRUE
2015,Inside Out,Animated Feature-Length Film,Won,,,p000387,TRUE
2015,Inside Out,Animated Feature-Length Film,Won,,,p001364,TRUE
2015,Sanjay's Super Team,Animated Short Film,Lost,,,p000611,TRUE
2015,Sanjay's Super Team,Animated Short Film,Lost,,,p001252,TRUE
2015,World of Tomorrow,Animated Short Film,Won,,,p000698,TRUE
2015,Bridge of Spies,Art Direction,Lost,Set decoration,,p000361,TRUE
2015,Bridge of Spies,Art Direction,Lost,Set decoration,,p000693,TRUE
2015,Bridge of Spies,Art Direction,Lost,Production design,,p001558,TRUE
2015,Brooklyn,Art Direction,Lost,Set decoration,,p001213,TRUE
2015,Brooklyn,Art Direction,Lost,Production design,,p001584,TRUE
2015,Brooklyn,Art Direction,Lost,Set decoration,,p001626,TRUE
2015,Carol,Art Direction,Lost,Production design,,p000101,TRUE
2015,Carol,Art Direction,Lost,Set decoration,,p000962,TRUE
2015,Mad Max: Fury Road,Art Direction,Won,Production design,,p000555,TRUE
2015,Mad Max: Fury Road,Art Direction,Won,Set decoration,,p001616,TRUE
2015,The Revenant,Art Direction,Lost,Production design,,p000486,TRUE
2015,The Revenant,Art Direction,Lost,Set decoration,,p001310,TRUE
2015,Bridge of Spies,Cinematography,Lost,,,p000806,TRUE
2015,Carol,Cinematography,Lost,,,p000885,TRUE
2015,It Follows,Cinematography,Lost,,,p000562,TRUE
2015,Mad Max: Fury Road,Cinematography,Lost,,,p001458,TRUE
2015,The Revenant,Cinematography,Won,,,p000971,TRUE
2015,Brooklyn,Costuming,Lost,,,p000382,TRUE
2015,Carol,Costuming,Won,,,p001298,TRUE
2015,Cinderella,Costuming,Won,,,p001298,TRUE
2015,Mad Max: Fury Road,Costuming,Lost,,,p000095,TRUE
2015,The Danish Girl,Costuming,Lost,,,p000369,TRUE
2015,The Revenant,Costuming,Lost,,,p001709,TRUE
2015,Brooklyn,Director,Lost,,,p000328,TRUE
2015,Carol,Director,Lost,,,p000674,TRUE
2015,Mad Max: Fury Road,Director,Lost,,,p001090,TRUE
2015,Spotlight,Director,Lost,,,p001037,TRUE
2015,The Revenant,Director,Won,,,p000579,TRUE
2015,Amy,Documentary Film,Won,,,p000540,TRUE
2015,Amy,Documentary Film,Won,,,p000807,TRUE
2015,"What Happened, Miss Simone?",Documentary Film,Lost,,,p000529,TRUE
2015,"What Happened, Miss Simone?",Documentary Film,Lost,,,p000719,TRUE
2015,"What Happened, Miss Simone?",Documentary Film,Lost,,,p001722,TRUE
2015,Ex Machina,Effects,Lost,,,p000045,TRUE
2015,Ex Machina,Effects,Lost,,,p000117,TRUE
2015,Ex Machina,Effects,Lost,,,p001183,TRUE
2015,Ex Machina,Effects,Lost,,,p001720,TRUE
2015,Jurassic World,Effects,Lost,,,p000018,TRUE
2015,Jurassic World,Effects,Lost,,,p001048,TRUE
2015,Jurassic World,Effects,Lost,,,p001067,TRUE
2015,Jurassic World,Effects,Lost,,,p001284,TRUE
2015,Mad Max: Fury Road,Effects,Lost,,,p000764,TRUE
2015,Mad Max: Fury Road,Effects,Lost,,,p001211,TRUE
2015,Mad Max: Fury Road,Effects,Lost,,,p001727,TRUE
2015,Mad Max: Fury Road,Effects,Lost,,,p001749,TRUE
2015,The Martian,Effects,Lost,,,p000907,TRUE
2015,The Martian,Effects,Lost,,,p000920,TRUE
2015,The Martian,Effects,Lost,,,p001542,TRUE
2015,The Martian,Effects,Lost,,,p001682,TRUE
2015,The Revenant,Effects,Won,,,p001033,TRUE
2015,The Revenant,Effects,Won,,,p001488,TRUE
2015,The Revenant,Effects,Won,,,p001516,TRUE
2015,The Revenant,Effects,Won,,,p001669,TRUE
2015,Brooklyn,Film Editing,Lost,,,p001371,TRUE
2015,Mad Max: Fury Road,Film Editing,Won,,,p001511,TRUE
2015,Spotlight,Film Editing,Lost,,,p001031,TRUE
2015,The Martian,Film Editing,Lost,,,p001431,TRUE
2015,The Revenant,Film Editing,Lost,,,p001102,TRUE
2015,,Foreign Film,,,,p001811,TRUE
2015,Brooklyn,Live-Action Feature-Length Film,Lost,,,p000412,TRUE
2015,Brooklyn,Live-Action Feature-Length Film,Lost,,,p001297,TRUE
2015,Mad Max: Fury Road,Live-Action Feature-Length Film,Lost,,,p001090,TRUE
2015,Mad Max: Fury Road,Live-Action Feature-Length Film,Lost,,,p001103,TRUE
2015,Spotlight,Live-Action Feature-Length Film,Lost,,,p000577,TRUE
2015,Spotlight,Live-Action Feature-Length Film,Lost,,,p001228,TRUE
2015,Spotlight,Live-Action Feature-Length Film,Lost,,,p001375,TRUE
2015,Spotlight,Live-Action Feature-Length Film,Lost,,,p001571,TRUE
2015,The Big Short,Live-Action Feature-Length Film,Lost,,,p000532,TRUE
2015,The Big Short,Live-Action Feature-Length Film,Lost,,,p000850,TRUE
2015,The Big Short,Live-Action Feature-Length Film,Lost,,,p001281,TRUE
2015,The Revenant,Live-Action Feature-Length Film,Won,,,p000577,TRUE
2015,The Revenant,Live-Action Feature-Length Film,Won,,,p000579,TRUE
2015,The Revenant,Live-Action Feature-Length Film,Won,,,p001085,TRUE
2015,The Revenant,Live-Action Feature-Length Film,Won,,,p001234,TRUE
2015,The Revenant,Live-Action Feature-Length Film,Won,,,p001339,TRUE
2015,Brooklyn,Make-Up & Hairstyling,Lost,,,p000467,TRUE
2015,Brooklyn,Make-Up & Hairstyling,Lost,,,p000568,TRUE
2015,Carol,Make-Up & Hairstyling,Lost,,,p001342,TRUE
2015,Carol,Make-Up & Hairstyling,Lost,,,p001791,TRUE
2015,Mad Max: Fury Road,Make-Up & Hairstyling,Won,,,p001016,TRUE
2015,Mad Max: Fury Road,Make-Up & Hairstyling,Won,,,p001648,TRUE
2015,Mad Max: Fury Road,Make-Up & Hairstyling,Won,,,p001680,TRUE
2015,The 100-Year-Old Man Who Climbed Out of the Window and Disappeared,Make-Up & Hairstyling,Lost,,,p000912,TRUE
2015,The 100-Year-Old Man Who Climbed Out of the Window and Disappeared,Make-Up & Hairstyling,Lost,,,p001805,TRUE
2015,The Revenant,Make-Up & Hairstyling,Lost,,,p000608,TRUE
2015,The Revenant,Make-Up & Hairstyling,Lost,,,p000769,TRUE
2015,The Revenant,Make-Up & Hairstyling,Lost,,,p001230,TRUE
2015,Bridge of Spies,Original Score,Lost,,,p001166,TRUE
2015,Inside Out,Original Score,Won,,,p000548,TRUE
2015,It Follows,Original Score,Lost,,,p000385,TRUE
2015,Spotlight,Original Score,Lost,,,p001487,TRUE
2015,The Danish Girl,Original Score,Lost,,,p000377,TRUE
2015,Fifty Shades of Grey,Original Song,Lost,Music and Lyrics,Earned It,p000075,TRUE
2015,Fifty Shades of Grey,Original Song,Lost,Music and Lyrics,Earned It,p001108,TRUE
2015,Fifty Shades of Grey,Original Song,Lost,Music and Lyrics,Earned It,p001314,TRUE
2015,Fifty Shades of Grey,Original Song,Lost,Music and Lyrics,Earned It,p001605,TRUE
2015,Furious 7,Original Song,Lost,Music and Lyrics,See You Again,p000242,TRUE
2015,Furious 7,Original Song,Lost,Music and Lyrics,See You Again,p000513,TRUE
2015,Furious 7,Original Song,Lost,Music and Lyrics,See You Again,p001312,TRUE
2015,Furious 7,Original Song,Lost,Music and Lyrics,See You Again,p001613,TRUE
2015,Racing Extinction,Original Song,Won,Lyrics,Manta Ray,p000041,TRUE
2015,Racing Extinction,Original Song,Won,Music,Manta Ray,p001326,TRUE
2015,The Hunting Ground,Original Song,Lost,Music and Lyrics,Til It Happens to You,p000527,TRUE
2015,The Hunting Ground,Original Song,Lost,Music and Lyrics,Til It Happens to You,p001685,TRUE
2015,Youth,Original Song,Lost,Music and Lyrics,Simple Song #3,p000901,TRUE
2015,Brooklyn,Screenplay (Adapted),Lost,Story and Screenplay,the novel by Colm Tóibín,p000730,TRUE
2015,Carol,Screenplay (Adapted),Lost,Story and Screenplay,"the novel ""The Price of Salt"" by Patricia Highsmith",p001152,TRUE
2015,Room,Screenplay (Adapted),Lost,Story and Screenplay,the novel by Donoghue,p000394,TRUE
2015,Steve Jobs,Screenplay (Adapted),Lost,Story and Screenplay,the biography by Walter Isaacson,p001529,TRUE
2015,The Big Short,Screenplay (Adapted),Won,Story and Screenplay,the book by Michael Lewis,p001050,TRUE
2015,The Big Short,Screenplay (Adapted),Won,Story and Screenplay,the book by Michael Lewis,p001331,TRUE
2015,Bridge of Spies,Screenplay (Original),Lost,Story and Screenplay,,p000249,TRUE
2015,Bridge of Spies,Screenplay (Original),Lost,Story and Screenplay,,p000286,TRUE
2015,Bridge of Spies,Screenplay (Original),Lost,Story and Screenplay,,p000287,TRUE
2015,Inside Out,Screenplay (Original),Won,Screenplay,,p000304,TRUE
2015,Inside Out,Screenplay (Original),Won,Story and Screenplay,,p000387,TRUE
2015,Inside Out,Screenplay (Original),Won,Screenplay,,p000923,TRUE
2015,Inside Out,Screenplay (Original),Won,Story,,p001797,TRUE
2015,Spotlight,Screenplay (Original),Lost,Story and Screenplay,,p001037,TRUE
2015,Spotlight,Screenplay (Original),Lost,Story and Screenplay,,p001503,TRUE
2015,Spy,Screenplay (Original),Lost,Story and Screenplay,,p000462,TRUE
2015,Trainwreck,Screenplay (Original),Lost,Story and Screenplay,,p001448,TRUE
2015,Bridge of Spies,Sound Editing,Lost,,,p000747,TRUE
2015,Mad Max: Fury Road,Sound Editing,Won,,,p000997,TRUE
2015,Mad Max: Fury Road,Sound Editing,Won,,,p001716,TRUE
2015,Sicario,Sound Editing,Lost,,,p001145,TRUE
2015,The Martian,Sound Editing,Lost,,,p001592,TRUE
2015,The Revenant,Sound Editing,Lost,,,p000115,TRUE
2015,The Revenant,Sound Editing,Lost,,,p000695,TRUE
2015,Bridge of Spies,Sound Mixing,Lost,,,p000747,TRUE
2015,Bridge of Spies,Sound Mixing,Lost,,,p000874,TRUE
2015,Bridge of Spies,Sound Mixing,Lost,,,p001160,TRUE
2015,Bridge of Spies,Sound Mixing,Lost,,,p001410,TRUE
2015,Mad Max: Fury Road,Sound Mixing,Lost,,,p000774,TRUE
2015,Mad Max: Fury Road,Sound Mixing,Lost,,,p001221,TRUE
2015,Mad Max: Fury Road,Sound Mixing,Lost,,,p001402,TRUE
2015,Spotlight,Sound Mixing,Lost,,,p000734,TRUE
2015,The Hateful Eight,Sound Mixing,Lost,,,p001098,TRUE
2015,The Hateful Eight,Sound Mixing,Lost,,,p001099,TRUE
2015,The Revenant,Sound Mixing,Won,,,p000404,TRUE
2015,The Revenant,Sound Mixing,Won,,,p001111,TRUE
2015,The Revenant,Sound Mixing,Won,,,p001596,TRUE
2015,The Revenant,Sound Mixing,Won,,,p001608,TRUE
2016,Doctor Strange,Actor in a Leading Role,Lost,Dr. Stephen Strange,,p000334,TRUE
2016,La La Land,Actor in a Leading Role,Lost,Sebastian Wilder,,p000586,TRUE
2016,Lion,Actor in a Leading Role,Lost,Saroo Brierley,,p001250,TRUE
2016,Manchester by the Sea,Actor in a Leading Role,Won,Lee Chandler,,p000010,TRUE
2016,Patriots Day,Actor in a Leading Role,Lost,Tommy Saunders,,p001666,TRUE
2016,Arrival,Actor in a Supporting Role,Lost,Ian Donnelly,,p001348,TRUE
2016,Manchester by the Sea,Actor in a Supporting Role,Lost,Patrick Chandler,,p000678,TRUE
2016,Moonlight,Actor in a Supporting Role,Won,Juan,,p000020,TRUE
2016,Moonlight,Actor in a Supporting Role,Lost,Kevin age 16,,p000777,TRUE
2016,Silence,Actor in a Supporting Role,Lost,"Old Samurai, Inoue",,p001203,TRUE
2016,Elle,Actress in a Leading Role,Won,Michèle Leblanc,,p000744,TRUE
2016,Fences,Actress in a Leading Role,Lost,Rose Lee Maxson,,p000356,TRUE
2016,Love & Friendship,Actress in a Leading Role,Lost,Lady Susan Vernon,,p000105,TRUE
2016,Hidden Figures,Actress in a Supporting Role,Lost,Mary Jackson,,p001113,TRUE
2016,Hidden Figures,Actress in a Supporting Role,Lost,Dorothy Vaughan,,p001535,TRUE
2016,Lion,Actress in a Supporting Role,Lost,Sue Brierley,,p000829,TRUE
2016,Manchester by the Sea,Actress in a Supporting Role,Won,Randi Chandler,,p001732,TRUE
2016,The Founder,Actress in a Supporting Role,Lost,Ethel Kroc,,p000375,TRUE
2016,Kubo and the Two Strings,Animated Feature-Length Film,Lost,,,p000853,TRUE
2016,Kubo and the Two Strings,Animated Feature-Length Film,Lost,,,p001576,TRUE
2016,Zootopia,Animated Feature-Length Film,Won,,,p000732,TRUE
2016,Zootopia,Animated Feature-Length Film,Won,,,p001116,TRUE
2016,Zootopia,Animated Feature-Length Film,Won,,,p001533,TRUE
2016,Piper,Animated Short Film,Won,,,p000081,TRUE
2016,Piper,Animated Short Film,Won,,,p001527,TRUE
2016,Florence Foster Jenkins,Art Direction,Lost,,,p000981,TRUE
2016,Hidden Figures,Art Direction,Lost,,,p001241,TRUE
2016,Hidden Figures,Art Direction,Lost,,,p001612,TRUE
2016,Manchester by the Sea,Art Direction,Lost,,,p001793,TRUE
2016,Passengers,Art Direction,Won,Production design,,p000690,TRUE
2016,Silence,Art Direction,Lost,,,p000469,TRUE
2016,Silence,Art Direction,Lost,,,p000958,TRUE
2016,Florence Foster Jenkins,Cinematography,Lost,,,p000290,TRUE
2016,Hidden Figures,Cinematography,Lost,,,p001672,TRUE
2016,Moonlight,Cinematography,Won,,,p000922,TRUE
2016,Nocturnal Animals,Cinematography,Lost,,,p001046,TRUE
2016,Spa Night,Cinematography,Lost,,,p000836,TRUE
2016,Florence Foster Jenkins,Costuming,Won,,,p000159,TRUE
2016,"Hail, Caesar!",Costuming,Lost,,,p001785,TRUE
2016,Jackie,Costuming,Lost,,,p000498,TRUE
2016,Love & Friendship,Costuming,Lost,,,p001169,TRUE
2016,Silence,Costuming,Lost,,,p000469,TRUE
2016,Hacksaw Ridge,Director,Lost,,,p000556,TRUE
2016,Manchester by the Sea,Director,Won,,,p000964,TRUE
2016,Moonlight,Director,Lost,,,p000773,TRUE
2016,Sing Street,Director,Lost,,,p000230,TRUE
2016,Spa Night,Director,Lost,,,p000013,TRUE
2016,Doctor Strange,Effects,Lost,,,p000143,TRUE
2016,Doctor Strange,Effects,Lost,,,p000243,TRUE
2016,Doctor Strange,Effects,Lost,,,p000272,TRUE
2016,Doctor Strange,Effects,Lost,,,p000311,TRUE
2016,Kubo and the Two Strings,Effects,Lost,,,p000434,TRUE
2016,Kubo and the Two Strings,Effects,Lost,,,p000795,TRUE
2016,Kubo and the Two Strings,Effects,Lost,,,p001055,TRUE
2016,Kubo and the Two Strings,Effects,Lost,,,p001435,TRUE
2016,The Jungle Book,Effects,Lost,,,p000790,TRUE
2016,The Jungle Book,Effects,Lost,,,p000932,TRUE
2016,The Jungle Book,Effects,Lost,,,p000937,TRUE
2016,The Jungle Book,Effects,Lost,,,p001644,TRUE
2016,Arrival,Film Editing,Lost,,,p001671,TRUE
2016,Hidden Figures,Film Editing,Lost,,,p001604,TRUE
2016,Moonlight,Film Editing,Won,,,p001056,TRUE
2016,Moonlight,Film Editing,Won,,,p001421,TRUE
2016,Patriots Day,Film Editing,Lost,,,p000489,TRUE
2016,Patriots Day,Film Editing,Lost,,,p001239,TRUE
2016,Sing Street,Film Editing,Lost,,,p001005,TRUE
2016,Sing Street,Film Editing,Lost,,,p001638,TRUE
2016,Hacksaw Ridge,Live-Action Feature-Length Film,Lost,,,p001063,TRUE
2016,Hacksaw Ridge,Live-Action Feature-Length Film,Lost,,,p001266,TRUE
2016,Hidden Figures,Live-Action Feature-Length Film,Lost,,,p000257,TRUE
2016,Hidden Figures,Live-Action Feature-Length Film,Lost,,,p000557,TRUE
2016,Hidden Figures,Live-Action Feature-Length Film,Lost,,,p001069,TRUE
2016,Hidden Figures,Live-Action Feature-Length Film,Lost,,,p001621,TRUE
2016,Hidden Figures,Live-Action Feature-Length Film,Lost,,,p001733,TRUE
2016,Manchester by the Sea,Live-Action Feature-Length Film,Won,,,p000097,TRUE
2016,Manchester by the Sea,Live-Action Feature-Length Film,Won,,,p000344,TRUE
2016,Manchester by the Sea,Live-Action Feature-Length Film,Won,,,p001114,TRUE
2016,Manchester by the Sea,Live-Action Feature-Length Film,Won,,,p001553,TRUE
2016,Manchester by the Sea,Live-Action Feature-Length Film,Won,,,p001675,TRUE
2016,Moonlight,Live-Action Feature-Length Film,Lost,,,p000532,TRUE
2016,Moonlight,Live-Action Feature-Length Film,Lost,,,p000850,TRUE
2016,Moonlight,Live-Action Feature-Length Film,Lost,,,p001383,TRUE
2016,Spa Night,Live-Action Feature-Length Film,Lost,,,p000046,TRUE
2016,Spa Night,Live-Action Feature-Length Film,Lost,,,p000233,TRUE
2016,Spa Night,Live-Action Feature-Length Film,Lost,,,p000836,TRUE
2016,Spa Night,Live-Action Feature-Length Film,Lost,,,p001610,TRUE
2016,Florence Foster Jenkins,Make-Up & Hairstyling,Won,,,p000684,TRUE
2016,Florence Foster Jenkins,Make-Up & Hairstyling,Won,,,p001274,TRUE
2016,Nocturnal Animals,Make-Up & Hairstyling,Lost,,,p001134,TRUE
2016,Nocturnal Animals,Make-Up & Hairstyling,Lost,,,p001622,TRUE
2016,Silence,Make-Up & Hairstyling,Lost,,,p001688,TRUE
2016,Hidden Figures,Original Score,Lost,,,p001781,TRUE
2016,Manchester by the Sea,Original Score,Won,,,p000079,TRUE
2016,Moonlight,Original Score,Lost,,,p000171,TRUE
2016,Passengers,Original Score,Lost,,,p001166,TRUE
2016,The Founder,Original Score,Lost,,,p000200,TRUE
2016,La La Land,Original Song,Won,Music,Sky Full of Stars,p000745,TRUE
2016,La La Land,Original Song,Won,Lyrics,Sky Full of Stars,p001249,TRUE
2016,La La Land,Original Song,Won,Lyrics,Sky Full of Stars,p001255,TRUE
2016,Arrival,Screenplay (Adapted),Lost,,The short story Story of Your Life by Ted Chiang,p000683,TRUE
2016,Elle,Screenplay (Adapted),Lost,,the novel Oh... by Philippe Djian,p000130,TRUE
2016,Hidden Figures,Screenplay (Adapted),Won,,The book by Margot Lee Shetterly,p001069,TRUE
2016,Hidden Figures,Screenplay (Adapted),Won,,The book by Margot Lee Shetterly,p001443,TRUE
2016,Moonlight,Screenplay (Adapted),Lost,Screenplay,The play In Moonlight Black Boys Look Blue by McCraney,p000773,TRUE
2016,Silence,Screenplay (Adapted),Lost,,the 1966 novel of the same name by Shūsaku Endō,p000284,TRUE
2016,Silence,Screenplay (Adapted),Lost,,the 1966 novel of the same name by Shūsaku Endō,p001454,TRUE
2016,"Hail, Caesar!",Screenplay (Original),Lost,,,p000286,TRUE
2016,"Hail, Caesar!",Screenplay (Original),Lost,,,p000287,TRUE
2016,Manchester by the Sea,Screenplay (Original),Won,,,p000964,TRUE
2016,Sing Street,Screenplay (Original),Lost,,,p000230,TRUE
2016,Spa Night,Screenplay (Original),Lost,,,p000013,TRUE
2016,The Founder,Screenplay (Original),Lost,,,p001491,TRUE
2016,Arrival,Sound Mixing,Lost,,,p000882,TRUE
2016,Arrival,Sound Mixing,Lost,,,p001569,TRUE
2016,Closet Monster,Sound Mixing,Lost,,,p001127,TRUE
2016,Closet Monster,Sound Mixing,Lost,,,p001670,TRUE
2016,La La Land,Sound Mixing,Lost,,,p000926,TRUE
2016,La La Land,Sound Mixing,Lost,,,p001128,TRUE
2016,La La Land,Sound Mixing,Lost,,,p001160,TRUE
2016,Manchester by the Sea,Sound Mixing,Lost,,,p001353,TRUE
2017,Call Me by Your Name,Actor in a Leading Role,Won,Elio Perlman,,p000245,TRUE
2017,Darkest Hour,Actor in a Leading Role,Lost,Winston Churchill,,p001208,TRUE
2017,Get Out,Actor in a Leading Role,Lost,Chris Washington,,p000804,TRUE
2017,Phantom Thread,Actor in a Leading Role,Lost,Reynolds Woodcock,,p000358,TRUE
2017,"Roman J. Israel, Esq.",Actor in a Leading Role,Lost,Roman J. Israel,,p001687,TRUE
2017,All the Money in the World,Actor in a Supporting Role,Lost,J. Paul Getty,,p001285,TRUE
2017,Call Me by Your Name,Actor in a Supporting Role,Lost,Oliver,,p000645,TRUE
2017,Darkest Hour,Actor in a Supporting Role,Lost,King George VI,,p001071,TRUE
2017,The Shape of Water,Actor in a Supporting Role,Lost,Giles,,p000775,TRUE
2017,"Three Billboards outside Ebbing, Missouri",Actor in a Supporting Role,Won,Officer Jason Dixon,,p001376,TRUE
2017,"I, Tonya",Actress in a Leading Role,Lost,Tonya Harding,,p001370,TRUE
2017,Lady Bird,Actress in a Leading Role,Lost,"Christine ""Lady Bird"" McPherson",,p001385,TRUE
2017,The Shape of Water,Actress in a Leading Role,Lost,Elisa Esposito,,p000672,TRUE
2017,"Three Billboards outside Ebbing, Missouri",Actress in a Leading Role,Won,Mildred Hayes,,p001044,TRUE
2017,Victoria & Abdul,Actress in a Leading Role,Lost,Queen Victoria,,p000372,TRUE
2017,Call Me by Your Name,Actress in a Supporting Role,Lost,Annella Perlman,,p000235,TRUE
2017,Downsizing,Actress in a Supporting Role,Lost,Ngoc Lan Tran,,p000253,TRUE
2017,"I, Tonya",Actress in a Supporting Role,Lost,LaVona Golden,,p000768,TRUE
2017,Lady Bird,Actress in a Supporting Role,Won,Marion McPherson,,p001078,TRUE
2017,The Shape of Water,Actress in a Supporting Role,Lost,Zelda Delilah Fuller,,p001535,TRUE
2017,Coco,Animated Feature-Length Film,Won,,,p000031,TRUE
2017,Coco,Animated Feature-Length Film,Won,,,p001641,TRUE
2017,Ferdinand,Animated Feature-Length Film,Lost,,,p000499,TRUE
2017,Ferdinand,Animated Feature-Length Film,Lost,,,p001416,TRUE
2017,Loving Vincent,Animated Feature-Length Film,Lost,,,p000857,TRUE
2017,Loving Vincent,Animated Feature-Length Film,Lost,,,p000986,TRUE
2017,Loving Vincent,Animated Feature-Length Film,Lost,,,p001704,TRUE
2017,Lou,Animated Short Film,Lost,,,p001138,TRUE
2017,Lou,Animated Short Film,Lost,,,p001146,TRUE
2017,Negative Space,Animated Short Film,Lost,,,p000878,TRUE
2017,Negative Space,Animated Short Film,Lost,,,p001294,TRUE
2017,Revolting Rhymes,Animated Short Film,Won,,,p001446,TRUE
2017,Beauty and the Beast,Art Direction,Lost,Production design,,p000605,TRUE
2017,Beauty and the Beast,Art Direction,Lost,Set decoration,,p001534,TRUE
2017,Blade Runner 2049,Art Direction,Won,Production design,,p000536,TRUE
2017,Blade Runner 2049,Art Direction,Won,Set decoration,,p001315,TRUE
2017,Coco,Art Direction,Lost,,,p000778,TRUE
2017,Darkest Hour,Art Direction,Lost,Production design,,p000605,TRUE
2017,Darkest Hour,Art Direction,Lost,Set decoration,,p001534,TRUE
2017,Murder on the Orient Express,Art Direction,Lost,,,p000026,TRUE
2017,Murder on the Orient Express,Art Direction,Lost,,,p000279,TRUE
2017,The Shape of Water,Art Direction,Lost,Production design,,p000062,TRUE
2017,The Shape of Water,Art Direction,Lost,Set decoration,,p001070,TRUE
2017,The Shape of Water,Art Direction,Lost,Set decoration,,p001658,TRUE
2017,Beach Rats,Cinematography,Lost,,,p000968,TRUE
2017,Blade Runner 2049,Cinematography,Won,,,p000365,TRUE
2017,Call Me by Your Name,Cinematography,Lost,,,p001136,TRUE
2017,Dunkirk,Cinematography,Lost,,,p001803,TRUE
2017,The Shape of Water,Cinematography,Lost,,,p000915,TRUE
2017,Call Me by Your Name,Costuming,Lost,,,p001277,TRUE
2017,"I, Tonya",Costuming,Lost,,,p000782,TRUE
2017,Murder on the Orient Express,Costuming,Lost,,,p000208,TRUE
2017,Phantom Thread,Costuming,Won,,,p000169,TRUE
2017,The Post,Costuming,Lost,,,p001390,TRUE
2017,Call Me by Your Name,Director,Won,,,p000615,TRUE
2017,Get Out,Director,Lost,,,p001261,TRUE
2017,Lady Bird,Director,Lost,,,p000547,TRUE
2017,The Shape of Water,Director,Lost,,,p001798,TRUE
2017,"Three Billboards outside Ebbing, Missouri",Director,Lost,,,p001043,TRUE
2017,Blade Runner 2049,Effects,Won,,,p000727,TRUE
2017,Blade Runner 2049,Effects,Won,,,p000889,TRUE
2017,Blade Runner 2049,Effects,Won,,,p001155,TRUE
2017,Blade Runner 2049,Effects,Won,,,p001161,TRUE
2017,Guardians of the Galaxy Vol. 2,Effects,Lost,,,p000461,TRUE
2017,Guardians of the Galaxy Vol. 2,Effects,Lost,,,p001570,TRUE
2017,Guardians of the Galaxy Vol. 2,Effects,Lost,,,p001623,TRUE
2017,Guardians of the Galaxy Vol. 2,Effects,Lost,,,p001730,TRUE
2017,Kong: Skull Island,Effects,Lost,,,p000119,TRUE
2017,Kong: Skull Island,Effects,Lost,,,p001068,TRUE
2017,Kong: Skull Island,Effects,Lost,,,p001387,TRUE
2017,Kong: Skull Island,Effects,Lost,,,p001717,TRUE
2017,The Shape of Water,Effects,Lost,,,p000120,TRUE
2017,The Shape of Water,Effects,Lost,,,p000659,TRUE
2017,The Shape of Water,Effects,Lost,,,p000708,TRUE
2017,The Shape of Water,Effects,Lost,,,p001455,TRUE
2017,War for the Planet of the Apes,Effects,Lost,,,p000085,TRUE
2017,War for the Planet of the Apes,Effects,Lost,,,p000937,TRUE
2017,War for the Planet of the Apes,Effects,Lost,,,p000942,TRUE
2017,War for the Planet of the Apes,Effects,Lost,,,p001714,TRUE
2017,Baby Driver,Film Editing,Lost,,,p000030,TRUE
2017,Baby Driver,Film Editing,Lost,,,p000985,TRUE
2017,Call Me by Your Name,Film Editing,Lost,,,p000459,TRUE
2017,"I, Tonya",Film Editing,Won,,,p001360,TRUE
2017,The Shape of Water,Film Editing,Lost,,,p001746,TRUE
2017,"Three Billboards outside Ebbing, Missouri",Film Editing,Lost,,,p000606,TRUE
2017,Blade Runner 2049,Live-Action Feature-Length Film,Lost,,,p000780,TRUE
2017,Blade Runner 2049,Live-Action Feature-Length Film,Lost,,,p000862,TRUE
2017,Blade Runner 2049,Live-Action Feature-Length Film,Lost,,,p001493,TRUE
2017,Blade Runner 2049,Live-Action Feature-Length Film,Lost,,,p001769,TRUE
2017,Call Me by Your Name,Live-Action Feature-Length Film,Won,,,p000543,TRUE
2017,Call Me by Your Name,Live-Action Feature-Length Film,Won,,,p000615,TRUE
2017,Call Me by Your Name,Live-Action Feature-Length Film,Won,,,p001118,TRUE
2017,Call Me by Your Name,Live-Action Feature-Length Film,Won,,,p001532,TRUE
2017,Get Out,Live-Action Feature-Length Film,Lost,,,p000144,TRUE
2017,Get Out,Live-Action Feature-Length Film,Lost,,,p000644,TRUE
2017,Get Out,Live-Action Feature-Length Film,Lost,,,p001053,TRUE
2017,Get Out,Live-Action Feature-Length Film,Lost,,,p001261,TRUE
2017,Lady Bird,Live-Action Feature-Length Film,Lost,,,p000201,TRUE
2017,Lady Bird,Live-Action Feature-Length Film,Lost,,,p001195,TRUE
2017,Lady Bird,Live-Action Feature-Length Film,Lost,,,p001401,TRUE
2017,"Three Billboards outside Ebbing, Missouri",Live-Action Feature-Length Film,Lost,,,p000172,TRUE
2017,"Three Billboards outside Ebbing, Missouri",Live-Action Feature-Length Film,Lost,,,p000338,TRUE
2017,"Three Billboards outside Ebbing, Missouri",Live-Action Feature-Length Film,Lost,,,p001043,TRUE
2017,Darkest Hour,Make-Up & Hairstyling,Won,,,p000995,TRUE
2017,Darkest Hour,Make-Up & Hairstyling,Won,,,p001490,TRUE
2017,Darkest Hour,Make-Up & Hairstyling,Won,,,p001631,TRUE
2017,Murder on the Orient Express,Make-Up & Hairstyling,Lost,,,p001770,TRUE
2017,The Shape of Water,Make-Up & Hairstyling,Lost,,,p000488,TRUE
2017,The Shape of Water,Make-Up & Hairstyling,Lost,,,p001417,TRUE
2017,Victoria & Abdul,Make-Up & Hairstyling,Lost,,,p001274,TRUE
2017,Victoria & Abdul,Make-Up & Hairstyling,Lost,,,p001481,TRUE
2017,All the Money in the World,Original Score,Lost,,,p001264,TRUE
2017,Coco,Original Score,Lost,,,p000548,TRUE
2017,Phantom Thread,Original Score,Won,,,p000604,TRUE
2017,The Shape of Water,Original Score,Lost,,,p000377,TRUE
2017,"Three Billboards outside Ebbing, Missouri",Original Score,Lost,,,p000200,TRUE
2017,Call Me by Your Name,Original Song,Won,Music and Lyrics,Mystery of Love,p001551,TRUE
2017,Call Me by Your Name,Original Song,Lost,Music and Lyrics,Visions of Gideon,p001551,TRUE
2017,Coco,Original Song,Lost,Music and Lyrics,Remember Me,p000036,TRUE
2017,Coco,Original Song,Lost,Music and Lyrics,Remember Me,p000966,TRUE
2017,Ferdinand,Original Song,Lost,Music and Lyrics,Home,p000789,TRUE
2017,Mudbound,Original Song,Lost,Music and Lyrics,Mighty River,p000139,TRUE
2017,Mudbound,Original Song,Lost,Music and Lyrics,Mighty River,p001412,TRUE
2017,Mudbound,Original Song,Lost,Music and Lyrics,Mighty River,p001557,TRUE
2017,Call Me by Your Name,Screenplay (Adapted),Won,,The novel by André Aciman,p000761,TRUE
2017,Logan,Screenplay (Adapted),Lost,,"characters created by Len Wein and John Romita, Sr.",p000510,TRUE
2017,Logan,Screenplay (Adapted),Lost,,"characters created by Len Wein and John Romita, Sr.",p000599,TRUE
2017,Logan,Screenplay (Adapted),Lost,,"characters created by Len Wein and John Romita, Sr.",p000999,TRUE
2017,Molly's Game,Screenplay (Adapted),Lost,,the book by Molly Bloom,p001529,TRUE
2017,The Death of Stalin,Screenplay (Adapted),Lost,,the French graphic novel La Mort de Staline by Fabien Nury and Thierry Robin and an original screenplay by Nury,p000751,TRUE
2017,The Death of Stalin,Screenplay (Adapted),Lost,,the French graphic novel La Mort de Staline by Fabien Nury and Thierry Robin and an original screenplay by Nury,p001018,TRUE
2017,The Death of Stalin,Screenplay (Adapted),Lost,,the French graphic novel La Mort de Staline by Fabien Nury and Thierry Robin and an original screenplay by Nury,p001438,TRUE
2017,The Disaster Artist,Screenplay (Adapted),Lost,,"the book The Disaster Artist: My Life Inside The Room, the Greatest Bad Movie Ever Made by Greg Sestero and Tom Bissell",p001162,TRUE
2017,The Disaster Artist,Screenplay (Adapted),Lost,,"the book The Disaster Artist: My Life Inside The Room, the Greatest Bad Movie Ever Made by Greg Sestero and Tom Bissell",p001697,TRUE
2017,Get Out,Screenplay (Original),Lost,Story and Screenplay,,p001261,TRUE
2017,"I, Tonya",Screenplay (Original),Lost,,,p001381,TRUE
2017,Lady Bird,Screenplay (Original),Won,Story and Screenplay,,p000547,TRUE
2017,The Shape of Water,Screenplay (Original),Lost,Screenplay,,p001599,TRUE
2017,The Shape of Water,Screenplay (Original),Lost,Story and Screenplay,,p001798,TRUE
2017,"Three Billboards outside Ebbing, Missouri",Screenplay (Original),Lost,Story and Screenplay,,p001043,TRUE
2017,Baby Driver,Sound Editing,Lost,,,p000468,TRUE
2017,Blade Runner 2049,Sound Editing,Lost,,,p000602,TRUE
2017,Blade Runner 2049,Sound Editing,Lost,,,p000998,TRUE
2017,Coco,Sound Editing,Lost,,,p000158,TRUE
2017,Dunkirk,Sound Editing,Won,,,p000553,TRUE
2017,Dunkirk,Sound Editing,Won,,,p000843,TRUE
2017,The Shape of Water,Sound Editing,Lost,,,p000468,TRUE
2017,The Shape of Water,Sound Editing,Lost,,,p001372,TRUE
2017,Baby Driver,Sound Mixing,Lost,,,p000691,TRUE
2017,Baby Driver,Sound Mixing,Lost,,,p000936,TRUE
2017,Baby Driver,Sound Mixing,Lost,,,p001433,TRUE
2017,Blade Runner 2049,Sound Mixing,Won,,,p000087,TRUE
2017,Blade Runner 2049,Sound Mixing,Won,,,p000689,TRUE
2017,Blade Runner 2049,Sound Mixing,Won,,,p001408,TRUE
2017,Call Me by Your Name,Sound Mixing,Lost,,,p000887,TRUE
2017,Call Me by Your Name,Sound Mixing,Lost,,,p001214,TRUE
2017,Dunkirk,Sound Mixing,Lost,,,p000895,TRUE
2017,Dunkirk,Sound Mixing,Lost,,,p001368,TRUE
2017,Dunkirk,Sound Mixing,Lost,,,p001701,TRUE
2017,The Shape of Water,Sound Mixing,Lost,,,p000303,TRUE
2017,The Shape of Water,Sound Mixing,Lost,,,p000538,TRUE
2017,The Shape of Water,Sound Mixing,Lost,,,p001782,TRUE
2017,Call Me by Your Name,Special Visionary Film,Won,,,p000615,TRUE
2018,A Star Is Born,Actor in a Leading Role,Won,Jackson Maine,,p000305,TRUE
2018,At Eternity's Gate,Actor in a Leading Role,Lost,Vincent van Gogh,,p000341,TRUE
2018,Green Book,Actor in a Leading Role,Lost,"Tony ""Lip"" Vallelonga",,p001131,TRUE
2018,The Old Man and the Gun,Actor in a Leading Role,Lost,Forrest Tucker,,p001337,TRUE
2018,Vice,Actor in a Leading Role,Lost,Dick Cheney,,p000073,TRUE
2018,A Star Is Born,Actor in a Supporting Role,Lost,Bobby Maine,,p000429,TRUE
2018,Beautiful Boy,Actor in a Supporting Role,Lost,Nic Sheff,,p000245,TRUE
2018,Can You Ever Forgive Me?,Actor in a Supporting Role,Lost,Jack Hock,,p000595,TRUE
2018,Green Book,Actor in a Supporting Role,Won,Don Shirley,,p000020,TRUE
2018,On the Basis of Sex,Actor in a Supporting Role,Lost,Martin Ginsburg,,p000645,TRUE
2018,A Star Is Born,Actress in a Leading Role,Lost,Ally Maine,,p000527,TRUE
2018,Can You Ever Forgive Me?,Actress in a Leading Role,Lost,Lee Israel,,p001036,TRUE
2018,Eighth Grade,Actress in a Leading Role,Lost,Kayla Day,,p000481,TRUE
2018,The Favourite,Actress in a Leading Role,Won,"Anne, Queen of Great Britain",,p000297,TRUE
2018,The Wife,Actress in a Leading Role,Lost,Joan Castleman,,p000283,TRUE
2018,Boy Erased,Actress in a Supporting Role,Lost,Nancy Eamons,,p000829,TRUE
2018,First Man,Actress in a Supporting Role,Lost,Janet Armstrong,,p000506,TRUE
2018,If Beale Street Could Talk,Actress in a Supporting Role,Lost,Sharon Rivers,,p000842,TRUE
2018,Roma,Actress in a Supporting Role,Lost,Sofía,,p001795,TRUE
2018,The Favourite,Actress in a Supporting Role,Won,Sarah Churchill,,p001703,TRUE
2018,Isle of Dogs,Animated Feature-Length Film,Won,,,p000035,TRUE
2018,Isle of Dogs,Animated Feature-Length Film,Won,,,p000357,TRUE
2018,Isle of Dogs,Animated Feature-Length Film,Won,,,p001325,TRUE
2018,Isle of Dogs,Animated Feature-Length Film,Won,,,p001401,TRUE
2018,Ralph Breaks the Internet,Animated Feature-Length Film,Lost,,,p000787,TRUE
2018,Ralph Breaks the Internet,Animated Feature-Length Film,Lost,,,p001116,TRUE
2018,Ralph Breaks the Internet,Animated Feature-Length Film,Lost,,,p001533,TRUE
2018,Spider-Man: Into the Spider-Verse,Animated Feature-Length Film,Lost,,,p000967,TRUE
2018,Spider-Man: Into the Spider-Verse,Animated Feature-Length Film,Lost,,,p001089,TRUE
2018,Spider-Man: Into the Spider-Verse,Animated Feature-Length Film,Lost,,,p001268,TRUE
2018,Spider-Man: Into the Spider-Verse,Animated Feature-Length Film,Lost,,,p001329,TRUE
2018,Spider-Man: Into the Spider-Verse,Animated Feature-Length Film,Lost,,,p001392,TRUE
2018,Bao,Animated Short Film,Won,,,p001158,TRUE
2018,Bao,Animated Short Film,Won,,,p001483,TRUE
2018,Black Panther,Art Direction,Lost,Production design,,p000093,TRUE
2018,Black Panther,Art Direction,Lost,Set decoration,,p000666,TRUE
2018,Isle of Dogs,Art Direction,Lost,Production design,,p000665,TRUE
2018,Isle of Dogs,Art Direction,Lost,Set decoration,,p001558,TRUE
2018,Mary Poppins Returns,Art Direction,Lost,Production design,,p001150,TRUE
2018,Mary Poppins Returns,Art Direction,Lost,Set decoration,,p001497,TRUE
2018,Roma,Art Direction,Lost,Production design,,p000209,TRUE
2018,Roma,Art Direction,Lost,Set decoration,,p000439,TRUE
2018,The Favourite,Art Direction,Won,Production design,,p000325,TRUE
2018,The Favourite,Art Direction,Won,Set decoration,,p000464,TRUE
2018,A Star Is Born,Cinematography,Lost,,,p000946,TRUE
2018,Cold War,Cinematography,Won,,,p001810,TRUE
2018,Roma,Cinematography,Lost,,,p000331,TRUE
2018,The Favourite,Cinematography,Lost,,,p001409,TRUE
2018,Black Panther,Costuming,Lost,,,p000232,TRUE
2018,"Mary, Queen of Scots",Costuming,Lost,,,p000208,TRUE
2018,The Ballad of Buster Scruggs,Costuming,Lost,,,p001785,TRUE
2018,The Favourite,Costuming,Won,,,p001298,TRUE
2018,The Nutcracker and the Four Realms,Costuming,Lost,,,p000095,TRUE
2018,A Star Is Born,Director,Lost,,,p000305,TRUE
2018,Cold War,Director,Lost,,,p001256,TRUE
2018,Green Book,Director,Lost,,,p000458,TRUE
2018,Roma,Director,Won,,,p000331,TRUE
2018,The Favourite,Director,Lost,,,p000909,TRUE
2018,Free Solo,Documentary Film,Won,,,p000260,TRUE
2018,Free Solo,Documentary Film,Won,,,p000383,TRUE
2018,Free Solo,Documentary Film,Won,,,p000673,TRUE
2018,Free Solo,Documentary Film,Won,,,p001649,TRUE
2018,Kusama Infinity,Documentary Film,Lost,,,p000164,TRUE
2018,Kusama Infinity,Documentary Film,Lost,,,p000783,TRUE
2018,Kusama Infinity,Documentary Film,Lost,,,p000858,TRUE
2018,Kusama Infinity,Documentary Film,Lost,,,p000939,TRUE
2018,RBG,Documentary Film,Lost,,,p000292,TRUE
2018,RBG,Documentary Film,Lost,,,p001708,TRUE
2018,Avengers: Infinity War,Effects,Lost,,,p000362,TRUE
2018,Avengers: Infinity War,Effects,Lost,,,p000414,TRUE
2018,Avengers: Infinity War,Effects,Lost,,,p001293,TRUE
2018,Avengers: Infinity War,Effects,Lost,,,p001570,TRUE
2018,First Man,Effects,Lost,,,p000741,TRUE
2018,First Man,Effects,Lost,,,p000889,TRUE
2018,First Man,Effects,Lost,,,p001151,TRUE
2018,First Man,Effects,Lost,,,p001449,TRUE
2018,Ready Player One,Effects,Won,,,p000206,TRUE
2018,Ready Player One,Effects,Won,,,p000288,TRUE
2018,Ready Player One,Effects,Won,,,p000620,TRUE
2018,Ready Player One,Effects,Won,,,p001486,TRUE
2018,Cold War,Film Editing,Lost,,,p000805,TRUE
2018,Green Book,Film Editing,Lost,,,p000392,TRUE
2018,Roma,Film Editing,Lost,,,p000587,TRUE
2018,Spider-Man: Into the Spider-Verse,Film Editing,Lost,,,p000483,TRUE
2018,The Favourite,Film Editing,Won,,,p001026,TRUE
2018,Cold War,Foreign Film,Lost,,,p001256,TRUE
2018,Roma,Foreign Film,Won,,,p000331,TRUE
2018,A Star Is Born,Live-Action Feature-Length Film,Lost,,,p000305,TRUE
2018,A Star Is Born,Live-Action Feature-Length Film,Lost,,,p000545,TRUE
2018,A Star Is Born,Live-Action Feature-Length Film,Lost,,,p000733,TRUE
2018,Cold War,Live-Action Feature-Length Film,Lost,,,p001311,TRUE
2018,Cold War,Live-Action Feature-Length Film,Lost,,,p001460,TRUE
2018,Green Book,Live-Action Feature-Length Film,Lost,,,p000188,TRUE
2018,Green Book,Live-Action Feature-Length Film,Lost,,,p000336,TRUE
2018,Green Book,Live-Action Feature-Length Film,Lost,,,p000458,TRUE
2018,Green Book,Live-Action Feature-Length Film,Lost,,,p001645,TRUE
2018,Green Book,Live-Action Feature-Length Film,Lost,,,p001707,TRUE
2018,Roma,Live-Action Feature-Length Film,Won,,,p000331,TRUE
2018,Roma,Live-Action Feature-Length Film,Won,,,p001378,TRUE
2018,The Favourite,Live-Action Feature-Length Film,Lost,,,p000371,TRUE
2018,The Favourite,Live-Action Feature-Length Film,Lost,,,p000617,TRUE
2018,The Favourite,Live-Action Feature-Length Film,Lost,,,p000909,TRUE
2018,The Favourite,Live-Action Feature-Length Film,Lost,,,p000988,TRUE
2018,Vice,Make-Up & Hairstyling,Won,,,p000131,TRUE
2018,Vice,Make-Up & Hairstyling,Won,,,p000222,TRUE
2018,Vice,Make-Up & Hairstyling,Won,,,p000367,TRUE
2018,A Quiet Place,Original Score,Lost,,,p000111,TRUE
2018,Black Panther,Original Score,Lost,,,p000624,TRUE
2018,First Man,Original Score,Lost,,,p000745,TRUE
2018,If Beale Street Could Talk,Original Score,Lost,,,p000171,TRUE
2018,Isle of Dogs,Original Score,Won,,,p000377,TRUE
2018,A Star Is Born,Original Song,Won,Music and Lyrics,Shallow,p000527,TRUE
2018,A Star Is Born,Original Song,Won,Music and Lyrics,Shallow,p001386,TRUE
2018,Boy Erased,Original Song,Lost,,Revelation,p001510,TRUE
2018,Dumplin',Original Song,Lost,,Girl in the Movies,p001246,TRUE
2018,A Star Is Born,Screenplay (Adapted),Lost,,"The 1954 film by Moss Hart, 1976 film by Joan Didion, John Gregory Dunne and Frank Pierson, and story by Robert Carson and William A. Wellman",p000305,TRUE
2018,A Star Is Born,Screenplay (Adapted),Lost,,"The 1954 film by Moss Hart, 1976 film by Joan Didion, John Gregory Dunne and Frank Pierson, and story by Robert Carson and William A. Wellman",p000470,TRUE
2018,A Star Is Born,Screenplay (Adapted),Lost,,"The 1954 film by Moss Hart, 1976 film by Joan Didion, John Gregory Dunne and Frank Pierson, and story by Robert Carson and William A. Wellman",p001391,TRUE
2018,BlacKkKlansman,Screenplay (Adapted),Lost,,the book by Ron Stallworth,p000931,TRUE
2018,BlacKkKlansman,Screenplay (Adapted),Lost,,the book by Ron Stallworth,p001316,TRUE
2018,BlacKkKlansman,Screenplay (Adapted),Lost,,the book by Ron Stallworth,p001664,TRUE
2018,BlacKkKlansman,Screenplay (Adapted),Lost,,the book by Ron Stallworth,p001736,TRUE
2018,Can You Ever Forgive Me?,Screenplay (Adapted),Won,,The memoir by Lee Israel,p000725,TRUE
2018,Can You Ever Forgive Me?,Screenplay (Adapted),Won,,The memoir by Lee Israel,p001721,TRUE
2018,On the Basis of Sex,Screenplay (Adapted),Lost,,the early cases of Supreme Court Justice Ruth Bader Ginsburg,p001556,TRUE
2018,The Wife,Screenplay (Adapted),Lost,,the novel by Meg Wolitzer,p000032,TRUE
2018,A Quiet Place,Screenplay (Original),Lost,,,p000098,TRUE
2018,A Quiet Place,Screenplay (Original),Lost,,,p001752,TRUE
2018,Green Book,Screenplay (Original),Lost,,,p000336,TRUE
2018,Green Book,Screenplay (Original),Lost,,,p000458,TRUE
2018,Green Book,Screenplay (Original),Lost,,,p001645,TRUE
2018,Roma,Screenplay (Original),Won,,,p000331,TRUE
2018,Sorry to Bother You,Screenplay (Original),Lost,,,p001362,TRUE
2018,The Favourite,Screenplay (Original),Lost,,,p000352,TRUE
2018,The Favourite,Screenplay (Original),Lost,,,p001059,TRUE
2018,A Quiet Place,Sound Editing,Won,,,p000001,TRUE
2018,A Quiet Place,Sound Editing,Won,,,p001804,TRUE
2018,Black Panther,Sound Editing,Lost,,,p000149,TRUE
2018,Black Panther,Sound Editing,Lost,,,p000199,TRUE
2018,Bohemian Rhapsody,Sound Editing,Lost,,,p000668,TRUE
2018,Bohemian Rhapsody,Sound Editing,Lost,,,p001681,TRUE
2018,First Man,Sound Editing,Lost,,,p000926,TRUE
2018,First Man,Sound Editing,Lost,,,p001121,TRUE
2018,Ready Player One,Sound Editing,Lost,,,p000747,TRUE
2018,Ready Player One,Sound Editing,Lost,,,p001410,TRUE
2018,A Star Is Born,Sound Mixing,Won,,,p001128,TRUE
2018,A Star Is Born,Sound Mixing,Won,,,p001225,TRUE
2018,A Star Is Born,Sound Mixing,Won,,,p001400,TRUE
2018,A Star Is Born,Sound Mixing,Won,,,p001787,TRUE
2018,Bohemian Rhapsody,Sound Mixing,Lost,,,p000234,TRUE
2018,Bohemian Rhapsody,Sound Mixing,Lost,,,p000240,TRUE
2018,Bohemian Rhapsody,Sound Mixing,Lost,,,p001024,TRUE
2018,Cold War,Sound Mixing,Lost,,,p000856,TRUE
2018,Cold War,Sound Mixing,Lost,,,p001257,TRUE
2018,Isle of Dogs,Sound Mixing,Lost,,,p000936,TRUE
2018,Isle of Dogs,Sound Mixing,Lost,,,p001433,TRUE
2018,Roma,Sound Mixing,Lost,,,p000530,TRUE
2018,Roma,Sound Mixing,Lost,,,p000691,TRUE
2018,Roma,Sound Mixing,Lost,,,p000947,TRUE
2019,Joker,Actor in a Leading Role,Lost,Arthur Fleck / Joker,,p001276,TRUE
2019,Marriage Story,Actor in a Leading Role,Won,Charlie Barber,,p000401,TRUE
2019,Pain and Glory,Actor in a Leading Role,Lost,Salvador Mallo,,p000076,TRUE
2019,The Two Popes,Actor in a Leading Role,Lost,Cardinal Jorge Mario Bergoglio,,p001304,TRUE
2019,Uncut Gems,Actor in a Leading Role,Lost,Ken Miles,,p001423,TRUE
2019,A Beautiful Day in the Neighborhood,Actor in a Supporting Role,Lost,Fred Rogers,,p000650,TRUE
2019,Once Upon a Time in Hollywood,Actor in a Supporting Role,Lost,Cliff Booth,,p001281,TRUE
2019,Parasite,Actor in a Supporting Role,Lost,Ki-taek Kim,,p001528,TRUE
2019,The Irishman,Actor in a Supporting Role,Won,Russell Bufalino,,p001269,TRUE
2019,The Two Popes,Actor in a Supporting Role,Lost,Pope Benedict XVI,,p000728,TRUE
2019,Bombshell,Actress in a Leading Role,Lost,Megyn Kelly,,p001607,TRUE
2019,Judy,Actress in a Leading Role,Lost,Judy Garland,,p001777,TRUE
2019,Little Women,Actress in a Leading Role,Lost,"Josephine ""Jo"" March",,p001385,TRUE
2019,Marriage Story,Actress in a Leading Role,Lost,Nicole Barber,,p000779,TRUE
2019,Us,Actress in a Leading Role,Won,Adelaide Wilson / Red,,p001187,TRUE
2019,Bombshell,Actress in a Supporting Role,Lost,Gretchen Carlson,,p000829,TRUE
2019,Bombshell,Actress in a Supporting Role,Lost,Kayla Pospisil,,p001370,TRUE
2019,Little Women,Actress in a Supporting Role,Won,Amy March,,p001309,TRUE
2019,Marriage Story,Actress in a Supporting Role,Lost,Nora Fanshaw,,p000375,TRUE
2019,The Farewell,Actress in a Supporting Role,Lost,Ramona Vega,,p001779,TRUE
2019,1917,Art Direction,Lost,Production design,,p000536,TRUE
2019,1917,Art Direction,Lost,Set decoration,,p001419,TRUE
2019,Once Upon a Time in Hollywood,Art Direction,Lost,Set decoration,,p000630,TRUE
2019,Once Upon a Time in Hollywood,Art Direction,Lost,Production design,,p000950,TRUE
2019,Parasite,Art Direction,Won,Set decoration,,p000263,TRUE
2019,Parasite,Art Direction,Won,Production design,,p000930,TRUE
2019,The Irishman,Art Direction,Lost,Set decoration,,p000597,TRUE
2019,The Irishman,Art Direction,Lost,Production design,,p001475,TRUE
2019,Us,Art Direction,Lost,Production design,,p001793,TRUE
2019,1917,Cinematography,Won,,,p000365,TRUE
2019,Ford v Ferrari,Cinematography,Lost,,,p001231,TRUE
2019,Parasite,Cinematography,Lost,,,p000726,TRUE
2019,The Last Black Man in San Francisco,Cinematography,Lost,,,p001167,TRUE
2019,The Lighthouse,Cinematography,Lost,,,p000136,TRUE
2019,Dolemite Is My Name,Costuming,Lost,,,p000232,TRUE
2019,Jojo Rabbit,Costuming,Lost,,,p001399,TRUE
2019,Joker,Costuming,Lost,,,p000169,TRUE
2019,Little Women,Costuming,Won,,,p000410,TRUE
2019,Once Upon a Time in Hollywood,Costuming,Lost,,,p001273,TRUE
2019,1917,Director,Lost,,,p001072,TRUE
2019,Joker,Director,Lost,,,p001275,TRUE
2019,Little Women,Director,Lost,,,p000547,TRUE
2019,Marriage Story,Director,Lost,,,p000090,TRUE
2019,Parasite,Director,Won,,,p000151,TRUE
2019,1917,Effects,Won,,,p000205,TRUE
2019,1917,Effects,Won,,,p001374,TRUE
2019,1917,Effects,Won,,,p001634,TRUE
2019,Avengers: Endgame,Effects,Lost,,,p000016,TRUE
2019,Avengers: Endgame,Effects,Lost,,,p000362,TRUE
2019,Avengers: Endgame,Effects,Lost,,,p000414,TRUE
2019,Avengers: Endgame,Effects,Lost,,,p001570,TRUE
2019,The Lion King,Effects,Lost,,,p000790,TRUE
2019,The Lion King,Effects,Lost,,,p000932,TRUE
2019,The Lion King,Effects,Lost,,,p001164,TRUE
2019,The Lion King,Effects,Lost,,,p001644,TRUE
2019,Ford v Ferrari,Film Editing,Won,,,p000182,TRUE
2019,Ford v Ferrari,Film Editing,Won,,,p001042,TRUE
2019,Joker,Film Editing,Lost,,,p000613,TRUE
2019,Marriage Story,Film Editing,Lost,,,p000892,TRUE
2019,Once Upon a Time in Hollywood,Film Editing,Lost,,,p001333,TRUE
2019,Parasite,Film Editing,Lost,,,p001759,TRUE
2019,Pain and Glory,Foreign Film,Lost,,,p000028,TRUE
2019,Parasite,Foreign Film,Won,,,p000151,TRUE
2019,Portrait of a Lady on Fire,Foreign Film,Lost,,,p001451,TRUE
2019,1917,Live-Action Feature-Length Film,Lost,,,p000662,TRUE
2019,1917,Live-Action Feature-Length Film,Lost,,,p001045,TRUE
2019,1917,Live-Action Feature-Length Film,Lost,,,p001072,TRUE
2019,1917,Live-Action Feature-Length Film,Lost,,,p001603,TRUE
2019,Joker,Live-Action Feature-Length Film,Lost,,,p000305,TRUE
2019,Joker,Live-Action Feature-Length Film,Lost,,,p001275,TRUE
2019,Joker,Live-Action Feature-Length Film,Lost,,,p001619,TRUE
2019,Little Women,Live-Action Feature-Length Film,Lost,,,p001247,TRUE
2019,Marriage Story,Live-Action Feature-Length Film,Lost,,,p000090,TRUE
2019,Marriage Story,Live-Action Feature-Length Film,Lost,,,p000702,TRUE
2019,Parasite,Live-Action Feature-Length Film,Won,,,p000151,TRUE
2019,Parasite,Live-Action Feature-Length Film,Won,,,p000879,TRUE
2019,1917,Make-Up & Hairstyling,Lost,,,p000293,TRUE
2019,1917,Make-Up & Hairstyling,Lost,,,p000393,TRUE
2019,1917,Make-Up & Hairstyling,Lost,,,p001655,TRUE
2019,Bombshell,Make-Up & Hairstyling,Won,,,p000070,TRUE
2019,Bombshell,Make-Up & Hairstyling,Won,,,p000712,TRUE
2019,Bombshell,Make-Up & Hairstyling,Won,,,p001120,TRUE
2019,Dolemite Is My Name,Make-Up & Hairstyling,Lost,,,p000453,TRUE
2019,Dolemite Is My Name,Make-Up & Hairstyling,Lost,,,p001126,TRUE
2019,Dolemite Is My Name,Make-Up & Hairstyling,Lost,,,p001660,TRUE
2019,Joker,Make-Up & Hairstyling,Lost,,,p000544,TRUE
2019,Joker,Make-Up & Hairstyling,Lost,,,p000924,TRUE
2019,Judy,Make-Up & Hairstyling,Lost,,,p001751,TRUE
2019,Joker,Original Score,Lost,,,p000621,TRUE
2019,Little Women,Original Score,Won,,,p000376,TRUE
2019,Marriage Story,Original Score,Lost,,,p001165,TRUE
2019,Midsommar,Original Score,Lost,,,p000870,TRUE
2019,Parasite,Original Score,Lost,,,p000799,TRUE
2019,Jojo Rabbit,Screenplay (Adapted),Lost,Story and Screenplay,the novel Caging Skies by Christine Leunens,p001668,TRUE
2019,Joker,Screenplay (Adapted),Lost,Story and Screenplay,"characters created by Bill Finger, Bob Kane, and Jerry Robinson",p001275,TRUE
2019,Joker,Screenplay (Adapted),Lost,Story and Screenplay,"characters created by Bill Finger, Bob Kane, and Jerry Robinson",p001495,TRUE
2019,Little Women,Screenplay (Adapted),Lost,Story and Screenplay,the novel by Louisa May Alcott,p000547,TRUE
2019,The Two Popes,Screenplay (Adapted),Won,Story and Screenplay,McCarten's play The Pope,p001035,TRUE
2019,1917,Screenplay (Original),Lost,Story and Screenplay,,p001072,TRUE
2019,1917,Screenplay (Original),Lost,Story and Screenplay,,p001740,TRUE
2019,Booksmart,Screenplay (Original),Lost,Story and Screenplay,,p000495,TRUE
2019,Booksmart,Screenplay (Original),Lost,Story and Screenplay,,p000640,TRUE
2019,Booksmart,Screenplay (Original),Lost,Story and Screenplay,,p000670,TRUE
2019,Booksmart,Screenplay (Original),Lost,Story and Screenplay,,p001494,TRUE
2019,Marriage Story,Screenplay (Original),Lost,Story and Screenplay,,p000090,TRUE
2019,Parasite,Screenplay (Original),Won,Story and Screenplay,,p000151,TRUE
2019,Parasite,Screenplay (Original),Won,Screenplay,,p000647,TRUE
2019,Uncut Gems,Screenplay (Original),Lost,Story and Screenplay,,p000173,TRUE
2019,Uncut Gems,Screenplay (Original),Lost,Story and Screenplay,,p001413,TRUE
2019,Uncut Gems,Screenplay (Original),Lost,Story and Screenplay,,p001414,TRUE
2019,1917,Sound Editing,Lost,,,p001592,TRUE
2019,1917,Sound Editing,Lost,,,p001594,TRUE
2019,Avengers: Endgame,Sound Editing,Lost,,,p000914,TRUE
2019,Avengers: Endgame,Sound Editing,Lost,,,p001096,TRUE
2019,Ford v Ferrari,Sound Editing,Won,,,p001582,TRUE
2019,Joker,Sound Editing,Lost,,,p001145,TRUE
2019,Once Upon a Time in Hollywood,Sound Editing,Lost,,,p001544,TRUE
2019,1917,Sound Mixing,Won,,,p001597,TRUE
2019,1917,Sound Mixing,Won,,,p001739,TRUE
2019,Ford v Ferrari,Sound Mixing,Lost,,,p000551,TRUE
2019,Ford v Ferrari,Sound Mixing,Lost,,,p001024,TRUE
2019,Ford v Ferrari,Sound Mixing,Lost,,,p001128,TRUE
2019,Joker,Sound Mixing,Lost,,,p000991,TRUE
2019,Joker,Sound Mixing,Lost,,,p001225,TRUE
2019,Joker,Sound Mixing,Lost,,,p001787,TRUE
2019,Once Upon a Time in Hollywood,Sound Mixing,Lost,,,p001098,TRUE
2019,Once Upon a Time in Hollywood,Sound Mixing,Lost,,,p001099,TRUE
2019,Once Upon a Time in Hollywood,Sound Mixing,Lost,,,p001637,TRUE
2019,Parasite,Sound Mixing,Lost,,,p000264,TRUE
2019,Parasite,Sound Mixing,Lost,,,p000632,TRUE
2020,Another Round,Actor in a Leading Role,Lost,Martin,,p001084,TRUE
2020,Minari,Actor in a Leading Role,Lost,Jacob Yi,,p001767,TRUE
2020,One Night in Miami...,Actor in a Leading Role,Lost,Malcolm X,,p000113,TRUE
2020,Sound of Metal,Actor in a Leading Role,Lost,Ruben Stone,,p000012,TRUE
2020,The Father,Actor in a Leading Role,Won,Anthony,,p000728,TRUE
2020,Da 5 Bloods,Actor in a Supporting Role,Lost,Otis,,p001270,TRUE
2020,Judas and the Black Messiah,Actor in a Supporting Role,Won,Fred Hampton,,p000804,TRUE
2020,Minari,Actor in a Supporting Role,Lost,David,,p000833,TRUE
2020,Pieces of a Woman,Actor in a Supporting Role,Lost,Sean,,p000883,TRUE
2020,Sound of Metal,Actor in a Supporting Role,Lost,Joe,,p001317,TRUE
2020,Hillbilly Elegy,Actress in a Leading Role,Lost,Bev,,p000007,TRUE
2020,Nomadland,Actress in a Leading Role,Lost,Fern,,p001044,TRUE
2020,Pieces of a Woman,Actress in a Leading Role,Lost,Martha Weiss,,p000845,TRUE
2020,Promising Young Woman,Actress in a Leading Role,Won,Cassandra,,p001137,TRUE
2020,The Prom,Actress in a Leading Role,Lost,Dee Dee Allen,,p001568,TRUE
2020,Borat Subsequent Moviefilm: Delivery of Prodigious Bride to American Regime for Make Benefit Once Glorious Nation of Kazakhstan,Actress in a Supporting Role,Won,Tutar Sagdiyev,,p000067,TRUE
2020,Hillbilly Elegy,Actress in a Supporting Role,Lost,"Bonnie ""Mamaw"" Vance",,p000283,TRUE
2020,Mank,Actress in a Supporting Role,Lost,Marion Davies,,p001468,TRUE
2020,Minari,Actress in a Supporting Role,Lost,Soon-ja,,p001771,TRUE
2020,The Father,Actress in a Supporting Role,Lost,Anne,,p000297,TRUE
2020,Onward,Animated Feature-Length Film,Lost,,,p001319,TRUE
2020,Onward,Animated Feature-Length Film,Lost,,,p001432,TRUE
2020,Soul,Animated Feature-Length Film,Lost,,,p000387,TRUE
2020,Soul,Animated Feature-Length Film,Lost,,,p001146,TRUE
2020,Wolfwalkers,Animated Feature-Length Film,Won,,,p001117,TRUE
2020,Wolfwalkers,Animated Feature-Length Film,Won,,,p001379,TRUE
2020,Wolfwalkers,Animated Feature-Length Film,Won,,,p001555,TRUE
2020,Wolfwalkers,Animated Feature-Length Film,Won,,,p001773,TRUE
2020,Burrow,Animated Short Film,Won,,,p000225,TRUE
2020,Burrow,Animated Short Film,Won,,,p001473,TRUE
2020,Ma Rainey's Black Bottom,Art Direction,Won,Set decoration,,p001194,TRUE
2020,Ma Rainey's Black Bottom,Art Direction,Won,Production design,,p001359,TRUE
2020,Ma Rainey's Black Bottom,Art Direction,Won,Set decoration,,p001540,TRUE
2020,Mank,Art Direction,Lost,Production design,,p000195,TRUE
2020,Mank,Art Direction,Lost,Set decoration,,p001248,TRUE
2020,News of the World,Art Direction,Lost,Production design,,p000323,TRUE
2020,News of the World,Art Direction,Lost,Set decoration,,p000819,TRUE
2020,Tenet,Art Direction,Lost,Production design,,p000329,TRUE
2020,Tenet,Art Direction,Lost,Set decoration,,p000973,TRUE
2020,Wonder Woman 1984,Art Direction,Lost,Production design,,p000150,TRUE
2020,Wonder Woman 1984,Art Direction,Lost,Set decoration,,p000978,TRUE
2020,First Cow,Cinematography,Lost,,,p000137,TRUE
2020,Mank,Cinematography,Won,,,p001077,TRUE
2020,News of the World,Cinematography,Lost,,,p001747,TRUE
2020,Nomadland,Cinematography,Lost,,,p001356,TRUE
2020,Promising Young Woman,Cinematography,Lost,,,p000867,TRUE
2020,Emma,Costuming,Lost,,,p000208,TRUE
2020,Judas and the Black Messiah,Costuming,Lost,,,p000792,TRUE
2020,Ma Rainey's Black Bottom,Costuming,Won,,,p001390,TRUE
2020,Mank,Costuming,Lost,,,p001574,TRUE
2020,Pinocchio,Costuming,Lost,,,p001244,TRUE
2020,Da 5 Bloods,Director,Lost,,,p001007,TRUE
2020,Greyhound,Director,Lost,,,p001437,TRUE
2020,Minari,Director,Lost,,,p000269,TRUE
2020,Promising Young Woman,Director,Won,,,p000466,TRUE
2020,The Father,Director,Lost,,,p001776,TRUE
2020,David Attenborough: A Life on Our Planet,Documentary Film,Lost,,,p000502,TRUE
2020,David Attenborough: A Life on Our Planet,Documentary Film,Lost,,,p000737,TRUE
2020,David Attenborough: A Life on Our Planet,Documentary Film,Lost,,,p001439,TRUE
2020,My Octopus Teacher,Documentary Film,Won,,,p000419,TRUE
2020,My Octopus Teacher,Documentary Film,Won,,,p000500,TRUE
2020,My Octopus Teacher,Documentary Film,Won,,,p001340,TRUE
2020,The Mole Agent,Documentary Film,Lost,,,p000017,TRUE
2020,The Mole Agent,Documentary Film,Lost,,,p001425,TRUE
2020,The Social Dilemma,Documentary Film,Lost,,,p001218,TRUE
2020,The Social Dilemma,Documentary Film,Lost,,,p001352,TRUE
2020,Greyhound,Effects,Lost,,,p001174,TRUE
2020,Greyhound,Effects,Lost,,,p001232,TRUE
2020,Greyhound,Effects,Lost,,,p001430,TRUE
2020,Greyhound,Effects,Lost,,,p001517,TRUE
2020,Tenet,Effects,Won,,,p000485,TRUE
2020,Tenet,Effects,Won,,,p000764,TRUE
2020,Tenet,Effects,Won,,,p000929,TRUE
2020,Tenet,Effects,Won,,,p000961,TRUE
2020,The One and Only Ivan,Effects,Lost,,,p000354,TRUE
2020,The One and Only Ivan,Effects,Lost,,,p000482,TRUE
2020,The One and Only Ivan,Effects,Lost,,,p000791,TRUE
2020,The One and Only Ivan,Effects,Lost,,,p001019,TRUE
2020,Tne Midnight Sky,Effects,Lost,,,p000811,TRUE
2020,Tne Midnight Sky,Effects,Lost,,,p000919,TRUE
2020,Tne Midnight Sky,Effects,Lost,,,p001525,TRUE
2020,Tne Midnight Sky,Effects,Lost,,,p001690,TRUE
2020,Welcome to Chechnya,Effects,Lost,,,p000033,TRUE
2020,Welcome to Chechnya,Effects,Lost,,,p000373,TRUE
2020,Welcome to Chechnya,Effects,Lost,,,p000648,TRUE
2020,Welcome to Chechnya,Effects,Lost,,,p000900,TRUE
2020,Borat Subsequent Moviefilm: Delivery of Prodigious Bride to American Regime for Make Benefit Once Glorious Nation of Kazakhstan,Film Editing,Lost,,,p000029,TRUE
2020,Borat Subsequent Moviefilm: Delivery of Prodigious Bride to American Regime for Make Benefit Once Glorious Nation of Kazakhstan,Film Editing,Lost,,,p000550,TRUE
2020,Borat Subsequent Moviefilm: Delivery of Prodigious Bride to American Regime for Make Benefit Once Glorious Nation of Kazakhstan,Film Editing,Lost,,,p001609,TRUE
2020,Minari,Film Editing,Lost,,,p001768,TRUE
2020,Nomadland,Film Editing,Lost,,,p001778,TRUE
2020,Sound of Metal,Film Editing,Lost,,,p001171,TRUE
2020,The Father,Film Editing,Won,,,p000893,TRUE
2020,Another Round,Foreign Film,Lost,,,p001662,TRUE
2020,Minari,Foreign Film,Won,,,p000532,TRUE
2020,Minari,Foreign Film,Won,,,p000850,TRUE
2020,Minari,Foreign Film,Won,,,p001204,TRUE
2020,Borat Subsequent Moviefilm: Delivery of Prodigious Bride to American Regime for Make Benefit Once Glorious Nation of Kazakhstan,Live-Action Feature-Length Film,Lost,,,p000083,TRUE
2020,Borat Subsequent Moviefilm: Delivery of Prodigious Bride to American Regime for Make Benefit Once Glorious Nation of Kazakhstan,Live-Action Feature-Length Film,Lost,,,p000710,TRUE
2020,Borat Subsequent Moviefilm: Delivery of Prodigious Bride to American Regime for Make Benefit Once Glorious Nation of Kazakhstan,Live-Action Feature-Length Film,Lost,,,p000944,TRUE
2020,Minari,Live-Action Feature-Length Film,Lost,,,p001204,TRUE
2020,Promising Young Woman,Live-Action Feature-Length Film,Lost,,,p000175,TRUE
2020,Promising Young Woman,Live-Action Feature-Length Film,Lost,,,p000466,TRUE
2020,Promising Young Woman,Live-Action Feature-Length Film,Lost,,,p000504,TRUE
2020,Sound of Metal,Live-Action Feature-Length Film,Lost,,,p000112,TRUE
2020,Sound of Metal,Live-Action Feature-Length Film,Lost,,,p000642,TRUE
2020,The Father,Live-Action Feature-Length Film,Won,,,p000228,TRUE
2020,The Father,Live-Action Feature-Length Film,Won,,,p000957,TRUE
2020,The Father,Live-Action Feature-Length Film,Won,,,p001235,TRUE
2020,Emma,Make-Up & Hairstyling,Lost,,,p000022,TRUE
2020,Emma,Make-Up & Hairstyling,Lost,,,p000905,TRUE
2020,Emma,Make-Up & Hairstyling,Lost,,,p001564,TRUE
2020,Hillbilly Elegy,Make-Up & Hairstyling,Lost,,,p000367,TRUE
2020,Hillbilly Elegy,Make-Up & Hairstyling,Lost,,,p000871,TRUE
2020,Hillbilly Elegy,Make-Up & Hairstyling,Lost,,,p001139,TRUE
2020,Ma Rainey's Black Bottom,Make-Up & Hairstyling,Lost,,,p000040,TRUE
2020,Ma Rainey's Black Bottom,Make-Up & Hairstyling,Lost,,,p000258,TRUE
2020,Ma Rainey's Black Bottom,Make-Up & Hairstyling,Lost,,,p001154,TRUE
2020,Mank,Make-Up & Hairstyling,Lost,,,p001537,TRUE
2020,Mank,Make-Up & Hairstyling,Lost,,,p001729,TRUE
2020,Pinocchio,Make-Up & Hairstyling,Won,,,p000294,TRUE
2020,Pinocchio,Make-Up & Hairstyling,Won,,,p000321,TRUE
2020,Pinocchio,Make-Up & Hairstyling,Won,,,p001262,TRUE
2020,Mank,Original Score,Won,,,p001351,TRUE
2020,Mank,Original Score,Won,,,p001388,TRUE
2020,Soul,Original Score,Lost,,,p000089,TRUE
2020,Soul,Original Score,Lost,,,p001351,TRUE
2020,Soul,Original Score,Lost,,,p001388,TRUE
2020,Tenet,Original Score,Lost,,,p000624,TRUE
2020,Wolfwalkers,Original Score,Lost,,,p000319,TRUE
2020,Wonder Woman 1984,Original Score,Lost,,,p001780,TRUE
2020,Eurovision Song Contest: The Story of Fire Saga,Original Song,Won,,Husavik,p000614,TRUE
2020,Eurovision Song Contest: The Story of Fire Saga,Original Song,Won,,Husavik,p000625,TRUE
2020,Eurovision Song Contest: The Story of Fire Saga,Original Song,Won,,Husavik,p000863,TRUE
2020,Judas and the Black Messiah,Original Song,Lost,,Fight for You,p000435,TRUE
2020,Judas and the Black Messiah,Original Song,Lost,,Fight for You,p000626,TRUE
2020,Judas and the Black Messiah,Original Song,Lost,,Fight for You,p001611,TRUE
2020,One Night in Miami...,Original Song,Lost,Music and Lyrics,Speak Now,p001201,TRUE
2020,Sound of Metal,Original Song,Lost,,Green,p001006,TRUE
2020,Wolfwalkers,Original Song,Lost,,Running with the Wolves,p000061,TRUE
2020,Borat Subsequent Moviefilm: Delivery of Prodigious Bride to American Regime for Make Benefit Once Glorious Nation of Kazakhstan,Screenplay (Adapted),Lost,Story and Screenplay,the character Borat Sagdiyev by Baron Cohen,p000083,TRUE
2020,Borat Subsequent Moviefilm: Delivery of Prodigious Bride to American Regime for Make Benefit Once Glorious Nation of Kazakhstan,Screenplay (Adapted),Lost,Screenplay,the character Borat Sagdiyev by Baron Cohen,p000092,TRUE
2020,Borat Subsequent Moviefilm: Delivery of Prodigious Bride to American Regime for Make Benefit Once Glorious Nation of Kazakhstan,Screenplay (Adapted),Lost,Screenplay,the character Borat Sagdiyev by Baron Cohen,p000521,TRUE
2020,Borat Subsequent Moviefilm: Delivery of Prodigious Bride to American Regime for Make Benefit Once Glorious Nation of Kazakhstan,Screenplay (Adapted),Lost,Story and Screenplay,the character Borat Sagdiyev by Baron Cohen,p000710,TRUE
2020,Borat Subsequent Moviefilm: Delivery of Prodigious Bride to American Regime for Make Benefit Once Glorious Nation of Kazakhstan,Screenplay (Adapted),Lost,Screenplay,the character Borat Sagdiyev by Baron Cohen,p000828,TRUE
2020,Borat Subsequent Moviefilm: Delivery of Prodigious Bride to American Regime for Make Benefit Once Glorious Nation of Kazakhstan,Screenplay (Adapted),Lost,Screenplay,the character Borat Sagdiyev by Baron Cohen,p001029,TRUE
2020,Borat Subsequent Moviefilm: Delivery of Prodigious Bride to American Regime for Make Benefit Once Glorious Nation of Kazakhstan,Screenplay (Adapted),Lost,Story,the character Borat Sagdiyev by Baron Cohen,p001260,TRUE
2020,Borat Subsequent Moviefilm: Delivery of Prodigious Bride to American Regime for Make Benefit Once Glorious Nation of Kazakhstan,Screenplay (Adapted),Lost,Screenplay,the character Borat Sagdiyev by Baron Cohen,p001366,TRUE
2020,Borat Subsequent Moviefilm: Delivery of Prodigious Bride to American Regime for Make Benefit Once Glorious Nation of Kazakhstan,Screenplay (Adapted),Lost,Story and Screenplay,the character Borat Sagdiyev by Baron Cohen,p001580,TRUE
2020,First Cow,Screenplay (Adapted),Lost,Story and Screenplay,"The novel ""The Half Life"" by Raymond",p001336,TRUE
2020,First Cow,Screenplay (Adapted),Lost,Screenplay,"The novel ""The Half Life"" by Raymond",p001344,TRUE
2020,Nomadland,Screenplay (Adapted),Lost,Story and Screenplay,The book by Jessica Bruder,p001778,TRUE
2020,The Father,Screenplay (Adapted),Won,Screenplay,The play by Zeller,p000646,TRUE
2020,The Father,Screenplay (Adapted),Won,Story and Screenplay,The play by Zeller,p001776,TRUE
2020,The White Tiger,Screenplay (Adapted),Lost,Story and Screenplay,The novel by Aravind Adiga,p000064,TRUE
2020,Minari,Screenplay (Original),Won,,,p000269,TRUE
2020,"Never, Rarely, Sometimes, Always",Screenplay (Original),Lost,Story and Screenplay,,p000718,TRUE
2020,Palm Springs,Screenplay (Original),Lost,,,p001489,TRUE
2020,Promising Young Woman,Screenplay (Original),Lost,,,p000466,TRUE
2020,Sound of Metal,Screenplay (Original),Lost,Story,,p000271,TRUE
2020,Sound of Metal,Screenplay (Original),Lost,Screenplay,,p001006,TRUE
2020,Sound of Metal,Screenplay (Original),Lost,Story and Screenplay,,p001008,TRUE
2020,Greyhound,Sound Editing,Lost,,,p001099,TRUE
2020,Greyhound,Sound Editing,Lost,,,p001476,TRUE
2020,Sound of Metal,Sound Editing,Won,,,p000102,TRUE
2020,Tenet,Sound Editing,Lost,,,p000843,TRUE
2020,The Midnight Sky,Sound Editing,Lost,,,p001445,TRUE
2020,The Midnight Sky,Sound Editing,Lost,,,p001608,TRUE
2020,Wonder Woman 1984,Sound Editing,Lost,,,p000161,TRUE
2020,Wonder Woman 1984,Sound Editing,Lost,,,p000843,TRUE
2020,Greyhound,Sound Mixing,Lost,,,p000153,TRUE
2020,Greyhound,Sound Mixing,Lost,,,p001099,TRUE
2020,Greyhound,Sound Mixing,Lost,,,p001476,TRUE
2020,Greyhound,Sound Mixing,Lost,,,p001756,TRUE
2020,Ma Rainey's Black Bottom,Sound Mixing,Lost,,,p000947,TRUE
2020,Ma Rainey's Black Bottom,Sound Mixing,Lost,,,p000965,TRUE
2020,Ma Rainey's Black Bottom,Sound Mixing,Lost,,,p001642,TRUE
2020,News of the World,Sound Mixing,Lost,,,p001094,TRUE
2020,News of the World,Sound Mixing,Lost,,,p001300,TRUE
2020,News of the World,Sound Mixing,Lost,,,p001302,TRUE
2020,Soul,Sound Mixing,Lost,,,p000852,TRUE
2020,Soul,Sound Mixing,Lost,,,p001240,TRUE
2020,Sound of Metal,Sound Mixing,Won,,,p000072,TRUE
2020,Sound of Metal,Sound Mixing,Won,,,p000134,TRUE
2020,Sound of Metal,Sound Mixing,Won,,,p000313,TRUE
2020,Sound of Metal,Sound Mixing,Won,,,p000322,TRUE
2021,Don't Look Up,Actor in a Leading Role,Lost,Dr. Randall Mindy,,p001799,TRUE
2021,Drive My Car,Actor in a Leading Role,Won,Yūsuke Kafuku,,p001173,TRUE
2021,King Richard,Actor in a Leading Role,Lost,Richard Williams,,p001522,TRUE
2021,The Electrical Life of Louis Wain,Actor in a Leading Role,Lost,Louis Wain,,p000334,TRUE
2021,The Power of the Dog,Actor in a Leading Role,Lost,Phil Burbank,,p000334,TRUE
2021,"tick, tick...BOOM!",Actor in a Leading Role,Lost,Jonathan Larson,,p000533,TRUE
2021,CODA,Actor in a Supporting Role,Won,Frank Rossi,,p000864,TRUE
2021,Drive My Car,Actor in a Supporting Role,Lost,Kōji Takatsuki,,p001206,TRUE
2021,House of Gucci,Actor in a Supporting Role,Lost,Rodolfo Gucci,,p000758,TRUE
2021,Licorice Pizza,Actor in a Supporting Role,Lost,Jon Peters,,p000305,TRUE
2021,The Power of the Dog,Actor in a Supporting Role,Lost,Peter Gordon,,p001515,TRUE
2021,Being the Ricardos,Actress in a Leading Role,Won,Lucille Ball,,p000829,TRUE
2021,Licorice Pizza,Actress in a Leading Role,Lost,Alana Kane,,p000631,TRUE
2021,The Eyes of Tammy Faye,Actress in a Leading Role,Lost,Tammy Faye Bakker,,p000252,TRUE
2021,The Lost Daughter,Actress in a Leading Role,Lost,Leda Caruso,,p000297,TRUE
2021,The Tragedy of Macbeth,Actress in a Leading Role,Lost,Lady Macbeth,,p001044,TRUE
2021,Bruised,Actress in a Supporting Role,Lost,Angel McQueen,,p000938,TRUE
2021,Mass,Actress in a Supporting Role,Lost,Linda,,p000397,TRUE
2021,Passing,Actress in a Supporting Role,Lost,Clare,,p001156,TRUE
2021,The Power of the Dog,Actress in a Supporting Role,Lost,Rose Gordon,,p000408,TRUE
2021,The Tragedy of Macbeth,Actress in a Supporting Role,Won,the Old Man,,p000742,TRUE
2021,Flee,Animated Feature-Length Film,Won,,,p000685,TRUE
2021,Flee,Animated Feature-Length Film,Won,,,p001335,TRUE
2021,Flee,Animated Feature-Length Film,Won,,,p001586,TRUE
2021,Flee,Animated Feature-Length Film,Won,,,p001796,TRUE
2021,Luca,Animated Feature-Length Film,Lost,,,p000236,TRUE
2021,Luca,Animated Feature-Length Film,Lost,,,p001683,TRUE
2021,Ron's Gone Wrong,Animated Feature-Length Film,Lost,,,p000165,TRUE
2021,Ron's Gone Wrong,Animated Feature-Length Film,Lost,,,p000960,TRUE
2021,Dune,Art Direction,Lost,Set decoration,,p001506,TRUE
2021,Dune,Art Direction,Lost,Production design,,p001653,TRUE
2021,Nightmare Alley,Art Direction,Won,Set decoration,,p000378,TRUE
2021,Nightmare Alley,Art Direction,Won,Production design,,p001658,TRUE
2021,"The French Dispatch of the Liberty, Kansas Evening Sun",Art Direction,Lost,Production design,,p001558,TRUE
2021,"The French Dispatch of the Liberty, Kansas Evening Sun",Art Direction,Lost,Set decoration,,p001788,TRUE
2021,The Power of the Dog,Art Direction,Lost,Set decoration,,p000992,TRUE
2021,The Power of the Dog,Art Direction,Lost,Production design,,p001355,TRUE
2021,The Tragedy of Macbeth,Art Direction,Lost,Production design,,p000366,TRUE
2021,The Tragedy of Macbeth,Art Direction,Lost,Production design,,p000630,TRUE
2021,Ascension,Cinematography,Lost,,,p000844,TRUE
2021,Ascension,Cinematography,Lost,,,p001630,TRUE
2021,Passing,Cinematography,Lost,,,p000596,TRUE
2021,The Electrical Life of Louis Wain,Cinematography,Lost,,,p001737,TRUE
2021,The Power of the Dog,Cinematography,Lost,,,p001699,TRUE
2021,The Tragedy of Macbeth,Cinematography,Won,,,p000368,TRUE
2021,Cruella,Costuming,Won,,,p000095,TRUE
2021,Dune,Costuming,Lost,,,p001123,TRUE
2021,Dune,Costuming,Lost,,,p001709,TRUE
2021,Nightmare Alley,Costuming,Lost,,,p001465,TRUE
2021,Spencer,Costuming,Lost,,,p000410,TRUE
2021,West Side Story,Costuming,Lost,,,p001600,TRUE
2021,Drive My Car,Director,Lost,,,p000641,TRUE
2021,Dune,Director,Lost,,,p001661,TRUE
2021,Licorice Pizza,Director,Lost,,,p000034,TRUE
2021,The Power of the Dog,Director,Won,,,p000218,TRUE
2021,The Tragedy of Macbeth,Director,Lost,,,p000287,TRUE
2021,Ascension,Documentary Film,Lost,,,p000844,TRUE
2021,Ascension,Documentary Film,Lost,,,p001500,TRUE
2021,Ascension,Documentary Film,Lost,,,p001630,TRUE
2021,Flee,Documentary Film,Won,,,p000685,TRUE
2021,Flee,Documentary Film,Won,,,p001335,TRUE
2021,Flee,Documentary Film,Won,,,p001586,TRUE
2021,Flee,Documentary Film,Won,,,p001796,TRUE
2021,"Summer of Soul ( ...or, When the Revolution Could Not Be Televised)",Documentary Film,Lost,,,p000384,TRUE
2021,"Summer of Soul ( ...or, When the Revolution Could Not Be Televised)",Documentary Film,Lost,,,p000526,TRUE
2021,"Summer of Soul ( ...or, When the Revolution Could Not Be Televised)",Documentary Film,Lost,,,p001251,TRUE
2021,"Summer of Soul ( ...or, When the Revolution Could Not Be Televised)",Documentary Film,Lost,,,p001614,TRUE
2021,Dune,Effects,Won,,,p000300,TRUE
2021,Dune,Effects,Won,,,p000889,TRUE
2021,Dune,Effects,Won,,,p001151,TRUE
2021,Dune,Effects,Won,,,p001155,TRUE
2021,Free Guy,Effects,Lost,,,p000558,TRUE
2021,Free Guy,Effects,Lost,,,p000609,TRUE
2021,Free Guy,Effects,Lost,,,p000803,TRUE
2021,Free Guy,Effects,Lost,,,p001570,TRUE
2021,No Time to Die,Effects,Lost,,,p000309,TRUE
2021,No Time to Die,Effects,Lost,,,p000461,TRUE
2021,No Time to Die,Effects,Lost,,,p000598,TRUE
2021,No Time to Die,Effects,Lost,,,p001175,TRUE
2021,Shang-Chi and the Legend of the Ten Rings,Effects,Lost,,,p000457,TRUE
2021,Shang-Chi and the Legend of the Ten Rings,Effects,Lost,,,p001211,TRUE
2021,Shang-Chi and the Legend of the Ten Rings,Effects,Lost,,,p001623,TRUE
2021,Shang-Chi and the Legend of the Ten Rings,Effects,Lost,,,p001674,TRUE
2021,The Matrix: Resurrections,Effects,Lost,,,p000315,TRUE
2021,The Matrix: Resurrections,Effects,Lost,,,p001449,TRUE
2021,Drive My Car,Film Editing,Lost,,,p001758,TRUE
2021,Licorice Pizza,Film Editing,Lost,,,p000800,TRUE
2021,Mass,Film Editing,Won,,,p000735,TRUE
2021,No Time to Die,Film Editing,Lost,,,p000326,TRUE
2021,No Time to Die,Film Editing,Lost,,,p000591,TRUE
2021,The Power of the Dog,Film Editing,Lost,,,p001453,TRUE
2021,Drive My Car,Foreign Film,Won,,,p001757,TRUE
2021,Flee,Foreign Film,Lost,,,p000685,TRUE
2021,Flee,Foreign Film,Lost,,,p001335,TRUE
2021,Flee,Foreign Film,Lost,,,p001586,TRUE
2021,Flee,Foreign Film,Lost,,,p001796,TRUE
2021,Parallel Mothers,Foreign Film,Lost,,,p000028,TRUE
2021,The Worst Person in the World,Foreign Film,Lost,,,p001627,TRUE
2021,Titane,Foreign Film,Lost,,,p000403,TRUE
2021,Drive My Car,Live-Action Feature-Length Film,Won,,,p001757,TRUE
2021,Licorice Pizza,Live-Action Feature-Length Film,Lost,,,p000034,TRUE
2021,Licorice Pizza,Live-Action Feature-Length Film,Lost,,,p001143,TRUE
2021,Licorice Pizza,Live-Action Feature-Length Film,Lost,,,p001526,TRUE
2021,Passing,Live-Action Feature-Length Film,Lost,,,p000637,TRUE
2021,Passing,Live-Action Feature-Length Film,Lost,,,p000649,TRUE
2021,Passing,Live-Action Feature-Length Film,Lost,,,p001715,TRUE
2021,Passing,Live-Action Feature-Length Film,Lost,,,p001760,TRUE
2021,The Power of the Dog,Live-Action Feature-Length Film,Lost,,,p000218,TRUE
2021,The Power of the Dog,Live-Action Feature-Length Film,Lost,,,p000221,TRUE
2021,The Power of the Dog,Live-Action Feature-Length Film,Lost,,,p000514,TRUE
2021,The Power of the Dog,Live-Action Feature-Length Film,Lost,,,p001460,TRUE
2021,The Power of the Dog,Live-Action Feature-Length Film,Lost,,,p001482,TRUE
2021,The Tragedy of Macbeth,Live-Action Feature-Length Film,Lost,,,p000287,TRUE
2021,The Tragedy of Macbeth,Live-Action Feature-Length Film,Lost,,,p000590,TRUE
2021,The Tragedy of Macbeth,Live-Action Feature-Length Film,Lost,,,p001044,TRUE
2021,Cruella,Make-Up & Hairstyling,Lost,,,p000393,TRUE
2021,Cruella,Make-Up & Hairstyling,Lost,,,p001541,TRUE
2021,Cruella,Make-Up & Hairstyling,Lost,,,p001654,TRUE
2021,House of Gucci,Make-Up & Hairstyling,Lost,,,p000057,TRUE
2021,House of Gucci,Make-Up & Hairstyling,Lost,,,p000959,TRUE
2021,House of Gucci,Make-Up & Hairstyling,Lost,,,p000975,TRUE
2021,Nightmare Alley,Make-Up & Hairstyling,Lost,,,p000444,TRUE
2021,The Electrical Life of Louis Wain,Make-Up & Hairstyling,Lost,,,p000903,TRUE
2021,The Electrical Life of Louis Wain,Make-Up & Hairstyling,Lost,,,p001047,TRUE
2021,The Eyes of Tammy Faye,Make-Up & Hairstyling,Won,,,p000398,TRUE
2021,The Eyes of Tammy Faye,Make-Up & Hairstyling,Won,,,p000756,TRUE
2021,The Eyes of Tammy Faye,Make-Up & Hairstyling,Won,,,p001323,TRUE
2021,Don't Look Up,Original Score,Lost,,,p000171,TRUE
2021,Passing,Original Score,Lost,,,p000748,TRUE
2021,Spencer,Original Score,Lost,,,p000604,TRUE
2021,"The French Dispatch of the Liberty, Kansas Evening Sun",Original Score,Lost,,,p000377,TRUE
2021,The Power of the Dog,Original Score,Won,,,p000604,TRUE
2021,Dear Evan Hansen,Original Song,Lost,,The Anonymous Ones,p001249,TRUE
2021,Dear Evan Hansen,Original Song,Lost,,The Anonymous Ones,p001255,TRUE
2021,Dear Evan Hansen,Original Song,Lost,,The Anonymous Ones,p001547,TRUE
2021,Don't Look Up,Original Song,Lost,,Just Look Up,p000332,TRUE
2021,Don't Look Up,Original Song,Lost,,Just Look Up,p000592,TRUE
2021,No Time to Die,Original Song,Won,,No Time to Die,p000420,TRUE
2021,No Time to Die,Original Song,Won,,No Time to Die,p001188,TRUE
2021,Respect,Original Song,Lost,,Here I Am (Singing My Way Home),p000667,TRUE
2021,Respect,Original Song,Lost,,Here I Am (Singing My Way Home),p000736,TRUE
2021,Respect,Original Song,Lost,,Here I Am (Singing My Way Home),p000838,TRUE
2021,CODA,Screenplay (Adapted),Lost,,The 2014 French film 'La Famille Bélier',p000677,TRUE
2021,Drive My Car,Screenplay (Adapted),Won,,The short story of the same name by Haruki Murakami,p000641,TRUE
2021,Drive My Car,Screenplay (Adapted),Won,,The short story of the same name by Haruki Murakami,p001202,TRUE
2021,Moxie,Screenplay (Adapted),Lost,,The novel of the same name by Jennifer Mathieu,p000259,TRUE
2021,Moxie,Screenplay (Adapted),Lost,,The novel of the same name by Jennifer Mathieu,p001080,TRUE
2021,Passing,Screenplay (Adapted),Lost,,The novel of the same name by Nella Larsen,p000637,TRUE
2021,The Power of the Dog,Screenplay (Adapted),Lost,,The novel of the same name by Thomas Savage,p000218,TRUE
2021,Being the Ricardos,Screenplay (Original),Lost,,,p001529,TRUE
2021,Don't Look Up,Screenplay (Original),Lost,Story & Screenplay,,p001050,TRUE
2021,Don't Look Up,Screenplay (Original),Lost,Story,,p001507,TRUE
2021,Licorice Pizza,Screenplay (Original),Lost,Story & Screenplay,,p000034,TRUE
2021,Mass,Screenplay (Original),Lost,,,p000868,TRUE
2021,"The French Dispatch of the Liberty, Kansas Evening Sun",Screenplay (Original),Won,Story & Screenplay,,p000035,TRUE
2021,"The French Dispatch of the Liberty, Kansas Evening Sun",Screenplay (Original),Won,Story,,p000308,TRUE
2021,"The French Dispatch of the Liberty, Kansas Evening Sun",Screenplay (Original),Won,Story,,p000618,TRUE
2021,"The French Dispatch of the Liberty, Kansas Evening Sun",Screenplay (Original),Won,Story,,p001450,TRUE
2021,A Quiet Place Part II,Sound Editing,Lost,,,p000001,TRUE
2021,A Quiet Place Part II,Sound Editing,Lost,,,p000849,TRUE
2021,A Quiet Place Part II,Sound Editing,Lost,,,p001804,TRUE
2021,Dune,Sound Editing,Lost,,,p000602,TRUE
2021,Dune,Sound Editing,Lost,,,p000997,TRUE
2021,Nightmare Alley,Sound Editing,Lost,,,p000468,TRUE
2021,Nightmare Alley,Sound Editing,Lost,,,p001372,TRUE
2021,No Time to Die,Sound Editing,Won,,,p000450,TRUE
2021,No Time to Die,Sound Editing,Won,,,p001034,TRUE
2021,The Matrix: Resurrections,Sound Editing,Lost,,,p000351,TRUE
2021,The Matrix: Resurrections,Sound Editing,Lost,,,p000487,TRUE
2021,Belfast,Sound Mixing,Lost,,,p000008,TRUE
2021,Belfast,Sound Mixing,Lost,,,p000251,TRUE
2021,Belfast,Sound Mixing,Lost,,,p000656,TRUE
2021,Belfast,Sound Mixing,Lost,,,p001761,TRUE
2021,Drive My Car,Sound Mixing,Lost,,,p001179,TRUE
2021,Dune,Sound Mixing,Lost,,,p000087,TRUE
2021,Dune,Sound Mixing,Lost,,,p000602,TRUE
2021,Dune,Sound Mixing,Lost,,,p000689,TRUE
2021,Spider-Man: No Way Home,Sound Mixing,Lost,,,p000198,TRUE
2021,Spider-Man: No Way Home,Sound Mixing,Lost,,,p000891,TRUE
2021,Spider-Man: No Way Home,Sound Mixing,Lost,,,p001504,TRUE
2021,Spider-Man: No Way Home,Sound Mixing,Lost,,,p001801,TRUE
2021,The Power of the Dog,Sound Mixing,Won,,,p000493,TRUE
2021,The Power of the Dog,Sound Mixing,Won,,,p001695,TRUE
2022,Aftersun,Actor in a Leading Role,Lost,Calum,,p001076,TRUE
2022,Elvis,Actor in a Leading Role,Lost,Elvis Presley,,p000202,TRUE
2022,Living,Actor in a Leading Role,Lost,Mr. Williams,,p001172,TRUE
2022,The Banshees of Inisherin,Actor in a Leading Role,Won,Pádraic Súilleabháin,,p000456,TRUE
2022,The Whale,Actor in a Leading Role,Lost,Charlie,,p000515,TRUE
2022,Causeway,Actor in a Supporting Role,Lost,James,,p000694,TRUE
2022,Everything Everywhere All at Once,Actor in a Supporting Role,Lost,Waymond Wang,,p001313,TRUE
2022,The Banshees of Inisherin,Actor in a Supporting Role,Lost,Colm Doherty,,p000566,TRUE
2022,The Banshees of Inisherin,Actor in a Supporting Role,Won,Dominic Kearney,,p000827,TRUE
2022,The Good Nurse,Actor in a Supporting Role,Lost,Charlie Cullen,,p001338,TRUE
2022,Blonde,Actress in a Leading Role,Lost,Norma Jeane / Marilyn Monroe,,p001789,TRUE
2022,Everything Everywhere All at Once,Actress in a Leading Role,Lost,Evelyn Wang,,p001764,TRUE
2022,Tár,Actress in a Leading Role,Won,Lydia Tár,,p000135,TRUE
2022,Till,Actress in a Leading Role,Lost,Mamie Till,,p000364,TRUE
2022,To Leslie,Actress in a Leading Role,Lost,Leslie,,p001363,TRUE
2022,Black Panther: Wakanda Forever,Actress in a Supporting Role,Lost,Ramonda,,p000088,TRUE
2022,She Said,Actress in a Supporting Role,Lost,Zelda Perkins,,p001132,TRUE
2022,The Banshees of Inisherin,Actress in a Supporting Role,Won,Siobhán Súilleabháin,,p000299,TRUE
2022,The Inspection,Actress in a Supporting Role,Lost,Inez French,,p001640,TRUE
2022,The Whale,Actress in a Supporting Role,Lost,Liz,,p000253,TRUE
2022,The Whale,Actress in a Supporting Role,Lost,Mary,,p001132,TRUE
2022,Guillermo del Toro's 'Pinocchio',Animated Feature-Length Film,Lost,,,p000184,TRUE
2022,Guillermo del Toro's 'Pinocchio',Animated Feature-Length Film,Lost,,,p000619,TRUE
2022,Guillermo del Toro's 'Pinocchio',Animated Feature-Length Film,Lost,,,p001639,TRUE
2022,Guillermo del Toro's 'Pinocchio',Animated Feature-Length Film,Lost,,,p001798,TRUE
2022,Lightyear,Animated Feature-Length Film,Lost,,,p000983,TRUE
2022,Lightyear,Animated Feature-Length Film,Lost,,,p001575,TRUE
2022,Marcel the Shell with Shoes On,Animated Feature-Length Film,Lost,,,p000216,TRUE
2022,Marcel the Shell with Shoes On,Animated Feature-Length Film,Lost,,,p000573,TRUE
2022,Marcel the Shell with Shoes On,Animated Feature-Length Film,Lost,,,p000724,TRUE
2022,Marcel the Shell with Shoes On,Animated Feature-Length Film,Lost,,,p000808,TRUE
2022,Marcel the Shell with Shoes On,Animated Feature-Length Film,Lost,,,p001081,TRUE
2022,Turning Red,Animated Feature-Length Film,Won,,,p000295,TRUE
2022,Turning Red,Animated Feature-Length Film,Won,,,p001483,TRUE
2022,All Quiet on the Western Front,Art Direction,Lost,Production design,,p000570,TRUE
2022,All Quiet on the Western Front,Art Direction,Lost,Set decoration,,p000711,TRUE
2022,Babylon,Art Direction,Lost,Set decoration,,p000229,TRUE
2022,Babylon,Art Direction,Lost,Production design,,p001017,TRUE
2022,Everything Everywhere All at Once,Art Direction,Won,,,p000174,TRUE
2022,Everything Everywhere All at Once,Art Direction,Won,Set decoration,,p000440,TRUE
2022,Everything Everywhere All at Once,Art Direction,Won,Production design,,p000847,TRUE
2022,Nope,Art Direction,Lost,,,p000438,TRUE
2022,Nope,Art Direction,Lost,Set decoration,,p001466,TRUE
2022,Nope,Art Direction,Lost,Production design,,p001793,TRUE
2022,The Fabelmans,Art Direction,Lost,Production design,,p000231,TRUE
2022,The Fabelmans,Art Direction,Lost,Set decoration,,p001802,TRUE
2022,Aftersun,Cinematography,Lost,,,p001207,TRUE
2022,All Quiet on the Western Front,Cinematography,Lost,,,p000523,TRUE
2022,All That Breathes,Cinematography,Won,,,p000124,TRUE
2022,All That Breathes,Cinematography,Won,,,p000349,TRUE
2022,Decision to Leave,Cinematography,Lost,,,p000835,TRUE
2022,Tár,Cinematography,Lost,,,p000721,TRUE
2022,Babylon,Costuming,Lost,,,p001785,TRUE
2022,Black Panther: Wakanda Forever,Costuming,Won,,,p000232,TRUE
2022,Elvis,Costuming,Lost,,,p001015,TRUE
2022,Living,Costuming,Lost,,,p001298,TRUE
2022,Mrs. Harris Goes to Paris,Costuming,Lost,,,p000095,TRUE
2022,Aftersun,Director,Lost,,,p001706,TRUE
2022,Nope,Director,Lost,,,p001261,TRUE
2022,Tár,Director,Won,,,p000473,TRUE
2022,The Banshees of Inisherin,Director,Lost,,,p001043,TRUE
2022,Triangle of Sadness,Director,Lost,,,p001809,TRUE
2022,All That Breathes,Documentary Film,Won,,,p000933,TRUE
2022,All That Breathes,Documentary Film,Won,,,p001000,TRUE
2022,All That Breathes,Documentary Film,Won,,,p001464,TRUE
2022,All the Beauty and the Bloodshed,Documentary Film,Lost,,,p000546,TRUE
2022,All the Beauty and the Bloodshed,Documentary Film,Lost,,,p000572,TRUE
2022,All the Beauty and the Bloodshed,Documentary Film,Lost,,,p000576,TRUE
2022,All the Beauty and the Bloodshed,Documentary Film,Lost,,,p000979,TRUE
2022,All the Beauty and the Bloodshed,Documentary Film,Lost,,,p001287,TRUE
2022,Navalny,Documentary Film,Lost,,,p000100,TRUE
2022,Navalny,Documentary Film,Lost,,,p000154,TRUE
2022,Navalny,Documentary Film,Lost,,,p001092,TRUE
2022,Navalny,Documentary Film,Lost,,,p001320,TRUE
2022,Navalny,Documentary Film,Lost,,,p001382,TRUE
2022,Avatar: The Way of Water,Effects,Won,,,p000077,TRUE
2022,Avatar: The Way of Water,Effects,Won,,,p000085,TRUE
2022,Avatar: The Way of Water,Effects,Won,,,p000942,TRUE
2022,Avatar: The Way of Water,Effects,Won,,,p001415,TRUE
2022,Doctor Strange in the Multiverse of Madness,Effects,Lost,,,p000406,TRUE
2022,Doctor Strange in the Multiverse of Madness,Effects,Lost,,,p000494,TRUE
2022,Doctor Strange in the Multiverse of Madness,Effects,Lost,,,p000942,TRUE
2022,Everything Everywhere All at Once,Effects,Lost,,,p000859,TRUE
2022,Everything Everywhere All at Once,Effects,Lost,,,p001563,TRUE
2022,Nope,Effects,Lost,,,p001374,TRUE
2022,Top Gun: Maverick,Effects,Lost,,,p000484,TRUE
2022,Top Gun: Maverick,Effects,Lost,,,p000709,TRUE
2022,Top Gun: Maverick,Effects,Lost,,,p000956,TRUE
2022,Top Gun: Maverick,Effects,Lost,,,p001633,TRUE
2022,Aftersun,Film Editing,Won,,,p001038,TRUE
2022,Bullet Train,Film Editing,Lost,,,p001384,TRUE
2022,Decision to Leave,Film Editing,Lost,,,p000837,TRUE
2022,Nope,Film Editing,Lost,,,p001110,TRUE
2022,Tár,Film Editing,Lost,,,p001726,TRUE
2022,All Quiet on the Western Front,Foreign Film,Lost,,,p000122,TRUE
2022,"Argentina, 1985",Foreign Film,Lost,,,p001106,TRUE
2022,Decision to Leave,Foreign Film,Won,,,p001236,TRUE
2022,Eo,Foreign Film,Lost,,,p001512,TRUE
2022,Aftersun,Live-Action Feature-Length Film,Lost,,,p000763,TRUE
2022,Aftersun,Live-Action Feature-Length Film,Lost,,,p000773,TRUE
2022,Aftersun,Live-Action Feature-Length Film,Lost,,,p001039,TRUE
2022,Aftersun,Live-Action Feature-Length Film,Lost,,,p001383,TRUE
2022,Nope,Live-Action Feature-Length Film,Lost,,,p000306,TRUE
2022,Nope,Live-Action Feature-Length Film,Lost,,,p001261,TRUE
2022,Tár,Live-Action Feature-Length Film,Won,,,p000473,TRUE
2022,Tár,Live-Action Feature-Length Film,Won,,,p000890,TRUE
2022,Tár,Live-Action Feature-Length Film,Won,,,p001086,TRUE
2022,The Banshees of Inisherin,Live-Action Feature-Length Film,Lost,,,p000172,TRUE
2022,The Banshees of Inisherin,Live-Action Feature-Length Film,Lost,,,p000339,TRUE
2022,The Banshees of Inisherin,Live-Action Feature-Length Film,Lost,,,p001043,TRUE
2022,Triangle of Sadness,Live-Action Feature-Length Film,Lost,,,p000148,TRUE
2022,Triangle of Sadness,Live-Action Feature-Length Film,Lost,,,p000687,TRUE
2022,All Quiet on the Western Front,Make-Up & Hairstyling,Lost,,,p000422,TRUE
2022,All Quiet on the Western Front,Make-Up & Hairstyling,Lost,,,p001075,TRUE
2022,Black Panther: Wakanda Forever,Make-Up & Hairstyling,Lost,,,p000522,TRUE
2022,Black Panther: Wakanda Forever,Make-Up & Hairstyling,Lost,,,p000658,TRUE
2022,Blonde,Make-Up & Hairstyling,Lost,,,p001049,TRUE
2022,Blonde,Make-Up & Hairstyling,Lost,,,p001380,TRUE
2022,Elvis,Make-Up & Hairstyling,Won,,,p000066,TRUE
2022,Elvis,Make-Up & Hairstyling,Won,,,p000321,TRUE
2022,Elvis,Make-Up & Hairstyling,Won,,,p001492,TRUE
2022,The Whale,Make-Up & Hairstyling,Lost,,,p000162,TRUE
2022,The Whale,Make-Up & Hairstyling,Lost,,,p000261,TRUE
2022,The Whale,Make-Up & Hairstyling,Lost,,,p001124,TRUE
2022,Babylon,Original Score,Won,,,p000745,TRUE
2022,Nope,Original Score,Lost,,,p000002,TRUE
2022,The Banshees of Inisherin,Original Score,Lost,,,p000200,TRUE
2022,The Whale,Original Score,Lost,,,p001501,TRUE
2022,Turning Red,Original Score,Lost_Hon,,,p000624,TRUE
2022,RRR,Original Song,Lost,Music & lyrics,Naatu Naatu,p000247,TRUE
2022,RRR,Original Song,Lost,Music & lyrics,Naatu Naatu,p000820,TRUE
2022,Spirited,Original Song,Lost,Music & lyrics,Good Afternoon,p001249,TRUE
2022,Spirited,Original Song,Lost,Music & lyrics,Good Afternoon,p001255,TRUE
2022,Top Gun: Maverick,Original Song,Won,Music & lyrics,Hold My Hand,p000142,TRUE
2022,Top Gun: Maverick,Original Song,Won,Music & lyrics,Hold My Hand,p000886,TRUE
2022,Turning Red,Original Song,Lost,Music & lyrics,Nobody Like U,p000427,TRUE
2022,Turning Red,Original Song,Lost,Music & lyrics,Nobody Like U,p001188,TRUE
2022,Where the Crawdads Sing,Original Song,Lost,Music & lyrics,Carolina,p001579,TRUE
2022,All Quiet on the Western Front,Screenplay (Adapted),Lost,,The 1929 novel of the same name by Erich Maria Remarque,p000122,TRUE
2022,All Quiet on the Western Front,Screenplay (Adapted),Lost,,The 1929 novel of the same name by Erich Maria Remarque,p001253,TRUE
2022,All Quiet on the Western Front,Screenplay (Adapted),Lost,,The 1929 novel of the same name by Erich Maria Remarque,p001561,TRUE
2022,Living,Screenplay (Adapted),Won,,The 1952 film 'Ikiru' by Akira Kurosawa,p000759,TRUE
2022,Spoiler Alert,Screenplay (Adapted),Lost,,The book 'Spoiler Alert: The Hero Dies' by Michael Ausiello,p000594,TRUE
2022,Spoiler Alert,Screenplay (Adapted),Lost,,The book 'Spoiler Alert: The Hero Dies' by Michael Ausiello,p001429,TRUE
2022,The Whale,Screenplay (Adapted),Lost,,his 2012 play of the same name,p000743,TRUE
2022,Women Talking,Screenplay (Adapted),Lost,,the 2018 novel of the same name by Miriam Toews,p001289,TRUE
2022,Aftersun,Screenplay (Original),Lost,,,p001706,TRUE
2022,Nope,Screenplay (Original),Lost,,,p001261,TRUE
2022,Tár,Screenplay (Original),Won,,,p000473,TRUE
2022,The Banshees of Inisherin,Screenplay (Original),Lost,,,p001043,TRUE
2022,Triangle of Sadness,Screenplay (Original),Lost,,,p001809,TRUE
2022,All Quiet on the Western Front,Sound Editing,Won,,,p000180,TRUE
2022,All Quiet on the Western Front,Sound Editing,Won,,,p000872,TRUE
2022,Avatar: The Way of Water,Sound Editing,Lost,,,p000158,TRUE
2022,Avatar: The Way of Water,Sound Editing,Lost,,,p000880,TRUE
2022,Avatar: The Way of Water,Sound Editing,Lost,,,p001763,TRUE
2022,Bullet Train,Sound Editing,Lost,,,p001560,TRUE
2022,Nope,Sound Editing,Lost,,,p000192,TRUE
2022,Top Gun: Maverick,Sound Editing,Lost,,,p001025,TRUE
2022,Top Gun: Maverick,Sound Editing,Lost,,,p001159,TRUE
2022,Top Gun: Maverick,Sound Editing,Lost,,,p001444,TRUE
2022,All Quiet on the Western Front,Sound Mixing,Lost,,,p000561,TRUE
2022,All Quiet on the Western Front,Sound Mixing,Lost,,,p000860,TRUE
2022,All Quiet on the Western Front,Sound Mixing,Lost,,,p001306,TRUE
2022,Avatar: The Way of Water,Sound Mixing,Lost,,,p000158,TRUE
2022,Avatar: The Way of Water,Sound Mixing,Lost,,,p001573,TRUE
2022,Nope,Sound Mixing,Lost,,,p000192,TRUE
2022,Nope,Sound Mixing,Lost,,,p000873,TRUE
2022,Tár,Sound Mixing,Won,,,p000006,TRUE
2022,Tár,Sound Mixing,Won,,,p001505,TRUE
2022,Top Gun: Maverick,Sound Mixing,Lost,,,p000158,TRUE
2022,Top Gun: Maverick,Sound Mixing,Lost,,,p000186,TRUE
2022,Top Gun: Maverick,Sound Mixing,Lost,,,p000945,TRUE
2022,Top Gun: Maverick,Sound Mixing,Lost,,,p001597,TRUE
2022,Top Gun: Maverick,Sound Mixing,Lost,,,p001701,TRUE
2023,American Fiction,Actor in a Leading Role,TBD,Thelonious 'Monk' Ellison,,p001816,FALSE
2023,Oppenheimer,Actor in a Leading Role,TBD,J. Robert Oppenheimer,,p001142,FALSE
2023,Saltburn,Actor in a Leading Role,TBD,Oliver Quick,,p000827,FALSE
2023,Shortcomings,Actor in a Leading Role,TBD,Ben Takagawa,,p001097,FALSE
2023,All of Us Strangers,Actor in a Leading Role,Lost,Adam,,p001813,TRUE
2023,Barbie,Actor in a Leading Role,Won,Ken,,p000586,TRUE
2023,Maestro,Actor in a Leading Role,Lost,Leonard Bernstein,,p000305,TRUE
2023,Rustin,Actor in a Leading Role,Lost,Bayard Rustin,,p000390,TRUE
2023,The Holdovers,Actor in a Leading Role,Lost,Paul Hunham,,p000549,TRUE
2023,One Life,Actor in a Leading Role,TBD,Nicholas Winton,,p000728,FALSE
2023,El Conde,Actor in a Leading Role,TBD,"El Conde, Augusto Pinochet",,p001832,FALSE
2023,The Burial,Actor in a Leading Role,TBD,Willie Gary,,p001833,FALSE
2023,The Wonderful Story of Henry Sugar,Actor in a Supporting Role,TBD,Henry Sugar / Make-Up Artist,,p000334,FALSE
2023,Killers of the Flower Moon,Actor in a Supporting Role,TBD,"Thomas Bruce White, Sr.",,p001828,FALSE
2023,Oppenheimer,Actor in a Supporting Role,TBD,Lewis Strauss,,p000400,FALSE
2023,Society of the Snow,Actor in a Supporting Role,TBD,Adolfo 'Fito' Strauch,,p001815,FALSE
2023,Wonka,Actor in a Supporting Role,TBD,Lofty,,p001827,FALSE
2023,Saltburn,Actor in a Supporting Role,Lost,Felix Catton,,p001835,TRUE
2023,All of Us Strangers,Actor in a Supporting Role,Lost,Harry,,p001076,TRUE
2023,American Fiction,Actor in a Supporting Role,Lost,Clifford Ellison,,p001817,TRUE
2023,Anatomy of a Fall,Actor in a Supporting Role,Won,Daniel Maleski,,p000984,TRUE
2023,Oppenheimer,Actor in a Supporting Role,TBD,Niels Bohr,,p000163,FALSE
2023,Poor Things,Actor in a Supporting Role,Lost,Duncan Wedderburn,,p001403,TRUE
2023,The Burial,Actor in a Supporting Role,TBD,Jeremiah o'Keefe,,p001834,FALSE
2023,Rotting in the Sun,Actor in a Supporting Role,TBD,Jordan Firstman,,p001844,FALSE
2023,The Wonderful Story of Henry Sugar,Actor in a Supporting Role,TBD,Roald Dahl / Policeman,,p000474,FALSE
2023,Eileen,Actress in a Leading Role,TBD,Eileen Dunlop,,p001052,FALSE
2023,Nyad,Actress in a Leading Role,TBD,Diana Nyad,,p000116,FALSE
2023,Rye Lane,Actress in a Leading Role,TBD,Yas,,p001829,FALSE
2023,Anatomy of a Fall,Actress in a Leading Role,TBD,Sandra Voyter,,p000750,FALSE
2023,Barbie,Actress in a Leading Role,Won,Barbie,,p001370,TRUE
2023,Maestro,Actress in a Leading Role,Lost,Felicia Montealegre,,p001137,TRUE
2023,May December,Actress in a Leading Role,Lost,Elizabeth,,p001296,TRUE
2023,Origin,Actress in a Leading Role,Lost,Isabel Wilkerson,,p001831,TRUE
2023,Poor Things,Actress in a Leading Role,Lost,Bella Baxter / Victoria Blessington,,p001565,TRUE
2023,A Little Prayer,Actress in a Supporting Role,TBD,Venida,,p001713,FALSE
2023,"Are You There, God? It's Me, Margaret",Actress in a Supporting Role,TBD,Barbara Simon,,p001030,FALSE
2023,Eileen,Actress in a Supporting Role,TBD,Rebecca Saint John,,p000671,FALSE
2023,Origin,Actress in a Supporting Role,TBD,Miss Hale,,p001830,FALSE
2023,The Color Purple,Actress in a Supporting Role,TBD,Sofia,,p001814,FALSE
2023,The Color Purple,Actress in a Supporting Role,TBD,Shug Avery,,p001818,FALSE
2023,All of Us Strangers,Actress in a Supporting Role,Lost,Mum,,p000506,TRUE
2023,Passages,Actress in a Supporting Role,Lost,Agathe,,p000447,TRUE
2023,Saltburn,Actress in a Supporting Role,Lost,Lady Elspeth Catton,,p001278,TRUE
2023,The Holdovers,Actress in a Supporting Role,Won,Mary Lamb,,p001332,TRUE
2023,The Zone of Interest,Actress in a Supporting Role,Lost,Hedwig Höss,,p000750,TRUE
2023,Robot Dreams,Animated Feature-Length Film,Lost,,,p001900,TRUE
2023,Robot Dreams,Animated Feature-Length Film,Lost,,,p001901,TRUE
2023,Robot Dreams,Animated Feature-Length Film,Lost,,,p001902,TRUE
2023,Robot Dreams,Animated Feature-Length Film,Lost,,,p001903,TRUE
2023,Elemental,Animated Feature-Length Film,Lost,,,p001879,TRUE
2023,Elemental,Animated Feature-Length Film,Lost,,,p001880,TRUE
2023,Nimona,Animated Feature-Length Film,TBD,,,p001587,FALSE
2023,"Ruby Gillman, Teenage Kraken",Animated Feature-Length Film,TBD,,,p001587,FALSE
2023,Wish,Animated Feature-Length Film,TBD,,,p001587,FALSE
2023,Spider-Man: Across the Spider-Verse,Animated Feature-Length Film,Lost,,,p001615,TRUE
2023,Spider-Man: Across the Spider-Verse,Animated Feature-Length Film,Lost,,,p000967,TRUE
2023,Spider-Man: Across the Spider-Verse,Animated Feature-Length Film,Lost,,,p001089,TRUE
2023,Spider-Man: Across the Spider-Verse,Animated Feature-Length Film,Lost,,,p001247,TRUE
2023,Spider-Man: Across the Spider-Verse,Animated Feature-Length Film,Lost,,,p001881,TRUE
2023,The Boy and the Heron,Animated Feature-Length Film,Won,,,p001107,TRUE
2023,The Boy and the Heron,Animated Feature-Length Film,Won,,,p001882,TRUE
2023,The Super Mario Bros. Movie,Animated Feature-Length Film,Lost,,,p001883,TRUE
2023,The Super Mario Bros. Movie,Animated Feature-Length Film,Lost,,,p001884,TRUE
2023,The Super Mario Bros. Movie,Animated Feature-Length Film,Lost,,,p001885,TRUE
2023,The Super Mario Bros. Movie,Animated Feature-Length Film,Lost,,,p001886,TRUE
2023,Pachyderme,Animated Short Film,Won,,,p001850,TRUE
2023,Ninety-Five Senses,Animated Short Film,Lost,,,p001849,TRUE
2023,Ninety-Five Senses,Animated Short Film,Lost,,,p001848,TRUE
2023,WAR IS OVER! Inspired by the Music of John & Yoko,Animated Short Film,Lost,,,p001138,TRUE
2023,Wild Summon,Animated Short Film,Lost,,,p001847,TRUE
2023,Wild Summon,Animated Short Film,Lost,,,p001846,TRUE
2023,I'm Hip,Animated Short Film,Lost,,,p001845,TRUE
2023,Napoleon,Art Direction,TBD,Production design,,p001027,FALSE
2023,Napoleon,Art Direction,TBD,Production design,,p001587,FALSE
2023,The Holdovers,Art Direction,TBD,Production design,,p001521,FALSE
2023,The Holdovers,Art Direction,TBD,Set decoration,,p001745,FALSE
2023,The Holdovers,Art Direction,TBD,Production design,,p001753,FALSE
2023,Priscilla,Art Direction,TBD,Production design,,,FALSE
2023,Barbie,Art Direction,Won,Production design,,p000605,TRUE
2023,Barbie,Art Direction,Won,Set decoration,,p001534,TRUE
2023,Killers of the Flower Moon,Art Direction,Lost,Production design,,p000486,TRUE
2023,Killers of the Flower Moon,Art Direction,Lost,Set decoration,,p001839,TRUE
2023,Poor Things,Art Direction,Lost,Production design,,p001840,TRUE
2023,Poor Things,Art Direction,Lost,Production design,,p001841,TRUE
2023,The Zone of Interest,Art Direction,Lost,Production design,,p001838,TRUE
2023,Asteroid City,Art Direction,Lost,Production design,,p001558,TRUE
2023,Asteroid City,Art Direction,Lost,Set decoration,,p001837,TRUE
2023,The Wonderful Story of Henry Sugar,Art Direction,Lost,Production design,,p001558,FALSE
2023,The Wonderful Story of Henry Sugar,Art Direction,Lost,Set decoration,,p001280,FALSE
2023,The Wonderful Story of Henry Sugar,Art Direction,Lost,Set decoration,,p001896,FALSE
2023,All of Us Strangers,Cinematography,TBD,,,p001824,FALSE
2023,Barbie,Cinematography,TBD,,,p001301,FALSE
2023,Eileen,Cinematography,TBD,,,p001699,FALSE
2023,Heroic,Cinematography,Lost,,,p000314,TRUE
2023,Maestro,Cinematography,Lost,,,p000946,TRUE
2023,Poor Things,Cinematography,TBD,,,p001409,FALSE
2023,Society of the Snow,Cinematography,TBD,,,,FALSE
2023,The Holdovers,Cinematography,TBD,,,p000178,FALSE
2023,Indiana Jones and the Dial of Destiny,Cinematography,TBD,,,p001825,FALSE
2023,Saltburn,Cinematography,Lost,,,p001422,TRUE
2023,The Zone of Interest,Cinematography,Won,,,p001810,TRUE
2023,Asteroid City,Cinematography,TBD,,,p001765,FALSE
2023,El Conde,Cinematography,Lost,,,p000885,TRUE
2023,The Wonderful Story of Henry Sugar,Cinematography,TBD,,,p001765,FALSE
2023,A Haunting in Venice,Costuming,TBD,,,p001479,FALSE
2023,Saltburn,Costuming,TBD,,,p000219,FALSE
2023,The Color Purple,Costuming,TBD,,,,FALSE
2023,The Little Mermaid,Costuming,TBD,,,p000059,FALSE
2023,Maestro,Costuming,Lost,,,p000169,TRUE
2023,Barbie,Costuming,Won,,,p000410,TRUE
2023,Killers of the Flower Moon,Costuming,Lost,,,p001709,TRUE
2023,Napoleon,Costuming,Lost,,,p000327,TRUE
2023,Napoleon,Costuming,Lost,,,p001762,TRUE
2023,Poor Things,Costuming,Lost,,,p001665,TRUE
2023,The Zone of Interest,Costuming,TBD,,,,FALSE
2023,The Wonderful Story of Henry Sugar,Directing,Lost,,,p000035,TRUE
2023,All of Us Strangers,Directing,TBD,,,p000629,FALSE
2023,Eileen,Directing,TBD,,,p001209,FALSE
2023,Barbie,Directing,Lost,,,p000547,TRUE
2023,May December,Directing,TBD,,,p000674,FALSE
2023,Origin,Directing,Lost,,,p001836,TRUE
2023,Saltburn,Directing,Lost,,,p000466,TRUE
2023,The Holdovers,Directing,Lost,,,p001258,FALSE
2023,The Zone of Interest,Directing,Won,,,p000565,TRUE
2023,The Deepest Breath,Documentary Film,TBD,,,p001588,FALSE
2023,Hidden Master: The Legacy of George Platt Lynes,Documentary Film,Won,,,p000869,TRUE
2023,Hidden Master: The Legacy of George Platt Lynes,Documentary Film,Won,,,p000980,TRUE
2023,Hidden Master: The Legacy of George Platt Lynes,Documentary Film,Won,,,p001469,TRUE
2023,Hidden Master: The Legacy of George Platt Lynes,Documentary Film,Won,,,p001792,TRUE
2023,Still: A Michael J. Fox Movie,Documentary Film,Lost,,,p000616,TRUE
2023,Still: A Michael J. Fox Movie,Documentary Film,Lost,,,p001877,TRUE
2023,Still: A Michael J. Fox Movie,Documentary Film,Lost,,,p001878,TRUE
2023,Indiana Jones and the Dial of Destiny,Editing,Won,,,p000182,TRUE
2023,Indiana Jones and the Dial of Destiny,Editing,Won,,,p001042,TRUE
2023,Indiana Jones and the Dial of Destiny,Editing,Won,,,p001826,TRUE
2023,May December,Editing,Lost,,,p001852,TRUE
2023,Saltburn,Editing,Lost,,,p001851,TRUE
2023,Oppenheimer,Editing,Lost,,,p000892,TRUE
2023,Society of the Snow,Editing,TBD,,,,FALSE
2023,The Zone of Interest,Editing,Lost,,,p001693,TRUE
2023,Guardians of the Galaxy: Volume 3,Effects,TBD,,,p001588,FALSE
2023,Poor Things,Effects,TBD,,,p001588,FALSE
2023,The Little Mermaid,Effects,TBD,,,p001588,FALSE
2023,Transformers: Rise of the Beasts,Effects,TBD,,,p001588,FALSE
2023,Indiana Jones and the Dial of Destiny,Effects,Lost,,,p001867,TRUE
2023,Indiana Jones and the Dial of Destiny,Effects,Lost,,,p001868,TRUE
2023,Indiana Jones and the Dial of Destiny,Effects,Lost,,,p001869,TRUE
2023,Indiana Jones and the Dial of Destiny,Effects,Lost,,,p001870,TRUE
2023,Napoleon,Effects,Lost,,,p000692,TRUE
2023,Napoleon,Effects,Lost,,,p001854,TRUE
2023,Napoleon,Effects,Lost,,,p001855,TRUE
2023,Napoleon,Effects,Lost,,,p000310,TRUE
2023,Society of the Snow,Effects,Lost,,,p001863,TRUE
2023,Society of the Snow,Effects,Lost,,,p001864,TRUE
2023,Society of the Snow,Effects,Lost,,,p001865,TRUE
2023,Society of the Snow,Effects,Lost,,,p001866,TRUE
2023,The Creator,Effects,Lost,,,p000310,TRUE
2023,The Creator,Effects,Lost,,,p001856,TRUE
2023,The Creator,Effects,Lost,,,p001857,TRUE
2023,The Creator,Effects,Lost,,,p001858,TRUE
2023,Godzilla Minus One,Effects,Won,,,p001859,TRUE
2023,Godzilla Minus One,Effects,Won,,,p001860,TRUE
2023,Godzilla Minus One,Effects,Won,,,p001861,TRUE
2023,Godzilla Minus One,Effects,Won,,,p001862,TRUE
2023,Heroic,International Feature-Length Film,Lost,,,p001872,TRUE
2023,Society of the Snow,International Feature-Length Film,Lost,,,p001871,TRUE
2023,The Zone of Interest,International Feature-Length Film,Won,,,p000565,TRUE
2023,All of Us Strangers,Live-Action Feature-Length Film,TBD,,,p000172,FALSE
2023,All of Us Strangers,Live-Action Feature-Length Film,TBD,,,p000339,FALSE
2023,All of Us Strangers,Live-Action Feature-Length Film,TBD,,,p001819,FALSE
2023,Society of the Snow,Live-Action Feature-Length Film,TBD,,,,FALSE
2023,Barbie,Live-Action Feature-Length Film,Lost,,,p000004,TRUE
2023,Barbie,Live-Action Feature-Length Film,Lost,,,p000166,TRUE
2023,Barbie,Live-Action Feature-Length Film,Lost,,,p000702,TRUE
2023,Barbie,Live-Action Feature-Length Film,Lost,,,p001370,TRUE
2023,Origin,Live-Action Feature-Length Film,Lost,,,p001836,TRUE
2023,Origin,Live-Action Feature-Length Film,Lost,,,p001842,TRUE
2023,Saltburn,Live-Action Feature-Length Film,Won,,,p000466,TRUE
2023,Saltburn,Live-Action Feature-Length Film,Won,,,p001058,TRUE
2023,Saltburn,Live-Action Feature-Length Film,Won,,,p001370,TRUE
2023,The Holdovers,Live-Action Feature-Length Film,Lost,,,p000140,TRUE
2023,The Holdovers,Live-Action Feature-Length Film,Lost,,,p000686,TRUE
2023,The Holdovers,Live-Action Feature-Length Film,Lost,,,p000784,TRUE
2023,The Zone of Interest,Live-Action Feature-Length Film,Lost,,,p001311,TRUE
2023,The Zone of Interest,Live-Action Feature-Length Film,Lost,,,p001738,TRUE
2023,The Wonderful Story of Henry Sugar,Live-Action Short Film,Won,,,p000035,TRUE
2023,The Wonderful Story of Henry Sugar,Live-Action Short Film,Won,,,p001325,TRUE
2023,A Haunting in Venice,Make-Up & Hairstyling,TBD,,,p001587,FALSE
2023,Renfield,Make-Up & Hairstyling,TBD,,,p000723,FALSE
2023,Renfield,Make-Up & Hairstyling,TBD,,,p001587,FALSE
2023,Saltburn,Make-Up & Hairstyling,TBD,Hair,,p001093,FALSE
2023,The Holdovers,Make-Up & Hairstyling,TBD,Make-up,,p001397,FALSE
2023,The Holdovers,Make-Up & Hairstyling,TBD,Hair,,p001718,FALSE
2023,Barbie,Make-Up & Hairstyling,Lost,,,p001887,TRUE
2023,Barbie,Make-Up & Hairstyling,Lost,,,p001888,TRUE
2023,Barbie,Make-Up & Hairstyling,Lost,,,p001889,TRUE
2023,Barbie,Make-Up & Hairstyling,Lost,,,p001890,TRUE
2023,Barbie,Make-Up & Hairstyling,Lost,,,p001891,TRUE
2023,Maestro,Make-Up & Hairstyling,Won,,,p000712,TRUE
2023,Maestro,Make-Up & Hairstyling,Won,,,p000544,TRUE
2023,Maestro,Make-Up & Hairstyling,Won,,,p001129,TRUE
2023,Poor Things,Make-Up & Hairstyling,Lost,,,p001541,TRUE
2023,Poor Things,Make-Up & Hairstyling,Lost,,,p000321,TRUE
2023,Poor Things,Make-Up & Hairstyling,Lost,,,p001853,TRUE
2023,Society of the Snow,Make-Up & Hairstyling,Lost,,,p001130,TRUE
2023,Society of the Snow,Make-Up & Hairstyling,Lost,,,p001020,TRUE
2023,Society of the Snow,Make-Up & Hairstyling,Lost,,,p001354,TRUE
2023,The Last Voyage of the Demeter,Make-Up & Hairstyling,Lost,,,p001075,TRUE
2023,All of Us Strangers,Original Score,TBD,,,p001820,FALSE
2023,American Fiction,Original Score,TBD,,,,FALSE
2023,Origin,Original Score,TBD,,,,FALSE
2023,Poor Things,Original Score,TBD,,,p000465,FALSE
2023,Saltburn,Original Score,TBD,,,p001735,FALSE
2023,Society of the Snow,Original Score,TBD,,,,FALSE
2023,The Color Purple,Original Score,TBD,,,,FALSE
2023,The Last Voyage of the Demeter,Make-Up & Hairstyling,Lost,,,p000975,TRUE
2023,The Last Voyage of the Demeter,Make-Up & Hairstyling,Lost,,,p001892,TRUE
2023,Eileen,Original Score,Lost,,,p001245,TRUE
2023,Indiana Jones and the Dial of Destiny,Original Score,Lost,,,p001731,TRUE
2023,May December,Original Score,Lost,,,p001775,TRUE
2023,The Boy and the Heron,Original Score,Lost,,,p000717,TRUE
2023,The Zone of Interest,Original Score,Won,,,p000943,TRUE
2023,Barbie,Original Song,TBD,Music & lyrics,Dance the Night,p000014,FALSE
2023,Barbie,Original Song,TBD,Music & lyrics,Dance the Night,p000954,FALSE
2023,Barbie,Original Song,TBD,Music & lyrics,Dance the Night,p001386,FALSE
2023,Barbie,Original Song,TBD,Music & lyrics,Dance the Night,p001755,FALSE
2023,Chicken Run: Dawn of the Nugget,Original Song,Lost,Music & lyrics,My Sweet Baby,p000448,TRUE
2023,The Color Purple,Original Song,TBD,,Keep It Movin’,,FALSE
2023,Wish,Original Song,TBD,Music & lyrics,This Wish,p001079,FALSE
2023,Wish,Original Song,TBD,Music & lyrics,This Wish,p001082,FALSE
2023,The Hunger Games: The Ballad of Songbirds & Snakes,Original Song,TBD,Music & lyrics,Can't Catch Me Now,,FALSE
2023,Barbie,Original Song,Won,Music & lyrics,I'm Just Ken,p001386,TRUE
2023,Barbie,Original Song,Won,Music & lyrics,I'm Just Ken,p001755,TRUE
2023,Barbie,Original Song,Lost,Music & lyrics,Pink,p000196,TRUE
2023,Barbie,Original Song,Lost,Music & lyrics,Pink,p000772,TRUE
2023,Barbie,Original Song,Lost,Music & lyrics,Pink,p001386,TRUE
2023,Barbie,Original Song,Lost,Music & lyrics,Pink,p001755,TRUE
2023,Barbie,Original Song,Lost,Music & lyrics,What Was I Made for?,p000420,TRUE
2023,Barbie,Original Song,Lost,Music & lyrics,What Was I Made for?,p001800,TRUE
2023,Rustin,Original Song,TBD,Music & lyrics,The Knowing,p000426,FALSE
2023,Rustin,Original Song,TBD,Music & lyrics,The Knowing,p001012,FALSE
2023,Rustin,Original Song,TBD,Music & lyrics,The Knowing,p001772,FALSE
2023,Theater Camp,Original Song,Lost,,Camp Isn't Home,p001282,TRUE
2023,All of Us Strangers,Screenplay (Adapted),TBD,,the novel by Taichi Yamada,p000629,FALSE
2023,Eileen,Screenplay (Adapted),TBD,,the novel of the same title by Ottessa Moshfegh,p000569,FALSE
2023,Eileen,Screenplay (Adapted),TBD,,the novel of the same title by Ottessa Moshfegh,p001133,FALSE
2023,Killers of the Flower Moon,Screenplay (Adapted),TBD,,,,FALSE
2023,Poor Things,Screenplay (Adapted),TBD,,the 1992 novel of the same name by Alasdair Gray,p001059,FALSE
2023,Society of the Snow,Screenplay (Adapted),TBD,,,,FALSE
2023,The Wonderful Story of Henry Sugar,Screenplay (Adapted),Lost,,the short story of the same title by Roald Dahl,p000035,TRUE
2023,American Fiction,Screenplay (Adapted),Lost,,the novel Erasure by Percival Everett,p001843,TRUE
2023,Barbie,Screenplay (Adapted),Won,,the Barbie fashion dolls by Mattel,p000090,TRUE
2023,Barbie,Screenplay (Adapted),Won,,the Barbie fashion dolls by Mattel,p000547,TRUE
2023,One Life,Screenplay (Adapted),Lost,,the true story of British humanitarian Nicholas Winton,p001897,FALSE
2023,One Life,Screenplay (Adapted),Lost,,the true story of British humanitarian Nicholas Winton,p001898,FALSE
2023,Oppenheimer,Screenplay (Adapted),Lost,,the 2005 biography American Prometheus by Kai Bird and Martin J. Sherwin,p001176,FALSE
2023,Origin,Screenplay (Adapted),Lost,,the book Caste: The Origins of Our Discontents by Isabel Wilkerson,p001836,TRUE
2023,The Zone of Interest,Screenplay (Adapted),Lost,,the 2014 novel of the same name by Martin Amis,p000565,TRUE
2023,Heroic,Screenplay (Original),TBD,,,p001784,FALSE
2023,The Iron Claw,Screenplay (Original),TBD,,,,FALSE
2023,You Hurt My Feelings,Screenplay (Original),TBD,,,p000725,FALSE
2023,Anatomy of a Fall,Screenplay (Original),Lost,Story & screenplay,,p000655,TRUE
2023,Anatomy of a Fall,Screenplay (Original),Lost,Story & screenplay,,p001628,TRUE
2023,May December,Screenplay (Original),Lost,Story & screenplay,,p000185,TRUE
2023,May December,Screenplay (Original),Lost,Story,,p001064,TRUE
2023,Saltburn,Screenplay (Original),Won,Story & screenplay,,p000466,TRUE
2023,The Boy and the Heron,Screenplay (Original),Lost,Story & screenplay,,p001107,TRUE
2023,The Holdovers,Screenplay (Original),Lost,Story & screenplay,,p000686,TRUE
2023,Asteroid City,Screenplay (Original),TBD,,,,FALSE
2023,The Last Voyage of the Demeter,Sound Editing,TBD,,,p001812,FALSE
2023,Indiana Jones and the Dial of Destiny,Sound Editing,TBD,,,,FALSE
2023,Oppenheimer,Sound Editing,Won,,,p000490,TRUE
2023,Oppenheimer,Sound Editing,Won,,,p000535,TRUE
2023,Oppenheimer,Sound Editing,Won,,,p000843,TRUE
2023,Oppenheimer,Sound Editing,Won,,,p001105,TRUE
2023,Society of the Snow,Sound Editing,Lost,,,p001873,TRUE
2023,The Creator,Sound Editing,TBD,,,,FALSE
2023,Society of the Snow,Sound Editing,Lost,,,p001874,TRUE
2023,Society of the Snow,Sound Editing,Lost,,,p001875,TRUE
2023,Society of the Snow,Sound Editing,Lost,,,p001876,TRUE
2023,The Killer,Sound Editing,Lost,,,p000852,TRUE
2023,All of Us Strangers,Sound Mixing,TBD,,,p001821,FALSE
2023,All of Us Strangers,Sound Mixing,TBD,,,p001822,FALSE
2023,All of Us Strangers,Sound Mixing,TBD,,,p001823,FALSE
2023,Society of the Snow,Sound Mixing,TBD,,,,FALSE
2023,The Killer,Sound Editing,Lost,,,p001894,TRUE
2023,The Killer,Sound Editing,Lost,,,p001895,TRUE
2023,Barbie,Sound Mixing,Lost,,,p000589,TRUE
2023,Barbie,Sound Mixing,Lost,,,p000926,TRUE
2023,Barbie,Sound Mixing,Lost,,,p001447,TRUE
2023,Barbie,Sound Mixing,Lost,,,p001801,TRUE
2023,Maestro,Sound Mixing,Lost,,,p001128,TRUE
2023,Maestro,Sound Mixing,Lost,,,p000843,TRUE
2023,Maestro,Sound Mixing,Lost,,,p001225,TRUE
2023,Maestro,Sound Mixing,Lost,,,p001787,TRUE
2023,Napoleon,Sound Mixing,Lost,,,p001024,TRUE
2023,Napoleon,Sound Mixing,Lost,,,p001094,TRUE
2023,Saltburn,Sound Mixing,Lost,,,p000316,TRUE
2023,Saltburn,Sound Mixing,Lost,,,p001457,TRUE
2023,Saltburn,Sound Mixing,Lost,,,p001617,TRUE
2023,The Zone of Interest,Sound Mixing,Won,,,p000192,TRUE
2023,The Zone of Interest,Sound Mixing,Won,,,p001893,TRUE
TBD,Magazine Dreams,Actor in a Leading Role,TBD,Killian Maddox,,p000993,FALSE
TBD,Magazine Dreams,Cinematography,TBD,,,p000047,FALSE
TBD,Magazine Dreams,Directing,TBD,,,p000207,FALSE
TBD,Magazine Dreams,Sound Mixing,TBD,,,p001028,FALSE
TBD,Magazine Dreams,Sound Mixing,TBD,,,p001591,FALSE
2024,Kinds of Kindness,Actor in a Leading Role,Lost,"Robert, Daniel, and Andrew",,p001828,TRUE
2024,Sing Sing,Actor in a Leading Role,Lost,"John ""Divine G"" Whitfield",,p000390,TRUE
2024,The Brutalist,Actor in a Leading Role,Won,László Tóth,,p001904,TRUE
2024,Queer,Actor in a Leading Role,TBD,William Lee,,p001907,FALSE
2024,Babygirl,Actor in a Leading Role,TBD,Samuel,,p001911,FALSE
2024,Joker 2: Folie à Deux,Actor in a Leading Role,TBD,Arthur Fleck,,p001276,FALSE
2024,A Real Pain,Actor in a Leading Role,TBD,"Benjamin ""Benji"" Kaplan",,p001918,FALSE
2024,Firebrand,Actor in a Leading Role,TBD,Henry VIII,,p001930,FALSE
2024,A Complete Unknown,Actor in a Leading Role,Lost,Bob Dylan,Bob Dylan,p000245,TRUE
2024,A Different Man,Actor in a Leading Role,Lost,Edward,,p001925,TRUE
2024,The Apprentice,Actor in a Leading Role,Lost,Donald Trump,,p001925,TRUE
2024,Heretic,Actor in a Leading Role,TBD,Mr. Reed,,p001827,FALSE
2024,Sing Sing,Actor in a Supporting Role,TBD,Mike Mike,,p001899,FALSE
2024,The Brutalist,Actor in a Supporting Role,TBD,Attila,,p001905,FALSE
2024,Dune: Part Two,Actor in a Supporting Role,TBD,Feyd-Rautha,,p000202,FALSE
2024,Nosferatu,Actor in a Supporting Role,TBD,Count Orlok / Nosferatu,,p001906,FALSE
2024,Gladiator II,Actor in a Supporting Role,TBD,Macrinus,,p001687,FALSE
2024,Queer,Actor in a Supporting Role,TBD,Eugene Allerton,,p001909,FALSE
2024,A Complete Unknown,Actor in a Supporting Role,Won,Pete Seeger,,p001184,TRUE
2024,The Brutalist,Actor in a Supporting Role,TBD,Harrison Lee Van Buren,,p001910,FALSE
2024,Dune: Part Two,Actor in a Supporting Role,Lost,Stilgar,,p000080,TRUE
2024,Wicked,Actor in a Supporting Role,TBD,The Wonderful Wizard of Oz,,p001913,FALSE
2024,Wicked,Actor in a Supporting Role,Lost,Fiyero Tigelaar,,p001914,TRUE
2024,Sebastian,Actor in a Supporting Role,TBD,Nicholas,,p001915,FALSE
2024,Conclave,Actor in a Supporting Role,TBD,Cardinal Aldo Bellini,,p001632,FALSE
2024,Nosferatu,Actor in a Supporting Role,Lost,Prof. Albin Eberhart Von Franz,,p000341,TRUE
2024,The Seed of the Sacred Fig,Actor in a Supporting Role,TBD,Iman,,p001926,FALSE
2024,Anora,Actor in a Supporting Role,Lost,Igor,,p001928,TRUE
2024,The Piano Lesson,Actor in a Supporting Role,TBD,Doaker,,p000765,FALSE
2024,NightBitch,Actress in a Leading Role,TBD,Mother,,p000007,FALSE
2024,Maria,Actress in a Leading Role,TBD,Maria Callas,,p000788,FALSE
2024,The Substance,Actress in a Leading Role,TBD,Elisabeth Sparkle,,p001908,FALSE
2024,Thelma,Actress in a Leading Role,TBD,Thelma,,p001916,FALSE
2024,Emilia Pérez,Actress in a Leading Role,Lost,"Emilia Pérez / Juan ""Manitas"" del Monte",,p001917,TRUE
2024,Lee,Actress in a Leading Role,TBD,Lee Miller,,p001743,FALSE
2024,Hard Truths,Actress in a Leading Role,Lost,Pansy Deacon,,p001920,TRUE
2024,Anora,Actress in a Leading Role,Won,"Anora ""Ani"" Mikheeva",,p001922,TRUE
2024,Babygirl,Actress in a Leading Role,Lost,Romy Mathis,,p000829,TRUE
2024,The Last Showgirl,Actress in a Leading Role,TBD,Shelly Gardner,,p001924,FALSE
2024,Lee,Actress in a Supporting Role,TBD,Dame Audrey Withers,,p001363,FALSE
2024,The Last Showgirl,Actress in a Supporting Role,Won,Annette,,p001912,TRUE
2024,September 5,Actress in a Supporting Role,Lost,Marianne Gebhardt,,p001919,TRUE
2024,Hard Truths,Actress in a Supporting Role,TBD,Chantelle,,p001921,FALSE
2024,A Complete Unknown,Actress in a Supporting Role,Lost,Joan Baez,,p001923,TRUE
2024,The Seed of the Sacred Fig,Actress in a Supporting Role,Lost,Sana,,p001927,TRUE
2024,The Piano Lesson,Actress in a Supporting Role,Lost,Berniece,,p000364,TRUE
2024,The Six Triple Eight,Actress in a Supporting Role,TBD,Major Charity Adams,,p001929,FALSE
2024,Flow,Animated Feature-Length Film,Won,,,p001987,TRUE
2024,Flow,Animated Feature-Length Film,Won,,,p001988,TRUE
2024,Flow,Animated Feature-Length Film,Won,,,p001989,TRUE
2024,Flow,Animated Feature-Length Film,Won,,,p001990,TRUE
2024,Wallace & Gromit: Vengeance Most Fowl,Animated Feature-Length Film,Lost,,,p001995,TRUE
2024,Wallace & Gromit: Vengeance Most Fowl,Animated Feature-Length Film,Lost,,,p001996,TRUE
2024,Wallace & Gromit: Vengeance Most Fowl,Animated Feature-Length Film,Lost,,,p001997,TRUE
2024,Memoir of a Snail,Animated Feature-Length Film,Lost,,,p001993,TRUE
2024,Memoir of a Snail,Animated Feature-Length Film,Lost,,,p001994,TRUE
2024,Yuck!,Animated Short Film,Won,,,p002047,TRUE
2024,Yuck!,Animated Short Film,Won,,,p002048,TRUE
2024,Wander to Wonder,Animated Short Film,Lost,,,p002045,TRUE
2024,Wander to Wonder,Animated Short Film,Lost,,,p002046,TRUE
2024,In the Shadow of the Cypress,Animated Short Film,Lost,,,p002041,TRUE
2024,In the Shadow of the Cypress,Animated Short Film,Lost,,,p002042,TRUE
2024,Anora,Art Direction,TBD,,,,FALSE
2024,Wicked,Art Direction,Won,Production design,,p000329,TRUE
2024,Wicked,Art Direction,Won,Set decoration,,p001419,TRUE
2024,Gladiator II,Art Direction,TBD,,,p001027,FALSE
2024,The Brutalist,Art Direction,Lost,,,p000101,TRUE
2024,The Brutalist,Art Direction,Lost,,,p002077,TRUE
2024,Blitz,Art Direction,TBD,,,,FALSE
2024,The Substance,Art Direction,Lost,,,p002113,TRUE
2024,Nosferatu,Art Direction,Lost,,,p002079,TRUE
2024,Nosferatu,Art Direction,Lost,,,p002080,TRUE
2024,Wallace & Gromit: Vengeance Most Fowl,Art Direction,Lost,,,p002114,TRUE
2024,The Substance,Cinematography,Lost,,,p000867,TRUE
2024,Joker 2: Folie à Deux,Cinematography,TBD,,,,FALSE
2024,Conclave,Cinematography,TBD,,,,FALSE
2024,Gladiator II,Cinematography,TBD,,,,FALSE
2024,Queer,Cinematography,TBD,,,,FALSE
2024,Nocturnes,Cinematography,TBD,,,,FALSE
2024,Babygirl,Cinematography,TBD,,,,FALSE
2024,The Brutalist,Cinematography,Won,,,p002081,TRUE
2024,Hard Truths,Cinematography,TBD,,,,FALSE
2024,Dune: Part Two,Cinematography,Lost,,,p000516,TRUE
2024,Nosferatu,Cinematography,Lost,,,p000136,TRUE
2024,The Substance,Costuming,Lost,,,p002115,TRUE
2024,Wicked,Costuming,Lost,,,p001600,TRUE
2024,Gladiator II,Costuming,Lost,,,p001762,TRUE
2024,Gladiator II,Costuming,Lost,,,p002097,TRUE
2024,Blitz,Costuming,TBD,,,,FALSE
2024,The Brutalist,Costuming,TBD,,,,FALSE
2024,Maria,Costuming,TBD,,,,FALSE
2024,Nosferatu,Costuming,Won,,,p002098,TRUE
2024,A Complete Unknown,Costuming,Lost,,,p001273,TRUE
2024,Babygirl,Costuming,TBD,,,,FALSE
2024,Anora,Directing,TBD,,,p001955,FALSE
2024,Gladiator II,Directing,TBD,,,,FALSE
2024,Queer,Directing,TBD,,,,FALSE
2024,The Brutalist,Directing,Won,,,p001960,TRUE
2024,Nosferatu,Directing,Lost,,,p002116,TRUE
2024,A Complete Unknown,Directing,TBD,,,p000999,FALSE
2024,The Seed of the Sacred Fig,Directing,Lost,,,p002117,TRUE
2024,Hard Truths,Directing,Lost,,,p000935,TRUE
2024,Babygirl,Directing,Lost,,,p002118,TRUE
2024,Nocturnes,Documentary Film,Won,,,p002119,TRUE
2024,Nocturnes,Documentary Film,Won,,,p002120,TRUE
2024,Will & Harper,Documentary Film,TBD,,,p002121,FALSE
2024,Thelma,Editing,TBD,,,,FALSE
2024,The Seed of the Sacred Fig,Editing,Won,,,p002122,TRUE
2024,The Brutalist,Editing,TBD,,,p002099,FALSE
2024,Nosferatu,Editing,Lost,,,p002123,TRUE
2024,A Complete Unknown,Editing,TBD,,,,FALSE
2024,Dune: Part Two,Editing,Lost,,,p001671,TRUE
2024,September 5,Editing,Lost,,,p002124,TRUE
2024,Babygirl,Editing,TBD,,,,FALSE
2024,Megalopolis,Effects,TBD,,,,FALSE
2024,Kingdom of the Planet of the Apes,Effects,Won,,,p001742,TRUE
2024,Kingdom of the Planet of the Apes,Effects,Won,,,p002109,TRUE
2024,Kingdom of the Planet of the Apes,Effects,Won,,,p002110,TRUE
2024,Kingdom of the Planet of the Apes,Effects,Won,,,p002111,TRUE
2024,Dune: Part Two,Effects,Lost,,,p000889,TRUE
2024,Dune: Part Two,Effects,Lost,,,p002107,TRUE
2024,Dune: Part Two,Effects,Lost,,,p002108,TRUE
2024,Dune: Part Two,Effects,Lost,,,p001155,TRUE
2024,Civil War,Effects,Lost,,,p002125,TRUE
2024,Civil War,Effects,Lost,,,p002126,TRUE
2024,Civil War,Effects,Lost,,,p002127,TRUE
2024,Civil War,Effects,Lost,,,p002128,TRUE
2024,Civil War,Effects,Lost,,,p002129,TRUE
2024,Alien: Romulus,Effects,Lost,,,p000078,TRUE
2024,Alien: Romulus,Effects,Lost,,,p002102,TRUE
2024,Alien: Romulus,Effects,Lost,,,p002103,TRUE
2024,Alien: Romulus,Effects,Lost,,,p000990,TRUE
2024,Nosferatu,Effects,Lost,,,p002130,TRUE
2024,Nosferatu,Effects,Lost,,,p002131,TRUE
2024,Nosferatu,Effects,Lost,,,p002132,TRUE
2024,Nosferatu,Effects,Lost,,,p002133,TRUE
2024,Nosferatu,Effects,Lost,,,p002134,TRUE
2024,Flow,Foreign Film,Lost,,,p001987,TRUE
2024,The Seed of the Sacred Fig,Foreign Film,Won,,,p002002,TRUE
2024,Kneecap,Foreign Film,Lost,,,p002135,TRUE
2024,Kneecap,Foreign Film,Lost,,,p002136,TRUE
2024,Kneecap,Foreign Film,Lost,,,p002137,TRUE
2024,Yuck!,Foreign Film,Lost,,,p002047,TRUE
2024,Yuck!,Foreign Film,Lost,,,p002048,TRUE
2024,A Complete Unknown,Live-Action Feature-Length Film,Lost,,,p001961,TRUE
2024,A Complete Unknown,Live-Action Feature-Length Film,Lost,,,p000999,TRUE
2024,A Complete Unknown,Live-Action Feature-Length Film,Lost,,,p001962,TRUE
2024,Queer,Live-Action Feature-Length Film,TBD,,,,FALSE
2024,Nosferatu,Live-Action Feature-Length Film,Lost,,,p002138,TRUE
2024,Nosferatu,Live-Action Feature-Length Film,Lost,,,p002139,TRUE
2024,Nosferatu,Live-Action Feature-Length Film,Lost,,,p002140,TRUE
2024,Nosferatu,Live-Action Feature-Length Film,Lost,,,p002116,TRUE
2024,Nosferatu,Live-Action Feature-Length Film,Lost,,,p002141,TRUE
2024,The Seed of the Sacred Fig,Live-Action Feature-Length Film,Lost,,,p002142,TRUE
2024,The Seed of the Sacred Fig,Live-Action Feature-Length Film,Lost,,,p002143,TRUE
2024,The Seed of the Sacred Fig,Live-Action Feature-Length Film,Lost,,,p002144,TRUE
2024,The Seed of the Sacred Fig,Live-Action Feature-Length Film,Lost,,,p002145,TRUE
2024,The Seed of the Sacred Fig,Live-Action Feature-Length Film,Lost,,,p002117,TRUE
2024,Babygirl,Live-Action Feature-Length Film,Lost,,,p002146,TRUE
2024,Babygirl,Live-Action Feature-Length Film,Lost,,,p002147,TRUE
2024,Babygirl,Live-Action Feature-Length Film,Lost,,,p002118,TRUE
2024,The Brutalist,Live-Action Feature-Length Film,Won,,,p001956,TRUE
2024,The Brutalist,Live-Action Feature-Length Film,Won,,,p001957,TRUE
2024,The Brutalist,Live-Action Feature-Length Film,Won,,,p001958,TRUE
2024,The Brutalist,Live-Action Feature-Length Film,Won,,,p001959,TRUE
2024,The Brutalist,Live-Action Feature-Length Film,Won,,,p001960,TRUE
2024,The Last Ranger,Live-Action Short Film,Won,,,p002035,TRUE
2024,The Last Ranger,Live-Action Short Film,Won,,,p002036,TRUE
2024,Anuja,Live-Action Short Film,Lost,,,p002031,TRUE
2024,Anuja,Live-Action Short Film,Lost,,,p002032,TRUE
2024,The Substance,Make-Up & Hairstyling,Won,,,p002092,TRUE
2024,The Substance,Make-Up & Hairstyling,Won,,,p002093,TRUE
2024,The Substance,Make-Up & Hairstyling,Won,,,p002094,TRUE
2024,Wicked,Make-Up & Hairstyling,Lost,,,p000653,TRUE
2024,Wicked,Make-Up & Hairstyling,Lost,,,p002095,TRUE
2024,Wicked,Make-Up & Hairstyling,Lost,,,p002096,TRUE
2024,Gladiator II,Make-Up & Hairstyling,TBD,,,,FALSE
2024,Blitz,Make-Up & Hairstyling,TBD,,,,FALSE
2024,Beetlejuice Beetlejuice,Make-Up & Hairstyling,Lost,,,p000146,TRUE
2024,Beetlejuice Beetlejuice,Make-Up & Hairstyling,Lost,,,p002148,TRUE
2024,Beetlejuice Beetlejuice,Make-Up & Hairstyling,Lost,,,p002149,TRUE
2024,A Different Man,Make-Up & Hairstyling,Lost,,,p002084,TRUE
2024,A Different Man,Make-Up & Hairstyling,Lost,,,p002085,TRUE
2024,A Different Man,Make-Up & Hairstyling,Lost,,,p002086,TRUE
2024,Nosferatu,Make-Up & Hairstyling,Lost,,,p001716,TRUE
2024,Nosferatu,Make-Up & Hairstyling,Lost,,,p002090,TRUE
2024,Nosferatu,Make-Up & Hairstyling,Lost,,,p002091,TRUE
2024,Flow,Original Score,Lost,,,p001987,TRUE
2024,Flow,Original Score,Lost,,,p002150,TRUE
2024,A Different Man,Original Score,TBD,,,,FALSE
2024,The Brutalist,Original Score,Lost,,,p002049,TRUE
2024,Nosferatu,Original Score,Lost,,,p002151,TRUE
2024,Challengers,Original Score,Won,,,p001351,TRUE
2024,Challengers,Original Score,Won,,,p001388,TRUE
2024,Sing Sing,Original Song,TBD,,Like a Bird,p002057,FALSE
2024,Sing Sing,Original Song,TBD,,Like a Bird,p002058,FALSE
2024,Emilia Pérez,Original Song,Lost,,Mi Camino,p002051,TRUE
2024,Emilia Pérez,Original Song,Lost,,Mi Camino,p002052,TRUE
2024,The Last Showgirl,Original Song,Lost,,Beautiful That Way,p000337,TRUE
2024,The Last Showgirl,Original Song,Lost,,Beautiful That Way,p001755,TRUE
2024,The Last Showgirl,Original Song,Lost,,Beautiful That Way,p002152,TRUE
2024,Will & Harper,Original Song,Lost,,Harper and Will Go West,p002121,TRUE
2024,Will & Harper,Original Song,Lost,,Harper and Will Go West,p002153,TRUE
2024,Will & Harper,Original Song,Lost,,Harper and Will Go West,p002154,TRUE
2024,The Six Triple Eight,Original Song,Won,,The Journey,p002056,TRUE
2024,Kneecap,Original Song,Lost,,Sick in the Head,p002155,TRUE
2024,Conclave,Screenplay (Adapted),Lost,,the 2016 novel of the same name by Robert Harris,p001567,TRUE
2024,Queer,Screenplay (Adapted),Lost,,the 1985 novella of the same name by William S. Burroughs,p002166,TRUE
2024,Nosferatu,Screenplay (Adapted),Lost,,"F. W. Murnau's 1922 film ""Nosferatu: A Symphony of Horror,"" itself based on Bram Stoker's 1897 novel ""Dracula""",p002116,TRUE
2024,Flow,Screenplay (Original),Lost,,,p001987,TRUE
2024,Flow,Screenplay (Original),Lost,,,p001988,TRUE
2024,Thelma,Screenplay (Original),TBD,,,,FALSE
2024,The Seed of the Sacred Fig,Screenplay (Original),Lost,,,p002002,TRUE
2024,A Different Man,Screenplay (Original),Won,,,p002156,TRUE
2024,Babygirl,Screenplay (Original),Lost,,,p002118,TRUE
2024,The Brutalist,Screenplay (Original),Lost,,,p001960,TRUE
2024,The Brutalist,Screenplay (Original),Lost,,,p001975,TRUE
2024,Hard Truths,Screenplay (Original),TBD,,,,FALSE
2024,The Last Showgirl,Screenplay (Original),TBD,,,,FALSE
2024,Joker 2: Folie à Deux,Sound Editing,TBD,,,,FALSE
2024,Gladiator II,Sound Editing,TBD,,,,FALSE
2024,Deadpool & Wolverine,Sound Editing,Won,,,p000691,TRUE
2024,Deadpool & Wolverine,Sound Editing,Won,,,p002157,TRUE
2024,A Complete Unknown,Sound Editing,Lost,,,p002063,TRUE
2024,A Complete Unknown,Sound Editing,Lost,,,p001582,TRUE
2024,A Complete Unknown,Sound Editing,Lost,,,p002064,TRUE
2024,A Complete Unknown,Sound Editing,Lost,,,p001024,TRUE
2024,A Complete Unknown,Sound Editing,Lost,,,p000551,TRUE
2024,Flow,Sound Editing,Lost,,,p002158,TRUE
2024,September 5,Sound Editing,Lost,,,p000872,TRUE
2024,Nosferatu,Sound Editing,Lost,,,p002159,TRUE
2024,Wicked,Sound Mixing,TBD,,,,FALSE
2024,Nocturnes,Sound Mixing,TBD,,,,FALSE
2024,Gladiator II,Sound Mixing,Lost,,,p002160,TRUE
2024,Gladiator II,Sound Mixing,Lost,,,p002161,TRUE
2024,Gladiator II,Sound Mixing,Lost,,,p001024,TRUE
2024,A Complete Unknown,Sound Mixing,Won,,,p002063,TRUE
2024,A Complete Unknown,Sound Mixing,Won,,,p001582,TRUE
2024,A Complete Unknown,Sound Mixing,Won,,,p002064,TRUE
2024,A Complete Unknown,Sound Mixing,Won,,,p001024,TRUE
2024,A Complete Unknown,Sound Mixing,Won,,,p000551,TRUE
2024,Joker 2: Folie à Deux,Sound Mixing,TBD,,,,FALSE
2024,The Brutalist,Sound Mixing,Lost,,,p001505,TRUE
2024,The Brutalist,Sound Mixing,Lost,,,p002162,TRUE
2024,Nosferatu,Sound Mixing,Lost,,,p000551,TRUE
2024,Nosferatu,Sound Mixing,Lost,,,p002159,TRUE
2024,Dune: Part Two,Sound Mixing,Lost,,,p002065,TRUE
2024,Dune: Part Two,Sound Mixing,Lost,,,p000843,TRUE
2024,Dune: Part Two,Sound Mixing,Lost,,,p000087,TRUE
2024,Dune: Part Two,Sound Mixing,Lost,,,p000689,TRUE
2024,Nickel Boys,Actress in a Supporting Role,TBD,,,p001945,FALSE
2024,I’m Still Here,Actress in a Leading Role,Lost,Eunice Paiva,,p001948,TRUE
2024,The Last Ranger,Actress in a Leading Role,TBD,,,p001950,FALSE
2024,Anuja,Actress in a Leading Role,TBD,,,p001951,FALSE
2024,Nickel Boys,Directing,TBD,,,,FALSE
2024,Nickel Boys,Editing,TBD,,,,FALSE
2024,Nickel Boys,Screenplay (Adapted),TBD,,,p001982,FALSE
2024,Nickel Boys,Screenplay (Adapted),TBD,,,p001971,FALSE
2024,The Room Next Door,Original Score,Lost,,,p000753,TRUE
2024,The Room Next Door,Screenplay (Adapted),Lost,,the novel What Are You Going Through by Sigrid Nunez,p000028,TRUE
2024,The Wild Robot,Animated Feature-Length Film,Lost,,,p001998,TRUE
2024,The Wild Robot,Animated Feature-Length Film,Lost,,,p001999,TRUE
2024,The Wild Robot,Sound Editing,TBD,,,p001608,FALSE
2024,The Wild Robot,Sound Editing,TBD,,,p002075,FALSE
2024,The Wild Robot,Sound Editing,TBD,,,p001368,FALSE
2024,The Wild Robot,Sound Editing,TBD,,,p001369,FALSE
2024,The Wild Robot,Sound Editing,TBD,,,p002076,FALSE
2024,I’m Still Here,Directing,TBD,,,,FALSE
2024,I’m Still Here,Foreign Film,Lost,,,p001969,TRUE
2024,I’m Still Here,Foreign Film,Lost,,,p001970,TRUE
2024,I’m Still Here,Editing,Lost,,,p001852,TRUE
2024,Nickel Boys,Cinematography,Lost,,,p002163,TRUE
2024,Nickel Boys,Costuming,TBD,,,,FALSE
2024,I’m Still Here,Live-Action Feature-Length Film,TBD,,,,FALSE
2024,I’m Still Here,Screenplay (Adapted),Won,,Marcelo Rubens Paiva's 2015 memoir of the same name,p002164,TRUE
2024,I’m Still Here,Screenplay (Adapted),Won,,Marcelo Rubens Paiva's 2015 memoir of the same name,p002165,TRUE
2024,Here,Effects,TBD,,,,FALSE
2025,After the Hunt,Original Score,TBD,,,p001351,TRUE
2025,Peter Hujar's Day,Actor in a Leading Role,TBD,,,p001946,FALSE
2025,Twinless,Actor in a Leading Role,TBD,,,p001947,FALSE
2025,Jimpa,Actor in a Supporting Role,TBD,,,p001949,FALSE
2025,After the Hunt,Original Score,TBD,,,p001388,TRUE
2025,Avatar: Fire and Ash,Effects,TBD,,,p000942,TRUE
2025,The Wedding Banquet,Actress in a Supporting Role,TBD,,,p001771,FALSE
2025,Avatar: Fire and Ash,Effects,TBD,,,p000077,TRUE
2025,Avatar: Fire and Ash,Effects,TBD,,,p001415,TRUE
2025,Avatar: Fire and Ash,Effects,TBD,,,p000085,TRUE
2025,Avatar: Fire and Ash,Sound Editing,TBD,,,p001763,TRUE
2025,Avatar: Fire and Ash,Sound Editing,TBD,,,p000187,TRUE
2025,Ballad of a Small Player,Costuming,TBD,,,p000268,TRUE
2025,Ballad of a Small Player,Screenplay (Adapted),TBD,,the 2014 novel of the same title by Lawrence Osborne,p002426,TRUE
2025,Blue Moon,Actor in a Leading Role,TBD,Lorenz Hart,,p002221,TRUE
2025,Bugonia,Actress in a Leading Role,TBD,Michelle Fuller,,p001565,TRUE
2025,Bugonia,Cinematography,TBD,,,p001409,TRUE
2025,Bugonia,Original Score,TBD,,,p000465,TRUE
2025,Bugonia,Directing,TBD,,,p000909,TRUE
2025,Bugonia,Editing,TBD,,,p001026,TRUE
2025,Bugonia,Screenplay (Adapted),TBD,,the 2003 South Korean film Save the Green Planet! by Jang Joon-hwan,p002373,TRUE
2025,Downton Abbey: The Grand Finale,Costuming,TBD,,,p002233,TRUE
2025,Elio,Animated Feature-Length Film,TBD,,,p001473,TRUE
2025,Elio,Animated Feature-Length Film,TBD,,,p001483,TRUE
2025,Elio,Animated Feature-Length Film,TBD,,,p002274,TRUE
2025,Elio,Animated Feature-Length Film,TBD,,,p002275,TRUE
2025,F1,Actor in a Supporting Role,TBD,Rubén Cervantes,,p000080,TRUE
2025,KPop Demon Hunters,Original Song,TBD,,Free,p002177,FALSE
2025,KPop Demon Hunters,Original Song,TBD,,Free,p002178,FALSE
2025,KPop Demon Hunters,Original Song,TBD,,Free,p002172,FALSE
2025,KPop Demon Hunters,Original Song,TBD,,Free,p002179,FALSE
2025,F1,Sound Editing,TBD,,,p002065,TRUE
2025,F1,Sound Editing,TBD,,,p001159,TRUE
2025,F1,Sound Editing,TBD,,,p001763,TRUE
2025,F1,Sound Editing,TBD,,,p001368,TRUE
2025,F1,Sound Editing,TBD,,,p002327,TRUE
2025,A Nice Indian Boy,Actor in a Leading Role,TBD,,,p002182,FALSE
2025,F1,Sound Mixing,TBD,,,p002065,TRUE
2025,Sinners,Original Song,TBD,,Séance,p002183,FALSE
2025,Sinners,Original Song,TBD,,Séance,p000624,FALSE
2025,F1,Sound Mixing,TBD,,,p001159,TRUE
2025,F1,Sound Mixing,TBD,,,p001763,TRUE
2025,The History of Sound,Actor in a Leading Role,TBD,,,p001076,FALSE
2025,F1,Sound Mixing,TBD,,,p001368,TRUE
2025,One Battle after Another,Actor in a Supporting Role,TBD,,,p001265,FALSE
2025,F1,Sound Mixing,TBD,,,p002327,TRUE
2025,Springsteen: Deliver Me from Nowhere,Actor in a Supporting Role,TBD,,,p002184,FALSE
2025,After the Hunt,Actor in a Supporting Role,TBD,,,p000533,FALSE
2025,Frankenstein,Art Direction,TBD,Production design,,p000378,TRUE
2025,Ballad of a Small Player,Actor in a Leading Role,TBD,,,p000456,FALSE
2025,Frankenstein,Art Direction,TBD,Set decoration,,p001658,TRUE
2025,Frankenstein,Actor in a Leading Role,TBD,,,p002185,FALSE
2025,Frankenstein,Cinematography,TBD,,,p000915,TRUE
2025,Frankenstein,Costuming,TBD,,,p002234,TRUE
2025,Frankenstein,Live-Action Feature-Length Film,TBD,,,p001798,FALSE
2025,Frankenstein,Make-Up & Hairstyling,TBD,,,p000708,TRUE
2025,Frankenstein,Make-Up & Hairstyling,TBD,,,p001417,TRUE
2025,Frankenstein,Make-Up & Hairstyling,TBD,,,p002340,TRUE
2025,Wicked: For Good,Actress in a Supporting Role,TBD,,,p002188,FALSE
2025,Wicked: For Good,Costuming,TBD,,,p001600,FALSE
2025,Rental Family,Actor in a Leading Role,TBD,,,p000515,FALSE
2025,Sentimental Value,Actress in a Supporting Role,TBD,,,p002191,FALSE
2025,Jay Kelly,Actor in a Leading Role,TBD,,,p000282,FALSE
2025,Jay Kelly,Actor in a Supporting Role,TBD,,,p002192,FALSE
2025,Jay Kelly,Actor in a Supporting Role,TBD,,,p001423,FALSE
2025,Hamnet,Actress in a Leading Role,TBD,Agnes Shakespeare,,p002186,TRUE
2025,Hamnet,Art Direction,TBD,Production design,,p000325,TRUE
2025,Hamnet,Art Direction,TBD,Set decoration,,p000464,TRUE
2025,Hamnet,Costuming,TBD,,,p002235,TRUE
2025,Hedda,Actress in a Supporting Role,TBD,Bertie,,p000742,TRUE
2025,If I Had Legs I'd Kick You,Actress in a Leading Role,TBD,Linda,,p002212,TRUE
2025,The Secret Agent,Actor in a Leading Role,TBD,,,p002197,FALSE
2025,The Secret Agent,Actor in a Supporting Role,TBD,,,p002198,FALSE
2025,The Secret Agent,Actor in a Supporting Role,TBD,,,p002199,FALSE
2025,Wake Up Dead Man: A ‘Knives Out’ Story,Actress in a Supporting Role,TBD,,,p000283,FALSE
2025,"Sorry, Baby",Actress in a Leading Role,TBD,,,p002201,FALSE
2025,"Sorry, Baby",Actor in a Supporting Role,TBD,,,p002202,FALSE
2025,Avatar: Fire and Ash,Original Song,TBD,,Dream as One,p000337,FALSE
2025,Avatar: Fire and Ash,Original Song,TBD,,Dream as One,p001386,FALSE
2025,Avatar: Fire and Ash,Original Song,TBD,,Dream as One,p001755,FALSE
2025,Avatar: Fire and Ash,Original Song,TBD,,Dream as One,p002203,FALSE
2025,If I Had Legs I'd Kick You,Screenplay (Original),TBD,,,p002377,TRUE
2025,Train Dreams,Actor in a Leading Role,TBD,,,p002204,FALSE
2025,It Was Just an Accident,Foreign Film,TBD,,,p002285,TRUE
2025,Kiss of the Spider Woman,Costuming,TBD,,,p000059,TRUE
2025,Kiss of the Spider Woman,Make-Up & Hairstyling,TBD,,,p002378,TRUE
2025,Kiss of the Spider Woman,Make-Up & Hairstyling,TBD,,,p002379,TRUE
2025,Kiss of the Spider Woman,Make-Up & Hairstyling,TBD,,,p002380,TRUE
2025,KPop Demon Hunters,Original Song,TBD,,Golden,p002171,TRUE
2025,KPop Demon Hunters,Original Song,TBD,,Golden,p002172,TRUE
2025,KPop Demon Hunters,Original Song,TBD,,Golden,p002367,TRUE
2025,KPop Demon Hunters,Original Song,TBD,,Golden,p002174,TRUE
2025,KPop Demon Hunters,Original Song,TBD,,Golden,p002175,TRUE
2025,KPop Demon Hunters,Original Song,TBD,,Your Idol,p002171,TRUE
2025,KPop Demon Hunters,Original Song,TBD,,Your Idol,p002180,TRUE
2025,KPop Demon Hunters,Original Song,TBD,,Your Idol,p002172,TRUE
2025,KPop Demon Hunters,Original Song,TBD,,Your Idol,p002181,TRUE
2025,KPop Demon Hunters,Animated Feature-Length Film,TBD,,,p002276,TRUE
2025,KPop Demon Hunters,Animated Feature-Length Film,TBD,,,p002277,TRUE
2025,The Testament of Ann Lee,Actress in a Leading Role,TBD,,,p001468,FALSE
2025,The Testament of Ann Lee,Actor in a Supporting Role,TBD,,,p002208,FALSE
2025,The Testament of Ann Lee,Original Song,TBD,,Clothed by the Sun,p002049,FALSE
2025,F1,Actor in a Leading Role,TBD,,,p001281,FALSE
2025,KPop Demon Hunters,Animated Feature-Length Film,TBD,,,p002278,TRUE
2025,F1,Original Song,TBD,,Drive,p002209,FALSE
2025,F1,Original Song,TBD,,Drive,p002210,FALSE
2025,F1,Original Song,TBD,,Drive,p002211,FALSE
2025,Lurker,Actor in a Leading Role,TBD,Matthew Morning,,p001952,TRUE
2025,Nouvelle Vague,Actor in a Leading Role,TBD,,,p002214,FALSE
2025,Nouvelle Vague,Actress in a Supporting Role,TBD,,,p002215,FALSE
2025,Die My Love,Actress in a Leading Role,TBD,,,p000921,FALSE
2025,Die My Love,Actress in a Supporting Role,TBD,,,p002216,FALSE
2025,The Choral,Actor in a Supporting Role,TBD,,,p002217,FALSE
2025,Hedda,Actress in a Leading Role,TBD,,,p002218,FALSE
2025,Sinners,Actor in a Supporting Role,TBD,,,p002220,FALSE
2025,Sinners,Costuming,TBD,,,p000232,FALSE
2025,Avatar: Fire and Ash,Actress in a Supporting Role,TBD,,,p002219,FALSE
2025,Lurker,Directing,TBD,,,p002222,TRUE
2025,Lurker,Editing,TBD,,,p002223,TRUE
2025,Lurker,Live-Action Feature-Length Film,TBD,,,p002224,TRUE
2025,Lurker,Live-Action Feature-Length Film,TBD,,,p002225,TRUE
2025,Sinners,Cinematography,TBD,,,p002339,FALSE
2025,One Battle after Another,Original Score,TBD,,,p000604,FALSE
2025,Frankenstein,Original Score,TBD,,,p000376,FALSE
2025,Frankenstein,Sound Mixing,TBD,,,p002328,FALSE
2025,Frankenstein,Sound Mixing,TBD,,,p001372,FALSE
2025,Frankenstein,Sound Mixing,TBD,,,p000468,FALSE
2025,Frankenstein,Sound Mixing,TBD,,,p000303,FALSE
2025,Frankenstein,Sound Mixing,TBD,,,p001782,FALSE
2025,Lurker,Live-Action Feature-Length Film,TBD,,,p002226,TRUE
2025,Lurker,Live-Action Feature-Length Film,TBD,,,p002227,TRUE
2025,Lurker,Live-Action Feature-Length Film,TBD,,,p002228,TRUE
2025,Lurker,Live-Action Feature-Length Film,TBD,,,p002229,TRUE
2025,Bugonia,Live-Action Feature-Length Film,TBD,,,p000617,FALSE
2025,Bugonia,Live-Action Feature-Length Film,TBD,,,p002243,FALSE
2025,Bugonia,Live-Action Feature-Length Film,TBD,,,p000909,FALSE
2025,Bugonia,Live-Action Feature-Length Film,TBD,,,p001565,FALSE
2025,Bugonia,Live-Action Feature-Length Film,TBD,,,p002244,FALSE
2025,Lurker,Original Song,TBD,,Love and Obsession,p002167,TRUE
2025,Lurker,Original Song,TBD,,Love and Obsession,p002168,TRUE
2025,Lurker,Original Song,TBD,,Love and Obsession,p002169,TRUE
2025,Sentimental Value,Screenplay (Original),TBD,,,p001663,FALSE
2025,Sentimental Value,Screenplay (Original),TBD,,,p001627,FALSE
2025,Lurker,Original Song,TBD,,Love and Obsession,p002170,TRUE
2025,Lurker,Screenplay (Original),TBD,,,p002222,TRUE
2025,Marty Supreme,Actor in a Leading Role,TBD,Marty Mauser,,p000245,TRUE
2025,Marty Supreme,Actress in a Supporting Role,TBD,Kay Stone,,p002207,TRUE
2025,Marty Supreme,Art Direction,TBD,Production design,,p000486,TRUE
2025,Marty Supreme,Directing,TBD,,,p001414,TRUE
2025,Marty Supreme,Editing,TBD,,,p000173,TRUE
2025,Marty Supreme,Editing,TBD,,,p001414,TRUE
2025,Marty Supreme,Live-Action Feature-Length Film,TBD,,,p000201,TRUE
2025,Marty Supreme,Live-Action Feature-Length Film,TBD,,,p000173,TRUE
2025,Marty Supreme,Live-Action Feature-Length Film,TBD,,,p001414,TRUE
2025,Marty Supreme,Live-Action Feature-Length Film,TBD,,,p000812,TRUE
2025,Marty Supreme,Live-Action Feature-Length Film,TBD,,,p000245,TRUE
2025,Marty Supreme,Art Direction,TBD,Set decoration,,p001839,TRUE
2025,Marty Supreme,Original Score,TBD,,,p002381,TRUE
2025,Mr. Nobody against Putin,Documentary Film,TBD,,,,TRUE
2025,The Secret Agent,Live-Action Feature-Length Film,TBD,,,p002253,FALSE
2025,No Other Choice,Actor in a Leading Role,TBD,Yoo Man-su,,p002193,TRUE
2025,No Other Choice,Actor in a Supporting Role,TBD,Goo Beom-mo,,p002195,TRUE
2025,No Other Choice,Actress in a Leading Role,TBD,Lee Mi-ri,,p002194,TRUE
2025,Marty Supreme,Costuming,TBD,,,p002352,FALSE
2025,Marty Supreme,Screenplay (Original),TBD,,,p000173,FALSE
2025,Marty Supreme,Screenplay (Original),TBD,,,p001414,FALSE
2025,No Other Choice,Actress in a Supporting Role,TBD,Lee A-ra,,p002196,TRUE
2025,No Other Choice,Cinematography,TBD,,,p002230,TRUE
2025,No Other Choice,Directing,TBD,,,p001236,TRUE
2025,No Other Choice,Editing,TBD,,,p002382,TRUE
2025,No Other Choice,Editing,TBD,,,p000837,TRUE
2025,No Other Choice,Foreign Film,TBD,,,p001236,TRUE
2025,No Other Choice,Live-Action Feature-Length Film,TBD,,,p001236,TRUE
2025,No Other Choice,Live-Action Feature-Length Film,TBD,,,p002383,TRUE
2025,No Other Choice,Live-Action Feature-Length Film,TBD,,,p002384,TRUE
2025,No Other Choice,Live-Action Feature-Length Film,TBD,,,p002385,TRUE
2025,No Other Choice,Original Score,TBD,,,p002386,TRUE
2025,No Other Choice,Screenplay (Adapted),TBD,,the 1997 novel The Ax by Donald Westlake,p001236,TRUE
2025,No Other Choice,Screenplay (Adapted),TBD,,the 1997 novel The Ax by Donald Westlake,p002387,TRUE
2025,No Other Choice,Screenplay (Adapted),TBD,,the 1997 novel The Ax by Donald Westlake,p002388,TRUE
2025,No Other Choice,Screenplay (Adapted),TBD,,the 1997 novel The Ax by Donald Westlake,p002389,TRUE
2025,No Other Choice,Sound Mixing,TBD,,,p002390,TRUE
2025,No Other Choice,Sound Mixing,TBD,,,p002391,TRUE
2025,No Other Choice,Sound Mixing,TBD,,,p002392,TRUE
2025,Nouvelle Vague,Cinematography,TBD,,,p002232,TRUE
2025,Nouvelle Vague,Directing,TBD,,,p000951,TRUE
2025,Nouvelle Vague,Editing,TBD,,,p002393,TRUE
2025,Nouvelle Vague,Live-Action Feature-Length Film,TBD,,,p002394,TRUE
2025,Nouvelle Vague,Live-Action Feature-Length Film,TBD,,,p002395,TRUE
2025,Nouvelle Vague,Screenplay (Original),TBD,,,p002396,TRUE
2025,Nouvelle Vague,Screenplay (Original),TBD,,,p002397,TRUE
2025,Nuremberg,Actor in a Supporting Role,TBD,Hermann Göring,,p002187,TRUE
2025,One Battle after Another,Sound Editing,TBD,,,p002329,TRUE
2025,One Battle after Another,Sound Editing,TBD,,,p001433,TRUE
2025,One Battle after Another,Sound Editing,TBD,,,p002330,TRUE
2025,Sabar Bonda,Foreign Film,TBD,,,p002401,TRUE
2025,Sabar Bonda,Foreign Film,TBD,,,p002402,TRUE
2025,Sabar Bonda,Foreign Film,TBD,,,p002403,TRUE
2025,Sabar Bonda,Foreign Film,TBD,,,p002404,TRUE
2025,Sabar Bonda,Foreign Film,TBD,,,p002405,TRUE
2025,Sabar Bonda,Foreign Film,TBD,,,p002406,TRUE
2025,Sentimental Value,Actor in a Leading Role,TBD,Gustav Borg,,p002189,TRUE
2025,Sentimental Value,Actress in a Leading Role,TBD,Nora Borg,,p002190,TRUE
2025,Sentimental Value,Foreign Film,TBD,,,p001627,TRUE
2025,Sinners,Original Score,TBD,,,p000624,TRUE
2025,Sinners,Original Song,TBD,,In Moonlight,p000624,TRUE
2025,Sinners,Make-Up & Hairstyling,TBD,,,p002344,TRUE
2025,Sinners,Make-Up & Hairstyling,TBD,,,p002345,TRUE
2025,Sinners,Make-Up & Hairstyling,TBD,,,p002346,TRUE
2025,Sinners,Sound Editing,TBD,,,p002331,TRUE
2025,Sinners,Sound Editing,TBD,,,p000199,TRUE
2025,Sinners,Sound Editing,TBD,,,p002332,TRUE
2025,Sinners,Sound Editing,TBD,,,p002333,TRUE
2025,Sinners,Sound Editing,TBD,,,p000149,TRUE
2025,Sinners,Sound Mixing,TBD,,,p002331,TRUE
2025,Mr. Nobody against Putin,Editing,TBD,,,,FALSE
2025,Twinless,Original Score,TBD,,,,FALSE
2025,Twinless,Editing,TBD,,,,FALSE
2025,Sabar Bonda,Screenplay (Original),TBD,,,,FALSE
2025,Sabar Bonda,Cinematography,TBD,,,,FALSE
2025,Sinners,Sound Mixing,TBD,,,p000199,TRUE
2025,Sinners,Sound Mixing,TBD,,,p002332,TRUE
2025,A Minecraft Movie,Art Direction,TBD,,,,FALSE
2025,A Minecraft Movie,Effects,TBD,,,,FALSE
2025,A Minecraft Movie,Sound Editing,TBD,,,,FALSE
2025,Downton Abbey: The Grand Finale,Make-Up & Hairstyling,TBD,,,,FALSE
2025,After the Hunt,Directing,TBD,,,,FALSE
2025,A House of Dynamite,Sound Editing,TBD,,,,FALSE
2025,A House of Dynamite,Sound Mixing,TBD,,,,FALSE
2025,Ballad of a Small Player,Cinematography,TBD,,,,FALSE
2025,Sinners,Sound Mixing,TBD,,,p002333,TRUE
2025,Ballad of a Small Player,Directing,TBD,,,,FALSE
2025,Ballad of a Small Player,Editing,TBD,,,,FALSE
2025,Ballad of a Small Player,Live-Action Feature-Length Film,TBD,,,,FALSE
2025,Ballad of a Small Player,Original Score,TBD,,,,FALSE
2025,Ballad of a Small Player,Sound Mixing,TBD,,,,FALSE
2025,Sinners,Sound Mixing,TBD,,,p000149,TRUE
2025,"Sorry, Baby",Screenplay (Original),TBD,,,p002201,TRUE
2025,The Dating Game,Documentary Film,TBD,,,p002398,TRUE
2025,The Dating Game,Documentary Film,TBD,,,p002399,TRUE
2025,The Dating Game,Documentary Film,TBD,,,p002400,TRUE
2025,The Perfect Neighbor,Documentary Film,TBD,,,p002298,TRUE
2025,The Perfect Neighbor,Documentary Film,TBD,,,p002299,TRUE
2025,The Perfect Neighbor,Documentary Film,TBD,,,p002300,TRUE
2025,Bugonia,Sound Mixing,TBD,,,,FALSE
2025,The Perfect Neighbor,Documentary Film,TBD,,,p002301,TRUE
2025,The Plague,Actor in a Supporting Role,TBD,Jake,,p002213,TRUE
2025,Wicked: For Good,Editing,TBD,,,,FALSE
2025,The Secret Agent,Actress in a Supporting Role,TBD,Dona Sebastiana,,p002200,TRUE
2025,The Secret Agent,Foreign Film,TBD,,,p002286,TRUE
2025,Rental Family,Directing,TBD,,,,FALSE
2025,Rental Family,Editing,TBD,,,,FALSE
2025,Rental Family,Live-Action Feature-Length Film,TBD,,,,FALSE
2025,Rental Family,Screenplay (Original),TBD,,,,FALSE
2025,The Smashing Machine,Make-Up & Hairstyling,TBD,,,p000712,TRUE
2025,Sentimental Value,Cinematography,TBD,,,,FALSE
2025,The Smashing Machine,Make-Up & Hairstyling,TBD,,,p002347,TRUE
2025,Jay Kelly,Costuming,TBD,,,,FALSE
2025,Jay Kelly,Screenplay (Original),TBD,,,,FALSE
2025,The Smashing Machine,Make-Up & Hairstyling,TBD,,,p002348,TRUE
2025,Train Dreams,Actor in a Supporting Role,TBD,Arn Peeples,,p002205,TRUE
2025,Train Dreams,Actress in a Supporting Role,TBD,Claire Thompson,,p000299,TRUE
2025,Train Dreams,Cinematography,TBD,,,p002231,TRUE
2025,Train Dreams,Original Song,TBD,,Train Dreams,p000241,TRUE
2025,Train Dreams,Original Song,TBD,,Train Dreams,p002206,TRUE
2025,The Secret Agent,Art Direction,TBD,,,,FALSE
2025,The Secret Agent,Cinematography,TBD,,,,FALSE
2025,The Secret Agent,Costuming,TBD,,,,FALSE
2025,The Secret Agent,Directing,TBD,,,,FALSE
2025,Marty Supreme,Make-Up & Hairstyling,TBD,,,,FALSE
2025,The Secret Agent,Sound Editing,TBD,,,,FALSE
2025,Avatar: Fire and Ash,Directing,TBD,,,,FALSE
2025,Train Dreams,Live-Action Feature-Length Film,TBD,,,p002258,TRUE
2025,Train Dreams,Art Direction,TBD,,,,FALSE
2025,Train Dreams,Directing,TBD,,,,FALSE
2025,Train Dreams,Editing,TBD,,,,FALSE
2025,Train Dreams,Original Score,TBD,,,,FALSE
2025,Train Dreams,Live-Action Feature-Length Film,TBD,,,p002259,TRUE
2025,Marty Supreme,Sound Mixing,TBD,,,,FALSE
2025,The Testament of Ann Lee,Directing,TBD,,,,FALSE
2025,Love Me,Screenplay (Adapted),TBD,,,,FALSE
2025,Train Dreams,Live-Action Feature-Length Film,TBD,,,p002260,TRUE
2025,Train Dreams,Live-Action Feature-Length Film,TBD,,,p002261,TRUE
2025,If I Had Legs I'd Kick You,Directing,TBD,,,,FALSE
2025,If I Had Legs I'd Kick You,Live-Action Feature-Length Film,TBD,,,,FALSE
2025,Train Dreams,Live-Action Feature-Length Film,TBD,,,p002262,TRUE
2025,If I Had Legs I'd Kick You,Sound Editing,TBD,,,,FALSE
2025,If I Had Legs I'd Kick You,Sound Mixing,TBD,,,,FALSE
2025,Train Dreams,Screenplay (Adapted),TBD,,the 2011 novella by Denis Johnson,p001984,TRUE
2025,Train Dreams,Screenplay (Adapted),TBD,,the 2011 novella by Denis Johnson,p001983,TRUE
2025,Train Dreams,Sound Mixing,TBD,,,p002407,TRUE
2025,Tron: Ares,Art Direction,TBD,Production design,,p002408,TRUE
2025,Tron: Ares,Art Direction,TBD,Set decoration,,p002409,TRUE
2025,Tron: Ares,Effects,TBD,,,p002414,TRUE
2025,Tron: Ares,Effects,TBD,,,p002415,TRUE
2025,Tron: Ares,Effects,TBD,,,p002416,TRUE
2025,Tron: Ares,Effects,TBD,,,p002417,TRUE
2025,Tron: Ares,Effects,TBD,,,p002418,TRUE
2025,Tron: Ares,Effects,TBD,,,p002419,TRUE
2025,Tron: Ares,Effects,TBD,,,p002420,TRUE
2025,Tron: Ares,Effects,TBD,,,p002421,TRUE
2025,Tron: Ares,Sound Editing,TBD,,,p002410,TRUE
2025,Nouvelle Vague,Make-Up & Hairstyling,TBD,,,,FALSE
2025,Tron: Ares,Sound Editing,TBD,,,p002411,TRUE
2025,Tron: Ares,Sound Editing,TBD,,,p002412,TRUE
2025,Tron: Ares,Sound Editing,TBD,,,p002413,TRUE
2025,Twinless,Screenplay (Original),TBD,,,p002422,TRUE
2025,Die My Love,Cinematography,TBD,,,,FALSE
2025,Die My Love,Directing,TBD,,,,FALSE
2025,Wicked: For Good,Art Direction,TBD,Production design,,p000329,TRUE
2025,Tron: Ares,Original Score,TBD,,,,FALSE
2025,Wicked: For Good,Art Direction,TBD,Set decoration,,p001419,TRUE
2025,Wicked: For Good,Effects,TBD,,,p002112,TRUE
2025,Wicked: For Good,Effects,TBD,,,p000461,TRUE
2025,Wicked: For Good,Effects,TBD,,,p001486,TRUE
2025,Wicked: For Good,Effects,TBD,,,p000311,TRUE
2025,Wicked: For Good,Make-Up & Hairstyling,TBD,,,p000653,TRUE
2025,Wicked: For Good,Make-Up & Hairstyling,TBD,,,p002096,TRUE
2025,Wicked: For Good,Make-Up & Hairstyling,TBD,,,p002095,TRUE
2025,Wicked: For Good,Sound Mixing,TBD,,,p002071,TRUE
2025,Wicked: For Good,Sound Mixing,TBD,,,p001160,TRUE
2025,Wicked: For Good,Sound Mixing,TBD,,,p002074,TRUE
2025,Wicked: For Good,Sound Mixing,TBD,,,p002423,TRUE
2025,Wicked: For Good,Sound Mixing,TBD,,,p002424,TRUE
2025,Wicked: For Good,Sound Mixing,TBD,,,p002425,TRUE
2025,The Smashing Machine,Costuming,TBD,,,,FALSE