Year,Category,Film,Won,Nominee,Role,Supervising,Concordance,Country
2024,Documentary Music,Music by John Williams,TRUE,Ramiro Belgardt,music editor,TRUE,,
2024,Documentary Music,Music by John Williams,TRUE,Christopher Barnett,music editor,FALSE,,
2024,Documentary Music,Music by John Williams,TRUE,Roy Waldspurger,music editor,FALSE,,
2024,Documentary Music,Beatles '64,FALSE,John M. Davis,music editor,FALSE,,
2024,Documentary Music,Elton John: Never Too Late,FALSE,Michael Brake,music editor,FALSE,,
2024,Documentary Music,The Greatest Night in Pop,FALSE,Gavin Allingham,music editor,FALSE,,
2024,Documentary Music,Jim Henson Idea Man,FALSE,Ryan Rubin,music editor,TRUE,,
2024,Feature Animation,The Wild Robot,TRUE,Malcolm Fife,foley editor,FALSE,Sound Editing,
2024,Feature Animation,The Wild Robot,TRUE,Dee Selby,foley editor,FALSE,Sound Editing,
2024,Feature Animation,The Wild Robot,TRUE,Brian Chumney,sound editor,TRUE,Sound Editing,
2024,Feature Animation,The Wild Robot,TRUE,Leff Lefferts,sound editor,TRUE,Sound Editing,
2024,Feature Animation,The Wild Robot,TRUE,Randy Thom,sound designer,FALSE,Sound Editing,
2024,Feature Animation,The Wild Robot,TRUE,David Farmer,sound effects editor,FALSE,Sound Editing,
2024,Feature Animation,The Wild Robot,TRUE,David Hughes,sound effects editor,FALSE,Sound Editing,
2024,Feature Animation,The Wild Robot,TRUE,Jamey Scott,sound effects editor,FALSE,Sound Editing,
2024,Feature Animation,The Wild Robot,TRUE,Rich Quinn,dialogue editor,FALSE,Sound Editing,
2024,Feature Animation,Mufasa: The Lion King,FALSE,Luke Gibleon,sound designer,FALSE,Sound Editing,
2024,Feature Animation,Mufasa: The Lion King,FALSE,Jason W. Jennings,sound designer,FALSE,Sound Editing,
2024,Feature Animation,Mufasa: The Lion King,FALSE,Benjamin L. Cook,sound effects editor,FALSE,Sound Editing,
2024,Feature Animation,Mufasa: The Lion King,FALSE,Katie Halliday,sound effects editor,FALSE,Sound Editing,
2024,Feature Animation,Mufasa: The Lion King,FALSE,Ando Johnson,sound effects editor,FALSE,Sound Editing,
2024,Feature Animation,Mufasa: The Lion King,FALSE,Michael Mitchell,sound effects editor,FALSE,Sound Editing,
2024,Feature Animation,Mufasa: The Lion King,FALSE,Jessie Pariseau,sound effects editor,FALSE,Sound Editing,
2024,Feature Animation,Mufasa: The Lion King,FALSE,Roland N. Thai,sound effects editor,FALSE,Sound Editing,
2024,Feature Animation,Mufasa: The Lion King,FALSE,Vanessa Lapato,adr editor,TRUE,Sound Editing,
2024,Feature Animation,Mufasa: The Lion King,FALSE,Katy Wood,dialogue editor,TRUE,Sound Editing,
2024,Feature Animation,Mufasa: The Lion King,FALSE,Pietu Korhonen,foley editor,FALSE,Sound Editing,
2024,Feature Animation,Mufasa: The Lion King,FALSE,John Cucci,foley artist,FALSE,Sound Editing,
2024,Feature Animation,Mufasa: The Lion King,FALSE,Gary Hecker,foley artist,FALSE,Sound Editing,
2024,Feature Animation,Mufasa: The Lion King,FALSE,Mike Horton,foley artist,FALSE,Sound Editing,
2024,Feature Animation,Mufasa: The Lion King,FALSE,Heikki Kossi,foley artist,FALSE,Sound Editing,
2024,Feature Animation,Mufasa: The Lion King,FALSE,Dan O'Connell,foley artist,FALSE,Sound Editing,
2024,Feature Animation,The Wild Robot,FALSE,Ronni Brown,foley artist,FALSE,Sound Editing,
2024,Feature Animation,The Wild Robot,FALSE,Jana Vance,foley artist,FALSE,Sound Editing,
2024,Feature Animation,Inside Out 2,FALSE,Coya Elliott,sound editor,TRUE,Sound Editing,
2024,Feature Animation,Inside Out 2,FALSE,Ren Klyce,sound designer,FALSE,Sound Editing,
2024,Feature Animation,Inside Out 2,FALSE,David C. Hughes,sound effects editor,FALSE,Sound Editing,
2024,Feature Animation,Inside Out 2,FALSE,Jonathon Stevens,sound effects editor,FALSE,Sound Editing,
2024,Feature Animation,Inside Out 2,FALSE,Cheryl Nardi,dialogue editor,TRUE,Sound Editing,
2024,Feature Animation,Inside Out 2,FALSE,Dee Selby,foley editor,TRUE,Sound Editing,
2024,Feature Animation,Inside Out 2,FALSE,Nicholas Docter,foley editor,FALSE,Sound Editing,
2024,Feature Animation,Inside Out 2,FALSE,Heikki Kossi,foley artist,FALSE,Sound Editing,
2024,Feature Animation,Inside Out 2,FALSE,Shelley Roden,foley artist,FALSE,Sound Editing,
2024,Feature Animation,The Lord of the Rings: The War of the Rohirrim,FALSE,Brent Burge,sound editor,TRUE,Sound Editing,
2024,Feature Animation,The Lord of the Rings: The War of the Rohirrim,FALSE,Martin Kwok,sound editor,TRUE,Sound Editing,
2024,Feature Animation,The Lord of the Rings: The War of the Rohirrim,FALSE,Matt Stutter,sound editor,TRUE,Sound Editing,
2024,Feature Animation,The Lord of the Rings: The War of the Rohirrim,FALSE,David Farmer,sound designer,FALSE,Sound Editing,
2024,Feature Animation,The Lord of the Rings: The War of the Rohirrim,FALSE,Hayden Collow,sound effects editor,FALSE,Sound Editing,
2024,Feature Animation,The Lord of the Rings: The War of the Rohirrim,FALSE,Alexis Feodoroff,sound effects editor,FALSE,Sound Editing,
2024,Feature Animation,The Lord of the Rings: The War of the Rohirrim,FALSE,Dmitry Novikov,dialogue editor,FALSE,Sound Editing,
2024,Feature Animation,The Lord of the Rings: The War of the Rohirrim,FALSE,Michael Donaldson,foley editor,FALSE,Sound Editing,
2024,Feature Animation,The Lord of the Rings: The War of the Rohirrim,FALSE,Craig Tomlinson,foley editor,FALSE,Sound Editing,
2024,Feature Animation,The Lord of the Rings: The War of the Rohirrim,FALSE,Simon Riley,foley artist,FALSE,Sound Editing,
2024,Feature Animation,Mufasa: The Lion King,FALSE,Onnalee Blank,sound editor,TRUE,Sound Editing,
2024,Feature Animation,Mufasa: The Lion King,FALSE,Harry Cohen,sound designer,FALSE,Sound Editing,
2024,Feature Animation,Mufasa: The Lion King,FALSE,Paula Fairfield,sound designer,FALSE,Sound Editing,
2024,Feature Dialogue / ADR,Deadpool & Wolverine,FALSE,Craig Henighan,sound editor,TRUE,Sound Editing,
2024,Feature Dialogue / ADR,Saturday Night,TRUE,Helen Lutrell,dialogue editor,FALSE,Sound Editing,
2024,Feature Dialogue / ADR,Saturday Night,TRUE,David Butler,sound editor,TRUE,Sound Editing,
2024,Feature Dialogue / ADR,Saturday Night,TRUE,Will Files,sound editor,TRUE,Sound Editing,
2024,Feature Dialogue / ADR,Saturday Night,TRUE,Lee Gilmore,sound editor,TRUE,Sound Editing,
2024,Feature Dialogue / ADR,Saturday Night,TRUE,Emma Present,dialogue editor,FALSE,Sound Editing,
2024,Feature Dialogue / ADR,A Complete Unknown,FALSE,Anna MacKenzie,dialogue editor,FALSE,Sound Editing,
2024,Feature Dialogue / ADR,A Complete Unknown,FALSE,Robert Troy,dialogue editor,FALSE,Sound Editing,
2024,Feature Dialogue / ADR,Deadpool & Wolverine,FALSE,Emma Present,dialogue editor,FALSE,Sound Editing,
2024,Feature Dialogue / ADR,A Complete Unknown,FALSE,Russell Farmarco,dialogue editor,FALSE,Sound Editing,
2024,Feature Dialogue / ADR,Dune: Part Two,FALSE,Justin Webster,crowd editor,FALSE,Sound Editing,
2024,Feature Dialogue / ADR,Wicked,FALSE,John Marquis,sound editor,TRUE,Sound Editing,
2024,Feature Dialogue / ADR,Wicked,FALSE,Nancy Nugent Title,sound editor,TRUE,Sound Editing,
2024,Feature Dialogue / ADR,Wicked,FALSE,John C. Stuver,dialogue editor,TRUE,Sound Editing,
2024,Feature Dialogue / ADR,Wicked,FALSE,David Bach,dialogue editor,FALSE,Sound Editing,
2024,Feature Dialogue / ADR,Dune: Part Two,FALSE,Polly McKinnon,dialogue editor,FALSE,Sound Editing,
2024,Feature Dialogue / ADR,Dune: Part Two,FALSE,Stefanie Ng,dialogue editor,FALSE,Sound Editing,
2024,Feature Dialogue / ADR,Dune: Part Two,FALSE,Martin Kwok,dialogue editor,TRUE,Sound Editing,
2024,Feature Dialogue / ADR,Dune: Part Two,FALSE,Ray Beentjes,dialogue editor,FALSE,Sound Editing,
2024,Feature Dialogue / ADR,Alien: Romulus,FALSE,David Butler,dialogue editor,FALSE,Sound Editing,
2024,Feature Dialogue / ADR,Alien: Romulus,FALSE,Ryan Cole,dialogue editor,FALSE,Sound Editing,
2024,Feature Dialogue / ADR,Dune: Part Two,FALSE,David Bach,adr editor,FALSE,Sound Editing,
2024,Feature Dialogue / ADR,Dune: Part Two,FALSE,Alexis Feodoroff,crowd editor,FALSE,Sound Editing,
2024,Feature Dialogue / ADR,A Complete Unknown,FALSE,Donald Sylvester,sound editor,TRUE,Sound Editing,
2024,Feature Dialogue / ADR,Alien: Romulus,FALSE,Will Files,sound editor,TRUE,Sound Editing,
2024,Feature Dialogue / ADR,Alien: Romulus,FALSE,Jacob Riehle,dialogue editor,FALSE,Sound Editing,
2024,Feature Dialogue / ADR,Alien: Romulus,FALSE,Ailene Roberts,dialogue editor,FALSE,Sound Editing,
2024,Feature Dialogue / ADR,Alien: Romulus,FALSE,Polly McKinnon,dialogue editor,TRUE,Sound Editing,
2024,Feature Dialogue / ADR,Alien: Romulus,FALSE,Lee Gilmore,sound editor,TRUE,Sound Editing,
2024,Feature Dialogue / ADR,Alien: Romulus,FALSE,"Matt ""Smokey"" Cloud",sound editor,FALSE,Sound Editing,
2024,Feature Documentary,Super/Man: The Christopher Reeve Story,FALSE,Olly Freemantle,foley editor,FALSE,,
2024,Feature Documentary,Super/Man: The Christopher Reeve Story,FALSE,Zoe Freed,foley artist,FALSE,,
2024,Feature Documentary,Super/Man: The Christopher Reeve Story,FALSE,Claire Ellis,dialogue editor,TRUE,,
2024,Feature Documentary,The Blue Angels,TRUE,Robert Stambler,sound editor,TRUE,,
2024,Feature Documentary,The Blue Angels,TRUE,"Ryan ""Sully"" Sullivan",sound effects editor,FALSE,,
2024,Feature Documentary,The Blue Angels,TRUE,Emma Present,dialogue editor,FALSE,,
2024,Feature Documentary,Dahomey,FALSE,Nicolas Becker,sound editor,TRUE,,
2024,Feature Documentary,Dahomey,FALSE,Nicolas Becker,sound designer,TRUE,,
2024,Feature Documentary,Dahomey,FALSE,Sylvain Malbrant,sound editor,FALSE,,
2024,Feature Documentary,Dahomey,FALSE,Maxime Saleix,dialogue editor,FALSE,,
2024,Feature Documentary,Will & Harper,FALSE,Zach Seivers,sound editor,TRUE,,
2024,Feature Documentary,Will & Harper,FALSE,George Pereyra,sound effects editor,FALSE,,
2024,Feature Documentary,Will & Harper,FALSE,Adam Parrish King,sound effects editor,FALSE,,
2024,Feature Documentary,Will & Harper,FALSE,Jared K. Neal,dialogue editor,FALSE,,
2024,Feature Documentary,Music by John Williams,FALSE,Christopher Barnett,sound editor,TRUE,,
2024,Feature Documentary,Music by John Williams,FALSE,Roy Waldspurger,sound editor,TRUE,,
2024,Feature Documentary,Music by John Williams,FALSE,Tim Farrell,sound effects editor,FALSE,,
2024,Feature Documentary,Music by John Williams,FALSE,Dmitri Makarov,dialogue editor,FALSE,,
2024,Feature Documentary,Music by John Williams,FALSE,Ramiro Belgardt,music editor,FALSE,,
2024,Feature Documentary,Super/Man: The Christopher Reeve Story,FALSE,Greg Gettens,sound editor,TRUE,,
2024,Feature Documentary,Super/Man: The Christopher Reeve Story,FALSE,Will Chapman,sound designer,FALSE,,
2024,Feature Documentary,Elton John: Never Too Late,FALSE,Richard Yawn,sound editor,TRUE,,
2024,Feature Documentary,Elton John: Never Too Late,FALSE,Mike Pipgras,sound editor,FALSE,,
2024,Feature Documentary,Dahomey,FALSE,Gilles Marsalet,foley artist,FALSE,,
2024,Feature Documentary,Elton John: Never Too Late,FALSE,Rob Getty,sound editor,TRUE,,
2024,Feature Effects / Foley,Dune: Part Two,TRUE,Dave Whitehead,sound designer,FALSE,Sound Editing,
2024,Feature Effects / Foley,Dune: Part Two,TRUE,Richard King,sound editor,TRUE,Sound Editing,
2024,Feature Effects / Foley,Dune: Part Two,TRUE,Willard Overstreet,foley editor,FALSE,Sound Editing,
2024,Feature Effects / Foley,Dune: Part Two,TRUE,John Cucci,foley artist,FALSE,Sound Editing,
2024,Feature Effects / Foley,Dune: Part Two,TRUE,Dan O'Connell,foley artist,FALSE,Sound Editing,
2024,Feature Effects / Foley,Alien: Romulus,FALSE,Will Files,sound editor,TRUE,Sound Editing,
2024,Feature Effects / Foley,Dune: Part Two,TRUE,Michael Mitchell,sound effects editor,FALSE,Sound Editing,
2024,Feature Effects / Foley,Dune: Part Two,TRUE,Jeff Sawyer,sound effects editor,FALSE,Sound Editing,
2024,Feature Effects / Foley,Dune: Part Two,TRUE,Matt Stutter,sound effects editor,FALSE,Sound Editing,
2024,Feature Effects / Foley,Dune: Part Two,TRUE,Chris Terhune,sound effects editor,FALSE,Sound Editing,
2024,Feature Effects / Foley,Dune: Part Two,TRUE,Chris Flick,foley editor,TRUE,Sound Editing,
2024,Feature Effects / Foley,Alien: Romulus,FALSE,Lyndsey Schenk,foley editor,FALSE,Sound Editing,
2024,Feature Effects / Foley,Alien: Romulus,FALSE,Jacob McNaughton,foley artist,FALSE,Sound Editing,
2024,Feature Effects / Foley,Alien: Romulus,FALSE,Noel Vought,foley artist,FALSE,Sound Editing,
2024,Feature Effects / Foley,Deadpool & Wolverine,FALSE,Ryan Cole,sound editor,TRUE,Sound Editing,
2024,Feature Effects / Foley,Deadpool & Wolverine,FALSE,Craig Henighan,sound editor,TRUE,Sound Editing,
2024,Feature Effects / Foley,Deadpool & Wolverine,FALSE,Samson Neslund,sound designer,FALSE,Sound Editing,
2024,Feature Effects / Foley,Deadpool & Wolverine,FALSE,Eric A. Norris,sound designer,FALSE,Sound Editing,
2024,Feature Effects / Foley,Deadpool & Wolverine,FALSE,Addison Teague,sound designer,FALSE,Sound Editing,
2024,Feature Effects / Foley,Deadpool & Wolverine,FALSE,Lee Gilmore,sound effects editor,FALSE,Sound Editing,
2024,Feature Effects / Foley,Deadpool & Wolverine,FALSE,J.R. Grubbs,sound effects editor,FALSE,Sound Editing,
2024,Feature Effects / Foley,Deadpool & Wolverine,FALSE,Pete Persaud,foley editor,FALSE,Sound Editing,
2024,Feature Effects / Foley,Deadpool & Wolverine,FALSE,Gina Wark,foley editor,FALSE,Sound Editing,
2024,Feature Effects / Foley,Deadpool & Wolverine,FALSE,Steve Baine,foley artist,FALSE,Sound Editing,
2024,Feature Effects / Foley,Furiosa: A Mad Max Saga,FALSE,Robert Mackenzie,sound editor,TRUE,Sound Editing,
2024,Feature Effects / Foley,Furiosa: A Mad Max Saga,FALSE,Tom Heuzenroeder,sound effects editor,FALSE,Sound Editing,
2024,Feature Effects / Foley,Furiosa: A Mad Max Saga,FALSE,Tara Webb,sound effects editor,FALSE,Sound Editing,
2024,Feature Effects / Foley,Dune: Part Two,TRUE,Michael Babcock,sound designer,FALSE,Sound Editing,
2024,Feature Effects / Foley,Dune: Part Two,TRUE,Lee Gilmore,sound designer,FALSE,Sound Editing,
2024,Feature Effects / Foley,Dune: Part Two,TRUE,Randy Torres,sound designer,FALSE,Sound Editing,
2024,Feature Effects / Foley,Dune: Part Two,TRUE,Brent Burge,sound effects editor,FALSE,Sound Editing,
2024,Feature Effects / Foley,Dune: Part Two,TRUE,Hayden Collow,sound effects editor,FALSE,Sound Editing,
2024,Feature Effects / Foley,Dune: Part Two,TRUE,Melanie Graham,sound effects editor,FALSE,Sound Editing,
2024,Feature Effects / Foley,Nosferatu,FALSE,Mariusz Glabinski,sound effects editor,FALSE,Sound Editing,
2024,Feature Effects / Foley,Nosferatu,FALSE,Heikki Kossi,foley supervisor,TRUE,Sound Editing,
2024,Feature Effects / Foley,Nosferatu,FALSE,Joel Raabe,foley editor,FALSE,Sound Editing,
2024,Feature Effects / Foley,September 5,FALSE,Frank Kruse,sound editor,TRUE,Sound Editing,
2024,Feature Effects / Foley,September 5,FALSE,Frank Kruse,sound designer,TRUE,Sound Editing,
2024,Feature Effects / Foley,September 5,FALSE,Uwe Zillner,foley supervisor,TRUE,Sound Editing,
2024,Feature Effects / Foley,September 5,FALSE,Johanna Rellinghaus,foley editor,FALSE,Sound Editing,
2024,Feature Effects / Foley,September 5,FALSE,Benedikt Uebe,foley editor,FALSE,Sound Editing,
2024,Feature Effects / Foley,September 5,FALSE,Uwe Zillner,foley artist,FALSE,Sound Editing,
2024,Feature Effects / Foley,Alien: Romulus,FALSE,Lee Gilmore,sound editor,TRUE,Sound Editing,
2024,Feature Effects / Foley,Alien: Romulus,FALSE,Chris Terhune,sound designer,FALSE,Sound Editing,
2024,Feature Effects / Foley,Alien: Romulus,FALSE,Luis Galdames,sound effects editor,FALSE,Sound Editing,
2024,Feature Effects / Foley,Alien: Romulus,FALSE,Dan Kenyon,sound effects editor,FALSE,Sound Editing,
2024,Feature Effects / Foley,Alien: Romulus,FALSE,Ken McGill,sound effects editor,FALSE,Sound Editing,
2024,Feature Effects / Foley,Alien: Romulus,FALSE,James Miller,sound effects editor,FALSE,Sound Editing,
2024,Feature Effects / Foley,Alien: Romulus,FALSE,"Matt ""Smokey"" Cloud",sound effects editor,FALSE,Sound Editing,
2024,Feature Effects / Foley,Alien: Romulus,FALSE,Steve Neal,sound effects editor,FALSE,Sound Editing,
2024,Feature Effects / Foley,Alien: Romulus,FALSE,Samuel Munoz,foley editor,FALSE,Sound Editing,
2024,Feature Effects / Foley,Furiosa: A Mad Max Saga,FALSE,Adrian Medhurst,foley editor,FALSE,Sound Editing,
2024,Feature Effects / Foley,Nosferatu,FALSE,Damian Volpe,sound editor,TRUE,Sound Editing,
2024,Feature Effects / Foley,Nosferatu,FALSE,Michael Fentum,sound designer,FALSE,Sound Editing,
2024,Feature Effects / Foley,Furiosa: A Mad Max Saga,FALSE,Duncan Campbell,foley editor,FALSE,Sound Editing,
2024,Feature Effects / Foley,Nosferatu,FALSE,Samir Foco,sound effects editor,FALSE,Sound Editing,
2024,Feature Effects / Foley,Nosferatu,FALSE,Damian Volpe,sound designer,FALSE,Sound Editing,
2024,Feature International,The Girl with the Needle,FALSE,Christian Roed Dalsgaard,sound effects editor,FALSE,,
2024,Feature International,The Girl with the Needle,FALSE,Patrick Ghislain,foley editor,FALSE,,
2024,Feature International,The Girl with the Needle,FALSE,Julien Naudin,foley artist,FALSE,,
2024,Feature International,The Goat Life,FALSE,Vijaykumar Mahadevaiah,sound editor,TRUE,,
2024,Feature International,The Goat Life,FALSE,Resul Pookutty,sound editor,TRUE,,
2024,Feature International,The Goat Life,FALSE,Arun Rana,sound effects editor,FALSE,,
2024,Feature International,The Goat Life,FALSE,Vijaykumar Mahadevaiah,foley editor,FALSE,,
2024,Feature International,The Girl with the Needle,FALSE,Morten Pilegaard,sound editor,TRUE,,
2024,Feature International,The Girl with the Needle,FALSE,Oskar Skriver,sound editor,TRUE,,
2024,Feature International,Kneecap,FALSE,Damien Lynch,foley editor,FALSE,,
2024,Feature International,Kneecap,FALSE,Caoimhe Doyle,foley artist,FALSE,,
2024,Feature International,Kneecap,FALSE,Emer O'Reilly,foley artist,FALSE,,
2024,Feature International,The Goat Life,FALSE,Andriy Ryzhov,foley artist,FALSE,,
2024,Feature International,The Goat Life,FALSE,Ruslan Shebistyi,foley artist,FALSE,,
2024,Feature International,The Goat Life,FALSE,Andriy Starikovskiy,foley artist,FALSE,,
2024,Feature International,Emilia Pérez,TRUE,Aymeric Devoldère,sound editor,TRUE,,
2024,Feature International,Kneecap,FALSE,Brendan Rehill,sound editor,TRUE,,
2024,Feature International,Kneecap,FALSE,Louise Burton,dialogue editor,TRUE,,
2024,Feature International,Emilia Pérez,TRUE,Hortense Bailly,dialogue editor,TRUE,,
2024,Feature International,The Goat Life,FALSE,Bogdan Zavarzin,foley artist,FALSE,,
2024,Feature International,Emilia Pérez,TRUE,Antoine Swertvaegher,foley editor,FALSE,,
2024,Feature International,Emilia Pérez,TRUE,Cyril Holtz,sound designer,FALSE,,
2024,Feature International,Emilia Pérez,TRUE,Carolina Santana,adr editor,TRUE,,
2024,Feature International,Emilia Pérez,TRUE,Gregory Vincent,foley artist,FALSE,,
2024,Feature Music,Wicked,TRUE,Catherine Wilson,music editor,TRUE,,
2024,Feature Music,Wicked,TRUE,Robin Baynton,vocal editor,TRUE,,
2024,Feature Music,Better Man,FALSE,Timothy Ryan,music editor,TRUE,,
2024,Feature Music,Better Man,FALSE,Craig Beckett,music editor,FALSE,,
2024,Feature Music,Better Man,FALSE,Lena Glikson,music editor,FALSE,,
2024,Feature Music,Better Man,FALSE,Cory Milano,music editor,FALSE,,
2024,Feature Music,Better Man,FALSE,Liam Moses,music editor,FALSE,,
2024,Feature Music,Better Man,FALSE,Joe E. Rand,music editor,FALSE,,
2024,Feature Music,Better Man,FALSE,Chris Scallan,music editor,FALSE,,
2024,Feature Music,Better Man,FALSE,Emily Rogers Swanson,music editor,FALSE,,
2024,Feature Music,Better Man,FALSE,Noah Hubbell,vocal editor,FALSE,,
2024,Feature Music,Better Man,FALSE,Anna Muehlichen,vocal editor,FALSE,,
2024,Feature Music,A Complete Unknown,FALSE,Ted Caplan,music editor,TRUE,,
2024,Feature Music,A Complete Unknown,FALSE,Maggie Talibart,music editor,FALSE,,
2024,Feature Music,Deadpool & Wolverine,FALSE,Daniel DiPrima,music editor,FALSE,,
2024,Feature Music,Deadpool & Wolverine,FALSE,Oliver Hug,music editor,FALSE,,
2024,Feature Music,Deadpool & Wolverine,FALSE,Anele Onyekwere,scoring editor,FALSE,,
2024,Feature Music,Dune: Part Two,FALSE,Clint Bennett,music editor,TRUE,,
2024,Feature Music,Dune: Part Two,FALSE,Ryan Rubin,music editor,TRUE,,
2024,Feature Music,Dune: Part Two,FALSE,Joe E. Rand,music editor,FALSE,,
2024,Feature Music,Emilia Pérez,FALSE,Maxence Dussère,music editor,TRUE,,
2024,Feature Music,Emilia Pérez,FALSE,Cécile Coutelier,music editor,FALSE,,
2024,Feature Music,Emilia Pérez,FALSE,Matthieu Lefèvre,music editor,FALSE,,
2024,Feature Music,Emilia Pérez,FALSE,Aristide Rosier,music editor,FALSE,,
2021,Dialogue and ADR for Feature Film,The Tragedy of Macbeth,FALSE,Skip Lievsay,sound editor,TRUE,Sound Editing,
2021,Dialogue and ADR for Feature Film,The Tragedy of Macbeth,FALSE,Michael Feuser,dialogue editor,TRUE,Sound Editing,
2021,Dialogue and ADR for Feature Film,The Matrix Resurrections,FALSE,Dominik Schleier,dialogue editor,FALSE,Sound Editing,
2021,Dialogue and ADR for Feature Film,A Quiet Place Part II,FALSE,Matt Cavanaugh,dialogue editor,FALSE,Sound Editing,
2021,Dialogue and ADR for Feature Film,Nightmare Alley,TRUE,Jill Purdy,sound editor,TRUE,Sound Editing,
2021,Dialogue and ADR for Feature Film,Nightmare Alley,TRUE,Jill Purdy,dialogue and adr editor,TRUE,Sound Editing,
2021,Dialogue and ADR for Feature Film,Nightmare Alley,TRUE,Nelson Ferreira,dialogue editor,FALSE,Sound Editing,
2021,Dialogue and ADR for Feature Film,Dune,FALSE,David Bach,dialogue editor,FALSE,Sound Editing,
2021,Dialogue and ADR for Feature Film,Last Night in Soho,FALSE,Dan Morgan,sound editors,TRUE,Sound Editing,
2021,Dialogue and ADR for Feature Film,Last Night in Soho,FALSE,Julian Slater,sound editors,TRUE,Sound Editing,
2021,Dialogue and ADR for Feature Film,Last Night in Soho,FALSE,Dan Morgan,adr editor,TRUE,Sound Editing,
2021,Dialogue and ADR for Feature Film,The Matrix Resurrections,FALSE,Stephanie Flack,sound editors,TRUE,Sound Editing,
2021,Dialogue and ADR for Feature Film,The Matrix Resurrections,FALSE,Dane A Davis,sound editors,TRUE,Sound Editing,
2021,Dialogue and ADR for Feature Film,The Matrix Resurrections,FALSE,Marek Forreiter,dialogue editor,FALSE,Sound Editing,
2021,Dialogue and ADR for Feature Film,The Matrix Resurrections,FALSE,Benjamin Hörbe,dialogue editor,FALSE,Sound Editing,
2021,Dialogue and ADR for Feature Film,No Time to Die,FALSE,Rachael Tate,dialogue editors,FALSE,Sound Editing,
2021,Dialogue and ADR for Feature Film,The Matrix Resurrections,FALSE,Immo Trümpelmann,dialogue editor,FALSE,Sound Editing,
2021,Dialogue and ADR for Feature Film,No Time to Die,FALSE,Becki Ponting,dialogue and adr editors,TRUE,Sound Editing,
2021,Dialogue and ADR for Feature Film,No Time to Die,FALSE,Michael Maroussas,dialogue and adr editors,TRUE,Sound Editing,
2021,Dialogue and ADR for Feature Film,A Quiet Place Part II,FALSE,Ethan Van der Ryn,sound editor,TRUE,Sound Editing,
2021,Dialogue and ADR for Feature Film,No Time to Die,FALSE,Adele Fletcher,dialogue editors,FALSE,Sound Editing,
2021,Dialogue and ADR for Feature Film,No Time to Die,FALSE,Oliver Tarney,sound editor,TRUE,Sound Editing,
2021,Dialogue and ADR for Feature Film,The Power of the Dog,FALSE,Leah Katz,dialogue and adr editor,TRUE,Sound Editing,
2021,Dialogue and ADR for Feature Film,A Quiet Place Part II,FALSE,Vanessa Lapato,dialogue and adr editor,TRUE,Sound Editing,
2021,Dialogue and ADR for Feature Film,A Quiet Place Part II,FALSE,Nancy Nugent,dialogue and adr editor,TRUE,Sound Editing,
2021,Feature Documentary,The Rescue,TRUE,Deborah Wallach,sound editor,TRUE,,
2021,Feature Documentary,The Rescue,TRUE,Roland Vajs,sound effects editor,FALSE,,
2021,Feature Documentary,The Rescue,TRUE,Nuno Bentro,foley artist,FALSE,,
2021,Feature Documentary,The Rescue,TRUE,Ben Smithers,music editor,FALSE,,
2021,Feature Documentary,Billie Eilish: The World's a Little Blurry,FALSE,Richard Yawn,sound editor,TRUE,,
2021,Feature Documentary,Billie Eilish: The World's a Little Blurry,FALSE,Michael Brake,music editor,FALSE,,
2021,Feature Documentary,Billie Eilish: The World's a Little Blurry,FALSE,Rob Getty,dialogue editor,FALSE,,
2021,Feature Documentary,Billie Eilish: The World's a Little Blurry,FALSE,Steven Avila,sound effects editor,FALSE,,
2021,Feature Documentary,Billie Eilish: The World's a Little Blurry,FALSE,Shawn Kennelly,foley editor,FALSE,,
2021,Feature Documentary,Billie Eilish: The World's a Little Blurry,FALSE,Melissa Kennelly,foley artist,FALSE,,
2021,Feature Documentary,Billie Eilish: The World's a Little Blurry,FALSE,Vince Nicastro,foley artist,FALSE,,
2021,Feature Documentary,Flee,FALSE,Edward Björner,sound editor,TRUE,,
2021,Feature Documentary,Flee,FALSE,Jens Johansson,dialogue editor,FALSE,,
2021,Feature Documentary,Flee,FALSE,Fredrik Jonsäter,sound designer,FALSE,,
2021,Feature Documentary,Flee,FALSE,Rune Van Deurs,foley artist,FALSE,,
2021,Feature Documentary,Flee,FALSE,Bengt Öberg,foley artist,FALSE,,
2021,Feature Documentary,"Summer of Soul (or, when the Revolution Could Not Be Televised)",FALSE,Joshua L. Pearson,sound editor,TRUE,,
2021,Feature Documentary,"Summer of Soul (or, when the Revolution Could Not Be Televised)",FALSE,Jimmy Douglass,music editor,TRUE,,
2021,Feature Documentary,Val,FALSE,John Bolen,sound editor,TRUE,,
2021,Feature Documentary,Val,FALSE,John Bolen,dialogue editor,FALSE,,
2021,Feature Documentary,Val,FALSE,John Bolen,sound effects editor,FALSE,,
2021,Feature Documentary,Val,FALSE,John Bolen,foley editor,FALSE,,
2021,Feature Documentary,The Velvet Underground,FALSE,Leslie Shatz,sound editor,TRUE,,
2021,Feature Documentary,The Velvet Underground,FALSE,Jahn Sood,music editor,FALSE,,
2021,Feature Music,West Side Story,TRUE,Ramiro Belgardt,music editors,FALSE,,
2021,Feature Music,West Side Story,TRUE,David Channing,scoring editor,FALSE,,
2021,Feature Music,Dune,FALSE,Clint Bennett,music editors,TRUE,,
2021,Feature Music,Dune,FALSE,Ryan Rubin,music editors,TRUE,,
2021,Feature Music,Dune,FALSE,Peter Myles,music editor,FALSE,,
2021,Feature Music,Ghostbusters: Afterlife,FALSE,Curt Sobel,music editor,TRUE,,
2021,Feature Music,In the Heights,FALSE,Jim Bruening,music editor,FALSE,,
2021,Feature Music,In the Heights,FALSE,Jennifer Dunnington,music editor,FALSE,,
2021,Feature Music,In the Heights,FALSE,Ben Holiday,music editor,FALSE,,
2021,Feature Music,The Matrix Resurrections,FALSE,Gabriel Isaac Mounsey,music editor,TRUE,,
2021,Feature Music,The Matrix Resurrections,FALSE,Hans Hafner,music editor,FALSE,,
2021,Feature Music,The Matrix Resurrections,FALSE,Jonathan Levi Shanes,music editor,FALSE,,
2021,Feature Music,Nightmare Alley,FALSE,Clint Bennett,music editors,FALSE,,
2021,Feature Music,Nightmare Alley,FALSE,Kevin Banks,music editors,FALSE,,
2021,Feature Music,Nightmare Alley,FALSE,Cecile Tournesac,scoring editor,FALSE,,
2021,Feature Music,A Quiet Place Part II,FALSE,Jim Schultz,music editor,FALSE,,
2021,Feature Music,A Quiet Place Part II,FALSE,Nancy Allen,music editor,FALSE,,
2021,Feature Music,A Quiet Place Part II,FALSE,Del Spiva,music editor,FALSE,,
2021,Feature Music,A Quiet Place Part II,FALSE,Ramiro Belgardt,music editor,FALSE,,
2021,Feature Music,tick tick...BOOM!,FALSE,Nancy Allen,music editor,FALSE,,
2021,Feature Music,tick tick...BOOM!,FALSE,John Davis,music editor,FALSE,,
2021,Feature Music,tick tick...BOOM!,FALSE,Bri Holland,music editor,FALSE,,
2021,Feature Music,West Side Story,TRUE,Joe E. Rand,music editors,FALSE,,
2021,Sound Effects and Foley for Feature Film,Dune,FALSE,Theo Green,sound editors,TRUE,Sound Editing,
2021,Sound Effects and Foley for Feature Film,Dune,FALSE,Sandra Fox,foley artist,FALSE,Sound Editing,
2021,Sound Effects and Foley for Feature Film,Belfast,FALSE,James Mather,sound designer,FALSE,Sound Editing,
2021,Sound Effects and Foley for Feature Film,Belfast,FALSE,Tomas Blazukas,sound editor,FALSE,Sound Editing,
2021,Sound Effects and Foley for Feature Film,Dune,TRUE,Mark Mangini,sound editors,TRUE,Sound Editing,
2021,Sound Effects and Foley for Feature Film,Dune,TRUE,Dave Whitehead,sound designer,FALSE,Sound Editing,
2021,Sound Effects and Foley for Feature Film,Dune,TRUE,Phil Barrie,sound effects editors,FALSE,Sound Editing,
2021,Sound Effects and Foley for Feature Film,Dune,TRUE,Lee Gilmore,sound effects editors,FALSE,Sound Editing,
2021,Sound Effects and Foley for Feature Film,Dune,TRUE,Greg Ten Bosch,sound effects editors,FALSE,Sound Editing,
2021,Sound Effects and Foley for Feature Film,Dune,TRUE,Robert Kellough,sound effects editors,FALSE,Sound Editing,
2021,Sound Effects and Foley for Feature Film,Dune,TRUE,Piero Mura,sound effects editors,FALSE,Sound Editing,
2021,Sound Effects and Foley for Feature Film,Dune,TRUE,Christopher Bonis,foley editor,FALSE,Sound Editing,
2021,Sound Effects and Foley for Feature Film,Dune,TRUE,Andy Malcolm,foley artist,FALSE,Sound Editing,
2021,Sound Effects and Foley for Feature Film,Dune,TRUE,Goro Koyama,foley artist,FALSE,Sound Editing,
2021,Sound Effects and Foley for Feature Film,No Time to Die,FALSE,Bryan Bowen,sound designers,FALSE,Sound Editing,
2021,Sound Effects and Foley for Feature Film,No Time to Die,FALSE,Eilam Hoffman,sound designers,FALSE,Sound Editing,
2021,Sound Effects and Foley for Feature Film,No Time to Die,FALSE,Dawn Gough,sound effects editor,FALSE,Sound Editing,
2021,Sound Effects and Foley for Feature Film,No Time to Die,FALSE,Hugo Adams,foley editor,FALSE,Sound Editing,
2021,Sound Effects and Foley for Feature Film,No Time to Die,FALSE,Sue Harding,foley artist,FALSE,Sound Editing,
2021,Sound Effects and Foley for Feature Film,No Time to Die,FALSE,Andrea King,foley artist,FALSE,Sound Editing,
2021,Sound Effects and Foley for Feature Film,A Quiet Place Part II,FALSE,Ethan Van der Ryn,sound editors,TRUE,Sound Editing,
2021,Sound Effects and Foley for Feature Film,A Quiet Place Part II,FALSE,Erik Aadahl,sound editors,TRUE,Sound Editing,
2021,Sound Effects and Foley for Feature Film,A Quiet Place Part II,FALSE,Malte Bieler,sound designers,FALSE,Sound Editing,
2021,Sound Effects and Foley for Feature Film,A Quiet Place Part II,FALSE,Brandon Jones,sound designers,FALSE,Sound Editing,
2021,Sound Effects and Foley for Feature Film,A Quiet Place Part II,FALSE,Chris Diebold,sound effects editors,FALSE,Sound Editing,
2021,Sound Effects and Foley for Feature Film,A Quiet Place Part II,FALSE,Matt Cavanaugh,sound effects editors,FALSE,Sound Editing,
2021,Sound Effects and Foley for Feature Film,A Quiet Place Part II,FALSE,Jonathan Klein,foley editor,FALSE,Sound Editing,
2021,Sound Effects and Foley for Feature Film,A Quiet Place Part II,FALSE,Steve Baine,foley artist,FALSE,Sound Editing,
2021,Sound Effects and Foley for Feature Film,A Quiet Place Part II,FALSE,Peter Persaud,foley artist,FALSE,Sound Editing,
2021,Sound Effects and Foley for Feature Film,Spider-Man: No Way Home,FALSE,Steven Ticknor,sound editor,TRUE,Sound Editing,
2021,Sound Effects and Foley for Feature Film,Spider-Man: No Way Home,FALSE,Anthony Lamberti,sound designer,FALSE,Sound Editing,
2021,Sound Effects and Foley for Feature Film,Belfast,FALSE,Arthur Grayley,foley editor,FALSE,Sound Editing,
2021,Sound Effects and Foley for Feature Film,Belfast,FALSE,Sue Harding,foley artist,FALSE,Sound Editing,
2021,Sound Effects and Foley for Feature Film,Belfast,FALSE,Oliver Ferris,foley artist,FALSE,Sound Editing,
2021,Sound Effects and Foley for Feature Film,The Matrix Resurrections,FALSE,Dane A. Davis,sound editors,TRUE,Sound Editing,
2021,Sound Effects and Foley for Feature Film,The Matrix Resurrections,FALSE,Stephanie Flack,sound editors,TRUE,Sound Editing,
2021,Sound Effects and Foley for Feature Film,The Matrix Resurrections,FALSE,Bryan O. Watkins,sound effects editors,FALSE,Sound Editing,
2021,Sound Effects and Foley for Feature Film,The Matrix Resurrections,FALSE,Jeremy Peirson,sound effects editors,FALSE,Sound Editing,
2021,Sound Effects and Foley for Feature Film,The Matrix Resurrections,FALSE,Markus Stemler,sound effects editors,FALSE,Sound Editing,
2021,Sound Effects and Foley for Feature Film,The Matrix Resurrections,FALSE,Michael Schapiro,sound effects editors,FALSE,Sound Editing,
2021,Sound Effects and Foley for Feature Film,The Matrix Resurrections,FALSE,Eric Lindemann,sound effects editors,FALSE,Sound Editing,
2021,Sound Effects and Foley for Feature Film,The Matrix Resurrections,FALSE,Albert Gasser,sound effects editors,FALSE,Sound Editing,
2021,Sound Effects and Foley for Feature Film,The Matrix Resurrections,FALSE,Laurent Kossayan,sound effects editors,FALSE,Sound Editing,
2021,Sound Effects and Foley for Feature Film,The Matrix Resurrections,FALSE,Caron Weidner,sound effects editors,FALSE,Sound Editing,
2021,Sound Effects and Foley for Feature Film,The Matrix Resurrections,FALSE,Frank Kruse,foley editors,FALSE,Sound Editing,
2021,Sound Effects and Foley for Feature Film,The Matrix Resurrections,FALSE,Kuen Il Song,foley editors,FALSE,Sound Editing,
2021,Sound Effects and Foley for Feature Film,The Matrix Resurrections,FALSE,Daniel Weiss,foley artist,FALSE,Sound Editing,
2021,Sound Effects and Foley for Feature Film,Nightmare Alley,FALSE,Nathan Robitaille,sound editor,TRUE,Sound Editing,
2021,Sound Effects and Foley for Feature Film,Nightmare Alley,FALSE,Dashen Naidoo,sound effects editor,FALSE,Sound Editing,
2021,Sound Effects and Foley for Feature Film,Nightmare Alley,FALSE,Chelsea Body,foley editor,FALSE,Sound Editing,
2021,Sound Effects and Foley for Feature Film,Nightmare Alley,FALSE,Goro Koyama,foley artist,FALSE,Sound Editing,
2021,Sound Effects and Foley for Feature Film,Nightmare Alley,FALSE,Andy Malcolm,foley artist,FALSE,Sound Editing,
2021,Sound Effects and Foley for Feature Film,No Time to Die,FALSE,Oliver Tarney,sound editors,TRUE,Sound Editing,
2021,Sound Effects and Foley for Feature Film,No Time to Die,FALSE,James Harrison,sound editors,TRUE,Sound Editing,
2021,"Sound Effects, Foley, Dialogue and ADR for Animated Feature Film",Raya and the Last Dragon,TRUE,Shannon Mills,sound editor,TRUE,,
2021,"Sound Effects, Foley, Dialogue and ADR for Animated Feature Film",Raya and the Last Dragon,TRUE,Brad Semenoff,dialogue editor,TRUE,,
2021,"Sound Effects, Foley, Dialogue and ADR for Animated Feature Film",Raya and the Last Dragon,TRUE,Nia Hansen,sound designer,FALSE,,
2021,"Sound Effects, Foley, Dialogue and ADR for Animated Feature Film",Raya and the Last Dragon,TRUE,Samson Neslund,sound effects editors,FALSE,,
2021,"Sound Effects, Foley, Dialogue and ADR for Animated Feature Film",Raya and the Last Dragon,TRUE,David C. Hughes,sound effects editors,FALSE,,
2021,"Sound Effects, Foley, Dialogue and ADR for Animated Feature Film",Raya and the Last Dragon,TRUE,Cameron Barker,sound effects editors,FALSE,,
2021,"Sound Effects, Foley, Dialogue and ADR for Animated Feature Film",Raya and the Last Dragon,TRUE,Chris Frazier,foley editors,FALSE,,
2021,"Sound Effects, Foley, Dialogue and ADR for Animated Feature Film",Raya and the Last Dragon,TRUE,Steve Orlando,foley editors,FALSE,,
2021,"Sound Effects, Foley, Dialogue and ADR for Animated Feature Film",Raya and the Last Dragon,TRUE,John Roesch,foley artists,FALSE,,
2021,"Sound Effects, Foley, Dialogue and ADR for Animated Feature Film",Raya and the Last Dragon,TRUE,Shelley Roden,foley artists,FALSE,,
2021,"Sound Effects, Foley, Dialogue and ADR for Animated Feature Film",Raya and the Last Dragon,TRUE,Jim Weidman,music editor,TRUE,,
2021,"Sound Effects, Foley, Dialogue and ADR for Animated Feature Film",Raya and the Last Dragon,TRUE,David Olson,music editor,FALSE,,
2021,"Sound Effects, Foley, Dialogue and ADR for Animated Feature Film",Encanto,FALSE,Shannon Mills,sound editor,TRUE,,
2021,"Sound Effects, Foley, Dialogue and ADR for Animated Feature Film",Encanto,FALSE,Brad Semenoff,dialogue editor,TRUE,,
2021,"Sound Effects, Foley, Dialogue and ADR for Animated Feature Film",Encanto,FALSE,Nia Hansen,sound designer,FALSE,,
2021,"Sound Effects, Foley, Dialogue and ADR for Animated Feature Film",Encanto,FALSE,Samson Neslund,sound effects editors,FALSE,,
2021,"Sound Effects, Foley, Dialogue and ADR for Animated Feature Film",Encanto,FALSE,Justin Doyle,sound effects editors,FALSE,,
2021,"Sound Effects, Foley, Dialogue and ADR for Animated Feature Film",Encanto,FALSE,Cameron Barker,sound effects editors,FALSE,,
2021,"Sound Effects, Foley, Dialogue and ADR for Animated Feature Film",Encanto,FALSE,Qianbaihui Yang,sound effects editors,FALSE,,
2021,"Sound Effects, Foley, Dialogue and ADR for Animated Feature Film",Encanto,FALSE,Richard Quinn,dialogue editor,FALSE,,
2021,"Sound Effects, Foley, Dialogue and ADR for Animated Feature Film",Encanto,FALSE,Alyssa Nevarez,foley editor,FALSE,,
2021,"Sound Effects, Foley, Dialogue and ADR for Animated Feature Film",Encanto,FALSE,John Roesch,foley artists,FALSE,,
2021,"Sound Effects, Foley, Dialogue and ADR for Animated Feature Film",Encanto,FALSE,Shelley Roden,foley artists,FALSE,,
2021,"Sound Effects, Foley, Dialogue and ADR for Animated Feature Film",Encanto,FALSE,Earl Ghaffari,music editor,TRUE,,
2021,"Sound Effects, Foley, Dialogue and ADR for Animated Feature Film",Encanto,FALSE,Angie Rubin,music editor,FALSE,,
2021,"Sound Effects, Foley, Dialogue and ADR for Animated Feature Film",Encanto,FALSE,Kendall Demarest,music editor,FALSE,,
2021,"Sound Effects, Foley, Dialogue and ADR for Animated Feature Film",Luca,FALSE,Chris Scarabosio,sound editors,TRUE,,
2021,"Sound Effects, Foley, Dialogue and ADR for Animated Feature Film",Luca,FALSE,André Fenley,sound editors,TRUE,,
2021,"Sound Effects, Foley, Dialogue and ADR for Animated Feature Film",Luca,FALSE,Rich Quinn,dialogue editor,TRUE,,
2021,"Sound Effects, Foley, Dialogue and ADR for Animated Feature Film",Luca,FALSE,Ronni Brown,foley editor,TRUE,,
2021,"Sound Effects, Foley, Dialogue and ADR for Animated Feature Film",Luca,FALSE,Justin Doyle,sound effects editors,FALSE,,
2021,"Sound Effects, Foley, Dialogue and ADR for Animated Feature Film",Luca,FALSE,Pascal Garneau,sound effects editors,FALSE,,
2021,"Sound Effects, Foley, Dialogue and ADR for Animated Feature Film",Luca,FALSE,E. Larry Oatfield,foley editor,FALSE,,
2021,"Sound Effects, Foley, Dialogue and ADR for Animated Feature Film",Luca,FALSE,Jana Vance,foley artists,FALSE,,
2021,"Sound Effects, Foley, Dialogue and ADR for Animated Feature Film",Luca,FALSE,Ronni Brown,foley artists,FALSE,,
2021,"Sound Effects, Foley, Dialogue and ADR for Animated Feature Film",Luca,FALSE,Lodge Worster,music editor,FALSE,,
2021,"Sound Effects, Foley, Dialogue and ADR for Animated Feature Film",The Mitchells vs. the Machines,FALSE,Geoffrey G. Rubay,sound editor,TRUE,,
2021,"Sound Effects, Foley, Dialogue and ADR for Animated Feature Film",The Mitchells vs. the Machines,FALSE,James Morioka,adr editor,TRUE,,
2021,"Sound Effects, Foley, Dialogue and ADR for Animated Feature Film",The Mitchells vs. the Machines,FALSE,John Pospisil,sound designer,FALSE,,
2021,"Sound Effects, Foley, Dialogue and ADR for Animated Feature Film",The Mitchells vs. the Machines,FALSE,Kip Smedley,sound effects editor: Curt Schulkey (adr editor,FALSE,,
2021,"Sound Effects, Foley, Dialogue and ADR for Animated Feature Film",The Mitchells vs. the Machines,FALSE,Andy Sisul,sound effects editor: Curt Schulkey (adr editor,FALSE,,
2021,"Sound Effects, Foley, Dialogue and ADR for Animated Feature Film",The Mitchells vs. the Machines,FALSE,Alec G. Rubay,sound effects editor: Curt Schulkey (adr editor,FALSE,,
2021,"Sound Effects, Foley, Dialogue and ADR for Animated Feature Film",The Mitchells vs. the Machines,FALSE,Dan Kenyon,sound effects editor: Curt Schulkey (adr editor,FALSE,,
2021,"Sound Effects, Foley, Dialogue and ADR for Animated Feature Film",The Mitchells vs. the Machines,FALSE,Greg Ten Bosch,sound effects editor: Curt Schulkey (adr editor,FALSE,,
2021,"Sound Effects, Foley, Dialogue and ADR for Animated Feature Film",The Mitchells vs. the Machines,FALSE,Gregg Barbanell,foley artists,FALSE,,
2021,"Sound Effects, Foley, Dialogue and ADR for Animated Feature Film",The Mitchells vs. the Machines,FALSE,Rick Owens,foley artists,FALSE,,
2021,"Sound Effects, Foley, Dialogue and ADR for Animated Feature Film",The Mitchells vs. the Machines,FALSE,Dominick Certo,music editor,FALSE,,
2021,"Sound Effects, Foley, Dialogue and ADR for Animated Feature Film",The Mitchells vs. the Machines,FALSE,Barbara McDermott,music editor,FALSE,,
2021,"Sound Effects, Foley, Dialogue and ADR for Animated Feature Film",Sing 2,FALSE,Dennis Leonard,sound editor,TRUE,,
2021,"Sound Effects, Foley, Dialogue and ADR for Animated Feature Film",Sing 2,FALSE,Jonathan Greber,dialogue editor,TRUE,,
2021,"Sound Effects, Foley, Dialogue and ADR for Animated Feature Film",Sing 2,FALSE,Daniel Laurie,adr editor,TRUE,,
2021,"Sound Effects, Foley, Dialogue and ADR for Animated Feature Film",Sing 2,FALSE,Josh Gold,sound designer,FALSE,,
2021,"Sound Effects, Foley, Dialogue and ADR for Animated Feature Film",Sing 2,FALSE,Lucas Miller,sound effects editors,FALSE,,
2021,"Sound Effects, Foley, Dialogue and ADR for Animated Feature Film",Sing 2,FALSE,Benjamin A. Burtt,sound effects editors,FALSE,,
2021,"Sound Effects, Foley, Dialogue and ADR for Animated Feature Film",Sing 2,FALSE,Shaun Farley,foley editors,FALSE,,
2021,"Sound Effects, Foley, Dialogue and ADR for Animated Feature Film",Sing 2,FALSE,Jonathon Stevens,foley editors,FALSE,,
2021,"Sound Effects, Foley, Dialogue and ADR for Animated Feature Film",Sing 2,FALSE,Michael Connell,music editor,FALSE,,
2021,"Sound Effects, Foley, Dialogue and ADR for Animated Feature Film",Sing 2,FALSE,Charles Inouye,music editor,FALSE,,
2021,"Sound Effects, Foley, Dialogue and ADR for Foreign Language Feature Film",Cliff Walkers,TRUE,Yang Jiang,sound editors,TRUE,,
2021,"Sound Effects, Foley, Dialogue and ADR for Foreign Language Feature Film",Cliff Walkers,TRUE,Zhao Nan,sound editors,TRUE,,
2021,"Sound Effects, Foley, Dialogue and ADR for Foreign Language Feature Film",Cliff Walkers,TRUE,Li Xinghui,adr editor,FALSE,,
2021,"Sound Effects, Foley, Dialogue and ADR for Foreign Language Feature Film",Cliff Walkers,TRUE,Han Junsheng,foley artist,FALSE,,
2021,"Sound Effects, Foley, Dialogue and ADR for Foreign Language Feature Film",Cliff Walkers,TRUE,Ann Scibelli,sound editor,FALSE,,
2021,"Sound Effects, Foley, Dialogue and ADR for Foreign Language Feature Film",Cliff Walkers,TRUE,Xiao'ou Olivia Zhang,sound editor,FALSE,,
2021,"Sound Effects, Foley, Dialogue and ADR for Foreign Language Feature Film",Cliff Walkers,TRUE,Iain Pattison,sound editor,FALSE,,
2021,"Sound Effects, Foley, Dialogue and ADR for Foreign Language Feature Film",The Hand of God,FALSE,Silvia Moraes,sound editor,TRUE,,
2021,"Sound Effects, Foley, Dialogue and ADR for Foreign Language Feature Film",A Hero,FALSE,Mohammadreza Delpak,sound editor,TRUE,,
2021,"Sound Effects, Foley, Dialogue and ADR for Foreign Language Feature Film",A Hero,FALSE,Mohammadreza Delpak,dialogue editor,FALSE,,
2021,"Sound Effects, Foley, Dialogue and ADR for Foreign Language Feature Film",A Hero,FALSE,Mohammadreza Delpak,sound effects editor,FALSE,,
2021,"Sound Effects, Foley, Dialogue and ADR for Foreign Language Feature Film",Titane,FALSE,Séverin Favriau,sound editor,FALSE,,
2021,"Sound Effects, Foley, Dialogue and ADR for Foreign Language Feature Film",Titane,FALSE,Céline Bernard,foley artist,FALSE,,
2021,"Sound Effects, Foley, Dialogue and ADR for Foreign Language Feature Film",A Writer's Odyssey,FALSE,Xiao Sha Liu,sound editor,TRUE,,
2021,"Sound Effects, Foley, Dialogue and ADR for Foreign Language Feature Film",A Writer's Odyssey,FALSE,Xiao Sha Liu,adr editor,TRUE,,
2021,"Sound Effects, Foley, Dialogue and ADR for Foreign Language Feature Film",A Writer's Odyssey,FALSE,Gang Wang,sound designer,FALSE,,
2021,"Sound Effects, Foley, Dialogue and ADR for Foreign Language Feature Film",A Writer's Odyssey,FALSE,Shuang Shuang Wang,sound effects editors,FALSE,,
2021,"Sound Effects, Foley, Dialogue and ADR for Foreign Language Feature Film",A Writer's Odyssey,FALSE,Hong Rui Ji,sound effects editors,FALSE,,
2021,"Sound Effects, Foley, Dialogue and ADR for Foreign Language Feature Film",A Writer's Odyssey,FALSE,Gang Wang,sound effects editors,FALSE,,
2021,"Sound Effects, Foley, Dialogue and ADR for Foreign Language Feature Film",A Writer's Odyssey,FALSE,Ruo Qi Mo,sound effects editors,FALSE,,
2021,"Sound Effects, Foley, Dialogue and ADR for Foreign Language Feature Film",A Writer's Odyssey,FALSE,Tobias Poppe,sound effects editors,FALSE,,
2021,"Sound Effects, Foley, Dialogue and ADR for Foreign Language Feature Film",A Writer's Odyssey,FALSE,Zi Jian Jiang,sound effects editors,FALSE,,
2021,"Sound Effects, Foley, Dialogue and ADR for Foreign Language Feature Film",A Writer's Odyssey,FALSE,Zi Jin,dialogue editor,FALSE,,
2021,"Sound Effects, Foley, Dialogue and ADR for Foreign Language Feature Film",A Writer's Odyssey,FALSE,Pei Ya Zhang,foley editor,FALSE,,
2021,"Sound Effects, Foley, Dialogue and ADR for Foreign Language Feature Film",A Writer's Odyssey,FALSE,Zi Wei Wang,foley artists,FALSE,,
2021,"Sound Effects, Foley, Dialogue and ADR for Foreign Language Feature Film",A Writer's Odyssey,FALSE,Yin Miao,foley artists,FALSE,,
2021,"Sound Effects, Foley, Dialogue and ADR for Foreign Language Feature Film",A Writer's Odyssey,FALSE,Fei Yu,music editor,FALSE,,
2022,Feature Animation,Guillermo del Toro's Pinocchio,TRUE,Scott Martin Gershin,sound editor,TRUE,,
2022,Feature Animation,Guillermo del Toro's Pinocchio,TRUE,"Masanobu ""Tomi"" Tomita",sound effects editor,FALSE,,
2022,Feature Animation,Guillermo del Toro's Pinocchio,TRUE,Andrew Vernon,sound effects editor,FALSE,,
2022,Feature Animation,Guillermo del Toro's Pinocchio,TRUE,Dan Gamache,sound effects editor,FALSE,,
2022,Feature Animation,Guillermo del Toro's Pinocchio,TRUE,Dan Gamache,dialogue editor,FALSE,,
2022,Feature Animation,Guillermo del Toro's Pinocchio,TRUE,Dan O'Connell,foley artist,FALSE,,
2022,Feature Animation,Guillermo del Toro's Pinocchio,FALSE,John Cucci,foley artist,FALSE,,
2022,Feature Animation,DC League of Super-Pets,FALSE,Bill R. Dean,sound editor,TRUE,,
2022,Feature Animation,DC League of Super-Pets,FALSE,Ando Johnson,sound editor,TRUE,,
2022,Feature Animation,DC League of Super-Pets,FALSE,Erick Ocampo,sound designer,FALSE,,
2022,Feature Animation,DC League of Super-Pets,FALSE,Chris Battaglia,sound effects editor,FALSE,,
2022,Feature Animation,DC League of Super-Pets,FALSE,Kip Smedley,sound effects editor,FALSE,,
2022,Feature Animation,DC League of Super-Pets,FALSE,Stephanie Brown,dialogue editor,TRUE,,
2022,Feature Animation,DC League of Super-Pets,FALSE,Chase Keehn,dialogue editor,FALSE,,
2022,Feature Animation,DC League of Super-Pets,FALSE,Jessie Pariseau,foley editor,TRUE,,
2022,Feature Animation,DC League of Super-Pets,FALSE,Bruce Tanis,foley editor,FALSE,,
2022,Feature Animation,DC League of Super-Pets,FALSE,Alyson Dee Moore,foley artist,FALSE,,
2022,Feature Animation,DC League of Super-Pets,FALSE,Christopher Moriana,foley artist,FALSE,,
2022,Feature Animation,Lightyear,FALSE,Coya Elliott,sound editor,TRUE,,
2022,Feature Animation,Lightyear,FALSE,Ren Klyce,sound designer,FALSE,,
2022,Feature Animation,Lightyear,FALSE,Kimberly Patrick,sound effects editor,FALSE,,
2022,Feature Animation,Lightyear,FALSE,Jonathon Stevens,sound effects editor,FALSE,,
2022,Feature Animation,Lightyear,FALSE,Benjamin A. Burtt,sound effects editor,FALSE,,
2022,Feature Animation,Lightyear,FALSE,Cheryl Nardi,dialogue editor,FALSE,,
2022,Feature Animation,Lightyear,FALSE,James Spencer,foley editor,FALSE,,
2022,Feature Animation,Lightyear,FALSE,Dee Selby,foley editor,FALSE,,
2022,Feature Animation,Lightyear,FALSE,Shelley Roden,foley artist,FALSE,,
2022,Feature Animation,Lightyear,FALSE,John Roesch,foley artist,FALSE,,
2022,Feature Animation,Puss in Boots: The Last Wish,FALSE,Jason W. Jennings,sound editor,TRUE,,
2022,Feature Animation,Puss in Boots: The Last Wish,FALSE,Julian Slater,sound editor,TRUE,,
2022,Feature Animation,Puss in Boots: The Last Wish,FALSE,Tim Walston,sound designer,FALSE,,
2022,Feature Animation,Puss in Boots: The Last Wish,FALSE,Ken McGill,sound effects editor,FALSE,,
2022,Feature Animation,Puss in Boots: The Last Wish,FALSE,Mia Stewart,dialogue editor,FALSE,,
2022,Feature Animation,Puss in Boots: The Last Wish,FALSE,Paul Pirola,foley editor,TRUE,,
2022,Feature Dialogue / ADR,The Banshees of Inisherin,TRUE,Joakim Sundström,sound editor,TRUE,Sound Editing,
2022,Feature Dialogue / ADR,The Banshees of Inisherin,TRUE,Simon Chase,ADR editing,TRUE,Sound Editing,
2022,Feature Dialogue / ADR,The Banshees of Inisherin,TRUE,Rebecca Glover,foley editor,TRUE,Sound Editing,
2022,Feature Dialogue / ADR,The Banshees of Inisherin,TRUE,Julien Naudin,foley artist,FALSE,Sound Editing,
2022,Feature Dialogue / ADR,The Batman,FALSE,Douglas Murray,sound editor,TRUE,Sound Editing,
2022,Feature Dialogue / ADR,The Batman,FALSE,William Files,sound editor,TRUE,Sound Editing,
2022,Feature Dialogue / ADR,The Batman,FALSE,Jacob Riehle,dialogue editor,FALSE,Sound Editing,
2022,Feature Dialogue / ADR,The Batman,FALSE,Bobbi Banks,ADR editor,FALSE,Sound Editing,
2022,Feature Dialogue / ADR,The Batman,FALSE,David V. Butler,ADR editor,FALSE,Sound Editing,
2022,Feature Dialogue / ADR,Elvis,FALSE,Wayne Pashley,sound editor,TRUE,Sound Editing,
2022,Feature Dialogue / ADR,Elvis,FALSE,Derryn Pasquill,dialogue editor,TRUE,Sound Editing,
2022,Feature Dialogue / ADR,Elvis,FALSE,Libby Villa,ADR supervisor,TRUE,Sound Editing,
2022,Feature Dialogue / ADR,Elvis,FALSE,Nick Breslin,dialogue editor,FALSE,Sound Editing,
2022,Feature Dialogue / ADR,Elvis,FALSE,Marisa Marsionis,dialogue editor,FALSE,Sound Editing,
2022,Feature Dialogue / ADR,Elvis,FALSE,Lauren Ligovich,dialogue editor,FALSE,Sound Editing,
2022,Feature Dialogue / ADR,Empire of Light,FALSE,Oliver Tarney,sound editor,TRUE,Sound Editing,
2022,Feature Dialogue / ADR,Empire of Light,FALSE,Rachael Tate,sound editor,TRUE,Sound Editing,
2022,Feature Dialogue / ADR,Everything Everywhere All at Once,FALSE,Brent Kiser,sound editor,TRUE,Sound Editing,
2022,Feature Dialogue / ADR,Top Gun: Maverick,FALSE,Bjørn Ole Schroeder,sound editor,TRUE,Sound Editing,
2022,Feature Dialogue / ADR,Top Gun: Maverick,FALSE,James Mather,sound editor,TRUE,Sound Editing,
2022,Feature Dialogue / ADR,Top Gun: Maverick,FALSE,Al Nelson,sound editor,TRUE,Sound Editing,
2022,Feature Dialogue / ADR,Top Gun: Maverick,FALSE,Chris Gridley,dialogue editor,FALSE,Sound Editing,
2022,Feature Dialogue / ADR,Top Gun: Maverick,FALSE,Simon Chase,dialogue editor,FALSE,Sound Editing,
2022,Feature Dialogue / ADR,Top Gun: Maverick,FALSE,Matthew Hartman,dialogue editor,FALSE,Sound Editing,
2022,Feature Dialogue / ADR,Top Gun: Maverick,FALSE,Michael Maroussas,dialogue editor,FALSE,Sound Editing,
2022,Feature Dialogue / ADR,Top Gun: Maverick,FALSE,Gwendolyn Yates Whittle,dialogue editor,FALSE,Sound Editing,
2022,Feature Dialogue / ADR,Top Gun: Maverick,FALSE,Gwendolyn Yates Whittle,ADR editor,FALSE,Sound Editing,
2022,Feature Documentary,Good Night Oppy,TRUE,Mark Mangini,sound editor,TRUE,,
2022,Feature Documentary,Good Night Oppy,TRUE,Tim Walston,sound designer,FALSE,,
2022,Feature Documentary,Good Night Oppy,TRUE,Dave Whitehead,sound designer,FALSE,,
2022,Feature Documentary,Good Night Oppy,TRUE,Mark Mangini,sound designer,FALSE,,
2022,Feature Documentary,Good Night Oppy,TRUE,Dave Bach,dialogue editor,TRUE,,
2022,Feature Documentary,Louis Armstrong's Black and Blues,FALSE,Leslie Shatz,sound editor and sound designer,TRUE,,
2022,Feature Documentary,Louis Armstrong's Black and Blues,FALSE,Jon Flores,dialogue editor,TRUE,,
2022,Feature Documentary,Moonage Daydream,FALSE,Nina Hartstone,sound editor,TRUE,,
2022,Feature Documentary,Moonage Daydream,FALSE,Samir Foco,sound designer,FALSE,,
2022,Feature Documentary,Moonage Daydream,FALSE,James Shirley,sound designer,FALSE,,
2022,Feature Documentary,Moonage Daydream,FALSE,Louise Burton,sound editor,FALSE,,
2022,Feature Documentary,The Territory,FALSE,Rune Klausen,sound editors and sound designer,TRUE,,
2022,Feature Documentary,The Territory,FALSE,Peter Albrechtsen,sound editors and sound designer,TRUE,,
2022,Feature Documentary,The Territory,FALSE,Mikkel Nielsen,sound effects editor,FALSE,,
2022,Feature Documentary,The Territory,FALSE,Tim Nielsen,sound effects editor,FALSE,,
2022,Feature Documentary,The Territory,FALSE,Sebastian Vaskio,dialogue editor,FALSE,,
2022,Feature Documentary,The Territory,FALSE,Guilherme Tortolo Magrin,dialogue editor,FALSE,,
2022,Feature Documentary,The Territory,FALSE,Pietu Korhonen,foley editor,FALSE,,
2022,Feature Documentary,The Territory,FALSE,Heikki Kossi,foley artist,FALSE,,
2022,Feature Effects / Foley,Top Gun: Maverick,TRUE,Al Nelson,sound editor,TRUE,Sound Editing,
2022,Feature Effects / Foley,Top Gun: Maverick,TRUE,James Mather,sound editor,TRUE,Sound Editing,
2022,Feature Effects / Foley,Top Gun: Maverick,TRUE,Bjørn Ole Schroeder,sound editor,TRUE,Sound Editing,
2022,Feature Effects / Foley,Top Gun: Maverick,TRUE,Christopher Boyes,sound designer,FALSE,Sound Editing,
2022,Feature Effects / Foley,Top Gun: Maverick,TRUE,Jed Loughran,sound designer,FALSE,Sound Editing,
2022,Feature Effects / Foley,Top Gun: Maverick,TRUE,Benjamin A. Burtt,sound effects editor,FALSE,Sound Editing,
2022,Feature Effects / Foley,Top Gun: Maverick,TRUE,Scott Guitteau,sound effects editor,FALSE,Sound Editing,
2022,Feature Effects / Foley,Top Gun: Maverick,TRUE,Rowan Watson,sound effects editor,FALSE,Sound Editing,
2022,Feature Effects / Foley,Top Gun: Maverick,TRUE,Qianbaihui Yang,sound effects editor,FALSE,Sound Editing,
2022,Feature Effects / Foley,Top Gun: Maverick,TRUE,Luke Dunn Gielmuda,foley editor,TRUE,Sound Editing,
2022,Feature Effects / Foley,Top Gun: Maverick,TRUE,Dmitri Makarov,foley editor,FALSE,Sound Editing,
2022,Feature Effects / Foley,Top Gun: Maverick,TRUE,David Mackie,foley editor,FALSE,Sound Editing,
2022,Feature Effects / Foley,Top Gun: Maverick,TRUE,Jana Vance,foley artist,FALSE,Sound Editing,
2022,Feature Effects / Foley,Top Gun: Maverick,TRUE,Ronni Brown,foley artist,FALSE,Sound Editing,
2022,Feature Effects / Foley,Top Gun: Maverick,TRUE,John Roesch,foley artist,FALSE,Sound Editing,
2022,Feature Effects / Foley,Top Gun: Maverick,TRUE,Shelley Roden,foley artist,FALSE,Sound Editing,
2022,Feature Effects / Foley,Avatar: The Way of Water,FALSE,Christopher Boyes,sound editor,TRUE,Sound Editing,
2022,Feature Effects / Foley,Avatar: The Way of Water,FALSE,David Chrastka,sound designer,FALSE,Sound Editing,
2022,Feature Effects / Foley,Avatar: The Way of Water,FALSE,Dave Whitehead,sound designer,FALSE,Sound Editing,
2022,Feature Effects / Foley,Avatar: The Way of Water,FALSE,Christopher Boyes,sound designer,FALSE,Sound Editing,
2022,Feature Effects / Foley,Avatar: The Way of Water,FALSE,Hayden Collow,sound effects editor,FALSE,Sound Editing,
2022,Feature Effects / Foley,Avatar: The Way of Water,FALSE,Matt Stutter,sound effects editor,FALSE,Sound Editing,
2022,Feature Effects / Foley,Avatar: The Way of Water,FALSE,Brent Burge,effects editor,TRUE,Sound Editing,
2022,Feature Effects / Foley,Avatar: The Way of Water,FALSE,Craig Tomlinson,foley editor,FALSE,Sound Editing,
2022,Feature Effects / Foley,Avatar: The Way of Water,FALSE,Dee Selby,foley editor,FALSE,Sound Editing,
2022,Feature Effects / Foley,Avatar: The Way of Water,FALSE,Dan O'Connell,foley artist,FALSE,Sound Editing,
2022,Feature Effects / Foley,Avatar: The Way of Water,FALSE,John Cucci,foley artist,FALSE,Sound Editing,
2022,Feature Effects / Foley,The Batman,FALSE,Will Files,sound editor,TRUE,Sound Editing,
2022,Feature Effects / Foley,The Batman,FALSE,Douglas Murray,sound editor,TRUE,Sound Editing,
2022,Feature Effects / Foley,The Batman,FALSE,Chris Terhune,sound designer,FALSE,Sound Editing,
2022,Feature Effects / Foley,The Batman,FALSE,Lee Gilmore,sound designer,FALSE,Sound Editing,
2022,Feature Effects / Foley,The Batman,FALSE,Craig Henighan,sound designer,FALSE,Sound Editing,
2022,Feature Effects / Foley,The Batman,FALSE,Diego Perez,sound effects editor,FALSE,Sound Editing,
2022,Feature Effects / Foley,The Batman,FALSE,Phil Barrie,sound effects editor,FALSE,Sound Editing,
2022,Feature Effects / Foley,Everything Everywhere All at Once,FALSE,Brent Kiser,sound editor,TRUE,Sound Editing,
2022,Feature Effects / Foley,Jurassic World Dominion,FALSE,Al Nelson,sound editor,TRUE,Sound Editing,
2022,Feature Effects / Foley,Jurassic World Dominion,FALSE,Gwendolyn Yates Whittle,sound editor,TRUE,Sound Editing,
2022,Feature Effects / Foley,Jurassic World Dominion,FALSE,Pete Horner,sound designer,FALSE,Sound Editing,
2022,Feature Effects / Foley,Jurassic World Dominion,FALSE,Gary Rydstrom,sound designer,FALSE,Sound Editing,
2022,Feature Effects / Foley,Jurassic World Dominion,FALSE,Stuart McCowan,sound effects editor,FALSE,Sound Editing,
2022,Feature Effects / Foley,Jurassic World Dominion,FALSE,Benjamin A. Burtt,sound effects editor,FALSE,Sound Editing,
2022,Feature Effects / Foley,Jurassic World Dominion,FALSE,Scott Guitteau,sound effects editor,FALSE,Sound Editing,
2022,Feature Effects / Foley,Jurassic World Dominion,FALSE,Qianbaihui Yang,sound effects editor,FALSE,Sound Editing,
2022,Feature Effects / Foley,Jurassic World Dominion,FALSE,Luke Dunn Gielmuda,foley editor,TRUE,Sound Editing,
2022,Feature Effects / Foley,Jurassic World Dominion,FALSE,Coya Elliott,foley editor,FALSE,Sound Editing,
2022,Feature Effects / Foley,Jurassic World Dominion,FALSE,Jana Vance,foley artist,FALSE,Sound Editing,
2022,Feature Effects / Foley,Jurassic World Dominion,FALSE,Ronni Brown,foley artist,FALSE,Sound Editing,
2022,Feature Effects / Foley,Nope,FALSE,Johnnie Burn,sound editor,TRUE,Sound Editing,
2022,Feature Effects / Foley,Nope,FALSE,Simon Carroll,sound effects editor,FALSE,Sound Editing,
2022,Feature Effects / Foley,Nope,FALSE,Brendan Feeney,sound effects editor,FALSE,Sound Editing,
2022,Feature Effects / Foley,Nope,FALSE,Max Behrens,sound effects editor,FALSE,Sound Editing,
2022,Feature Effects / Foley,Nope,FALSE,Ben Gulvin,sound effects editor,FALSE,Sound Editing,
2022,Feature Effects / Foley,Nope,FALSE,Jeff Smith,sound effects editor,FALSE,Sound Editing,
2022,Feature Effects / Foley,Nope,FALSE,Beresford Cookman,sound effects editor,FALSE,Sound Editing,
2022,Feature Effects / Foley,Nope,FALSE,Natalia Lubowiecka,foley editor,FALSE,Sound Editing,
2022,Feature Effects / Foley,Nope,FALSE,Ewa Mazurkiewicz,foley editor,FALSE,Sound Editing,
2022,Feature Effects / Foley,Nope,FALSE,Jacek Wisniewski,foley artist,FALSE,Sound Editing,
2022,Foreign Language Feature,All Quiet on the Western Front,TRUE,Frank Kruse,sound editor,TRUE,,
2022,Foreign Language Feature,All Quiet on the Western Front,TRUE,Markus Stemler,sound designer,FALSE,,
2022,Foreign Language Feature,All Quiet on the Western Front,TRUE,Alexander Buck,dialogue editor,TRUE,,
2022,Foreign Language Feature,All Quiet on the Western Front,TRUE,Benjamin Hörbe,ARD editor,TRUE,,
2022,Foreign Language Feature,All Quiet on the Western Front,TRUE,Alexander Buck,ARD editor,TRUE,,
2022,Foreign Language Feature,All Quiet on the Western Front,TRUE,Thomas Kalbér,ARD editor,FALSE,,
2022,Foreign Language Feature,All Quiet on the Western Front,TRUE,Moritz Hoffmeister,ARD editor,FALSE,,
2022,Foreign Language Feature,All Quiet on the Western Front,TRUE,Kuen Il Song,foley editor,FALSE,,
2022,Foreign Language Feature,All Quiet on the Western Front,TRUE,Carsten Richter,foley artist,FALSE,,
2022,Foreign Language Feature,All Quiet on the Western Front,TRUE,Daniel Weis,foley artist,FALSE,,
2022,Foreign Language Feature,"Argentina, 1985",FALSE,Santiago Fumagalli,sound editor,TRUE,,
2022,Foreign Language Feature,"Argentina, 1985",FALSE,Juan Ignacio Giobio,sound effects editor,FALSE,,
2022,Foreign Language Feature,"Argentina, 1985",FALSE,Nahuel De Camillis,sound effects editor,FALSE,,
2022,Foreign Language Feature,"Argentina, 1985",FALSE,Ignacio Seligra,dialogue editor,FALSE,,
2022,Foreign Language Feature,"Argentina, 1985",FALSE,Nicolás Mannara,foley editor,FALSE,,
2022,Foreign Language Feature,"Argentina, 1985",FALSE,Diego Marcone,foley artist,FALSE,,
2022,Foreign Language Feature,"Argentina, 1985",FALSE,Stephen M. Davis,music editor,FALSE,,
2022,Foreign Language Feature,"Bardo, False Chronicle of a Handful of Truths",FALSE,Martín Hernández,sound editor,TRUE,,
2022,Foreign Language Feature,"Bardo, False Chronicle of a Handful of Truths",FALSE,Nicolas Becker,sound editor,TRUE,,
2022,Foreign Language Feature,"Bardo, False Chronicle of a Handful of Truths",FALSE,Ken Yasumoto,sound designer,FALSE,,
2022,Foreign Language Feature,"Bardo, False Chronicle of a Handful of Truths",FALSE,Alejandro Quevedo,sound effects editor,FALSE,,
2022,Foreign Language Feature,"Bardo, False Chronicle of a Handful of Truths",FALSE,Jaime Sainz,sound effects editor,FALSE,,
2022,Foreign Language Feature,"Bardo, False Chronicle of a Handful of Truths",FALSE,Carolina Santana,sound effects editor,FALSE,,
2022,Foreign Language Feature,"Bardo, False Chronicle of a Handful of Truths",FALSE,Alitzel Diaz,ADR editor,FALSE,,
2022,Foreign Language Feature,"Bardo, False Chronicle of a Handful of Truths",FALSE,Daniel Douglass,ADR editor,FALSE,,
2022,Foreign Language Feature,"Bardo, False Chronicle of a Handful of Truths",FALSE,Valeria López Mancheva,dialogue editor,FALSE,,
2022,Foreign Language Feature,"Bardo, False Chronicle of a Handful of Truths",FALSE,Raynier Hinojosa,dialogue editor,FALSE,,
2022,Foreign Language Feature,"Bardo, False Chronicle of a Handful of Truths",FALSE,Omar Blanco,dialogue editor,FALSE,,
2022,Foreign Language Feature,"Bardo, False Chronicle of a Handful of Truths",FALSE,Oscar Victoria,foley editor,FALSE,,
2022,Foreign Language Feature,"Bardo, False Chronicle of a Handful of Truths",FALSE,Pietu Korhonen,foley editor,FALSE,,
2022,Foreign Language Feature,"Bardo, False Chronicle of a Handful of Truths",FALSE,Alan Romero,foley editor,FALSE,,
2022,Foreign Language Feature,"Bardo, False Chronicle of a Handful of Truths",FALSE,Heikki Kossi,foley artist,FALSE,,
2022,Foreign Language Feature,"Bardo, False Chronicle of a Handful of Truths",FALSE,Alan Romero,foley artist,FALSE,,
2022,Foreign Language Feature,EO,FALSE,Radoslaw Ochnio,sound editor,TRUE,,
2022,Foreign Language Feature,EO,FALSE,Radoslaw Ochnio,sound designer,FALSE,,
2022,Foreign Language Feature,EO,FALSE,Marta Weronika Weronska,sound editor,FALSE,,
2022,Foreign Language Feature,EO,FALSE,Suraj Bardia,foley editor,FALSE,,
2022,Foreign Language Feature,The Quiet Girl,FALSE,Steve Fanagan,"sound editor, sound designer, sound effects editor, and foley editor",TRUE,,
2022,Foreign Language Feature,The Quiet Girl,FALSE,Louise Burton,dialogue and ADR editor,FALSE,,
2022,Foreign Language Feature,The Quiet Girl,FALSE,Caoimhe Doyle,foley artist,FALSE,,
2022,Foreign Language Feature,Triangle of Sadness,FALSE,Andreas Franck,sound editor,FALSE,,
2022,Foreign Language Feature,Triangle of Sadness,FALSE,Bent Holm,sound editor,FALSE,,
2022,Foreign Language Feature,Triangle of Sadness,FALSE,Gustav Landbecker,sound editor,FALSE,,
2022,Foreign Language Feature,Triangle of Sadness,FALSE,Johannes Dekko,sound editor,FALSE,,
2022,Foreign Language Feature,Triangle of Sadness,FALSE,Claes Lundberg,sound editor,FALSE,,
2022,Foreign Language Feature,Triangle of Sadness,FALSE,Benny Persson,sound editor,FALSE,,
2022,Foreign Language Feature,Triangle of Sadness,FALSE,Daniel Lindvik,sound editor,FALSE,,
2022,Foreign Language Feature,Triangle of Sadness,FALSE,Alexander Wunsch,sound editor,FALSE,,
2022,Foreign Language Feature,Triangle of Sadness,FALSE,Erik Watland,sound editor,FALSE,,
2022,Foreign Language Feature,Triangle of Sadness,FALSE,Andreas Franck,sound designer,FALSE,,
2022,Foreign Language Feature,Triangle of Sadness,FALSE,Bent Holm,sound designer,FALSE,,
2022,Foreign Language Feature,Triangle of Sadness,FALSE,Claes Lunderberg,foley artist,FALSE,,
2022,Foreign Language Feature,Triangle of Sadness,FALSE,Ulf Olausson,foley artist,FALSE,,
2022,Music Editing – Documentary,Moonage Daydream,TRUE,Brett Morgen,music editor,FALSE,,
2022,Music Editing – Documentary,Moonage Daydream,TRUE,John Warhurst,music editor,TRUE,,
2022,Music Editing – Documentary,Louis Armstrong's Black and Blues,FALSE,Louie Schultz,music editor,FALSE,,
2022,Music Editing – Documentary,Louis Armstrong's Black and Blues,FALSE,Jordan Wiggins,music editor,FALSE,,
2022,Music Editing – Documentary,Louis Armstrong's Black and Blues,FALSE,Alex Carr-Engler,music editor,FALSE,,
2022,Music Editing – Documentary,My Life as a Rolling Stone: Mick Jagger,FALSE,Ben Newth,music editor,TRUE,,
2022,Music Editing – Documentary,My Life as a Rolling Stone: Mick Jagger,FALSE,Nick Ashe,music editor,TRUE,,
2022,Music Editing – Documentary,"The Way Down: ""Revelations""",FALSE,Richard David Brown,music editor,TRUE,,
2022,Music Editing – Feature Motion Picture,Elvis,FALSE,Evan McHugh,music editor,FALSE,,
2022,Music Editing – Feature Motion Picture,Elvis,FALSE,Jamieson Shaw,music editor,TRUE,,
2022,Music Editing – Feature Motion Picture,Elvis,FALSE,Chris Barrett,scoring editor,FALSE,,
2022,Music Editing – Feature Motion Picture,Everything Everywhere All at Once,FALSE,Dean Menta,music editor,FALSE,,
2022,Music Editing – Feature Motion Picture,Everything Everywhere All at Once,FALSE,Luke Wilder,music editor,FALSE,,
2022,Music Editing – Feature Motion Picture,Everything Everywhere All at Once,FALSE,Katherine Gordon Miller,music editor,FALSE,,
2022,Music Editing – Feature Motion Picture,Guillermo del Toro's Pinocchio,FALSE,Lewis Morison,music editor,FALSE,,
2022,Music Editing – Feature Motion Picture,Guillermo del Toro's Pinocchio,FALSE,Eric Caudieux,music editor,FALSE,,
2022,Music Editing – Feature Motion Picture,Guillermo del Toro's Pinocchio,FALSE,Chris Barret,scoring editor,FALSE,,
2022,Music Editing – Feature Motion Picture,Tár,FALSE,Gerard McCann,music editor,TRUE,,
2022,Music Editing – Feature Motion Picture,Whitney Houston: I Wanna Dance with Somebody,FALSE,James Shirley,music editor,FALSE,,
2022,Music Editing – Feature Motion Picture,Whitney Houston: I Wanna Dance with Somebody,FALSE,Victor Chaga,music editor,FALSE,,
2022,Music Editing – Feature Motion Picture,Whitney Houston: I Wanna Dance with Somebody,FALSE,John Warhurst,music editor,TRUE,,
2022,Music Editing – Feature Motion Picture,Whitney Houston: I Wanna Dance with Somebody,FALSE,Nina Hartstone,sound editor,TRUE,,
2023,Feature Animation,Elemental,FALSE,Ren Klyce,sound editor,TRUE,,
2023,Feature Animation,Elemental,FALSE,Coya Elliott,sound editor,TRUE,,
2023,Feature Animation,Elemental,FALSE,Ren Klyce,sound designer,FALSE,,
2023,Feature Animation,Elemental,FALSE,Jonathan Stevens,sound effects editor,FALSE,,
2023,Feature Animation,Elemental,FALSE,Ben Burtt,sound effects editor,FALSE,,
2023,Feature Animation,Elemental,FALSE,Kim Patrick,sound effects editor,FALSE,,
2023,Feature Animation,Elemental,FALSE,Steve Bissinger,sound effects editor,FALSE,,
2023,Feature Animation,Elemental,FALSE,Rich Quinn,dialogue editor,TRUE,,
2023,Feature Animation,Elemental,FALSE,Lisa Chino,dialogue editor,FALSE,,
2023,Feature Animation,Elemental,FALSE,Dee Selby,foley editor,TRUE,,
2023,Feature Animation,Elemental,FALSE,Nicolas Docter,foley editor,FALSE,,
2023,Feature Animation,Elemental,FALSE,Shelley Roden,foley artist,FALSE,,
2023,Feature Animation,Elemental,FALSE,Heikki Kossi,foley artist,FALSE,,
2023,Feature Animation,Migration,FALSE,Daniel Laurie,sound editor,TRUE,,
2023,Feature Animation,Migration,FALSE,Josh Gold,sound editor,TRUE,,
2023,Feature Animation,Migration,FALSE,Richard Gould,sound effects editor,FALSE,,
2023,Feature Animation,Migration,FALSE,Luke Dunn-Gielmuda,sound effects editor,FALSE,,
2023,Feature Animation,Migration,FALSE,Scott Guitteau,sound effects editor,FALSE,,
2023,Feature Animation,Migration,FALSE,Thom Brennan,foley editor,TRUE,,
2023,Feature Animation,Migration,FALSE,E. Larry Oatfield,foley editor,FALSE,,
2023,Feature Animation,Migration,FALSE,Sean England,foley artist,FALSE,,
2023,Feature Animation,Migration,FALSE,Andrea Gard,foley artist,FALSE,,
2023,Feature Animation,Migration,FALSE,Bill Bernstein,music editor,FALSE,,
2023,Feature Animation,Spider-Man: Across the Spider-Verse,TRUE,Geoffrey G. Rubay,sound editor,TRUE,,
2023,Feature Animation,Spider-Man: Across the Spider-Verse,TRUE,John J. Pospisil,sound designer,FALSE,,
2023,Feature Animation,Spider-Man: Across the Spider-Verse,TRUE,Alec G. Rubay,sound designer,FALSE,,
2023,Feature Animation,Spider-Man: Across the Spider-Verse,TRUE,Kip Smedley,sound designer,FALSE,,
2023,Feature Animation,Spider-Man: Across the Spider-Verse,TRUE,Cathryn Wang,sound effects editor,FALSE,,
2023,Feature Animation,Spider-Man: Across the Spider-Verse,TRUE,David Werntz,sound effects editor,FALSE,,
2023,Feature Animation,Spider-Man: Across the Spider-Verse,TRUE,Bruce Tanis,sound effects editor,FALSE,,
2023,Feature Animation,Spider-Man: Across the Spider-Verse,TRUE,Greg ten Bosch,sound effects editor,FALSE,,
2023,Feature Animation,Spider-Man: Across the Spider-Verse,TRUE,Daniel McNamara,sound effects editor,FALSE,,
2023,Feature Animation,Spider-Man: Across the Spider-Verse,TRUE,Will Digby,sound effects editor,FALSE,,
2023,Feature Animation,Spider-Man: Across the Spider-Verse,TRUE,Andy Sisul,sound effects editor,FALSE,,
2023,Feature Animation,Spider-Man: Across the Spider-Verse,TRUE,James Morioka,dialogue editor,TRUE,,
2023,Feature Animation,Spider-Man: Across the Spider-Verse,TRUE,Robert Getty,dialogue editor,FALSE,,
2023,Feature Animation,Spider-Man: Across the Spider-Verse,TRUE,Jason W. Freeman,dialogue editor,FALSE,,
2023,Feature Animation,Spider-Man: Across the Spider-Verse,TRUE,Kai Scheer,dialogue editor,FALSE,,
2023,Feature Animation,Spider-Man: Across the Spider-Verse,TRUE,Ashley N. Rubay,dialogue editor,FALSE,,
2023,Feature Animation,Spider-Man: Across the Spider-Verse,TRUE,Colin Lechner,foley supervisor,TRUE,,
2023,Feature Animation,Spider-Man: Across the Spider-Verse,TRUE,Gregg Barbanell,foley artist,FALSE,,
2023,Feature Animation,Spider-Man: Across the Spider-Verse,TRUE,Jeff Wilhoit,foley artist,FALSE,,
2023,Feature Animation,Spider-Man: Across the Spider-Verse,TRUE,Dylan Wilhoit,foley artist,FALSE,,
2023,Feature Animation,Spider-Man: Across the Spider-Verse,TRUE,Katie Greathouse,music editor,TRUE,,
2023,Feature Animation,Spider-Man: Across the Spider-Verse,TRUE,Barbara McDermott,music editor,FALSE,,
2023,Feature Animation,The Super Mario Bros. Movie,FALSE,Daniel Laurie,sound editor,TRUE,,
2023,Feature Animation,The Super Mario Bros. Movie,FALSE,Randy Thom,sound designer,FALSE,,
2023,Feature Animation,The Super Mario Bros. Movie,FALSE,Jamey Scott,sound designer,FALSE,,
2023,Feature Animation,The Super Mario Bros. Movie,FALSE,Leff Lefferts,sound effects editor,FALSE,,
2023,Feature Animation,The Super Mario Bros. Movie,FALSE,Qianbaihui Yang,sound effects editor,FALSE,,
2023,Feature Animation,The Super Mario Bros. Movie,FALSE,Scott Guitteau,sound effects editor,FALSE,,
2023,Feature Animation,The Super Mario Bros. Movie,FALSE,E. Larry Oatfield,foley editor,TRUE,,
2023,Feature Animation,The Super Mario Bros. Movie,FALSE,Zach Martin,foley editor,FALSE,,
2023,Feature Animation,The Super Mario Bros. Movie,FALSE,Ronni Brown,foley artist,FALSE,,
2023,Feature Animation,The Super Mario Bros. Movie,FALSE,Jana Vance,foley artist,FALSE,,
2023,Feature Animation,The Super Mario Bros. Movie,FALSE,Sean England,foley artist,FALSE,,
2023,Feature Dialogue / ADR,Barbie,FALSE,Ai-Ling Lee,sound editor,TRUE,Sound Editing,
2023,Feature Dialogue / ADR,Barbie,FALSE,Dan Kenyon,sound editor,TRUE,Sound Editing,
2023,Feature Dialogue / ADR,Barbie,FALSE,Brian Bowles,dialogue and ADR editor,TRUE,Sound Editing,
2023,Feature Dialogue / ADR,Barbie,FALSE,Kate Bilinski,dialogue editor,FALSE,Sound Editing,
2023,Feature Dialogue / ADR,Barbie,FALSE,Tony Martinez,dialogue editor,FALSE,Sound Editing,
2023,Feature Dialogue / ADR,Barbie,FALSE,Tyler Newhouse,dialogue editor,FALSE,Sound Editing,
2023,Feature Dialogue / ADR,Killers of the Flower Moon,FALSE,Philip Stockton,sound editor,TRUE,Sound Editing,
2023,Feature Dialogue / ADR,Killers of the Flower Moon,FALSE,Eugene Gearty,sound editor,TRUE,Sound Editing,
2023,Feature Dialogue / ADR,Killers of the Flower Moon,FALSE,Julia Stockton,dialogue editor,FALSE,Sound Editing,
2023,Feature Dialogue / ADR,Killers of the Flower Moon,FALSE,Philip Stockton,dialogue editor,FALSE,Sound Editing,
2023,Feature Dialogue / ADR,Killers of the Flower Moon,FALSE,Marissa Littlefield,ADR editor,FALSE,Sound Editing,
2023,Feature Dialogue / ADR,Maestro,FALSE,Richard King,sound editor,TRUE,Sound Editing,
2023,Feature Dialogue / ADR,Maestro,FALSE,Rich Bologna,sound editor,TRUE,Sound Editing,
2023,Feature Dialogue / ADR,Maestro,FALSE,Tony Martinez,dialogue and ADR editor,TRUE,Sound Editing,
2023,Feature Dialogue / ADR,Maestro,FALSE,Eliza Paley,dialogue editor,FALSE,Sound Editing,
2023,Feature Dialogue / ADR,Maestro,FALSE,Jac Rubenstein,dialogue editor,FALSE,Sound Editing,
2023,Feature Dialogue / ADR,Maestro,FALSE,Fred Rosenberg,dialogue editor,FALSE,Sound Editing,
2023,Feature Dialogue / ADR,Maestro,FALSE,Jason Ruder,music editor,TRUE,Sound Editing,
2023,Feature Dialogue / ADR,Napoleon,FALSE,Oliver Tarney,sound editor,TRUE,Sound Editing,
2023,Feature Dialogue / ADR,Napoleon,FALSE,James Harrison,sound editor,TRUE,Sound Editing,
2023,Feature Dialogue / ADR,Napoleon,FALSE,Michael Maroussas,dialogue editor,TRUE,Sound Editing,
2023,Feature Dialogue / ADR,Napoleon,FALSE,Rachael Tate,dialogue editor,FALSE,Sound Editing,
2023,Feature Dialogue / ADR,Oppenheimer,TRUE,Richard King,sound editor,TRUE,Sound Editing,
2023,Feature Dialogue / ADR,Oppenheimer,TRUE,David Bach,dialogue editor,TRUE,Sound Editing,
2023,Feature Dialogue / ADR,Oppenheimer,TRUE,Russell Farmarco,dialogue editor,FALSE,Sound Editing,
2023,Feature Dialogue / ADR,Oppenheimer,TRUE,Albert Gasser,dialogue editor,FALSE,Sound Editing,
2023,Feature Dialogue / ADR,Poor Things,FALSE,Johnnie Burn,sound editor,TRUE,Sound Editing,
2023,Feature Dialogue / ADR,Poor Things,FALSE,Tristan Baylis,dialogue editor,FALSE,Sound Editing,
2023,Feature Dialogue / ADR,Poor Things,FALSE,Peter Russell,dialogue editor,FALSE,Sound Editing,
2023,Feature Documentary,32 Sounds,TRUE,Eliza Paley,ADR editor,TRUE,,
2023,Feature Documentary,32 Sounds,TRUE,Mark Mangini,sound designer,FALSE,,
2023,Feature Documentary,32 Sounds,TRUE,Robert Kellough,sound editor,FALSE,,
2023,Feature Documentary,32 Sounds,TRUE,Mari Matsuo,ADR editor,FALSE,,
2023,Feature Documentary,32 Sounds,TRUE,Joanna Fang,foley artist,FALSE,,
2023,Feature Documentary,American Symphony,FALSE,Tristan Baylis,sound editor,TRUE,,
2023,Feature Documentary,American Symphony,FALSE,Tom Paul,sound editor,TRUE,,
2023,Feature Documentary,American Symphony,FALSE,Leslie Bloome,foley artist,FALSE,,
2023,Feature Documentary,American Symphony,FALSE,Matt Snedecor,sound effects editor,FALSE,,
2023,Feature Documentary,American Symphony,FALSE,Mark Filip,sound effects editor,FALSE,,
2023,Feature Documentary,Mourning in Lod,FALSE,Yossi Appelbaum,sound editor,TRUE,,
2023,Feature Documentary,Mourning in Lod,FALSE,Lior Weitzman,sound editor,TRUE,,
2023,Feature Documentary,Mourning in Lod,FALSE,Yossi Appelbaum,sound designer,FALSE,,
2023,Feature Documentary,Still: A Michael J. Fox Movie,FALSE,Skip Lievsay,sound editor,TRUE,,
2023,Feature Documentary,Still: A Michael J. Fox Movie,FALSE,Rich Bologna,sound effects editor,FALSE,,
2023,Feature Documentary,Still: A Michael J. Fox Movie,FALSE,Michael Feuser,dialogue editor,FALSE,,
2023,Feature Documentary,Still: A Michael J. Fox Movie,FALSE,Matt Haasch,foley supervisor,TRUE,,
2023,Feature Documentary,Still: A Michael J. Fox Movie,FALSE,Heather Gross,foley editor,FALSE,,
2023,Feature Documentary,Still: A Michael J. Fox Movie,FALSE,Jay Peck,foley artist,FALSE,,
2023,Feature Documentary,Taylor Swift: The Eras Tour,FALSE,Phil DeTolve,sound editor,FALSE,,
2023,Feature Documentary,Taylor Swift: The Eras Tour,FALSE,David Cook,music supervisor,TRUE,,
2023,Feature Effects / Foley,Gran Turismo,FALSE,Kami Asgar,sound editor,TRUE,Sound Editing,
2023,Feature Effects / Foley,Gran Turismo,FALSE,Erin Oakley,sound editor,TRUE,Sound Editing,
2023,Feature Effects / Foley,Gran Turismo,FALSE,Charles Deenen,sound designer,FALSE,Sound Editing,
2023,Feature Effects / Foley,Gran Turismo,FALSE,Tim Gedemer,sound designer,FALSE,Sound Editing,
2023,Feature Effects / Foley,Gran Turismo,FALSE,Sam Fan,sound effects editor,FALSE,Sound Editing,
2023,Feature Effects / Foley,Gran Turismo,FALSE,Matt Cavanaugh,sound effects editor,FALSE,Sound Editing,
2023,Feature Effects / Foley,Gran Turismo,FALSE,Gary Hecker,foley artist,FALSE,Sound Editing,
2023,Feature Effects / Foley,Gran Turismo,FALSE,Mike Horton,foley artist,FALSE,Sound Editing,
2023,Feature Effects / Foley,Gran Turismo,FALSE,Jessica Parks,foley editor,FALSE,Sound Editing,
2023,Feature Effects / Foley,Ferrari,FALSE,Tony Lamberti,sound editor,TRUE,Sound Editing,
2023,Feature Effects / Foley,Ferrari,FALSE,Bernard Weiser,sound editor,TRUE,Sound Editing,
2023,Feature Effects / Foley,Ferrari,FALSE,David Wentz,sound designer,FALSE,Sound Editing,
2023,Feature Effects / Foley,Ferrari,FALSE,Brent Findley,sound effects editor,FALSE,Sound Editing,
2023,Feature Effects / Foley,Ferrari,FALSE,Steven Ticknor,sound effects editor,FALSE,Sound Editing,
2023,Feature Effects / Foley,Ferrari,FALSE,Benjamin Cook,sound effects editor,FALSE,Sound Editing,
2023,Feature Effects / Foley,Ferrari,FALSE,Beso Kacharava,foley editor,TRUE,Sound Editing,
2023,Feature Effects / Foley,Ferrari,FALSE,Biko Gogaladze,foley artist,FALSE,Sound Editing,
2023,Feature Effects / Foley,Ferrari,FALSE,Alexander Sanikidze,foley editor,FALSE,Sound Editing,
2023,Feature Effects / Foley,Ferrari,FALSE,Rati Chkhetiani,foley editor,FALSE,Sound Editing,
2023,Feature Effects / Foley,John Wick: Chapter 4,FALSE,Paul Soucek,sound editor,TRUE,Sound Editing,
2023,Feature Effects / Foley,John Wick: Chapter 4,FALSE,Mark Stoeckinger,sound designer,FALSE,Sound Editing,
2023,Feature Effects / Foley,John Wick: Chapter 4,FALSE,Luke Gibleon,sound designer,FALSE,Sound Editing,
2023,Feature Effects / Foley,John Wick: Chapter 4,FALSE,Olivia Xiao'ou Zhang,sound designer,FALSE,Sound Editing,
2023,Feature Effects / Foley,John Wick: Chapter 4,FALSE,Stephen Robinson,sound designer,FALSE,Sound Editing,
2023,Feature Effects / Foley,John Wick: Chapter 4,FALSE,Gael Nicolas,sound designer,FALSE,Sound Editing,
2023,Feature Effects / Foley,John Wick: Chapter 4,FALSE,Casey Genton,sound effects editor,FALSE,Sound Editing,
2023,Feature Effects / Foley,John Wick: Chapter 4,FALSE,Nicolas Interlandi,sound effects editor,FALSE,Sound Editing,
2023,Feature Effects / Foley,Napoleon,FALSE,Oliver Tarney,sound editor,TRUE,Sound Editing,
2023,Feature Effects / Foley,Napoleon,FALSE,James Harrison,sound editor,TRUE,Sound Editing,
2023,Feature Effects / Foley,Napoleon,FALSE,Mike Fentum,sound designer,FALSE,Sound Editing,
2023,Feature Effects / Foley,Napoleon,FALSE,Hugo Adams,sound designer,FALSE,Sound Editing,
2023,Feature Effects / Foley,Napoleon,FALSE,Aran Clifford,sound effects editor,FALSE,Sound Editing,
2023,Feature Effects / Foley,Napoleon,FALSE,Kevin Penney,sound effects editor,FALSE,Sound Editing,
2023,Feature Effects / Foley,Napoleon,FALSE,Rowan Watson,sound effects editor,FALSE,Sound Editing,
2023,Feature Effects / Foley,Napoleon,FALSE,Oliver Ferris,foley artist,FALSE,Sound Editing,
2023,Feature Effects / Foley,Napoleon,FALSE,Sue Harding,foley artist,FALSE,Sound Editing,
2023,Feature Effects / Foley,Oppenheimer,TRUE,Richard King,sound editor,TRUE,Sound Editing,
2023,Feature Effects / Foley,Oppenheimer,TRUE,Michael Mitchell,sound effects editor,FALSE,Sound Editing,
2023,Feature Effects / Foley,Oppenheimer,TRUE,Randy Torres,sound designer,FALSE,Sound Editing,
2023,Feature Effects / Foley,Oppenheimer,TRUE,Christopher Flick,foley editor,TRUE,Sound Editing,
2023,Feature Effects / Foley,Oppenheimer,TRUE,Dan O'Connell,foley artist,FALSE,Sound Editing,
2023,Feature Effects / Foley,Oppenheimer,TRUE,John Cucci,foley artist,FALSE,Sound Editing,
2023,Feature Effects / Foley,The Killer,FALSE,Ren Klyce,sound designer,FALSE,Sound Editing,
2023,Feature Effects / Foley,The Killer,FALSE,Jonathon Stevens,sound effects editor,FALSE,Sound Editing,
2023,Feature Effects / Foley,The Killer,FALSE,Malcolm Fife,sound effects editor,FALSE,Sound Editing,
2023,Feature Effects / Foley,The Killer,FALSE,Jeremy Molod,sound editor,TRUE,Sound Editing,
2023,Feature Effects / Foley,The Killer,FALSE,Thom Brennan,foley editor,TRUE,Sound Editing,
2023,Feature Effects / Foley,The Killer,FALSE,Dee Selby,foley editor,FALSE,Sound Editing,
2023,Feature Effects / Foley,The Killer,FALSE,Shelley Roden,foley artist,FALSE,Sound Editing,
2023,Feature Effects / Foley,The Killer,FALSE,John Roesch,foley artist,FALSE,Sound Editing,
2023,Foreign Language Feature,Anatomy of a Fall,FALSE,Fanny Martin,sound editor,FALSE,,
2023,Foreign Language Feature,Anatomy of a Fall,FALSE,Jeanne Delplancq,sound editor,FALSE,,
2023,Foreign Language Feature,Godzilla Minus One,FALSE,Natsuko Inoue,foley artist,FALSE,,
2023,Foreign Language Feature,Society of the Snow,TRUE,Oriol Tarragó,sound editor,TRUE,,
2023,Foreign Language Feature,Society of the Snow,TRUE,Iosu Martinez,sound editor,TRUE,,
2023,Foreign Language Feature,Society of the Snow,TRUE,Guillem Giró,sound editor,TRUE,,
2023,Foreign Language Feature,Society of the Snow,TRUE,Erik Vidal,foley artist,FALSE,,
2023,Foreign Language Feature,Society of the Snow,TRUE,Kiku Vidal,foley artist,FALSE,,
2023,Foreign Language Feature,Society of the Snow,TRUE,Sarah Romero,sound editor,FALSE,,
2023,Foreign Language Feature,Society of the Snow,TRUE,Marc Bech,sound editor,FALSE,,
2023,Foreign Language Feature,Society of the Snow,TRUE,Brendan Golden,sound editor,FALSE,,
2023,Foreign Language Feature,Society of the Snow,TRUE,Oriol Tarragó,sound designer,FALSE,,
2023,Foreign Language Feature,Society of the Snow,TRUE,John Finklea,music editor,FALSE,,
2023,Foreign Language Feature,The Zone of Interest,FALSE,Johnnie Burn,sound editor,TRUE,,
2023,Foreign Language Feature,The Zone of Interest,FALSE,Simon Carroll,sound effects editor,FALSE,,
2023,Foreign Language Feature,The Zone of Interest,FALSE,Max Behrens,sound effects editor,FALSE,,
2023,Foreign Language Feature,The Zone of Interest,FALSE,Joe Mount,sound effects editor,FALSE,,
2023,Foreign Language Feature,The Zone of Interest,FALSE,Brendan Feeney,sound effects editor,FALSE,,
2023,Foreign Language Feature,The Zone of Interest,FALSE,Ewa Mazurkiewicz,foley editor,FALSE,,
2023,Foreign Language Feature,The Zone of Interest,FALSE,Natalia Lubowiecka,foley editor,FALSE,,
2023,Foreign Language Feature,The Zone of Interest,FALSE,Dawid Konecki,foley editor,FALSE,,
2023,Foreign Language Feature,The Zone of Interest,FALSE,Kamil Kwiatkowski,foley editor,FALSE,,
2023,Music Editing – Documentary,American Symphony,FALSE,Ignacio Bonet,lead music editor,FALSE,,
2023,Music Editing – Documentary,Pianoforte,TRUE,Michal Fojcik,music editor,TRUE,,
2023,Music Editing – Documentary,Pianoforte,TRUE,Joanna Popowicz,music editor,FALSE,,
2023,Music Editing – Documentary,Still: A Michael J. Fox Movie,FALSE,Bill Bernstein,music editor,FALSE,,
2023,Music Editing – Documentary,Wham!,FALSE,Greg Gettens,music editor,FALSE,,
2023,Music Editing – Feature Motion Picture,Barbie,FALSE,Suzana Perić,music editor,TRUE,,
2023,Music Editing – Feature Motion Picture,Barbie,FALSE,Mick Gormaley,music editor,FALSE,,
2023,Music Editing – Feature Motion Picture,Creed III,FALSE,Nicholas Fitzgerald,music editor,FALSE,,
2023,Music Editing – Feature Motion Picture,Maestro,TRUE,Jason Ruder,music editor,TRUE,,
2023,Music Editing – Feature Motion Picture,Maestro,TRUE,Victoria Ruggiero,music editor,FALSE,,
2023,Music Editing – Feature Motion Picture,Oppenheimer,FALSE,Amanda Goodpaster,music editor,TRUE,,
2023,Music Editing – Feature Motion Picture,Oppenheimer,FALSE,Felipe Pacheco,music editor,FALSE,,
2023,Music Editing – Feature Motion Picture,Oppenheimer,FALSE,Alex Gibson,music editor,FALSE,,
2023,Music Editing – Feature Motion Picture,Spider-Man: Across the Spider-Verse,FALSE,Katie Greathouse,music editor,TRUE,,
2023,Music Editing – Feature Motion Picture,Spider-Man: Across the Spider-Verse,FALSE,Barbara McDermott,music editor,FALSE,,
2023,Music Editing – Feature Motion Picture,Wonka,FALSE,Katrina Schiller,music editor,TRUE,,
2023,Music Editing – Feature Motion Picture,Wonka,FALSE,Mark Willsher,music editor,FALSE,,
2023,Music Editing – Feature Motion Picture,Wonka,FALSE,Michael Connell,music editor,FALSE,,
2023,Music Editing – Feature Motion Picture,Wonka,FALSE,Janet Grab,music editor,FALSE,,
2020,Dialogue and ADR for Feature Film,The Trial of the Chicago 7,TRUE,Jeena Schoenke,dialogue editor,FALSE,Sound Editing,
2020,Dialogue and ADR for Feature Film,The Trial of the Chicago 7,TRUE,Jon Michaels,dialogue editor,FALSE,Sound Editing,
2020,Dialogue and ADR for Feature Film,The Trial of the Chicago 7,TRUE,Michael Hertlein,dialogue editor,FALSE,Sound Editing,
2020,Dialogue and ADR for Feature Film,The Trial of the Chicago 7,TRUE,Renée Tondelli,sound,TRUE,Sound Editing,
2020,Dialogue and ADR for Feature Film,The Trial of the Chicago 7,TRUE,Renée Tondelli,adr editor,FALSE,Sound Editing,
2020,Dialogue and ADR for Feature Film,Emperor,FALSE,D. Chris Smoth,sound editor,TRUE,Sound Editing,
2020,Dialogue and ADR for Feature Film,Emperor,FALSE,Glenn Morgan,sound editor,TRUE,Sound Editing,
2020,Dialogue and ADR for Feature Film,Emperor,FALSE,Robert Jackson,dialogue editor,FALSE,Sound Editing,
2020,Dialogue and ADR for Feature Film,Greyhound,FALSE,Dave McMoyler,adr editor,TRUE,Sound Editing,
2020,Dialogue and ADR for Feature Film,Greyhound,FALSE,David Tichauer,dialogue editor,FALSE,Sound Editing,
2020,Dialogue and ADR for Feature Film,Greyhound,FALSE,Michael Minkler,sound editor,TRUE,Sound Editing,
2020,Dialogue and ADR for Feature Film,Greyhound,FALSE,Michelle Pazer,dialogue editor,FALSE,Sound Editing,
2020,Dialogue and ADR for Feature Film,Greyhound,FALSE,Paul Carden,dialogue editor,FALSE,Sound Editing,
2020,Dialogue and ADR for Feature Film,Greyhound,FALSE,Warren Shaw,sound editor,TRUE,Sound Editing,
2020,Dialogue and ADR for Feature Film,Greyhound,FALSE,Will Digby,sound editor,TRUE,Sound Editing,
2020,Dialogue and ADR for Feature Film,Ma Rainey's Black Bottom,FALSE,Lidia Tamplenizza,adr editor,TRUE,Sound Editing,
2020,Dialogue and ADR for Feature Film,Ma Rainey's Black Bottom,FALSE,Michael Feuser,dialogue editor,FALSE,Sound Editing,
2020,Dialogue and ADR for Feature Film,Ma Rainey's Black Bottom,FALSE,Paul Urmson,sound editor,TRUE,Sound Editing,
2020,Dialogue and ADR for Feature Film,Ma Rainey's Black Bottom,FALSE,Skip Lievsay,sound editor,TRUE,Sound Editing,
2020,Dialogue and ADR for Feature Film,Mank,FALSE,Cameron Barker,dialoge editor,FALSE,Sound Editing,
2020,Dialogue and ADR for Feature Film,Mank,FALSE,Jeremy Molod,sound editor,TRUE,Sound Editing,
2020,Dialogue and ADR for Feature Film,Mank,FALSE,Kim Foscato,dialoge editor,FALSE,Sound Editing,
2020,Dialogue and ADR for Feature Film,Mank,FALSE,Lisa Chino,dialoge editor,FALSE,Sound Editing,
2020,Dialogue and ADR for Feature Film,Mank,FALSE,Ren Klyce,sound editor,TRUE,Sound Editing,
2020,Dialogue and ADR for Feature Film,Mank,FALSE,Richard Quinn,adr editor,TRUE,Sound Editing,
2020,Dialogue and ADR for Feature Film,News of the World,FALSE,Anna MacKenzie,adr editor,TRUE,Sound Editing,
2020,Dialogue and ADR for Feature Film,News of the World,FALSE,Oliver Tarney,sound editor,TRUE,Sound Editing,
2020,Dialogue and ADR for Feature Film,News of the World,FALSE,Rachael Tate,dialogue editor,TRUE,Sound Editing,
2020,Dialogue and ADR for Feature Film,Nomadland,FALSE,Sergio Díaz,sound editor,TRUE,Sound Editing,
2020,Dialogue and ADR for Feature Film,Nomadland,FALSE,Zach Seivers,sound editor,TRUE,Sound Editing,
2020,Dialogue and ADR for Feature Film,Sound of Metal,FALSE,Carolina Santana,adr editor,TRUE,Sound Editing,
2020,Dialogue and ADR for Feature Film,Sound of Metal,FALSE,Michelle Couttolenc,dialogue editor,FALSE,Sound Editing,
2020,Dialogue and ADR for Feature Film,Sound of Metal,FALSE,Nicolas Becker,sound editor,TRUE,Sound Editing,
2020,Feature Underscore,Tenet,TRUE,Alex Gibson,music editor,TRUE,,
2020,Feature Underscore,Tenet,TRUE,Nicholas Fitzgerald,music artist,FALSE,,
2020,Feature Underscore,News of the World,FALSE,Arabella Winter,music editor,TRUE,,
2020,Feature Underscore,News of the World,FALSE,David Olson,music editor,FALSE,,
2020,Feature Underscore,News of the World,FALSE,Jim Weidman,music editor,FALSE,,
2020,Feature Underscore,Sound of Metal,FALSE,Abraham Marder,scoring editor,FALSE,,
2020,Feature Underscore,Sound of Metal,FALSE,Carolina Santana,music editor,TRUE,,
2020,Feature Underscore,Sound of Metal,FALSE,Nicolas Becker,scoring editor,FALSE,,
2020,Feature Underscore,The Invisible Man,FALSE,Brett “Snacky” Pierce,music editor,TRUE,,
2020,Feature Underscore,The Invisible Man,FALSE,Devaughn Watts,sound editor,FALSE,,
2020,Feature Underscore,The Midnight Sky,FALSE,Michael Alexander,music editor,TRUE,,
2020,Feature Underscore,The Midnight Sky,FALSE,Peter Clarke,scoring editor,FALSE,,
2020,Feature Underscore,The Trial of the Chicago 7,FALSE,Allegra de Souza,music editor,FALSE,,
2020,Feature Underscore,Wonder Woman 1984,FALSE,Adam Miller,scoring editor,FALSE,,
2020,Feature Underscore,Wonder Woman 1984,FALSE,Alfredo Pasquel,scoring editor,FALSE,,
2020,Feature Underscore,Wonder Woman 1984,FALSE,Chris Barrett,scoring editor,FALSE,,
2020,Feature Underscore,Wonder Woman 1984,FALSE,Gerard McCann,music editor,TRUE,,
2020,Feature Underscore,Wonder Woman 1984,FALSE,Michael Connell,music editor,FALSE,,
2020,Feature Underscore,Wonder Woman 1984,FALSE,Ryan Rubin,music editor,TRUE,,
2020,Feature Underscore,Wonder Woman 1984,FALSE,Timeri Duplat,music editor,FALSE,,
2020,Musical for Feature Film,Eurovision Song Contest: The Story of Fire Saga,TRUE,Allegra De Souza,music editor,FALSE,,
2020,Musical for Feature Film,Eurovision Song Contest: The Story of Fire Saga,TRUE,Jon Mooney,music editor,FALSE,,
2020,Musical for Feature Film,Eurovision Song Contest: The Story of Fire Saga,TRUE,Peter Oso Snell,music editor,FALSE,,
2020,Musical for Feature Film,I Am Woman,FALSE,Bry Jones,music editor,FALSE,,
2020,Musical for Feature Film,I Am Woman,FALSE,Michael Tan,music editor,FALSE,,
2020,Musical for Feature Film,I Am Woman,FALSE,Stuart Morton,music editor,TRUE,,
2020,Musical for Feature Film,Ma Rainey's Black Bottom,FALSE,Tim Marchiafava,music editor,FALSE,,
2020,Musical for Feature Film,Ma Rainey's Black Bottom,FALSE,Todd Kasow,music editor,TRUE,,
2020,Musical for Feature Film,The 40-Year-Old Version,FALSE,Lightchild,music editor,FALSE,,
2020,Musical for Feature Film,The High Note,FALSE,Louis Schultz,music editor,FALSE,,
2020,Musical for Feature Film,The Prom,FALSE,David Klotz,music editor,FALSE,,
2020,Musical for Feature Film,The Prom,FALSE,Nick Baxter,music editor,FALSE,,
2020,Sound Effects and Foley for Feature Film,Greyhound,TRUE,Ann Scibelli,sound designer,FALSE,Sound Editing,
2020,Sound Effects and Foley for Feature Film,Greyhound,TRUE,Jason King,sound effects editor,FALSE,Sound Editing,
2020,Sound Effects and Foley for Feature Film,Greyhound,TRUE,Jon Title,sound designer,FALSE,Sound Editing,
2020,Sound Effects and Foley for Feature Film,Greyhound,TRUE,Luke Gibleon,foley editor,FALSE,Sound Editing,
2020,Sound Effects and Foley for Feature Film,Greyhound,TRUE,Marko Costanzo,foley artist,FALSE,Sound Editing,
2020,Sound Effects and Foley for Feature Film,Greyhound,TRUE,Michael Minkler,sound editor,TRUE,Sound Editing,
2020,Sound Effects and Foley for Feature Film,Greyhound,TRUE,Odin Benitez,sound effects editor,FALSE,Sound Editing,
2020,Sound Effects and Foley for Feature Film,Greyhound,TRUE,Richard Kitting,sound effects editor,FALSE,Sound Editing,
2020,Sound Effects and Foley for Feature Film,Greyhound,TRUE,Warren Shaw,sound editor,TRUE,Sound Editing,
2020,Sound Effects and Foley for Feature Film,Greyhound,TRUE,Will Digby,sound editor,TRUE,Sound Editing,
2020,Sound Effects and Foley for Feature Film,Cherry,FALSE,Donald Flick,sound effects editor,FALSE,Sound Editing,
2020,Sound Effects and Foley for Feature Film,Cherry,FALSE,Mark Binder,sound editor,TRUE,Sound Editing,
2020,Sound Effects and Foley for Feature Film,Cherry,FALSE,Matthew Coby,sound effects editor,FALSE,Sound Editing,
2020,Sound Effects and Foley for Feature Film,Cherry,FALSE,Michael Gilbert,sound effects editor,FALSE,Sound Editing,
2020,Sound Effects and Foley for Feature Film,News of the World,FALSE,Andrea King,foley artist,FALSE,Sound Editing,
2020,Sound Effects and Foley for Feature Film,News of the World,FALSE,Dawn Gough,sound effects editor,FALSE,Sound Editing,
2020,Sound Effects and Foley for Feature Film,News of the World,FALSE,Hugo Adams,foley editor,FALSE,Sound Editing,
2020,Sound Effects and Foley for Feature Film,News of the World,FALSE,Kevin Penney,sound effects editor,FALSE,Sound Editing,
2020,Sound Effects and Foley for Feature Film,News of the World,FALSE,Mike Fentum,sound designer,FALSE,Sound Editing,
2020,Sound Effects and Foley for Feature Film,News of the World,FALSE,Oliver Ferris,foley artist,FALSE,Sound Editing,
2020,Sound Effects and Foley for Feature Film,News of the World,FALSE,Oliver Tarney,sound editor,TRUE,Sound Editing,
2020,Sound Effects and Foley for Feature Film,News of the World,FALSE,Sue Harding,foley artist,FALSE,Sound Editing,
2020,Sound Effects and Foley for Feature Film,Sound of Metal,FALSE,Carolina Santana,sound effects editor,FALSE,Sound Editing,
2020,Sound Effects and Foley for Feature Film,Sound of Metal,FALSE,Heikke Kossi,foley artist,FALSE,Sound Editing,
2020,Sound Effects and Foley for Feature Film,Sound of Metal,FALSE,Nicolas Becker,sound editor,TRUE,Sound Editing,
2020,Sound Effects and Foley for Feature Film,Sound of Metal,FALSE,Pietu Korhonen,foley editor,FALSE,Sound Editing,
2020,Sound Effects and Foley for Feature Film,Tenet,FALSE,Alyson Dee Moore,foley artist,FALSE,Sound Editing,
2020,Sound Effects and Foley for Feature Film,Tenet,FALSE,Angela Ang,foley editor,FALSE,Sound Editing,
2020,Sound Effects and Foley for Feature Film,Tenet,FALSE,Bruce Tanis,foley editor,FALSE,Sound Editing,
2020,Sound Effects and Foley for Feature Film,Tenet,FALSE,Catherine Harper,foley artist,FALSE,Sound Editing,
2020,Sound Effects and Foley for Feature Film,Tenet,FALSE,Chris Moriana,foley artist,FALSE,Sound Editing,
2020,Sound Effects and Foley for Feature Film,Tenet,FALSE,Dan O’Connell,foley artist,FALSE,Sound Editing,
2020,Sound Effects and Foley for Feature Film,Tenet,FALSE,John Cucci,foley artist,FALSE,Sound Editing,
2020,Sound Effects and Foley for Feature Film,Tenet,FALSE,John Roesch,foley artist,FALSE,Sound Editing,
2020,Sound Effects and Foley for Feature Film,Tenet,FALSE,Joseph Fraioli,sound effects editor,FALSE,Sound Editing,
2020,Sound Effects and Foley for Feature Film,Tenet,FALSE,Katie Rose,foley artist,FALSE,Sound Editing,
2020,Sound Effects and Foley for Feature Film,Tenet,FALSE,Mark Larry,sound effects editor,FALSE,Sound Editing,
2020,Sound Effects and Foley for Feature Film,Tenet,FALSE,Michael W. Mitchell,sound effects editor,FALSE,Sound Editing,
2020,Sound Effects and Foley for Feature Film,Tenet,FALSE,Richard King,sound editor,TRUE,Sound Editing,
2020,Sound Effects and Foley for Feature Film,Tenet,FALSE,Shelley Roden,foley artist,FALSE,Sound Editing,
2020,Sound Effects and Foley for Feature Film,The Midnight Sky,FALSE,Bjørn Schroeder,sound editor,TRUE,Sound Editing,
2020,Sound Effects and Foley for Feature Film,The Midnight Sky,FALSE,John Roesch,foley artist,FALSE,Sound Editing,
2020,Sound Effects and Foley for Feature Film,The Midnight Sky,FALSE,Kyrsten Mate,sound designer,FALSE,Sound Editing,
2020,Sound Effects and Foley for Feature Film,The Midnight Sky,FALSE,Leff Lefferts,sound effects editor,FALSE,Sound Editing,
2020,Sound Effects and Foley for Feature Film,The Midnight Sky,FALSE,Nicholas Docter,foley editor,FALSE,Sound Editing,
2020,Sound Effects and Foley for Feature Film,The Midnight Sky,FALSE,Randy Thom,sound editor,TRUE,Sound Editing,
2020,Sound Effects and Foley for Feature Film,The Midnight Sky,FALSE,Shelley Roden,foley artist,FALSE,Sound Editing,
2020,Sound Effects and Foley for Feature Film,Wonder Woman 1984,FALSE,Jeff Sawyer,sound effects editor,FALSE,Sound Editing,
2020,Sound Effects and Foley for Feature Film,Wonder Woman 1984,FALSE,Jimmy Boyle,sound editor,TRUE,Sound Editing,
2020,Sound Effects and Foley for Feature Film,Wonder Woman 1984,FALSE,Kevin Penney,foley editor,FALSE,Sound Editing,
2020,Sound Effects and Foley for Feature Film,Wonder Woman 1984,FALSE,Lily Blazewicz,foley editor,FALSE,Sound Editing,
2020,Sound Effects and Foley for Feature Film,Wonder Woman 1984,FALSE,Michael Babcock,sound effects editor,FALSE,Sound Editing,
2020,Sound Effects and Foley for Feature Film,Wonder Woman 1984,FALSE,Peter Burgess,foley artist,FALSE,Sound Editing,
2020,Sound Effects and Foley for Feature Film,Wonder Woman 1984,FALSE,Richard King,sound editor,TRUE,Sound Editing,
2020,Sound Effects and Foley for Feature Film,Wonder Woman 1984,FALSE,Rowan Watson,sound effects editor,FALSE,Sound Editing,
2020,Sound Effects and Foley for Feature Film,Wonder Woman 1984,FALSE,Zoe Freed,foley artist,FALSE,Sound Editing,
2020,"Sound Effects, Foley, Dialogue and ADR for Animated Feature Film",Soul,TRUE,Cheryl Nardi,dialogue editor,TRUE,,
2020,"Sound Effects, Foley, Dialogue and ADR for Animated Feature Film",Soul,TRUE,Coya Elliott,sound editor,TRUE,,
2020,"Sound Effects, Foley, Dialogue and ADR for Animated Feature Film",Soul,TRUE,Dee Selby,foley artist,FALSE,,
2020,"Sound Effects, Foley, Dialogue and ADR for Animated Feature Film",Soul,TRUE,John Roesch,foley artist,FALSE,,
2020,"Sound Effects, Foley, Dialogue and ADR for Animated Feature Film",Soul,TRUE,Jonathan Stevens,sound effects editor,FALSE,,
2020,"Sound Effects, Foley, Dialogue and ADR for Animated Feature Film",Soul,TRUE,Kimberly Patrick,sound effects editor,FALSE,,
2020,"Sound Effects, Foley, Dialogue and ADR for Animated Feature Film",Soul,TRUE,Ren Klyce,sound designer,FALSE,,
2020,"Sound Effects, Foley, Dialogue and ADR for Animated Feature Film",Soul,TRUE,Shelley Roden,foley artist,FALSE,,
2020,"Sound Effects, Foley, Dialogue and ADR for Animated Feature Film",Soul,TRUE,Steve Orlando,sound effects editor,FALSE,,
2020,"Sound Effects, Foley, Dialogue and ADR for Animated Feature Film",Soul,TRUE,Thom Brennan,foley editor,FALSE,,
2020,"Sound Effects, Foley, Dialogue and ADR for Animated Feature Film",Onward,FALSE,Chris Gridley,dialogue editor,TRUE,,
2020,"Sound Effects, Foley, Dialogue and ADR for Animated Feature Film",Onward,FALSE,Christopher Flick,foley editor,FALSE,,
2020,"Sound Effects, Foley, Dialogue and ADR for Animated Feature Film",Onward,FALSE,David C. Hughes,sound effects editor,FALSE,,
2020,"Sound Effects, Foley, Dialogue and ADR for Animated Feature Film",Onward,FALSE,Erich Stratmann,music editor,FALSE,,
2020,"Sound Effects, Foley, Dialogue and ADR for Animated Feature Film",Onward,FALSE,John Roesch,foley artist,FALSE,,
2020,"Sound Effects, Foley, Dialogue and ADR for Animated Feature Film",Onward,FALSE,Josh Gold,sound effects editor,FALSE,,
2020,"Sound Effects, Foley, Dialogue and ADR for Animated Feature Film",Onward,FALSE,Kimberly Patrick,sound effects editor,FALSE,,
2020,"Sound Effects, Foley, Dialogue and ADR for Animated Feature Film",Onward,FALSE,Nia Hansen,sound designer,FALSE,,
2020,"Sound Effects, Foley, Dialogue and ADR for Animated Feature Film",Onward,FALSE,Samson Neslund,sound effects editor,FALSE,,
2020,"Sound Effects, Foley, Dialogue and ADR for Animated Feature Film",Onward,FALSE,Shannon Mills,sound editor,TRUE,,
2020,"Sound Effects, Foley, Dialogue and ADR for Animated Feature Film",Onward,FALSE,Shelley Roden,foley artist,FALSE,,
2020,"Sound Effects, Foley, Dialogue and ADR for Animated Feature Film",Onward,FALSE,Steve Orlando,foley editor,FALSE,,
2020,"Sound Effects, Foley, Dialogue and ADR for Animated Feature Film",Over the Moon,FALSE,Alyssa Nevarez,foley editor,FALSE,,
2020,"Sound Effects, Foley, Dialogue and ADR for Animated Feature Film",Over the Moon,FALSE,Bradley Farmer,music editor,FALSE,,
2020,"Sound Effects, Foley, Dialogue and ADR for Animated Feature Film",Over the Moon,FALSE,Chris Frazier,foley editor,FALSE,,
2020,"Sound Effects, Foley, Dialogue and ADR for Animated Feature Film",Over the Moon,FALSE,Dee Selby,foley editor,FALSE,,
2020,"Sound Effects, Foley, Dialogue and ADR for Animated Feature Film",Over the Moon,FALSE,Jana Vance,foley artist,FALSE,,
2020,"Sound Effects, Foley, Dialogue and ADR for Animated Feature Film",Over the Moon,FALSE,Jeremy Bowker,sound editor,TRUE,,
2020,"Sound Effects, Foley, Dialogue and ADR for Animated Feature Film",Over the Moon,FALSE,Larry Oatfield,foley editor,FALSE,,
2020,"Sound Effects, Foley, Dialogue and ADR for Animated Feature Film",Over the Moon,FALSE,Qianbaihui Yang,sound editor,TRUE,,
2020,"Sound Effects, Foley, Dialogue and ADR for Animated Feature Film",Over the Moon,FALSE,Ronni Brown,foley artist,FALSE,,
2020,"Sound Effects, Foley, Dialogue and ADR for Animated Feature Film",The Croods: A New Age,FALSE,Brian Chumney,sound editor,TRUE,,
2020,"Sound Effects, Foley, Dialogue and ADR for Animated Feature Film",The Croods: A New Age,FALSE,Dee Selby,foley editor,FALSE,,
2020,"Sound Effects, Foley, Dialogue and ADR for Animated Feature Film",The Croods: A New Age,FALSE,Dominick Certo,music editor,TRUE,,
2020,"Sound Effects, Foley, Dialogue and ADR for Animated Feature Film",The Croods: A New Age,FALSE,Doug Winningham,foley editor,FALSE,,
2020,"Sound Effects, Foley, Dialogue and ADR for Animated Feature Film",The Croods: A New Age,FALSE,Janna Vance,foley editor,FALSE,,
2020,"Sound Effects, Foley, Dialogue and ADR for Animated Feature Film",The Croods: A New Age,FALSE,John Roesch,foley editor,FALSE,,
2020,"Sound Effects, Foley, Dialogue and ADR for Animated Feature Film",The Croods: A New Age,FALSE,Jonathan Greber,dialogue editor,FALSE,,
2020,"Sound Effects, Foley, Dialogue and ADR for Animated Feature Film",The Croods: A New Age,FALSE,Leff Lefferts,sound editor,TRUE,,
2020,"Sound Effects, Foley, Dialogue and ADR for Animated Feature Film",The Croods: A New Age,FALSE,Mac Smith,sound effects editor,FALSE,,
2020,"Sound Effects, Foley, Dialogue and ADR for Animated Feature Film",The Croods: A New Age,FALSE,Pascal Garneau,sound effects editor,FALSE,,
2020,"Sound Effects, Foley, Dialogue and ADR for Animated Feature Film",The Croods: A New Age,FALSE,Randy Thom,sound designer,FALSE,,
2020,"Sound Effects, Foley, Dialogue and ADR for Animated Feature Film",The Croods: A New Age,FALSE,Rick Hromadka,sound designer,FALSE,,
2020,"Sound Effects, Foley, Dialogue and ADR for Animated Feature Film",The Croods: A New Age,FALSE,Ronni Brown,foley editor,FALSE,,
2020,"Sound Effects, Foley, Dialogue and ADR for Animated Feature Film",The Croods: A New Age,FALSE,Shelley Roden,foley editor,FALSE,,
2020,"Sound Effects, Foley, Dialogue and ADR for Animated Feature Film",Wolfwalkers,FALSE,Alexandre Fleurant,sound effects editor,FALSE,,
2020,"Sound Effects, Foley, Dialogue and ADR for Animated Feature Film",Wolfwalkers,FALSE,Anne-Lyse Haddak,dialogue editor,FALSE,,
2020,"Sound Effects, Foley, Dialogue and ADR for Animated Feature Film",Wolfwalkers,FALSE,Axel Steichen,sound effects editor,FALSE,,
2020,"Sound Effects, Foley, Dialogue and ADR for Animated Feature Film",Wolfwalkers,FALSE,Baptiste Bouche,sound effects editor,FALSE,,
2020,"Sound Effects, Foley, Dialogue and ADR for Animated Feature Film",Wolfwalkers,FALSE,Bruno Seznec,sound editor,TRUE,,
2020,"Sound Effects, Foley, Dialogue and ADR for Animated Feature Film",Wolfwalkers,FALSE,Christian Seznec,sound editor,TRUE,,
2020,"Sound Effects, Foley, Dialogue and ADR for Animated Feature Film",Wolfwalkers,FALSE,Felix Davin,sound effects editor,FALSE,,
2020,"Sound Effects, Foley, Dialogue and ADR for Animated Feature Film",Wolfwalkers,FALSE,Florian Fabre,foley artist,FALSE,,
2020,"Sound Effects, Foley, Dialogue and ADR for Animated Feature Film",Wolfwalkers,FALSE,Sebastien Marquilly,sound editor,TRUE,,
2020,"Sound Effects, Foley, Dialogue and ADR for Animated Feature Film",Wolfwalkers,FALSE,Stéphane Werner,foley editor,FALSE,,
2020,"Sound Effects, Foley, Dialogue and ADR for Foreign Language Feature Film",The Eight Hundred,TRUE,Ai Long Tan,dialogue editor,FALSE,,China
2020,"Sound Effects, Foley, Dialogue and ADR for Foreign Language Feature Film",The Eight Hundred,TRUE,Fei Yu,music editor,FALSE,,China
2020,"Sound Effects, Foley, Dialogue and ADR for Foreign Language Feature Film",The Eight Hundred,TRUE,Kang Fu,sound designer,TRUE,,China
2020,"Sound Effects, Foley, Dialogue and ADR for Foreign Language Feature Film",The Eight Hundred,TRUE,Kang Fu,editor,FALSE,,China
2020,"Sound Effects, Foley, Dialogue and ADR for Foreign Language Feature Film",The Eight Hundred,TRUE,Steve Miller,sound effects editor,FALSE,,China
2020,"Sound Effects, Foley, Dialogue and ADR for Foreign Language Feature Film",Bacurau,FALSE,Matheus Miguens,sound effects editor,FALSE,,Brazil
2020,"Sound Effects, Foley, Dialogue and ADR for Foreign Language Feature Film",Bacurau,FALSE,Pedro Coelho,foley artist,FALSE,,Brazil
2020,"Sound Effects, Foley, Dialogue and ADR for Foreign Language Feature Film",Bacurau,FALSE,Rafael Faustino,foley editor,FALSE,,Brazil
2020,"Sound Effects, Foley, Dialogue and ADR for Foreign Language Feature Film",Bacurau,FALSE,Ricardo Cutz Gaudenzi,sound editor,TRUE,,Brazil
2020,"Sound Effects, Foley, Dialogue and ADR for Foreign Language Feature Film",Bacurau,FALSE,Victor Quintanilha,dialogue editor,FALSE,,Brazil
2020,"Sound Effects, Foley, Dialogue and ADR for Foreign Language Feature Film",I'm No Longer Here,FALSE,Javier Umpierrez,sound editor,TRUE,,Mexico
2020,"Sound Effects, Foley, Dialogue and ADR for Foreign Language Feature Film",I'm No Longer Here,FALSE,Javier Umpierrez,music editor,FALSE,,Mexico
2020,"Sound Effects, Foley, Dialogue and ADR for Foreign Language Feature Film",I'm No Longer Here,FALSE,Juan Sosa Rosell,dialogue editor,FALSE,,Mexico
2020,"Sound Effects, Foley, Dialogue and ADR for Foreign Language Feature Film",I'm No Longer Here,FALSE,Lía Perez,foley editor,FALSE,,Mexico
2020,"Sound Effects, Foley, Dialogue and ADR for Foreign Language Feature Film",I'm No Longer Here,FALSE,Marisela Suárez,foley artist,FALSE,,Mexico
2020,"Sound Effects, Foley, Dialogue and ADR for Foreign Language Feature Film",Jallikattu,FALSE,Amandeep Singh,foley artist,FALSE,,India
2020,"Sound Effects, Foley, Dialogue and ADR for Foreign Language Feature Film",Jallikattu,FALSE,Arun Rama Varma,sound effects editor,FALSE,,India
2020,"Sound Effects, Foley, Dialogue and ADR for Foreign Language Feature Film",Jallikattu,FALSE,Boney M. Joy,sound effects editor,FALSE,,India
2020,"Sound Effects, Foley, Dialogue and ADR for Foreign Language Feature Film",Jallikattu,FALSE,Mohammad Iqbal Paratwada,foley artist,FALSE,,India
2020,"Sound Effects, Foley, Dialogue and ADR for Foreign Language Feature Film",Jallikattu,FALSE,Renganaath Ravee,sound editor,TRUE,,India
2020,"Sound Effects, Foley, Dialogue and ADR for Foreign Language Feature Film",Jallikattu,FALSE,Sreejith Sreenivasan,sound effects editor,FALSE,,India
2020,"Sound Effects, Foley, Dialogue and ADR for Foreign Language Feature Film",The Life Ahead,FALSE,Maurizio Argentieri,sound designer,TRUE,,Italy
2020,"Sound Effects, Foley, Dialogue and ADR for Foreign Language Feature Film",The Life Ahead,FALSE,Maurizio Argentieri,editor,FALSE,,Italy
2020,"Sound Effects, Foley, Dialogue and ADR for Foreign Language Feature Film",The Life Ahead,FALSE,Mauro Eusepi,foley artist,FALSE,,Italy
2020,"Sound Effects, Foley, Dialogue and ADR for Foreign Language Feature Film",The Life Ahead,FALSE,Riccardo Righini,dialogue editor,FALSE,,Italy
2019,Dialogue and ADR for Feature Film,1917,TRUE,Oliver Tarney,sound editor,TRUE,Sound Editing,
2019,Dialogue and ADR for Feature Film,1917,TRUE,Rachael Tate,dialogue editor,FALSE,Sound Editing,
2019,Dialogue and ADR for Feature Film,Avengers: Endgame,FALSE,Brad Semenoff,dialogue editor,FALSE,Sound Editing,
2019,Dialogue and ADR for Feature Film,Avengers: Endgame,FALSE,Daniel Laurie,sound editor,TRUE,Sound Editing,
2019,Dialogue and ADR for Feature Film,Avengers: Endgame,FALSE,Jacob Riehle,dialogue editor,FALSE,Sound Editing,
2019,Dialogue and ADR for Feature Film,Avengers: Endgame,FALSE,Shannon Mills,sound editor,TRUE,Sound Editing,
2019,Dialogue and ADR for Feature Film,Ford v Ferrari,FALSE,Donald Sylvester,sound editor,TRUE,Sound Editing,
2019,Dialogue and ADR for Feature Film,Ford v Ferrari,FALSE,Polly McKinnon,dialogue editor,FALSE,Sound Editing,
2019,Dialogue and ADR for Feature Film,Jojo Rabbit,FALSE,Ai-Ling Lee,sound editor,TRUE,Sound Editing,
2019,Dialogue and ADR for Feature Film,Jojo Rabbit,FALSE,David V. Butler,dialogue editor,FALSE,Sound Editing,
2019,Dialogue and ADR for Feature Film,Jojo Rabbit,FALSE,Helen Luttrell,dialogue editor,FALSE,Sound Editing,
2019,Dialogue and ADR for Feature Film,Jojo Rabbit,FALSE,Susan Dawes,adr editor,TRUE,Sound Editing,
2019,Dialogue and ADR for Feature Film,Jojo Rabbit,FALSE,Tobias Poppe,sound editor,TRUE,Sound Editing,
2019,Dialogue and ADR for Feature Film,Joker,FALSE,Alan Robert Murray,sound editor,TRUE,Sound Editing,
2019,Dialogue and ADR for Feature Film,Joker,FALSE,Cameron Steenhagen,dialogue editor,FALSE,Sound Editing,
2019,Dialogue and ADR for Feature Film,Joker,FALSE,Kira Roessler,adr editor,TRUE,Sound Editing,
2019,Dialogue and ADR for Feature Film,Once Upon a Time in Hollywood,FALSE,Leo Marcil,adr editor,FALSE,Sound Editing,
2019,Dialogue and ADR for Feature Film,Once Upon a Time in Hollywood,FALSE,Lindsey Alvarez,dialogue editor,FALSE,Sound Editing,
2019,Dialogue and ADR for Feature Film,Once Upon a Time in Hollywood,FALSE,Michael Hertlein,dialogue editor,FALSE,Sound Editing,
2019,Dialogue and ADR for Feature Film,Once Upon a Time in Hollywood,FALSE,Wylie Stateman,sound editor,TRUE,Sound Editing,
2019,Dialogue and ADR for Feature Film,Once Upon a Time in Hollywood,FALSE,Zach Goheen,adr editor,FALSE,Sound Editing,
2019,Dialogue and ADR for Feature Film,Rocketman,FALSE,Danny Sheehan,sound editor,TRUE,Sound Editing,
2019,Dialogue and ADR for Feature Film,The Irishman,FALSE,Eugene Gearty,sound editor,TRUE,Sound Editing,
2019,Dialogue and ADR for Feature Film,The Irishman,FALSE,Marissa Littlefield,adr editor,FALSE,Sound Editing,
2019,Dialogue and ADR for Feature Film,The Irishman,FALSE,Philip Stockton,sound editor,TRUE,Sound Editing,
2019,Dialogue and ADR for Feature Film,The Irishman,FALSE,Philip Stockton,dialogue editor,FALSE,Sound Editing,
2019,Feature Underscore,Jojo Rabbit,TRUE,Paul Apelgren,music editor,FALSE,,
2019,Feature Underscore,Ad Astra,FALSE,Darrell Hall,music editor,FALSE,,
2019,Feature Underscore,Ad Astra,FALSE,Jason Ruder,music editor,TRUE,,
2019,Feature Underscore,Ad Astra,FALSE,Katrina Schiller,music editor,TRUE,,
2019,Feature Underscore,Ad Astra,FALSE,Lena Glikson,music editor,FALSE,,
2019,Feature Underscore,Ad Astra,FALSE,Philip Tallman,music editor,FALSE,,
2019,Feature Underscore,Ad Astra,FALSE,Richard Ziegler,scoring editor,FALSE,,
2019,Feature Underscore,Ad Astra,FALSE,Sam Zeines,scoring editor,FALSE,,
2019,Feature Underscore,Ad Astra,FALSE,Will Kaplan,music editor,FALSE,,
2019,Feature Underscore,Dolemite Is My Name,FALSE,Philip Tallman,music editor,FALSE,,
2019,Feature Underscore,Joker,FALSE,Daniel Waldman,music editor,FALSE,,
2019,Feature Underscore,Joker,FALSE,Jason Ruder,music editor,TRUE,,
2019,Feature Underscore,Joker,FALSE,Lena Glikson,music editor,FALSE,,
2019,Feature Underscore,Little Women,FALSE,Suzana Peric,music editor,FALSE,,
2019,Feature Underscore,Little Women,FALSE,Xavier Forcioli,scoring editor,FALSE,,
2019,Feature Underscore,Once Upon a Time in Hollywood,FALSE,Jim Schultz,music editor,FALSE,,
2019,Feature Underscore,Queen & Slim,FALSE,Joseph S. DeBeasi,music editor,FALSE,,
2019,Feature Underscore,Waves,FALSE,Johnnie Burn,music editor,FALSE,,
2019,Feature Underscore,Waves,FALSE,Sally Boldt,music editor,FALSE,,
2019,Feature Underscore,Waves,FALSE,Trey Edward Shults,music editor,FALSE,,
2019,Musical for Feature Film,Rocketman,TRUE,Andy Patterson,music editor,FALSE,,
2019,Musical for Feature Film,Rocketman,TRUE,Cecile Tournesac,music editor,FALSE,,
2019,Musical for Feature Film,Cats,FALSE,Cecile Tournesac,music editor,FALSE,,
2019,Musical for Feature Film,Cats,FALSE,James Shirley,music editor,FALSE,,
2019,Musical for Feature Film,Cats,FALSE,John Warhurst,music editor,TRUE,,
2019,Musical for Feature Film,Cats,FALSE,Nina Hartstone,music editor,TRUE,,
2019,Musical for Feature Film,Cats,FALSE,Victor Chaga,music editor,FALSE,,
2019,Musical for Feature Film,Echo in the Canyon,FALSE,Robert Stambler,music editor,FALSE,,
2019,Musical for Feature Film,Frozen II,FALSE,Earl Ghaffari,music editor,TRUE,,
2019,Musical for Feature Film,Frozen II,FALSE,Fernand Bos,music editor,FALSE,,
2019,Musical for Feature Film,Frozen II,FALSE,Kendall Demarest,music editor,FALSE,,
2019,Musical for Feature Film,Judy,FALSE,Paul John Chandler,music editor,FALSE,,
2019,Musical for Feature Film,Rolling Thunder Revue: A Bob Dylan Story by Martin Scorsese,FALSE,John M. Davis,music editor,FALSE,,
2019,Musical for Feature Film,Western Stars,FALSE,Brandon Duncan,music editor,FALSE,,
2019,Sound Effects and Foley for Feature Film,Ford v Ferrari,TRUE,Anna MacKenzie,foley editor,FALSE,Sound Editing,
2019,Sound Effects and Foley for Feature Film,Ford v Ferrari,TRUE,David Giammarco,sound designer,FALSE,Sound Editing,
2019,Sound Effects and Foley for Feature Film,Ford v Ferrari,TRUE,Donald Sylvester,sound editor,TRUE,Sound Editing,
2019,Sound Effects and Foley for Feature Film,Ford v Ferrari,TRUE,Eric A. Norris,sound effects editor,FALSE,Sound Editing,
2019,Sound Effects and Foley for Feature Film,Ford v Ferrari,TRUE,Jay Wilkinson,sound designer,FALSE,Sound Editing,
2019,Sound Effects and Foley for Feature Film,1917,FALSE,Andrea King,foley artist,FALSE,Sound Editing,
2019,Sound Effects and Foley for Feature Film,1917,FALSE,Hugo Adams,foley editor,FALSE,Sound Editing,
2019,Sound Effects and Foley for Feature Film,1917,FALSE,James Harrison,sound designer,FALSE,Sound Editing,
2019,Sound Effects and Foley for Feature Film,1917,FALSE,Michael Fentum,sound designer,FALSE,Sound Editing,
2019,Sound Effects and Foley for Feature Film,1917,FALSE,Oliver Tarney,sound editor,TRUE,Sound Editing,
2019,Sound Effects and Foley for Feature Film,1917,FALSE,Sue Harding,foley artist,FALSE,Sound Editing,
2019,Sound Effects and Foley for Feature Film,A Hidden Life,FALSE,Bastien Benkhelil,foley artist,FALSE,Sound Editing,
2019,Sound Effects and Foley for Feature Film,A Hidden Life,FALSE,Bob Kellough,sound effects editor,FALSE,Sound Editing,
2019,Sound Effects and Foley for Feature Film,A Hidden Life,FALSE,Brad Engleking,sound editor,TRUE,Sound Editing,
2019,Sound Effects and Foley for Feature Film,A Hidden Life,FALSE,David Forshee,sound effects editor,FALSE,Sound Editing,
2019,Sound Effects and Foley for Feature Film,A Hidden Life,FALSE,Dusty Albertz,foley artist,FALSE,Sound Editing,
2019,Sound Effects and Foley for Feature Film,Avengers: Endgame,FALSE,Christopher Flick,foley editor,FALSE,Sound Editing,
2019,Sound Effects and Foley for Feature Film,Avengers: Endgame,FALSE,Dan O'Connell,foley artist,FALSE,Sound Editing,
2019,Sound Effects and Foley for Feature Film,Avengers: Endgame,FALSE,Daniel Laurie,sound editor,TRUE,Sound Editing,
2019,Sound Effects and Foley for Feature Film,Avengers: Endgame,FALSE,David Farmer,sound designer,FALSE,Sound Editing,
2019,Sound Effects and Foley for Feature Film,Avengers: Endgame,FALSE,James Likowski,foley editor,FALSE,Sound Editing,
2019,Sound Effects and Foley for Feature Film,Avengers: Endgame,FALSE,John Roesch,foley artist,FALSE,Sound Editing,
2019,Sound Effects and Foley for Feature Film,Avengers: Endgame,FALSE,John T. Cucci,foley artist,FALSE,Sound Editing,
2019,Sound Effects and Foley for Feature Film,Avengers: Endgame,FALSE,Josh Gold,sound effects editor,FALSE,Sound Editing,
2019,Sound Effects and Foley for Feature Film,Avengers: Endgame,FALSE,Nia Hansen,sound designer,FALSE,Sound Editing,
2019,Sound Effects and Foley for Feature Film,Avengers: Endgame,FALSE,Samson Neslund,sound effects editor,FALSE,Sound Editing,
2019,Sound Effects and Foley for Feature Film,Avengers: Endgame,FALSE,Shannon Mills,sound editor,TRUE,Sound Editing,
2019,Sound Effects and Foley for Feature Film,Avengers: Endgame,FALSE,Shelley Roden,foley artist,FALSE,Sound Editing,
2019,Sound Effects and Foley for Feature Film,Avengers: Endgame,FALSE,Steve Orlando,sound effects editor,FALSE,Sound Editing,
2019,Sound Effects and Foley for Feature Film,John Wick: Chapter 3 – Parabellum,FALSE,Alan Rankin,sound designer,FALSE,Sound Editing,
2019,Sound Effects and Foley for Feature Film,John Wick: Chapter 3 – Parabellum,FALSE,Dan O'Connell,foley artist,FALSE,Sound Editing,
2019,Sound Effects and Foley for Feature Film,John Wick: Chapter 3 – Parabellum,FALSE,John T. Cucci,foley artist,FALSE,Sound Editing,
2019,Sound Effects and Foley for Feature Film,John Wick: Chapter 3 – Parabellum,FALSE,Luke Gibleon,sound designer,FALSE,Sound Editing,
2019,Sound Effects and Foley for Feature Film,John Wick: Chapter 3 – Parabellum,FALSE,Mark P. Stoeckinger,sound editor,TRUE,Sound Editing,
2019,Sound Effects and Foley for Feature Film,John Wick: Chapter 3 – Parabellum,FALSE,Martyn Zub,sound designer,FALSE,Sound Editing,
2019,Sound Effects and Foley for Feature Film,Joker,FALSE,Alan Robert Murray,sound editor,TRUE,Sound Editing,
2019,Sound Effects and Foley for Feature Film,Joker,FALSE,Christian Wenger,sound effects editor,FALSE,Sound Editing,
2019,Sound Effects and Foley for Feature Film,Joker,FALSE,Dan O'Connell,foley artist,FALSE,Sound Editing,
2019,Sound Effects and Foley for Feature Film,Joker,FALSE,Darren Maynard,sound effects editor,FALSE,Sound Editing,
2019,Sound Effects and Foley for Feature Film,Joker,FALSE,John Joseph Thomas,sound effects editor,FALSE,Sound Editing,
2019,Sound Effects and Foley for Feature Film,Joker,FALSE,John T. Cucci,foley artist,FALSE,Sound Editing,
2019,Sound Effects and Foley for Feature Film,Joker,FALSE,Kevin R.W. Murray,foley editor,FALSE,Sound Editing,
2019,Sound Effects and Foley for Feature Film,Joker,FALSE,Michael Dressel,foley editor,FALSE,Sound Editing,
2019,Sound Effects and Foley for Feature Film,Joker,FALSE,Tom Ozanich,sound designer,FALSE,Sound Editing,
2019,Sound Effects and Foley for Feature Film,Joker,FALSE,Willard Overstreet,foley editor,FALSE,Sound Editing,
2019,Sound Effects and Foley for Feature Film,Once Upon a Time in Hollywood,FALSE,Gary A. Hecker,foley artist,FALSE,Sound Editing,
2019,Sound Effects and Foley for Feature Film,Once Upon a Time in Hollywood,FALSE,Harry Cohen,sound designer,FALSE,Sound Editing,
2019,Sound Effects and Foley for Feature Film,Once Upon a Time in Hollywood,FALSE,Kyle Rochlin,foley artist,FALSE,Sound Editing,
2019,Sound Effects and Foley for Feature Film,Once Upon a Time in Hollywood,FALSE,Rick Owens,foley artist,FALSE,Sound Editing,
2019,Sound Effects and Foley for Feature Film,Once Upon a Time in Hollywood,FALSE,Sylvain Lasseur,sound designer,FALSE,Sound Editing,
2019,Sound Effects and Foley for Feature Film,Once Upon a Time in Hollywood,FALSE,Wylie Stateman,sound editor,TRUE,Sound Editing,
2019,Sound Effects and Foley for Feature Film,Star Wars: The Rise of Skywalker,FALSE,Addison Teague,sound effects editor,FALSE,Sound Editing,
2019,Sound Effects and Foley for Feature Film,Star Wars: The Rise of Skywalker,FALSE,Coya Elliott,sound effects editor,FALSE,Sound Editing,
2019,Sound Effects and Foley for Feature Film,Star Wars: The Rise of Skywalker,FALSE,David Acord,sound editor,TRUE,Sound Editing,
2019,Sound Effects and Foley for Feature Film,Star Wars: The Rise of Skywalker,FALSE,David Acord,sound designer,FALSE,Sound Editing,
2019,Sound Effects and Foley for Feature Film,Star Wars: The Rise of Skywalker,FALSE,Dee Selby,foley editor,FALSE,Sound Editing,
2019,Sound Effects and Foley for Feature Film,Star Wars: The Rise of Skywalker,FALSE,Frank Rinella,foley editor,TRUE,Sound Editing,
2019,Sound Effects and Foley for Feature Film,Star Wars: The Rise of Skywalker,FALSE,Justin Doyle,sound effects editor,FALSE,Sound Editing,
2019,Sound Effects and Foley for Feature Film,Star Wars: The Rise of Skywalker,FALSE,Margie O'Malley,foley artist,FALSE,Sound Editing,
2019,Sound Effects and Foley for Feature Film,Star Wars: The Rise of Skywalker,FALSE,Matthew Wood,sound editor,TRUE,Sound Editing,
2019,Sound Effects and Foley for Feature Film,Star Wars: The Rise of Skywalker,FALSE,Richard Gould,foley editor,FALSE,Sound Editing,
2019,Sound Effects and Foley for Feature Film,Star Wars: The Rise of Skywalker,FALSE,Ronni Brown,foley artist,FALSE,Sound Editing,
2019,Sound Effects and Foley for Feature Film,Star Wars: The Rise of Skywalker,FALSE,Steve Slanec,sound effects editor,FALSE,Sound Editing,
2019,"Sound Effects, Foley, Dialogue and ADR for Animated Feature Film",Toy Story 4,TRUE,Cheryl Nardi,dialogue editor,TRUE,,
2019,"Sound Effects, Foley, Dialogue and ADR for Animated Feature Film",Toy Story 4,TRUE,Coya Elliott,sound editor,TRUE,,
2019,"Sound Effects, Foley, Dialogue and ADR for Animated Feature Film",Toy Story 4,TRUE,James Spencer,foley editor,FALSE,,
2019,"Sound Effects, Foley, Dialogue and ADR for Animated Feature Film",Toy Story 4,TRUE,John Roesch,foley artist,FALSE,,
2019,"Sound Effects, Foley, Dialogue and ADR for Animated Feature Film",Toy Story 4,TRUE,Jonathon Stevens,sound effects editor,FALSE,,
2019,"Sound Effects, Foley, Dialogue and ADR for Animated Feature Film",Toy Story 4,TRUE,Kimberly Patrick,sound effects editor,FALSE,,
2019,"Sound Effects, Foley, Dialogue and ADR for Animated Feature Film",Toy Story 4,TRUE,Qianbaihui Yang,sound effects editor,FALSE,,
2019,"Sound Effects, Foley, Dialogue and ADR for Animated Feature Film",Toy Story 4,TRUE,Ren Klyce,sound designer,FALSE,,
2019,"Sound Effects, Foley, Dialogue and ADR for Animated Feature Film",Toy Story 4,TRUE,Shelley Roden,foley artist,FALSE,,
2019,"Sound Effects, Foley, Dialogue and ADR for Animated Feature Film",Toy Story 4,TRUE,Thom Brennan,foley editor,FALSE,,
2019,"Sound Effects, Foley, Dialogue and ADR for Animated Feature Film",Abominable,FALSE,Erik Aadahl,sound editor,TRUE,,
2019,"Sound Effects, Foley, Dialogue and ADR for Animated Feature Film",Abominable,FALSE,Ethan Van der Ryn,sound editor,TRUE,,
2019,"Sound Effects, Foley, Dialogue and ADR for Animated Feature Film",Abominable,FALSE,Goeun Lee Everett,sound effects editor,FALSE,,
2019,"Sound Effects, Foley, Dialogue and ADR for Animated Feature Film",Abominable,FALSE,Jason W. Jennings,sound effects editor,FALSE,,
2019,"Sound Effects, Foley, Dialogue and ADR for Animated Feature Film",Abominable,FALSE,Malte Bieler,sound designer,FALSE,,
2019,"Sound Effects, Foley, Dialogue and ADR for Animated Feature Film",Abominable,FALSE,Rick Hromadka,sound designer,FALSE,,
2019,"Sound Effects, Foley, Dialogue and ADR for Animated Feature Film",Abominable,FALSE,Tim Walston,sound effects editor,FALSE,,
2019,"Sound Effects, Foley, Dialogue and ADR for Animated Feature Film",Frozen II,FALSE,Angelo Palazzo,sound designer,FALSE,,
2019,"Sound Effects, Foley, Dialogue and ADR for Animated Feature Film",Frozen II,FALSE,Christopher Bonis,foley editor,TRUE,,
2019,"Sound Effects, Foley, Dialogue and ADR for Animated Feature Film",Frozen II,FALSE,Earl Ghaffari,music editor,TRUE,,
2019,"Sound Effects, Foley, Dialogue and ADR for Animated Feature Film",Frozen II,FALSE,Eliot Connors,sound designer,FALSE,,
2019,"Sound Effects, Foley, Dialogue and ADR for Animated Feature Film",Frozen II,FALSE,Fernand Bos,music editor,FALSE,,
2019,"Sound Effects, Foley, Dialogue and ADR for Animated Feature Film",Frozen II,FALSE,Harrison Meyle,dialogue editor,TRUE,,
2019,"Sound Effects, Foley, Dialogue and ADR for Animated Feature Film",Frozen II,FALSE,Jeff Sawyer,sound designer,FALSE,,
2019,"Sound Effects, Foley, Dialogue and ADR for Animated Feature Film",Frozen II,FALSE,John Roesch,foley artist,FALSE,,
2019,"Sound Effects, Foley, Dialogue and ADR for Animated Feature Film",Frozen II,FALSE,Kendall Demarest,music editor,FALSE,,
2019,"Sound Effects, Foley, Dialogue and ADR for Animated Feature Film",Frozen II,FALSE,Odin Benitez,sound editor,TRUE,,
2019,"Sound Effects, Foley, Dialogue and ADR for Animated Feature Film",Frozen II,FALSE,Russell Topal,sound effects editor,FALSE,,
2019,"Sound Effects, Foley, Dialogue and ADR for Animated Feature Film",Frozen II,FALSE,Scott Curtis,foley editor,FALSE,,
2019,"Sound Effects, Foley, Dialogue and ADR for Animated Feature Film",Frozen II,FALSE,Shelley Roden,foley artist,FALSE,,
2019,"Sound Effects, Foley, Dialogue and ADR for Animated Feature Film",Frozen II,FALSE,Stephen P. Robinson,sound designer,FALSE,,
2019,"Sound Effects, Foley, Dialogue and ADR for Animated Feature Film",How to Train Your Dragon: The Hidden World,FALSE,Al Nelson,sound designer,FALSE,,
2019,"Sound Effects, Foley, Dialogue and ADR for Animated Feature Film",How to Train Your Dragon: The Hidden World,FALSE,Brian Chumney,sound editor,TRUE,,
2019,"Sound Effects, Foley, Dialogue and ADR for Animated Feature Film",How to Train Your Dragon: The Hidden World,FALSE,Dee Selby,foley editor,FALSE,,
2019,"Sound Effects, Foley, Dialogue and ADR for Animated Feature Film",How to Train Your Dragon: The Hidden World,FALSE,Geoff Vaughan,foley artist,FALSE,,
2019,"Sound Effects, Foley, Dialogue and ADR for Animated Feature Film",How to Train Your Dragon: The Hidden World,FALSE,Jana Vance,foley artist,FALSE,,
2019,"Sound Effects, Foley, Dialogue and ADR for Animated Feature Film",How to Train Your Dragon: The Hidden World,FALSE,Jonathan Borland,sound effects editor,FALSE,,
2019,"Sound Effects, Foley, Dialogue and ADR for Animated Feature Film",How to Train Your Dragon: The Hidden World,FALSE,Leff Lefferts,sound editor,TRUE,,
2019,"Sound Effects, Foley, Dialogue and ADR for Animated Feature Film",How to Train Your Dragon: The Hidden World,FALSE,Malcolm Fife,sound effects editor,FALSE,,
2019,"Sound Effects, Foley, Dialogue and ADR for Animated Feature Film",How to Train Your Dragon: The Hidden World,FALSE,Randy Thom,sound designer,TRUE,,
2019,"Sound Effects, Foley, Dialogue and ADR for Animated Feature Film",Missing Link,FALSE,Amy Kane,foley artist,FALSE,,
2019,"Sound Effects, Foley, Dialogue and ADR for Animated Feature Film",Missing Link,FALSE,Catherine Harper,foley artist,FALSE,,
2019,"Sound Effects, Foley, Dialogue and ADR for Animated Feature Film",Missing Link,FALSE,Clayton Weber,sound designer,FALSE,,
2019,"Sound Effects, Foley, Dialogue and ADR for Animated Feature Film",Missing Link,FALSE,Fred Paragano,dialogue editor,FALSE,,
2019,"Sound Effects, Foley, Dialogue and ADR for Animated Feature Film",Missing Link,FALSE,Jessie Pariseau,sound effects editor,FALSE,,
2019,"Sound Effects, Foley, Dialogue and ADR for Animated Feature Film",Missing Link,FALSE,Katherine Rose,foley artist,FALSE,,
2019,"Sound Effects, Foley, Dialogue and ADR for Animated Feature Film",Missing Link,FALSE,Terry Rodman,sound effects editor,FALSE,,
2019,"Sound Effects, Foley, Dialogue and ADR for Animated Feature Film",Missing Link,FALSE,Thomas O'Neil Younkman,sound effects editor,FALSE,,
2019,"Sound Effects, Foley, Dialogue and ADR for Animated Feature Film",Missing Link,FALSE,Tim Chau,sound editor,TRUE,,
2019,"Sound Effects, Foley, Dialogue and ADR for Animated Feature Film",Missing Link,FALSE,Tim Chau,sound designer,FALSE,,
2019,"Sound Effects, Foley, Dialogue and ADR for Animated Feature Film",Missing Link,FALSE,Travis Crotts,foley editor,FALSE,,
2019,"Sound Effects, Foley, Dialogue and ADR for Animated Feature Film",Spies in Disguise,FALSE,Bjorn Ole Schroeder,adr editor,TRUE,,
2019,"Sound Effects, Foley, Dialogue and ADR for Animated Feature Film",Spies in Disguise,FALSE,Chris Manning,foley editor,FALSE,,
2019,"Sound Effects, Foley, Dialogue and ADR for Animated Feature Film",Spies in Disguise,FALSE,David Farmer,sound effects editor,FALSE,,
2019,"Sound Effects, Foley, Dialogue and ADR for Animated Feature Film",Spies in Disguise,FALSE,Jeremy Bowker,sound editor,TRUE,,
2019,"Sound Effects, Foley, Dialogue and ADR for Animated Feature Film",Spies in Disguise,FALSE,John Roesch,foley artist,FALSE,,
2019,"Sound Effects, Foley, Dialogue and ADR for Animated Feature Film",Spies in Disguise,FALSE,Larry Oatfield,foley editor,FALSE,,
2019,"Sound Effects, Foley, Dialogue and ADR for Animated Feature Film",Spies in Disguise,FALSE,Leff Lefferts,sound editor,TRUE,,
2019,"Sound Effects, Foley, Dialogue and ADR for Animated Feature Film",Spies in Disguise,FALSE,Michael Silvers,dialogue editor,FALSE,,
2019,"Sound Effects, Foley, Dialogue and ADR for Animated Feature Film",Spies in Disguise,FALSE,Randy Thom,sound designer,FALSE,,
2019,"Sound Effects, Foley, Dialogue and ADR for Animated Feature Film",Spies in Disguise,FALSE,Samson Neslund,sound effects editor,FALSE,,
2019,"Sound Effects, Foley, Dialogue and ADR for Animated Feature Film",Spies in Disguise,FALSE,Shelley Roden,foley artist,FALSE,,
2019,"Sound Effects, Foley, Dialogue and ADR for Animated Feature Film",The Lion King,FALSE,Christopher Boyes,sound editor,TRUE,,
2019,"Sound Effects, Foley, Dialogue and ADR for Animated Feature Film",The Lion King,FALSE,Christopher Boyes,sound designer,FALSE,,
2019,"Sound Effects, Foley, Dialogue and ADR for Animated Feature Film",The Lion King,FALSE,Dee Selby,foley editor,FALSE,,
2019,"Sound Effects, Foley, Dialogue and ADR for Animated Feature Film",The Lion King,FALSE,Frank E. Eulner,sound editor,TRUE,,
2019,"Sound Effects, Foley, Dialogue and ADR for Animated Feature Film",The Lion King,FALSE,Jana Vance,foley artist,FALSE,,
2019,"Sound Effects, Foley, Dialogue and ADR for Animated Feature Film",The Lion King,FALSE,Justin Doyle,sound effects editor,FALSE,,
2019,"Sound Effects, Foley, Dialogue and ADR for Animated Feature Film",The Lion King,FALSE,Marshall Winn,dialogue editor,FALSE,,
2019,"Sound Effects, Foley, Dialogue and ADR for Animated Feature Film",The Lion King,FALSE,Pascal Garneau,sound effects editor,FALSE,,
2019,"Sound Effects, Foley, Dialogue and ADR for Animated Feature Film",The Lion King,FALSE,Ronni Brown,foley artist,FALSE,,
2019,"Sound Effects, Foley, Dialogue and ADR for Animated Feature Film",White Snake,FALSE,Emily Ding,sound effects,FALSE,,
2019,"Sound Effects, Foley, Dialogue and ADR for Animated Feature Film",White Snake,FALSE,Emily Ding,dialogue editor,FALSE,,
2019,"Sound Effects, Foley, Dialogue and ADR for Animated Feature Film",White Snake,FALSE,Guang Chen,sound effects editor,FALSE,,
2019,"Sound Effects, Foley, Dialogue and ADR for Animated Feature Film",White Snake,FALSE,Irene Sun,sound effects editor,FALSE,,
2019,"Sound Effects, Foley, Dialogue and ADR for Animated Feature Film",White Snake,FALSE,Mei He,sound effects,FALSE,,
2019,"Sound Effects, Foley, Dialogue and ADR for Animated Feature Film",White Snake,FALSE,Mei He,foley editor,FALSE,,
2019,"Sound Effects, Foley, Dialogue and ADR for Animated Feature Film",White Snake,FALSE,Sam Fan,sound effects editor,FALSE,,
2019,"Sound Effects, Foley, Dialogue and ADR for Animated Feature Film",White Snake,FALSE,Sandra Sun,adr,FALSE,,
2019,"Sound Effects, Foley, Dialogue and ADR for Animated Feature Film",White Snake,FALSE,Sandra Sun,foley editor,FALSE,,
2019,"Sound Effects, Foley, Dialogue and ADR for Animated Feature Film",White Snake,FALSE,Shenglun Lu,sound effects editor,FALSE,,
2019,"Sound Effects, Foley, Dialogue and ADR for Animated Feature Film",White Snake,FALSE,Shuangshuang Wang,sound effects editor,FALSE,,
2019,"Sound Effects, Foley, Dialogue and ADR for Animated Feature Film",White Snake,FALSE,Yin Miao,foley artist,FALSE,,
2019,"Sound Effects, Foley, Dialogue and ADR for Animated Feature Film",White Snake,FALSE,Ziwei Wang,foley artist,FALSE,,
2019,"Sound Effects, Foley, Dialogue and ADR for Foreign Language Feature Film",Parasite,TRUE,Byung-in Kim,adr editor,TRUE,,South Korea
2019,"Sound Effects, Foley, Dialogue and ADR for Foreign Language Feature Film",Parasite,TRUE,Chung-gyu Lee,foley artist,FALSE,,South Korea
2019,"Sound Effects, Foley, Dialogue and ADR for Foreign Language Feature Film",Parasite,TRUE,Shin i Na,foley editor,FALSE,,South Korea
2019,"Sound Effects, Foley, Dialogue and ADR for Foreign Language Feature Film",Parasite,TRUE,Sung-gyun Park,foley artist,FALSE,,South Korea
2019,"Sound Effects, Foley, Dialogue and ADR for Foreign Language Feature Film",Parasite,TRUE,Tae-young Choi,sound editor,TRUE,,South Korea
2019,"Sound Effects, Foley, Dialogue and ADR for Foreign Language Feature Film",Parasite,TRUE,Young Kang Hye,sound designer,FALSE,,South Korea
2019,"Sound Effects, Foley, Dialogue and ADR for Foreign Language Feature Film",Parasite,TRUE,Young Kang Hye,effects editor,FALSE,,South Korea
2019,"Sound Effects, Foley, Dialogue and ADR for Foreign Language Feature Film",Atlantics,FALSE,Benoit De Clerck,sound editor,TRUE,,Senegal France
2019,"Sound Effects, Foley, Dialogue and ADR for Foreign Language Feature Film",Atlantics,FALSE,Bertrand Boudaud,foley artist,FALSE,,Senegal France
2019,"Sound Effects, Foley, Dialogue and ADR for Foreign Language Feature Film",Atlantics,FALSE,Michov Gillet,dialogue editor,FALSE,,Senegal France
2019,"Sound Effects, Foley, Dialogue and ADR for Foreign Language Feature Film",Atlantics,FALSE,Thomas Ferrando,foley editor,FALSE,,Senegal France
2019,"Sound Effects, Foley, Dialogue and ADR for Foreign Language Feature Film",Gully Boy,FALSE,Ayush Ahuja,sound editor,TRUE,,India
2019,"Sound Effects, Foley, Dialogue and ADR for Foreign Language Feature Film",Gully Boy,FALSE,Ayush Ahuja,sound designer,FALSE,,India
2019,"Sound Effects, Foley, Dialogue and ADR for Foreign Language Feature Film",Gully Boy,FALSE,Nakul Kamte,music editor,FALSE,,India
2019,"Sound Effects, Foley, Dialogue and ADR for Foreign Language Feature Film",Shadow,FALSE,Blake Leyh,sound effects editor,FALSE,,China
2019,"Sound Effects, Foley, Dialogue and ADR for Foreign Language Feature Film",Shadow,FALSE,Jiang Yang,sound editor,TRUE,,China
2019,"Sound Effects, Foley, Dialogue and ADR for Foreign Language Feature Film",Shadow,FALSE,Jiang Yang,sound effects editor,FALSE,,China
2019,"Sound Effects, Foley, Dialogue and ADR for Foreign Language Feature Film",Shadow,FALSE,Junsheng Han,foley artist,FALSE,,China
2019,"Sound Effects, Foley, Dialogue and ADR for Foreign Language Feature Film",Shadow,FALSE,Lawrence Zipf,sound effects editor,FALSE,,China
2019,"Sound Effects, Foley, Dialogue and ADR for Foreign Language Feature Film",Shadow,FALSE,Nan Zhao,sound editor,TRUE,,China
2019,"Sound Effects, Foley, Dialogue and ADR for Foreign Language Feature Film",Shadow,FALSE,Skip Lievsay,sound effects editor,FALSE,,China
2019,"Sound Effects, Foley, Dialogue and ADR for Foreign Language Feature Film",Shadow,FALSE,Wei Ning,foley editor,FALSE,,China
2019,"Sound Effects, Foley, Dialogue and ADR for Foreign Language Feature Film",Shadow,FALSE,Xinghui Li,dialogue editor,FALSE,,China
2019,"Sound Effects, Foley, Dialogue and ADR for Foreign Language Feature Film",Shadow,FALSE,Ye Liu,sound effects editor,FALSE,,China
2019,"Sound Effects, Foley, Dialogue and ADR for Foreign Language Feature Film",The Fall of the American Empire,FALSE,Claire Pochon,dialogue editor,FALSE,,Canada
2019,"Sound Effects, Foley, Dialogue and ADR for Foreign Language Feature Film",The Fall of the American Empire,FALSE,Jean-Philippe Savard,sound effects editor,FALSE,,Canada
2019,"Sound Effects, Foley, Dialogue and ADR for Foreign Language Feature Film",The Fall of the American Empire,FALSE,Marie-Claude Gagné,sound designer,FALSE,,Canada
2019,"Sound Effects, Foley, Dialogue and ADR for Foreign Language Feature Film",The Fall of the American Empire,FALSE,Marie-Claude Gagné,effects editor,FALSE,,Canada
2019,"Sound Effects, Foley, Dialogue and ADR for Foreign Language Feature Film",The Fall of the American Empire,FALSE,Natalie Fleurant,adr editor,TRUE,,Canada
2019,"Sound Effects, Foley, Dialogue and ADR for Foreign Language Feature Film",The Fall of the American Empire,FALSE,Nicolas Gagnon,foley artist,FALSE,,Canada
2019,"Sound Effects, Foley, Dialogue and ADR for Foreign Language Feature Film",The Sound Story,FALSE,Anil Pawar,foley artist,FALSE,,
2019,"Sound Effects, Foley, Dialogue and ADR for Foreign Language Feature Film",The Sound Story,FALSE,Karan Arjun Singh,foley artist,FALSE,,
2019,"Sound Effects, Foley, Dialogue and ADR for Foreign Language Feature Film",The Sound Story,FALSE,Krishnanunny Kj,sound effects editor,FALSE,,
2019,"Sound Effects, Foley, Dialogue and ADR for Foreign Language Feature Film",The Sound Story,FALSE,Ram Kishan Nath,foley editor,FALSE,,
2019,"Sound Effects, Foley, Dialogue and ADR for Foreign Language Feature Film",The Sound Story,FALSE,Resul Pookutty,sound editor,TRUE,,
2019,"Sound Effects, Foley, Dialogue and ADR for Foreign Language Feature Film",The Sound Story,FALSE,Shankar Singh,foley artist,FALSE,,
2019,"Sound Effects, Foley, Dialogue and ADR for Foreign Language Feature Film",The Sound Story,FALSE,Vijay Kumar,sound designer,FALSE,,
2018,Dialogue and ADR for Feature Film,Bohemian Rhapsody,TRUE,Jens Rosenlund Petersen,dialogue,FALSE,Sound Editing,
2018,Dialogue and ADR for Feature Film,Bohemian Rhapsody,TRUE,John Warhurst,sound editor,TRUE,Sound Editing,
2018,Dialogue and ADR for Feature Film,Bohemian Rhapsody,TRUE,John Warhurst,adr editor,FALSE,Sound Editing,
2018,Dialogue and ADR for Feature Film,Bohemian Rhapsody,TRUE,Nina Hartstone,dialogue editor,TRUE,Sound Editing,
2018,Dialogue and ADR for Feature Film,A Quiet Place,FALSE,Erik Aadahl,sound editor,TRUE,Sound Editing,
2018,Dialogue and ADR for Feature Film,A Quiet Place,FALSE,Ethan Van der Ryn,sound editor,TRUE,Sound Editing,
2018,Dialogue and ADR for Feature Film,A Quiet Place,FALSE,Robert Jackson,adr editor,TRUE,Sound Editing,
2018,Dialogue and ADR for Feature Film,A Star Is Born,FALSE,Curt Schulkey,dialogue editor,FALSE,Sound Editing,
2018,Dialogue and ADR for Feature Film,A Star Is Born,FALSE,Frederick H. Stahly,dialogue editor,FALSE,Sound Editing,
2018,Dialogue and ADR for Feature Film,A Star Is Born,FALSE,Kira Roessler,dialogue editor,TRUE,Sound Editing,
2018,Dialogue and ADR for Feature Film,A Star Is Born,FALSE,Michelle Pazer,dialogue editor,FALSE,Sound Editing,
2018,Dialogue and ADR for Feature Film,First Man,FALSE,Ai-Ling Lee,sound editor,TRUE,Sound Editing,
2018,Dialogue and ADR for Feature Film,First Man,FALSE,Galen Goodpaster,adr editor,FALSE,Sound Editing,
2018,Dialogue and ADR for Feature Film,First Man,FALSE,Mildred Iatrou,sound editor,TRUE,Sound Editing,
2018,Dialogue and ADR for Feature Film,First Man,FALSE,Susan Dawes,dialogue editor,TRUE,Sound Editing,
2018,Dialogue and ADR for Feature Film,Green Book,FALSE,Andrew DeCristofaro,sound editor,TRUE,Sound Editing,
2018,Dialogue and ADR for Feature Film,Green Book,FALSE,Becky Sullivan,adr editor,TRUE,Sound Editing,
2018,Dialogue and ADR for Feature Film,Green Book,FALSE,Darren 'Sunny' Warkentin,dialogue editor,TRUE,Sound Editing,
2018,Dialogue and ADR for Feature Film,Green Book,FALSE,Kelly Oxford,dialogue editor,FALSE,Sound Editing,
2018,Dialogue and ADR for Feature Film,Green Book,FALSE,Laura Harris Atkinson,dialogue editor,FALSE,Sound Editing,
2018,Dialogue and ADR for Feature Film,Green Book,FALSE,Shane Hayes,dialogue editor,FALSE,Sound Editing,
2018,Dialogue and ADR for Feature Film,Mary Poppins Returns,FALSE,Alexa Zimmerman,dialogue editor,FALSE,Sound Editing,
2018,Dialogue and ADR for Feature Film,Mary Poppins Returns,FALSE,Heather Gross,dialogue,FALSE,Sound Editing,
2018,Dialogue and ADR for Feature Film,Mary Poppins Returns,FALSE,Renée Tondelli,sound editor,TRUE,Sound Editing,
2018,Dialogue and ADR for Feature Film,Mary Poppins Returns,FALSE,Renée Tondelli,adr editor,FALSE,Sound Editing,
2018,Dialogue and ADR for Feature Film,Mission: Impossible – Fallout,FALSE,James Mather,sound editor,TRUE,Sound Editing,
2018,Dialogue and ADR for Feature Film,Mission: Impossible – Fallout,FALSE,Simon Chase,dialogue editor,TRUE,Sound Editing,
2018,Dialogue and ADR for Feature Film,The Favourite,FALSE,Johnnie Burn,sound editor,TRUE,Sound Editing,
2018,Dialogue and ADR for Feature Film,The Favourite,FALSE,Johnnie Burn,adr editor,FALSE,Sound Editing,
2018,Dialogue and ADR for Feature Film,The Favourite,FALSE,Michelle Fingleton,dialogue,TRUE,Sound Editing,
2018,Feature Underscore,Spider-Man: Into the Spider-Verse,TRUE,Catherine Wilson,music editor,FALSE,,
2018,Feature Underscore,Spider-Man: Into the Spider-Verse,TRUE,Katie Greathouse,music editor,FALSE,,
2018,Feature Underscore,A Quiet Place,FALSE,Del Spiva,music editor,FALSE,,
2018,Feature Underscore,A Quiet Place,FALSE,Jim Schultz,music editor,TRUE,,
2018,Feature Underscore,Aquaman,FALSE,J.J. George,music editor,FALSE,,
2018,Feature Underscore,Aquaman,FALSE,Paul Rabjohns,music editor,FALSE,,
2018,Feature Underscore,Black Panther,FALSE,Anele Onyekwere,music editor,FALSE,,
2018,Feature Underscore,Black Panther,FALSE,Nashia Wachsman,music editor,FALSE,,
2018,Feature Underscore,Black Panther,FALSE,Ronald J. Webb,music editor,FALSE,,
2018,Feature Underscore,Black Panther,FALSE,Steve Durkee,music editor,TRUE,,
2018,Feature Underscore,First Man,FALSE,Jason Ruder,music editor,TRUE,,
2018,Feature Underscore,First Man,FALSE,Lena Glikson,music editor,FALSE,,
2018,Feature Underscore,Isle of Dogs,FALSE,Yann McCullough,music editor,TRUE,,
2018,Feature Underscore,Mission: Impossible – Fallout,FALSE,Cecile Tournesac,music editor,FALSE,,
2018,Feature Underscore,Roma,FALSE,Alitzel Díaz Rueda Flores,music editor,FALSE,,
2018,Feature Underscore,Roma,FALSE,Caleb Townsend,music editor,FALSE,,
2018,Feature Underscore,The Ballad of Buster Scruggs,FALSE,Todd Kasow,music editor,FALSE,,
2018,Musical for Feature Film,Bohemian Rhapsody,TRUE,John Warhurst,music editor,TRUE,,
2018,Musical for Feature Film,Bohemian Rhapsody,TRUE,Neil Stemp,music editor,FALSE,,
2018,Musical for Feature Film,A Star Is Born,FALSE,Jason Ruder,music editor,TRUE,,
2018,Musical for Feature Film,A Star Is Born,FALSE,Lena Glikson,music editor,FALSE,,
2018,Musical for Feature Film,Mary Poppins Returns,FALSE,Fiona Cruickshank,scoring editor,FALSE,,
2018,Musical for Feature Film,Mary Poppins Returns,FALSE,Jennifer L. Dunnington,music editor,TRUE,,
2018,Musical for Feature Film,Mary Poppins Returns,FALSE,Jim Bruening,music editor,FALSE,,
2018,Musical for Feature Film,Mary Poppins Returns,FALSE,Lewis Morison,music editor,FALSE,,
2018,Sound Effects and Foley for Feature Film,A Quiet Place,TRUE,Brandon Jones,sound effects editor,FALSE,Sound Editing,
2018,Sound Effects and Foley for Feature Film,A Quiet Place,TRUE,Erik Aadahl,sound editor,TRUE,Sound Editing,
2018,Sound Effects and Foley for Feature Film,A Quiet Place,TRUE,Ethan Van der Ryn,sound editor,TRUE,Sound Editing,
2018,Sound Effects and Foley for Feature Film,A Quiet Place,TRUE,Jonathan Klein,foley editor,FALSE,Sound Editing,
2018,Sound Effects and Foley for Feature Film,A Quiet Place,TRUE,Justin M. Davey,sound effects editor,FALSE,Sound Editing,
2018,Sound Effects and Foley for Feature Film,A Quiet Place,TRUE,Peter Persaud,foley artist,FALSE,Sound Editing,
2018,Sound Effects and Foley for Feature Film,A Quiet Place,TRUE,Steve Baine,foley artist,FALSE,Sound Editing,
2018,Sound Effects and Foley for Feature Film,Avengers: Infinity War,FALSE,Christopher Flick,foley editor,FALSE,Sound Editing,
2018,Sound Effects and Foley for Feature Film,Avengers: Infinity War,FALSE,Dan O'Connell,foley artist,FALSE,Sound Editing,
2018,Sound Effects and Foley for Feature Film,Avengers: Infinity War,FALSE,Daniel Laurie,sound editor,TRUE,Sound Editing,
2018,Sound Effects and Foley for Feature Film,Avengers: Infinity War,FALSE,David Farmer,sound designer,FALSE,Sound Editing,
2018,Sound Effects and Foley for Feature Film,Avengers: Infinity War,FALSE,Jacob Riehle,foley editor,FALSE,Sound Editing,
2018,Sound Effects and Foley for Feature Film,Avengers: Infinity War,FALSE,John Roesch,foley artist,FALSE,Sound Editing,
2018,Sound Effects and Foley for Feature Film,Avengers: Infinity War,FALSE,John T. Cucci,foley artist,FALSE,Sound Editing,
2018,Sound Effects and Foley for Feature Film,Avengers: Infinity War,FALSE,Josh Gold,sound effects editor,FALSE,Sound Editing,
2018,Sound Effects and Foley for Feature Film,Avengers: Infinity War,FALSE,Kimberly Patrick,foley editor,FALSE,Sound Editing,
2018,Sound Effects and Foley for Feature Film,Avengers: Infinity War,FALSE,Nia Hansen,sound designer,FALSE,Sound Editing,
2018,Sound Effects and Foley for Feature Film,Avengers: Infinity War,FALSE,Samson Neslund,sound effects editor,FALSE,Sound Editing,
2018,Sound Effects and Foley for Feature Film,Avengers: Infinity War,FALSE,Shannon Mills,sound editor,TRUE,Sound Editing,
2018,Sound Effects and Foley for Feature Film,Avengers: Infinity War,FALSE,Shelley Roden,foley artist,FALSE,Sound Editing,
2018,Sound Effects and Foley for Feature Film,Avengers: Infinity War,FALSE,Steve Orlando,sound effects editor,FALSE,Sound Editing,
2018,Sound Effects and Foley for Feature Film,Black Panther,FALSE,Ben Burtt,sound editor,TRUE,Sound Editing,
2018,Sound Effects and Foley for Feature Film,Black Panther,FALSE,David C. Hughes,sound designer,FALSE,Sound Editing,
2018,Sound Effects and Foley for Feature Film,Black Panther,FALSE,James Likowski,foley editor,FALSE,Sound Editing,
2018,Sound Effects and Foley for Feature Film,Black Panther,FALSE,John Roesch,foley artist,FALSE,Sound Editing,
2018,Sound Effects and Foley for Feature Film,Black Panther,FALSE,Jonathan Borland,sound effects editor,FALSE,Sound Editing,
2018,Sound Effects and Foley for Feature Film,Black Panther,FALSE,Richard Gould,foley editor,FALSE,Sound Editing,
2018,Sound Effects and Foley for Feature Film,Black Panther,FALSE,Shelley Roden,foley artist,FALSE,Sound Editing,
2018,Sound Effects and Foley for Feature Film,Black Panther,FALSE,Steve Boeddeker,sound editor,TRUE,Sound Editing,
2018,Sound Effects and Foley for Feature Film,Deadpool 2,FALSE,Alan Rankin,sound designer,FALSE,Sound Editing,
2018,Sound Effects and Foley for Feature Film,Deadpool 2,FALSE,Chuck Michael,sound designer,FALSE,Sound Editing,
2018,Sound Effects and Foley for Feature Film,Deadpool 2,FALSE,Dan O'Connell,foley artist,FALSE,Sound Editing,
2018,Sound Effects and Foley for Feature Film,Deadpool 2,FALSE,John Morris,sound effects editor,FALSE,Sound Editing,
2018,Sound Effects and Foley for Feature Film,Deadpool 2,FALSE,Mark P. Stoeckinger,sound editor,TRUE,Sound Editing,
2018,Sound Effects and Foley for Feature Film,Deadpool 2,FALSE,Mark Pappas,foley editor,FALSE,Sound Editing,
2018,Sound Effects and Foley for Feature Film,Deadpool 2,FALSE,Martyn Zub,sound designer,FALSE,Sound Editing,
2018,Sound Effects and Foley for Feature Film,Deadpool 2,FALSE,Matthew Harrison,foley editor,FALSE,Sound Editing,
2018,Sound Effects and Foley for Feature Film,First Man,FALSE,Ai-Ling Lee,sound editor,TRUE,Sound Editing,
2018,Sound Effects and Foley for Feature Film,First Man,FALSE,Dan O'Connell,foley artist,FALSE,Sound Editing,
2018,Sound Effects and Foley for Feature Film,First Man,FALSE,Greg ten Bosch,sound effects editor,FALSE,Sound Editing,
2018,Sound Effects and Foley for Feature Film,First Man,FALSE,John T. Cucci,foley artist,FALSE,Sound Editing,
2018,Sound Effects and Foley for Feature Film,First Man,FALSE,Lee Gilmore,sound effects editor,FALSE,Sound Editing,
2018,Sound Effects and Foley for Feature Film,First Man,FALSE,Mark Pappas,foley editor,FALSE,Sound Editing,
2018,Sound Effects and Foley for Feature Film,First Man,FALSE,Matthew Harrison,foley editor,FALSE,Sound Editing,
2018,Sound Effects and Foley for Feature Film,First Man,FALSE,Mildred Iatrou,sound editor,TRUE,Sound Editing,
2018,Sound Effects and Foley for Feature Film,First Man,FALSE,Nia Hansen,sound effects editor,FALSE,Sound Editing,
2018,Sound Effects and Foley for Feature Film,First Man,FALSE,Phil Barrie,sound effects editor,FALSE,Sound Editing,
2018,Sound Effects and Foley for Feature Film,First Man,FALSE,Shannon Mills,sound designer,FALSE,Sound Editing,
2018,Sound Effects and Foley for Feature Film,Mission: Impossible – Fallout,FALSE,Ben Meechan,sound effects editor,FALSE,Sound Editing,
2018,Sound Effects and Foley for Feature Film,Mission: Impossible – Fallout,FALSE,David Mackie,sound effects editor,FALSE,Sound Editing,
2018,Sound Effects and Foley for Feature Film,Mission: Impossible – Fallout,FALSE,James Mather,sound editor,TRUE,Sound Editing,
2018,Sound Effects and Foley for Feature Film,Mission: Impossible – Fallout,FALSE,Jed Loughran,sound effects editor,FALSE,Sound Editing,
2018,Sound Effects and Foley for Feature Film,Mission: Impossible – Fallout,FALSE,Lilly Blazewicz,foley editor,FALSE,Sound Editing,
2018,Sound Effects and Foley for Feature Film,Mission: Impossible – Fallout,FALSE,Peter Burgis,foley artist,FALSE,Sound Editing,
2018,Sound Effects and Foley for Feature Film,Mission: Impossible – Fallout,FALSE,Samir Foco,sound effects editor,FALSE,Sound Editing,
2018,Sound Effects and Foley for Feature Film,Mission: Impossible – Fallout,FALSE,Zoe Freed,foley artist,FALSE,Sound Editing,
2018,Sound Effects and Foley for Feature Film,Ready Player One,FALSE,Addison Teague,sound effects editor,FALSE,Sound Editing,
2018,Sound Effects and Foley for Feature Film,Ready Player One,FALSE,Brent Burge,sound effects editor,FALSE,Sound Editing,
2018,Sound Effects and Foley for Feature Film,Ready Player One,FALSE,Cameron Barker,sound effects editor,FALSE,Sound Editing,
2018,Sound Effects and Foley for Feature Film,Ready Player One,FALSE,Dee Selby,foley editor,FALSE,Sound Editing,
2018,Sound Effects and Foley for Feature Film,Ready Player One,FALSE,Dennie Thorpe,foley artist,FALSE,Sound Editing,
2018,Sound Effects and Foley for Feature Film,Ready Player One,FALSE,Doug Winningham,sound effects editor,FALSE,Sound Editing,
2018,Sound Effects and Foley for Feature Film,Ready Player One,FALSE,E.J. Holowicki,sound effects editor,FALSE,Sound Editing,
2018,Sound Effects and Foley for Feature Film,Ready Player One,FALSE,Gary Rydstrom,sound editor,TRUE,Sound Editing,
2018,Sound Effects and Foley for Feature Film,Ready Player One,FALSE,Geoff Vaughan,foley artist,FALSE,Sound Editing,
2018,Sound Effects and Foley for Feature Film,Ready Player One,FALSE,Jana Vance,foley artist,FALSE,Sound Editing,
2018,Sound Effects and Foley for Feature Film,Ready Player One,FALSE,Justin Webster,sound effects editor,FALSE,Sound Editing,
2018,Sound Effects and Foley for Feature Film,Ready Player One,FALSE,Kyrsten Mate,sound effects editor,FALSE,Sound Editing,
2018,Sound Effects and Foley for Feature Film,Ready Player One,FALSE,Luke Dunn Gielmuda,foley editor,FALSE,Sound Editing,
2018,Sound Effects and Foley for Feature Film,Ready Player One,FALSE,Richard Hymns,sound editor,TRUE,Sound Editing,
2018,Sound Effects and Foley for Feature Film,The Favourite,FALSE,Brendan Rehill,foley editor,FALSE,Sound Editing,
2018,Sound Effects and Foley for Feature Film,The Favourite,FALSE,Caoimhe Doyle,foley artist,FALSE,Sound Editing,
2018,Sound Effects and Foley for Feature Film,The Favourite,FALSE,Jean McGrath,foley editor,FALSE,Sound Editing,
2018,Sound Effects and Foley for Feature Film,The Favourite,FALSE,Johnnie Burn,sound editor,TRUE,Sound Editing,
2018,Sound Effects and Foley for Feature Film,The Favourite,FALSE,Simon Carroll,sound effects editor,FALSE,Sound Editing,
2018,"Sound Effects, Foley, Dialogue and ADR for Animated Feature Film",Spider-Man: Into the Spider-Verse,TRUE,Alec Rubay,foley editor,FALSE,,
2018,"Sound Effects, Foley, Dialogue and ADR for Animated Feature Film",Spider-Man: Into the Spider-Verse,TRUE,Ando Johnson,sound effects editor,FALSE,,
2018,"Sound Effects, Foley, Dialogue and ADR for Animated Feature Film",Spider-Man: Into the Spider-Verse,TRUE,Andy Sisul,sound effects editor,FALSE,,
2018,"Sound Effects, Foley, Dialogue and ADR for Animated Feature Film",Spider-Man: Into the Spider-Verse,TRUE,Benjamin L. Cook,sound effects editor,FALSE,,
2018,"Sound Effects, Foley, Dialogue and ADR for Animated Feature Film",Spider-Man: Into the Spider-Verse,TRUE,Christopher S. Aud,sound effects editor,FALSE,,
2018,"Sound Effects, Foley, Dialogue and ADR for Animated Feature Film",Spider-Man: Into the Spider-Verse,TRUE,Curt Schulkey,sound editor,TRUE,,
2018,"Sound Effects, Foley, Dialogue and ADR for Animated Feature Film",Spider-Man: Into the Spider-Verse,TRUE,David Werntz,sound effects editor,FALSE,,
2018,"Sound Effects, Foley, Dialogue and ADR for Animated Feature Film",Spider-Man: Into the Spider-Verse,TRUE,Donald Flick,sound effects editor,FALSE,,
2018,"Sound Effects, Foley, Dialogue and ADR for Animated Feature Film",Spider-Man: Into the Spider-Verse,TRUE,Gary A. Hecker,foley artist,FALSE,,
2018,"Sound Effects, Foley, Dialogue and ADR for Animated Feature Film",Spider-Man: Into the Spider-Verse,TRUE,Geoffrey G. Rubay,sound editor,TRUE,,
2018,"Sound Effects, Foley, Dialogue and ADR for Animated Feature Film",Spider-Man: Into the Spider-Verse,TRUE,James Morioka,dialogue editor,FALSE,,
2018,"Sound Effects, Foley, Dialogue and ADR for Animated Feature Film",Spider-Man: Into the Spider-Verse,TRUE,John Pospisil,sound designer,FALSE,,
2018,"Sound Effects, Foley, Dialogue and ADR for Animated Feature Film",Spider-Man: Into the Spider-Verse,TRUE,Kip Smedley,sound effects editor,FALSE,,
2018,"Sound Effects, Foley, Dialogue and ADR for Animated Feature Film",Spider-Man: Into the Spider-Verse,TRUE,Matthew E. Taylor,dialogue editor,FALSE,,
2018,"Sound Effects, Foley, Dialogue and ADR for Animated Feature Film",Spider-Man: Into the Spider-Verse,TRUE,Michael A. Reagan,sound effects editor,FALSE,,
2018,"Sound Effects, Foley, Dialogue and ADR for Animated Feature Film",Spider-Man: Into the Spider-Verse,TRUE,Michael Broomberg,foley artist,FALSE,,
2018,"Sound Effects, Foley, Dialogue and ADR for Animated Feature Film",Spider-Man: Into the Spider-Verse,TRUE,Rick Owens,foley artist,FALSE,,
2018,"Sound Effects, Foley, Dialogue and ADR for Animated Feature Film",Incredibles 2,FALSE,Cheryl Nardi,adr editor,TRUE,,
2018,"Sound Effects, Foley, Dialogue and ADR for Animated Feature Film",Incredibles 2,FALSE,Coya Elliott,sound editor,TRUE,,
2018,"Sound Effects, Foley, Dialogue and ADR for Animated Feature Film",Incredibles 2,FALSE,Dee Selby,foley editor,FALSE,,
2018,"Sound Effects, Foley, Dialogue and ADR for Animated Feature Film",Incredibles 2,FALSE,Frank E. Eulner,sound effects editor,FALSE,,
2018,"Sound Effects, Foley, Dialogue and ADR for Animated Feature Film",Incredibles 2,FALSE,John Roesch,foley artist,FALSE,,
2018,"Sound Effects, Foley, Dialogue and ADR for Animated Feature Film",Incredibles 2,FALSE,Jonathan Borland,sound effects editor,FALSE,,
2018,"Sound Effects, Foley, Dialogue and ADR for Animated Feature Film",Incredibles 2,FALSE,Jonathon Stevens,sound effects editor,FALSE,,
2018,"Sound Effects, Foley, Dialogue and ADR for Animated Feature Film",Incredibles 2,FALSE,Ren Klyce,sound editor,TRUE,,
2018,"Sound Effects, Foley, Dialogue and ADR for Animated Feature Film",Incredibles 2,FALSE,Shelley Roden,foley artist,FALSE,,
2018,"Sound Effects, Foley, Dialogue and ADR for Animated Feature Film",Incredibles 2,FALSE,Steve Bissinger,sound effects editor,FALSE,,
2018,"Sound Effects, Foley, Dialogue and ADR for Animated Feature Film",Incredibles 2,FALSE,Steve Orlando,sound effects editor,FALSE,,
2018,"Sound Effects, Foley, Dialogue and ADR for Animated Feature Film",Incredibles 2,FALSE,Teresa Eckton,sound effects editor,FALSE,,
2018,"Sound Effects, Foley, Dialogue and ADR for Animated Feature Film",Incredibles 2,FALSE,Thom Brennan,foley editor,FALSE,,
2018,"Sound Effects, Foley, Dialogue and ADR for Animated Feature Film",Isle of Dogs,FALSE,Christopher Scarabosio,sound editor,TRUE,,
2018,"Sound Effects, Foley, Dialogue and ADR for Animated Feature Film",Isle of Dogs,FALSE,Peter Persaud,foley editor,FALSE,,
2018,"Sound Effects, Foley, Dialogue and ADR for Animated Feature Film",Isle of Dogs,FALSE,Steve Baine,foley artist,FALSE,,
2018,"Sound Effects, Foley, Dialogue and ADR for Animated Feature Film",Isle of Dogs,FALSE,Wayne Lemmer,sound editor,TRUE,,
2018,"Sound Effects, Foley, Dialogue and ADR for Animated Feature Film",Peter Rabbit,FALSE,Adam Connelly,foley editor,FALSE,,
2018,"Sound Effects, Foley, Dialogue and ADR for Animated Feature Film",Peter Rabbit,FALSE,Andy Wright,sound editor,TRUE,,
2018,"Sound Effects, Foley, Dialogue and ADR for Animated Feature Film",Peter Rabbit,FALSE,Leah Katz,dialogue,FALSE,,
2018,"Sound Effects, Foley, Dialogue and ADR for Animated Feature Film",Peter Rabbit,FALSE,Leah Katz,adr editor,FALSE,,
2018,"Sound Effects, Foley, Dialogue and ADR for Animated Feature Film",Peter Rabbit,FALSE,Mario Vaccaro,foley artist,FALSE,,
2018,"Sound Effects, Foley, Dialogue and ADR for Animated Feature Film",Peter Rabbit,FALSE,Mark Franken,dialogue,TRUE,,
2018,"Sound Effects, Foley, Dialogue and ADR for Animated Feature Film",Peter Rabbit,FALSE,Mark Franken,adr editor,FALSE,,
2018,"Sound Effects, Foley, Dialogue and ADR for Animated Feature Film",Peter Rabbit,FALSE,Mia Stewart,dialogue,FALSE,,
2018,"Sound Effects, Foley, Dialogue and ADR for Animated Feature Film",Peter Rabbit,FALSE,Mia Stewart,adr editor,FALSE,,
2018,"Sound Effects, Foley, Dialogue and ADR for Animated Feature Film",Peter Rabbit,FALSE,Mick Boraso,sound effects editor,FALSE,,
2018,"Sound Effects, Foley, Dialogue and ADR for Animated Feature Film",Peter Rabbit,FALSE,Robert Mackenzie,sound editor,TRUE,,
2018,"Sound Effects, Foley, Dialogue and ADR for Animated Feature Film",Peter Rabbit,FALSE,Steve Burgess,foley editor,FALSE,,
2018,"Sound Effects, Foley, Dialogue and ADR for Animated Feature Film",Peter Rabbit,FALSE,Tara Webb,sound effects editor,FALSE,,
2018,"Sound Effects, Foley, Dialogue and ADR for Animated Feature Film",Peter Rabbit,FALSE,Ulrika Akander,adr editor,TRUE,,
2018,"Sound Effects, Foley, Dialogue and ADR for Animated Feature Film",Ralph Breaks the Internet,FALSE,Addison Teague,sound editor,TRUE,,
2018,"Sound Effects, Foley, Dialogue and ADR for Animated Feature Film",Ralph Breaks the Internet,FALSE,Christopher Flick,foley editor,FALSE,,
2018,"Sound Effects, Foley, Dialogue and ADR for Animated Feature Film",Ralph Breaks the Internet,FALSE,Gary Rydstrom,sound designer,FALSE,,
2018,"Sound Effects, Foley, Dialogue and ADR for Animated Feature Film",Ralph Breaks the Internet,FALSE,Jacob Riehle,sound editor,TRUE,,
2018,"Sound Effects, Foley, Dialogue and ADR for Animated Feature Film",Ralph Breaks the Internet,FALSE,Jeremy Bowker,sound designer,FALSE,,
2018,"Sound Effects, Foley, Dialogue and ADR for Animated Feature Film",Ralph Breaks the Internet,FALSE,John Roesch,foley artist,FALSE,,
2018,"Sound Effects, Foley, Dialogue and ADR for Animated Feature Film",Ralph Breaks the Internet,FALSE,Lee Gilmore,sound effects editor,FALSE,,
2018,"Sound Effects, Foley, Dialogue and ADR for Animated Feature Film",Ralph Breaks the Internet,FALSE,Samson Neslund,sound effects editor,FALSE,,
2018,"Sound Effects, Foley, Dialogue and ADR for Animated Feature Film",Ralph Breaks the Internet,FALSE,Shelley Roden,foley artist,FALSE,,
2018,"Sound Effects, Foley, Dialogue and ADR for Animated Feature Film",Ralph Breaks the Internet,FALSE,Willard Overstreet,foley editor,FALSE,,
2018,"Sound Effects, Foley, Dialogue and ADR for Animated Feature Film",Smallfoot,FALSE,Catherine Harper,foley artist,FALSE,,
2018,"Sound Effects, Foley, Dialogue and ADR for Animated Feature Film",Smallfoot,FALSE,Chris Diebold,sound effects editor,FALSE,,
2018,"Sound Effects, Foley, Dialogue and ADR for Animated Feature Film",Smallfoot,FALSE,Dan Kenyon,foley editor,FALSE,,
2018,"Sound Effects, Foley, Dialogue and ADR for Animated Feature Film",Smallfoot,FALSE,Harrison Meyle,adr editor,TRUE,,
2018,"Sound Effects, Foley, Dialogue and ADR for Animated Feature Film",Smallfoot,FALSE,Jeff Sawyer,sound effects,FALSE,,
2018,"Sound Effects, Foley, Dialogue and ADR for Animated Feature Film",Smallfoot,FALSE,Jeff Sawyer,foley editor,FALSE,,
2018,"Sound Effects, Foley, Dialogue and ADR for Animated Feature Film",Smallfoot,FALSE,Katherine Rose,foley artist,FALSE,,
2018,"Sound Effects, Foley, Dialogue and ADR for Animated Feature Film",Smallfoot,FALSE,Michael Babcock,sound editor,TRUE,,
2018,"Sound Effects, Foley, Dialogue and ADR for Animated Feature Film",Smallfoot,FALSE,Michael Babcock,sound designer,FALSE,,
2018,"Sound Effects, Foley, Dialogue and ADR for Animated Feature Film",The Grinch,FALSE,Bonnie Wild,sound effects editor,FALSE,,
2018,"Sound Effects, Foley, Dialogue and ADR for Animated Feature Film",The Grinch,FALSE,Cheryl Nardi,dialogue editor,TRUE,,
2018,"Sound Effects, Foley, Dialogue and ADR for Animated Feature Film",The Grinch,FALSE,David Acord,sound editor,TRUE,,
2018,"Sound Effects, Foley, Dialogue and ADR for Animated Feature Film",The Grinch,FALSE,Dennis Leonard,sound editor,TRUE,,
2018,"Sound Effects, Foley, Dialogue and ADR for Animated Feature Film",The Grinch,FALSE,Geoff Vaughan,foley artist,FALSE,,
2018,"Sound Effects, Foley, Dialogue and ADR for Animated Feature Film",The Grinch,FALSE,James Likowski,foley editor,FALSE,,
2018,"Sound Effects, Foley, Dialogue and ADR for Animated Feature Film",The Grinch,FALSE,Jana Vance,foley artist,FALSE,,
2018,"Sound Effects, Foley, Dialogue and ADR for Animated Feature Film",The Grinch,FALSE,Jonathan Greber,dialogue editor,FALSE,,
2018,"Sound Effects, Foley, Dialogue and ADR for Animated Feature Film",The Grinch,FALSE,Pascal Garneau,sound effects editor,FALSE,,
2018,"Sound Effects, Foley, Dialogue and ADR for Foreign Language Feature Film",Roma,TRUE,Alan Romero,foley artist,FALSE,,Mexico
2018,"Sound Effects, Foley, Dialogue and ADR for Foreign Language Feature Film",Roma,TRUE,Alexa Zimmerman,adr editor,FALSE,,Mexico
2018,"Sound Effects, Foley, Dialogue and ADR for Foreign Language Feature Film",Roma,TRUE,Caleb Townsend,dialogue editor,FALSE,,Mexico
2018,"Sound Effects, Foley, Dialogue and ADR for Foreign Language Feature Film",Roma,TRUE,Carlos Honc,dialogue,TRUE,,Mexico
2018,"Sound Effects, Foley, Dialogue and ADR for Foreign Language Feature Film",Roma,TRUE,Carlos Honc,adr editor,FALSE,,Mexico
2018,"Sound Effects, Foley, Dialogue and ADR for Foreign Language Feature Film",Roma,TRUE,Craig Berkey,sound effects editor,FALSE,,Mexico
2018,"Sound Effects, Foley, Dialogue and ADR for Foreign Language Feature Film",Roma,TRUE,Eric Dounce,sound effects editor,FALSE,,Mexico
2018,"Sound Effects, Foley, Dialogue and ADR for Foreign Language Feature Film",Roma,TRUE,Igor Nikolic,foley editor,FALSE,,Mexico
2018,"Sound Effects, Foley, Dialogue and ADR for Foreign Language Feature Film",Roma,TRUE,Jaime Sainz Cuevas,foley editor,FALSE,,Mexico
2018,"Sound Effects, Foley, Dialogue and ADR for Foreign Language Feature Film",Roma,TRUE,Javier Quesada,sound effects editor,FALSE,,Mexico
2018,"Sound Effects, Foley, Dialogue and ADR for Foreign Language Feature Film",Roma,TRUE,Jay Peck,foley artist,FALSE,,Mexico
2018,"Sound Effects, Foley, Dialogue and ADR for Foreign Language Feature Film",Roma,TRUE,Luis Huesca,sound effects editor,FALSE,,Mexico
2018,"Sound Effects, Foley, Dialogue and ADR for Foreign Language Feature Film",Roma,TRUE,Luis Omar Parra,sound effects editor,FALSE,,Mexico
2018,"Sound Effects, Foley, Dialogue and ADR for Foreign Language Feature Film",Roma,TRUE,Manuel Montaño,dialogue editor,FALSE,,Mexico
2018,"Sound Effects, Foley, Dialogue and ADR for Foreign Language Feature Film",Roma,TRUE,Michael Feuser,dialogue,FALSE,,Mexico
2018,"Sound Effects, Foley, Dialogue and ADR for Foreign Language Feature Film",Roma,TRUE,Michael Feuser,adr editor,FALSE,,Mexico
2018,"Sound Effects, Foley, Dialogue and ADR for Foreign Language Feature Film",Roma,TRUE,Mitch Osias,sound effects editor,FALSE,,Mexico
2018,"Sound Effects, Foley, Dialogue and ADR for Foreign Language Feature Film",Roma,TRUE,Ruy García,adr editor,TRUE,,Mexico
2018,"Sound Effects, Foley, Dialogue and ADR for Foreign Language Feature Film",Roma,TRUE,Sergio Diaz,sound editors,TRUE,,Mexico
2018,"Sound Effects, Foley, Dialogue and ADR for Foreign Language Feature Film",Roma,TRUE,Sergio Diaz,sound designer,FALSE,,Mexico
2018,"Sound Effects, Foley, Dialogue and ADR for Foreign Language Feature Film",Roma,TRUE,Skip Lievsay,sound editors,TRUE,,Mexico
2018,"Sound Effects, Foley, Dialogue and ADR for Foreign Language Feature Film",Roma,TRUE,Skip Lievsay,sound designer,FALSE,,Mexico
2018,"Sound Effects, Foley, Dialogue and ADR for Foreign Language Feature Film",2,FALSE,Amrit Pritam Dutta,sound editor,TRUE,,India
2018,"Sound Effects, Foley, Dialogue and ADR for Foreign Language Feature Film",2,FALSE,Arunav Dutta,sound effects editor,FALSE,,India
2018,"Sound Effects, Foley, Dialogue and ADR for Foreign Language Feature Film",2,FALSE,Diego S. Staub,foley artist,FALSE,,India
2018,"Sound Effects, Foley, Dialogue and ADR for Foreign Language Feature Film",2,FALSE,Jagdish Nachnekar,sound effects editor,FALSE,,India
2018,"Sound Effects, Foley, Dialogue and ADR for Foreign Language Feature Film",2,FALSE,Krishnanunny Kj,dialogue editor,FALSE,,India
2018,"Sound Effects, Foley, Dialogue and ADR for Foreign Language Feature Film",2,FALSE,Miguel Barbosa,foley artist,FALSE,,India
2018,"Sound Effects, Foley, Dialogue and ADR for Foreign Language Feature Film",2,FALSE,Resul Pookutty,sound editor,TRUE,,India
2018,"Sound Effects, Foley, Dialogue and ADR for Foreign Language Feature Film",2,FALSE,Surabhi Pandit,sound effects editor,FALSE,,India
2018,"Sound Effects, Foley, Dialogue and ADR for Foreign Language Feature Film",2,FALSE,Vijaykumar Mahadevaiah,sound effects editor,FALSE,,India
2018,"Sound Effects, Foley, Dialogue and ADR for Foreign Language Feature Film",Capernaum,FALSE,Chadi Roukoz,sound editor,TRUE,,Lebanon
2018,"Sound Effects, Foley, Dialogue and ADR for Foreign Language Feature Film",Capernaum,FALSE,Chadi Roukoz,sound designer,FALSE,,Lebanon
2018,"Sound Effects, Foley, Dialogue and ADR for Foreign Language Feature Film",Capernaum,FALSE,Eric Grattepain,foley artist,FALSE,,Lebanon
2018,"Sound Effects, Foley, Dialogue and ADR for Foreign Language Feature Film",Capernaum,FALSE,Karine Bacha,dialogue editor,FALSE,,Lebanon
2018,"Sound Effects, Foley, Dialogue and ADR for Foreign Language Feature Film",Capernaum,FALSE,Patrick Egreteau,foley artist,FALSE,,Lebanon
2018,"Sound Effects, Foley, Dialogue and ADR for Foreign Language Feature Film",Capernaum,FALSE,Simon Hanin,sound effects editor,FALSE,,Lebanon
2018,"Sound Effects, Foley, Dialogue and ADR for Foreign Language Feature Film",Cold War,FALSE,Grzegorz Koniarz,foley artist,FALSE,,Poland
2018,"Sound Effects, Foley, Dialogue and ADR for Foreign Language Feature Film",Cold War,FALSE,Grzegorz Sieradzki,foley artist,FALSE,,Poland
2018,"Sound Effects, Foley, Dialogue and ADR for Foreign Language Feature Film",Cold War,FALSE,Jacek Tarkowski,adr editor,FALSE,,Poland
2018,"Sound Effects, Foley, Dialogue and ADR for Foreign Language Feature Film",Cold War,FALSE,Lukasz Swierzawski,sound designer,FALSE,,Poland
2018,"Sound Effects, Foley, Dialogue and ADR for Foreign Language Feature Film",Cold War,FALSE,Maciej Pawlowski,sound editor,TRUE,,Poland
2018,"Sound Effects, Foley, Dialogue and ADR for Foreign Language Feature Film",Cold War,FALSE,Maciej Pawlowski,sound designer,FALSE,,Poland
2018,"Sound Effects, Foley, Dialogue and ADR for Foreign Language Feature Film",Cold War,FALSE,Maciej Pawlowski,dialogue editor,FALSE,,Poland
2018,"Sound Effects, Foley, Dialogue and ADR for Foreign Language Feature Film",Cold War,FALSE,Wojciech Slawacki,adr editor,FALSE,,Poland
2018,"Sound Effects, Foley, Dialogue and ADR for Foreign Language Feature Film",Never Look Away,FALSE,Achim Hofmann,adr editor,FALSE,,Germany
2018,"Sound Effects, Foley, Dialogue and ADR for Foreign Language Feature Film",Never Look Away,FALSE,Benjamin Schäfer,adr editor,FALSE,,Germany
2018,"Sound Effects, Foley, Dialogue and ADR for Foreign Language Feature Film",Never Look Away,FALSE,Christoph von Schönburg,sound editor,TRUE,,Germany
2018,"Sound Effects, Foley, Dialogue and ADR for Foreign Language Feature Film",Never Look Away,FALSE,Christoph von Schönburg,sound designer,FALSE,,Germany
2018,"Sound Effects, Foley, Dialogue and ADR for Foreign Language Feature Film",Never Look Away,FALSE,Magda Habernickel,adr editor,FALSE,,Germany
2018,"Sound Effects, Foley, Dialogue and ADR for Foreign Language Feature Film",Never Look Away,FALSE,Max Bauer,foley artist,FALSE,,Germany
2018,"Sound Effects, Foley, Dialogue and ADR for Foreign Language Feature Film",Never Look Away,FALSE,Normann Büttner,foley editor,FALSE,,Germany
2018,"Sound Effects, Foley, Dialogue and ADR for Foreign Language Feature Film",Never Look Away,FALSE,Stephan Fandrych,adr editor,TRUE,,Germany
2018,"Sound Effects, Foley, Dialogue and ADR for Foreign Language Feature Film",Never Look Away,FALSE,Thomas Kalbér,dialogue editor,TRUE,,Germany
2018,"Sound Effects, Foley, Dialogue and ADR for Foreign Language Feature Film",Never Look Away,FALSE,Wolfi Müller,foley editor,FALSE,,Germany
2018,"Sound Effects, Foley, Dialogue and ADR for Foreign Language Feature Film",Redbad,FALSE,Eric Offin,sound designer,FALSE,,Netherlands
2018,"Sound Effects, Foley, Dialogue and ADR for Foreign Language Feature Film",Redbad,FALSE,J. Murphy Ryan,sound editor,TRUE,,Netherlands
2018,"Sound Effects, Foley, Dialogue and ADR for Foreign Language Feature Film",Redbad,FALSE,Jan Bezouska,sound effects editor,FALSE,,Netherlands
2018,"Sound Effects, Foley, Dialogue and ADR for Foreign Language Feature Film",Redbad,FALSE,Jonathan Wales,sound editor,TRUE,,Netherlands
2018,"Sound Effects, Foley, Dialogue and ADR for Foreign Language Feature Film",Redbad,FALSE,Julien Naudin,foley artist,FALSE,,Netherlands
2018,"Sound Effects, Foley, Dialogue and ADR for Foreign Language Feature Film",Redbad,FALSE,Paul Bijpost,dialogue editor,FALSE,,Netherlands
2018,"Sound Effects, Foley, Dialogue and ADR for Foreign Language Feature Film",Redbad,FALSE,Taylor Westerfield,foley editor,FALSE,,Netherlands
2018,"Sound Effects, Foley, Dialogue and ADR for Foreign Language Feature Film",The Guilty,FALSE,Lasse Joen Sørensen,foley editor,FALSE,,Denmark
2018,"Sound Effects, Foley, Dialogue and ADR for Foreign Language Feature Film",The Guilty,FALSE,Oskar Skriver,sound editor,TRUE,,Denmark
2018,"Sound Effects, Foley, Dialogue and ADR for Foreign Language Feature Film",The Guilty,FALSE,Philip Nicolai Flindt,sound effects editor,FALSE,,Denmark
2018,"Sound Effects, Foley, Dialogue and ADR for Foreign Language Feature Film",The Guilty,FALSE,Torben Greve,foley artist,FALSE,,Denmark
2018,"Sound Effects, Foley, Dialogue and ADR for Foreign Language Feature Film",The Happy Prince,FALSE,Antony Gray,adr editor,TRUE,,Germany Belgium
2018,"Sound Effects, Foley, Dialogue and ADR for Foreign Language Feature Film",The Happy Prince,FALSE,François Dumont,sound editor,TRUE,,Germany Belgium
2018,"Sound Effects, Foley, Dialogue and ADR for Foreign Language Feature Film",The Happy Prince,FALSE,François Dumont,foley editor,FALSE,,Germany Belgium
2018,"Sound Effects, Foley, Dialogue and ADR for Foreign Language Feature Film",The Happy Prince,FALSE,Gervaise Demeure,sound effects editor,FALSE,,Germany Belgium
2018,"Sound Effects, Foley, Dialogue and ADR for Foreign Language Feature Film",The Happy Prince,FALSE,Jérémy Hassid,sound designer,FALSE,,Germany Belgium
2018,"Sound Effects, Foley, Dialogue and ADR for Foreign Language Feature Film",The Happy Prince,FALSE,Jeroen Truijens,dialogue editor,FALSE,,Germany Belgium
2018,"Sound Effects, Foley, Dialogue and ADR for Foreign Language Feature Film",The Happy Prince,FALSE,Vincent Maloumian,foley artist,FALSE,,Germany Belgium
2018,"Sound Effects, Foley, Dialogue and ADR for Foreign Language Feature Film",Winter Brothers,FALSE,Hans Christian Arnt Torp,dialogue editor,FALSE,,
2018,"Sound Effects, Foley, Dialogue and ADR for Foreign Language Feature Film",Winter Brothers,FALSE,Heikki Kossi,foley artist,FALSE,,
2018,"Sound Effects, Foley, Dialogue and ADR for Foreign Language Feature Film",Winter Brothers,FALSE,Lars Halvorsen,sound editor,TRUE,,
2018,"Sound Effects, Foley, Dialogue and ADR for Foreign Language Feature Film",Winter Brothers,FALSE,Pietu Korhonen,foley editor,FALSE,,
2017,Dialogue and ADR for Feature Film,War for the Planet of the Apes,TRUE,Doug Jackson,fx editors: ape,FALSE,Sound Editing,
2017,Dialogue and ADR for Feature Film,War for the Planet of the Apes,TRUE,Douglas Murray,sound editor,TRUE,Sound Editing,
2017,Dialogue and ADR for Feature Film,War for the Planet of the Apes,TRUE,Jim Brookshire,dialogue,FALSE,Sound Editing,
2017,Dialogue and ADR for Feature Film,War for the Planet of the Apes,TRUE,Jim Brookshire,adr editor,FALSE,Sound Editing,
2017,Dialogue and ADR for Feature Film,War for the Planet of the Apes,TRUE,Kim Foscato,dialogue,FALSE,Sound Editing,
2017,Dialogue and ADR for Feature Film,War for the Planet of the Apes,TRUE,Kim Foscato,adr editor,FALSE,Sound Editing,
2017,Dialogue and ADR for Feature Film,War for the Planet of the Apes,TRUE,Laura Graham,dialogue,FALSE,Sound Editing,
2017,Dialogue and ADR for Feature Film,War for the Planet of the Apes,TRUE,Laura Graham,adr editor,FALSE,Sound Editing,
2017,Dialogue and ADR for Feature Film,War for the Planet of the Apes,TRUE,Lindsey Alvarez,fx editors: ape,FALSE,Sound Editing,
2017,Dialogue and ADR for Feature Film,War for the Planet of the Apes,TRUE,P.K. Hooker,sound effects editor,FALSE,Sound Editing,
2017,Dialogue and ADR for Feature Film,War for the Planet of the Apes,TRUE,R.J. Kizer,dialogue editor,TRUE,Sound Editing,
2017,Dialogue and ADR for Feature Film,War for the Planet of the Apes,TRUE,Will Files,sound editor,TRUE,Sound Editing,
2017,Dialogue and ADR for Feature Film,Baby Driver,FALSE,Dan Morgan,dialogue editor,TRUE,Sound Editing,
2017,Dialogue and ADR for Feature Film,Baby Driver,FALSE,Julian Slater,sound editor,TRUE,Sound Editing,
2017,Dialogue and ADR for Feature Film,Blade Runner 2049,FALSE,Byron Wilson,dialogue editor,TRUE,Sound Editing,
2017,Dialogue and ADR for Feature Film,Blade Runner 2049,FALSE,Mark Mangini,sound editor,TRUE,Sound Editing,
2017,Dialogue and ADR for Feature Film,Blade Runner 2049,FALSE,Michael Hertlein,dialogue editor,FALSE,Sound Editing,
2017,Dialogue and ADR for Feature Film,Darkest Hour,FALSE,Becki Ponting,sound editor,TRUE,Sound Editing,
2017,Dialogue and ADR for Feature Film,Darkest Hour,FALSE,Craig Berkey,sound editor,TRUE,Sound Editing,
2017,Dialogue and ADR for Feature Film,Darkest Hour,FALSE,Michael Maroussas,dialogue editor,FALSE,Sound Editing,
2017,Dialogue and ADR for Feature Film,Detroit,FALSE,Daniel Saxlid,adr editor,TRUE,Sound Editing,
2017,Dialogue and ADR for Feature Film,Detroit,FALSE,Laura Graham,adr editor,TRUE,Sound Editing,
2017,Dialogue and ADR for Feature Film,Detroit,FALSE,Paul N. J. Ottosson,sound editor,TRUE,Sound Editing,
2017,Dialogue and ADR for Feature Film,Detroit,FALSE,Robert Troy,dialogue editor,FALSE,Sound Editing,
2017,Dialogue and ADR for Feature Film,Dunkirk,FALSE,David Bach,adr editor,TRUE,Sound Editing,
2017,Dialogue and ADR for Feature Film,Dunkirk,FALSE,Hugo Weng,sound editor,TRUE,Sound Editing,
2017,Dialogue and ADR for Feature Film,Dunkirk,FALSE,Russell Farmarco,adr editor,FALSE,Sound Editing,
2017,Dialogue and ADR for Feature Film,The Shape of Water,FALSE,Jill Purdy,dialogue editor,FALSE,Sound Editing,
2017,Dialogue and ADR for Feature Film,The Shape of Water,FALSE,Nathan Robitaille,sound editor,TRUE,Sound Editing,
2017,Dialogue and ADR for Feature Film,The Shape of Water,FALSE,Nelson Ferreira,dialogue editor,TRUE,Sound Editing,
2017,Dialogue and ADR for Feature Film,"Three Billboards Outside Ebbing, Missouri",FALSE,Brian Bowles,adr editor,FALSE,Sound Editing,
2017,Dialogue and ADR for Feature Film,"Three Billboards Outside Ebbing, Missouri",FALSE,Joakim Sundström,sound editor,TRUE,Sound Editing,
2017,Dialogue and ADR for Feature Film,"Three Billboards Outside Ebbing, Missouri",FALSE,Matthew Skelding,dialogue editor,FALSE,Sound Editing,
2017,Feature Underscore,Dunkirk,TRUE,Alex Gibson,music editor,TRUE,,
2017,Feature Underscore,Dunkirk,TRUE,Ryan Rubin,music editor,FALSE,,
2017,Feature Underscore,Baby Driver,FALSE,Bradley Farmer,music editor,FALSE,,
2017,Feature Underscore,Baby Driver,FALSE,Julian Slater,music editor,TRUE,,
2017,Feature Underscore,Blade Runner 2049,FALSE,Clint Bennett,music editor,TRUE,,
2017,Feature Underscore,Blade Runner 2049,FALSE,Del Spiva,music editor,FALSE,,
2017,Feature Underscore,Blade Runner 2049,FALSE,Ryan Rubin,music editor,FALSE,,
2017,Feature Underscore,King Arthur: Legend of the Sword,FALSE,Ben Smithers,music editor,FALSE,,
2017,Feature Underscore,King Arthur: Legend of the Sword,FALSE,Simon Changer,music editor,TRUE,,
2017,Feature Underscore,The Lost City of Z,FALSE,Katherine Gordon Miller,music editor,FALSE,,
2017,Feature Underscore,The Shape of Water,FALSE,Cam McLauchlin,music editor,FALSE,,
2017,Feature Underscore,The Shape of Water,FALSE,Dustin Harris,music editor,FALSE,,
2017,Feature Underscore,The Shape of Water,FALSE,Rob Hegedus,music editor,FALSE,,
2017,Feature Underscore,Transformers: The Last Knight,FALSE,Alex Gibson,music editor,TRUE,,
2017,Feature Underscore,Transformers: The Last Knight,FALSE,Bryan Lawson,music editor,FALSE,,
2017,Feature Underscore,Transformers: The Last Knight,FALSE,Dane Leon,music editor,FALSE,,
2017,Feature Underscore,Transformers: The Last Knight,FALSE,Daniel DiPrima,music editor,FALSE,,
2017,Feature Underscore,Transformers: The Last Knight,FALSE,Darrell Hall,music editor,FALSE,,
2017,Feature Underscore,Transformers: The Last Knight,FALSE,Jason Ruder,music editor,FALSE,,
2017,Feature Underscore,Transformers: The Last Knight,FALSE,Jeanette Surga,music editor,FALSE,,
2017,Feature Underscore,Transformers: The Last Knight,FALSE,Philip Tallman,music editor,FALSE,,
2017,Feature Underscore,Wonder Woman,FALSE,Christopher Benstead,music editor,FALSE,,
2017,Feature Underscore,Wonder Woman,FALSE,Gerard McCann,music editor,FALSE,,
2017,Feature Underscore,Wonder Woman,FALSE,J.J. George,music editor,FALSE,,
2017,Feature Underscore,Wonder Woman,FALSE,Simon Changer,music editor,FALSE,,
2017,Musical for Feature Film,The Greatest Showman,TRUE,Jeff Carson,music editor,FALSE,,
2017,Musical for Feature Film,The Greatest Showman,TRUE,Jen Monnar,music editor,TRUE,,
2017,Musical for Feature Film,The Greatest Showman,TRUE,Jim Harrison,music editor,FALSE,,
2017,Musical for Feature Film,The Greatest Showman,TRUE,Peter Myles,music editor,FALSE,,
2017,Musical for Feature Film,The Greatest Showman,TRUE,Sheri Ozeki,music editor,FALSE,,
2017,Musical for Feature Film,The Greatest Showman,TRUE,Ted Caplan,music editor,FALSE,,
2017,Musical for Feature Film,Beauty and the Beast,FALSE,Christopher Benstead,music editor,TRUE,,
2017,Musical for Feature Film,Beauty and the Beast,FALSE,Christopher Brooks,music editor,FALSE,,
2017,Musical for Feature Film,Beauty and the Beast,FALSE,Robin Baynton,scoring editor,FALSE,,
2017,Musical for Feature Film,Beauty and the Beast,FALSE,Robin Morrison,music editor,FALSE,,
2017,Musical for Feature Film,Coco,FALSE,Stephen M. Davis,music editor,TRUE,,
2017,Musical for Feature Film,Coco,FALSE,Warren Brown,music editor,FALSE,,
2017,Sound Effects and Foley for Feature Film,Blade Runner 2049,TRUE,Andy Malcolm,foley artist,FALSE,Sound Editing,
2017,Sound Effects and Foley for Feature Film,Blade Runner 2049,TRUE,Charlie Campagna,sound effects editor,FALSE,Sound Editing,
2017,Sound Effects and Foley for Feature Film,Blade Runner 2049,TRUE,Christopher S. Aud,sound effects editor,FALSE,Sound Editing,
2017,Sound Effects and Foley for Feature Film,Blade Runner 2049,TRUE,Dave Whitehead,sound effects editor,FALSE,Sound Editing,
2017,Sound Effects and Foley for Feature Film,Blade Runner 2049,TRUE,Elliot Connors,sound effects editor,FALSE,Sound Editing,
2017,Sound Effects and Foley for Feature Film,Blade Runner 2049,TRUE,Ezra Dweck,foley editor,FALSE,Sound Editing,
2017,Sound Effects and Foley for Feature Film,Blade Runner 2049,TRUE,Goro Koyama,foley artist,FALSE,Sound Editing,
2017,Sound Effects and Foley for Feature Film,Blade Runner 2049,TRUE,Greg ten Bosch,sound effects editor,FALSE,Sound Editing,
2017,Sound Effects and Foley for Feature Film,Blade Runner 2049,TRUE,Lee Gilmore,sound effects editor,FALSE,Sound Editing,
2017,Sound Effects and Foley for Feature Film,Blade Runner 2049,TRUE,Mark Mangini,sound editor,TRUE,Sound Editing,
2017,Sound Effects and Foley for Feature Film,Blade Runner 2049,TRUE,Theo Green,sound designer,FALSE,Sound Editing,
2017,Sound Effects and Foley for Feature Film,Baby Driver,FALSE,Arthur Graley,sound effects editor,FALSE,Sound Editing,
2017,Sound Effects and Foley for Feature Film,Baby Driver,FALSE,Jeremy Price,sound effects editor,FALSE,Sound Editing,
2017,Sound Effects and Foley for Feature Film,Baby Driver,FALSE,Julian Slater,sound editor,TRUE,Sound Editing,
2017,Sound Effects and Foley for Feature Film,Baby Driver,FALSE,Martin Cantwell,sound effects editor,FALSE,Sound Editing,
2017,Sound Effects and Foley for Feature Film,Baby Driver,FALSE,Peter Burgis,foley artist,FALSE,Sound Editing,
2017,Sound Effects and Foley for Feature Film,Baby Driver,FALSE,Peter Hanson,foley editor,FALSE,Sound Editing,
2017,Sound Effects and Foley for Feature Film,Baby Driver,FALSE,Rowan Watson,sound effects editor,FALSE,Sound Editing,
2017,Sound Effects and Foley for Feature Film,Baby Driver,FALSE,Zoe Freed,foley artist,FALSE,Sound Editing,
2017,Sound Effects and Foley for Feature Film,Dunkirk,FALSE,John Roesch,foley artist,FALSE,Sound Editing,
2017,Sound Effects and Foley for Feature Film,Dunkirk,FALSE,Michael Dressel,foley editor,FALSE,Sound Editing,
2017,Sound Effects and Foley for Feature Film,Dunkirk,FALSE,Michael W. Mitchell,sound effects editor,FALSE,Sound Editing,
2017,Sound Effects and Foley for Feature Film,Dunkirk,FALSE,Randy Torres,sound effects editor,FALSE,Sound Editing,
2017,Sound Effects and Foley for Feature Film,Dunkirk,FALSE,Richard King,sound editor,TRUE,Sound Editing,
2017,Sound Effects and Foley for Feature Film,Dunkirk,FALSE,Shelley Roden,foley artist,FALSE,Sound Editing,
2017,Sound Effects and Foley for Feature Film,Logan,FALSE,Dan O'Connell,foley artist,FALSE,Sound Editing,
2017,Sound Effects and Foley for Feature Film,Logan,FALSE,Donald Sylvester,sound editor,TRUE,Sound Editing,
2017,Sound Effects and Foley for Feature Film,Logan,FALSE,Doug Jackson,sound effects editor,FALSE,Sound Editing,
2017,Sound Effects and Foley for Feature Film,Logan,FALSE,Hamilton Sterling,sound designer,FALSE,Sound Editing,
2017,Sound Effects and Foley for Feature Film,Logan,FALSE,John Morris,foley editor,FALSE,Sound Editing,
2017,Sound Effects and Foley for Feature Film,Logan,FALSE,John T. Cucci,foley artist,FALSE,Sound Editing,
2017,Sound Effects and Foley for Feature Film,Logan,FALSE,Matthew Harrison,foley editor,FALSE,Sound Editing,
2017,Sound Effects and Foley for Feature Film,Logan,FALSE,Wayne Lemmer,sound designer,FALSE,Sound Editing,
2017,Sound Effects and Foley for Feature Film,Star Wars: The Last Jedi,FALSE,Bonnie Wild,sound effects editor,FALSE,Sound Editing,
2017,Sound Effects and Foley for Feature Film,Star Wars: The Last Jedi,FALSE,Coya Elliott,sound effects editor,FALSE,Sound Editing,
2017,Sound Effects and Foley for Feature Film,Star Wars: The Last Jedi,FALSE,Dee Selby,foley editor,FALSE,Sound Editing,
2017,Sound Effects and Foley for Feature Film,Star Wars: The Last Jedi,FALSE,Frank Rinella,foley editor,TRUE,Sound Editing,
2017,Sound Effects and Foley for Feature Film,Star Wars: The Last Jedi,FALSE,Jonathan Borland,sound effects editor,FALSE,Sound Editing,
2017,Sound Effects and Foley for Feature Film,Star Wars: The Last Jedi,FALSE,Kimberly Patrick,foley editor,FALSE,Sound Editing,
2017,Sound Effects and Foley for Feature Film,Star Wars: The Last Jedi,FALSE,Margie O'Malley,foley artist,FALSE,Sound Editing,
2017,Sound Effects and Foley for Feature Film,Star Wars: The Last Jedi,FALSE,Matthew Wood,sound editor,TRUE,Sound Editing,
2017,Sound Effects and Foley for Feature Film,Star Wars: The Last Jedi,FALSE,Ren Klyce,sound editor,TRUE,Sound Editing,
2017,Sound Effects and Foley for Feature Film,Star Wars: The Last Jedi,FALSE,Ren Klyce,sound designer,FALSE,Sound Editing,
2017,Sound Effects and Foley for Feature Film,Star Wars: The Last Jedi,FALSE,Ronni Brown,foley artist,FALSE,Sound Editing,
2017,Sound Effects and Foley for Feature Film,Star Wars: The Last Jedi,FALSE,Steve Orlando,assistant sound designer,FALSE,Sound Editing,
2017,Sound Effects and Foley for Feature Film,The Shape of Water,FALSE,Alex Bullick,sound effects editor,FALSE,Sound Editing,
2017,Sound Effects and Foley for Feature Film,The Shape of Water,FALSE,Dashen Naidoo,sound effects editor,FALSE,Sound Editing,
2017,Sound Effects and Foley for Feature Film,The Shape of Water,FALSE,Gina Gyles,foley editor,FALSE,Sound Editing,
2017,Sound Effects and Foley for Feature Film,The Shape of Water,FALSE,Kevin Howard,sound effects editor,FALSE,Sound Editing,
2017,Sound Effects and Foley for Feature Film,The Shape of Water,FALSE,Nathan Robitaille,sound editor,TRUE,Sound Editing,
2017,Sound Effects and Foley for Feature Film,The Shape of Water,FALSE,Peter Persaud,foley editor,FALSE,Sound Editing,
2017,Sound Effects and Foley for Feature Film,The Shape of Water,FALSE,Steve Baine,foley artist,FALSE,Sound Editing,
2017,Sound Effects and Foley for Feature Film,The Shape of Water,FALSE,Tyler Whitham,sound effects editor,FALSE,Sound Editing,
2017,Sound Effects and Foley for Feature Film,Thor: Ragnarok,FALSE,Daniel Laurie,sound editor,TRUE,Sound Editing,
2017,Sound Effects and Foley for Feature Film,Thor: Ragnarok,FALSE,David Chrastka,sound effects editor,FALSE,Sound Editing,
2017,Sound Effects and Foley for Feature Film,Thor: Ragnarok,FALSE,David Farmer,sound designer,FALSE,Sound Editing,
2017,Sound Effects and Foley for Feature Film,Thor: Ragnarok,FALSE,Jacob Riehle,foley editor,FALSE,Sound Editing,
2017,Sound Effects and Foley for Feature Film,Thor: Ragnarok,FALSE,Jeremy Bowker,sound effects editor,FALSE,Sound Editing,
2017,Sound Effects and Foley for Feature Film,Thor: Ragnarok,FALSE,John Roesch,foley artist,FALSE,Sound Editing,
2017,Sound Effects and Foley for Feature Film,Thor: Ragnarok,FALSE,Kimberly Patrick,foley editor,FALSE,Sound Editing,
2017,Sound Effects and Foley for Feature Film,Thor: Ragnarok,FALSE,Nia Hansen,sound designer,FALSE,Sound Editing,
2017,Sound Effects and Foley for Feature Film,Thor: Ragnarok,FALSE,Samson Neslund,sound effects editor,FALSE,Sound Editing,
2017,Sound Effects and Foley for Feature Film,Thor: Ragnarok,FALSE,Shannon Mills,sound editor,TRUE,Sound Editing,
2017,Sound Effects and Foley for Feature Film,Thor: Ragnarok,FALSE,Shelley Roden,foley artist,FALSE,Sound Editing,
2017,Sound Effects and Foley for Feature Film,Thor: Ragnarok,FALSE,Steve Orlando,sound effects editor,FALSE,Sound Editing,
2017,Sound Effects and Foley for Feature Film,War for the Planet of the Apes,FALSE,Dan O'Connell,foley artist,FALSE,Sound Editing,
2017,Sound Effects and Foley for Feature Film,War for the Planet of the Apes,FALSE,David Grimaldi,sound effects editor,FALSE,Sound Editing,
2017,Sound Effects and Foley for Feature Film,War for the Planet of the Apes,FALSE,Doug Jackson,sound effects editor,FALSE,Sound Editing,
2017,Sound Effects and Foley for Feature Film,War for the Planet of the Apes,FALSE,Douglas Murray,sound editor,TRUE,Sound Editing,
2017,Sound Effects and Foley for Feature Film,War for the Planet of the Apes,FALSE,Jack Whittaker,sound effects editor,FALSE,Sound Editing,
2017,Sound Effects and Foley for Feature Film,War for the Planet of the Apes,FALSE,John Morris,foley editor,FALSE,Sound Editing,
2017,Sound Effects and Foley for Feature Film,War for the Planet of the Apes,FALSE,John T. Cucci,foley artist,FALSE,Sound Editing,
2017,Sound Effects and Foley for Feature Film,War for the Planet of the Apes,FALSE,Ken McGill,sound effects editor,FALSE,Sound Editing,
2017,Sound Effects and Foley for Feature Film,War for the Planet of the Apes,FALSE,Lindsey Alvarez,sound effects editor,FALSE,Sound Editing,
2017,Sound Effects and Foley for Feature Film,War for the Planet of the Apes,FALSE,Matthew Harrison,foley editor,FALSE,Sound Editing,
2017,Sound Effects and Foley for Feature Film,War for the Planet of the Apes,FALSE,P.K. Hooker,sound effects editor,FALSE,Sound Editing,
2017,Sound Effects and Foley for Feature Film,War for the Planet of the Apes,FALSE,Thom Brennan,foley editor,FALSE,Sound Editing,
2017,Sound Effects and Foley for Feature Film,War for the Planet of the Apes,FALSE,Will Files,sound editor,TRUE,Sound Editing,
2017,Sound Effects and Foley for Feature Film,War for the Planet of the Apes,FALSE,Willard Overstreet,foley editor,FALSE,Sound Editing,
2017,"Sound Effects, Foley, Dialogue and ADR for Animated Feature Film",Coco,TRUE,Barney Jones,music editor,FALSE,,
2017,"Sound Effects, Foley, Dialogue and ADR for Animated Feature Film",Coco,TRUE,Christopher Boyes,sound editor,TRUE,,
2017,"Sound Effects, Foley, Dialogue and ADR for Animated Feature Film",Coco,TRUE,Dee Selby,foley editor,FALSE,,
2017,"Sound Effects, Foley, Dialogue and ADR for Animated Feature Film",Coco,TRUE,Dennie Thorpe,foley artist,FALSE,,
2017,"Sound Effects, Foley, Dialogue and ADR for Animated Feature Film",Coco,TRUE,Geoff Vaughan,foley artist,FALSE,,
2017,"Sound Effects, Foley, Dialogue and ADR for Animated Feature Film",Coco,TRUE,J.R. Grubbs,sound editor,TRUE,,
2017,"Sound Effects, Foley, Dialogue and ADR for Animated Feature Film",Coco,TRUE,Jack Whittaker,sound effects editor,FALSE,,
2017,"Sound Effects, Foley, Dialogue and ADR for Animated Feature Film",Coco,TRUE,James Likowski,foley editor,FALSE,,
2017,"Sound Effects, Foley, Dialogue and ADR for Animated Feature Film",Coco,TRUE,Jana Vance,foley artist,FALSE,,
2017,"Sound Effects, Foley, Dialogue and ADR for Animated Feature Film",Coco,TRUE,Justin Doyle,sound effects editor,FALSE,,
2017,"Sound Effects, Foley, Dialogue and ADR for Animated Feature Film",Coco,TRUE,Marshall Winn,dialogue editor,FALSE,,
2017,"Sound Effects, Foley, Dialogue and ADR for Animated Feature Film",Coco,TRUE,Michael Silvers,sound effects,FALSE,,
2017,"Sound Effects, Foley, Dialogue and ADR for Animated Feature Film",Coco,TRUE,Michael Silvers,dialogue editor,FALSE,,
2017,"Sound Effects, Foley, Dialogue and ADR for Animated Feature Film",Coco,TRUE,Stephen M. Davis,music editor,TRUE,,
2017,"Sound Effects, Foley, Dialogue and ADR for Animated Feature Film",Coco,TRUE,Teresa Eckton,sound effects editor,FALSE,,
2017,"Sound Effects, Foley, Dialogue and ADR for Animated Feature Film",Coco,TRUE,Warren Brown,music editor,FALSE,,
2017,"Sound Effects, Foley, Dialogue and ADR for Animated Feature Film",Cars 3,FALSE,Anthony De Francesco,sound editor,FALSE,,
2017,"Sound Effects, Foley, Dialogue and ADR for Animated Feature Film",Cars 3,FALSE,Benjamin A. Burtt,sound effects editor,FALSE,,
2017,"Sound Effects, Foley, Dialogue and ADR for Animated Feature Film",Cars 3,FALSE,Brian Chumney,sound editor,TRUE,,
2017,"Sound Effects, Foley, Dialogue and ADR for Animated Feature Film",Cars 3,FALSE,Dennie Thorpe,foley artist,FALSE,,
2017,"Sound Effects, Foley, Dialogue and ADR for Animated Feature Film",Cars 3,FALSE,E.J. Holowicki,sound effects editor,FALSE,,
2017,"Sound Effects, Foley, Dialogue and ADR for Animated Feature Film",Cars 3,FALSE,Geoff Vaughan,foley artist,FALSE,,
2017,"Sound Effects, Foley, Dialogue and ADR for Animated Feature Film",Cars 3,FALSE,Jana Vance,foley artist,FALSE,,
2017,"Sound Effects, Foley, Dialogue and ADR for Animated Feature Film",Cars 3,FALSE,Joe E. Rand,music editor,FALSE,,
2017,"Sound Effects, Foley, Dialogue and ADR for Animated Feature Film",Cars 3,FALSE,Michael Silvers,adr editor,FALSE,,
2017,"Sound Effects, Foley, Dialogue and ADR for Animated Feature Film",Cars 3,FALSE,Qianbaihui Yang,foley editor,FALSE,,
2017,"Sound Effects, Foley, Dialogue and ADR for Animated Feature Film",Cars 3,FALSE,Teresa Eckton,foley editor,FALSE,,
2017,"Sound Effects, Foley, Dialogue and ADR for Animated Feature Film",Cars 3,FALSE,Tom Myers,sound designer,FALSE,,
2017,"Sound Effects, Foley, Dialogue and ADR for Animated Feature Film",Despicable Me 3,FALSE,Andre Zweers,sound effects editor,FALSE,,
2017,"Sound Effects, Foley, Dialogue and ADR for Animated Feature Film",Despicable Me 3,FALSE,Christopher Flick,foley editor,FALSE,,
2017,"Sound Effects, Foley, Dialogue and ADR for Animated Feature Film",Despicable Me 3,FALSE,Dennis Leonard,sound editor,TRUE,,
2017,"Sound Effects, Foley, Dialogue and ADR for Animated Feature Film",Despicable Me 3,FALSE,John Roesch,foley artist,FALSE,,
2017,"Sound Effects, Foley, Dialogue and ADR for Animated Feature Film",Despicable Me 3,FALSE,Mac Smith,sound effects editor,FALSE,,
2017,"Sound Effects, Foley, Dialogue and ADR for Animated Feature Film",Despicable Me 3,FALSE,Matthew Hartman,dialogue editor,FALSE,,
2017,"Sound Effects, Foley, Dialogue and ADR for Animated Feature Film",Despicable Me 3,FALSE,Richard Gould,foley editor,FALSE,,
2017,"Sound Effects, Foley, Dialogue and ADR for Animated Feature Film",Despicable Me 3,FALSE,Shelley Roden,foley artist,FALSE,,
2017,"Sound Effects, Foley, Dialogue and ADR for Animated Feature Film",Despicable Me 3,FALSE,Slamm Andrews,music editor,FALSE,,
2017,"Sound Effects, Foley, Dialogue and ADR for Animated Feature Film",Despicable Me 3,FALSE,Tim Nielsen,sound designer,FALSE,,
2017,"Sound Effects, Foley, Dialogue and ADR for Animated Feature Film",Ferdinand,FALSE,Chris Manning,foley editor,FALSE,,
2017,"Sound Effects, Foley, Dialogue and ADR for Animated Feature Film",Ferdinand,FALSE,Christopher Barnett,sound effects editor,FALSE,,
2017,"Sound Effects, Foley, Dialogue and ADR for Animated Feature Film",Ferdinand,FALSE,Devon Kelley,sound effects editor,FALSE,,
2017,"Sound Effects, Foley, Dialogue and ADR for Animated Feature Film",Ferdinand,FALSE,Dmitri Makarov,dialogue editor,TRUE,,
2017,"Sound Effects, Foley, Dialogue and ADR for Animated Feature Film",Ferdinand,FALSE,E.J. Holowicki,sound effects editor,FALSE,,
2017,"Sound Effects, Foley, Dialogue and ADR for Animated Feature Film",Ferdinand,FALSE,Gwendolyn Yates Whittle,sound editor,TRUE,,
2017,"Sound Effects, Foley, Dialogue and ADR for Animated Feature Film",Ferdinand,FALSE,Jamie Branquinho,adr editor,FALSE,,
2017,"Sound Effects, Foley, Dialogue and ADR for Animated Feature Film",Ferdinand,FALSE,Jeremy Bowker,sound designer,FALSE,,
2017,"Sound Effects, Foley, Dialogue and ADR for Animated Feature Film",Ferdinand,FALSE,John Roesch,foley artist,FALSE,,
2017,"Sound Effects, Foley, Dialogue and ADR for Animated Feature Film",Ferdinand,FALSE,Larry Oatfield,foley editor,FALSE,,
2017,"Sound Effects, Foley, Dialogue and ADR for Animated Feature Film",Ferdinand,FALSE,Leff Lefferts,sound effects editor,FALSE,,
2017,"Sound Effects, Foley, Dialogue and ADR for Animated Feature Film",Ferdinand,FALSE,Pascal Garneau,sound effects editor,FALSE,,
2017,"Sound Effects, Foley, Dialogue and ADR for Animated Feature Film",Ferdinand,FALSE,Qianbaihui Yang,foley editor,FALSE,,
2017,"Sound Effects, Foley, Dialogue and ADR for Animated Feature Film",Ferdinand,FALSE,Randy Thom,sound editor,TRUE,,
2017,"Sound Effects, Foley, Dialogue and ADR for Animated Feature Film",Ferdinand,FALSE,Scott Curtis,foley artist,FALSE,,
2017,"Sound Effects, Foley, Dialogue and ADR for Animated Feature Film",Ferdinand,FALSE,Shelley Roden,foley artist,FALSE,,
2017,"Sound Effects, Foley, Dialogue and ADR for Animated Feature Film",Ferdinand,FALSE,Thomas A. Carlson,music editor,FALSE,,
2017,"Sound Effects, Foley, Dialogue and ADR for Animated Feature Film",Ferdinand,FALSE,Will Ralston,adr editor,FALSE,,
2017,"Sound Effects, Foley, Dialogue and ADR for Animated Feature Film",The Breadwinner,FALSE,Dashen Naidoo,sound effects editor,FALSE,,
2017,"Sound Effects, Foley, Dialogue and ADR for Animated Feature Film",The Breadwinner,FALSE,Erich Stratmann,music editor,FALSE,,
2017,"Sound Effects, Foley, Dialogue and ADR for Animated Feature Film",The Breadwinner,FALSE,J.R. Fountain,sound editor,TRUE,,
2017,"Sound Effects, Foley, Dialogue and ADR for Animated Feature Film",The Breadwinner,FALSE,John Elliot,foley artist,FALSE,,
2017,"Sound Effects, Foley, Dialogue and ADR for Animated Feature Film",The Breadwinner,FALSE,Kevin Schultz,foley editor,FALSE,,
2017,"Sound Effects, Foley, Dialogue and ADR for Animated Feature Film",The Breadwinner,FALSE,Nelson Ferreira,sound editor,TRUE,,
2017,"Sound Effects, Foley, Dialogue and ADR for Animated Feature Film",The Breadwinner,FALSE,Tyler Whitham,sound effects editor,FALSE,,
2017,"Sound Effects, Foley, Dialogue and ADR for Animated Feature Film",The Lego Batman Movie,FALSE,Andrew Miller,sound effects editor,FALSE,,
2017,"Sound Effects, Foley, Dialogue and ADR for Animated Feature Film",The Lego Batman Movie,FALSE,Beth Bezzina,sound effects editor,FALSE,,
2017,"Sound Effects, Foley, Dialogue and ADR for Animated Feature Film",The Lego Batman Movie,FALSE,Christopher S. Aud,sound effects editor,FALSE,,
2017,"Sound Effects, Foley, Dialogue and ADR for Animated Feature Film",The Lego Batman Movie,FALSE,Derryn Pasquill,dialogue editor,FALSE,,
2017,"Sound Effects, Foley, Dialogue and ADR for Animated Feature Film",The Lego Batman Movie,FALSE,Emma Mitchell,sound effects editor,FALSE,,
2017,"Sound Effects, Foley, Dialogue and ADR for Animated Feature Film",The Lego Batman Movie,FALSE,F. Hudson Miller,sound effects editor,FALSE,,
2017,"Sound Effects, Foley, Dialogue and ADR for Animated Feature Film",The Lego Batman Movie,FALSE,Fabian Sanjurjo,sound effects editor,FALSE,,
2017,"Sound Effects, Foley, Dialogue and ADR for Animated Feature Film",The Lego Batman Movie,FALSE,Jared Dwyer,sound effects editor,FALSE,,
2017,"Sound Effects, Foley, Dialogue and ADR for Animated Feature Film",The Lego Batman Movie,FALSE,John Simpson,foley artist,FALSE,,
2017,"Sound Effects, Foley, Dialogue and ADR for Animated Feature Film",The Lego Batman Movie,FALSE,Linda Yeaney,dialogue editor,FALSE,,
2017,"Sound Effects, Foley, Dialogue and ADR for Animated Feature Film",The Lego Batman Movie,FALSE,Mario Gabrieli,sound effects editor,FALSE,,
2017,"Sound Effects, Foley, Dialogue and ADR for Animated Feature Film",The Lego Batman Movie,FALSE,Nigel Christensen,sound effects editor,FALSE,,
2017,"Sound Effects, Foley, Dialogue and ADR for Animated Feature Film",The Lego Batman Movie,FALSE,Rick Lisle,dialogue editor,TRUE,,
2017,"Sound Effects, Foley, Dialogue and ADR for Animated Feature Film",The Lego Batman Movie,FALSE,Sonal Joshi,dialogue editor,FALSE,,
2017,"Sound Effects, Foley, Dialogue and ADR for Animated Feature Film",The Lego Batman Movie,FALSE,Terry Rodman,sound effects editor,FALSE,,
2017,"Sound Effects, Foley, Dialogue and ADR for Animated Feature Film",The Lego Batman Movie,FALSE,Wayne Pashley,sound editor,TRUE,,
2017,"Sound Effects, Foley, Dialogue and ADR for Animated Feature Film",The Lego Batman Movie,FALSE,Will Kaplan,music editor,FALSE,,
2017,"Sound Effects, Foley, Dialogue and ADR for Foreign Language Feature Film",Loveless,TRUE,Aleksey Kobzar,sound effects editor,FALSE,,Russia
2017,"Sound Effects, Foley, Dialogue and ADR for Foreign Language Feature Film",Loveless,TRUE,Aleksey Kuznetsov,dialogue editor,FALSE,,Russia
2017,"Sound Effects, Foley, Dialogue and ADR for Foreign Language Feature Film",Loveless,TRUE,Andrey Dergachev,sound editor,TRUE,,Russia
2017,"Sound Effects, Foley, Dialogue and ADR for Foreign Language Feature Film",Loveless,TRUE,Dmitriy Zuev,foley editor,FALSE,,Russia
2017,"Sound Effects, Foley, Dialogue and ADR for Foreign Language Feature Film",Loveless,TRUE,Elena Starikova,foley editor,FALSE,,Russia
2017,"Sound Effects, Foley, Dialogue and ADR for Foreign Language Feature Film",Loveless,TRUE,Natalia Zueva,foley artist,FALSE,,Russia
2017,"Sound Effects, Foley, Dialogue and ADR for Foreign Language Feature Film",Loveless,TRUE,Ruslan Khuseyn,foley editor,FALSE,,Russia
2017,"Sound Effects, Foley, Dialogue and ADR for Foreign Language Feature Film",Loveless,TRUE,Sofia Matrosova,sound effects editor,FALSE,,Russia
2017,"Sound Effects, Foley, Dialogue and ADR for Foreign Language Feature Film",BPM (Beats per Minute),FALSE,Agnes Ravez,dialogue editor,FALSE,,France
2017,"Sound Effects, Foley, Dialogue and ADR for Foreign Language Feature Film",BPM (Beats per Minute),FALSE,Antoine Bertucci,sound effects editor,FALSE,,France
2017,"Sound Effects, Foley, Dialogue and ADR for Foreign Language Feature Film",BPM (Beats per Minute),FALSE,Franck Tassel,foley artist,FALSE,,France
2017,"Sound Effects, Foley, Dialogue and ADR for Foreign Language Feature Film",BPM (Beats per Minute),FALSE,Maia Szymczak,sound effects editor,FALSE,,France
2017,"Sound Effects, Foley, Dialogue and ADR for Foreign Language Feature Film",BPM (Beats per Minute),FALSE,Pascal Chauvin,foley artist,FALSE,,France
2017,"Sound Effects, Foley, Dialogue and ADR for Foreign Language Feature Film",BPM (Beats per Minute),FALSE,Valérie Deloof,sound editor,TRUE,,France
2017,"Sound Effects, Foley, Dialogue and ADR for Foreign Language Feature Film",First They Killed My Father,FALSE,Ben Barker,sound editors,TRUE,,Cambodia
2017,"Sound Effects, Foley, Dialogue and ADR for Foreign Language Feature Film",First They Killed My Father,FALSE,Ben Barker,sound designer,FALSE,,Cambodia
2017,"Sound Effects, Foley, Dialogue and ADR for Foreign Language Feature Film",First They Killed My Father,FALSE,Danny Freemantle,sound effects editor,FALSE,,Cambodia
2017,"Sound Effects, Foley, Dialogue and ADR for Foreign Language Feature Film",First They Killed My Father,FALSE,Eilam Hoffman,sound effects editor,FALSE,,Cambodia
2017,"Sound Effects, Foley, Dialogue and ADR for Foreign Language Feature Film",First They Killed My Father,FALSE,Glenn Freemantle,sound editors,TRUE,,Cambodia
2017,"Sound Effects, Foley, Dialogue and ADR for Foreign Language Feature Film",First They Killed My Father,FALSE,Glenn Freemantle,sound designer,FALSE,,Cambodia
2017,"Sound Effects, Foley, Dialogue and ADR for Foreign Language Feature Film",First They Killed My Father,FALSE,Jason Swanscott,foley artist,FALSE,,Cambodia
2017,"Sound Effects, Foley, Dialogue and ADR for Foreign Language Feature Film",First They Killed My Father,FALSE,Jens Rosenlund Petersen,adr editor,FALSE,,Cambodia
2017,"Sound Effects, Foley, Dialogue and ADR for Foreign Language Feature Film",First They Killed My Father,FALSE,Lilly Blazewicz,foley editor,FALSE,,Cambodia
2017,"Sound Effects, Foley, Dialogue and ADR for Foreign Language Feature Film",First They Killed My Father,FALSE,Nick Freemantle,foley editor,FALSE,,Cambodia
2017,"Sound Effects, Foley, Dialogue and ADR for Foreign Language Feature Film",First They Killed My Father,FALSE,Peter Burgis,foley artist,FALSE,,Cambodia
2017,"Sound Effects, Foley, Dialogue and ADR for Foreign Language Feature Film",First They Killed My Father,FALSE,Robert Chen,adr editor,FALSE,,Cambodia
2017,"Sound Effects, Foley, Dialogue and ADR for Foreign Language Feature Film",First They Killed My Father,FALSE,Robert Malone,sound effects editor,FALSE,,Cambodia
2017,"Sound Effects, Foley, Dialogue and ADR for Foreign Language Feature Film",First They Killed My Father,FALSE,Sven Taits,dialogue editor,TRUE,,Cambodia
2017,"Sound Effects, Foley, Dialogue and ADR for Foreign Language Feature Film",The Happiest Day in the Life of Olli Maki,FALSE,Erik Clauss,sound effects editor,FALSE,,Finland
2017,"Sound Effects, Foley, Dialogue and ADR for Foreign Language Feature Film",The Happiest Day in the Life of Olli Maki,FALSE,Heikki Kossi,foley editor,FALSE,,Finland
2017,"Sound Effects, Foley, Dialogue and ADR for Foreign Language Feature Film",The Happiest Day in the Life of Olli Maki,FALSE,Heikki Kossi,artist,FALSE,,Finland
2017,"Sound Effects, Foley, Dialogue and ADR for Foreign Language Feature Film",The Happiest Day in the Life of Olli Maki,FALSE,Peter Albrechtsen,sound effects editor,FALSE,,Finland
2017,"Sound Effects, Foley, Dialogue and ADR for Foreign Language Feature Film",The Happiest Day in the Life of Olli Maki,FALSE,Pietu Korhonen,sound editor,TRUE,,Finland
2017,"Sound Effects, Foley, Dialogue and ADR for Foreign Language Feature Film",Thelma,FALSE,Fredric Vogel,sound designer,FALSE,,Norway
2017,"Sound Effects, Foley, Dialogue and ADR for Foreign Language Feature Film",Thelma,FALSE,Gisle Tveito,sound designer,FALSE,,Norway
2017,"Sound Effects, Foley, Dialogue and ADR for Foreign Language Feature Film",Thelma,FALSE,Ingar Asdahl,sound effects editor,FALSE,,Norway
2017,"Sound Effects, Foley, Dialogue and ADR for Foreign Language Feature Film",Thelma,FALSE,Peder Lindvær Hammersborg,sound effects editor,FALSE,,Norway
2017,"Sound Effects, Foley, Dialogue and ADR for Foreign Language Feature Film",Thelma,FALSE,Peter Albrechtsen,sound designer,FALSE,,Norway
2017,"Sound Effects, Foley, Dialogue and ADR for Foreign Language Feature Film",Thelma,FALSE,Roy Fenstad,foley artist,FALSE,,Norway
2017,"Sound Effects, Foley, Dialogue and ADR for Foreign Language Feature Film",Thelma,FALSE,Therese Næss Diesen,sound effects editor,FALSE,,Norway
2017,"Sound Effects, Foley, Dialogue and ADR for Foreign Language Feature Film",Thelma,FALSE,Yvonne Stenberg,foley editor,FALSE,,Norway
2017,"Sound Effects, Foley, Dialogue and ADR for Foreign Language Feature Film",Wolf Warrior 2,FALSE,Brent Burge,sound effects editor,FALSE,,China
2017,"Sound Effects, Foley, Dialogue and ADR for Foreign Language Feature Film",Wolf Warrior 2,FALSE,Chris Ward,dialogue editor,TRUE,,China
2017,"Sound Effects, Foley, Dialogue and ADR for Foreign Language Feature Film",Wolf Warrior 2,FALSE,Craig Tomlinson,foley editor,FALSE,,China
2017,"Sound Effects, Foley, Dialogue and ADR for Foreign Language Feature Film",Wolf Warrior 2,FALSE,Hayden Collow,sound editor,TRUE,,China
2017,"Sound Effects, Foley, Dialogue and ADR for Foreign Language Feature Film",Wolf Warrior 2,FALSE,James Carroll,foley artist,FALSE,,China
2017,"Sound Effects, Foley, Dialogue and ADR for Foreign Language Feature Film",Wolf Warrior 2,FALSE,Martin Kwok,dialogue editor,FALSE,,China
2017,"Sound Effects, Foley, Dialogue and ADR for Foreign Language Feature Film",Wolf Warrior 2,FALSE,Matt Stutter,sound effects editor,FALSE,,China
2017,"Sound Effects, Foley, Dialogue and ADR for Foreign Language Feature Film",Wolf Warrior 2,FALSE,Matthew Lambourn,sound effects editor,FALSE,,China
2017,"Sound Effects, Foley, Dialogue and ADR for Foreign Language Feature Film",Wolf Warrior 2,FALSE,Paul Pirola,sound effects editor,FALSE,,China
2017,"Sound Effects, Foley, Dialogue and ADR for Foreign Language Feature Film",Wolf Warrior 2,FALSE,Stephen Gallagher,music editor,FALSE,,China
2017,"Sound Effects, Foley, Dialogue and ADR for Foreign Language Feature Film",Wolf Warrior 2,FALSE,Tom Scott-Toft,sound effects editor,FALSE,,China
2016,Dialogue and ADR for Feature Film,Hacksaw Ridge,TRUE,Andy Wright,sound editor,TRUE,Sound Editing,
2016,Dialogue and ADR for Feature Film,Hacksaw Ridge,TRUE,Jed M. Dodge,dialogue editor,FALSE,Sound Editing,
2016,Dialogue and ADR for Feature Film,Hacksaw Ridge,TRUE,Justine Angus,adr editor,TRUE,Sound Editing,
2016,Dialogue and ADR for Feature Film,Hacksaw Ridge,TRUE,Kimberly Harris,adr editor,TRUE,Sound Editing,
2016,Dialogue and ADR for Feature Film,Hacksaw Ridge,TRUE,Michele Perrone,adr editor,FALSE,Sound Editing,
2016,Dialogue and ADR for Feature Film,Arrival,FALSE,Claire Pochon,dialogue editor,FALSE,Sound Editing,
2016,Dialogue and ADR for Feature Film,Arrival,FALSE,Stan Sakellaropoulos,adr editor,TRUE,Sound Editing,
2016,Dialogue and ADR for Feature Film,Arrival,FALSE,Sylvain Bellemare,sound editor,TRUE,Sound Editing,
2016,Dialogue and ADR for Feature Film,Arrival,FALSE,Valéry Dufort-Boucher,dialogue editor,FALSE,Sound Editing,
2016,Dialogue and ADR for Feature Film,Deadpool,FALSE,Benjamin Beardwood,dialogue editor,FALSE,Sound Editing,
2016,Dialogue and ADR for Feature Film,Deadpool,FALSE,Jim Brookshire,sound editor,TRUE,Sound Editing,
2016,Dialogue and ADR for Feature Film,Deadpool,FALSE,Laura Graham,adr editor,FALSE,Sound Editing,
2016,Dialogue and ADR for Feature Film,Deadpool,FALSE,R.J. Kizer,adr editor,FALSE,Sound Editing,
2016,Dialogue and ADR for Feature Film,Deadpool,FALSE,Susan Dawes,dialogue editor,TRUE,Sound Editing,
2016,Dialogue and ADR for Feature Film,Deadpool,FALSE,Teri E. Dorman,dialogue editor,FALSE,Sound Editing,
2016,Dialogue and ADR for Feature Film,Deadpool,FALSE,Wayne Lemmer,sound editor,TRUE,Sound Editing,
2016,Dialogue and ADR for Feature Film,Hell or High Water,FALSE,Christopher Battaglia,dialogue editor,FALSE,Sound Editing,
2016,Dialogue and ADR for Feature Film,Hell or High Water,FALSE,Frank Gaeta,sound editor,TRUE,Sound Editing,
2016,Dialogue and ADR for Feature Film,Hell or High Water,FALSE,Harrison Meyle,dialogue editor,FALSE,Sound Editing,
2016,Dialogue and ADR for Feature Film,Hell or High Water,FALSE,Kathryn Madsen,adr editor,FALSE,Sound Editing,
2016,Dialogue and ADR for Feature Film,Hidden Figures,FALSE,Derek Vanderhorst,sound editor,TRUE,Sound Editing,
2016,Dialogue and ADR for Feature Film,Hidden Figures,FALSE,Helen Luttrell,dialogue editor,FALSE,Sound Editing,
2016,Dialogue and ADR for Feature Film,Hidden Figures,FALSE,R.J. Kizer,dialogue editor,FALSE,Sound Editing,
2016,Dialogue and ADR for Feature Film,Hidden Figures,FALSE,Susan Dawes,dialogue editor,TRUE,Sound Editing,
2016,Dialogue and ADR for Feature Film,Hidden Figures,FALSE,Wayne Lemmer,sound editor,TRUE,Sound Editing,
2016,Dialogue and ADR for Feature Film,Lion,FALSE,Glenn Newnham,dialogue editor,TRUE,Sound Editing,
2016,Dialogue and ADR for Feature Film,Lion,FALSE,Robert Mackenzie,sound editor,TRUE,Sound Editing,
2016,Dialogue and ADR for Feature Film,Rogue One: A Star Wars Story,FALSE,Christopher Scarabosio,sound editor,TRUE,Sound Editing,
2016,Dialogue and ADR for Feature Film,Rogue One: A Star Wars Story,FALSE,James Spencer,dialogue editor,FALSE,Sound Editing,
2016,Dialogue and ADR for Feature Film,Rogue One: A Star Wars Story,FALSE,Matthew Wood,sound editor,TRUE,Sound Editing,
2016,Dialogue and ADR for Feature Film,Rogue One: A Star Wars Story,FALSE,Richard Quinn,adr editor,TRUE,Sound Editing,
2016,Dialogue and ADR for Feature Film,Sully,FALSE,Alan Robert Murray,sound editor,TRUE,Sound Editing,
2016,Dialogue and ADR for Feature Film,Sully,FALSE,Bub Asman,sound editor,TRUE,Sound Editing,
2016,Dialogue and ADR for Feature Film,Sully,FALSE,Hugo Weng,dialogue editor,FALSE,Sound Editing,
2016,Dialogue and ADR for Feature Film,Sully,FALSE,Katy Wood,dialogue,TRUE,Sound Editing,
2016,Dialogue and ADR for Feature Film,Sully,FALSE,Katy Wood,adr editor,FALSE,Sound Editing,
2016,Feature Underscore,Warcraft,TRUE,Michael K. Bauer,music editor,FALSE,,
2016,Feature Underscore,Warcraft,TRUE,Peter Myles,music editor,FALSE,,
2016,Feature Underscore,13 Hours: The Secret Soldiers of Benghazi,FALSE,Alex Gibson,music editor,TRUE,,
2016,Feature Underscore,13 Hours: The Secret Soldiers of Benghazi,FALSE,Lee Scott,music editor,FALSE,,
2016,Feature Underscore,13 Hours: The Secret Soldiers of Benghazi,FALSE,Nate Underkuffler,music editor,FALSE,,
2016,Feature Underscore,Arrival,FALSE,Clint Bennett,music editor,FALSE,,
2016,Feature Underscore,Doctor Strange,FALSE,Anele Onyekwere,music editor,FALSE,,
2016,Feature Underscore,Doctor Strange,FALSE,Nashia Wachsman,music editor,FALSE,,
2016,Feature Underscore,Doctor Strange,FALSE,Stephen M. Davis,music editor,FALSE,,
2016,Feature Underscore,Doctor Strange,FALSE,Steve Durkee,music editor,TRUE,,
2016,Feature Underscore,Doctor Strange,FALSE,Warren Brown,music editor,FALSE,,
2016,Feature Underscore,Don't Breathe,FALSE,Maarten Hofmeijer,music editor,FALSE,,
2016,Feature Underscore,Hacksaw Ridge,FALSE,Andy Patterson,music editor,FALSE,,
2016,Feature Underscore,Hacksaw Ridge,FALSE,Matt Friedman,music editor,FALSE,,
2016,Feature Underscore,Rogue One: A Star Wars Story,FALSE,John Finklea,music editor,TRUE,,
2016,Feature Underscore,Rogue One: A Star Wars Story,FALSE,Stephen M. Davis,music editor,FALSE,,
2016,Feature Underscore,Rogue One: A Star Wars Story,FALSE,Warren Brown,music editor,FALSE,,
2016,Feature Underscore,Star Trek Beyond,FALSE,Paul Rabjohns,music editor,FALSE,,
2016,Feature Underscore,Star Trek Beyond,FALSE,Stephen M. Davis,music editor,FALSE,,
2016,Feature Underscore,Star Trek Beyond,FALSE,Warren Brown,music editor,FALSE,,
2016,Musical for Feature Film,La La Land,TRUE,Jason Ruder,music editor,FALSE,,
2016,Musical for Feature Film,Florence Foster Jenkins,FALSE,Gerard McCann,music editor,TRUE,,
2016,Musical for Feature Film,Florence Foster Jenkins,FALSE,Neil Stemp,music editor,FALSE,,
2016,Musical for Feature Film,Florence Foster Jenkins,FALSE,Stuart Morton,music editor,FALSE,,
2016,Musical for Feature Film,Moana,FALSE,Daniel Pinder,music editor,FALSE,,
2016,Musical for Feature Film,Moana,FALSE,Earl Ghaffari,music editor,FALSE,,
2016,Musical for Feature Film,Sing Street,FALSE,Becky Bentham,music editor,TRUE,,
2016,Musical for Feature Film,Sing Street,FALSE,Kieran Lynch,music editor,FALSE,,
2016,Musical for Feature Film,Trolls,FALSE,Erich Stratmann,music editor,FALSE,,
2016,Musical for Feature Film,Trolls,FALSE,Fernand Bos,music editor,FALSE,,
2016,Musical for Feature Film,Trolls,FALSE,Vicki Hiatt,music editor,FALSE,,
2016,Sound Effects and Foley for Feature Film,Hacksaw Ridge,TRUE,Alex Francis,foley editor,FALSE,Sound Editing,
2016,Sound Effects and Foley for Feature Film,Hacksaw Ridge,TRUE,Andy Wright,sound editor,TRUE,Sound Editing,
2016,Sound Effects and Foley for Feature Film,Hacksaw Ridge,TRUE,Liam Price,sound effects editor,FALSE,Sound Editing,
2016,Sound Effects and Foley for Feature Film,Hacksaw Ridge,TRUE,Mario Vaccaro,foley artist,FALSE,Sound Editing,
2016,Sound Effects and Foley for Feature Film,Hacksaw Ridge,TRUE,Steve Burgess,sound effects,FALSE,Sound Editing,
2016,Sound Effects and Foley for Feature Film,Hacksaw Ridge,TRUE,Steve Burgess,foley editor,FALSE,Sound Editing,
2016,Sound Effects and Foley for Feature Film,Hacksaw Ridge,TRUE,Tara Webb,sound effects editor,FALSE,Sound Editing,
2016,Sound Effects and Foley for Feature Film,Arrival,FALSE,Alan Robert Murray,sound effects editor,FALSE,Sound Editing,
2016,Sound Effects and Foley for Feature Film,Arrival,FALSE,Daniel Capeille,sound effects editor,FALSE,Sound Editing,
2016,Sound Effects and Foley for Feature Film,Arrival,FALSE,Dave Whitehead,sound designer,FALSE,Sound Editing,
2016,Sound Effects and Foley for Feature Film,Arrival,FALSE,Gregory Vincent,foley artist,FALSE,Sound Editing,
2016,Sound Effects and Foley for Feature Film,Arrival,FALSE,Luc Raymond,foley editor,FALSE,Sound Editing,
2016,Sound Effects and Foley for Feature Film,Arrival,FALSE,Mathieu Beaudin,sound effects editor,FALSE,Sound Editing,
2016,Sound Effects and Foley for Feature Film,Arrival,FALSE,Michelle Child,sound designer,FALSE,Sound Editing,
2016,Sound Effects and Foley for Feature Film,Arrival,FALSE,Mimi Allard,sound effects editor,FALSE,Sound Editing,
2016,Sound Effects and Foley for Feature Film,Arrival,FALSE,Nicolas Becker,foley artist,FALSE,Sound Editing,
2016,Sound Effects and Foley for Feature Film,Arrival,FALSE,Niels Barletta,foley editor,FALSE,Sound Editing,
2016,Sound Effects and Foley for Feature Film,Arrival,FALSE,Olivier Calvert,sound designer,FALSE,Sound Editing,
2016,Sound Effects and Foley for Feature Film,Arrival,FALSE,Olivier Guillaume,foley editor,FALSE,Sound Editing,
2016,Sound Effects and Foley for Feature Film,Arrival,FALSE,Patrick Rioux,sound effects editor,FALSE,Sound Editing,
2016,Sound Effects and Foley for Feature Film,Arrival,FALSE,Pierre-Jules Audet,sound effects editor,FALSE,Sound Editing,
2016,Sound Effects and Foley for Feature Film,Arrival,FALSE,Simon Girard,sound effects editor,FALSE,Sound Editing,
2016,Sound Effects and Foley for Feature Film,Arrival,FALSE,Steven Ghouti,foley editor,FALSE,Sound Editing,
2016,Sound Effects and Foley for Feature Film,Arrival,FALSE,Sylvain Bellemare,sound editor,TRUE,Sound Editing,
2016,Sound Effects and Foley for Feature Film,Captain America: Civil War,FALSE,Daniel Laurie,sound editor,TRUE,Sound Editing,
2016,Sound Effects and Foley for Feature Film,Captain America: Civil War,FALSE,David C. Hughes,sound designer,FALSE,Sound Editing,
2016,Sound Effects and Foley for Feature Film,Captain America: Civil War,FALSE,J.R. Grubbs,sound effects editor,FALSE,Sound Editing,
2016,Sound Effects and Foley for Feature Film,Captain America: Civil War,FALSE,Jacob Riehle,foley editor,FALSE,Sound Editing,
2016,Sound Effects and Foley for Feature Film,Captain America: Civil War,FALSE,Jeremy Bowker,sound effects editor,FALSE,Sound Editing,
2016,Sound Effects and Foley for Feature Film,Captain America: Civil War,FALSE,John Roesch,foley artist,FALSE,Sound Editing,
2016,Sound Effects and Foley for Feature Film,Captain America: Civil War,FALSE,Josh Gold,sound effects editor,FALSE,Sound Editing,
2016,Sound Effects and Foley for Feature Film,Captain America: Civil War,FALSE,Nia Hansen,sound designer,FALSE,Sound Editing,
2016,Sound Effects and Foley for Feature Film,Captain America: Civil War,FALSE,Shannon Mills,sound editor,TRUE,Sound Editing,
2016,Sound Effects and Foley for Feature Film,Captain America: Civil War,FALSE,Shelley Roden,foley artist,FALSE,Sound Editing,
2016,Sound Effects and Foley for Feature Film,Deadpool,FALSE,Ai-Ling Lee,sound designer,FALSE,Sound Editing,
2016,Sound Effects and Foley for Feature Film,Deadpool,FALSE,Craig Henighan,sound designer,FALSE,Sound Editing,
2016,Sound Effects and Foley for Feature Film,Deadpool,FALSE,Dan O'Connell,foley artist,FALSE,Sound Editing,
2016,Sound Effects and Foley for Feature Film,Deadpool,FALSE,Jim Brookshire,sound editor,TRUE,Sound Editing,
2016,Sound Effects and Foley for Feature Film,Deadpool,FALSE,John T. Cucci,foley artist,FALSE,Sound Editing,
2016,Sound Effects and Foley for Feature Film,Deadpool,FALSE,Warren Hendriks,sound designer,FALSE,Sound Editing,
2016,Sound Effects and Foley for Feature Film,Deadpool,FALSE,Wayne Lemmer,sound editor,TRUE,Sound Editing,
2016,Sound Effects and Foley for Feature Film,Deepwater Horizon,FALSE,Branden Spencer,sound effects editor,FALSE,Sound Editing,
2016,Sound Effects and Foley for Feature Film,Deepwater Horizon,FALSE,Dror Mohar,sound effects editor,FALSE,Sound Editing,
2016,Sound Effects and Foley for Feature Film,Deepwater Horizon,FALSE,Eric Hoehn,sound effects editor,FALSE,Sound Editing,
2016,Sound Effects and Foley for Feature Film,Deepwater Horizon,FALSE,Gary A. Hecker,foley artist,FALSE,Sound Editing,
2016,Sound Effects and Foley for Feature Film,Deepwater Horizon,FALSE,Harry Cohen,sound effects editor,FALSE,Sound Editing,
2016,Sound Effects and Foley for Feature Film,Deepwater Horizon,FALSE,Hector C. Gika,sound effects editor,FALSE,Sound Editing,
2016,Sound Effects and Foley for Feature Film,Deepwater Horizon,FALSE,Kris Fenske,sound effects editor,FALSE,Sound Editing,
2016,Sound Effects and Foley for Feature Film,Deepwater Horizon,FALSE,Renée Tondelli,sound editor,TRUE,Sound Editing,
2016,Sound Effects and Foley for Feature Film,Deepwater Horizon,FALSE,Rick Owens,foley artist,FALSE,Sound Editing,
2016,Sound Effects and Foley for Feature Film,Deepwater Horizon,FALSE,Sylvain Lasseur,sound effects editor,FALSE,Sound Editing,
2016,Sound Effects and Foley for Feature Film,Deepwater Horizon,FALSE,Wylie Stateman,sound editor,TRUE,Sound Editing,
2016,Sound Effects and Foley for Feature Film,Doctor Strange,FALSE,Daniel Laurie,sound editor,TRUE,Sound Editing,
2016,Sound Effects and Foley for Feature Film,Doctor Strange,FALSE,David C. Hughes,sound designer,FALSE,Sound Editing,
2016,Sound Effects and Foley for Feature Film,Doctor Strange,FALSE,David Chrastka,sound effects editor,FALSE,Sound Editing,
2016,Sound Effects and Foley for Feature Film,Doctor Strange,FALSE,J.R. Grubbs,sound effects editor,FALSE,Sound Editing,
2016,Sound Effects and Foley for Feature Film,Doctor Strange,FALSE,John Roesch,foley artist,FALSE,Sound Editing,
2016,Sound Effects and Foley for Feature Film,Doctor Strange,FALSE,Josh Gold,sound effects editor,FALSE,Sound Editing,
2016,Sound Effects and Foley for Feature Film,Doctor Strange,FALSE,Nia Hansen,sound designer,FALSE,Sound Editing,
2016,Sound Effects and Foley for Feature Film,Doctor Strange,FALSE,Ryan J. Frias,foley editor,FALSE,Sound Editing,
2016,Sound Effects and Foley for Feature Film,Doctor Strange,FALSE,Shannon Mills,sound editor,TRUE,Sound Editing,
2016,Sound Effects and Foley for Feature Film,Doctor Strange,FALSE,Shelley Roden,foley artist,FALSE,Sound Editing,
2016,Sound Effects and Foley for Feature Film,Doctor Strange,FALSE,Steve Orlando,foley editor,FALSE,Sound Editing,
2016,Sound Effects and Foley for Feature Film,Rogue One: A Star Wars Story,FALSE,Christopher Scarabosio,sound designer,FALSE,Sound Editing,
2016,Sound Effects and Foley for Feature Film,Rogue One: A Star Wars Story,FALSE,David Acord,sound designer,FALSE,Sound Editing,
2016,Sound Effects and Foley for Feature Film,Rogue One: A Star Wars Story,FALSE,Frank Rinella,foley editor,TRUE,Sound Editing,
2016,Sound Effects and Foley for Feature Film,Rogue One: A Star Wars Story,FALSE,J.R. Grubbs,sound effects editor,FALSE,Sound Editing,
2016,Sound Effects and Foley for Feature Film,Rogue One: A Star Wars Story,FALSE,Jonathan Borland,sound effects editor,FALSE,Sound Editing,
2016,Sound Effects and Foley for Feature Film,Rogue One: A Star Wars Story,FALSE,Josh Gold,sound effects editor,FALSE,Sound Editing,
2016,Sound Effects and Foley for Feature Film,Rogue One: A Star Wars Story,FALSE,Kimberly Patrick,foley editor,FALSE,Sound Editing,
2016,Sound Effects and Foley for Feature Film,Rogue One: A Star Wars Story,FALSE,Luke Dunn Gielmuda,foley editor,FALSE,Sound Editing,
2016,Sound Effects and Foley for Feature Film,Rogue One: A Star Wars Story,FALSE,Margie O'Malley,foley artist,FALSE,Sound Editing,
2016,Sound Effects and Foley for Feature Film,Rogue One: A Star Wars Story,FALSE,Matthew Wood,sound editor,TRUE,Sound Editing,
2016,Sound Effects and Foley for Feature Film,Rogue One: A Star Wars Story,FALSE,Ronni Brown,foley artist,FALSE,Sound Editing,
2016,Sound Effects and Foley for Feature Film,Rogue One: A Star Wars Story,FALSE,Ryan J. Frias,foley editor,FALSE,Sound Editing,
2016,Sound Effects and Foley for Feature Film,The Jungle Book,FALSE,Andre Fenley,sound effects editor,FALSE,Sound Editing,
2016,Sound Effects and Foley for Feature Film,The Jungle Book,FALSE,Christopher Boyes,sound editor,TRUE,Sound Editing,
2016,Sound Effects and Foley for Feature Film,The Jungle Book,FALSE,David Chrastka,sound effects editor,FALSE,Sound Editing,
2016,Sound Effects and Foley for Feature Film,The Jungle Book,FALSE,Dee Selby,foley editor,FALSE,Sound Editing,
2016,Sound Effects and Foley for Feature Film,The Jungle Book,FALSE,Dennie Thorpe,foley artist,FALSE,Sound Editing,
2016,Sound Effects and Foley for Feature Film,The Jungle Book,FALSE,Frank E. Eulner,sound editor,TRUE,Sound Editing,
2016,Sound Effects and Foley for Feature Film,The Jungle Book,FALSE,James Likowski,foley editor,FALSE,Sound Editing,
2016,Sound Effects and Foley for Feature Film,The Jungle Book,FALSE,Jana Vance,foley artist,FALSE,Sound Editing,
2016,Sound Effects and Foley for Feature Film,The Jungle Book,FALSE,Ken Fischer,sound effects editor,FALSE,Sound Editing,
2016,"Sound Effects, Foley, Dialogue and ADR for Animated Feature Film",Moana,TRUE,Daniel Pinder,music editor,FALSE,,
2016,"Sound Effects, Foley, Dialogue and ADR for Animated Feature Film",Moana,TRUE,Dominick Certo,temp music editor,FALSE,,
2016,"Sound Effects, Foley, Dialogue and ADR for Animated Feature Film",Moana,TRUE,Earl Ghaffari,music editor,FALSE,,
2016,"Sound Effects, Foley, Dialogue and ADR for Animated Feature Film",Moana,TRUE,Jacob Riehle,dialogue editor,TRUE,,
2016,"Sound Effects, Foley, Dialogue and ADR for Animated Feature Film",Moana,TRUE,John Roesch,foley artist,FALSE,,
2016,"Sound Effects, Foley, Dialogue and ADR for Animated Feature Film",Moana,TRUE,Jonathan Borland,sound effects editor,FALSE,,
2016,"Sound Effects, Foley, Dialogue and ADR for Animated Feature Film",Moana,TRUE,Lee Gilmore,sound effects editor,FALSE,,
2016,"Sound Effects, Foley, Dialogue and ADR for Animated Feature Film",Moana,TRUE,Matthew Harrison,foley editor,FALSE,,
2016,"Sound Effects, Foley, Dialogue and ADR for Animated Feature Film",Moana,TRUE,Pascal Garneau,sound effects editor,FALSE,,
2016,"Sound Effects, Foley, Dialogue and ADR for Animated Feature Film",Moana,TRUE,Shelley Roden,foley artist,FALSE,,
2016,"Sound Effects, Foley, Dialogue and ADR for Animated Feature Film",Moana,TRUE,Thom Brennan,foley editor,FALSE,,
2016,"Sound Effects, Foley, Dialogue and ADR for Animated Feature Film",Moana,TRUE,Tim Nielsen,sound editor,TRUE,,
2016,"Sound Effects, Foley, Dialogue and ADR for Animated Feature Film",Moana,TRUE,Tommy Holmes,temp music editor,FALSE,,
2016,"Sound Effects, Foley, Dialogue and ADR for Animated Feature Film",Finding Dory,FALSE,Bill Bernstein,music editor,FALSE,,
2016,"Sound Effects, Foley, Dialogue and ADR for Animated Feature Film",Finding Dory,FALSE,Christopher Flick,foley editor,FALSE,,
2016,"Sound Effects, Foley, Dialogue and ADR for Animated Feature Film",Finding Dory,FALSE,Jack Whittaker,sound effects editor,FALSE,,
2016,"Sound Effects, Foley, Dialogue and ADR for Animated Feature Film",Finding Dory,FALSE,Jacob Riehle,foley editor,FALSE,,
2016,"Sound Effects, Foley, Dialogue and ADR for Animated Feature Film",Finding Dory,FALSE,James Spencer,dialogue editor,FALSE,,
2016,"Sound Effects, Foley, Dialogue and ADR for Animated Feature Film",Finding Dory,FALSE,John Roesch,foley artist,FALSE,,
2016,"Sound Effects, Foley, Dialogue and ADR for Animated Feature Film",Finding Dory,FALSE,Jonathan Borland,sound effects editor,FALSE,,
2016,"Sound Effects, Foley, Dialogue and ADR for Animated Feature Film",Finding Dory,FALSE,Ken Fischer,sound effects editor,FALSE,,
2016,"Sound Effects, Foley, Dialogue and ADR for Animated Feature Film",Finding Dory,FALSE,Michael Zainer,music editor,FALSE,,
2016,"Sound Effects, Foley, Dialogue and ADR for Animated Feature Film",Finding Dory,FALSE,Shelley Roden,foley artist,FALSE,,
2016,"Sound Effects, Foley, Dialogue and ADR for Animated Feature Film",Finding Dory,FALSE,Steve Slanec,sound editor,TRUE,,
2016,"Sound Effects, Foley, Dialogue and ADR for Animated Feature Film",Finding Dory,FALSE,Tim Nielsen,sound designer,FALSE,,
2016,"Sound Effects, Foley, Dialogue and ADR for Animated Feature Film",Kubo and the Two Strings,FALSE,Catherine Harper,foley artist,FALSE,,
2016,"Sound Effects, Foley, Dialogue and ADR for Animated Feature Film",Kubo and the Two Strings,FALSE,Clayton Weber,sound effects editor,FALSE,,
2016,"Sound Effects, Foley, Dialogue and ADR for Animated Feature Film",Kubo and the Two Strings,FALSE,Dominick Certo,music editor,FALSE,,
2016,"Sound Effects, Foley, Dialogue and ADR for Animated Feature Film",Kubo and the Two Strings,FALSE,Gregg Barbanell,foley artist,FALSE,,
2016,"Sound Effects, Foley, Dialogue and ADR for Animated Feature Film",Kubo and the Two Strings,FALSE,Thomas O'Neil Younkman,sound effects editor,FALSE,,
2016,"Sound Effects, Foley, Dialogue and ADR for Animated Feature Film",Kubo and the Two Strings,FALSE,Tim Chau,sound editor,TRUE,,
2016,"Sound Effects, Foley, Dialogue and ADR for Animated Feature Film",Kubo and the Two Strings,FALSE,Tim Chau,sound designer,FALSE,,
2016,"Sound Effects, Foley, Dialogue and ADR for Animated Feature Film",Kubo and the Two Strings,FALSE,Travis Crotts,foley editor,FALSE,,
2016,"Sound Effects, Foley, Dialogue and ADR for Animated Feature Film",Sing,FALSE,Andre Zweers,music editor,FALSE,,
2016,"Sound Effects, Foley, Dialogue and ADR for Animated Feature Film",Sing,FALSE,Cheryl Nardi,dialogue editor,FALSE,,
2016,"Sound Effects, Foley, Dialogue and ADR for Animated Feature Film",Sing,FALSE,Dennis Leonard,sound editor,TRUE,,
2016,"Sound Effects, Foley, Dialogue and ADR for Animated Feature Film",Sing,FALSE,Dominick Certo,music editor,FALSE,,
2016,"Sound Effects, Foley, Dialogue and ADR for Animated Feature Film",Sing,FALSE,Dustin Cawood,sound effects editor,FALSE,,
2016,"Sound Effects, Foley, Dialogue and ADR for Animated Feature Film",Sing,FALSE,Jana Vance,foley artist,FALSE,,
2016,"Sound Effects, Foley, Dialogue and ADR for Animated Feature Film",Sing,FALSE,John Roesch,foley artist,FALSE,,
2016,"Sound Effects, Foley, Dialogue and ADR for Animated Feature Film",Sing,FALSE,Larry Oatfield,foley editor,FALSE,,
2016,"Sound Effects, Foley, Dialogue and ADR for Animated Feature Film",Sing,FALSE,Luke Dunn Gielmuda,sound effects editor,FALSE,,
2016,"Sound Effects, Foley, Dialogue and ADR for Animated Feature Film",Sing,FALSE,Mac Smith,sound effects editor,FALSE,,
2016,"Sound Effects, Foley, Dialogue and ADR for Animated Feature Film",Sing,FALSE,Michael Connell,music editor,FALSE,,
2016,"Sound Effects, Foley, Dialogue and ADR for Animated Feature Film",Sing,FALSE,Richard Gould,foley editor,FALSE,,
2016,"Sound Effects, Foley, Dialogue and ADR for Animated Feature Film",Sing,FALSE,Ronni Brown,foley editor,FALSE,,
2016,"Sound Effects, Foley, Dialogue and ADR for Animated Feature Film",Sing,FALSE,Shelley Roden,foley artist,FALSE,,
2016,"Sound Effects, Foley, Dialogue and ADR for Animated Feature Film",Sing,FALSE,Steve Boeddeker,sound designer,FALSE,,
2016,"Sound Effects, Foley, Dialogue and ADR for Animated Feature Film",Sing,FALSE,Zach Martin,foley editor,FALSE,,
2016,"Sound Effects, Foley, Dialogue and ADR for Animated Feature Film",The Little Prince,FALSE,Bob Badami,music editor,FALSE,,
2016,"Sound Effects, Foley, Dialogue and ADR for Animated Feature Film",The Little Prince,FALSE,Brad Semenoff,dialogue editor,FALSE,,
2016,"Sound Effects, Foley, Dialogue and ADR for Animated Feature Film",The Little Prince,FALSE,Catherine Wilson,music editor,FALSE,,
2016,"Sound Effects, Foley, Dialogue and ADR for Animated Feature Film",The Little Prince,FALSE,Christopher Barnett,sound editor,TRUE,,
2016,"Sound Effects, Foley, Dialogue and ADR for Animated Feature Film",The Little Prince,FALSE,Doug Winningham,foley editor,FALSE,,
2016,"Sound Effects, Foley, Dialogue and ADR for Animated Feature Film",The Little Prince,FALSE,Heikki Kossi,foley artist,FALSE,,
2016,"Sound Effects, Foley, Dialogue and ADR for Animated Feature Film",The Little Prince,FALSE,Jonathan Borland,sound effects editor,FALSE,,
2016,"Sound Effects, Foley, Dialogue and ADR for Animated Feature Film",The Little Prince,FALSE,Ken Fischer,sound effects editor,FALSE,,
2016,"Sound Effects, Foley, Dialogue and ADR for Animated Feature Film",The Little Prince,FALSE,Tim Nielsen,sound editor,TRUE,,
2016,"Sound Effects, Foley, Dialogue and ADR for Animated Feature Film",The Red Turtle,FALSE,Bruno Seznec,sound editor,TRUE,,
2016,"Sound Effects, Foley, Dialogue and ADR for Animated Feature Film",The Red Turtle,FALSE,Christine Seznec,dialogue editor,TRUE,,
2016,"Sound Effects, Foley, Dialogue and ADR for Animated Feature Film",The Red Turtle,FALSE,Fabien Devillers,music editor,FALSE,,
2016,"Sound Effects, Foley, Dialogue and ADR for Animated Feature Film",The Red Turtle,FALSE,Florian Fabre,foley artist,FALSE,,
2016,"Sound Effects, Foley, Dialogue and ADR for Animated Feature Film",The Red Turtle,FALSE,Matthieu Michaux,sound designer,FALSE,,
2016,"Sound Effects, Foley, Dialogue and ADR for Animated Feature Film",The Red Turtle,FALSE,Sébastien Marquilly,sound editor,TRUE,,
2016,"Sound Effects, Foley, Dialogue and ADR for Animated Feature Film",Zootopia,FALSE,Addison Teague,sound editor,TRUE,,
2016,"Sound Effects, Foley, Dialogue and ADR for Animated Feature Film",Zootopia,FALSE,Christopher Flick,foley editor,FALSE,,
2016,"Sound Effects, Foley, Dialogue and ADR for Animated Feature Film",Zootopia,FALSE,Daniel Laurie,adr editor,FALSE,,
2016,"Sound Effects, Foley, Dialogue and ADR for Animated Feature Film",Zootopia,FALSE,Daniel Waldman,music editor,FALSE,,
2016,"Sound Effects, Foley, Dialogue and ADR for Animated Feature Film",Zootopia,FALSE,Dominick Certo,temp music editor,FALSE,,
2016,"Sound Effects, Foley, Dialogue and ADR for Animated Feature Film",Zootopia,FALSE,Earl Ghaffari,music editor,FALSE,,
2016,"Sound Effects, Foley, Dialogue and ADR for Animated Feature Film",Zootopia,FALSE,Jack Whittaker,sound effects editor,FALSE,,
2016,"Sound Effects, Foley, Dialogue and ADR for Animated Feature Film",Zootopia,FALSE,Jacob Riehle,dialogue editor,TRUE,,
2016,"Sound Effects, Foley, Dialogue and ADR for Animated Feature Film",Zootopia,FALSE,Jeremy Bowker,sound effects editor,FALSE,,
2016,"Sound Effects, Foley, Dialogue and ADR for Animated Feature Film",Zootopia,FALSE,John Roesch,foley artist,FALSE,,
2016,"Sound Effects, Foley, Dialogue and ADR for Animated Feature Film",Zootopia,FALSE,Lee Gilmore,sound effects editor,FALSE,,
2016,"Sound Effects, Foley, Dialogue and ADR for Animated Feature Film",Zootopia,FALSE,Ronni Brown,foley artist,FALSE,,
2016,"Sound Effects, Foley, Dialogue and ADR for Animated Feature Film",Zootopia,FALSE,Stephen M. Davis,music editor,FALSE,,
2016,"Sound Effects, Foley, Dialogue and ADR for Animated Feature Film",Zootopia,FALSE,Tommy Holmes,temp music editor,FALSE,,
2016,"Sound Effects, Foley, Dialogue and ADR for Animated Feature Film",Zootopia,FALSE,Willard Overstreet,foley editor,FALSE,,
2016,"Sound Effects, Foley, Dialogue and ADR for Foreign Language Feature Film",The King's Choice,TRUE,Christian Schaanning,sound editor,TRUE,,Norway Sweden Denmark Ireland
2016,"Sound Effects, Foley, Dialogue and ADR for Foreign Language Feature Film",The King's Choice,TRUE,Christian Schaanning,sound designer,FALSE,,Norway Sweden Denmark Ireland
2016,"Sound Effects, Foley, Dialogue and ADR for Foreign Language Feature Film",The King's Choice,TRUE,Erlend Hogstad,sound effects editor,FALSE,,Norway Sweden Denmark Ireland
2016,"Sound Effects, Foley, Dialogue and ADR for Foreign Language Feature Film",The King's Choice,TRUE,Espen Rønning,dialogue editor,FALSE,,Norway Sweden Denmark Ireland
2016,"Sound Effects, Foley, Dialogue and ADR for Foreign Language Feature Film",The King's Choice,TRUE,Fredrik Dalenfjäll,sound effects editor,FALSE,,Norway Sweden Denmark Ireland
2016,"Sound Effects, Foley, Dialogue and ADR for Foreign Language Feature Film",The King's Choice,TRUE,Ingela Jönsson,dialogue editor,FALSE,,Norway Sweden Denmark Ireland
2016,"Sound Effects, Foley, Dialogue and ADR for Foreign Language Feature Film",The King's Choice,TRUE,Jens Johansson,sound effects editor,FALSE,,Norway Sweden Denmark Ireland
2016,"Sound Effects, Foley, Dialogue and ADR for Foreign Language Feature Film",The King's Choice,TRUE,Lucas Nilsson,foley artist,FALSE,,Norway Sweden Denmark Ireland
2016,"Sound Effects, Foley, Dialogue and ADR for Foreign Language Feature Film",Elle,FALSE,Alexis Place,sound editor,TRUE,,France
2016,"Sound Effects, Foley, Dialogue and ADR for Foreign Language Feature Film",Elle,FALSE,Alexis Place,adr editor,FALSE,,France
2016,"Sound Effects, Foley, Dialogue and ADR for Foreign Language Feature Film",Elle,FALSE,Gwennolé Le Borgne,sound effects editor,FALSE,,France
2016,"Sound Effects, Foley, Dialogue and ADR for Foreign Language Feature Film",Elle,FALSE,Katia Boutin,dialogue,TRUE,,France
2016,"Sound Effects, Foley, Dialogue and ADR for Foreign Language Feature Film",Neruda,FALSE,Hervé Schneid,music editor,FALSE,,Chile
2016,"Sound Effects, Foley, Dialogue and ADR for Foreign Language Feature Film",Neruda,FALSE,Ivo Moraga,sound effects editor,FALSE,,Chile
2016,"Sound Effects, Foley, Dialogue and ADR for Foreign Language Feature Film",Neruda,FALSE,Miguel Hormazábal,sound designer,FALSE,,Chile
2016,"Sound Effects, Foley, Dialogue and ADR for Foreign Language Feature Film",Neruda,FALSE,Miguel Hormazábal,foley artist,FALSE,,Chile
2016,"Sound Effects, Foley, Dialogue and ADR for Foreign Language Feature Film",Neruda,FALSE,Sebastian Esquivel,foley artist,FALSE,,Chile
2016,"Sound Effects, Foley, Dialogue and ADR for Foreign Language Feature Film",Neruda,FALSE,Toño Cubillo,adr editor,FALSE,,Chile
2016,"Sound Effects, Foley, Dialogue and ADR for Foreign Language Feature Film",The Handmaiden,FALSE,Chul-woo Moon,sound editor,TRUE,,South Korea
2016,"Sound Effects, Foley, Dialogue and ADR for Foreign Language Feature Film",The Handmaiden,FALSE,Eun-ah Choi,dialogue editor,TRUE,,South Korea
2016,"Sound Effects, Foley, Dialogue and ADR for Foreign Language Feature Film",The Handmaiden,FALSE,Eun-jung Kim,foley editor,FALSE,,South Korea
2016,"Sound Effects, Foley, Dialogue and ADR for Foreign Language Feature Film",The Handmaiden,FALSE,Eun-jung Kim,artist,FALSE,,South Korea
2016,"Sound Effects, Foley, Dialogue and ADR for Foreign Language Feature Film",The Handmaiden,FALSE,Jung-ho Lee,sound effects editor,FALSE,,South Korea
2016,"Sound Effects, Foley, Dialogue and ADR for Foreign Language Feature Film",The Handmaiden,FALSE,Min-kyung Cho,dialogue editor,FALSE,,South Korea
2016,"Sound Effects, Foley, Dialogue and ADR for Foreign Language Feature Film",The Handmaiden,FALSE,Suk-won Kim,sound designer,FALSE,,South Korea
2016,"Sound Effects, Foley, Dialogue and ADR for Foreign Language Feature Film",The Handmaiden,FALSE,Yoon-sung Hong,dialogue editor,FALSE,,South Korea
2016,"Sound Effects, Foley, Dialogue and ADR for Foreign Language Feature Film",Toni Erdmann,FALSE,Fabian Schmidt,sound editor,TRUE,,Germany Austria
2016,"Sound Effects, Foley, Dialogue and ADR for Foreign Language Feature Film",Under the Shadow,FALSE,Alex Joseph,sound designer,FALSE,,United Kingdom Qatar Jordan
2016,"Sound Effects, Foley, Dialogue and ADR for Foreign Language Feature Film",Under the Shadow,FALSE,Alex Outhwaite,sound effects editor,FALSE,,United Kingdom Qatar Jordan
2016,"Sound Effects, Foley, Dialogue and ADR for Foreign Language Feature Film",Under the Shadow,FALSE,Gwilym Perry,foley editor,FALSE,,United Kingdom Qatar Jordan
2016,"Sound Effects, Foley, Dialogue and ADR for Foreign Language Feature Film",Under the Shadow,FALSE,Paula Boram,foley artist,FALSE,,United Kingdom Qatar Jordan
2016,"Sound Effects, Foley, Dialogue and ADR for Foreign Language Feature Film",Under the Shadow,FALSE,Richard Kondal,sound editor,TRUE,,United Kingdom Qatar Jordan
2016,"Sound Effects, Foley, Dialogue and ADR for Foreign Language Feature Film",Under the Shadow,FALSE,Stelios Koupetoris,dialogue editor,FALSE,,United Kingdom Qatar Jordan
2015,Dialogue and ADR for Feature Film,Bridge of Spies,TRUE,Brian Chumney,dialogue editor,TRUE,Sound Editing,
2015,Dialogue and ADR for Feature Film,Bridge of Spies,TRUE,Gary Rydstrom,sound editor,TRUE,Sound Editing,
2015,Dialogue and ADR for Feature Film,Bridge of Spies,TRUE,Richard Hymns,sound editor,TRUE,Sound Editing,
2015,Dialogue and ADR for Feature Film,Bridge of Spies,TRUE,Steve Slanec,adr editor,TRUE,Sound Editing,
2015,Dialogue and ADR for Feature Film,Mad Max: Fury Road,FALSE,Beth Bezzina,adr editor,FALSE,Sound Editing,
2015,Dialogue and ADR for Feature Film,Mad Max: Fury Road,FALSE,Curt Schulkey,adr editor,FALSE,Sound Editing,
2015,Dialogue and ADR for Feature Film,Mad Max: Fury Road,FALSE,Danielle Wiessner,dialogue editor,FALSE,Sound Editing,
2015,Dialogue and ADR for Feature Film,Mad Max: Fury Road,FALSE,Derryn Pasquill,adr editor,FALSE,Sound Editing,
2015,Dialogue and ADR for Feature Film,Mad Max: Fury Road,FALSE,Ines Richter,adr editor,FALSE,Sound Editing,
2015,Dialogue and ADR for Feature Film,Mad Max: Fury Road,FALSE,Kira Roessler,dialogue editor,TRUE,Sound Editing,
2015,Dialogue and ADR for Feature Film,Mad Max: Fury Road,FALSE,Mark Franken,dialogue editor,TRUE,Sound Editing,
2015,Dialogue and ADR for Feature Film,Mad Max: Fury Road,FALSE,Mark Mangini,sound editor,TRUE,Sound Editing,
2015,Dialogue and ADR for Feature Film,Mad Max: Fury Road,FALSE,Mia Stewart,adr editor,FALSE,Sound Editing,
2015,Dialogue and ADR for Feature Film,Mad Max: Fury Road,FALSE,Michael Magill,adr editor,FALSE,Sound Editing,
2015,Dialogue and ADR for Feature Film,Mad Max: Fury Road,FALSE,Scott Hecker,sound editor,TRUE,Sound Editing,
2015,Dialogue and ADR for Feature Film,Mad Max: Fury Road,FALSE,Sonal Joshi,dialogue editor,FALSE,Sound Editing,
2015,Dialogue and ADR for Feature Film,Mad Max: Fury Road,FALSE,Wayne Pashley,adr editor,TRUE,Sound Editing,
2015,Dialogue and ADR for Feature Film,Mad Max: Fury Road,FALSE,Yulia Akerholt,adr editor,FALSE,Sound Editing,
2015,Dialogue and ADR for Feature Film,Room,FALSE,Niall Brady,sound editor,TRUE,Sound Editing,
2015,Dialogue and ADR for Feature Film,Room,FALSE,Niall Brady,adr editor,FALSE,Sound Editing,
2015,Dialogue and ADR for Feature Film,Room,FALSE,Peter Blayney,dialogue,FALSE,Sound Editing,
2015,Dialogue and ADR for Feature Film,Sicario,FALSE,Alan Robert Murray,sound editor,TRUE,Sound Editing,
2015,Dialogue and ADR for Feature Film,Sicario,FALSE,Alan Robert Murray,adr editor,FALSE,Sound Editing,
2015,Dialogue and ADR for Feature Film,Sicario,FALSE,Curt Schulkey,dialogue,TRUE,Sound Editing,
2015,Dialogue and ADR for Feature Film,Sicario,FALSE,Kevin R.W. Murray,dialogue,FALSE,Sound Editing,
2015,Dialogue and ADR for Feature Film,Sicario,FALSE,Matthew E. Taylor,dialogue editor,FALSE,Sound Editing,
2015,Dialogue and ADR for Feature Film,Star Wars: The Force Awakens,FALSE,Brad Semenoff,dialogue,FALSE,Sound Editing,
2015,Dialogue and ADR for Feature Film,Star Wars: The Force Awakens,FALSE,Brad Semenoff,adr editor,FALSE,Sound Editing,
2015,Dialogue and ADR for Feature Film,Star Wars: The Force Awakens,FALSE,Cheryl Nardi,dialogue,FALSE,Sound Editing,
2015,Dialogue and ADR for Feature Film,Star Wars: The Force Awakens,FALSE,Cheryl Nardi,adr editor,FALSE,Sound Editing,
2015,Dialogue and ADR for Feature Film,Star Wars: The Force Awakens,FALSE,David Acord,sound editor,TRUE,Sound Editing,
2015,Dialogue and ADR for Feature Film,Star Wars: The Force Awakens,FALSE,Matthew Wood,sound editor,TRUE,Sound Editing,
2015,Dialogue and ADR for Feature Film,Star Wars: The Force Awakens,FALSE,Richard Quinn,adr editor,FALSE,Sound Editing,
2015,Dialogue and ADR for Feature Film,Straight Outta Compton,FALSE,Bobbi Banks,adr editor,TRUE,Sound Editing,
2015,Dialogue and ADR for Feature Film,Straight Outta Compton,FALSE,Daniel S. Irwin,dialogue,FALSE,Sound Editing,
2015,Dialogue and ADR for Feature Film,Straight Outta Compton,FALSE,Daniel S. Irwin,adr editor,FALSE,Sound Editing,
2015,Dialogue and ADR for Feature Film,Straight Outta Compton,FALSE,Greg Hedgepath,sound editor,TRUE,Sound Editing,
2015,Dialogue and ADR for Feature Film,Straight Outta Compton,FALSE,Kerry Dean Williams,adr editor,FALSE,Sound Editing,
2015,Dialogue and ADR for Feature Film,Straight Outta Compton,FALSE,Laura Graham,dialogue,FALSE,Sound Editing,
2015,Dialogue and ADR for Feature Film,Straight Outta Compton,FALSE,Laura Graham,adr editor,FALSE,Sound Editing,
2015,Dialogue and ADR for Feature Film,Straight Outta Compton,FALSE,Mark Stoeckinger,sound editor,TRUE,Sound Editing,
2015,Dialogue and ADR for Feature Film,Straight Outta Compton,FALSE,Michele Perrone,dialogue editor,TRUE,Sound Editing,
2015,Dialogue and ADR for Feature Film,The Martian,FALSE,Oliver Tarney,sound editor,TRUE,Sound Editing,
2015,Dialogue and ADR for Feature Film,The Martian,FALSE,Oliver Tarney,adr editor,FALSE,Sound Editing,
2015,Dialogue and ADR for Feature Film,The Martian,FALSE,Rachael Tate,dialogue,TRUE,Sound Editing,
2015,Dialogue and ADR for Feature Film,The Revenant,FALSE,Brian Chumney,dialogue editor,FALSE,Sound Editing,
2015,Dialogue and ADR for Feature Film,The Revenant,FALSE,Christopher T. Welch,dialogue editor,FALSE,Sound Editing,
2015,Dialogue and ADR for Feature Film,The Revenant,FALSE,Dror Mohar,dialogue editor,FALSE,Sound Editing,
2015,Dialogue and ADR for Feature Film,The Revenant,FALSE,G.W. Brown,,FALSE,Sound Editing,
2015,Dialogue and ADR for Feature Film,The Revenant,FALSE,John C. Stuver,dialogue editor,FALSE,Sound Editing,
2015,Dialogue and ADR for Feature Film,The Revenant,FALSE,Julie Feiner,,FALSE,Sound Editing,
2015,Dialogue and ADR for Feature Film,The Revenant,FALSE,Larry Kemp,dialogue editor,FALSE,Sound Editing,
2015,Dialogue and ADR for Feature Film,The Revenant,FALSE,Laura Graham,adr editor,FALSE,Sound Editing,
2015,Dialogue and ADR for Feature Film,The Revenant,FALSE,Lisa J. Levine,dialogue editor,TRUE,Sound Editing,
2015,Dialogue and ADR for Feature Film,The Revenant,FALSE,Lon Bender,sound editor,TRUE,Sound Editing,
2015,Dialogue and ADR for Feature Film,The Revenant,FALSE,Martin Hernández,sound editor,TRUE,Sound Editing,
2015,Dialogue and ADR for Feature Film,The Revenant,FALSE,Michele Perrone,adr editor,FALSE,Sound Editing,
2015,Dialogue and ADR for Feature Film,The Revenant,FALSE,Paul Hackner,dialogue editor,FALSE,Sound Editing,
2015,Dialogue and ADR for Feature Film,The Revenant,FALSE,Randy Thom,sound editor,TRUE,Sound Editing,
2015,Dialogue and ADR for Feature Film,The Revenant,FALSE,Shane Hayes,dialogue editor,FALSE,Sound Editing,
2015,Feature Underscore,Star Wars: The Force Awakens,TRUE,Paul Apelgren,music editor,FALSE,,
2015,Feature Underscore,Star Wars: The Force Awakens,TRUE,Ramiro Belgardt,music editor,TRUE,,
2015,Feature Underscore,Creed,FALSE,Ronald J. Webb,music editor,FALSE,,
2015,Feature Underscore,Jupiter Ascending,FALSE,Alex Levy,music editor,FALSE,,
2015,Feature Underscore,Jupiter Ascending,FALSE,Daniel Pinder,music editor,FALSE,,
2015,Feature Underscore,Jupiter Ascending,FALSE,Paul Apelgren,music editor,TRUE,,
2015,Feature Underscore,Jurassic World,FALSE,Alex Levy,music editor,FALSE,,
2015,Feature Underscore,Jurassic World,FALSE,Paul Apelgren,music editor,FALSE,,
2015,Feature Underscore,Mad Max: Fury Road,FALSE,Alex Gibson,music editor,FALSE,,
2015,Feature Underscore,Mad Max: Fury Road,FALSE,Bob Badami,music editor,TRUE,,
2015,Feature Underscore,Mad Max: Fury Road,FALSE,Katrina Schiller,music editor,FALSE,,
2015,Feature Underscore,Mad Max: Fury Road,FALSE,Ryan Rubin,music editor,FALSE,,
2015,Feature Underscore,Mission: Impossible – Rogue Nation,FALSE,John Finklea,music editor,TRUE,,
2015,Feature Underscore,Mission: Impossible – Rogue Nation,FALSE,Michael Higham,music editor,FALSE,,
2015,Feature Underscore,Mission: Impossible – Rogue Nation,FALSE,Simon Changer,music editor,FALSE,,
2015,Feature Underscore,The Martian,FALSE,Richard Whitfield,music editor,FALSE,,
2015,Feature Underscore,The Martian,FALSE,Tony Lewis,music editor,FALSE,,
2015,Feature Underscore,The Revenant,FALSE,Curt Sobel,music editor,FALSE,,
2015,Feature Underscore,The Revenant,FALSE,Joseph S. DeBeasi,music editor,FALSE,,
2015,Feature Underscore,The Revenant,FALSE,Martin Hernández,music editor,FALSE,,
2015,Feature Underscore,The Revenant,FALSE,Richard Henderson,music editor,FALSE,,
2015,Feature Underscore,The Revenant,FALSE,Steven A. Saltzman,music editor,FALSE,,
2015,Feature Underscore,The Revenant,FALSE,Terry Wilson,music editor,FALSE,,
2015,Musical for Feature Film,Love & Mercy,TRUE,Nicholas Renbeck,music editor,FALSE,,
2015,Musical for Feature Film,Pitch Perfect 2,FALSE,Amanda Goodpaster,music editor,TRUE,,
2015,Musical for Feature Film,Pitch Perfect 2,FALSE,Brett Pierce,music editor,FALSE,,
2015,Musical for Feature Film,Straight Outta Compton,FALSE,Bryan Lawson,music editor,FALSE,,
2015,Musical for Feature Film,Straight Outta Compton,FALSE,Jason Ruder,music editor,FALSE,,
2015,Sound Effects and Foley for Feature Film,Mad Max: Fury Road,TRUE,Alicia Slusarski,sound effects editor,FALSE,Sound Editing,
2015,Sound Effects and Foley for Feature Film,Mad Max: Fury Road,TRUE,Andrew Miller,sound effects editor,FALSE,Sound Editing,
2015,Sound Effects and Foley for Feature Film,Mad Max: Fury Road,TRUE,Blair Slater,foley artist,FALSE,Sound Editing,
2015,Sound Effects and Foley for Feature Film,Mad Max: Fury Road,TRUE,Cate Cahill,sound effects editor,FALSE,Sound Editing,
2015,Sound Effects and Foley for Feature Film,Mad Max: Fury Road,TRUE,Christopher S. Aud,sound effects editor,FALSE,Sound Editing,
2015,Sound Effects and Foley for Feature Film,Mad Max: Fury Road,TRUE,Chuck Michael,sound effects editor,FALSE,Sound Editing,
2015,Sound Effects and Foley for Feature Film,Mad Max: Fury Road,TRUE,David White,sound designer,FALSE,Sound Editing,
2015,Sound Effects and Foley for Feature Film,Mad Max: Fury Road,TRUE,Emma Mitchell,sound effects editor,FALSE,Sound Editing,
2015,Sound Effects and Foley for Feature Film,Mad Max: Fury Road,TRUE,Fabian Sanjurjo,sound effects editor,FALSE,Sound Editing,
2015,Sound Effects and Foley for Feature Film,Mad Max: Fury Road,TRUE,Jared Dwyer,sound effects editor,FALSE,Sound Editing,
2015,Sound Effects and Foley for Feature Film,Mad Max: Fury Road,TRUE,John Simpson,foley artist,FALSE,Sound Editing,
2015,Sound Effects and Foley for Feature Film,Mad Max: Fury Road,TRUE,Julian Slater,sound designer,FALSE,Sound Editing,
2015,Sound Effects and Foley for Feature Film,Mad Max: Fury Road,TRUE,Mario Gabrieli,sound effects editor,FALSE,Sound Editing,
2015,Sound Effects and Foley for Feature Film,Mad Max: Fury Road,TRUE,Mark Mangini,sound editor,TRUE,Sound Editing,
2015,Sound Effects and Foley for Feature Film,Mad Max: Fury Road,TRUE,Michael W. Mitchell,sound effects editor,FALSE,Sound Editing,
2015,Sound Effects and Foley for Feature Film,Mad Max: Fury Road,TRUE,Nigel Christensen,sound effects editor,FALSE,Sound Editing,
2015,Sound Effects and Foley for Feature Film,Mad Max: Fury Road,TRUE,Phil Barrie,sound effects editor,FALSE,Sound Editing,
2015,Sound Effects and Foley for Feature Film,Mad Max: Fury Road,TRUE,Rick Lisle,sound effects editor,FALSE,Sound Editing,
2015,Sound Effects and Foley for Feature Film,Mad Max: Fury Road,TRUE,Scott Hecker,sound editor,TRUE,Sound Editing,
2015,Sound Effects and Foley for Feature Film,Mad Max: Fury Road,TRUE,Stuart Morton,foley editor,TRUE,Sound Editing,
2015,Sound Effects and Foley for Feature Film,Mad Max: Fury Road,TRUE,Wayne Pashley,sound editor,TRUE,Sound Editing,
2015,Sound Effects and Foley for Feature Film,The Revenant,TRUE,Adam Kopald,sound effects editor,FALSE,Sound Editing,
2015,Sound Effects and Foley for Feature Film,The Revenant,TRUE,Andrea Gard,foley artist,FALSE,Sound Editing,
2015,Sound Effects and Foley for Feature Film,The Revenant,TRUE,Aran Tanchum,foley editor,FALSE,Sound Editing,
2015,Sound Effects and Foley for Feature Film,The Revenant,TRUE,Bill R. Dean,sound effects editor,FALSE,Sound Editing,
2015,Sound Effects and Foley for Feature Film,The Revenant,TRUE,Catherine Harper,foley artist,FALSE,Sound Editing,
2015,Sound Effects and Foley for Feature Film,The Revenant,TRUE,D. Chris Smith,sound effects editor,FALSE,Sound Editing,
2015,Sound Effects and Foley for Feature Film,The Revenant,TRUE,Dave McMoyler,sound effects editor,FALSE,Sound Editing,
2015,Sound Effects and Foley for Feature Film,The Revenant,TRUE,Dino Dimuro,sound effects editor,FALSE,Sound Editing,
2015,Sound Effects and Foley for Feature Film,The Revenant,TRUE,Geordy Sincavage,foley editor,TRUE,Sound Editing,
2015,Sound Effects and Foley for Feature Film,The Revenant,TRUE,Gregg Barbanell,foley artist,FALSE,Sound Editing,
2015,Sound Effects and Foley for Feature Film,The Revenant,TRUE,Gretchen Thoma,foley artist,FALSE,Sound Editing,
2015,Sound Effects and Foley for Feature Film,The Revenant,TRUE,Hector C. Gika,sound effects editor,FALSE,Sound Editing,
2015,Sound Effects and Foley for Feature Film,The Revenant,TRUE,Jon Title,sound designer,FALSE,Sound Editing,
2015,Sound Effects and Foley for Feature Film,The Revenant,TRUE,Katherine Rose,foley artist,FALSE,Sound Editing,
2015,Sound Effects and Foley for Feature Film,The Revenant,TRUE,Lon Bender,sound editor,TRUE,Sound Editing,
2015,Sound Effects and Foley for Feature Film,The Revenant,TRUE,Mark Larry,sound effects editor,FALSE,Sound Editing,
2015,Sound Effects and Foley for Feature Film,The Revenant,TRUE,Martin Hernández,sound editor,TRUE,Sound Editing,
2015,Sound Effects and Foley for Feature Film,The Revenant,TRUE,Nancy MacLeod,foley editor,FALSE,Sound Editing,
2015,Sound Effects and Foley for Feature Film,The Revenant,TRUE,Pernell L. Salinas,sound effects editor,FALSE,Sound Editing,
2015,Sound Effects and Foley for Feature Film,The Revenant,TRUE,Randy Thom,sound editor,TRUE,Sound Editing,
2015,Sound Effects and Foley for Feature Film,The Revenant,TRUE,Rick Owens,foley artist,FALSE,Sound Editing,
2015,Sound Effects and Foley for Feature Film,The Revenant,TRUE,Ryan Wassil,foley editor,FALSE,Sound Editing,
2015,Sound Effects and Foley for Feature Film,The Revenant,TRUE,Stephen P. Robinson,sound effects editor,FALSE,Sound Editing,
2015,Sound Effects and Foley for Feature Film,The Revenant,TRUE,Todd Toon,additional sound editor,TRUE,Sound Editing,
2015,Sound Effects and Foley for Feature Film,The Revenant,TRUE,Vincent Guisetti,foley artist,FALSE,Sound Editing,
2015,Sound Effects and Foley for Feature Film,Ant-Man,FALSE,Bob Kellough,sound effects editor,FALSE,Sound Editing,
2015,Sound Effects and Foley for Feature Film,Ant-Man,FALSE,Dan O'Connel,foley artist,FALSE,Sound Editing,
2015,Sound Effects and Foley for Feature Film,Ant-Man,FALSE,Daniel Laurie,sound editor,TRUE,Sound Editing,
2015,Sound Effects and Foley for Feature Film,Ant-Man,FALSE,David C. Hughes,sound designer,FALSE,Sound Editing,
2015,Sound Effects and Foley for Feature Film,Ant-Man,FALSE,David Farmer,sound designer,FALSE,Sound Editing,
2015,Sound Effects and Foley for Feature Film,Ant-Man,FALSE,Dee Selby,foley editor,FALSE,Sound Editing,
2015,Sound Effects and Foley for Feature Film,Ant-Man,FALSE,Jack Whittaker,sound effects editor,FALSE,Sound Editing,
2015,Sound Effects and Foley for Feature Film,Ant-Man,FALSE,James Likowski,foley editor,TRUE,Sound Editing,
2015,Sound Effects and Foley for Feature Film,Ant-Man,FALSE,Jeremy Bowker,sound effects editor,FALSE,Sound Editing,
2015,Sound Effects and Foley for Feature Film,Ant-Man,FALSE,John T. Cucci,foley artist,FALSE,Sound Editing,
2015,Sound Effects and Foley for Feature Film,Ant-Man,FALSE,Josh Gold,sound effects editor,FALSE,Sound Editing,
2015,Sound Effects and Foley for Feature Film,Ant-Man,FALSE,Nia Hansen,sound effects editor,FALSE,Sound Editing,
2015,Sound Effects and Foley for Feature Film,Ant-Man,FALSE,Ronni Brown,foley artist,FALSE,Sound Editing,
2015,Sound Effects and Foley for Feature Film,Ant-Man,FALSE,Sean England,foley artist,FALSE,Sound Editing,
2015,Sound Effects and Foley for Feature Film,Ant-Man,FALSE,Shannon Mills,sound editor,TRUE,Sound Editing,
2015,Sound Effects and Foley for Feature Film,Jurassic World,FALSE,Al Nelson,sound editor,TRUE,Sound Editing,
2015,Sound Effects and Foley for Feature Film,Jurassic World,FALSE,Al Nelson,sound designer,FALSE,Sound Editing,
2015,Sound Effects and Foley for Feature Film,Jurassic World,FALSE,Ben Burtt,sound effects editor,FALSE,Sound Editing,
2015,Sound Effects and Foley for Feature Film,Jurassic World,FALSE,Dennie Thorpe,foley artist,FALSE,Sound Editing,
2015,Sound Effects and Foley for Feature Film,Jurassic World,FALSE,Gwendolyn Yates Whittle,sound editor,TRUE,Sound Editing,
2015,Sound Effects and Foley for Feature Film,Jurassic World,FALSE,Jana Vance,foley artist,FALSE,Sound Editing,
2015,Sound Effects and Foley for Feature Film,Jurassic World,FALSE,Nia Hansen,foley editor,TRUE,Sound Editing,
2015,Sound Effects and Foley for Feature Film,Jurassic World,FALSE,Pascal Garneau,sound effects editor,FALSE,Sound Editing,
2015,Sound Effects and Foley for Feature Film,Jurassic World,FALSE,Pete Horner,sound designer,FALSE,Sound Editing,
2015,Sound Effects and Foley for Feature Film,Jurassic World,FALSE,Scott Guitteau,sound effects editor,FALSE,Sound Editing,
2015,Sound Effects and Foley for Feature Film,Sicario,FALSE,Alan Robert Murray,sound editor,TRUE,Sound Editing,
2015,Sound Effects and Foley for Feature Film,Sicario,FALSE,Bub Asman,sound effects editor,FALSE,Sound Editing,
2015,Sound Effects and Foley for Feature Film,Sicario,FALSE,Christopher Flick,foley editor,TRUE,Sound Editing,
2015,Sound Effects and Foley for Feature Film,Sicario,FALSE,Dan O'Connell,foley artist,FALSE,Sound Editing,
2015,Sound Effects and Foley for Feature Film,Sicario,FALSE,Jason King,sound effects editor,FALSE,Sound Editing,
2015,Sound Effects and Foley for Feature Film,Sicario,FALSE,John T. Cucci,foley artist,FALSE,Sound Editing,
2015,Sound Effects and Foley for Feature Film,Sicario,FALSE,Kevin R.W. Murray,sound effects editor,FALSE,Sound Editing,
2015,Sound Effects and Foley for Feature Film,Sicario,FALSE,Roland N. Thai,sound effects editor,FALSE,Sound Editing,
2015,Sound Effects and Foley for Feature Film,Sicario,FALSE,Tom Ozanich,sound designer,FALSE,Sound Editing,
2015,Sound Effects and Foley for Feature Film,Southpaw,FALSE,Amy Kane,foley artist,FALSE,Sound Editing,
2015,Sound Effects and Foley for Feature Film,Southpaw,FALSE,Anita Cannella,foley artist,FALSE,Sound Editing,
2015,Sound Effects and Foley for Feature Film,Southpaw,FALSE,David Esparza,sound designer,FALSE,Sound Editing,
2015,Sound Effects and Foley for Feature Film,Southpaw,FALSE,John Sanacore,foley editor,TRUE,Sound Editing,
2015,Sound Effects and Foley for Feature Film,Southpaw,FALSE,Mandell Winter,sound editor,TRUE,Sound Editing,
2015,Sound Effects and Foley for Feature Film,Southpaw,FALSE,Ryan Collins,sound effects editor,FALSE,Sound Editing,
2015,Sound Effects and Foley for Feature Film,Star Wars: The Force Awakens,FALSE,Andrea Gard,foley artist,FALSE,Sound Editing,
2015,Sound Effects and Foley for Feature Film,Star Wars: The Force Awakens,FALSE,Ben Burtt,sound designer,FALSE,Sound Editing,
2015,Sound Effects and Foley for Feature Film,Star Wars: The Force Awakens,FALSE,David Acord,sound editor,TRUE,Sound Editing,
2015,Sound Effects and Foley for Feature Film,Star Wars: The Force Awakens,FALSE,Dee Selby,foley editor,FALSE,Sound Editing,
2015,Sound Effects and Foley for Feature Film,Star Wars: The Force Awakens,FALSE,Dennie Thorpe,foley artist,FALSE,Sound Editing,
2015,Sound Effects and Foley for Feature Film,Star Wars: The Force Awakens,FALSE,E.J. Holowicki,sound effects editor,FALSE,Sound Editing,
2015,Sound Effects and Foley for Feature Film,Star Wars: The Force Awakens,FALSE,Frank Rinella,foley editor,TRUE,Sound Editing,
2015,Sound Effects and Foley for Feature Film,Star Wars: The Force Awakens,FALSE,Gary Rydstrom,sound designer,FALSE,Sound Editing,
2015,Sound Effects and Foley for Feature Film,Star Wars: The Force Awakens,FALSE,Jana Vance,foley artist,FALSE,Sound Editing,
2015,Sound Effects and Foley for Feature Film,Star Wars: The Force Awakens,FALSE,Jonathan Borland,foley editor,FALSE,Sound Editing,
2015,Sound Effects and Foley for Feature Film,Star Wars: The Force Awakens,FALSE,Kevin Sellers,foley editor,FALSE,Sound Editing,
2015,Sound Effects and Foley for Feature Film,Star Wars: The Force Awakens,FALSE,Kimberly Patrick,foley artist,FALSE,Sound Editing,
2015,Sound Effects and Foley for Feature Film,Star Wars: The Force Awakens,FALSE,Margie O'Malley,foley artist,FALSE,Sound Editing,
2015,Sound Effects and Foley for Feature Film,Star Wars: The Force Awakens,FALSE,Matthew Wood,sound editor,TRUE,Sound Editing,
2015,Sound Effects and Foley for Feature Film,Star Wars: The Force Awakens,FALSE,Ronni Brown,foley artist,FALSE,Sound Editing,
2015,Sound Effects and Foley for Feature Film,Star Wars: The Force Awakens,FALSE,Teresa Eckton,sound effects editor,FALSE,Sound Editing,
2015,Sound Effects and Foley for Feature Film,The Martian,FALSE,Andrea King,foley artist,FALSE,Sound Editing,
2015,Sound Effects and Foley for Feature Film,The Martian,FALSE,Hugo Adams,foley editor,TRUE,Sound Editing,
2015,Sound Effects and Foley for Feature Film,The Martian,FALSE,Jack Stew,foley artist,FALSE,Sound Editing,
2015,Sound Effects and Foley for Feature Film,The Martian,FALSE,James Harrison,sound effects editor,FALSE,Sound Editing,
2015,Sound Effects and Foley for Feature Film,The Martian,FALSE,Mark Taylor,sound effects editor,FALSE,Sound Editing,
2015,Sound Effects and Foley for Feature Film,The Martian,FALSE,Michael Fentum,sound designer,FALSE,Sound Editing,
2015,Sound Effects and Foley for Feature Film,The Martian,FALSE,Oliver Tarney,sound editor,TRUE,Sound Editing,
2015,Sound Effects and Foley for Feature Film,The Martian,FALSE,Oliver Tarney,sound designer,FALSE,Sound Editing,
2015,"Sound Effects, Foley, Dialogue and ADR for Animated Feature Film",Inside Out,TRUE,Alyson Dee Moore,foley artist,FALSE,,
2015,"Sound Effects, Foley, Dialogue and ADR for Animated Feature Film",Inside Out,TRUE,Daniel Laurie,dialogue editor,TRUE,,
2015,"Sound Effects, Foley, Dialogue and ADR for Animated Feature Film",Inside Out,TRUE,David C. Hughes,sound effects editor,FALSE,,
2015,"Sound Effects, Foley, Dialogue and ADR for Animated Feature Film",Inside Out,TRUE,Jeremy Bowker,sound effects editor,FALSE,,
2015,"Sound Effects, Foley, Dialogue and ADR for Animated Feature Film",Inside Out,TRUE,John Roesch,foley artist,FALSE,,
2015,"Sound Effects, Foley, Dialogue and ADR for Animated Feature Film",Inside Out,TRUE,Malcolm Fife,sound effects editor,FALSE,,
2015,"Sound Effects, Foley, Dialogue and ADR for Animated Feature Film",Inside Out,TRUE,Ren Klyce,sound editor,TRUE,,
2015,"Sound Effects, Foley, Dialogue and ADR for Animated Feature Film",Inside Out,TRUE,Ren Klyce,sound designer,FALSE,,
2015,"Sound Effects, Foley, Dialogue and ADR for Animated Feature Film",Inside Out,TRUE,Shannon Mills,sound editor,TRUE,,
2015,"Sound Effects, Foley, Dialogue and ADR for Animated Feature Film",Inside Out,TRUE,Stephen M. Davis,music editor,TRUE,,
2015,"Sound Effects, Foley, Dialogue and ADR for Animated Feature Film",Inside Out,TRUE,Thom Brennan,foley editor,FALSE,,
2015,"Sound Effects, Foley, Dialogue and ADR for Animated Feature Film",Anomalisa,FALSE,Aaron Glascock,sound editor,TRUE,,
2015,"Sound Effects, Foley, Dialogue and ADR for Animated Feature Film",Anomalisa,FALSE,Christopher S. Aud,sound,TRUE,,
2015,"Sound Effects, Foley, Dialogue and ADR for Animated Feature Film",Anomalisa,FALSE,Christopher S. Aud,adr editor,FALSE,,
2015,"Sound Effects, Foley, Dialogue and ADR for Animated Feature Film",Anomalisa,FALSE,Christopher S. Aud,sound designer,FALSE,,
2015,"Sound Effects, Foley, Dialogue and ADR for Animated Feature Film",Anomalisa,FALSE,Ezra Dweck,foley editor,TRUE,,
2015,"Sound Effects, Foley, Dialogue and ADR for Animated Feature Film",Anomalisa,FALSE,Marko A. Costanzo,foley artist,FALSE,,
2015,"Sound Effects, Foley, Dialogue and ADR for Animated Feature Film",Hotel Transylvania 2,FALSE,Alec Rubay,sound effects editor,FALSE,,
2015,"Sound Effects, Foley, Dialogue and ADR for Animated Feature Film",Hotel Transylvania 2,FALSE,Andrew Dorfman,music editor,TRUE,,
2015,"Sound Effects, Foley, Dialogue and ADR for Animated Feature Film",Hotel Transylvania 2,FALSE,Bernard Weiser,dialogue,FALSE,,
2015,"Sound Effects, Foley, Dialogue and ADR for Animated Feature Film",Hotel Transylvania 2,FALSE,Bernard Weiser,adr editor,FALSE,,
2015,"Sound Effects, Foley, Dialogue and ADR for Animated Feature Film",Hotel Transylvania 2,FALSE,Curt Schulkey,dialogue,TRUE,,
2015,"Sound Effects, Foley, Dialogue and ADR for Animated Feature Film",Hotel Transylvania 2,FALSE,Curt Schulkey,adr editor,FALSE,,
2015,"Sound Effects, Foley, Dialogue and ADR for Animated Feature Film",Hotel Transylvania 2,FALSE,Geoffrey G. Rubay,sound editor,TRUE,,
2015,"Sound Effects, Foley, Dialogue and ADR for Animated Feature Film",Hotel Transylvania 2,FALSE,James Morioka,foley editor,TRUE,,
2015,"Sound Effects, Foley, Dialogue and ADR for Animated Feature Film",Hotel Transylvania 2,FALSE,John Dunn,sound effects editor,FALSE,,
2015,"Sound Effects, Foley, Dialogue and ADR for Animated Feature Film",Hotel Transylvania 2,FALSE,Jon Wakeham,sound effects editor,FALSE,,
2015,"Sound Effects, Foley, Dialogue and ADR for Animated Feature Film",Hotel Transylvania 2,FALSE,Lodge Worster,music editor,FALSE,,
2015,"Sound Effects, Foley, Dialogue and ADR for Animated Feature Film",Hotel Transylvania 2,FALSE,Robin Harlan,foley artist,FALSE,,
2015,"Sound Effects, Foley, Dialogue and ADR for Animated Feature Film",Hotel Transylvania 2,FALSE,Ryan Collins,sound effects editor,FALSE,,
2015,"Sound Effects, Foley, Dialogue and ADR for Animated Feature Film",Hotel Transylvania 2,FALSE,Sarah Monat,foley artist,FALSE,,
2015,"Sound Effects, Foley, Dialogue and ADR for Animated Feature Film",Hotel Transylvania 2,FALSE,Tanya Noel Hill,music editor,FALSE,,
2015,"Sound Effects, Foley, Dialogue and ADR for Animated Feature Film",Minions,FALSE,Brian Chumney,foley editor,FALSE,,
2015,"Sound Effects, Foley, Dialogue and ADR for Animated Feature Film",Minions,FALSE,Christopher Scarabosio,sound editor,TRUE,,
2015,"Sound Effects, Foley, Dialogue and ADR for Animated Feature Film",Minions,FALSE,Dennis Leonard,sound editor,TRUE,,
2015,"Sound Effects, Foley, Dialogue and ADR for Animated Feature Film",Minions,FALSE,Jeremy Bowker,sound effects editor,FALSE,,
2015,"Sound Effects, Foley, Dialogue and ADR for Animated Feature Film",Minions,FALSE,Josh Gold,sound effects editor,FALSE,,
2015,"Sound Effects, Foley, Dialogue and ADR for Animated Feature Film",Minions,FALSE,Larry Oatfield,foley editor,FALSE,,
2015,"Sound Effects, Foley, Dialogue and ADR for Animated Feature Film",Minions,FALSE,Luke Dunn Gielmuda,sound effects editor,FALSE,,
2015,"Sound Effects, Foley, Dialogue and ADR for Animated Feature Film",Minions,FALSE,Marilyn McCoppen,adr editor,FALSE,,
2015,"Sound Effects, Foley, Dialogue and ADR for Animated Feature Film",Minions,FALSE,Ronni Brown,foley artist,FALSE,,
2015,"Sound Effects, Foley, Dialogue and ADR for Animated Feature Film",Minions,FALSE,Sean England,foley artist,FALSE,,
2015,"Sound Effects, Foley, Dialogue and ADR for Animated Feature Film",Minions,FALSE,Slamm Andrews,music editor,FALSE,,
2015,"Sound Effects, Foley, Dialogue and ADR for Animated Feature Film",Shaun the Sheep Movie,FALSE,Adrian Rhodes,sound designer,FALSE,,
2015,"Sound Effects, Foley, Dialogue and ADR for Animated Feature Film",Shaun the Sheep Movie,FALSE,Antony Bayman,sound editor,TRUE,,
2015,"Sound Effects, Foley, Dialogue and ADR for Animated Feature Film",Shaun the Sheep Movie,FALSE,John Warhurst,music editor,FALSE,,
2015,"Sound Effects, Foley, Dialogue and ADR for Animated Feature Film",Shaun the Sheep Movie,FALSE,Julien Pirrie,foley artist,FALSE,,
2015,"Sound Effects, Foley, Dialogue and ADR for Animated Feature Film",Shaun the Sheep Movie,FALSE,Kirsty Whalley,music editor,FALSE,,
2015,"Sound Effects, Foley, Dialogue and ADR for Animated Feature Film",Shaun the Sheep Movie,FALSE,Mathias Schuster,foley editor,FALSE,,
2015,"Sound Effects, Foley, Dialogue and ADR for Animated Feature Film",The Good Dinosaur,FALSE,Craig Berkey,sound editor,TRUE,,
2015,"Sound Effects, Foley, Dialogue and ADR for Animated Feature Film",The Good Dinosaur,FALSE,Craig Berkey,sound designer,FALSE,,
2015,"Sound Effects, Foley, Dialogue and ADR for Animated Feature Film",The Good Dinosaur,FALSE,Daniel Laurie,dialogue editor,TRUE,,
2015,"Sound Effects, Foley, Dialogue and ADR for Animated Feature Film",The Good Dinosaur,FALSE,Erich Stratmann,music editor,FALSE,,
2015,"Sound Effects, Foley, Dialogue and ADR for Animated Feature Film",The Good Dinosaur,FALSE,J.R. Grubbs,sound effects editor,FALSE,,
2015,"Sound Effects, Foley, Dialogue and ADR for Animated Feature Film",The Good Dinosaur,FALSE,John Roesch,foley artist,FALSE,,
2015,"Sound Effects, Foley, Dialogue and ADR for Animated Feature Film",The Good Dinosaur,FALSE,Josh Gold,sound effects editor,FALSE,,
2015,"Sound Effects, Foley, Dialogue and ADR for Animated Feature Film",The Good Dinosaur,FALSE,Nia Hansen,sound effects editor,FALSE,,
2015,"Sound Effects, Foley, Dialogue and ADR for Animated Feature Film",The Good Dinosaur,FALSE,Ronni Brown,foley artist,FALSE,,
2015,"Sound Effects, Foley, Dialogue and ADR for Animated Feature Film",The Good Dinosaur,FALSE,Shannon Mills,sound editor,TRUE,,
2015,"Sound Effects, Foley, Dialogue and ADR for Animated Feature Film",The Peanuts Movie,FALSE,Cheryl Nardi,dialogue,FALSE,,
2015,"Sound Effects, Foley, Dialogue and ADR for Animated Feature Film",The Peanuts Movie,FALSE,Cheryl Nardi,adr editor,FALSE,,
2015,"Sound Effects, Foley, Dialogue and ADR for Animated Feature Film",The Peanuts Movie,FALSE,Dmitri Makarov,sound effects editor,FALSE,,
2015,"Sound Effects, Foley, Dialogue and ADR for Animated Feature Film",The Peanuts Movie,FALSE,Fernand Bos,music editor,TRUE,,
2015,"Sound Effects, Foley, Dialogue and ADR for Animated Feature Film",The Peanuts Movie,FALSE,Gwendolyn Yates Whittle,sound editor,TRUE,,
2015,"Sound Effects, Foley, Dialogue and ADR for Animated Feature Film",The Peanuts Movie,FALSE,Jeremy Bowker,sound effects editor,FALSE,,
2015,"Sound Effects, Foley, Dialogue and ADR for Animated Feature Film",The Peanuts Movie,FALSE,Kimberly Patrick,foley editor,FALSE,,
2015,"Sound Effects, Foley, Dialogue and ADR for Animated Feature Film",The Peanuts Movie,FALSE,Mac Smith,sound effects editor,FALSE,,
2015,"Sound Effects, Foley, Dialogue and ADR for Animated Feature Film",The Peanuts Movie,FALSE,Pascal Garneau,foley editor,TRUE,,
2015,"Sound Effects, Foley, Dialogue and ADR for Animated Feature Film",The Peanuts Movie,FALSE,Randy Thom,sound editor,TRUE,,
2015,"Sound Effects, Foley, Dialogue and ADR for Animated Feature Film",The Peanuts Movie,FALSE,Randy Thom,sound designer,FALSE,,
2015,"Sound Effects, Foley, Dialogue and ADR for Animated Feature Film",The Peanuts Movie,FALSE,Ronni Brown,foley artist,FALSE,,
2015,"Sound Effects, Foley, Dialogue and ADR for Animated Feature Film",The Peanuts Movie,FALSE,Sean England,foley artist,FALSE,,
2015,"Sound Effects, Foley, Dialogue and ADR for Animated Feature Film",The Peanuts Movie,FALSE,Ted Caplan,music editor,FALSE,,
2015,"Sound Effects, Foley, Dialogue and ADR for Animated Feature Film",The Peanuts Movie,FALSE,Terry Wilson,music editor,FALSE,,
2015,"Sound Effects, Foley, Dialogue and ADR for Foreign Language Feature Film",Son of Saul,TRUE,Tamás Beke,foley artist,FALSE,,Hungary
2015,"Sound Effects, Foley, Dialogue and ADR for Foreign Language Feature Film",Son of Saul,TRUE,Tamás Székely,sound effects editor,FALSE,,Hungary
2015,"Sound Effects, Foley, Dialogue and ADR for Foreign Language Feature Film",Son of Saul,TRUE,Tamás Zányi,sound,TRUE,,Hungary
2015,"Sound Effects, Foley, Dialogue and ADR for Foreign Language Feature Film",Son of Saul,TRUE,Tamás Zányi,foley,FALSE,,Hungary
2015,"Sound Effects, Foley, Dialogue and ADR for Foreign Language Feature Film",Son of Saul,TRUE,Tamás Zányi,dialogue,FALSE,,Hungary
2015,"Sound Effects, Foley, Dialogue and ADR for Foreign Language Feature Film",Son of Saul,TRUE,Tamás Zányi,adr editor,FALSE,,Hungary
2015,"Sound Effects, Foley, Dialogue and ADR for Foreign Language Feature Film",Son of Saul,TRUE,Tamás Zányi,sound designer,FALSE,,Hungary
2015,"Sound Effects, Foley, Dialogue and ADR for Foreign Language Feature Film",Son of Saul,TRUE,Tamás Zányi,sound effects,FALSE,,Hungary
2015,"Sound Effects, Foley, Dialogue and ADR for Foreign Language Feature Film",Son of Saul,TRUE,Tamás Zányi,music editor,FALSE,,Hungary
2015,"Sound Effects, Foley, Dialogue and ADR for Foreign Language Feature Film",Son of Saul,TRUE,Tamás Zányi,foley artist,FALSE,,Hungary
2015,"Sound Effects, Foley, Dialogue and ADR for Foreign Language Feature Film",Days of Grace,FALSE,Cedric Denooz,sound effects,FALSE,,Mexico
2015,"Sound Effects, Foley, Dialogue and ADR for Foreign Language Feature Film",Days of Grace,FALSE,Cedric Denooz,music editor,FALSE,,Mexico
2015,"Sound Effects, Foley, Dialogue and ADR for Foreign Language Feature Film",Days of Grace,FALSE,Diana Fonseca,sound effects editor,FALSE,,Mexico
2015,"Sound Effects, Foley, Dialogue and ADR for Foreign Language Feature Film",Days of Grace,FALSE,Eduardo Castillo,dialogue editor,TRUE,,Mexico
2015,"Sound Effects, Foley, Dialogue and ADR for Foreign Language Feature Film",Days of Grace,FALSE,Eduardo Castillo,dialogue,FALSE,,Mexico
2015,"Sound Effects, Foley, Dialogue and ADR for Foreign Language Feature Film",Days of Grace,FALSE,Eduardo Castillo,adr editor,FALSE,,Mexico
2015,"Sound Effects, Foley, Dialogue and ADR for Foreign Language Feature Film",Days of Grace,FALSE,Enrique Greiner,sound editor,TRUE,,Mexico
2015,"Sound Effects, Foley, Dialogue and ADR for Foreign Language Feature Film",Days of Grace,FALSE,Enrique Greiner,sound designer,FALSE,,Mexico
2015,"Sound Effects, Foley, Dialogue and ADR for Foreign Language Feature Film",Days of Grace,FALSE,Eric Dounce,adr editor,TRUE,,Mexico
2015,"Sound Effects, Foley, Dialogue and ADR for Foreign Language Feature Film",Days of Grace,FALSE,Eric Dounce,sound effects editor,FALSE,,Mexico
2015,"Sound Effects, Foley, Dialogue and ADR for Foreign Language Feature Film",Days of Grace,FALSE,Frederic Devanlay,sound effects editor,FALSE,,Mexico
2015,"Sound Effects, Foley, Dialogue and ADR for Foreign Language Feature Film",Days of Grace,FALSE,Frédéric Le Louet,sound,TRUE,,Mexico
2015,"Sound Effects, Foley, Dialogue and ADR for Foreign Language Feature Film",Days of Grace,FALSE,Frédéric Le Louet,music editor,FALSE,,Mexico
2015,"Sound Effects, Foley, Dialogue and ADR for Foreign Language Feature Film",Days of Grace,FALSE,Frédéric Le Louet,sound designer,FALSE,,Mexico
2015,"Sound Effects, Foley, Dialogue and ADR for Foreign Language Feature Film",Days of Grace,FALSE,Gadou Naudin,foley artist,FALSE,,Mexico
2015,"Sound Effects, Foley, Dialogue and ADR for Foreign Language Feature Film",Days of Grace,FALSE,Laurent Chassaigne,foley editor,TRUE,,Mexico
2015,"Sound Effects, Foley, Dialogue and ADR for Foreign Language Feature Film",Days of Grace,FALSE,Manu Guiot,music editor,FALSE,,Mexico
2015,"Sound Effects, Foley, Dialogue and ADR for Foreign Language Feature Film",Days of Grace,FALSE,Vincent Arnardi,sound,TRUE,,Mexico
2015,"Sound Effects, Foley, Dialogue and ADR for Foreign Language Feature Film",Days of Grace,FALSE,Vincent Arnardi,re-recording mixer,FALSE,,Mexico
2015,"Sound Effects, Foley, Dialogue and ADR for Foreign Language Feature Film",Northmen: A Viking Saga,FALSE,Benjamin Krbetschek,sound designer,FALSE,,Switzerland
2015,"Sound Effects, Foley, Dialogue and ADR for Foreign Language Feature Film",Northmen: A Viking Saga,FALSE,Christoph Ulbich,sound designer,FALSE,,Switzerland
2015,"Sound Effects, Foley, Dialogue and ADR for Foreign Language Feature Film",Northmen: A Viking Saga,FALSE,David Rusitschka,sound effects editor,FALSE,,Switzerland
2015,"Sound Effects, Foley, Dialogue and ADR for Foreign Language Feature Film",Northmen: A Viking Saga,FALSE,Dietrich Körner,sound effects editor,FALSE,,Switzerland
2015,"Sound Effects, Foley, Dialogue and ADR for Foreign Language Feature Film",Northmen: A Viking Saga,FALSE,Dominik Schleier,dialogue editor,TRUE,,Switzerland
2015,"Sound Effects, Foley, Dialogue and ADR for Foreign Language Feature Film",Northmen: A Viking Saga,FALSE,Felix Andriessens,adr editor,TRUE,,Switzerland
2015,"Sound Effects, Foley, Dialogue and ADR for Foreign Language Feature Film",Northmen: A Viking Saga,FALSE,Jonathan Feurich,music editor,FALSE,,Switzerland
2015,"Sound Effects, Foley, Dialogue and ADR for Foreign Language Feature Film",Northmen: A Viking Saga,FALSE,Laura Plock,sound effects editor,FALSE,,Switzerland
2015,"Sound Effects, Foley, Dialogue and ADR for Foreign Language Feature Film",Northmen: A Viking Saga,FALSE,Markus Glunz,sound editor,TRUE,,Switzerland
2015,"Sound Effects, Foley, Dialogue and ADR for Foreign Language Feature Film",Northmen: A Viking Saga,FALSE,Max Bauer,foley artist,FALSE,,Switzerland
2015,"Sound Effects, Foley, Dialogue and ADR for Foreign Language Feature Film",Northmen: A Viking Saga,FALSE,Michael Stancyk,foley artist,FALSE,,Switzerland
2015,"Sound Effects, Foley, Dialogue and ADR for Foreign Language Feature Film",Northmen: A Viking Saga,FALSE,Peter Staubli,sound editor,TRUE,,Switzerland
2015,"Sound Effects, Foley, Dialogue and ADR for Foreign Language Feature Film",Unfreedom,FALSE,Amrit Pritam Dutta,sound editor,TRUE,,United States India
2015,"Sound Effects, Foley, Dialogue and ADR for Foreign Language Feature Film",Unfreedom,FALSE,Amrit Pritam Dutta,sound designer,FALSE,,United States India
2015,"Sound Effects, Foley, Dialogue and ADR for Foreign Language Feature Film",Unfreedom,FALSE,Aravind Vijayakumar,dialogue,FALSE,,United States India
2015,"Sound Effects, Foley, Dialogue and ADR for Foreign Language Feature Film",Unfreedom,FALSE,Aravind Vijayakumar,adr editor,FALSE,,United States India
2015,"Sound Effects, Foley, Dialogue and ADR for Foreign Language Feature Film",Unfreedom,FALSE,Arunav Dutta,sound effects editor,FALSE,,United States India
2015,"Sound Effects, Foley, Dialogue and ADR for Foreign Language Feature Film",Unfreedom,FALSE,Karnail Singh,foley artist,FALSE,,United States India
2015,"Sound Effects, Foley, Dialogue and ADR for Foreign Language Feature Film",Unfreedom,FALSE,Racchit Malhotra,dialogue,FALSE,,United States India
2015,"Sound Effects, Foley, Dialogue and ADR for Foreign Language Feature Film",Unfreedom,FALSE,Racchit Malhotra,adr editor,FALSE,,United States India
2015,"Sound Effects, Foley, Dialogue and ADR for Foreign Language Feature Film",Unfreedom,FALSE,Resul Pookutty,sound,TRUE,,United States India
2015,"Sound Effects, Foley, Dialogue and ADR for Foreign Language Feature Film",Unfreedom,FALSE,Resul Pookutty,dialogue,FALSE,,United States India
2015,"Sound Effects, Foley, Dialogue and ADR for Foreign Language Feature Film",Unfreedom,FALSE,Resul Pookutty,adr editor,FALSE,,United States India
2015,"Sound Effects, Foley, Dialogue and ADR for Foreign Language Feature Film",Unfreedom,FALSE,Resul Pookutty,sound designer,FALSE,,United States India
2015,"Sound Effects, Foley, Dialogue and ADR for Foreign Language Feature Film",Unfreedom,FALSE,Sajjan Choudhary,foley artist,FALSE,,United States India
2015,"Sound Effects, Foley, Dialogue and ADR for Foreign Language Feature Film",Unfreedom,FALSE,Sampath Alwar,sound effects editor,FALSE,,United States India
2015,"Sound Effects, Foley, Dialogue and ADR for Foreign Language Feature Film",Unfreedom,FALSE,Varun Visoi,foley editor,FALSE,,United States India
2015,"Sound Effects, Foley, Dialogue and ADR for Foreign Language Feature Film",Unfreedom,FALSE,Vijay Kumar,foley,TRUE,,United States India
2015,"Sound Effects, Foley, Dialogue and ADR for Foreign Language Feature Film",Unfreedom,FALSE,Vijay Kumar,dialogue editor,FALSE,,United States India
2015,"Sound Effects, Foley, Dialogue and ADR for Foreign Language Feature Film",Unfreedom,FALSE,Vijay Kumar,sound effects editor,FALSE,,United States India
2015,"Sound Effects, Foley, Dialogue and ADR for Foreign Language Feature Film",Unfreedom,FALSE,Wayne Sharpe,music editor,TRUE,,United States India
2014,Dialogue and ADR for Feature Film,Unbroken,TRUE,Andrew DeCristofaro,sound editor,TRUE,Sound Editing,
2014,Dialogue and ADR for Feature Film,Unbroken,TRUE,Becky Sullivan,sound editor,TRUE,Sound Editing,
2014,Dialogue and ADR for Feature Film,Unbroken,TRUE,Glynna Grimala,adr editor,FALSE,Sound Editing,
2014,Dialogue and ADR for Feature Film,Unbroken,TRUE,Laura Harris Atkinson,dialogue editor,FALSE,Sound Editing,
2014,Dialogue and ADR for Feature Film,Unbroken,TRUE,Lauren Hadaway,adr editor,FALSE,Sound Editing,
2014,Dialogue and ADR for Feature Film,Birdman or (The Unexpected Virtue of Ignorance),FALSE,Aaron Glascock,sound editor,TRUE,Sound Editing,
2014,Dialogue and ADR for Feature Film,Birdman or (The Unexpected Virtue of Ignorance),FALSE,Gloria D'Alessandro,adr editor,FALSE,Sound Editing,
2014,Dialogue and ADR for Feature Film,Birdman or (The Unexpected Virtue of Ignorance),FALSE,Glynna Grimala,dialogue editor,FALSE,Sound Editing,
2014,Dialogue and ADR for Feature Film,Birdman or (The Unexpected Virtue of Ignorance),FALSE,Martin Hernández,sound editor,TRUE,Sound Editing,
2014,Dialogue and ADR for Feature Film,Birdman or (The Unexpected Virtue of Ignorance),FALSE,Michele Perrone,dialogue editor,TRUE,Sound Editing,
2014,Dialogue and ADR for Feature Film,Birdman or (The Unexpected Virtue of Ignorance),FALSE,Michelle Pazer,dialogue,TRUE,Sound Editing,
2014,Dialogue and ADR for Feature Film,Birdman or (The Unexpected Virtue of Ignorance),FALSE,Michelle Pazer,adr editor,FALSE,Sound Editing,
2014,Dialogue and ADR for Feature Film,Birdman or (The Unexpected Virtue of Ignorance),FALSE,Thierry J. Couturier,dialogue,TRUE,Sound Editing,
2014,Dialogue and ADR for Feature Film,Birdman or (The Unexpected Virtue of Ignorance),FALSE,Thierry J. Couturier,adr editor,FALSE,Sound Editing,
2014,Dialogue and ADR for Feature Film,Dawn of the Planet of the Apes,FALSE,Christopher Barnett,dialogue editor,FALSE,Sound Editing,
2014,Dialogue and ADR for Feature Film,Dawn of the Planet of the Apes,FALSE,Douglas Murray,sound editor,TRUE,Sound Editing,
2014,Dialogue and ADR for Feature Film,Dawn of the Planet of the Apes,FALSE,Jim Brookshire,adr editor,FALSE,Sound Editing,
2014,Dialogue and ADR for Feature Film,Dawn of the Planet of the Apes,FALSE,Kim Foscato Nancy Nugent,adr editor,FALSE,Sound Editing,
2014,Dialogue and ADR for Feature Film,Dawn of the Planet of the Apes,FALSE,Michael Magill,dialogue editor,FALSE,Sound Editing,
2014,Dialogue and ADR for Feature Film,Dawn of the Planet of the Apes,FALSE,Mildred Iatrou,dialogue,TRUE,Sound Editing,
2014,Dialogue and ADR for Feature Film,Dawn of the Planet of the Apes,FALSE,Mildred Iatrou,adr editor,FALSE,Sound Editing,
2014,Dialogue and ADR for Feature Film,Dawn of the Planet of the Apes,FALSE,Will Files,sound editor,TRUE,Sound Editing,
2014,Dialogue and ADR for Feature Film,Still Alice,FALSE,Javier Bennassar,sound editor,TRUE,Sound Editing,
2014,Dialogue and ADR for Feature Film,Still Alice,FALSE,Javier Bennassar,dialogue,TRUE,Sound Editing,
2014,Dialogue and ADR for Feature Film,Still Alice,FALSE,Javier Bennassar,adr editor,FALSE,Sound Editing,
2014,Dialogue and ADR for Feature Film,The Grand Budapest Hotel,FALSE,Christopher Scarabosio,sound editor,TRUE,Sound Editing,
2014,Dialogue and ADR for Feature Film,The Grand Budapest Hotel,FALSE,Richard Quinn,dialogue editor,FALSE,Sound Editing,
2014,Dialogue and ADR for Feature Film,The Grand Budapest Hotel,FALSE,Wayne Lemmer,sound editor,TRUE,Sound Editing,
2014,Dialogue and ADR for Feature Film,The Imitation Game,FALSE,Dan Green,dialogue editor,FALSE,Sound Editing,
2014,Dialogue and ADR for Feature Film,The Imitation Game,FALSE,Lee Walpole,sound editor,TRUE,Sound Editing,
2014,Dialogue and ADR for Feature Film,The Theory of Everything,FALSE,Gillian Dodders,dialogue,FALSE,Sound Editing,
2014,Dialogue and ADR for Feature Film,The Theory of Everything,FALSE,Gillian Dodders,adr editor,FALSE,Sound Editing,
2014,Dialogue and ADR for Feature Film,The Theory of Everything,FALSE,Glenn Freemantle,sound editor,TRUE,Sound Editing,
2014,Dialogue and ADR for Feature Film,The Theory of Everything,FALSE,Paul Wrightson,dialogue,FALSE,Sound Editing,
2014,Dialogue and ADR for Feature Film,The Theory of Everything,FALSE,Paul Wrightson,adr editor,FALSE,Sound Editing,
2014,Dialogue and ADR for Feature Film,Whiplash,FALSE,Ben Wilkins,sound editor,TRUE,Sound Editing,
2014,Dialogue and ADR for Feature Film,Whiplash,FALSE,Craig Mann,sound editor,TRUE,Sound Editing,
2014,Dialogue and ADR for Feature Film,Whiplash,FALSE,Joe Schiff,dialogue editor,FALSE,Sound Editing,
2014,Dialogue and ADR for Feature Film,Whiplash,FALSE,Lauren Hadaway,sound editor,FALSE,Sound Editing,
2014,Dialogue and ADR for Feature Film,Whiplash,FALSE,Michael J. Benavente,adr editor,FALSE,Sound Editing,
2014,Feature Underscore,Birdman or (The Unexpected Virtue of Ignorance),TRUE,Martin Hernández,music editor,FALSE,,
2014,Feature Underscore,Birdman or (The Unexpected Virtue of Ignorance),TRUE,Terry Wilson,music editor,FALSE,,
2014,Feature Underscore,Birdman or (The Unexpected Virtue of Ignorance),TRUE,Will Kaplan,music editor,FALSE,,
2014,Feature Underscore,Dawn of the Planet of the Apes,FALSE,Paul Apelgren,music editor,FALSE,,
2014,Feature Underscore,Gone Girl,FALSE,Jonathon Stevens,music editor,TRUE,,
2014,Feature Underscore,Gone Girl,FALSE,Ren Klyce,music editor,FALSE,,
2014,Feature Underscore,Guardians of the Galaxy,FALSE,Darrell Hall,music editor,FALSE,,
2014,Feature Underscore,Guardians of the Galaxy,FALSE,Steve Durkee,music editor,TRUE,,
2014,Feature Underscore,Guardians of the Galaxy,FALSE,Will Kaplan,music editor,FALSE,,
2014,Feature Underscore,Interstellar,FALSE,Alex Gibson,music editor,TRUE,,
2014,Feature Underscore,Interstellar,FALSE,Ryan Rubin,music editor,FALSE,,
2014,Feature Underscore,Selma,FALSE,Clint Bennett,music editor,FALSE,,
2014,Feature Underscore,Selma,FALSE,Julie Pearce,music editor,FALSE,,
2014,Feature Underscore,The Fault in Our Stars,FALSE,Katrina Schiller,music editor,FALSE,,
2014,Musical for Feature Film,Get on Up,TRUE,Bill Bernstein,music editor,FALSE,,
2014,Musical for Feature Film,Get on Up,TRUE,Curt Sobel,music editor,TRUE,,
2014,Musical for Feature Film,Get on Up,TRUE,Jordan Corngold,music editor,FALSE,,
2014,Musical for Feature Film,Get on Up,TRUE,Richard Henderson,music editor,FALSE,,
2014,Musical for Feature Film,Get on Up,TRUE,Stephanie Lowry,music editor,FALSE,,
2014,Musical for Feature Film,Annie,FALSE,Jon Wakeham,sound editor,TRUE,,
2014,Musical for Feature Film,Annie,FALSE,Lisa Jaime,music editor,FALSE,,
2014,Musical for Feature Film,Annie,FALSE,Sherry Whitfield,music editor,FALSE,,
2014,Musical for Feature Film,Into the Woods,FALSE,Jennifer L. Dunnington,music editor,FALSE,,
2014,Musical for Feature Film,Into the Woods,FALSE,Michael Higham,music editor,TRUE,,
2014,Musical for Feature Film,Jersey Boys,FALSE,Angela Claverie,music editor,FALSE,,
2014,Musical for Feature Film,Jersey Boys,FALSE,Chris McGeary,music editor,TRUE,,
2014,Musical for Feature Film,Jersey Boys,FALSE,Tommy Lockett,music editor,FALSE,,
2014,Musical for Feature Film,Whiplash,FALSE,Ben Wilkins,sound editor,TRUE,,
2014,Musical for Feature Film,Whiplash,FALSE,Craig Mann,music editor,FALSE,,
2014,Musical for Feature Film,Whiplash,FALSE,Richard Henderson,sound editor,TRUE,,
2014,Sound Effects and Foley for Feature Film,American Sniper,TRUE,Alan Robert Murray,sound editor,TRUE,Sound Editing,
2014,Sound Effects and Foley for Feature Film,American Sniper,TRUE,Bub Asman,sound editor,TRUE,Sound Editing,
2014,Sound Effects and Foley for Feature Film,American Sniper,TRUE,Christopher Flick,foley editor,FALSE,Sound Editing,
2014,Sound Effects and Foley for Feature Film,American Sniper,TRUE,Dan O'Connell,foley artist,FALSE,Sound Editing,
2014,Sound Effects and Foley for Feature Film,American Sniper,TRUE,Jason King,sound effects editor,FALSE,Sound Editing,
2014,Sound Effects and Foley for Feature Film,American Sniper,TRUE,John T. Cucci,foley artist,FALSE,Sound Editing,
2014,Sound Effects and Foley for Feature Film,American Sniper,TRUE,Mark Larry,sound effects editor,FALSE,Sound Editing,
2014,Sound Effects and Foley for Feature Film,American Sniper,TRUE,Michael Dressel,foley editor,TRUE,Sound Editing,
2014,Sound Effects and Foley for Feature Film,American Sniper,TRUE,Roland N. Thai,sound effects editor,FALSE,Sound Editing,
2014,Sound Effects and Foley for Feature Film,American Sniper,TRUE,Tom Ozanich,sound designer,FALSE,Sound Editing,
2014,Sound Effects and Foley for Feature Film,Birdman or (The Unexpected Virtue of Ignorance),FALSE,Aaron Glascock,sound editors,TRUE,Sound Editing,
2014,Sound Effects and Foley for Feature Film,Birdman or (The Unexpected Virtue of Ignorance),FALSE,Aaron Glascock,sound designer,FALSE,Sound Editing,
2014,Sound Effects and Foley for Feature Film,Birdman or (The Unexpected Virtue of Ignorance),FALSE,Albert Gasser,sound effects editor,FALSE,Sound Editing,
2014,Sound Effects and Foley for Feature Film,Birdman or (The Unexpected Virtue of Ignorance),FALSE,Alejandro Quevedo,sound effects editor,FALSE,Sound Editing,
2014,Sound Effects and Foley for Feature Film,Birdman or (The Unexpected Virtue of Ignorance),FALSE,Catherine Harper,foley artist,FALSE,Sound Editing,
2014,Sound Effects and Foley for Feature Film,Birdman or (The Unexpected Virtue of Ignorance),FALSE,Gary A. Hecker,foley artist,TRUE,Sound Editing,
2014,Sound Effects and Foley for Feature Film,Birdman or (The Unexpected Virtue of Ignorance),FALSE,Gary Marullo,foley artist,FALSE,Sound Editing,
2014,Sound Effects and Foley for Feature Film,Birdman or (The Unexpected Virtue of Ignorance),FALSE,Goeun Lee Everett,foley editor,TRUE,Sound Editing,
2014,Sound Effects and Foley for Feature Film,Birdman or (The Unexpected Virtue of Ignorance),FALSE,Jeffrey Wilhoit,foley artist,FALSE,Sound Editing,
2014,Sound Effects and Foley for Feature Film,Birdman or (The Unexpected Virtue of Ignorance),FALSE,Jeremy Peirson,sound effects editor,FALSE,Sound Editing,
2014,Sound Effects and Foley for Feature Film,Birdman or (The Unexpected Virtue of Ignorance),FALSE,Joe Dzuban,foley editor,FALSE,Sound Editing,
2014,Sound Effects and Foley for Feature Film,Birdman or (The Unexpected Virtue of Ignorance),FALSE,Martin Hernández,sound editor,TRUE,Sound Editing,
2014,Sound Effects and Foley for Feature Film,Birdman or (The Unexpected Virtue of Ignorance),FALSE,Paul Aulicino,sound effects editor,FALSE,Sound Editing,
2014,Sound Effects and Foley for Feature Film,Birdman or (The Unexpected Virtue of Ignorance),FALSE,Peter Brown,sound editors,TRUE,Sound Editing,
2014,Sound Effects and Foley for Feature Film,Birdman or (The Unexpected Virtue of Ignorance),FALSE,Peter Brown,sound designer,FALSE,Sound Editing,
2014,Sound Effects and Foley for Feature Film,Birdman or (The Unexpected Virtue of Ignorance),FALSE,Roland N. Thai,sound effects editor,FALSE,Sound Editing,
2014,Sound Effects and Foley for Feature Film,Captain America: The Winter Soldier,FALSE,Al Nelson,sound designer,FALSE,Sound Editing,
2014,Sound Effects and Foley for Feature Film,Captain America: The Winter Soldier,FALSE,Daniel Laurie,sound editor,TRUE,Sound Editing,
2014,Sound Effects and Foley for Feature Film,Captain America: The Winter Soldier,FALSE,David Acord,sound effects editor,FALSE,Sound Editing,
2014,Sound Effects and Foley for Feature Film,Captain America: The Winter Soldier,FALSE,David C. Hughes,sound designer,FALSE,Sound Editing,
2014,Sound Effects and Foley for Feature Film,Captain America: The Winter Soldier,FALSE,Dee Selby,foley editor,FALSE,Sound Editing,
2014,Sound Effects and Foley for Feature Film,Captain America: The Winter Soldier,FALSE,J.R. Grubbs,sound effects editor,FALSE,Sound Editing,
2014,Sound Effects and Foley for Feature Film,Captain America: The Winter Soldier,FALSE,Jeremy Bowker,sound effects editor,FALSE,Sound Editing,
2014,Sound Effects and Foley for Feature Film,Captain America: The Winter Soldier,FALSE,Josh Gold,sound effects editor,FALSE,Sound Editing,
2014,Sound Effects and Foley for Feature Film,Captain America: The Winter Soldier,FALSE,Ken Fischer,sound effects editor,FALSE,Sound Editing,
2014,Sound Effects and Foley for Feature Film,Captain America: The Winter Soldier,FALSE,Nia Hansen,foley editor,TRUE,Sound Editing,
2014,Sound Effects and Foley for Feature Film,Captain America: The Winter Soldier,FALSE,Richard Hymns,sound effects editor,FALSE,Sound Editing,
2014,Sound Effects and Foley for Feature Film,Captain America: The Winter Soldier,FALSE,Ronni Brown,foley artist,FALSE,Sound Editing,
2014,Sound Effects and Foley for Feature Film,Captain America: The Winter Soldier,FALSE,Sean England,foley artist,FALSE,Sound Editing,
2014,Sound Effects and Foley for Feature Film,Captain America: The Winter Soldier,FALSE,Shannon Mills,sound editor,TRUE,Sound Editing,
2014,Sound Effects and Foley for Feature Film,Dawn of the Planet of the Apes,FALSE,Andy Malcolm,foley artist,FALSE,Sound Editing,
2014,Sound Effects and Foley for Feature Film,Dawn of the Planet of the Apes,FALSE,Dan O'Connell,foley artist,FALSE,Sound Editing,
2014,Sound Effects and Foley for Feature Film,Dawn of the Planet of the Apes,FALSE,David Grimaldi,sound effects editor,FALSE,Sound Editing,
2014,Sound Effects and Foley for Feature Film,Dawn of the Planet of the Apes,FALSE,Doug Jackson,sound effects editor,FALSE,Sound Editing,
2014,Sound Effects and Foley for Feature Film,Dawn of the Planet of the Apes,FALSE,Douglas Murray,sound editor,TRUE,Sound Editing,
2014,Sound Effects and Foley for Feature Film,Dawn of the Planet of the Apes,FALSE,Goro Koyama,foley artist,FALSE,Sound Editing,
2014,Sound Effects and Foley for Feature Film,Dawn of the Planet of the Apes,FALSE,Jack Whittaker,sound effects editor,FALSE,Sound Editing,
2014,Sound Effects and Foley for Feature Film,Dawn of the Planet of the Apes,FALSE,John Morris,sound effects editor,FALSE,Sound Editing,
2014,Sound Effects and Foley for Feature Film,Dawn of the Planet of the Apes,FALSE,John Murray,foley editor,TRUE,Sound Editing,
2014,Sound Effects and Foley for Feature Film,Dawn of the Planet of the Apes,FALSE,John T. Cucci,foley artist,FALSE,Sound Editing,
2014,Sound Effects and Foley for Feature Film,Dawn of the Planet of the Apes,FALSE,Mac Smith,sound effects editor,FALSE,Sound Editing,
2014,Sound Effects and Foley for Feature Film,Dawn of the Planet of the Apes,FALSE,Matthew Harrison,foley editor,FALSE,Sound Editing,
2014,Sound Effects and Foley for Feature Film,Dawn of the Planet of the Apes,FALSE,Scott Curtis,foley editor,FALSE,Sound Editing,
2014,Sound Effects and Foley for Feature Film,Dawn of the Planet of the Apes,FALSE,Scott Guitteau,sound effects editor,FALSE,Sound Editing,
2014,Sound Effects and Foley for Feature Film,Dawn of the Planet of the Apes,FALSE,Thomas W. Small,foley editor,FALSE,Sound Editing,
2014,Sound Effects and Foley for Feature Film,Dawn of the Planet of the Apes,FALSE,Will Files,sound editor,TRUE,Sound Editing,
2014,Sound Effects and Foley for Feature Film,Fury,FALSE,Bruce Tanis,sound effects editor,FALSE,Sound Editing,
2014,Sound Effects and Foley for Feature Film,Fury,FALSE,Gary A. Hecker,foley artist,FALSE,Sound Editing,
2014,Sound Effects and Foley for Feature Film,Fury,FALSE,Hamilton Sterling,sound effects editor,FALSE,Sound Editing,
2014,Sound Effects and Foley for Feature Film,Fury,FALSE,Jamie Hardt,sound effects editor,FALSE,Sound Editing,
2014,Sound Effects and Foley for Feature Film,Fury,FALSE,Jonathan Klein,foley editor,FALSE,Sound Editing,
2014,Sound Effects and Foley for Feature Film,Fury,FALSE,Lee Gilmore,sound effects editor,FALSE,Sound Editing,
2014,Sound Effects and Foley for Feature Film,Fury,FALSE,Mark Pappas,foley editor,TRUE,Sound Editing,
2014,Sound Effects and Foley for Feature Film,Fury,FALSE,Paul N. J. Ottosson,sound editor,TRUE,Sound Editing,
2014,Sound Effects and Foley for Feature Film,Fury,FALSE,Paul N. J. Ottosson,sound designer,FALSE,Sound Editing,
2014,Sound Effects and Foley for Feature Film,Fury,FALSE,Rick Owens,foley artist,FALSE,Sound Editing,
2014,Sound Effects and Foley for Feature Film,Fury,FALSE,Ryan Juggler,foley editor,FALSE,Sound Editing,
2014,Sound Effects and Foley for Feature Film,Fury,FALSE,Scott Curtis,foley editor,FALSE,Sound Editing,
2014,Sound Effects and Foley for Feature Film,Guardians of the Galaxy,FALSE,Christopher Boyes,sound editor,TRUE,Sound Editing,
2014,Sound Effects and Foley for Feature Film,Guardians of the Galaxy,FALSE,Christopher Boyes,sound designer,FALSE,Sound Editing,
2014,Sound Effects and Foley for Feature Film,Guardians of the Galaxy,FALSE,David Acord,sound designer,FALSE,Sound Editing,
2014,Sound Effects and Foley for Feature Film,Guardians of the Galaxy,FALSE,David Acord,sound effects editor,FALSE,Sound Editing,
2014,Sound Effects and Foley for Feature Film,Guardians of the Galaxy,FALSE,David Chrastka,sound effects editor,FALSE,Sound Editing,
2014,Sound Effects and Foley for Feature Film,Guardians of the Galaxy,FALSE,Dee Selby,foley editor,FALSE,Sound Editing,
2014,Sound Effects and Foley for Feature Film,Guardians of the Galaxy,FALSE,Dennie Thorpe,foley artist,FALSE,Sound Editing,
2014,Sound Effects and Foley for Feature Film,Guardians of the Galaxy,FALSE,Jana Vance,foley artist,FALSE,Sound Editing,
2014,Sound Effects and Foley for Feature Film,Guardians of the Galaxy,FALSE,Kevin Sellers,foley editor,TRUE,Sound Editing,
2014,Sound Effects and Foley for Feature Film,Guardians of the Galaxy,FALSE,Kyrsten Mate,sound effects editor,FALSE,Sound Editing,
2014,Sound Effects and Foley for Feature Film,Guardians of the Galaxy,FALSE,Luke Dunn Gielmuda,foley editor,FALSE,Sound Editing,
2014,Sound Effects and Foley for Feature Film,Guardians of the Galaxy,FALSE,Matthew Wood,sound editor,TRUE,Sound Editing,
2014,Sound Effects and Foley for Feature Film,Interstellar,FALSE,Aaron Glascock,sound effects editor,FALSE,Sound Editing,
2014,Sound Effects and Foley for Feature Film,Interstellar,FALSE,Alyson Dee Moore,foley artist,FALSE,Sound Editing,
2014,Sound Effects and Foley for Feature Film,Interstellar,FALSE,Christopher Flick,foley editor,TRUE,Sound Editing,
2014,Sound Effects and Foley for Feature Film,Interstellar,FALSE,Jeff Sawyer,sound effects editor,FALSE,Sound Editing,
2014,Sound Effects and Foley for Feature Film,Interstellar,FALSE,John Roesch,foley artist,FALSE,Sound Editing,
2014,Sound Effects and Foley for Feature Film,Interstellar,FALSE,Ken J. Johnson,sound effects editor,FALSE,Sound Editing,
2014,Sound Effects and Foley for Feature Film,Interstellar,FALSE,Michael Dressel,foley editor,FALSE,Sound Editing,
2014,Sound Effects and Foley for Feature Film,Interstellar,FALSE,Michael W. Mitchell,sound effects editor,FALSE,Sound Editing,
2014,Sound Effects and Foley for Feature Film,Interstellar,FALSE,Richard King,sound editor,TRUE,Sound Editing,
2014,Sound Effects and Foley for Feature Film,Interstellar,FALSE,Richard King,sound designer,FALSE,Sound Editing,
2014,Sound Effects and Foley for Feature Film,Interstellar,FALSE,Scott Curtis,foley editor,FALSE,Sound Editing,
2014,Sound Effects and Foley for Feature Film,Unbroken,FALSE,Andrew DeCristofaro,sound editor,TRUE,Sound Editing,
2014,Sound Effects and Foley for Feature Film,Unbroken,FALSE,Becky Sullivan,sound editor,TRUE,Sound Editing,
2014,Sound Effects and Foley for Feature Film,Unbroken,FALSE,Dan Hegeman,sound effects editor,FALSE,Sound Editing,
2014,Sound Effects and Foley for Feature Film,Unbroken,FALSE,Dan O'Connell,foley artist,FALSE,Sound Editing,
2014,Sound Effects and Foley for Feature Film,Unbroken,FALSE,Darren 'Sunny' Warkentin,sound effects editor,FALSE,Sound Editing,
2014,Sound Effects and Foley for Feature Film,Unbroken,FALSE,David Raines,foley editor,TRUE,Sound Editing,
2014,Sound Effects and Foley for Feature Film,Unbroken,FALSE,Eric A. Norris,sound designer,FALSE,Sound Editing,
2014,Sound Effects and Foley for Feature Film,Unbroken,FALSE,Jay Wilkinson,sound designer,FALSE,Sound Editing,
2014,Sound Effects and Foley for Feature Film,Unbroken,FALSE,John T. Cucci,foley artist,FALSE,Sound Editing,
2014,Sound Effects and Foley for Feature Film,Unbroken,FALSE,Karen Vassar Triest,sound effects editor,FALSE,Sound Editing,
2014,Sound Effects and Foley for Feature Film,Unbroken,FALSE,Nancy MacLeod,sound effects editor,FALSE,Sound Editing,
2014,"Sound Effects, Foley, Dialogue and ADR for Animated Feature Film",Big Hero 6,TRUE,Addison Teague,sound effects editor,FALSE,,
2014,"Sound Effects, Foley, Dialogue and ADR for Animated Feature Film",Big Hero 6,TRUE,Alyson Dee Moore,foley artist,FALSE,,
2014,"Sound Effects, Foley, Dialogue and ADR for Animated Feature Film",Big Hero 6,TRUE,Daniel Laurie,adr editor,TRUE,,
2014,"Sound Effects, Foley, Dialogue and ADR for Animated Feature Film",Big Hero 6,TRUE,Daniel Pinder,music editor,TRUE,,
2014,"Sound Effects, Foley, Dialogue and ADR for Animated Feature Film",Big Hero 6,TRUE,David C. Hughes,sound effects editor,FALSE,,
2014,"Sound Effects, Foley, Dialogue and ADR for Animated Feature Film",Big Hero 6,TRUE,Earl Ghaffari,music editor,FALSE,,
2014,"Sound Effects, Foley, Dialogue and ADR for Animated Feature Film",Big Hero 6,TRUE,James Likowski,foley editor,FALSE,,
2014,"Sound Effects, Foley, Dialogue and ADR for Animated Feature Film",Big Hero 6,TRUE,Jeremy Bowker,sound effects editor,FALSE,,
2014,"Sound Effects, Foley, Dialogue and ADR for Animated Feature Film",Big Hero 6,TRUE,John Roesch,foley artist,FALSE,,
2014,"Sound Effects, Foley, Dialogue and ADR for Animated Feature Film",Big Hero 6,TRUE,Kim Foscato,dialogue editor,TRUE,,
2014,"Sound Effects, Foley, Dialogue and ADR for Animated Feature Film",Big Hero 6,TRUE,Nia Hansen,sound effects editor,FALSE,,
2014,"Sound Effects, Foley, Dialogue and ADR for Animated Feature Film",Big Hero 6,TRUE,Robert Shoup,foley editor,TRUE,,
2014,"Sound Effects, Foley, Dialogue and ADR for Animated Feature Film",Big Hero 6,TRUE,Shannon Mills,sound editor,TRUE,,
2014,"Sound Effects, Foley, Dialogue and ADR for Animated Feature Film",How to Train Your Dragon 2,FALSE,Al Nelson,sound designer,FALSE,,
2014,"Sound Effects, Foley, Dialogue and ADR for Animated Feature Film",How to Train Your Dragon 2,FALSE,Brian Chumney,dialogue,TRUE,,
2014,"Sound Effects, Foley, Dialogue and ADR for Animated Feature Film",How to Train Your Dragon 2,FALSE,Brian Chumney,adr editor,FALSE,,
2014,"Sound Effects, Foley, Dialogue and ADR for Animated Feature Film",How to Train Your Dragon 2,FALSE,Jeremy Bowker,sound effects editor,FALSE,,
2014,"Sound Effects, Foley, Dialogue and ADR for Animated Feature Film",How to Train Your Dragon 2,FALSE,Mac Smith,sound effects editor,FALSE,,
2014,"Sound Effects, Foley, Dialogue and ADR for Animated Feature Film",How to Train Your Dragon 2,FALSE,Michael Silvers,sound editor,TRUE,,
2014,"Sound Effects, Foley, Dialogue and ADR for Animated Feature Film",How to Train Your Dragon 2,FALSE,Pascal Garneau,foley editor,FALSE,,
2014,"Sound Effects, Foley, Dialogue and ADR for Animated Feature Film",How to Train Your Dragon 2,FALSE,Randy Thom,sound editor,TRUE,,
2014,"Sound Effects, Foley, Dialogue and ADR for Animated Feature Film",How to Train Your Dragon 2,FALSE,Randy Thom,sound designer,FALSE,,
2014,"Sound Effects, Foley, Dialogue and ADR for Animated Feature Film",How to Train Your Dragon 2,FALSE,Robin Harlan,foley artist,FALSE,,
2014,"Sound Effects, Foley, Dialogue and ADR for Animated Feature Film",How to Train Your Dragon 2,FALSE,Sean England,foley artist,FALSE,,
2014,"Sound Effects, Foley, Dialogue and ADR for Animated Feature Film",How to Train Your Dragon 2,FALSE,Sue Fox,foley editor,FALSE,,
2014,"Sound Effects, Foley, Dialogue and ADR for Animated Feature Film",The Book of Life,FALSE,Charles Martin Inouye,music editor,TRUE,,
2014,"Sound Effects, Foley, Dialogue and ADR for Animated Feature Film",The Book of Life,FALSE,Charlie Campagna,sound effects editor,FALSE,,
2014,"Sound Effects, Foley, Dialogue and ADR for Animated Feature Film",The Book of Life,FALSE,Christopher T. Welch,dialogue,FALSE,,
2014,"Sound Effects, Foley, Dialogue and ADR for Animated Feature Film",The Book of Life,FALSE,Christopher T. Welch,adr editor,FALSE,,
2014,"Sound Effects, Foley, Dialogue and ADR for Animated Feature Film",The Book of Life,FALSE,Dan O'Connell,foley artist,FALSE,,
2014,"Sound Effects, Foley, Dialogue and ADR for Animated Feature Film",The Book of Life,FALSE,Jessie Pariseau,sound effects,FALSE,,
2014,"Sound Effects, Foley, Dialogue and ADR for Animated Feature Film",The Book of Life,FALSE,Jessie Pariseau,dialogue editor,FALSE,,
2014,"Sound Effects, Foley, Dialogue and ADR for Animated Feature Film",The Book of Life,FALSE,John T. Cucci,foley artist,FALSE,,
2014,"Sound Effects, Foley, Dialogue and ADR for Animated Feature Film",The Book of Life,FALSE,Julie Feiner,dialogue,FALSE,,
2014,"Sound Effects, Foley, Dialogue and ADR for Animated Feature Film",The Book of Life,FALSE,Julie Feiner,adr editor,FALSE,,
2014,"Sound Effects, Foley, Dialogue and ADR for Animated Feature Film",The Book of Life,FALSE,Margit Pfeiffer,dialogue,TRUE,,
2014,"Sound Effects, Foley, Dialogue and ADR for Animated Feature Film",The Book of Life,FALSE,Margit Pfeiffer,adr editor,FALSE,,
2014,"Sound Effects, Foley, Dialogue and ADR for Animated Feature Film",The Book of Life,FALSE,Masanobu 'Tomi' Tomita,sound effects editor,FALSE,,
2014,"Sound Effects, Foley, Dialogue and ADR for Animated Feature Film",The Book of Life,FALSE,Peter Zinda,sound effects editor,FALSE,,
2014,"Sound Effects, Foley, Dialogue and ADR for Animated Feature Film",The Book of Life,FALSE,Scott Martin Gershin,sound editor,TRUE,,
2014,"Sound Effects, Foley, Dialogue and ADR for Animated Feature Film",The Book of Life,FALSE,Scott Martin Gershin,sound designer,FALSE,,
2014,"Sound Effects, Foley, Dialogue and ADR for Animated Feature Film",The Book of Life,FALSE,Scott Wolf,sound effects editor,FALSE,,
2014,"Sound Effects, Foley, Dialogue and ADR for Animated Feature Film",The Book of Life,FALSE,Stephen P. Robinson,sound designer,FALSE,,
2014,"Sound Effects, Foley, Dialogue and ADR for Animated Feature Film",The Book of Life,FALSE,Tim Walston,sound effects editor,FALSE,,
2014,"Sound Effects, Foley, Dialogue and ADR for Animated Feature Film",The Boxtrolls,FALSE,Alyson Dee Moore,foley artist,FALSE,,
2014,"Sound Effects, Foley, Dialogue and ADR for Animated Feature Film",The Boxtrolls,FALSE,Ben Burtt Dustin Cawood,sound effects editor,FALSE,,
2014,"Sound Effects, Foley, Dialogue and ADR for Animated Feature Film",The Boxtrolls,FALSE,David C. Hughes,sound effects editor,FALSE,,
2014,"Sound Effects, Foley, Dialogue and ADR for Animated Feature Film",The Boxtrolls,FALSE,Dennie Thorpe,foley artist,FALSE,,
2014,"Sound Effects, Foley, Dialogue and ADR for Animated Feature Film",The Boxtrolls,FALSE,James Bellamy,music editor,FALSE,,
2014,"Sound Effects, Foley, Dialogue and ADR for Animated Feature Film",The Boxtrolls,FALSE,Jana Vance,foley artist,FALSE,,
2014,"Sound Effects, Foley, Dialogue and ADR for Animated Feature Film",The Boxtrolls,FALSE,Jeremy Molod,foley editor,FALSE,,
2014,"Sound Effects, Foley, Dialogue and ADR for Animated Feature Film",The Boxtrolls,FALSE,John Roesch,foley artist,FALSE,,
2014,"Sound Effects, Foley, Dialogue and ADR for Animated Feature Film",The Boxtrolls,FALSE,Jonathon Stevens,music editor,FALSE,,
2014,"Sound Effects, Foley, Dialogue and ADR for Animated Feature Film",The Boxtrolls,FALSE,Marilyn McCoppen,dialogue,FALSE,,
2014,"Sound Effects, Foley, Dialogue and ADR for Animated Feature Film",The Boxtrolls,FALSE,Marilyn McCoppen,adr editor,FALSE,,
2014,"Sound Effects, Foley, Dialogue and ADR for Animated Feature Film",The Boxtrolls,FALSE,Ren Klyce,sound editor,TRUE,,
2014,"Sound Effects, Foley, Dialogue and ADR for Animated Feature Film",The Boxtrolls,FALSE,Ren Klyce,sound designer,FALSE,,
2014,"Sound Effects, Foley, Dialogue and ADR for Animated Feature Film",The Boxtrolls,FALSE,Thom Brennan,foley editor,TRUE,,
2014,"Sound Effects, Foley, Dialogue and ADR for Animated Feature Film",The Boxtrolls,FALSE,Tom Myers,sound editor,TRUE,,
2014,"Sound Effects, Foley, Dialogue and ADR for Animated Feature Film",The Boxtrolls,FALSE,Tom Myers,sound designer,FALSE,,
2014,"Sound Effects, Foley, Dialogue and ADR for Animated Feature Film",The Lego Movie,FALSE,Andrew Dorfman,music editor,TRUE,,
2014,"Sound Effects, Foley, Dialogue and ADR for Animated Feature Film",The Lego Movie,FALSE,Andrew Miller,sound effects editor,FALSE,,
2014,"Sound Effects, Foley, Dialogue and ADR for Animated Feature Film",The Lego Movie,FALSE,Cameron Frankley,sound effects editor,FALSE,,
2014,"Sound Effects, Foley, Dialogue and ADR for Animated Feature Film",The Lego Movie,FALSE,Craig Beckett,music editor,FALSE,,
2014,"Sound Effects, Foley, Dialogue and ADR for Animated Feature Film",The Lego Movie,FALSE,Damian Candusso,sound effects editor,FALSE,,
2014,"Sound Effects, Foley, Dialogue and ADR for Animated Feature Film",The Lego Movie,FALSE,Derryn Pasquill,dialogue editor,TRUE,,
2014,"Sound Effects, Foley, Dialogue and ADR for Animated Feature Film",The Lego Movie,FALSE,Emma Mitchell,sound effects editor,FALSE,,
2014,"Sound Effects, Foley, Dialogue and ADR for Animated Feature Film",The Lego Movie,FALSE,Fabian Sanjurjo,sound editor,TRUE,,
2014,"Sound Effects, Foley, Dialogue and ADR for Animated Feature Film",The Lego Movie,FALSE,Geoffrey G. Rubay,sound effects editor,FALSE,,
2014,"Sound Effects, Foley, Dialogue and ADR for Animated Feature Film",The Lego Movie,FALSE,Jared Dwyer,sound effects editor,FALSE,,
2014,"Sound Effects, Foley, Dialogue and ADR for Animated Feature Film",The Lego Movie,FALSE,Jim Harrison,music editor,FALSE,,
2014,"Sound Effects, Foley, Dialogue and ADR for Animated Feature Film",The Lego Movie,FALSE,John Simpson,foley editor,TRUE,,
2014,"Sound Effects, Foley, Dialogue and ADR for Animated Feature Film",The Lego Movie,FALSE,Jon Michaels,sound effects editor,FALSE,,
2014,"Sound Effects, Foley, Dialogue and ADR for Animated Feature Film",The Lego Movie,FALSE,Nigel Christensen,sound effects editor,FALSE,,
2014,"Sound Effects, Foley, Dialogue and ADR for Animated Feature Film",The Lego Movie,FALSE,Rick Lisle,sound effects editor,FALSE,,
2014,"Sound Effects, Foley, Dialogue and ADR for Animated Feature Film",The Lego Movie,FALSE,Ryan Squires,foley editor,FALSE,,
2014,"Sound Effects, Foley, Dialogue and ADR for Animated Feature Film",The Lego Movie,FALSE,Sonal Joshi,dialogue,FALSE,,
2014,"Sound Effects, Foley, Dialogue and ADR for Animated Feature Film",The Lego Movie,FALSE,Sonal Joshi,adr editor,FALSE,,
2014,"Sound Effects, Foley, Dialogue and ADR for Animated Feature Film",The Lego Movie,FALSE,Tim Ryan,music editor,FALSE,,
2014,"Sound Effects, Foley, Dialogue and ADR for Animated Feature Film",The Lego Movie,FALSE,Wayne Pashley,sound editor,TRUE,,
2014,"Sound Effects, Foley, Dialogue and ADR for Animated Feature Film",The Lego Movie,FALSE,Wayne Pashley,sound designer,FALSE,,
2014,"Sound Effects, Foley, Dialogue and ADR for Foreign Language Feature Film",The Liberator,TRUE,Aleksandar Sasha Panich,adr editor,FALSE,,Venezuela Spain
2014,"Sound Effects, Foley, Dialogue and ADR for Foreign Language Feature Film",The Liberator,TRUE,Andres Velasquez,adr editor,TRUE,,Venezuela Spain
2014,"Sound Effects, Foley, Dialogue and ADR for Foreign Language Feature Film",The Liberator,TRUE,Angela Hemingway,dialogue,FALSE,,Venezuela Spain
2014,"Sound Effects, Foley, Dialogue and ADR for Foreign Language Feature Film",The Liberator,TRUE,Angela Hemingway,adr editor,FALSE,,Venezuela Spain
2014,"Sound Effects, Foley, Dialogue and ADR for Foreign Language Feature Film",The Liberator,TRUE,Brent Findley,sound effects editor,FALSE,,Venezuela Spain
2014,"Sound Effects, Foley, Dialogue and ADR for Foreign Language Feature Film",The Liberator,TRUE,Charles Maynes,sound effects editor,FALSE,,Venezuela Spain
2014,"Sound Effects, Foley, Dialogue and ADR for Foreign Language Feature Film",The Liberator,TRUE,Chris Diebold,sound effects editor,FALSE,,Venezuela Spain
2014,"Sound Effects, Foley, Dialogue and ADR for Foreign Language Feature Film",The Liberator,TRUE,Jay Nierenberg,sound editor,TRUE,,Venezuela Spain
2014,"Sound Effects, Foley, Dialogue and ADR for Foreign Language Feature Film",The Liberator,TRUE,Jonathan Wales,sound editor,TRUE,,Venezuela Spain
2014,"Sound Effects, Foley, Dialogue and ADR for Foreign Language Feature Film",The Liberator,TRUE,Juan Diego Borda,adr editor,FALSE,,Venezuela Spain
2014,"Sound Effects, Foley, Dialogue and ADR for Foreign Language Feature Film",The Liberator,TRUE,Ramiro Belgardt,music editor,TRUE,,Venezuela Spain
2014,"Sound Effects, Foley, Dialogue and ADR for Foreign Language Feature Film",The Liberator,TRUE,Steven Iba,sound effects editor,FALSE,,Venezuela Spain
2014,"Sound Effects, Foley, Dialogue and ADR for Foreign Language Feature Film",The Liberator,TRUE,Todd Niesen,dialogue,FALSE,,Venezuela Spain
2014,"Sound Effects, Foley, Dialogue and ADR for Foreign Language Feature Film",The Liberator,TRUE,Todd Niesen,adr editor,FALSE,,Venezuela Spain
2014,"Sound Effects, Foley, Dialogue and ADR for Foreign Language Feature Film",The Liberator,TRUE,Trevor Gates,sound designer,FALSE,,Venezuela Spain
2014,"Sound Effects, Foley, Dialogue and ADR for Foreign Language Feature Film",The Liberator,TRUE,Vicki Vandegrift,foley artist,FALSE,,Venezuela Spain
2014,"Sound Effects, Foley, Dialogue and ADR for Foreign Language Feature Film",The Liberator,TRUE,Zachary Schmitt,foley editor,FALSE,,Venezuela Spain
2014,"Sound Effects, Foley, Dialogue and ADR for Foreign Language Feature Film",Human Capital,FALSE,Daniela Bassani,sound editor,TRUE,,Italy
2014,"Sound Effects, Foley, Dialogue and ADR for Foreign Language Feature Film",Human Capital,FALSE,Daniele Quadroli,sound effects editor,FALSE,,Italy
2014,"Sound Effects, Foley, Dialogue and ADR for Foreign Language Feature Film",Human Capital,FALSE,David Quadroli,sound effects editor,FALSE,,Italy
2014,"Sound Effects, Foley, Dialogue and ADR for Foreign Language Feature Film",Human Capital,FALSE,Enzo Mandara,dialogue,FALSE,,Italy
2014,"Sound Effects, Foley, Dialogue and ADR for Foreign Language Feature Film",Human Capital,FALSE,Enzo Mandara,adr editor,FALSE,,Italy
2014,"Sound Effects, Foley, Dialogue and ADR for Foreign Language Feature Film",Human Capital,FALSE,Fabrizio Quadroli,sound effects editor,FALSE,,Italy
2014,"Sound Effects, Foley, Dialogue and ADR for Foreign Language Feature Film",Human Capital,FALSE,Gianni Pallotto,sound designer,FALSE,,Italy
2014,"Sound Effects, Foley, Dialogue and ADR for Foreign Language Feature Film",Human Capital,FALSE,Italo Cameracanna,sound effects editor,FALSE,,Italy
2014,"Sound Effects, Foley, Dialogue and ADR for Foreign Language Feature Film",Human Capital,FALSE,Paolo Amici,sound effects editor,FALSE,,Italy
2014,"Sound Effects, Foley, Dialogue and ADR for Foreign Language Feature Film",Human Capital,FALSE,Riccardo Cameracanna,sound effects editor,FALSE,,Italy
2014,"Sound Effects, Foley, Dialogue and ADR for Foreign Language Feature Film",Human Capital,FALSE,Taketo Gohara,music editor,FALSE,,Italy
2014,"Sound Effects, Foley, Dialogue and ADR for Foreign Language Feature Film",Roar: Tigers of the Sundarbans,FALSE,Abhishruti Bezbaruah,sound effects editor,FALSE,,India
2014,"Sound Effects, Foley, Dialogue and ADR for Foreign Language Feature Film",Roar: Tigers of the Sundarbans,FALSE,Amrit Pritam Dutta,sound editor,TRUE,,India
2014,"Sound Effects, Foley, Dialogue and ADR for Foreign Language Feature Film",Roar: Tigers of the Sundarbans,FALSE,Amrit Pritam Dutta,sound designer,FALSE,,India
2014,"Sound Effects, Foley, Dialogue and ADR for Foreign Language Feature Film",Roar: Tigers of the Sundarbans,FALSE,Amrit Pritam Dutta,effects editor,FALSE,,India
2014,"Sound Effects, Foley, Dialogue and ADR for Foreign Language Feature Film",Roar: Tigers of the Sundarbans,FALSE,Arunav Dutta,sound effects editor,FALSE,,India
2014,"Sound Effects, Foley, Dialogue and ADR for Foreign Language Feature Film",Roar: Tigers of the Sundarbans,FALSE,Karnail Singh,foley artist,FALSE,,India
2014,"Sound Effects, Foley, Dialogue and ADR for Foreign Language Feature Film",Roar: Tigers of the Sundarbans,FALSE,Resul Pookutty,sound editor,TRUE,,India
2014,"Sound Effects, Foley, Dialogue and ADR for Foreign Language Feature Film",Roar: Tigers of the Sundarbans,FALSE,Resul Pookutty,sound designer,FALSE,,India
2014,"Sound Effects, Foley, Dialogue and ADR for Foreign Language Feature Film",Roar: Tigers of the Sundarbans,FALSE,Sajjan Choudhary,foley artist,FALSE,,India
2014,"Sound Effects, Foley, Dialogue and ADR for Foreign Language Feature Film",Roar: Tigers of the Sundarbans,FALSE,Vijay Kumar,foley editor,TRUE,,India
2014,"Sound Effects, Foley, Dialogue and ADR for Foreign Language Feature Film",Roar: Tigers of the Sundarbans,FALSE,Vijay Kumar,sound effects editor,FALSE,,India
2014,"Sound Effects, Foley, Dialogue and ADR for Foreign Language Feature Film",The Raid 2,FALSE,Al Nelson,sound designer,FALSE,,Indonesia
2014,"Sound Effects, Foley, Dialogue and ADR for Foreign Language Feature Film",The Raid 2,FALSE,Brandon Proctor,sound designer,FALSE,,Indonesia
2014,"Sound Effects, Foley, Dialogue and ADR for Foreign Language Feature Film",The Raid 2,FALSE,Doug Winningham,sound effects editor,FALSE,,Indonesia
2014,"Sound Effects, Foley, Dialogue and ADR for Foreign Language Feature Film",The Raid 2,FALSE,Jonathan Greber,sound,TRUE,,Indonesia
2014,"Sound Effects, Foley, Dialogue and ADR for Foreign Language Feature Film",The Raid 2,FALSE,Jonathan Greber,foley editor,FALSE,,Indonesia
2014,"Sound Effects, Foley, Dialogue and ADR for Foreign Language Feature Film",The Raid 2,FALSE,Kim Foscato,sound effects editor,FALSE,,Indonesia
2014,"Sound Effects, Foley, Dialogue and ADR for Foreign Language Feature Film",The Raid 2,FALSE,Sean England,foley artist,FALSE,,Indonesia
2014,"Sound Effects, Foley, Dialogue and ADR for Foreign Language Feature Film",Uzumasa Limelight,FALSE,Carlos Sanches,sound,TRUE,,Japan
2014,"Sound Effects, Foley, Dialogue and ADR for Foreign Language Feature Film",Uzumasa Limelight,FALSE,Carlos Sanches,dialogue,FALSE,,Japan
2014,"Sound Effects, Foley, Dialogue and ADR for Foreign Language Feature Film",Uzumasa Limelight,FALSE,Carlos Sanches,adr editor,FALSE,,Japan
2014,"Sound Effects, Foley, Dialogue and ADR for Foreign Language Feature Film",Uzumasa Limelight,FALSE,Gerardo Gonzalez,sound effects editor,FALSE,,Japan
2014,"Sound Effects, Foley, Dialogue and ADR for Foreign Language Feature Film",Uzumasa Limelight,FALSE,Hiroki Matsuura,sound effects editor,FALSE,,Japan
2014,"Sound Effects, Foley, Dialogue and ADR for Foreign Language Feature Film",Uzumasa Limelight,FALSE,Jeffrey Wilhoit,foley artist,FALSE,,Japan
2014,"Sound Effects, Foley, Dialogue and ADR for Foreign Language Feature Film",Uzumasa Limelight,FALSE,John Sanacore,foley editor,TRUE,,Japan
2014,"Sound Effects, Foley, Dialogue and ADR for Foreign Language Feature Film",Uzumasa Limelight,FALSE,Joshua Aaron Johnson,sound designer,FALSE,,Japan
2014,"Sound Effects, Foley, Dialogue and ADR for Foreign Language Feature Film",Uzumasa Limelight,FALSE,Kazuma Jinnouchi,music editor,FALSE,,Japan
2014,"Sound Effects, Foley, Dialogue and ADR for Foreign Language Feature Film",Uzumasa Limelight,FALSE,Matthew Thomas Hall,sound designer,FALSE,,Japan
2014,"Sound Effects, Foley, Dialogue and ADR for Foreign Language Feature Film",Uzumasa Limelight,FALSE,Nobuko Toda,music editor,FALSE,,Japan
2013,Dialogue and ADR for Feature Film,Captain Phillips,TRUE,Bjorn Ole Schroeder,dialogue editor,TRUE,Sound Editing,
2013,Dialogue and ADR for Feature Film,Captain Phillips,TRUE,Oliver Tarney,sound editor,TRUE,Sound Editing,
2013,Dialogue and ADR for Feature Film,Captain Phillips,TRUE,Rob Killick,dialogue editor,FALSE,Sound Editing,
2013,Dialogue and ADR for Feature Film,Captain Phillips,TRUE,Simon Chase,adr editor,TRUE,Sound Editing,
2013,Dialogue and ADR for Feature Film,12 Years a Slave,FALSE,Henry Auerbach,dialogue editor,FALSE,Sound Editing,
2013,Dialogue and ADR for Feature Film,12 Years a Slave,FALSE,Robert Jackson,sound editor,TRUE,Sound Editing,
2013,Dialogue and ADR for Feature Film,12 Years a Slave,FALSE,Robert Jackson,dialogue,TRUE,Sound Editing,
2013,Dialogue and ADR for Feature Film,12 Years a Slave,FALSE,Robert Jackson,adr editor,FALSE,Sound Editing,
2013,Dialogue and ADR for Feature Film,12 Years a Slave,FALSE,Ryan Collins,sound editor,TRUE,Sound Editing,
2013,Dialogue and ADR for Feature Film,American Hustle,FALSE,Bernard Weiser,dialogue editor,FALSE,Sound Editing,
2013,Dialogue and ADR for Feature Film,American Hustle,FALSE,Christopher T. Welch,dialogue editor,FALSE,Sound Editing,
2013,Dialogue and ADR for Feature Film,American Hustle,FALSE,Dhyana Carlton-Tims,dialogue editor,FALSE,Sound Editing,
2013,Dialogue and ADR for Feature Film,American Hustle,FALSE,John Ross,sound editor,TRUE,Sound Editing,
2013,Dialogue and ADR for Feature Film,American Hustle,FALSE,Kimberly Harris,dialogue editor,FALSE,Sound Editing,
2013,Dialogue and ADR for Feature Film,American Hustle,FALSE,Michael Hertlein,dialogue editor,FALSE,Sound Editing,
2013,Dialogue and ADR for Feature Film,American Hustle,FALSE,Mike Szakmeister,dialogue editor,FALSE,Sound Editing,
2013,Dialogue and ADR for Feature Film,American Hustle,FALSE,Renée Tondelli,dialogue and adr editor,TRUE,Sound Editing,
2013,Dialogue and ADR for Feature Film,August: Osage County,FALSE,Bobbi Banks,adr editor,TRUE,Sound Editing,
2013,Dialogue and ADR for Feature Film,August: Osage County,FALSE,Chris Hogan,dialogue editor,TRUE,Sound Editing,
2013,Dialogue and ADR for Feature Film,August: Osage County,FALSE,Glynna Grimala,adr editor,FALSE,Sound Editing,
2013,Dialogue and ADR for Feature Film,August: Osage County,FALSE,Julie Feiner,dialogue editor,FALSE,Sound Editing,
2013,Dialogue and ADR for Feature Film,August: Osage County,FALSE,Lon Bender,sound editor,TRUE,Sound Editing,
2013,Dialogue and ADR for Feature Film,Gravity,FALSE,Emilie O'Connor,dialogue editor,FALSE,Sound Editing,
2013,Dialogue and ADR for Feature Film,Gravity,FALSE,Gillian Dodders,dialogue editor,FALSE,Sound Editing,
2013,Dialogue and ADR for Feature Film,Gravity,FALSE,Glenn Freemantle,sound editor,TRUE,Sound Editing,
2013,Dialogue and ADR for Feature Film,Gravity,FALSE,Glenn Freemantle,adr editor,FALSE,Sound Editing,
2013,Dialogue and ADR for Feature Film,Gravity,FALSE,Nina Hartstone,dialogue,TRUE,Sound Editing,
2013,Dialogue and ADR for Feature Film,Her,FALSE,Coya Elliott,dialogue editor,FALSE,Sound Editing,
2013,Dialogue and ADR for Feature Film,Her,FALSE,Gwendolyn Yates Whittle,adr editor,TRUE,Sound Editing,
2013,Dialogue and ADR for Feature Film,Her,FALSE,Malcolm Fife,dialogue editor,FALSE,Sound Editing,
2013,Dialogue and ADR for Feature Film,Her,FALSE,Ren Klyce,sound editor,TRUE,Sound Editing,
2013,Dialogue and ADR for Feature Film,Her,FALSE,Ren Klyce,dialogue editor,TRUE,Sound Editing,
2013,Dialogue and ADR for Feature Film,Her,FALSE,Steve Slanec,dialogue editor,FALSE,Sound Editing,
2013,Dialogue and ADR for Feature Film,Inside Llewyn Davis,FALSE,Judah Getz,adr mixer,FALSE,Sound Editing,
2013,Dialogue and ADR for Feature Film,Inside Llewyn Davis,FALSE,Kenton Jakub,adr editor,TRUE,Sound Editing,
2013,Dialogue and ADR for Feature Film,Inside Llewyn Davis,FALSE,Skip Lievsay,sound editor,TRUE,Sound Editing,
2013,Dialogue and ADR for Feature Film,Lone Survivor,FALSE,Branden Spencer,dialogue editor,FALSE,Sound Editing,
2013,Dialogue and ADR for Feature Film,Lone Survivor,FALSE,Michael Hertlein,dialogue editor,FALSE,Sound Editing,
2013,Dialogue and ADR for Feature Film,Lone Survivor,FALSE,Renée Tondelli,dialogue,TRUE,Sound Editing,
2013,Dialogue and ADR for Feature Film,Lone Survivor,FALSE,Renée Tondelli,adr editor,FALSE,Sound Editing,
2013,Dialogue and ADR for Feature Film,Lone Survivor,FALSE,Wylie Stateman,sound editor,TRUE,Sound Editing,
2013,Feature Underscore,The Great Gatsby,TRUE,Craig Beckett,music editor,FALSE,,
2013,Feature Underscore,The Great Gatsby,TRUE,Jason Ruder,music editor,TRUE,,
2013,Feature Underscore,The Great Gatsby,TRUE,Tim Ryan,music editor,TRUE,,
2013,Feature Underscore,12 Years a Slave,FALSE,Bob Badami,music editor,FALSE,,
2013,Feature Underscore,12 Years a Slave,FALSE,Catherine Wilson,music editor,FALSE,,
2013,Feature Underscore,12 Years a Slave,FALSE,Katrina Schiller,music editor,FALSE,,
2013,Feature Underscore,47 Ronin,FALSE,Andrew Silver,music editor,TRUE,,
2013,Feature Underscore,47 Ronin,FALSE,Julie Pearce,music editor,FALSE,,
2013,Feature Underscore,47 Ronin,FALSE,Kenneth Karman,music editor,FALSE,,
2013,Feature Underscore,47 Ronin,FALSE,Peter Oso Snell,music editor,FALSE,,
2013,Feature Underscore,American Hustle,FALSE,Philip Tallman,music editor,FALSE,,
2013,Feature Underscore,American Hustle,FALSE,Sally Boldt,music editor,FALSE,,
2013,Feature Underscore,Gravity,FALSE,Christopher Benstead,music editor,TRUE,,
2013,Feature Underscore,Mandela: Long Walk to Freedom,FALSE,Lewis Morison,music editor,TRUE,,
2013,Feature Underscore,Mandela: Long Walk to Freedom,FALSE,Michael Connell,music editor,FALSE,,
2013,Feature Underscore,Mandela: Long Walk to Freedom,FALSE,Neil Stemp,music editor,FALSE,,
2013,Feature Underscore,Mandela: Long Walk to Freedom,FALSE,Robert Houston,music editor,FALSE,,
2013,Feature Underscore,Mandela: Long Walk to Freedom,FALSE,Tony Lewis,music editor,FALSE,,
2013,Feature Underscore,The Hobbit: The Desolation of Smaug,FALSE,Jonathan Schultz,music editor,FALSE,,
2013,Feature Underscore,The Hobbit: The Desolation of Smaug,FALSE,Kirsty Whalley,music editor,FALSE,,
2013,Feature Underscore,The Hobbit: The Desolation of Smaug,FALSE,Mark Willsher,music editor,TRUE,,
2013,Feature Underscore,The Hobbit: The Desolation of Smaug,FALSE,Nigel Scott,music editor,FALSE,,
2013,Feature Underscore,The Hobbit: The Desolation of Smaug,FALSE,Stephen Gallagher,music editor,FALSE,,
2013,Feature Underscore,World War Z,FALSE,John Finklea,music editor,TRUE,,
2013,Feature Underscore,World War Z,FALSE,Kevin McKeever,music editor,FALSE,,
2013,Musical for Feature Film,Frozen,TRUE,Earl Ghaffari,music editor,FALSE,,
2013,Musical for Feature Film,Frozen,TRUE,Fernand Bos,music editor,FALSE,,
2013,Musical for Feature Film,Inside Llewyn Davis,FALSE,Jen Monnar,music editor,FALSE,,
2013,Musical for Feature Film,Inside Llewyn Davis,FALSE,Todd Kasow,music editor,FALSE,,
2013,Musical for Feature Film,Justin Bieber's Believe,FALSE,Kevin McKeever,music editor,TRUE,,
2013,Musical for Feature Film,Metallica: Through the Never,FALSE,Joseph Magee,music mixer,TRUE,,
2013,Musical for Feature Film,Metallica: Through the Never,FALSE,Matt Fausak,music editor,FALSE,,
2013,Musical for Feature Film,Metallica: Through the Never,FALSE,Rick Kline,re-recording mixer,FALSE,,
2013,Musical for Feature Film,Metallica: Through the Never,FALSE,Ryan Rubin,music editor,FALSE,,
2013,Sound Effects and Foley for Feature Film,Gravity,TRUE,Ben Barker,sound design editor,FALSE,Sound Editing,
2013,Sound Effects and Foley for Feature Film,Gravity,TRUE,Danny Freemantle,sound effects editor,FALSE,Sound Editing,
2013,Sound Effects and Foley for Feature Film,Gravity,TRUE,Eilam Hoffman,sound design editor,FALSE,Sound Editing,
2013,Sound Effects and Foley for Feature Film,Gravity,TRUE,Glenn Freemantle,sound editor,TRUE,Sound Editing,
2013,Sound Effects and Foley for Feature Film,Gravity,TRUE,Glenn Freemantle,sound editor,FALSE,Sound Editing,
2013,Sound Effects and Foley for Feature Film,Gravity,TRUE,Hugo Adams,foley editor,FALSE,Sound Editing,
2013,Sound Effects and Foley for Feature Film,Gravity,TRUE,Nicolas Becker,foley artist,FALSE,Sound Editing,
2013,Sound Effects and Foley for Feature Film,Gravity,TRUE,Niv Adiri,sound design editor,FALSE,Sound Editing,
2013,Sound Effects and Foley for Feature Film,12 Years a Slave,FALSE,Brian Dunlop,foley editor,TRUE,Sound Editing,
2013,Sound Effects and Foley for Feature Film,12 Years a Slave,FALSE,Ellen Heuer,foley artist,FALSE,Sound Editing,
2013,Sound Effects and Foley for Feature Film,12 Years a Slave,FALSE,Jon Vogl,sound effects editor,FALSE,Sound Editing,
2013,Sound Effects and Foley for Feature Film,12 Years a Slave,FALSE,Leslie Shatz,sound designer,FALSE,Sound Editing,
2013,Sound Effects and Foley for Feature Film,12 Years a Slave,FALSE,Robert Jackson,sound editor,TRUE,Sound Editing,
2013,Sound Effects and Foley for Feature Film,12 Years a Slave,FALSE,Ryan Collins,sound editor,TRUE,Sound Editing,
2013,Sound Effects and Foley for Feature Film,All Is Lost,FALSE,Andy Malcolm,foley artist,FALSE,Sound Editing,
2013,Sound Effects and Foley for Feature Film,All Is Lost,FALSE,Brandon Procter,sound effects editor,FALSE,Sound Editing,
2013,Sound Effects and Foley for Feature Film,All Is Lost,FALSE,Goro Koyama,foley artist,FALSE,Sound Editing,
2013,Sound Effects and Foley for Feature Film,All Is Lost,FALSE,Richard Hymns,sound,TRUE,Sound Editing,
2013,Sound Effects and Foley for Feature Film,All Is Lost,FALSE,Richard Hymns,foley editor,FALSE,Sound Editing,
2013,Sound Effects and Foley for Feature Film,All Is Lost,FALSE,Steve Boeddeker,sound editor,TRUE,Sound Editing,
2013,Sound Effects and Foley for Feature Film,All Is Lost,FALSE,Steve Boeddeker,sound designer,FALSE,Sound Editing,
2013,Sound Effects and Foley for Feature Film,Captain Phillips,FALSE,Dillon Bennett,sound effects editor,FALSE,Sound Editing,
2013,Sound Effects and Foley for Feature Film,Captain Phillips,FALSE,James Harrison,sound designer,FALSE,Sound Editing,
2013,Sound Effects and Foley for Feature Film,Captain Phillips,FALSE,Jason Swanscott,foley artist,FALSE,Sound Editing,
2013,Sound Effects and Foley for Feature Film,Captain Phillips,FALSE,Mark Taylor,foley editor,TRUE,Sound Editing,
2013,Sound Effects and Foley for Feature Film,Captain Phillips,FALSE,Michael Fentum,sound designer,FALSE,Sound Editing,
2013,Sound Effects and Foley for Feature Film,Captain Phillips,FALSE,Oliver Tarney,sound editor,TRUE,Sound Editing,
2013,Sound Effects and Foley for Feature Film,Captain Phillips,FALSE,Peter Burgis,foley artist,FALSE,Sound Editing,
2013,Sound Effects and Foley for Feature Film,Fast & Furious 6,FALSE,Gary A. Hecker,foley artist,FALSE,Sound Editing,
2013,Sound Effects and Foley for Feature Film,Fast & Furious 6,FALSE,Gary Marullo,foley artist,FALSE,Sound Editing,
2013,Sound Effects and Foley for Feature Film,Fast & Furious 6,FALSE,Glynna Grimala,sound effects editor,FALSE,Sound Editing,
2013,Sound Effects and Foley for Feature Film,Fast & Furious 6,FALSE,Harry Cohen,sound designer,FALSE,Sound Editing,
2013,Sound Effects and Foley for Feature Film,Fast & Furious 6,FALSE,Jay Wilkinson,sound designer,FALSE,Sound Editing,
2013,Sound Effects and Foley for Feature Film,Fast & Furious 6,FALSE,Joe Dzuban,foley editor,FALSE,Sound Editing,
2013,Sound Effects and Foley for Feature Film,Fast & Furious 6,FALSE,Kris Fenske,sound effects editor,FALSE,Sound Editing,
2013,Sound Effects and Foley for Feature Film,Fast & Furious 6,FALSE,Paul Aulicino,foley editor,TRUE,Sound Editing,
2013,Sound Effects and Foley for Feature Film,Fast & Furious 6,FALSE,Peter Brown,sound editor,TRUE,Sound Editing,
2013,Sound Effects and Foley for Feature Film,Fast & Furious 6,FALSE,Peter Staubli,sound designer,FALSE,Sound Editing,
2013,Sound Effects and Foley for Feature Film,Fast & Furious 6,FALSE,Piero Mura,sound effects editor,FALSE,Sound Editing,
2013,Sound Effects and Foley for Feature Film,Fast & Furious 6,FALSE,Stephen P. Robinson,sound designer,FALSE,Sound Editing,
2013,Sound Effects and Foley for Feature Film,Iron Man 3,FALSE,Alan Rankin,sound designer,FALSE,Sound Editing,
2013,Sound Effects and Foley for Feature Film,Iron Man 3,FALSE,Andrew DeCristofaro,sound editor,TRUE,Sound Editing,
2013,Sound Effects and Foley for Feature Film,Iron Man 3,FALSE,Ann Scibelli,sound designer,FALSE,Sound Editing,
2013,Sound Effects and Foley for Feature Film,Iron Man 3,FALSE,Charlie Campagna,sound effects editor,FALSE,Sound Editing,
2013,Sound Effects and Foley for Feature Film,Iron Man 3,FALSE,Dan O'Connell,foley artist,FALSE,Sound Editing,
2013,Sound Effects and Foley for Feature Film,Iron Man 3,FALSE,John T. Cucci,foley artist,FALSE,Sound Editing,
2013,Sound Effects and Foley for Feature Film,Iron Man 3,FALSE,Karen Vassar Triest,sound effects editor,FALSE,Sound Editing,
2013,Sound Effects and Foley for Feature Film,Iron Man 3,FALSE,Mark P. Stoeckinger,sound editor,TRUE,Sound Editing,
2013,Sound Effects and Foley for Feature Film,Iron Man 3,FALSE,Masanobu 'Tomi' Tomita,sound editor,FALSE,Sound Editing,
2013,Sound Effects and Foley for Feature Film,Iron Man 3,FALSE,Shannon Mills,sound effects editor,FALSE,Sound Editing,
2013,Sound Effects and Foley for Feature Film,Iron Man 3,FALSE,Tim Walston,sound effects editor,FALSE,Sound Editing,
2013,Sound Effects and Foley for Feature Film,Lone Survivor,FALSE,Branden Spencer,sound effects editor,FALSE,Sound Editing,
2013,Sound Effects and Foley for Feature Film,Lone Survivor,FALSE,Charlie Campagna,sound effects editor,FALSE,Sound Editing,
2013,Sound Effects and Foley for Feature Film,Lone Survivor,FALSE,Dror Mohar,sound effects editor,FALSE,Sound Editing,
2013,Sound Effects and Foley for Feature Film,Lone Survivor,FALSE,Gary A. Hecker,foley artist,FALSE,Sound Editing,
2013,Sound Effects and Foley for Feature Film,Lone Survivor,FALSE,Gary Marullo,foley artist,FALSE,Sound Editing,
2013,Sound Effects and Foley for Feature Film,Lone Survivor,FALSE,Harry Cohen,sound designer,FALSE,Sound Editing,
2013,Sound Effects and Foley for Feature Film,Lone Survivor,FALSE,Hector C. Gika,sound effects editor,FALSE,Sound Editing,
2013,Sound Effects and Foley for Feature Film,Lone Survivor,FALSE,Wylie Stateman,sound editor,TRUE,Sound Editing,
2013,Sound Effects and Foley for Feature Film,The Hobbit: The Desolation of Smaug,FALSE,Chris Ward,sound editor,TRUE,Sound Editing,
2013,Sound Effects and Foley for Feature Film,The Hobbit: The Desolation of Smaug,FALSE,Craig Tomlinson,foley editor,TRUE,Sound Editing,
2013,Sound Effects and Foley for Feature Film,The Hobbit: The Desolation of Smaug,FALSE,Dave Whitehead,sound designer,FALSE,Sound Editing,
2013,Sound Effects and Foley for Feature Film,The Hobbit: The Desolation of Smaug,FALSE,David Farmer,sound designer,FALSE,Sound Editing,
2013,Sound Effects and Foley for Feature Film,The Hobbit: The Desolation of Smaug,FALSE,Hayden Collow,sound effects editor,FALSE,Sound Editing,
2013,Sound Effects and Foley for Feature Film,The Hobbit: The Desolation of Smaug,FALSE,John Simpson,foley artist,FALSE,Sound Editing,
2013,Sound Effects and Foley for Feature Film,The Hobbit: The Desolation of Smaug,FALSE,Justin Webster,sound effects editor,FALSE,Sound Editing,
2013,Sound Effects and Foley for Feature Film,The Hobbit: The Desolation of Smaug,FALSE,Melanie Graham,sound effects editor,FALSE,Sound Editing,
2013,"Sound Effects, Foley, Dialogue and ADR for Animated Feature Film",Epic,TRUE,Andre Fenley,sound effects editor,FALSE,,
2013,"Sound Effects, Foley, Dialogue and ADR for Animated Feature Film",Epic,TRUE,Ben Burtt,foley editor,FALSE,,
2013,"Sound Effects, Foley, Dialogue and ADR for Animated Feature Film",Epic,TRUE,Bill Abbott,music editor,FALSE,,
2013,"Sound Effects, Foley, Dialogue and ADR for Animated Feature Film",Epic,TRUE,Brad Semenoff,dialogue editor,TRUE,,
2013,"Sound Effects, Foley, Dialogue and ADR for Animated Feature Film",Epic,TRUE,Dennie Thorpe,foley artist,FALSE,,
2013,"Sound Effects, Foley, Dialogue and ADR for Animated Feature Film",Epic,TRUE,Gwendolyn Yates Whittle,sound editor,TRUE,,
2013,"Sound Effects, Foley, Dialogue and ADR for Animated Feature Film",Epic,TRUE,James Likowski,foley editor,FALSE,,
2013,"Sound Effects, Foley, Dialogue and ADR for Animated Feature Film",Epic,TRUE,Jana Vance,foley artist,FALSE,,
2013,"Sound Effects, Foley, Dialogue and ADR for Animated Feature Film",Epic,TRUE,Jeremy Bowker,sound designer,FALSE,,
2013,"Sound Effects, Foley, Dialogue and ADR for Animated Feature Film",Epic,TRUE,Kent Sparling,sound effects editor,FALSE,,
2013,"Sound Effects, Foley, Dialogue and ADR for Animated Feature Film",Epic,TRUE,Kyrsten Mate,sound effects editor,FALSE,,
2013,"Sound Effects, Foley, Dialogue and ADR for Animated Feature Film",Epic,TRUE,Leff Lefferts,sound effects editor,FALSE,,
2013,"Sound Effects, Foley, Dialogue and ADR for Animated Feature Film",Epic,TRUE,Lisa Jaime,music editor,FALSE,,
2013,"Sound Effects, Foley, Dialogue and ADR for Animated Feature Film",Epic,TRUE,Luke Dunn Gielmuda,foley editor,TRUE,,
2013,"Sound Effects, Foley, Dialogue and ADR for Animated Feature Film",Epic,TRUE,Michael Silvers,dialogue editor,FALSE,,
2013,"Sound Effects, Foley, Dialogue and ADR for Animated Feature Film",Epic,TRUE,Randy Thom,sound editor,TRUE,,
2013,"Sound Effects, Foley, Dialogue and ADR for Animated Feature Film",Epic,TRUE,Randy Thom,sound designer,FALSE,,
2013,"Sound Effects, Foley, Dialogue and ADR for Animated Feature Film",Cloudy with a Chance of Meatballs 2,FALSE,Andrew Dorfman,music editor,FALSE,,
2013,"Sound Effects, Foley, Dialogue and ADR for Animated Feature Film",Cloudy with a Chance of Meatballs 2,FALSE,David Werntz,sound effects editor,FALSE,,
2013,"Sound Effects, Foley, Dialogue and ADR for Animated Feature Film",Cloudy with a Chance of Meatballs 2,FALSE,Geoffrey G. Rubay,sound editor,TRUE,,
2013,"Sound Effects, Foley, Dialogue and ADR for Animated Feature Film",Cloudy with a Chance of Meatballs 2,FALSE,James Morioka,foley editor,TRUE,,
2013,"Sound Effects, Foley, Dialogue and ADR for Animated Feature Film",Cloudy with a Chance of Meatballs 2,FALSE,Jason George,dialogue editor,TRUE,,
2013,"Sound Effects, Foley, Dialogue and ADR for Animated Feature Film",Cloudy with a Chance of Meatballs 2,FALSE,John Dunn,sound effects editor,FALSE,,
2013,"Sound Effects, Foley, Dialogue and ADR for Animated Feature Film",Cloudy with a Chance of Meatballs 2,FALSE,John Pospisil,sound designer,FALSE,,
2013,"Sound Effects, Foley, Dialogue and ADR for Animated Feature Film",Cloudy with a Chance of Meatballs 2,FALSE,Jussi Tegelman,sound effects editor,FALSE,,
2013,"Sound Effects, Foley, Dialogue and ADR for Animated Feature Film",Cloudy with a Chance of Meatballs 2,FALSE,Robin Harlan,foley artist,FALSE,,
2013,"Sound Effects, Foley, Dialogue and ADR for Animated Feature Film",Cloudy with a Chance of Meatballs 2,FALSE,Sarah Monat,foley artist,FALSE,,
2013,"Sound Effects, Foley, Dialogue and ADR for Animated Feature Film",Despicable Me 2,FALSE,Bjorn Ole Schroeder,dialogue editor,TRUE,,
2013,"Sound Effects, Foley, Dialogue and ADR for Animated Feature Film",Despicable Me 2,FALSE,Christopher Scarabosio,sound editor,TRUE,,
2013,"Sound Effects, Foley, Dialogue and ADR for Animated Feature Film",Despicable Me 2,FALSE,Christopher Scarabosio,sound designer,FALSE,,
2013,"Sound Effects, Foley, Dialogue and ADR for Animated Feature Film",Despicable Me 2,FALSE,Dennis Leonard,sound editor,TRUE,,
2013,"Sound Effects, Foley, Dialogue and ADR for Animated Feature Film",Despicable Me 2,FALSE,E.J. Holowicki,sound effects editor,FALSE,,
2013,"Sound Effects, Foley, Dialogue and ADR for Animated Feature Film",Despicable Me 2,FALSE,Erik Foreman,foley editor,FALSE,,
2013,"Sound Effects, Foley, Dialogue and ADR for Animated Feature Film",Despicable Me 2,FALSE,Frank Rinella,foley editor,FALSE,,
2013,"Sound Effects, Foley, Dialogue and ADR for Animated Feature Film",Despicable Me 2,FALSE,Jonathan Borland,sound effects editor,FALSE,,
2013,"Sound Effects, Foley, Dialogue and ADR for Animated Feature Film",Despicable Me 2,FALSE,Larry Oatfield,foley editor,TRUE,,
2013,"Sound Effects, Foley, Dialogue and ADR for Animated Feature Film",Despicable Me 2,FALSE,Mac Smith,sound effects editor,FALSE,,
2013,"Sound Effects, Foley, Dialogue and ADR for Animated Feature Film",Despicable Me 2,FALSE,Ronni Brown,foley artist,FALSE,,
2013,"Sound Effects, Foley, Dialogue and ADR for Animated Feature Film",Despicable Me 2,FALSE,Sean England,foley artist,FALSE,,
2013,"Sound Effects, Foley, Dialogue and ADR for Animated Feature Film",Despicable Me 2,FALSE,Slamm Andrews,music editor,FALSE,,
2013,"Sound Effects, Foley, Dialogue and ADR for Animated Feature Film",Ernest & Celestine,FALSE,Bertrand Boudaud,sound effects editor,FALSE,,
2013,"Sound Effects, Foley, Dialogue and ADR for Animated Feature Film",Ernest & Celestine,FALSE,Fred Demolder,sound editor,TRUE,,
2013,"Sound Effects, Foley, Dialogue and ADR for Animated Feature Film",Frozen,FALSE,Alyson Dee Moore,foley artist,FALSE,,
2013,"Sound Effects, Foley, Dialogue and ADR for Animated Feature Film",Frozen,FALSE,Angelo Palazzo,sound effects editor,FALSE,,
2013,"Sound Effects, Foley, Dialogue and ADR for Animated Feature Film",Frozen,FALSE,Charles W. Ritter,foley editor,FALSE,,
2013,"Sound Effects, Foley, Dialogue and ADR for Animated Feature Film",Frozen,FALSE,Christopher T. Welch,dialogue,TRUE,,
2013,"Sound Effects, Foley, Dialogue and ADR for Animated Feature Film",Frozen,FALSE,Christopher T. Welch,adr editor,FALSE,,
2013,"Sound Effects, Foley, Dialogue and ADR for Animated Feature Film",Frozen,FALSE,Eliza Pollack Zebert,dialogue editor,FALSE,,
2013,"Sound Effects, Foley, Dialogue and ADR for Animated Feature Film",Frozen,FALSE,Greg Hedgepath,sound effects editor,FALSE,,
2013,"Sound Effects, Foley, Dialogue and ADR for Animated Feature Film",Frozen,FALSE,Jeff Sawyer,sound effects editor,FALSE,,
2013,"Sound Effects, Foley, Dialogue and ADR for Animated Feature Film",Frozen,FALSE,John Roesch,foley artist,FALSE,,
2013,"Sound Effects, Foley, Dialogue and ADR for Animated Feature Film",Frozen,FALSE,Martyn Zub,sound effects editor,FALSE,,
2013,"Sound Effects, Foley, Dialogue and ADR for Animated Feature Film",Frozen,FALSE,Odin Benitez,sound editor,TRUE,,
2013,"Sound Effects, Foley, Dialogue and ADR for Animated Feature Film",Frozen,FALSE,Odin Benitez,sound designer,FALSE,,
2013,"Sound Effects, Foley, Dialogue and ADR for Animated Feature Film",Frozen,FALSE,Stephen P. Robinson,sound effects editor,FALSE,,
2013,"Sound Effects, Foley, Dialogue and ADR for Animated Feature Film",Frozen,FALSE,Todd Toon,foley editor,TRUE,,
2013,"Sound Effects, Foley, Dialogue and ADR for Animated Feature Film",Monsters University,FALSE,Brian Chumney,dialogue editor,FALSE,,
2013,"Sound Effects, Foley, Dialogue and ADR for Animated Feature Film",Monsters University,FALSE,Bruno Coon,music editor,FALSE,,
2013,"Sound Effects, Foley, Dialogue and ADR for Animated Feature Film",Monsters University,FALSE,Dennie Thorpe,foley artist,FALSE,,
2013,"Sound Effects, Foley, Dialogue and ADR for Animated Feature Film",Monsters University,FALSE,Dustin Cawood,sound effects editor,FALSE,,
2013,"Sound Effects, Foley, Dialogue and ADR for Animated Feature Film",Monsters University,FALSE,E.J. Holowicki,sound effects editor,FALSE,,
2013,"Sound Effects, Foley, Dialogue and ADR for Animated Feature Film",Monsters University,FALSE,Jana Vance,foley artist,FALSE,,
2013,"Sound Effects, Foley, Dialogue and ADR for Animated Feature Film",Monsters University,FALSE,Luke Dunn Gielmuda,foley editor,FALSE,,
2013,"Sound Effects, Foley, Dialogue and ADR for Animated Feature Film",Monsters University,FALSE,Michael Silvers,sound,TRUE,,
2013,"Sound Effects, Foley, Dialogue and ADR for Animated Feature Film",Monsters University,FALSE,Michael Silvers,dialogue editor,FALSE,,
2013,"Sound Effects, Foley, Dialogue and ADR for Animated Feature Film",Monsters University,FALSE,Pascal Garneau,foley editor,TRUE,,
2013,"Sound Effects, Foley, Dialogue and ADR for Animated Feature Film",Monsters University,FALSE,Teresa Eckton,sound effects editor,FALSE,,
2013,"Sound Effects, Foley, Dialogue and ADR for Animated Feature Film",Monsters University,FALSE,Tom Myers,sound editor,TRUE,,
2013,"Sound Effects, Foley, Dialogue and ADR for Animated Feature Film",Monsters University,FALSE,Tom Myers,sound designer,FALSE,,
2013,"Sound Effects, Foley, Dialogue and ADR for Animated Feature Film",Planes,FALSE,Alyson Dee Moore,foley artist,FALSE,,
2013,"Sound Effects, Foley, Dialogue and ADR for Animated Feature Film",Planes,FALSE,Charles W. Ritter,sound editor,FALSE,,
2013,"Sound Effects, Foley, Dialogue and ADR for Animated Feature Film",Planes,FALSE,Jeff Sawyer,sound effects editor,FALSE,,
2013,"Sound Effects, Foley, Dialogue and ADR for Animated Feature Film",Planes,FALSE,John Roesch,foley artist,FALSE,,
2013,"Sound Effects, Foley, Dialogue and ADR for Animated Feature Film",Planes,FALSE,Odin Benitez,sound effects editor,FALSE,,
2013,"Sound Effects, Foley, Dialogue and ADR for Animated Feature Film",Planes,FALSE,Pernell L. Salinas,sound effects editor,FALSE,,
2013,"Sound Effects, Foley, Dialogue and ADR for Animated Feature Film",Planes,FALSE,Rob Nokes,sound editor,TRUE,,
2013,"Sound Effects, Foley, Dialogue and ADR for Animated Feature Film",Planes,FALSE,Thomas Whiting,adr editor,TRUE,,
2013,"Sound Effects, Foley, Dialogue and ADR for Animated Feature Film",Planes,FALSE,Todd Toon,sound editor,TRUE,,
2013,"Sound Effects, Foley, Dialogue and ADR for Animated Feature Film",Planes,FALSE,Todd Toon,sound designer,FALSE,,
2013,"Sound Effects, Foley, Dialogue and ADR for Animated Feature Film",The Croods,FALSE,Al Nelson,sound designer,FALSE,,
2013,"Sound Effects, Foley, Dialogue and ADR for Animated Feature Film",The Croods,FALSE,Brian Chumney,dialogue editor,FALSE,,
2013,"Sound Effects, Foley, Dialogue and ADR for Animated Feature Film",The Croods,FALSE,Dennie Thorpe,foley artist,FALSE,,
2013,"Sound Effects, Foley, Dialogue and ADR for Animated Feature Film",The Croods,FALSE,J.R. Grubbs,sound effects editor,FALSE,,
2013,"Sound Effects, Foley, Dialogue and ADR for Animated Feature Film",The Croods,FALSE,Jana Vance,foley artist,FALSE,,
2013,"Sound Effects, Foley, Dialogue and ADR for Animated Feature Film",The Croods,FALSE,Jonathan Null,sound editor,TRUE,,
2013,"Sound Effects, Foley, Dialogue and ADR for Animated Feature Film",The Croods,FALSE,Leff Lefferts,assistant sound designer,FALSE,,
2013,"Sound Effects, Foley, Dialogue and ADR for Animated Feature Film",The Croods,FALSE,Mac Smith,sound effects editor,FALSE,,
2013,"Sound Effects, Foley, Dialogue and ADR for Animated Feature Film",The Croods,FALSE,Pascal Garneau,foley editor,FALSE,,
2013,"Sound Effects, Foley, Dialogue and ADR for Animated Feature Film",The Croods,FALSE,Randy Thom,sound editor,TRUE,,
2013,"Sound Effects, Foley, Dialogue and ADR for Animated Feature Film",The Croods,FALSE,Randy Thom,sound designer,FALSE,,
2013,"Sound Effects, Foley, Dialogue and ADR for Animated Feature Film",The Croods,FALSE,Sue Fox,foley editor,FALSE,,
2013,"Sound Effects, Foley, Dialogue and ADR for Foreign Language Feature Film",The Grandmaster,TRUE,Chris Goodes,sound effects editor,FALSE,,Hong Kong China
2013,"Sound Effects, Foley, Dialogue and ADR for Foreign Language Feature Film",The Grandmaster,TRUE,Chumnan Choponkrang,foley artist,FALSE,,Hong Kong China
2013,"Sound Effects, Foley, Dialogue and ADR for Foreign Language Feature Film",The Grandmaster,TRUE,Ekaratt Chungsanga,sound effects editor,FALSE,,Hong Kong China
2013,"Sound Effects, Foley, Dialogue and ADR for Foreign Language Feature Film",The Grandmaster,TRUE,Guang Chen,dialogue,TRUE,,Hong Kong China
2013,"Sound Effects, Foley, Dialogue and ADR for Foreign Language Feature Film",The Grandmaster,TRUE,Guang Chen,adr editor,FALSE,,Hong Kong China
2013,"Sound Effects, Foley, Dialogue and ADR for Foreign Language Feature Film",The Grandmaster,TRUE,James Ashton,sound effects editor,FALSE,,Hong Kong China
2013,"Sound Effects, Foley, Dialogue and ADR for Foreign Language Feature Film",The Grandmaster,TRUE,Jifu Li,dialogue editor,FALSE,,Hong Kong China
2013,"Sound Effects, Foley, Dialogue and ADR for Foreign Language Feature Film",The Grandmaster,TRUE,John Simpson,foley editor,TRUE,,Hong Kong China
2013,"Sound Effects, Foley, Dialogue and ADR for Foreign Language Feature Film",The Grandmaster,TRUE,Luke Mynott,sound effects editor,FALSE,,Hong Kong China
2013,"Sound Effects, Foley, Dialogue and ADR for Foreign Language Feature Film",The Grandmaster,TRUE,Narubett Peamyai,sound effects editor,FALSE,,Hong Kong China
2013,"Sound Effects, Foley, Dialogue and ADR for Foreign Language Feature Film",The Grandmaster,TRUE,Nopawat Likitwong,sound designer,FALSE,,Hong Kong China
2013,"Sound Effects, Foley, Dialogue and ADR for Foreign Language Feature Film",The Grandmaster,TRUE,Robert Mackenzie,sound editor,TRUE,,Hong Kong China
2013,"Sound Effects, Foley, Dialogue and ADR for Foreign Language Feature Film",The Grandmaster,TRUE,Sam Petty,sound effects editor,FALSE,,Hong Kong China
2013,"Sound Effects, Foley, Dialogue and ADR for Foreign Language Feature Film",The Grandmaster,TRUE,Sam Rogers,foley artist,FALSE,,Hong Kong China
2013,"Sound Effects, Foley, Dialogue and ADR for Foreign Language Feature Film",The Grandmaster,TRUE,Shuo Zhang,dialogue editor,FALSE,,Hong Kong China
2013,"Sound Effects, Foley, Dialogue and ADR for Foreign Language Feature Film",The Grandmaster,TRUE,Steve Burgess,sound designer,FALSE,,Hong Kong China
2013,"Sound Effects, Foley, Dialogue and ADR for Foreign Language Feature Film",The Grandmaster,TRUE,Traithep Wongpaiboon,sound editor,TRUE,,Hong Kong China
2013,"Sound Effects, Foley, Dialogue and ADR for Foreign Language Feature Film",Blue Is the Warmest Color,FALSE,Fabien Pochet,sound editor,TRUE,,France
2013,"Sound Effects, Foley, Dialogue and ADR for Foreign Language Feature Film",The Past,FALSE,François Lepeuple,foley artist,FALSE,,France Iran Italy
2013,"Sound Effects, Foley, Dialogue and ADR for Foreign Language Feature Film",The Past,FALSE,Frédérique Liébaut,adr editor,TRUE,,France Iran Italy
2013,"Sound Effects, Foley, Dialogue and ADR for Foreign Language Feature Film",The Past,FALSE,Thomas Desjonquères,sound editor,TRUE,,France Iran Italy
2013,"Sound Effects, Foley, Dialogue and ADR for Foreign Language Feature Film",Wadjda,FALSE,Christoph Wieczorek,foley editor,TRUE,,Saudi Arabia
2013,"Sound Effects, Foley, Dialogue and ADR for Foreign Language Feature Film",Wadjda,FALSE,Marc Meusinger,adr editor,FALSE,,Saudi Arabia
2013,"Sound Effects, Foley, Dialogue and ADR for Foreign Language Feature Film",Wadjda,FALSE,Sebastian Heyser,dialogue,TRUE,,Saudi Arabia
2013,"Sound Effects, Foley, Dialogue and ADR for Foreign Language Feature Film",Wadjda,FALSE,Sebastian Schmidt,sound editor,TRUE,,Saudi Arabia
2013,"Sound Effects, Foley, Dialogue and ADR for Foreign Language Feature Film",Wadjda,FALSE,Sebastian Schmidt,adr editor,FALSE,,Saudi Arabia
2012,Dialogue and ADR for Feature Film,Life of Pi,TRUE,Eugene Gearty,sound editor,TRUE,Sound Editing,
2012,Dialogue and ADR for Feature Film,Life of Pi,TRUE,Kenton Jakub,adr editor,TRUE,Sound Editing,
2012,Dialogue and ADR for Feature Film,Life of Pi,TRUE,Philip Stockton,sound editor,TRUE,Sound Editing,
2012,Dialogue and ADR for Feature Film,Argo,FALSE,David Bach,dialogue,TRUE,Sound Editing,
2012,Dialogue and ADR for Feature Film,Argo,FALSE,David V. Butler,dialogue editor,FALSE,Sound Editing,
2012,Dialogue and ADR for Feature Film,Argo,FALSE,Erik Aadahl,sound editor,TRUE,Sound Editing,
2012,Dialogue and ADR for Feature Film,Argo,FALSE,Erik Aadahl,adr editor,FALSE,Sound Editing,
2012,Dialogue and ADR for Feature Film,Beasts of the Southern Wild,FALSE,Bob Edwards,sound editor,TRUE,Sound Editing,
2012,Dialogue and ADR for Feature Film,Beasts of the Southern Wild,FALSE,Bob Edwards,adr editor,FALSE,Sound Editing,
2012,Dialogue and ADR for Feature Film,Beasts of the Southern Wild,FALSE,Chris Gridley,dialogue,TRUE,Sound Editing,
2012,Dialogue and ADR for Feature Film,Beasts of the Southern Wild,FALSE,Kim Foscato,adr editor,FALSE,Sound Editing,
2012,Dialogue and ADR for Feature Film,Beasts of the Southern Wild,FALSE,Michael Silvers,dialogue editor,FALSE,Sound Editing,
2012,Dialogue and ADR for Feature Film,Lincoln,FALSE,Jonathan Null,dialogue,TRUE,Sound Editing,
2012,Dialogue and ADR for Feature Film,Lincoln,FALSE,Marshall Winn,dialogue,FALSE,Sound Editing,
2012,Dialogue and ADR for Feature Film,Lincoln,FALSE,Richard Hymns,sound editor,TRUE,Sound Editing,
2012,Dialogue and ADR for Feature Film,Lincoln,FALSE,Richard Hymns,adr editor,FALSE,Sound Editing,
2012,Dialogue and ADR for Feature Film,Moonrise Kingdom,FALSE,Cate Montana,adr editor,FALSE,Sound Editing,
2012,Dialogue and ADR for Feature Film,Moonrise Kingdom,FALSE,Craig Henighan,sound editor,TRUE,Sound Editing,
2012,Dialogue and ADR for Feature Film,Moonrise Kingdom,FALSE,David Briggs,dialogue editor,FALSE,Sound Editing,
2012,Dialogue and ADR for Feature Film,Moonrise Kingdom,FALSE,Jac Rubenstein,dialogue editor,FALSE,Sound Editing,
2012,Dialogue and ADR for Feature Film,Moonrise Kingdom,FALSE,Lewis Goldstein,dialogue editor,TRUE,Sound Editing,
2012,Dialogue and ADR for Feature Film,Silver Linings Playbook,FALSE,Christopher T. Welch,adr editor,FALSE,Sound Editing,
2012,Dialogue and ADR for Feature Film,Silver Linings Playbook,FALSE,Eliza Pollack Zebert,dialogue,TRUE,Sound Editing,
2012,Dialogue and ADR for Feature Film,Silver Linings Playbook,FALSE,Eliza Pollack Zebert,adr editor,FALSE,Sound Editing,
2012,Dialogue and ADR for Feature Film,Silver Linings Playbook,FALSE,Frank Smathers,dialogue editor,FALSE,Sound Editing,
2012,Dialogue and ADR for Feature Film,Silver Linings Playbook,FALSE,Mike Szakmeister,dialogue editor,FALSE,Sound Editing,
2012,Dialogue and ADR for Feature Film,Silver Linings Playbook,FALSE,Odin Benitez,sound editor,TRUE,Sound Editing,
2012,Dialogue and ADR for Feature Film,Silver Linings Playbook,FALSE,Susan Kurtz,dialogue editor,FALSE,Sound Editing,
2012,Dialogue and ADR for Feature Film,Skyfall,FALSE,Anna MacKenzie,adr editor,FALSE,Sound Editing,
2012,Dialogue and ADR for Feature Film,Skyfall,FALSE,Chris Hogan,dialogue editor,FALSE,Sound Editing,
2012,Dialogue and ADR for Feature Film,Skyfall,FALSE,Chris Jargo,adr editor,TRUE,Sound Editing,
2012,Dialogue and ADR for Feature Film,Skyfall,FALSE,John C. Stuver,dialogue editor,FALSE,Sound Editing,
2012,Dialogue and ADR for Feature Film,Skyfall,FALSE,Karen Baker Landers,sound editor,TRUE,Sound Editing,
2012,Dialogue and ADR for Feature Film,Skyfall,FALSE,Per Hallberg,sound editor,TRUE,Sound Editing,
2012,Dialogue and ADR for Feature Film,Skyfall,FALSE,Simon Chase,dialogue editor,TRUE,Sound Editing,
2012,Dialogue and ADR for Feature Film,The Hobbit: An Unexpected Journey,FALSE,Brent Burge,sound editor,TRUE,Sound Editing,
2012,Dialogue and ADR for Feature Film,The Hobbit: An Unexpected Journey,FALSE,Chris Ward,sound editor,TRUE,Sound Editing,
2012,Dialogue and ADR for Feature Film,The Hobbit: An Unexpected Journey,FALSE,Jason Canovas,dialogue editor,TRUE,Sound Editing,
2012,Dialogue and ADR for Feature Film,The Hobbit: An Unexpected Journey,FALSE,Matt Stutter,dialogue editor,FALSE,Sound Editing,
2012,Dialogue and ADR for Feature Film,The Hobbit: An Unexpected Journey,FALSE,Neil Aldridge,adr editor,FALSE,Sound Editing,
2012,Dialogue and ADR for Feature Film,The Hobbit: An Unexpected Journey,FALSE,Ray Beentjes,dialogue editor,FALSE,Sound Editing,
2012,Feature Underscore,Life of Pi,TRUE,Erich Stratmann,music editor,FALSE,,
2012,Feature Underscore,Life of Pi,TRUE,Mitch Bederman,additional music editor,FALSE,,
2012,Feature Underscore,Argo,FALSE,David Metzner,additional music editor,FALSE,,
2012,Feature Underscore,Argo,FALSE,Richard Ford,music editor,TRUE,,
2012,Feature Underscore,Django Unchained,FALSE,Robb Boyd,music editor,FALSE,,
2012,Feature Underscore,Lincoln,FALSE,Alex Gibson,music editor,TRUE,,
2012,Feature Underscore,Lincoln,FALSE,Ryan Rubin,music editor,FALSE,,
2012,Feature Underscore,Skyfall,FALSE,Dick Bernstein,music editor,TRUE,,
2012,Feature Underscore,Skyfall,FALSE,Tony Lewis,music editor,TRUE,,
2012,Feature Underscore,The Cabin in the Woods,FALSE,Clint Bennett,music editor,TRUE,,
2012,Feature Underscore,The Cabin in the Woods,FALSE,Julie Pearce,music editor,FALSE,,
2012,Feature Underscore,The Cabin in the Woods,FALSE,Tony Lewis,music editor,FALSE,,
2012,Feature Underscore,The Dark Knight Rises,FALSE,Alex Gibson,music editor,TRUE,,
2012,Feature Underscore,The Dark Knight Rises,FALSE,Ryan Rubin,music editor,FALSE,,
2012,Feature Underscore,The Hobbit: An Unexpected Journey,FALSE,James Sizemore,additional music editor,FALSE,,
2012,Feature Underscore,The Hobbit: An Unexpected Journey,FALSE,Jennifer L. Dunnington,music editor,TRUE,,
2012,Feature Underscore,The Hobbit: An Unexpected Journey,FALSE,Jonathan Schultz,scoring editor,FALSE,,
2012,Feature Underscore,The Hobbit: An Unexpected Journey,FALSE,Kirsty Whalley,scoring editor,FALSE,,
2012,Feature Underscore,The Hobbit: An Unexpected Journey,FALSE,Mark Willsher,music editor,FALSE,,
2012,Feature Underscore,The Hobbit: An Unexpected Journey,FALSE,Michael Pärt,music editor,FALSE,,
2012,Feature Underscore,The Hobbit: An Unexpected Journey,FALSE,Nigel Scott,music editor,FALSE,,
2012,Feature Underscore,The Hobbit: An Unexpected Journey,FALSE,Robert Houston,scoring editor,FALSE,,
2012,Feature Underscore,The Hobbit: An Unexpected Journey,FALSE,Stephen Gallagher,music,FALSE,,
2012,Feature Underscore,The Hobbit: An Unexpected Journey,FALSE,Stephen Gallagher,temp music editor,FALSE,,
2012,Feature Underscore,The Hobbit: An Unexpected Journey,FALSE,Yann McCullough,scoring editor,FALSE,,
2012,Musical for Feature Film,Les Misérables,TRUE,Alastair Sirkett,vocals editor,FALSE,,
2012,Musical for Feature Film,Les Misérables,TRUE,Gerard McCann,music editor,TRUE,,
2012,Musical for Feature Film,Les Misérables,TRUE,James Bellamy,music editor,FALSE,,
2012,Musical for Feature Film,Les Misérables,TRUE,John Warhurst,co-,TRUE,,
2012,Musical for Feature Film,Les Misérables,TRUE,John Warhurst,vocals editor,FALSE,,
2012,Musical for Feature Film,Les Misérables,TRUE,Rael Jones,music editor,FALSE,,
2012,Musical for Feature Film,Les Misérables,TRUE,Robert Houston,music editor,FALSE,,
2012,Musical for Feature Film,Les Misérables,TRUE,Tim Hands,vocals editor,FALSE,,
2012,Musical for Feature Film,Joyful Noise,FALSE,Curt Sobel,music editor,TRUE,,
2012,Musical for Feature Film,Pitch Perfect,FALSE,Angie Rubin,music editor,FALSE,,
2012,Musical for Feature Film,Pitch Perfect,FALSE,Matt Fausak,music editor,FALSE,,
2012,Musical for Feature Film,Pitch Perfect,FALSE,Oliver Hug,additional music editor,FALSE,,
2012,Musical for Feature Film,Rock of Ages,FALSE,Lisa Jaime,music editor,FALSE,,
2012,Musical for Feature Film,Rock of Ages,FALSE,Sally Boldt,music editor,FALSE,,
2012,Sound Effects and Foley for Feature Film,Skyfall,TRUE,Bill R. Dean,sound effects editor,FALSE,Sound Editing,
2012,Sound Effects and Foley for Feature Film,Skyfall,TRUE,Christopher Assells,sound designer,FALSE,Sound Editing,
2012,Sound Effects and Foley for Feature Film,Skyfall,TRUE,Craig S. Jaeger,foley editor,TRUE,Sound Editing,
2012,Sound Effects and Foley for Feature Film,Skyfall,TRUE,Dan Hegeman,sound effects editor,FALSE,Sound Editing,
2012,Sound Effects and Foley for Feature Film,Skyfall,TRUE,Dan O'Connell,foley artist,FALSE,Sound Editing,
2012,Sound Effects and Foley for Feature Film,Skyfall,TRUE,Dino Dimuro,sound effects editor,FALSE,Sound Editing,
2012,Sound Effects and Foley for Feature Film,Skyfall,TRUE,John T. Cucci,foley artist,FALSE,Sound Editing,
2012,Sound Effects and Foley for Feature Film,Skyfall,TRUE,Karen Baker Landers,sound editor,TRUE,Sound Editing,
2012,Sound Effects and Foley for Feature Film,Skyfall,TRUE,Per Hallberg,sound editor,TRUE,Sound Editing,
2012,Sound Effects and Foley for Feature Film,Skyfall,TRUE,Peter Staubli,sound designer,FALSE,Sound Editing,
2012,Sound Effects and Foley for Feature Film,Skyfall,TRUE,Piero Mura,sound effects editor,FALSE,Sound Editing,
2012,Sound Effects and Foley for Feature Film,Argo,FALSE,Dan O'Connell,foley artist,FALSE,Sound Editing,
2012,Sound Effects and Foley for Feature Film,Argo,FALSE,Erik Aadahl,sound editor,TRUE,Sound Editing,
2012,Sound Effects and Foley for Feature Film,Argo,FALSE,Ethan Van der Ryn,sound designer,FALSE,Sound Editing,
2012,Sound Effects and Foley for Feature Film,Argo,FALSE,Greg ten Bosch,sound effects editor,FALSE,Sound Editing,
2012,Sound Effects and Foley for Feature Film,Argo,FALSE,John T. Cucci,foley artist,FALSE,Sound Editing,
2012,Sound Effects and Foley for Feature Film,Argo,FALSE,Jonathan Klein,foley editor,TRUE,Sound Editing,
2012,Sound Effects and Foley for Feature Film,Argo,FALSE,P.K. Hooker,sound effects editor,FALSE,Sound Editing,
2012,Sound Effects and Foley for Feature Film,Django Unchained,FALSE,Branden Spencer,sound editor,FALSE,Sound Editing,
2012,Sound Effects and Foley for Feature Film,Django Unchained,FALSE,Dror Mohar,sound editor,FALSE,Sound Editing,
2012,Sound Effects and Foley for Feature Film,Django Unchained,FALSE,Gary A. Hecker,foley artist,FALSE,Sound Editing,
2012,Sound Effects and Foley for Feature Film,Django Unchained,FALSE,Gary Marullo,foley artist,FALSE,Sound Editing,
2012,Sound Effects and Foley for Feature Film,Django Unchained,FALSE,Harry Cohen,sound designer,FALSE,Sound Editing,
2012,Sound Effects and Foley for Feature Film,Django Unchained,FALSE,Hector C. Gika,sound editor,FALSE,Sound Editing,
2012,Sound Effects and Foley for Feature Film,Django Unchained,FALSE,Kris Fenske,sound editor,FALSE,Sound Editing,
2012,Sound Effects and Foley for Feature Film,Django Unchained,FALSE,Michael D. Wilhoit,sound editor,FALSE,Sound Editing,
2012,Sound Effects and Foley for Feature Film,Django Unchained,FALSE,Wylie Stateman,sound editor,TRUE,Sound Editing,
2012,Sound Effects and Foley for Feature Film,Life of Pi,FALSE,Eugene Gearty,sound editor,TRUE,Sound Editing,
2012,Sound Effects and Foley for Feature Film,Life of Pi,FALSE,Eugene Gearty,sound designer,FALSE,Sound Editing,
2012,Sound Effects and Foley for Feature Film,Life of Pi,FALSE,Eugene Gearty,effects editor,FALSE,Sound Editing,
2012,Sound Effects and Foley for Feature Film,Life of Pi,FALSE,Frank Kern,foley editor,TRUE,Sound Editing,
2012,Sound Effects and Foley for Feature Film,Life of Pi,FALSE,Jamie Baker,sound editor,FALSE,Sound Editing,
2012,Sound Effects and Foley for Feature Film,Life of Pi,FALSE,John Morris,sound effects editor,FALSE,Sound Editing,
2012,Sound Effects and Foley for Feature Film,Life of Pi,FALSE,Kam Chan,sound editor,FALSE,Sound Editing,
2012,Sound Effects and Foley for Feature Film,Life of Pi,FALSE,Marko A. Costanzo,foley artist,FALSE,Sound Editing,
2012,Sound Effects and Foley for Feature Film,Life of Pi,FALSE,Philip Stockton,sound editor,TRUE,Sound Editing,
2012,Sound Effects and Foley for Feature Film,Prometheus,FALSE,Alan Rankin,sound designer,FALSE,Sound Editing,
2012,Sound Effects and Foley for Feature Film,Prometheus,FALSE,Ann Scibelli,sound designer,FALSE,Sound Editing,
2012,Sound Effects and Foley for Feature Film,Prometheus,FALSE,Charlie Campagna,sound editor,FALSE,Sound Editing,
2012,Sound Effects and Foley for Feature Film,Prometheus,FALSE,Dan O'Connell,foley artist,FALSE,Sound Editing,
2012,Sound Effects and Foley for Feature Film,Prometheus,FALSE,Glenn T. Morgan,sound editor,FALSE,Sound Editing,
2012,Sound Effects and Foley for Feature Film,Prometheus,FALSE,Harry Cohen,sound editor,FALSE,Sound Editing,
2012,Sound Effects and Foley for Feature Film,Prometheus,FALSE,John T. Cucci,foley artist,FALSE,Sound Editing,
2012,Sound Effects and Foley for Feature Film,Prometheus,FALSE,Karen Vassar Triest,sound editor,FALSE,Sound Editing,
2012,Sound Effects and Foley for Feature Film,Prometheus,FALSE,Mark P. Stoeckinger,sound editor,TRUE,Sound Editing,
2012,Sound Effects and Foley for Feature Film,Prometheus,FALSE,Tim Walston,sound editor,FALSE,Sound Editing,
2012,Sound Effects and Foley for Feature Film,Prometheus,FALSE,Victor Ray Ennis,sound editor,TRUE,Sound Editing,
2012,Sound Effects and Foley for Feature Film,The Avengers,FALSE,Christopher Boyes,sound designer,FALSE,Sound Editing,
2012,Sound Effects and Foley for Feature Film,The Avengers,FALSE,David Chrastka,sound editor,FALSE,Sound Editing,
2012,Sound Effects and Foley for Feature Film,The Avengers,FALSE,Frank E. Eulner,sound editor,TRUE,Sound Editing,
2012,Sound Effects and Foley for Feature Film,The Avengers,FALSE,J.R. Grubbs,sound editor,FALSE,Sound Editing,
2012,Sound Effects and Foley for Feature Film,The Avengers,FALSE,James Likowski,foley editor,TRUE,Sound Editing,
2012,Sound Effects and Foley for Feature Film,The Avengers,FALSE,James Likowski,sound editor,FALSE,Sound Editing,
2012,Sound Effects and Foley for Feature Film,The Avengers,FALSE,Jana Vance,foley artist,FALSE,Sound Editing,
2012,Sound Effects and Foley for Feature Film,The Avengers,FALSE,Justin Doyle,sound designer,FALSE,Sound Editing,
2012,Sound Effects and Foley for Feature Film,The Avengers,FALSE,Kyrsten Mate,sound editor,FALSE,Sound Editing,
2012,Sound Effects and Foley for Feature Film,The Avengers,FALSE,Luke Dunn Gielmuda,sound editor,FALSE,Sound Editing,
2012,Sound Effects and Foley for Feature Film,The Avengers,FALSE,Robert Shoup,sound editor,FALSE,Sound Editing,
2012,Sound Effects and Foley for Feature Film,The Avengers,FALSE,Scott Guitteau,sound editor,FALSE,Sound Editing,
2012,Sound Effects and Foley for Feature Film,The Avengers,FALSE,Sean England,foley artist,FALSE,Sound Editing,
2012,Sound Effects and Foley for Feature Film,The Avengers,FALSE,Steve Boeddeker,sound editor,FALSE,Sound Editing,
2012,Sound Effects and Foley for Feature Film,The Avengers,FALSE,Teresa Eckton,sound editor,FALSE,Sound Editing,
2012,Sound Effects and Foley for Feature Film,The Dark Knight Rises,FALSE,Alyson Dee Moore,foley artist,FALSE,Sound Editing,
2012,Sound Effects and Foley for Feature Film,The Dark Knight Rises,FALSE,Bryan O. Watkins,sound editor,FALSE,Sound Editing,
2012,Sound Effects and Foley for Feature Film,The Dark Knight Rises,FALSE,Christopher Flick,foley editor,TRUE,Sound Editing,
2012,Sound Effects and Foley for Feature Film,The Dark Knight Rises,FALSE,Jeff Sawyer,sound editor,FALSE,Sound Editing,
2012,Sound Effects and Foley for Feature Film,The Dark Knight Rises,FALSE,John Roesch,foley artist,FALSE,Sound Editing,
2012,Sound Effects and Foley for Feature Film,The Dark Knight Rises,FALSE,Kenneth L. Johnson,sound designer,FALSE,Sound Editing,
2012,Sound Effects and Foley for Feature Film,The Dark Knight Rises,FALSE,Micahel Babcock,sound editor,FALSE,Sound Editing,
2012,Sound Effects and Foley for Feature Film,The Dark Knight Rises,FALSE,Michael W. Mitchell,sound editor,FALSE,Sound Editing,
2012,Sound Effects and Foley for Feature Film,The Dark Knight Rises,FALSE,Randle Akerson,sound editor,FALSE,Sound Editing,
2012,Sound Effects and Foley for Feature Film,The Dark Knight Rises,FALSE,Richard King,sound designer,FALSE,Sound Editing,
2012,Sound Effects and Foley for Feature Film,The Hobbit: An Unexpected Journey,FALSE,Brent Burge,sound editor,TRUE,Sound Editing,
2012,Sound Effects and Foley for Feature Film,The Hobbit: An Unexpected Journey,FALSE,Chris Ward,sound editor,TRUE,Sound Editing,
2012,Sound Effects and Foley for Feature Film,The Hobbit: An Unexpected Journey,FALSE,Craig Tomlinson,foley editor,TRUE,Sound Editing,
2012,Sound Effects and Foley for Feature Film,The Hobbit: An Unexpected Journey,FALSE,David Farmer,sound designer,FALSE,Sound Editing,
2012,Sound Effects and Foley for Feature Film,The Hobbit: An Unexpected Journey,FALSE,Hayden Collow,sound effects editor,FALSE,Sound Editing,
2012,Sound Effects and Foley for Feature Film,The Hobbit: An Unexpected Journey,FALSE,Justin Webster,sound effects editor,FALSE,Sound Editing,
2012,Sound Effects and Foley for Feature Film,The Hobbit: An Unexpected Journey,FALSE,Matthew Lambourn,foley editor,FALSE,Sound Editing,
2012,"Sound Effects, Foley, Dialogue and ADR for Animated Feature Film",Wreck-It Ralph,TRUE,David Chrastka,sound effects editor,FALSE,,
2012,"Sound Effects, Foley, Dialogue and ADR for Animated Feature Film",Wreck-It Ralph,TRUE,Dee Selby,foley editor,FALSE,,
2012,"Sound Effects, Foley, Dialogue and ADR for Animated Feature Film",Wreck-It Ralph,TRUE,Dennie Thorpe,foley artist,FALSE,,
2012,"Sound Effects, Foley, Dialogue and ADR for Animated Feature Film",Wreck-It Ralph,TRUE,E.J. Holowicki,sound effects editor,FALSE,,
2012,"Sound Effects, Foley, Dialogue and ADR for Animated Feature Film",Wreck-It Ralph,TRUE,Frank E. Eulner,sound editor,TRUE,,
2012,"Sound Effects, Foley, Dialogue and ADR for Animated Feature Film",Wreck-It Ralph,TRUE,Gary Rydstrom,sound designer,FALSE,,
2012,"Sound Effects, Foley, Dialogue and ADR for Animated Feature Film",Wreck-It Ralph,TRUE,J.R. Grubbs,sound effects editor,FALSE,,
2012,"Sound Effects, Foley, Dialogue and ADR for Animated Feature Film",Wreck-It Ralph,TRUE,Jana Vance,foley artist,FALSE,,
2012,"Sound Effects, Foley, Dialogue and ADR for Animated Feature Film",Wreck-It Ralph,TRUE,Luke Dunn Gielmuda,foley editor,TRUE,,
2012,"Sound Effects, Foley, Dialogue and ADR for Animated Feature Film",Wreck-It Ralph,TRUE,Marshall Winn,dialogue editor,TRUE,,
2012,"Sound Effects, Foley, Dialogue and ADR for Animated Feature Film",A Cat in Paris,FALSE,Loïc Burckhardt,sound editor,TRUE,,
2012,"Sound Effects, Foley, Dialogue and ADR for Animated Feature Film",Brave,FALSE,Cheryl Nardi,dialogue editor,FALSE,,
2012,"Sound Effects, Foley, Dialogue and ADR for Animated Feature Film",Brave,FALSE,Dee Selby,foley editor,FALSE,,
2012,"Sound Effects, Foley, Dialogue and ADR for Animated Feature Film",Brave,FALSE,Dennie Thorpe,foley artist,FALSE,,
2012,"Sound Effects, Foley, Dialogue and ADR for Animated Feature Film",Brave,FALSE,E.J. Holowicki,sound designer,FALSE,,
2012,"Sound Effects, Foley, Dialogue and ADR for Animated Feature Film",Brave,FALSE,Gary Rydstrom,sound designer,FALSE,,
2012,"Sound Effects, Foley, Dialogue and ADR for Animated Feature Film",Brave,FALSE,Gwendolyn Yates Whittle,sound editor,TRUE,,
2012,"Sound Effects, Foley, Dialogue and ADR for Animated Feature Film",Brave,FALSE,Jana Vance,foley artist,FALSE,,
2012,"Sound Effects, Foley, Dialogue and ADR for Animated Feature Film",Brave,FALSE,Josh Gold,sound effects editor,FALSE,,
2012,"Sound Effects, Foley, Dialogue and ADR for Animated Feature Film",Brave,FALSE,Kyrsten Mate,sound effects editor,FALSE,,
2012,"Sound Effects, Foley, Dialogue and ADR for Animated Feature Film",Brave,FALSE,Larry Oatfield,foley editor,FALSE,,
2012,"Sound Effects, Foley, Dialogue and ADR for Animated Feature Film",Brave,FALSE,Nia Hansen,sound effects editor,FALSE,,
2012,"Sound Effects, Foley, Dialogue and ADR for Animated Feature Film",Brave,FALSE,Ronni Brown,foley artist,FALSE,,
2012,"Sound Effects, Foley, Dialogue and ADR for Animated Feature Film",Brave,FALSE,Sean England,foley artist,FALSE,,
2012,"Sound Effects, Foley, Dialogue and ADR for Animated Feature Film",Brave,FALSE,Stuart McCowan,dialogue editor,FALSE,,
2012,"Sound Effects, Foley, Dialogue and ADR for Animated Feature Film",Brave,FALSE,Sue Fox,foley editor,TRUE,,
2012,"Sound Effects, Foley, Dialogue and ADR for Animated Feature Film",Brave,FALSE,Teresa Eckton,sound effects editor,FALSE,,
2012,"Sound Effects, Foley, Dialogue and ADR for Animated Feature Film",Frankenweenie,FALSE,Andie Derrick,foley artist,FALSE,,
2012,"Sound Effects, Foley, Dialogue and ADR for Animated Feature Film",Frankenweenie,FALSE,Bjorn Ole Schroeder,dialogue editor,TRUE,,
2012,"Sound Effects, Foley, Dialogue and ADR for Animated Feature Film",Frankenweenie,FALSE,Dillon Bennett,sound effects editor,FALSE,,
2012,"Sound Effects, Foley, Dialogue and ADR for Animated Feature Film",Frankenweenie,FALSE,Glen Gathard,foley mixer,FALSE,,
2012,"Sound Effects, Foley, Dialogue and ADR for Animated Feature Film",Frankenweenie,FALSE,Jack Stew,foley artist,FALSE,,
2012,"Sound Effects, Foley, Dialogue and ADR for Animated Feature Film",Frankenweenie,FALSE,Jason Swanscott,foley artist,FALSE,,
2012,"Sound Effects, Foley, Dialogue and ADR for Animated Feature Film",Frankenweenie,FALSE,Michael Fentum,sound designer,FALSE,,
2012,"Sound Effects, Foley, Dialogue and ADR for Animated Feature Film",Frankenweenie,FALSE,Oliver Tarney,sound editor,TRUE,,
2012,"Sound Effects, Foley, Dialogue and ADR for Animated Feature Film",Frankenweenie,FALSE,Oliver Tarney,sound designer,FALSE,,
2012,"Sound Effects, Foley, Dialogue and ADR for Animated Feature Film",Frankenweenie,FALSE,Peter Burgis,foley artist,FALSE,,
2012,"Sound Effects, Foley, Dialogue and ADR for Animated Feature Film",Frankenweenie,FALSE,Steve Browell,sound effects editor,FALSE,,
2012,"Sound Effects, Foley, Dialogue and ADR for Animated Feature Film",ParaNorman,FALSE,Al Nelson,sound effects editor,FALSE,,
2012,"Sound Effects, Foley, Dialogue and ADR for Animated Feature Film",ParaNorman,FALSE,Dan O'Connell,foley artist,FALSE,,
2012,"Sound Effects, Foley, Dialogue and ADR for Animated Feature Film",ParaNorman,FALSE,David A. Cohen,dialogue,TRUE,,
2012,"Sound Effects, Foley, Dialogue and ADR for Animated Feature Film",ParaNorman,FALSE,David A. Cohen,adr editor,FALSE,,
2012,"Sound Effects, Foley, Dialogue and ADR for Animated Feature Film",ParaNorman,FALSE,John T. Cucci,foley artist,FALSE,,
2012,"Sound Effects, Foley, Dialogue and ADR for Animated Feature Film",ParaNorman,FALSE,Ronald Eng,sound editor,TRUE,,
2012,"Sound Effects, Foley, Dialogue and ADR for Animated Feature Film",ParaNorman,FALSE,Steve Boeddeker,sound designer,FALSE,,
2012,"Sound Effects, Foley, Dialogue and ADR for Animated Feature Film",ParaNorman,FALSE,Steve Tushar,sound effects editor,FALSE,,
2012,"Sound Effects, Foley, Dialogue and ADR for Animated Feature Film",ParaNorman,FALSE,Tom Myers,sound designer,FALSE,,
2012,"Sound Effects, Foley, Dialogue and ADR for Animated Feature Film",ParaNorman,FALSE,Willard Overstreet,foley editor,TRUE,,
2012,"Sound Effects, Foley, Dialogue and ADR for Animated Feature Film",Rise of the Guardians,FALSE,Alyson Dee Moore,foley artist,FALSE,,
2012,"Sound Effects, Foley, Dialogue and ADR for Animated Feature Film",Rise of the Guardians,FALSE,Christopher Flick,foley editor,TRUE,,
2012,"Sound Effects, Foley, Dialogue and ADR for Animated Feature Film",Rise of the Guardians,FALSE,Jessica Gallavan,dialogue editor,TRUE,,
2012,"Sound Effects, Foley, Dialogue and ADR for Animated Feature Film",Rise of the Guardians,FALSE,John Roesch,foley artist,FALSE,,
2012,"Sound Effects, Foley, Dialogue and ADR for Animated Feature Film",Rise of the Guardians,FALSE,Paul Berolzheimer,sound effects editor,FALSE,,
2012,"Sound Effects, Foley, Dialogue and ADR for Animated Feature Film",Rise of the Guardians,FALSE,Richard King,sound designer,FALSE,,
2012,"Sound Effects, Foley, Dialogue and ADR for Animated Feature Film",Rise of the Guardians,FALSE,Roland N. Thai,sound effects editor,FALSE,,
2012,"Sound Effects, Foley, Dialogue and ADR for Animated Feature Film",The Lorax,FALSE,Daniel Laurie,adr editor,TRUE,,
2012,"Sound Effects, Foley, Dialogue and ADR for Animated Feature Film",The Lorax,FALSE,Dennie Thorpe,foley artist,FALSE,,
2012,"Sound Effects, Foley, Dialogue and ADR for Animated Feature Film",The Lorax,FALSE,Dennis Leonard,sound editor,TRUE,,
2012,"Sound Effects, Foley, Dialogue and ADR for Animated Feature Film",The Lorax,FALSE,Jana Vance,foley artist,FALSE,,
2012,"Sound Effects, Foley, Dialogue and ADR for Animated Feature Film",The Lorax,FALSE,Jeremy Bowker,sound effects editor,FALSE,,
2012,"Sound Effects, Foley, Dialogue and ADR for Animated Feature Film",The Lorax,FALSE,Jonathan Borland,sound effects editor,FALSE,,
2012,"Sound Effects, Foley, Dialogue and ADR for Animated Feature Film",The Lorax,FALSE,Leff Lefferts,sound effects editor,FALSE,,
2012,"Sound Effects, Foley, Dialogue and ADR for Animated Feature Film",The Lorax,FALSE,Luke Dunn Gielmuda,foley editor,TRUE,,
2012,"Sound Effects, Foley, Dialogue and ADR for Animated Feature Film",The Lorax,FALSE,Randy Thom,sound designer,FALSE,,
2012,"Sound Effects, Foley, Dialogue and ADR for Animated Feature Film",The Lorax,FALSE,Sean England,foley artist,FALSE,,
2012,"Sound Effects, Foley, Dialogue and ADR for Animated Feature Film",The Lorax,FALSE,Sue Fox,foley editor,FALSE,,
2012,"Sound Effects, Foley, Dialogue and ADR for Animated Feature Film",The Pirates! Band of Misfits,FALSE,Adrian Rhodes,sound editor,TRUE,,
2012,"Sound Effects, Foley, Dialogue and ADR for Animated Feature Film",The Pirates! Band of Misfits,FALSE,Antony Bayman,sound effects editor,FALSE,,
2012,"Sound Effects, Foley, Dialogue and ADR for Animated Feature Film",The Pirates! Band of Misfits,FALSE,Julien Pirrie,foley editor,FALSE,,
2012,"Sound Effects, Foley, Dialogue and ADR for Animated Feature Film",The Pirates! Band of Misfits,FALSE,Nick Adams,sound effects editor,FALSE,,
2012,"Sound Effects, Foley, Dialogue and ADR for Animated Feature Film",The Pirates! Band of Misfits,FALSE,Sue Harding,foley artist,FALSE,,
2012,"Sound Effects, Foley, Dialogue and ADR for Animated Feature Film",The Pirates! Band of Misfits,FALSE,Thomas S. Drescher,music editor,FALSE,,
2012,"Sound Effects, Foley, Dialogue and ADR for Animated Feature Film",The Pirates! Band of Misfits,FALSE,Tim Hands,dialogue editor,FALSE,,
2012,"Sound Effects, Foley, Dialogue and ADR for Animated Feature Film",The Pirates! Band of Misfits,FALSE,Will Norie,sound effects editor,FALSE,,
2012,"Sound Effects, Foley, Dialogue and ADR for Foreign Language Feature Film",Rust and Bone,TRUE,Caroline Reynaud,dialogue editor,FALSE,,France Belgium
2012,"Sound Effects, Foley, Dialogue and ADR for Foreign Language Feature Film",Rust and Bone,TRUE,David Vranken,sound effects editor,FALSE,,France Belgium
2012,"Sound Effects, Foley, Dialogue and ADR for Foreign Language Feature Film",Rust and Bone,TRUE,Nikolas Javelle,sound effects editor,FALSE,,France Belgium
2012,"Sound Effects, Foley, Dialogue and ADR for Foreign Language Feature Film",Rust and Bone,TRUE,Pascal Villard,sound designer,FALSE,,France Belgium
2012,"Sound Effects, Foley, Dialogue and ADR for Foreign Language Feature Film",Rust and Bone,TRUE,Philippe Penot,foley artist,FALSE,,France Belgium
2012,"Sound Effects, Foley, Dialogue and ADR for Foreign Language Feature Film",80 Million,FALSE,Filip Krzemien,dialogue editor,FALSE,,Poland
2012,"Sound Effects, Foley, Dialogue and ADR for Foreign Language Feature Film",80 Million,FALSE,Jacek Wisniewski,foley artist,FALSE,,Poland
2012,"Sound Effects, Foley, Dialogue and ADR for Foreign Language Feature Film",80 Million,FALSE,Kacper Habisiak,sound editor,TRUE,,Poland
2012,"Sound Effects, Foley, Dialogue and ADR for Foreign Language Feature Film",80 Million,FALSE,Maciej Tegi,sound effects editor,FALSE,,Poland
2012,"Sound Effects, Foley, Dialogue and ADR for Foreign Language Feature Film",80 Million,FALSE,Marcin Kasinski,sound editor,TRUE,,Poland
2012,"Sound Effects, Foley, Dialogue and ADR for Foreign Language Feature Film",80 Million,FALSE,Tomasz Maciatek,foley recordist,FALSE,,Poland
2012,"Sound Effects, Foley, Dialogue and ADR for Foreign Language Feature Film",Amour,FALSE,Franck Tassel,foley artist,FALSE,,Austria France Germany
2012,"Sound Effects, Foley, Dialogue and ADR for Foreign Language Feature Film",Amour,FALSE,Nadine Muse,sound editor,TRUE,,Austria France Germany
2012,"Sound Effects, Foley, Dialogue and ADR for Foreign Language Feature Film",Amour,FALSE,Pascal Chauvin,foley artist,FALSE,,Austria France Germany
2012,"Sound Effects, Foley, Dialogue and ADR for Foreign Language Feature Film",Children of Sarajevo,FALSE,Igor Camo,sound designer,FALSE,,Bosnia and Herzegovina
2012,"Sound Effects, Foley, Dialogue and ADR for Foreign Language Feature Film",Children of Sarajevo,FALSE,Miroslav Babic,sound editor,FALSE,,Bosnia and Herzegovina
2012,"Sound Effects, Foley, Dialogue and ADR for Foreign Language Feature Film",Children of Sarajevo,FALSE,Peter Sandmann,foley artist,FALSE,,Bosnia and Herzegovina
2012,"Sound Effects, Foley, Dialogue and ADR for Foreign Language Feature Film",The Hypnotist,FALSE,Aleksander Karshikoff,sound designer,FALSE,,Sweden
2012,"Sound Effects, Foley, Dialogue and ADR for Foreign Language Feature Film",The Hypnotist,FALSE,Aleksander Karshikoff,dialogue editor,FALSE,,Sweden
2012,"Sound Effects, Foley, Dialogue and ADR for Foreign Language Feature Film",The Hypnotist,FALSE,Boris Laible,sound effects editor,FALSE,,Sweden
2012,"Sound Effects, Foley, Dialogue and ADR for Foreign Language Feature Film",The Hypnotist,FALSE,Carl Edström,sound effects editor,FALSE,,Sweden
2012,"Sound Effects, Foley, Dialogue and ADR for Foreign Language Feature Film",The Hypnotist,FALSE,Erik Guldager,sound effects editor,FALSE,,Sweden
2012,"Sound Effects, Foley, Dialogue and ADR for Foreign Language Feature Film",The Hypnotist,FALSE,Gustav Landbecker,sound editor,FALSE,,Sweden
2012,"Sound Effects, Foley, Dialogue and ADR for Foreign Language Feature Film",The Hypnotist,FALSE,Samuel Åberg,foley recordist,FALSE,,Sweden
2012,"Sound Effects, Foley, Dialogue and ADR for Foreign Language Feature Film",The Hypnotist,FALSE,Tomas Krantz,foley recordist,FALSE,,Sweden
2012,"Sound Effects, Foley, Dialogue and ADR for Foreign Language Feature Film",The Hypnotist,FALSE,Ulf Olausson,foley artist,FALSE,,Sweden
2012,"Sound Effects, Foley, Dialogue and ADR for Foreign Language Feature Film",The Intouchables,FALSE,Fred Mays,adr editor,TRUE,,France
2012,"Sound Effects, Foley, Dialogue and ADR for Foreign Language Feature Film",The Intouchables,FALSE,Jean Goudier,sound designer,FALSE,,France
2012,"Sound Effects, Foley, Dialogue and ADR for Foreign Language Feature Film",The Intouchables,FALSE,Jean Goudier,sound,FALSE,,France
2012,"Sound Effects, Foley, Dialogue and ADR for Foreign Language Feature Film",The Intouchables,FALSE,Jean Goudier,dialogue editor,FALSE,,France
2012,"Sound Effects, Foley, Dialogue and ADR for Foreign Language Feature Film",The Intouchables,FALSE,Pascal Chauvin,foley artist,FALSE,,France
2011,Dialogue and ADR for Feature Film,Super 8,TRUE,Ben Burtt,sound editor,TRUE,Sound Editing,
2011,Dialogue and ADR for Feature Film,Super 8,TRUE,Brad Semenoff,adr editor,FALSE,Sound Editing,
2011,Dialogue and ADR for Feature Film,Super 8,TRUE,Cheryl Nardi,dialogue editor,FALSE,Sound Editing,
2011,Dialogue and ADR for Feature Film,Super 8,TRUE,Gwendolyn Yates Whittle,adr editor,FALSE,Sound Editing,
2011,Dialogue and ADR for Feature Film,Super 8,TRUE,Matthew Wood,sound editor,TRUE,Sound Editing,
2011,Dialogue and ADR for Feature Film,Super 8,TRUE,Richard Quinn,dialogue editor,FALSE,Sound Editing,
2011,Dialogue and ADR for Feature Film,Super 8,TRUE,Steve Slanec,additional sound editor,FALSE,Sound Editing,
2011,Dialogue and ADR for Feature Film,Super 8,TRUE,Stuart McCowan,adr editor,FALSE,Sound Editing,
2011,Dialogue and ADR for Feature Film,Abduction,FALSE,Bill R. Dean,sound editor,TRUE,Sound Editing,
2011,Dialogue and ADR for Feature Film,Abduction,FALSE,Bobbi Banks,adr editor,TRUE,Sound Editing,
2011,Dialogue and ADR for Feature Film,Abduction,FALSE,Daniel S. Irwin,dialogue editor,TRUE,Sound Editing,
2011,Dialogue and ADR for Feature Film,Abduction,FALSE,Greg Hedgepath,sound editor,TRUE,Sound Editing,
2011,Dialogue and ADR for Feature Film,Moneyball,FALSE,David A. Arnold,dialogue editor,FALSE,Sound Editing,
2011,Dialogue and ADR for Feature Film,Moneyball,FALSE,Michael J. Benavente,adr editor,TRUE,Sound Editing,
2011,Dialogue and ADR for Feature Film,Moneyball,FALSE,Ron Bochar,sound editor,TRUE,Sound Editing,
2011,Dialogue and ADR for Feature Film,Moneyball,FALSE,Teri E. Dorman,dialogue editor,TRUE,Sound Editing,
2011,Dialogue and ADR for Feature Film,Quarantine 2: Terminal,FALSE,Eric Raber,dialogue editor,FALSE,Sound Editing,
2011,Dialogue and ADR for Feature Film,Quarantine 2: Terminal,FALSE,Mark Lanza,sound editor,TRUE,Sound Editing,
2011,Dialogue and ADR for Feature Film,Quarantine 2: Terminal,FALSE,Rick Ash,dialogue editor,FALSE,Sound Editing,
2011,Dialogue and ADR for Feature Film,Quarantine 2: Terminal,FALSE,Sonja Nyman,dialogue editor,FALSE,Sound Editing,
2011,Dialogue and ADR for Feature Film,Rise of the Planet of the Apes,FALSE,Chuck Michael,sound editor,TRUE,Sound Editing,
2011,Dialogue and ADR for Feature Film,Rise of the Planet of the Apes,FALSE,Helen Luttrell,dialogue editor,TRUE,Sound Editing,
2011,Dialogue and ADR for Feature Film,Rise of the Planet of the Apes,FALSE,Jim Brookshire,adr editor,FALSE,Sound Editing,
2011,Dialogue and ADR for Feature Film,Rise of the Planet of the Apes,FALSE,John A. Larsen,sound editor,TRUE,Sound Editing,
2011,Dialogue and ADR for Feature Film,Rise of the Planet of the Apes,FALSE,Mildred Iatrou,adr editor,TRUE,Sound Editing,
2011,Dialogue and ADR for Feature Film,Rise of the Planet of the Apes,FALSE,R.J. Kizer,adr editor,FALSE,Sound Editing,
2011,Dialogue and ADR for Feature Film,Rise of the Planet of the Apes,FALSE,Susan Dawes,dialogue editor,FALSE,Sound Editing,
2011,Dialogue and ADR for Feature Film,The Help,FALSE,Dennis Drummond,sound editor,TRUE,Sound Editing,
2011,Dialogue and ADR for Feature Film,The Help,FALSE,Kim Drummond,dialogue,TRUE,Sound Editing,
2011,Dialogue and ADR for Feature Film,The Help,FALSE,Kim Drummond,adr editor,FALSE,Sound Editing,
2011,Dialogue and ADR for Feature Film,The Help,FALSE,Laura Graham,adr editor,FALSE,Sound Editing,
2011,Dialogue and ADR for Feature Film,The Help,FALSE,Scott A. Jennings,adr editor,FALSE,Sound Editing,
2011,Dialogue and ADR for Feature Film,The Way,FALSE,Ben Wilkins,dialogue,FALSE,Sound Editing,
2011,Dialogue and ADR for Feature Film,The Way,FALSE,Ben Wilkins,adr editor,FALSE,Sound Editing,
2011,Dialogue and ADR for Feature Film,The Way,FALSE,Glenn T. Morgan,sound editor,TRUE,Sound Editing,
2011,Dialogue and ADR for Feature Film,The Way,FALSE,Peter Staubli,dialogue,FALSE,Sound Editing,
2011,Dialogue and ADR for Feature Film,The Way,FALSE,Peter Staubli,adr editor,FALSE,Sound Editing,
2011,Dialogue and ADR for Feature Film,War Horse,FALSE,Cheryl Nardi,dialogue,FALSE,Sound Editing,
2011,Dialogue and ADR for Feature Film,War Horse,FALSE,Cheryl Nardi,adr editor,FALSE,Sound Editing,
2011,Dialogue and ADR for Feature Film,War Horse,FALSE,Jeremy Molod,dialogue editor,FALSE,Sound Editing,
2011,Dialogue and ADR for Feature Film,War Horse,FALSE,Jonathan Null,dialogue,TRUE,Sound Editing,
2011,Dialogue and ADR for Feature Film,War Horse,FALSE,Jonathan Null,adr editor,FALSE,Sound Editing,
2011,Dialogue and ADR for Feature Film,War Horse,FALSE,Richard Hymns,sound editor,TRUE,Sound Editing,
2011,Dialogue and ADR for Feature Film,War Horse,FALSE,Richard Quinn,dialogue,FALSE,Sound Editing,
2011,Dialogue and ADR for Feature Film,War Horse,FALSE,Richard Quinn,adr editor,FALSE,Sound Editing,
2011,Feature Underscore,Hugo,TRUE,Jennifer L. Dunnington,music editor,TRUE,,
2011,Feature Underscore,Hugo,TRUE,Jonathan Schultz,scoring editor,TRUE,,
2011,Feature Underscore,Hugo,TRUE,Kirsty Whalley,scoring editor,FALSE,,
2011,Feature Underscore,Hugo,TRUE,Robert Houston,music editor,FALSE,,
2011,Feature Underscore,Hugo,TRUE,Yann McCullough,scoring editor,FALSE,,
2011,Feature Underscore,Drive,FALSE,Annette Kudrak,music editor,TRUE,,
2011,Feature Underscore,Hop,FALSE,Bryon Rickerson,music editor,FALSE,,
2011,Feature Underscore,Hop,FALSE,J.J. George,music editor,TRUE,,
2011,Feature Underscore,Priest,FALSE,Cory Milano,music editor,FALSE,,
2011,Feature Underscore,Priest,FALSE,Daniel Pinder,temp music editor,FALSE,,
2011,Feature Underscore,Priest,FALSE,Jaclyn Newman Dorn,music editor,FALSE,,
2011,Feature Underscore,Priest,FALSE,Steven A. Saltzman,music editor,FALSE,,
2011,Feature Underscore,Priest,FALSE,Thomas Milano,music editor,TRUE,,
2011,Feature Underscore,Super 8,FALSE,Alex Levy,music editor,TRUE,,
2011,Feature Underscore,Super 8,FALSE,Paul Apelgren,music editor,FALSE,,
2011,Feature Underscore,Super 8,FALSE,Ramiro Belgardt,music editor,FALSE,,
2011,Feature Underscore,Super 8,FALSE,Will Kaplan,music editor,FALSE,,
2011,Feature Underscore,The Girl with the Dragon Tattoo,FALSE,Jonathon Stevens,music editor,TRUE,,
2011,Feature Underscore,The Girl with the Dragon Tattoo,FALSE,Marie Ebbing,music editor,FALSE,,
2011,Feature Underscore,The Girl with the Dragon Tattoo,FALSE,Ren Klyce,music editor,FALSE,,
2011,Feature Underscore,The Tree of Life,FALSE,Dick Bernstein,music editor,TRUE,,
2011,Feature Underscore,The Tree of Life,FALSE,Peter Clarke,music editor,FALSE,,
2011,Feature Underscore,Transformers: Dark of the Moon,FALSE,Alex Gibson,music editor,TRUE,,
2011,Feature Underscore,Transformers: Dark of the Moon,FALSE,Ryan Rubin,music editor,FALSE,,
2011,Musical for Feature Film,The Muppets,TRUE,Lisa Jaime,music editor,TRUE,,
2011,Musical for Feature Film,The Muppets,TRUE,Richard Ford,music editor,FALSE,,
2011,Musical for Feature Film,Footloose,FALSE,Kevin McKeever,music editor,TRUE,,
2011,Musical for Feature Film,Pina,FALSE,Matthias Lempert,music editor,TRUE,,
2011,Musical for Feature Film,The Perfect Age of Rock 'n' Roll,FALSE,Dan Evans Farkas,music editor,TRUE,,
2011,Sound Effects and Foley for Feature Film,War Horse,TRUE,Colette D. Dahanne,sound editor,FALSE,Sound Editing,
2011,Sound Effects and Foley for Feature Film,War Horse,TRUE,Dennie Thorpe,foley artist,FALSE,Sound Editing,
2011,Sound Effects and Foley for Feature Film,War Horse,TRUE,Gary Rydstrom,sound editor,TRUE,Sound Editing,
2011,Sound Effects and Foley for Feature Film,War Horse,TRUE,Gary Rydstrom,sound designer,FALSE,Sound Editing,
2011,Sound Effects and Foley for Feature Film,War Horse,TRUE,Jana Vance,foley artist,FALSE,Sound Editing,
2011,Sound Effects and Foley for Feature Film,War Horse,TRUE,Kyrsten Mate,sound editor,FALSE,Sound Editing,
2011,Sound Effects and Foley for Feature Film,War Horse,TRUE,Luke Dunn Gielmuda,foley editor,TRUE,Sound Editing,
2011,Sound Effects and Foley for Feature Film,War Horse,TRUE,Richard Hymns,sound editor,TRUE,Sound Editing,
2011,Sound Effects and Foley for Feature Film,War Horse,TRUE,Teresa Eckton,sound editor,FALSE,Sound Editing,
2011,Sound Effects and Foley for Feature Film,War Horse,TRUE,Tim Nielsen,sound editor,FALSE,Sound Editing,
2011,Sound Effects and Foley for Feature Film,Drive,FALSE,Catherine Harper,foley artist,FALSE,Sound Editing,
2011,Sound Effects and Foley for Feature Film,Drive,FALSE,Christopher Moriana,foley artist,FALSE,Sound Editing,
2011,Sound Effects and Foley for Feature Film,Drive,FALSE,Damian Volpe,sound effects editor,FALSE,Sound Editing,
2011,Sound Effects and Foley for Feature Film,Drive,FALSE,Kerry Carmean-Williams,background editor,FALSE,Sound Editing,
2011,Sound Effects and Foley for Feature Film,Drive,FALSE,Lon Bender,sound editor,TRUE,Sound Editing,
2011,Sound Effects and Foley for Feature Film,Drive,FALSE,Paul Hackner,foley editor,FALSE,Sound Editing,
2011,Sound Effects and Foley for Feature Film,Drive,FALSE,Peter Zinda,sound designer,FALSE,Sound Editing,
2011,Sound Effects and Foley for Feature Film,Drive,FALSE,Peter Zinda,effects editor,FALSE,Sound Editing,
2011,Sound Effects and Foley for Feature Film,Drive,FALSE,Victor Ray Ennis,sound editor,TRUE,Sound Editing,
2011,Sound Effects and Foley for Feature Film,Fast Five,FALSE,Ann Scibelli,sound effects editor,FALSE,Sound Editing,
2011,Sound Effects and Foley for Feature Film,Fast Five,FALSE,Charles Maynes,sound effects editor,FALSE,Sound Editing,
2011,Sound Effects and Foley for Feature Film,Fast Five,FALSE,Gary A. Hecker,,FALSE,Sound Editing,
2011,Sound Effects and Foley for Feature Film,Fast Five,FALSE,George Pereyra,foley editor,FALSE,Sound Editing,
2011,Sound Effects and Foley for Feature Film,Fast Five,FALSE,Glynna Grimala,sound designer,FALSE,Sound Editing,
2011,Sound Effects and Foley for Feature Film,Fast Five,FALSE,Jon Title,sound effects editor,FALSE,Sound Editing,
2011,Sound Effects and Foley for Feature Film,Fast Five,FALSE,Katherine Rose,foley artist,FALSE,Sound Editing,
2011,Sound Effects and Foley for Feature Film,Fast Five,FALSE,Kerry Carmean-Williams,foley editor,FALSE,Sound Editing,
2011,Sound Effects and Foley for Feature Film,Fast Five,FALSE,Paul Aulicino,foley editor,TRUE,Sound Editing,
2011,Sound Effects and Foley for Feature Film,Fast Five,FALSE,Peter Brown,sound editor,TRUE,Sound Editing,
2011,Sound Effects and Foley for Feature Film,Fast Five,FALSE,Peter Staubli,sound effects editor,FALSE,Sound Editing,
2011,Sound Effects and Foley for Feature Film,Fast Five,FALSE,Stephen P. Robinson,sound designer,FALSE,Sound Editing,
2011,Sound Effects and Foley for Feature Film,Fast Five,FALSE,Tim Walston,sound effects editor,FALSE,Sound Editing,
2011,Sound Effects and Foley for Feature Film,Mission: Impossible – Ghost Protocol,FALSE,Dennie Thorpe,foley artist,FALSE,Sound Editing,
2011,Sound Effects and Foley for Feature Film,Mission: Impossible – Ghost Protocol,FALSE,Dustin Cawood,sound editor,FALSE,Sound Editing,
2011,Sound Effects and Foley for Feature Film,Mission: Impossible – Ghost Protocol,FALSE,Gary Rydstrom,sound editor,TRUE,Sound Editing,
2011,Sound Effects and Foley for Feature Film,Mission: Impossible – Ghost Protocol,FALSE,Gary Rydstrom,sound designer,FALSE,Sound Editing,
2011,Sound Effects and Foley for Feature Film,Mission: Impossible – Ghost Protocol,FALSE,Jana Vance,foley artist,FALSE,Sound Editing,
2011,Sound Effects and Foley for Feature Film,Mission: Impossible – Ghost Protocol,FALSE,Ken Fischer,sound editor,FALSE,Sound Editing,
2011,Sound Effects and Foley for Feature Film,Mission: Impossible – Ghost Protocol,FALSE,Luke Dunn Gielmuda,foley editor,TRUE,Sound Editing,
2011,Sound Effects and Foley for Feature Film,Mission: Impossible – Ghost Protocol,FALSE,Pascal Garneau,sound editor,FALSE,Sound Editing,
2011,Sound Effects and Foley for Feature Film,Mission: Impossible – Ghost Protocol,FALSE,Richard Hymns,sound editor,TRUE,Sound Editing,
2011,Sound Effects and Foley for Feature Film,Mission: Impossible – Ghost Protocol,FALSE,Teresa Eckton,sound editor,FALSE,Sound Editing,
2011,Sound Effects and Foley for Feature Film,Mission: Impossible – Ghost Protocol,FALSE,Will Files,sound editor,FALSE,Sound Editing,
2011,Sound Effects and Foley for Feature Film,Rise of the Planet of the Apes,FALSE,Alicia Stevenson,foley artist,FALSE,Sound Editing,
2011,Sound Effects and Foley for Feature Film,Rise of the Planet of the Apes,FALSE,Bruce Tanis,foley editor,FALSE,Sound Editing,
2011,Sound Effects and Foley for Feature Film,Rise of the Planet of the Apes,FALSE,Chuck Michael,sound editor,TRUE,Sound Editing,
2011,Sound Effects and Foley for Feature Film,Rise of the Planet of the Apes,FALSE,Chuck Michael,sound designer,FALSE,Sound Editing,
2011,Sound Effects and Foley for Feature Film,Rise of the Planet of the Apes,FALSE,Dan O'Connell,foley artist,FALSE,Sound Editing,
2011,Sound Effects and Foley for Feature Film,Rise of the Planet of the Apes,FALSE,David Grimaldi,sound effects editor,FALSE,Sound Editing,
2011,Sound Effects and Foley for Feature Film,Rise of the Planet of the Apes,FALSE,Dawn Fintor,foley artist,FALSE,Sound Editing,
2011,Sound Effects and Foley for Feature Film,Rise of the Planet of the Apes,FALSE,John A. Larsen,sound editor,TRUE,Sound Editing,
2011,Sound Effects and Foley for Feature Film,Rise of the Planet of the Apes,FALSE,John Morris,sound effects editor,FALSE,Sound Editing,
2011,Sound Effects and Foley for Feature Film,Rise of the Planet of the Apes,FALSE,John Murray,foley editor,TRUE,Sound Editing,
2011,Sound Effects and Foley for Feature Film,Rise of the Planet of the Apes,FALSE,John T. Cucci,foley artist,FALSE,Sound Editing,
2011,Sound Effects and Foley for Feature Film,Rise of the Planet of the Apes,FALSE,Matthew Harrison,foley editor,FALSE,Sound Editing,
2011,Sound Effects and Foley for Feature Film,Rise of the Planet of the Apes,FALSE,Thomas W. Small,foley editor,FALSE,Sound Editing,
2011,Sound Effects and Foley for Feature Film,Rise of the Planet of the Apes,FALSE,Wayne Lemmer,sound effects editor,FALSE,Sound Editing,
2011,Sound Effects and Foley for Feature Film,Super 8,FALSE,Adam Kopald,sound effects editor,FALSE,Sound Editing,
2011,Sound Effects and Foley for Feature Film,Super 8,FALSE,Ben Burtt,sound editors,TRUE,Sound Editing,
2011,Sound Effects and Foley for Feature Film,Super 8,FALSE,Ben Burtt,sound designer,FALSE,Sound Editing,
2011,Sound Effects and Foley for Feature Film,Super 8,FALSE,David Acord,sound effects editor,FALSE,Sound Editing,
2011,Sound Effects and Foley for Feature Film,Super 8,FALSE,Dustin Cawood,sound effects editor,FALSE,Sound Editing,
2011,Sound Effects and Foley for Feature Film,Super 8,FALSE,Kevin Sellers,foley editor,TRUE,Sound Editing,
2011,Sound Effects and Foley for Feature Film,Super 8,FALSE,Luke Dunn Gielmuda,foley editor,FALSE,Sound Editing,
2011,Sound Effects and Foley for Feature Film,Super 8,FALSE,Malcolm Fife,foley editor,FALSE,Sound Editing,
2011,Sound Effects and Foley for Feature Film,Super 8,FALSE,Matthew Wood,sound editors,TRUE,Sound Editing,
2011,Sound Effects and Foley for Feature Film,Super 8,FALSE,Matthew Wood,sound designer,FALSE,Sound Editing,
2011,Sound Effects and Foley for Feature Film,Super 8,FALSE,Ronni Brown,foley artist,FALSE,Sound Editing,
2011,Sound Effects and Foley for Feature Film,Super 8,FALSE,Sean England,foley artist,FALSE,Sound Editing,
2011,Sound Effects and Foley for Feature Film,Super 8,FALSE,Steve Slanec,sound effects editor,FALSE,Sound Editing,
2011,Sound Effects and Foley for Feature Film,The Girl with the Dragon Tattoo,FALSE,Al Nelson,sound editor,FALSE,Sound Editing,
2011,Sound Effects and Foley for Feature Film,The Girl with the Dragon Tattoo,FALSE,Alyson Dee Moore,foley artist,FALSE,Sound Editing,
2011,Sound Effects and Foley for Feature Film,The Girl with the Dragon Tattoo,FALSE,Coya Elliott,sound editor,FALSE,Sound Editing,
2011,Sound Effects and Foley for Feature Film,The Girl with the Dragon Tattoo,FALSE,David C. Hughes,sound editor,FALSE,Sound Editing,
2011,Sound Effects and Foley for Feature Film,The Girl with the Dragon Tattoo,FALSE,John Roesch,foley artist,FALSE,Sound Editing,
2011,Sound Effects and Foley for Feature Film,The Girl with the Dragon Tattoo,FALSE,Krysten Mate,sound editor,FALSE,Sound Editing,
2011,Sound Effects and Foley for Feature Film,The Girl with the Dragon Tattoo,FALSE,Larry Oatfield,sound editor,FALSE,Sound Editing,
2011,Sound Effects and Foley for Feature Film,The Girl with the Dragon Tattoo,FALSE,Ren Klyce,sound editor,TRUE,Sound Editing,
2011,Sound Effects and Foley for Feature Film,The Girl with the Dragon Tattoo,FALSE,Ren Klyce,sound designer,FALSE,Sound Editing,
2011,Sound Effects and Foley for Feature Film,The Girl with the Dragon Tattoo,FALSE,Scott Guitteau,sound editor,FALSE,Sound Editing,
2011,Sound Effects and Foley for Feature Film,The Girl with the Dragon Tattoo,FALSE,Thom Brennan,foley editor,TRUE,Sound Editing,
2011,Sound Effects and Foley for Feature Film,The Girl with the Dragon Tattoo,FALSE,Thom Brennan,sound editor,FALSE,Sound Editing,
2011,Sound Effects and Foley for Feature Film,Transformers: Dark of the Moon,FALSE,Ai-Ling Lee,sound effects editor,FALSE,Sound Editing,
2011,Sound Effects and Foley for Feature Film,Transformers: Dark of the Moon,FALSE,Alyson Dee Moore,foley artist,FALSE,Sound Editing,
2011,Sound Effects and Foley for Feature Film,Transformers: Dark of the Moon,FALSE,Christian Schaanning,sound effects editor,FALSE,Sound Editing,
2011,Sound Effects and Foley for Feature Film,Transformers: Dark of the Moon,FALSE,Erik Aadahl,sound editors,TRUE,Sound Editing,
2011,Sound Effects and Foley for Feature Film,Transformers: Dark of the Moon,FALSE,Erik Aadahl,sound designer,FALSE,Sound Editing,
2011,Sound Effects and Foley for Feature Film,Transformers: Dark of the Moon,FALSE,Ethan Van der Ryn,sound editors,TRUE,Sound Editing,
2011,Sound Effects and Foley for Feature Film,Transformers: Dark of the Moon,FALSE,Ethan Van der Ryn,sound designer,FALSE,Sound Editing,
2011,Sound Effects and Foley for Feature Film,Transformers: Dark of the Moon,FALSE,Greg ten Bosch,sound effects editor,FALSE,Sound Editing,
2011,Sound Effects and Foley for Feature Film,Transformers: Dark of the Moon,FALSE,John Marquis,sound effects editor,FALSE,Sound Editing,
2011,Sound Effects and Foley for Feature Film,Transformers: Dark of the Moon,FALSE,John Roesch,foley artist,FALSE,Sound Editing,
2011,Sound Effects and Foley for Feature Film,Transformers: Dark of the Moon,FALSE,Jonathan Klein,foley editor,TRUE,Sound Editing,
2011,Sound Effects and Foley for Feature Film,Transformers: Dark of the Moon,FALSE,P.K. Hooker,sound effects editor,FALSE,Sound Editing,
2011,Sound Effects and Foley for Feature Film,Transformers: Dark of the Moon,FALSE,Tobias Poppe,sound effects editor,FALSE,Sound Editing,
2011,Sound Effects and Foley for Feature Film,Transformers: Dark of the Moon,FALSE,Willard Overstreet,foley editor,FALSE,Sound Editing,
2011,"Sound Effects, Foley, Dialogue and ADR for Animated Feature Film",The Adventures of Tintin,TRUE,Brent Burge,sound editor,TRUE,,
2011,"Sound Effects, Foley, Dialogue and ADR for Animated Feature Film",The Adventures of Tintin,TRUE,Chris Todd,dialogue editor,FALSE,,
2011,"Sound Effects, Foley, Dialogue and ADR for Animated Feature Film",The Adventures of Tintin,TRUE,Chris Ward,sound,TRUE,,
2011,"Sound Effects, Foley, Dialogue and ADR for Animated Feature Film",The Adventures of Tintin,TRUE,Chris Ward,dialogue,FALSE,,
2011,"Sound Effects, Foley, Dialogue and ADR for Animated Feature Film",The Adventures of Tintin,TRUE,Chris Ward,adr editor,FALSE,,
2011,"Sound Effects, Foley, Dialogue and ADR for Animated Feature Film",The Adventures of Tintin,TRUE,Craig Tomlinson,foley editor,TRUE,,
2011,"Sound Effects, Foley, Dialogue and ADR for Animated Feature Film",The Adventures of Tintin,TRUE,Dave Whitehead,sound designer,FALSE,,
2011,"Sound Effects, Foley, Dialogue and ADR for Animated Feature Film",The Adventures of Tintin,TRUE,Frank Lipson,sound effects editor,FALSE,,
2011,"Sound Effects, Foley, Dialogue and ADR for Animated Feature Film",The Adventures of Tintin,TRUE,Hayden Collow,sound effects editor,FALSE,,
2011,"Sound Effects, Foley, Dialogue and ADR for Animated Feature Film",The Adventures of Tintin,TRUE,Jason Canovas,dialogue editor,FALSE,,
2011,"Sound Effects, Foley, Dialogue and ADR for Animated Feature Film",The Adventures of Tintin,TRUE,John Simpson,foley artist,FALSE,,
2011,"Sound Effects, Foley, Dialogue and ADR for Animated Feature Film",The Adventures of Tintin,TRUE,Justin Doyle,sound effects editor,FALSE,,
2011,"Sound Effects, Foley, Dialogue and ADR for Animated Feature Film",The Adventures of Tintin,TRUE,Justin Webster,"""Snowy"" effects editor",FALSE,,
2011,"Sound Effects, Foley, Dialogue and ADR for Animated Feature Film",The Adventures of Tintin,TRUE,Martin Kwok,dialogue editor,FALSE,,
2011,"Sound Effects, Foley, Dialogue and ADR for Animated Feature Film",The Adventures of Tintin,TRUE,Matt Stutter,sound effects editor,FALSE,,
2011,"Sound Effects, Foley, Dialogue and ADR for Animated Feature Film",The Adventures of Tintin,TRUE,Morgan Samuel,adr editor,FALSE,,
2011,"Sound Effects, Foley, Dialogue and ADR for Animated Feature Film",Cars 2,FALSE,Al Nelson,sound effects editor,FALSE,,
2011,"Sound Effects, Foley, Dialogue and ADR for Animated Feature Film",Cars 2,FALSE,David C. Hughes,sound effects editor,FALSE,,
2011,"Sound Effects, Foley, Dialogue and ADR for Animated Feature Film",Cars 2,FALSE,Dennie Thorpe,foley artist,FALSE,,
2011,"Sound Effects, Foley, Dialogue and ADR for Animated Feature Film",Cars 2,FALSE,Dustin Cawood,sound effects editor,FALSE,,
2011,"Sound Effects, Foley, Dialogue and ADR for Animated Feature Film",Cars 2,FALSE,Frank Clary,foley editor,FALSE,,
2011,"Sound Effects, Foley, Dialogue and ADR for Animated Feature Film",Cars 2,FALSE,Jana Vance,foley artist,FALSE,,
2011,"Sound Effects, Foley, Dialogue and ADR for Animated Feature Film",Cars 2,FALSE,Michael Silvers,sound,TRUE,,
2011,"Sound Effects, Foley, Dialogue and ADR for Animated Feature Film",Cars 2,FALSE,Michael Silvers,adr editor,FALSE,,
2011,"Sound Effects, Foley, Dialogue and ADR for Animated Feature Film",Cars 2,FALSE,Pascal Garneau,foley editor,TRUE,,
2011,"Sound Effects, Foley, Dialogue and ADR for Animated Feature Film",Cars 2,FALSE,Robert Shoup,sound effects editor,FALSE,,
2011,"Sound Effects, Foley, Dialogue and ADR for Animated Feature Film",Cars 2,FALSE,Steve Slanec,adr editor,FALSE,,
2011,"Sound Effects, Foley, Dialogue and ADR for Animated Feature Film",Cars 2,FALSE,Teresa Eckton,sound effects editor,FALSE,,
2011,"Sound Effects, Foley, Dialogue and ADR for Animated Feature Film",Cars 2,FALSE,Tom Myers,sound editor,TRUE,,
2011,"Sound Effects, Foley, Dialogue and ADR for Animated Feature Film",Cars 2,FALSE,Tom Myers,sound designer,FALSE,,
2011,"Sound Effects, Foley, Dialogue and ADR for Animated Feature Film",Kung Fu Panda 2,FALSE,Dan O'Connell,foley artist,FALSE,,
2011,"Sound Effects, Foley, Dialogue and ADR for Animated Feature Film",Kung Fu Panda 2,FALSE,Erik Aadahl,sound editor,TRUE,,
2011,"Sound Effects, Foley, Dialogue and ADR for Animated Feature Film",Kung Fu Panda 2,FALSE,Ethan Van der Ryn,sound editor,TRUE,,
2011,"Sound Effects, Foley, Dialogue and ADR for Animated Feature Film",Kung Fu Panda 2,FALSE,John Marquis,sound designer,FALSE,,
2011,"Sound Effects, Foley, Dialogue and ADR for Animated Feature Film",Kung Fu Panda 2,FALSE,John T. Cucci,foley artist,FALSE,,
2011,"Sound Effects, Foley, Dialogue and ADR for Animated Feature Film",Kung Fu Panda 2,FALSE,Jonathan Klein,foley editor,FALSE,,
2011,"Sound Effects, Foley, Dialogue and ADR for Animated Feature Film",Kung Fu Panda 2,FALSE,P.K. Hooker,sound effects editor,FALSE,,
2011,"Sound Effects, Foley, Dialogue and ADR for Animated Feature Film",Kung Fu Panda 2,FALSE,Susan Dudeck,adr editor,TRUE,,
2011,"Sound Effects, Foley, Dialogue and ADR for Animated Feature Film",Kung Fu Panda 2,FALSE,Willard Overstreet,foley editor,FALSE,,
2011,"Sound Effects, Foley, Dialogue and ADR for Animated Feature Film",Puss in Boots,FALSE,Alyson Dee Moore,foley artist,FALSE,,
2011,"Sound Effects, Foley, Dialogue and ADR for Animated Feature Film",Puss in Boots,FALSE,Christopher Flick,foley editor,TRUE,,
2011,"Sound Effects, Foley, Dialogue and ADR for Animated Feature Film",Puss in Boots,FALSE,Jeff Sawyer,sound effects editor,FALSE,,
2011,"Sound Effects, Foley, Dialogue and ADR for Animated Feature Film",Puss in Boots,FALSE,Jessica Gallavan,dialogue,TRUE,,
2011,"Sound Effects, Foley, Dialogue and ADR for Animated Feature Film",Puss in Boots,FALSE,Jessica Gallavan,adr editor,FALSE,,
2011,"Sound Effects, Foley, Dialogue and ADR for Animated Feature Film",Puss in Boots,FALSE,John Roesch,foley artist,FALSE,,
2011,"Sound Effects, Foley, Dialogue and ADR for Animated Feature Film",Puss in Boots,FALSE,Mark Pappas,foley editor,FALSE,,
2011,"Sound Effects, Foley, Dialogue and ADR for Animated Feature Film",Puss in Boots,FALSE,Michael Babcock,sound effects editor,FALSE,,
2011,"Sound Effects, Foley, Dialogue and ADR for Animated Feature Film",Puss in Boots,FALSE,Michael W. Mitchell,sound effects editor,FALSE,,
2011,"Sound Effects, Foley, Dialogue and ADR for Animated Feature Film",Puss in Boots,FALSE,Richard King,sound editor,TRUE,,
2011,"Sound Effects, Foley, Dialogue and ADR for Animated Feature Film",Puss in Boots,FALSE,Roland N. Thai,sound effects editor,FALSE,,
2011,"Sound Effects, Foley, Dialogue and ADR for Animated Feature Film",Rango,FALSE,Adam Kopald,sound editor,FALSE,,
2011,"Sound Effects, Foley, Dialogue and ADR for Animated Feature Film",Rango,FALSE,Addison Teague,sound editor,TRUE,,
2011,"Sound Effects, Foley, Dialogue and ADR for Animated Feature Film",Rango,FALSE,David C. Hughes,sound effects editor,FALSE,,
2011,"Sound Effects, Foley, Dialogue and ADR for Animated Feature Film",Rango,FALSE,Dee Selby,foley editor,FALSE,,
2011,"Sound Effects, Foley, Dialogue and ADR for Animated Feature Film",Rango,FALSE,Dennie Thorpe,foley artist,FALSE,,
2011,"Sound Effects, Foley, Dialogue and ADR for Animated Feature Film",Rango,FALSE,J.R. Grubbs,sound effects editor,FALSE,,
2011,"Sound Effects, Foley, Dialogue and ADR for Animated Feature Film",Rango,FALSE,Jana Vance,foley artist,FALSE,,
2011,"Sound Effects, Foley, Dialogue and ADR for Animated Feature Film",Rango,FALSE,Mac Smith,dialogue editor,FALSE,,
2011,"Sound Effects, Foley, Dialogue and ADR for Animated Feature Film",Rango,FALSE,Michael Silvers,dialogue editor,TRUE,,
2011,"Sound Effects, Foley, Dialogue and ADR for Animated Feature Film",Rango,FALSE,Peter Miller,sound editor,TRUE,,
2011,"Sound Effects, Foley, Dialogue and ADR for Animated Feature Film",Rango,FALSE,Peter Miller,sound designer,FALSE,,
2011,"Sound Effects, Foley, Dialogue and ADR for Animated Feature Film",Rango,FALSE,Richard Hymns,dialogue editor,FALSE,,
2011,"Sound Effects, Foley, Dialogue and ADR for Animated Feature Film",Rango,FALSE,Shannon Mills,sound effects editor,FALSE,,
2011,"Sound Effects, Foley, Dialogue and ADR for Animated Feature Film",Rango,FALSE,Steve Slanec,foley editor,TRUE,,
2011,"Sound Effects, Foley, Dialogue and ADR for Animated Feature Film",Rio,FALSE,Cheryl Nardi,sound editor,FALSE,,
2011,"Sound Effects, Foley, Dialogue and ADR for Animated Feature Film",Rio,FALSE,Dennie Thorpe,foley artist,FALSE,,
2011,"Sound Effects, Foley, Dialogue and ADR for Animated Feature Film",Rio,FALSE,Gwendolyn Yates Whittle,sound editor,TRUE,,
2011,"Sound Effects, Foley, Dialogue and ADR for Animated Feature Film",Rio,FALSE,Jana Vance,foley artist,FALSE,,
2011,"Sound Effects, Foley, Dialogue and ADR for Animated Feature Film",Rio,FALSE,Josh Gold,sound editor,FALSE,,
2011,"Sound Effects, Foley, Dialogue and ADR for Animated Feature Film",Rio,FALSE,Luke Dunn Gielmuda,sound editor,FALSE,,
2011,"Sound Effects, Foley, Dialogue and ADR for Animated Feature Film",Rio,FALSE,Malcolm Fife,sound editor,FALSE,,
2011,"Sound Effects, Foley, Dialogue and ADR for Animated Feature Film",Rio,FALSE,Pete Horner,sound editor,FALSE,,
2011,"Sound Effects, Foley, Dialogue and ADR for Animated Feature Film",Rio,FALSE,Randy Thom,sound editor,TRUE,,
2011,"Sound Effects, Foley, Dialogue and ADR for Animated Feature Film",Rio,FALSE,Randy Thom,sound designer,FALSE,,
2011,"Sound Effects, Foley, Dialogue and ADR for Animated Feature Film",Rio,FALSE,Sue Fox,foley editor,TRUE,,
2011,"Sound Effects, Foley, Dialogue and ADR for Animated Feature Film",Rio,FALSE,Teresa Eckton,sound editor,FALSE,,
2011,"Sound Effects, Foley, Dialogue and ADR for Animated Feature Film",The Smurfs,FALSE,Bernard Weiser,dialogue,TRUE,,
2011,"Sound Effects, Foley, Dialogue and ADR for Animated Feature Film",The Smurfs,FALSE,Bernard Weiser,adr editor,FALSE,,
2011,"Sound Effects, Foley, Dialogue and ADR for Animated Feature Film",The Smurfs,FALSE,Mark Pappas,foley editor,TRUE,,
2011,"Sound Effects, Foley, Dialogue and ADR for Animated Feature Film",The Smurfs,FALSE,Paul Berolzheimer,sound effects editor,FALSE,,
2011,"Sound Effects, Foley, Dialogue and ADR for Animated Feature Film",The Smurfs,FALSE,Randle Akerson,sound effects editor,FALSE,,
2011,"Sound Effects, Foley, Dialogue and ADR for Animated Feature Film",The Smurfs,FALSE,Robert L. Sephton,sound editor,TRUE,,
2011,"Sound Effects, Foley, Dialogue and ADR for Animated Feature Film",The Smurfs,FALSE,Robert L. Sephton,sound designer,FALSE,,
2011,"Sound Effects, Foley, Dialogue and ADR for Animated Feature Film",The Smurfs,FALSE,Robert Troy,dialogue editor,FALSE,,
2011,"Sound Effects, Foley, Dialogue and ADR for Animated Feature Film",The Smurfs,FALSE,Robin Harlan,foley artist,FALSE,,
2011,"Sound Effects, Foley, Dialogue and ADR for Animated Feature Film",The Smurfs,FALSE,Ronni Brown,foley artist,FALSE,,
2011,"Sound Effects, Foley, Dialogue and ADR for Animated Feature Film",The Smurfs,FALSE,Sarah Monat,foley artist,FALSE,,
2011,"Sound Effects, Foley, Dialogue and ADR for Animated Feature Film",The Smurfs,FALSE,Sean England,foley artist,FALSE,,
2011,"Sound Effects, Foley, Dialogue and ADR for Animated Feature Film",The Smurfs,FALSE,Will Files,sound designer,TRUE,,
2011,"Sound Effects, Foley, Dialogue and ADR for Foreign Language Feature Film",The Flowers of War,TRUE,Adam Connelly,foley editor,FALSE,,China Hong Kong
2011,"Sound Effects, Foley, Dialogue and ADR for Foreign Language Feature Film",The Flowers of War,TRUE,Baiyang Wang,dialogue,FALSE,,China Hong Kong
2011,"Sound Effects, Foley, Dialogue and ADR for Foreign Language Feature Film",The Flowers of War,TRUE,Baiyang Wang,adr editor,FALSE,,China Hong Kong
2011,"Sound Effects, Foley, Dialogue and ADR for Foreign Language Feature Film",The Flowers of War,TRUE,Chris Goodes,sound effects editor,FALSE,,China Hong Kong
2011,"Sound Effects, Foley, Dialogue and ADR for Foreign Language Feature Film",The Flowers of War,TRUE,Hongrui Ji,sound effects editor,FALSE,,China Hong Kong
2011,"Sound Effects, Foley, Dialogue and ADR for Foreign Language Feature Film",The Flowers of War,TRUE,James Ashton,dialogue editor,TRUE,,China Hong Kong
2011,"Sound Effects, Foley, Dialogue and ADR for Foreign Language Feature Film",The Flowers of War,TRUE,Mario Vaccaro,foley artist,FALSE,,China Hong Kong
2011,"Sound Effects, Foley, Dialogue and ADR for Foreign Language Feature Film",The Flowers of War,TRUE,Robert Mackenzie,sound effects editor,FALSE,,China Hong Kong
2011,"Sound Effects, Foley, Dialogue and ADR for Foreign Language Feature Film",The Flowers of War,TRUE,Steve Burgess,sound editor,TRUE,,China Hong Kong
2011,"Sound Effects, Foley, Dialogue and ADR for Foreign Language Feature Film",The Flowers of War,TRUE,Tao Jing,sound editor,TRUE,,China Hong Kong
2011,"Sound Effects, Foley, Dialogue and ADR for Foreign Language Feature Film",The Flowers of War,TRUE,Tao Jing,sound designer,FALSE,,China Hong Kong
2011,"Sound Effects, Foley, Dialogue and ADR for Foreign Language Feature Film",The Flowers of War,TRUE,Tian Yong,sound effects editor,FALSE,,China Hong Kong
2011,"Sound Effects, Foley, Dialogue and ADR for Foreign Language Feature Film",The Flowers of War,TRUE,Wei Wang,foley editor,FALSE,,China Hong Kong
2011,"Sound Effects, Foley, Dialogue and ADR for Foreign Language Feature Film",The Flowers of War,TRUE,Xu Miao,foley artist,FALSE,,China Hong Kong
2011,"Sound Effects, Foley, Dialogue and ADR for Foreign Language Feature Film",The Flowers of War,TRUE,Yanchao Yang,foley editor,FALSE,,China Hong Kong
2011,"Sound Effects, Foley, Dialogue and ADR for Foreign Language Feature Film",The Flowers of War,TRUE,Yinan Tu,sound effects editor,FALSE,,China Hong Kong
2011,"Sound Effects, Foley, Dialogue and ADR for Foreign Language Feature Film",The Flowers of War,TRUE,Zheng Huang,sound effects editor,FALSE,,China Hong Kong
2011,"Sound Effects, Foley, Dialogue and ADR for Foreign Language Feature Film",Battle of Warsaw 1920,FALSE,Aleksandra Pniak,sound editor,TRUE,,Poland
2011,"Sound Effects, Foley, Dialogue and ADR for Foreign Language Feature Film",Battle of Warsaw 1920,FALSE,Filip Krzemien,dialogue editor,TRUE,,Poland
2011,"Sound Effects, Foley, Dialogue and ADR for Foreign Language Feature Film",Battle of Warsaw 1920,FALSE,Henryk Zastrózny,foley artist,FALSE,,Poland
2011,"Sound Effects, Foley, Dialogue and ADR for Foreign Language Feature Film",Battle of Warsaw 1920,FALSE,Jacek Pajak,foley artist,FALSE,,Poland
2011,"Sound Effects, Foley, Dialogue and ADR for Foreign Language Feature Film",Battle of Warsaw 1920,FALSE,Jan Grabos,foley editor,FALSE,,Poland
2011,"Sound Effects, Foley, Dialogue and ADR for Foreign Language Feature Film",Battle of Warsaw 1920,FALSE,Kacper Habisiak,sound designer,FALSE,,Poland
2011,"Sound Effects, Foley, Dialogue and ADR for Foreign Language Feature Film",Battle of Warsaw 1920,FALSE,Krzysztof Jastrzab,foley editor,TRUE,,Poland
2011,"Sound Effects, Foley, Dialogue and ADR for Foreign Language Feature Film",Battle of Warsaw 1920,FALSE,Krzysztof Salwa,foley artist,FALSE,,Poland
2011,"Sound Effects, Foley, Dialogue and ADR for Foreign Language Feature Film",Battle of Warsaw 1920,FALSE,Maciej Tegi,sound designer,FALSE,,Poland
2011,"Sound Effects, Foley, Dialogue and ADR for Foreign Language Feature Film",Battle of Warsaw 1920,FALSE,Marcin Kasinski,adr editor,TRUE,,Poland
2011,"Sound Effects, Foley, Dialogue and ADR for Foreign Language Feature Film",Battle of Warsaw 1920,FALSE,Marcin Wolak,foley artist,FALSE,,Poland
2011,"Sound Effects, Foley, Dialogue and ADR for Foreign Language Feature Film",Battle of Warsaw 1920,FALSE,Mateusz Irisik,foley artist,FALSE,,Poland
2011,"Sound Effects, Foley, Dialogue and ADR for Foreign Language Feature Film",Battle of Warsaw 1920,FALSE,Waclaw Pilkowski,sound editor,TRUE,,Poland
2011,"Sound Effects, Foley, Dialogue and ADR for Foreign Language Feature Film",Circumstance,FALSE,Glenn T. Morgan,sound editor,TRUE,,France Iran United States
2011,"Sound Effects, Foley, Dialogue and ADR for Foreign Language Feature Film",Circumstance,FALSE,Mathew Waters,sound editor,TRUE,,France Iran United States
2011,"Sound Effects, Foley, Dialogue and ADR for Foreign Language Feature Film",Elite Squad: The Enemy Within,FALSE,Alessandro Laroca,sound editor,TRUE,,Brazil
2011,"Sound Effects, Foley, Dialogue and ADR for Foreign Language Feature Film",Elite Squad: The Enemy Within,FALSE,Anderson Tieta,sound effects editor,FALSE,,Brazil
2011,"Sound Effects, Foley, Dialogue and ADR for Foreign Language Feature Film",Elite Squad: The Enemy Within,FALSE,Andre Azoubel,foley editor,TRUE,,Brazil
2011,"Sound Effects, Foley, Dialogue and ADR for Foreign Language Feature Film",Elite Squad: The Enemy Within,FALSE,Andressa Cor,sound effects editor,FALSE,,Brazil
2011,"Sound Effects, Foley, Dialogue and ADR for Foreign Language Feature Film",Elite Squad: The Enemy Within,FALSE,Débora Opolski,dialogue,TRUE,,Brazil
2011,"Sound Effects, Foley, Dialogue and ADR for Foreign Language Feature Film",Elite Squad: The Enemy Within,FALSE,Débora Opolski,adr editor,FALSE,,Brazil
2011,"Sound Effects, Foley, Dialogue and ADR for Foreign Language Feature Film",Elite Squad: The Enemy Within,FALSE,Eduardo Virmond Lima,sound designer,FALSE,,Brazil
2011,"Sound Effects, Foley, Dialogue and ADR for Foreign Language Feature Film",Elite Squad: The Enemy Within,FALSE,Henrique Bertol,dialogue,FALSE,,Brazil
2011,"Sound Effects, Foley, Dialogue and ADR for Foreign Language Feature Film",Elite Squad: The Enemy Within,FALSE,Henrique Bertol,adr editor,FALSE,,Brazil
2011,"Sound Effects, Foley, Dialogue and ADR for Foreign Language Feature Film",Elite Squad: The Enemy Within,FALSE,Lilian Nakahodo,sound effects editor,FALSE,,Brazil
2011,"Sound Effects, Foley, Dialogue and ADR for Foreign Language Feature Film",Elite Squad: The Enemy Within,FALSE,Priscila Pereira,sound effects editor,FALSE,,Brazil
2011,"Sound Effects, Foley, Dialogue and ADR for Foreign Language Feature Film",Elite Squad: The Enemy Within,FALSE,Roger Hands,foley artist,FALSE,,Brazil
2011,"Sound Effects, Foley, Dialogue and ADR for Foreign Language Feature Film",In the Land of Blood and Honey,FALSE,Andy Malcolm,foley artist,FALSE,,United States
2011,"Sound Effects, Foley, Dialogue and ADR for Foreign Language Feature Film",In the Land of Blood and Honey,FALSE,Becky Sullivan,sound editor,TRUE,,United States
2011,"Sound Effects, Foley, Dialogue and ADR for Foreign Language Feature Film",In the Land of Blood and Honey,FALSE,Ben Wilkins,sound editor,FALSE,,United States
2011,"Sound Effects, Foley, Dialogue and ADR for Foreign Language Feature Film",In the Land of Blood and Honey,FALSE,Gayle Wesley,sound editor,FALSE,,United States
2011,"Sound Effects, Foley, Dialogue and ADR for Foreign Language Feature Film",In the Land of Blood and Honey,FALSE,Glynna Grimala,sound editor,FALSE,,United States
2011,"Sound Effects, Foley, Dialogue and ADR for Foreign Language Feature Film",In the Land of Blood and Honey,FALSE,Goro Koyama,foley artist,FALSE,,United States
2011,"Sound Effects, Foley, Dialogue and ADR for Foreign Language Feature Film",In the Land of Blood and Honey,FALSE,Hector C. Gika,sound editor,FALSE,,United States
2011,"Sound Effects, Foley, Dialogue and ADR for Foreign Language Feature Film",In the Land of Blood and Honey,FALSE,Michael Hertlein,sound editor,FALSE,,United States
2011,"Sound Effects, Foley, Dialogue and ADR for Foreign Language Feature Film",Sarah's Key,FALSE,Alexandre Fleurant,sound editor,TRUE,,France
2011,"Sound Effects, Foley, Dialogue and ADR for Foreign Language Feature Film",Sarah's Key,FALSE,Bruno Seznec,sound editor,TRUE,,France
2011,"Sound Effects, Foley, Dialogue and ADR for Foreign Language Feature Film",Sarah's Key,FALSE,Fabien Devillers,dialogue,TRUE,,France
2011,"Sound Effects, Foley, Dialogue and ADR for Foreign Language Feature Film",Sarah's Key,FALSE,Fabien Devillers,adr editor,FALSE,,France
2011,"Sound Effects, Foley, Dialogue and ADR for Foreign Language Feature Film",Sarah's Key,FALSE,Florian Fabre,foley artist,FALSE,,France
2011,"Sound Effects, Foley, Dialogue and ADR for Foreign Language Feature Film",Sarah's Key,FALSE,Sébastien Marquilly,sound designer,FALSE,,France
2011,"Sound Effects, Foley, Dialogue and ADR for Foreign Language Feature Film",The Skin I Live In,FALSE,Álex F. Capilla,foley artist,FALSE,,Spain
2011,"Sound Effects, Foley, Dialogue and ADR for Foreign Language Feature Film",The Skin I Live In,FALSE,César Molina,dialogue editor,TRUE,,Spain
2011,"Sound Effects, Foley, Dialogue and ADR for Foreign Language Feature Film",The Skin I Live In,FALSE,Eduardo Castro,sound designer,FALSE,,Spain
2011,"Sound Effects, Foley, Dialogue and ADR for Foreign Language Feature Film",The Skin I Live In,FALSE,Marc Orts,sound designer,FALSE,,Spain
2011,"Sound Effects, Foley, Dialogue and ADR for Foreign Language Feature Film",The Skin I Live In,FALSE,Pelayo Gutiérrez,sound editor,TRUE,,Spain
2010,Dialogue and ADR for Feature Film,The Social Network,TRUE,Jeremy Molod,assistant sound editor,TRUE,Sound Editing,
2010,Dialogue and ADR for Feature Film,The Social Network,TRUE,Malcolm Fife,dialogue editor,TRUE,Sound Editing,
2010,Dialogue and ADR for Feature Film,The Social Network,TRUE,Ren Klyce,sound editor,TRUE,Sound Editing,
2010,Dialogue and ADR for Feature Film,The Social Network,TRUE,Richard Quinn,adr editor,TRUE,Sound Editing,
2010,Dialogue and ADR for Feature Film,Black Swan,FALSE,Craig Henighan,sound editor,TRUE,Sound Editing,
2010,Dialogue and ADR for Feature Film,Black Swan,FALSE,Craig Henighan,adr editor,FALSE,Sound Editing,
2010,Dialogue and ADR for Feature Film,Black Swan,FALSE,Jill Purdy,dialogue,TRUE,Sound Editing,
2010,Dialogue and ADR for Feature Film,Black Swan,FALSE,Nelson Ferreira,dialogue editor,FALSE,Sound Editing,
2010,Dialogue and ADR for Feature Film,Harry Potter and the Deathly Hallows – Part 1,FALSE,Bjorn Ole Schroeder,dialogue editor,TRUE,Sound Editing,
2010,Dialogue and ADR for Feature Film,Harry Potter and the Deathly Hallows – Part 1,FALSE,Daniel Laurie,adr editor,TRUE,Sound Editing,
2010,Dialogue and ADR for Feature Film,Harry Potter and the Deathly Hallows – Part 1,FALSE,James Mather,sound editor,TRUE,Sound Editing,
2010,Dialogue and ADR for Feature Film,Inception,FALSE,Hugo Weng,dialogue editor,TRUE,Sound Editing,
2010,Dialogue and ADR for Feature Film,Inception,FALSE,R.J. Kizer,adr editor,TRUE,Sound Editing,
2010,Dialogue and ADR for Feature Film,Inception,FALSE,Richard King,sound editor,TRUE,Sound Editing,
2010,Dialogue and ADR for Feature Film,The Kids Are All Right,FALSE,Elmo Weber,sound editor,TRUE,Sound Editing,
2010,Dialogue and ADR for Feature Film,The Kids Are All Right,FALSE,Frank Gaeta,sound editor,TRUE,Sound Editing,
2010,Dialogue and ADR for Feature Film,The Kids Are All Right,FALSE,Frank Gaeta,dialogue,TRUE,Sound Editing,
2010,Dialogue and ADR for Feature Film,The Kids Are All Right,FALSE,Frank Gaeta,adr editor,FALSE,Sound Editing,
2010,Dialogue and ADR for Feature Film,The King's Speech,FALSE,Andre Schmidt,dialogue editor,TRUE,Sound Editing,
2010,Dialogue and ADR for Feature Film,The King's Speech,FALSE,Lee Walpole,sound editor,TRUE,Sound Editing,
2010,Dialogue and ADR for Feature Film,The King's Speech,FALSE,Matthew Skelding,dialogue editor,FALSE,Sound Editing,
2010,Dialogue and ADR for Feature Film,Tron: Legacy,FALSE,Addison Teague,sound editor,TRUE,Sound Editing,
2010,Dialogue and ADR for Feature Film,Tron: Legacy,FALSE,Cheryl Nardi,dialogue editor,FALSE,Sound Editing,
2010,Dialogue and ADR for Feature Film,Tron: Legacy,FALSE,Gwendolyn Yates Whittle,sound editor,TRUE,Sound Editing,
2010,Dialogue and ADR for Feature Film,Tron: Legacy,FALSE,Gwendolyn Yates Whittle,adr editor,TRUE,Sound Editing,
2010,Dialogue and ADR for Feature Film,Tron: Legacy,FALSE,Gwendolyn Yates Whittle,adr editor,FALSE,Sound Editing,
2010,Dialogue and ADR for Feature Film,Tron: Legacy,FALSE,Michael Silvers,dialogue,FALSE,Sound Editing,
2010,Dialogue and ADR for Feature Film,Tron: Legacy,FALSE,Stuart McCowan,adr editor,FALSE,Sound Editing,
2010,Dialogue and ADR for Feature Film,True Grit,FALSE,Byron Wilson,dialogue,TRUE,Sound Editing,
2010,Dialogue and ADR for Feature Film,True Grit,FALSE,Katy Wood,dialogue editor,FALSE,Sound Editing,
2010,Dialogue and ADR for Feature Film,True Grit,FALSE,Kenton Jakub,adr editor,TRUE,Sound Editing,
2010,Dialogue and ADR for Feature Film,True Grit,FALSE,Skip Lievsay,sound editor,TRUE,Sound Editing,
2010,Dialogue and ADR for Feature Film,True Grit,FALSE,Skip Lievsay,adr editor,FALSE,Sound Editing,
2010,Feature Underscore,Inception,TRUE,Alex Gibson,music editor,TRUE,,
2010,Feature Underscore,Inception,TRUE,Ryan Rubin,music editor,FALSE,,
2010,Feature Underscore,Alice in Wonderland,FALSE,Bill Abbott,music editor,TRUE,,
2010,Feature Underscore,Alice in Wonderland,FALSE,Curtis Roush,music editor,FALSE,,
2010,Feature Underscore,Alice in Wonderland,FALSE,Denise Okimoto,music editor,FALSE,,
2010,Feature Underscore,Alice in Wonderland,FALSE,Michael Higham,music editor,TRUE,,
2010,Feature Underscore,Alice in Wonderland,FALSE,Ryan Rubin,music editor,FALSE,,
2010,Feature Underscore,Black Swan,FALSE,Nancy Allen,music editor,FALSE,,
2010,Feature Underscore,Get Low,FALSE,Christopher Kennedy,music editor,FALSE,,
2010,Feature Underscore,Harry Potter and the Deathly Hallows – Part 1,FALSE,Allan Jenkins,music editor,FALSE,,
2010,Feature Underscore,Harry Potter and the Deathly Hallows – Part 1,FALSE,Gerard McCann,music editor,TRUE,,
2010,Feature Underscore,Harry Potter and the Deathly Hallows – Part 1,FALSE,Kirsty Whalley,music editor,FALSE,,
2010,Feature Underscore,Harry Potter and the Deathly Hallows – Part 1,FALSE,Peter Clarke,music editor,FALSE,,
2010,Feature Underscore,Harry Potter and the Deathly Hallows – Part 1,FALSE,Robert Houston,music editor,FALSE,,
2010,Feature Underscore,Harry Potter and the Deathly Hallows – Part 1,FALSE,Stuart Morton,music editor,FALSE,,
2010,Feature Underscore,Let Me In,FALSE,Paul Apelgren,music editor,FALSE,,
2010,Feature Underscore,The Losers,FALSE,Shie Rozow,music editor,FALSE,,
2010,Feature Underscore,The Social Network,FALSE,Jonathon Stevens,music editor,TRUE,,
2010,Feature Underscore,The Social Network,FALSE,Marie Ebbing,music editor,FALSE,,
2010,Feature Underscore,The Social Network,FALSE,Ren Klyce,music editor,FALSE,,
2010,Musical for Feature Film,Country Strong,TRUE,Fernand Bos,music editor,TRUE,,
2010,Musical for Feature Film,Country Strong,TRUE,Philip Tallman,music editor,FALSE,,
2010,Musical for Feature Film,Burlesque,FALSE,Todd Bozung,music editor,TRUE,,
2010,Musical for Feature Film,Step Up 3D,FALSE,Melissa Muik,music editor,TRUE,,
2010,Musical for Feature Film,Tangled,FALSE,Tom MacDougall,music editor,TRUE,,
2010,Sound Effects and Foley for Feature Film,Inception,TRUE,Alyson Dee Moore,foley artist,FALSE,Sound Editing,
2010,Sound Effects and Foley for Feature Film,Inception,TRUE,Bruce Tanis,foley editor,FALSE,Sound Editing,
2010,Sound Effects and Foley for Feature Film,Inception,TRUE,Bryan O. Watkins,sound effects editor,FALSE,Sound Editing,
2010,Sound Effects and Foley for Feature Film,Inception,TRUE,Christopher Flick,foley editor,TRUE,Sound Editing,
2010,Sound Effects and Foley for Feature Film,Inception,TRUE,John Roesch,foley artist,FALSE,Sound Editing,
2010,Sound Effects and Foley for Feature Film,Inception,TRUE,Michael Babcock,sound effects editor,FALSE,Sound Editing,
2010,Sound Effects and Foley for Feature Film,Inception,TRUE,Michael W. Mitchell,sound effects editor,FALSE,Sound Editing,
2010,Sound Effects and Foley for Feature Film,Inception,TRUE,Paul Berolzheimer,sound effects editor,FALSE,Sound Editing,
2010,Sound Effects and Foley for Feature Film,Inception,TRUE,Richard King,sound editor,TRUE,Sound Editing,
2010,Sound Effects and Foley for Feature Film,Inception,TRUE,Richard King,sound designer,FALSE,Sound Editing,
2010,Sound Effects and Foley for Feature Film,127 Hours,FALSE,Ben Barker,sound design editor,FALSE,Sound Editing,
2010,Sound Effects and Foley for Feature Film,127 Hours,FALSE,Glenn Freemantle,sound editor,TRUE,Sound Editing,
2010,Sound Effects and Foley for Feature Film,127 Hours,FALSE,Glenn Freemantle,sound designer,FALSE,Sound Editing,
2010,Sound Effects and Foley for Feature Film,127 Hours,FALSE,Jon Olive,foley editor,FALSE,Sound Editing,
2010,Sound Effects and Foley for Feature Film,127 Hours,FALSE,Nicolas Becker,foley editor,FALSE,Sound Editing,
2010,Sound Effects and Foley for Feature Film,127 Hours,FALSE,Nicolas Becker,artist,FALSE,Sound Editing,
2010,Sound Effects and Foley for Feature Film,127 Hours,FALSE,Niv Adiri,sound design editor,FALSE,Sound Editing,
2010,Sound Effects and Foley for Feature Film,Black Swan,FALSE,Brian Emrich,sound designer,FALSE,Sound Editing,
2010,Sound Effects and Foley for Feature Film,Black Swan,FALSE,Craig Henighan,sound editor,TRUE,Sound Editing,
2010,Sound Effects and Foley for Feature Film,Black Swan,FALSE,Craig Henighan,sound designer,FALSE,Sound Editing,
2010,Sound Effects and Foley for Feature Film,Black Swan,FALSE,Steve Baine,foley artist,FALSE,Sound Editing,
2010,Sound Effects and Foley for Feature Film,Black Swan,FALSE,Wayne Lemmer,sound editor,FALSE,Sound Editing,
2010,Sound Effects and Foley for Feature Film,Iron Man 2,FALSE,Andrea Gard,foley editor,FALSE,Sound Editing,
2010,Sound Effects and Foley for Feature Film,Iron Man 2,FALSE,Christopher Boyes,sound editor,TRUE,Sound Editing,
2010,Sound Effects and Foley for Feature Film,Iron Man 2,FALSE,Christopher Boyes,sound designer,FALSE,Sound Editing,
2010,Sound Effects and Foley for Feature Film,Iron Man 2,FALSE,Dennie Thorpe,foley artist,FALSE,Sound Editing,
2010,Sound Effects and Foley for Feature Film,Iron Man 2,FALSE,Frank E. Eulner,sound editor,TRUE,Sound Editing,
2010,Sound Effects and Foley for Feature Film,Iron Man 2,FALSE,J.R. Grubbs,sound effects editor,FALSE,Sound Editing,
2010,Sound Effects and Foley for Feature Film,Iron Man 2,FALSE,James Likowski,foley editor,TRUE,Sound Editing,
2010,Sound Effects and Foley for Feature Film,Iron Man 2,FALSE,Jana Vance,foley artist,FALSE,Sound Editing,
2010,Sound Effects and Foley for Feature Film,Iron Man 2,FALSE,Ken Fischer,sound effects editor,FALSE,Sound Editing,
2010,Sound Effects and Foley for Feature Film,Iron Man 2,FALSE,Kyrsten Mate,sound effects editor,FALSE,Sound Editing,
2010,Sound Effects and Foley for Feature Film,Iron Man 2,FALSE,Luke Dunn Gielmuda,foley editor,FALSE,Sound Editing,
2010,Sound Effects and Foley for Feature Film,Iron Man 2,FALSE,Robert Shoup,foley editor,FALSE,Sound Editing,
2010,Sound Effects and Foley for Feature Film,Iron Man 2,FALSE,Scott Guitteau,sound effects editor,FALSE,Sound Editing,
2010,Sound Effects and Foley for Feature Film,Salt,FALSE,Dan O'Connell,foley artist,FALSE,Sound Editing,
2010,Sound Effects and Foley for Feature Film,Salt,FALSE,Frank Kern,foley editor,TRUE,Sound Editing,
2010,Sound Effects and Foley for Feature Film,Salt,FALSE,Marko A. Costanzo,foley artist,FALSE,Sound Editing,
2010,Sound Effects and Foley for Feature Film,Salt,FALSE,Paul Hsu,sound editor,TRUE,Sound Editing,
2010,Sound Effects and Foley for Feature Film,Salt,FALSE,Philip Stockton,sound editor,TRUE,Sound Editing,
2010,Sound Effects and Foley for Feature Film,Salt,FALSE,Warren Shaw,sound editor,TRUE,Sound Editing,
2010,Sound Effects and Foley for Feature Film,Tron: Legacy,FALSE,Adam Kopald,sound effects editor,FALSE,Sound Editing,
2010,Sound Effects and Foley for Feature Film,Tron: Legacy,FALSE,Addison Teague,sound editor,TRUE,Sound Editing,
2010,Sound Effects and Foley for Feature Film,Tron: Legacy,FALSE,Brian Chumney,foley editor,FALSE,Sound Editing,
2010,Sound Effects and Foley for Feature Film,Tron: Legacy,FALSE,Christopher Boyes,sound designer,FALSE,Sound Editing,
2010,Sound Effects and Foley for Feature Film,Tron: Legacy,FALSE,Christopher Scarabosio,sound effects editor,FALSE,Sound Editing,
2010,Sound Effects and Foley for Feature Film,Tron: Legacy,FALSE,Dennie Thorpe,foley artist,FALSE,Sound Editing,
2010,Sound Effects and Foley for Feature Film,Tron: Legacy,FALSE,Gwendolyn Yates Whittle,sound editor,TRUE,Sound Editing,
2010,Sound Effects and Foley for Feature Film,Tron: Legacy,FALSE,Jana Vance,foley artist,FALSE,Sound Editing,
2010,Sound Effects and Foley for Feature Film,Tron: Legacy,FALSE,Jonathan Null,foley editor,TRUE,Sound Editing,
2010,Sound Effects and Foley for Feature Film,Tron: Legacy,FALSE,Josh Gold,sound effects editor,FALSE,Sound Editing,
2010,Sound Effects and Foley for Feature Film,Tron: Legacy,FALSE,Ken Fischer,sound effects editor,FALSE,Sound Editing,
2010,Sound Effects and Foley for Feature Film,Tron: Legacy,FALSE,Kyrsten Mate,sound effects editor,FALSE,Sound Editing,
2010,Sound Effects and Foley for Feature Film,Tron: Legacy,FALSE,Mac Smith,sound effects editor,FALSE,Sound Editing,
2010,Sound Effects and Foley for Feature Film,Tron: Legacy,FALSE,Steve Boeddeker,sound designer,FALSE,Sound Editing,
2010,Sound Effects and Foley for Feature Film,Tron: Legacy,FALSE,Teresa Eckton,sound effects editor,FALSE,Sound Editing,
2010,Sound Effects and Foley for Feature Film,Tron: Legacy,FALSE,Warren Hendriks,sound effects editor,FALSE,Sound Editing,
2010,Sound Effects and Foley for Feature Film,True Grit,FALSE,Bob Beher,foley editor,FALSE,Sound Editing,
2010,Sound Effects and Foley for Feature Film,True Grit,FALSE,Craig Berkey,sound designer,FALSE,Sound Editing,
2010,Sound Effects and Foley for Feature Film,True Grit,FALSE,Jay Wilkinson,sound effects editor,FALSE,Sound Editing,
2010,Sound Effects and Foley for Feature Film,True Grit,FALSE,Joel Dougherty,foley editor,TRUE,Sound Editing,
2010,Sound Effects and Foley for Feature Film,True Grit,FALSE,Marko A. Costanzo,foley editor,FALSE,Sound Editing,
2010,Sound Effects and Foley for Feature Film,True Grit,FALSE,Skip Lievsay,sound editor,TRUE,Sound Editing,
2010,Sound Effects and Foley for Feature Film,Unstoppable,FALSE,Alan Rankin,sound designer,FALSE,Sound Editing,
2010,Sound Effects and Foley for Feature Film,Unstoppable,FALSE,Ann Scibelli,sound designer,FALSE,Sound Editing,
2010,Sound Effects and Foley for Feature Film,Unstoppable,FALSE,Catherine Harper,foley artist,FALSE,Sound Editing,
2010,Sound Effects and Foley for Feature Film,Unstoppable,FALSE,Christopher Assells,sound effects editor,FALSE,Sound Editing,
2010,Sound Effects and Foley for Feature Film,Unstoppable,FALSE,Christopher Moriana,foley artist,FALSE,Sound Editing,
2010,Sound Effects and Foley for Feature Film,Unstoppable,FALSE,Dan O'Connell,foley artist,FALSE,Sound Editing,
2010,Sound Effects and Foley for Feature Film,Unstoppable,FALSE,Dino Dimuro,sound effects editor,FALSE,Sound Editing,
2010,Sound Effects and Foley for Feature Film,Unstoppable,FALSE,Gary A. Hecker,foley artist,FALSE,Sound Editing,
2010,Sound Effects and Foley for Feature Film,Unstoppable,FALSE,Hector C. Gika,sound effects editor,FALSE,Sound Editing,
2010,Sound Effects and Foley for Feature Film,Unstoppable,FALSE,Mark P. Stoeckinger,sound editor,TRUE,Sound Editing,
2010,"Sound Effects, Foley, Dialogue and ADR for Animated Feature Film",How to Train Your Dragon,TRUE,Al Nelson,sound designer,FALSE,,
2010,"Sound Effects, Foley, Dialogue and ADR for Animated Feature Film",How to Train Your Dragon,TRUE,Andrea Gard,foley editor,FALSE,,
2010,"Sound Effects, Foley, Dialogue and ADR for Animated Feature Film",How to Train Your Dragon,TRUE,Chris Gridley,dialogue editor,TRUE,,
2010,"Sound Effects, Foley, Dialogue and ADR for Animated Feature Film",How to Train Your Dragon,TRUE,Colette D. Dahanne,sound effects editor,FALSE,,
2010,"Sound Effects, Foley, Dialogue and ADR for Animated Feature Film",How to Train Your Dragon,TRUE,Dennie Thorpe,foley artist,FALSE,,
2010,"Sound Effects, Foley, Dialogue and ADR for Animated Feature Film",How to Train Your Dragon,TRUE,Jana Vance,foley artist,FALSE,,
2010,"Sound Effects, Foley, Dialogue and ADR for Animated Feature Film",How to Train Your Dragon,TRUE,Jonathan Null,sound editor,TRUE,,
2010,"Sound Effects, Foley, Dialogue and ADR for Animated Feature Film",How to Train Your Dragon,TRUE,Josh Gold,sound effects editor,FALSE,,
2010,"Sound Effects, Foley, Dialogue and ADR for Animated Feature Film",How to Train Your Dragon,TRUE,Pascal Garneau,foley editor,TRUE,,
2010,"Sound Effects, Foley, Dialogue and ADR for Animated Feature Film",How to Train Your Dragon,TRUE,Pete Horner,sound effects editor,FALSE,,
2010,"Sound Effects, Foley, Dialogue and ADR for Animated Feature Film",How to Train Your Dragon,TRUE,Randy Thom,sound editor,TRUE,,
2010,"Sound Effects, Foley, Dialogue and ADR for Animated Feature Film",How to Train Your Dragon,TRUE,Randy Thom,sound designer,FALSE,,
2010,"Sound Effects, Foley, Dialogue and ADR for Animated Feature Film",How to Train Your Dragon,TRUE,Richard Quinn,adr editor,FALSE,,
2010,"Sound Effects, Foley, Dialogue and ADR for Animated Feature Film",How to Train Your Dragon,TRUE,Sue Fox,foley editor,FALSE,,
2010,"Sound Effects, Foley, Dialogue and ADR for Animated Feature Film",Despicable Me,FALSE,Christopher Barnett,adr editor,FALSE,,
2010,"Sound Effects, Foley, Dialogue and ADR for Animated Feature Film",Despicable Me,FALSE,Christopher Scarabosio,sound editor,TRUE,,
2010,"Sound Effects, Foley, Dialogue and ADR for Animated Feature Film",Despicable Me,FALSE,Christopher Scarabosio,sound designer,FALSE,,
2010,"Sound Effects, Foley, Dialogue and ADR for Animated Feature Film",Despicable Me,FALSE,Daniel Laurie,adr editor,TRUE,,
2010,"Sound Effects, Foley, Dialogue and ADR for Animated Feature Film",Despicable Me,FALSE,David C. Hughes,sound effects editor,FALSE,,
2010,"Sound Effects, Foley, Dialogue and ADR for Animated Feature Film",Despicable Me,FALSE,Dennis Leonard,sound editor,TRUE,,
2010,"Sound Effects, Foley, Dialogue and ADR for Animated Feature Film",Despicable Me,FALSE,Jeremy Bowker,sound effects editor,FALSE,,
2010,"Sound Effects, Foley, Dialogue and ADR for Animated Feature Film",Despicable Me,FALSE,Larry Oatfield,foley editor,FALSE,,
2010,"Sound Effects, Foley, Dialogue and ADR for Animated Feature Film",Despicable Me,FALSE,Luke Dunn Gielmuda,foley editor,TRUE,,
2010,"Sound Effects, Foley, Dialogue and ADR for Animated Feature Film",Despicable Me,FALSE,Michael Lyle,foley artist,FALSE,,
2010,"Sound Effects, Foley, Dialogue and ADR for Animated Feature Film",Despicable Me,FALSE,Sean England,foley artist,FALSE,,
2010,"Sound Effects, Foley, Dialogue and ADR for Animated Feature Film",Despicable Me,FALSE,Steve Bissinger,sound effects editor,FALSE,,
2010,"Sound Effects, Foley, Dialogue and ADR for Animated Feature Film",Legend of the Guardians: The Owls of Ga'Hoole,FALSE,Andrew Miller,sound effects editor,FALSE,,
2010,"Sound Effects, Foley, Dialogue and ADR for Animated Feature Film",Legend of the Guardians: The Owls of Ga'Hoole,FALSE,Damian Candusso,sound effects editor,FALSE,,
2010,"Sound Effects, Foley, Dialogue and ADR for Animated Feature Film",Legend of the Guardians: The Owls of Ga'Hoole,FALSE,Damon Mouris,sound effects editor,FALSE,,
2010,"Sound Effects, Foley, Dialogue and ADR for Animated Feature Film",Legend of the Guardians: The Owls of Ga'Hoole,FALSE,Derryn Pasquill,dialogue editor,FALSE,,
2010,"Sound Effects, Foley, Dialogue and ADR for Animated Feature Film",Legend of the Guardians: The Owls of Ga'Hoole,FALSE,Fabian Sanjurjo,sound effects editor,TRUE,,
2010,"Sound Effects, Foley, Dialogue and ADR for Animated Feature Film",Legend of the Guardians: The Owls of Ga'Hoole,FALSE,Jenny T. Ward,dialogue editor,FALSE,,
2010,"Sound Effects, Foley, Dialogue and ADR for Animated Feature Film",Legend of the Guardians: The Owls of Ga'Hoole,FALSE,John Simpson,foley editor,TRUE,,
2010,"Sound Effects, Foley, Dialogue and ADR for Animated Feature Film",Legend of the Guardians: The Owls of Ga'Hoole,FALSE,Lisa Simpson,foley editor,FALSE,,
2010,"Sound Effects, Foley, Dialogue and ADR for Animated Feature Film",Legend of the Guardians: The Owls of Ga'Hoole,FALSE,Martin Kwok,dialogue editor,FALSE,,
2010,"Sound Effects, Foley, Dialogue and ADR for Animated Feature Film",Legend of the Guardians: The Owls of Ga'Hoole,FALSE,Nick Breslin,sound effects editor,FALSE,,
2010,"Sound Effects, Foley, Dialogue and ADR for Animated Feature Film",Legend of the Guardians: The Owls of Ga'Hoole,FALSE,Paul Huntingford,dialogue editor,FALSE,,
2010,"Sound Effects, Foley, Dialogue and ADR for Animated Feature Film",Legend of the Guardians: The Owls of Ga'Hoole,FALSE,Polly McKinnon,dialogue editor,TRUE,,
2010,"Sound Effects, Foley, Dialogue and ADR for Animated Feature Film",Legend of the Guardians: The Owls of Ga'Hoole,FALSE,Rick Lisle,sound effects editor,FALSE,,
2010,"Sound Effects, Foley, Dialogue and ADR for Animated Feature Film",Legend of the Guardians: The Owls of Ga'Hoole,FALSE,Wayne Pashley,sound,TRUE,,
2010,"Sound Effects, Foley, Dialogue and ADR for Animated Feature Film",Legend of the Guardians: The Owls of Ga'Hoole,FALSE,Wayne Pashley,adr editor,FALSE,,
2010,"Sound Effects, Foley, Dialogue and ADR for Animated Feature Film",Legend of the Guardians: The Owls of Ga'Hoole,FALSE,Wayne Pashley,sound designer,FALSE,,
2010,"Sound Effects, Foley, Dialogue and ADR for Animated Feature Film",Tangled,FALSE,Ai-Ling Lee,sound designer,FALSE,,
2010,"Sound Effects, Foley, Dialogue and ADR for Animated Feature Film",Tangled,FALSE,Alyson Dee Moore,foley artist,FALSE,,
2010,"Sound Effects, Foley, Dialogue and ADR for Animated Feature Film",Tangled,FALSE,Cameron Frankley,sound editor,TRUE,,
2010,"Sound Effects, Foley, Dialogue and ADR for Animated Feature Film",Tangled,FALSE,David V. Butler,dialogue editor,TRUE,,
2010,"Sound Effects, Foley, Dialogue and ADR for Animated Feature Film",Tangled,FALSE,Jason W. Jennings,sound designer,FALSE,,
2010,"Sound Effects, Foley, Dialogue and ADR for Animated Feature Film",Tangled,FALSE,John Roesch,foley artist,FALSE,,
2010,"Sound Effects, Foley, Dialogue and ADR for Animated Feature Film",Tangled,FALSE,Jon Michaels,foley editor,TRUE,,
2010,"Sound Effects, Foley, Dialogue and ADR for Animated Feature Film",Tangled,FALSE,Lee Gilmore,foley editor,FALSE,,
2010,"Sound Effects, Foley, Dialogue and ADR for Animated Feature Film",Tangled,FALSE,Petra Bach,adr editor,TRUE,,
2010,"Sound Effects, Foley, Dialogue and ADR for Animated Feature Film",The Illusionist,FALSE,François Lepeuple,foley artist,FALSE,,
2010,"Sound Effects, Foley, Dialogue and ADR for Animated Feature Film",The Illusionist,FALSE,Jean Goudier,sound editor,TRUE,,
2010,"Sound Effects, Foley, Dialogue and ADR for Animated Feature Film",The Illusionist,FALSE,Jean Goudier,sound designer,FALSE,,
2010,"Sound Effects, Foley, Dialogue and ADR for Animated Feature Film",The Illusionist,FALSE,Laurent Lévy,foley artist,FALSE,,
2010,"Sound Effects, Foley, Dialogue and ADR for Animated Feature Film",Toy Story 3,FALSE,Al Nelson,sound effects editor,FALSE,,
2010,"Sound Effects, Foley, Dialogue and ADR for Animated Feature Film",Toy Story 3,FALSE,Dee Selby,foley editor,FALSE,,
2010,"Sound Effects, Foley, Dialogue and ADR for Animated Feature Film",Toy Story 3,FALSE,Dennie Thorpe,foley artist,FALSE,,
2010,"Sound Effects, Foley, Dialogue and ADR for Animated Feature Film",Toy Story 3,FALSE,Dustin Cawood,sound effects editor,FALSE,,
2010,"Sound Effects, Foley, Dialogue and ADR for Animated Feature Film",Toy Story 3,FALSE,Gwendolyn Yates Whittle,adr editor,FALSE,,
2010,"Sound Effects, Foley, Dialogue and ADR for Animated Feature Film",Toy Story 3,FALSE,Jana Vance,foley artist,FALSE,,
2010,"Sound Effects, Foley, Dialogue and ADR for Animated Feature Film",Toy Story 3,FALSE,Michael Silvers,sound,TRUE,,
2010,"Sound Effects, Foley, Dialogue and ADR for Animated Feature Film",Toy Story 3,FALSE,Michael Silvers,adr editor,FALSE,,
2010,"Sound Effects, Foley, Dialogue and ADR for Animated Feature Film",Toy Story 3,FALSE,Pascal Garneau,foley editor,TRUE,,
2010,"Sound Effects, Foley, Dialogue and ADR for Animated Feature Film",Toy Story 3,FALSE,Steve Slanec,adr editor,FALSE,,
2010,"Sound Effects, Foley, Dialogue and ADR for Animated Feature Film",Toy Story 3,FALSE,Teresa Eckton,sound effects editor,FALSE,,
2010,"Sound Effects, Foley, Dialogue and ADR for Animated Feature Film",Toy Story 3,FALSE,Tim Nielsen,sound effects editor,FALSE,,
2010,"Sound Effects, Foley, Dialogue and ADR for Animated Feature Film",Toy Story 3,FALSE,Tom Myers,sound editor,TRUE,,
2010,"Sound Effects, Foley, Dialogue and ADR for Animated Feature Film",Toy Story 3,FALSE,Tom Myers,sound designer,FALSE,,
2010,"Sound Effects, Foley, Dialogue and ADR for Foreign Language Feature Film",Micmacs,TRUE,Alain Lévy,adr editor,TRUE,,France
2010,"Sound Effects, Foley, Dialogue and ADR for Foreign Language Feature Film",Micmacs,TRUE,Gérard Hardy,sound editor,TRUE,,France
2010,"Sound Effects, Foley, Dialogue and ADR for Foreign Language Feature Film",Micmacs,TRUE,Jean-Pierre Lelong,foley editor,TRUE,,France
2010,"Sound Effects, Foley, Dialogue and ADR for Foreign Language Feature Film",Micmacs,TRUE,Marilena Cavola,dialogue editor,TRUE,,France
2010,"Sound Effects, Foley, Dialogue and ADR for Foreign Language Feature Film",Micmacs,TRUE,Nicolas Becker,foley artist,FALSE,,France
2010,"Sound Effects, Foley, Dialogue and ADR for Foreign Language Feature Film",Micmacs,TRUE,Selim Azzazi,sound editor,TRUE,,France
2010,"Sound Effects, Foley, Dialogue and ADR for Foreign Language Feature Film",Micmacs,TRUE,Selim Azzazi,sound designer,FALSE,,France
2010,"Sound Effects, Foley, Dialogue and ADR for Foreign Language Feature Film",Biutiful,FALSE,Alejandro Quevedo,sound designer,FALSE,,Mexico Spain
2010,"Sound Effects, Foley, Dialogue and ADR for Foreign Language Feature Film",Biutiful,FALSE,Álex F. Capilla,dialogue editor,FALSE,,Mexico Spain
2010,"Sound Effects, Foley, Dialogue and ADR for Foreign Language Feature Film",Biutiful,FALSE,Arturo Zarate,dialogue,TRUE,,Mexico Spain
2010,"Sound Effects, Foley, Dialogue and ADR for Foreign Language Feature Film",Biutiful,FALSE,Arturo Zarate,adr editor,FALSE,,Mexico Spain
2010,"Sound Effects, Foley, Dialogue and ADR for Foreign Language Feature Film",Biutiful,FALSE,James Moriana,foley artist,FALSE,,Mexico Spain
2010,"Sound Effects, Foley, Dialogue and ADR for Foreign Language Feature Film",Biutiful,FALSE,Jeffrey Wilhoit,foley artist,FALSE,,Mexico Spain
2010,"Sound Effects, Foley, Dialogue and ADR for Foreign Language Feature Film",Biutiful,FALSE,Martin Hernández,sound,TRUE,,Mexico Spain
2010,"Sound Effects, Foley, Dialogue and ADR for Foreign Language Feature Film",Biutiful,FALSE,Martin Hernández,foley editor,FALSE,,Mexico Spain
2010,"Sound Effects, Foley, Dialogue and ADR for Foreign Language Feature Film",Biutiful,FALSE,Martin Hernández,sound designer,FALSE,,Mexico Spain
2010,"Sound Effects, Foley, Dialogue and ADR for Foreign Language Feature Film",Biutiful,FALSE,Roland N. Thai,sound effects editor,FALSE,,Mexico Spain
2010,"Sound Effects, Foley, Dialogue and ADR for Foreign Language Feature Film",Biutiful,FALSE,Vanesa Lorena Tate,adr editor,TRUE,,Mexico Spain
2010,"Sound Effects, Foley, Dialogue and ADR for Foreign Language Feature Film",Lebanon,FALSE,Alex Claude,sound designer,FALSE,,Israel United Kingdom France Germany
2010,"Sound Effects, Foley, Dialogue and ADR for Foreign Language Feature Film",Lebanon,FALSE,Jan Petzold,sound effects editor,FALSE,,Israel United Kingdom France Germany
2010,"Sound Effects, Foley, Dialogue and ADR for Foreign Language Feature Film",Lebanon,FALSE,John Purcell,dialogue,FALSE,,Israel United Kingdom France Germany
2010,"Sound Effects, Foley, Dialogue and ADR for Foreign Language Feature Film",Lebanon,FALSE,Sebastian Pohle,foley editor,FALSE,,Israel United Kingdom France Germany
2010,"Sound Effects, Foley, Dialogue and ADR for Foreign Language Feature Film",Lebanon,FALSE,Stephan Colli,sound editor,TRUE,,Israel United Kingdom France Germany
2010,"Sound Effects, Foley, Dialogue and ADR for Foreign Language Feature Film",Lebanon,FALSE,Stephan Colli,adr editor,FALSE,,Israel United Kingdom France Germany
2010,"Sound Effects, Foley, Dialogue and ADR for Foreign Language Feature Film",Lebanon,FALSE,Wilmont Schulze,foley artist,FALSE,,Israel United Kingdom France Germany
2010,"Sound Effects, Foley, Dialogue and ADR for Foreign Language Feature Film",Mother,FALSE,Chung-gyu Lee,foley artist,FALSE,,South Korea
2010,"Sound Effects, Foley, Dialogue and ADR for Foreign Language Feature Film",Mother,FALSE,Hye Young Kang,sound designer,FALSE,,South Korea
2010,"Sound Effects, Foley, Dialogue and ADR for Foreign Language Feature Film",Mother,FALSE,Tae-young Choi,sound editor,TRUE,,South Korea
2010,"Sound Effects, Foley, Dialogue and ADR for Foreign Language Feature Film",Mother,FALSE,Ye-jin Cho,sound designer,FALSE,,South Korea
2010,"Sound Effects, Foley, Dialogue and ADR for Foreign Language Feature Film",North Face,FALSE,Alexander Buck,dialogue editor,FALSE,,Germany
2010,"Sound Effects, Foley, Dialogue and ADR for Foreign Language Feature Film",North Face,FALSE,Alexander Vitt,sound editor,FALSE,,Germany
2010,"Sound Effects, Foley, Dialogue and ADR for Foreign Language Feature Film",North Face,FALSE,Anja-Corinne Welter,adr editor,FALSE,,Germany
2010,"Sound Effects, Foley, Dialogue and ADR for Foreign Language Feature Film",North Face,FALSE,Carsten Richter,foley artist,FALSE,,Germany
2010,"Sound Effects, Foley, Dialogue and ADR for Foreign Language Feature Film",North Face,FALSE,Guido Zettier,sound editor,TRUE,,Germany
2010,"Sound Effects, Foley, Dialogue and ADR for Foreign Language Feature Film",North Face,FALSE,Guido Zettier,sound designer,FALSE,,Germany
2010,"Sound Effects, Foley, Dialogue and ADR for Foreign Language Feature Film",North Face,FALSE,Klaus Waßen-Floren,foley editor,FALSE,,Germany
2010,"Sound Effects, Foley, Dialogue and ADR for Foreign Language Feature Film",North Face,FALSE,Laura Plock,foley editor,FALSE,,Germany
2010,"Sound Effects, Foley, Dialogue and ADR for Foreign Language Feature Film",North Face,FALSE,Stephan Fandrych,adr editor,FALSE,,Germany
2010,"Sound Effects, Foley, Dialogue and ADR for Foreign Language Feature Film",North Face,FALSE,Thomas Lüdemann,sound editor,FALSE,,Germany
2010,"Sound Effects, Foley, Dialogue and ADR for Foreign Language Feature Film",North Face,FALSE,Tobias Poppe,sound effects editor,FALSE,,Germany
2010,"Sound Effects, Foley, Dialogue and ADR for Foreign Language Feature Film",The Girl Who Played with Fire,FALSE,Anders Hörling,sound effects editor,FALSE,,Sweden Denmark Germany
2010,"Sound Effects, Foley, Dialogue and ADR for Foreign Language Feature Film",The Girl Who Played with Fire,FALSE,Andreas Kongsgaard,sound designer,FALSE,,Sweden Denmark Germany
2010,"Sound Effects, Foley, Dialogue and ADR for Foreign Language Feature Film",The Girl Who Played with Fire,FALSE,Anne Jensen,foley editor,FALSE,,Sweden Denmark Germany
2010,"Sound Effects, Foley, Dialogue and ADR for Foreign Language Feature Film",The Girl Who Played with Fire,FALSE,Camilla Mauritzson Skjaerbaek,dialogue editor,FALSE,,Sweden Denmark Germany
2010,"Sound Effects, Foley, Dialogue and ADR for Foreign Language Feature Film",The Girl Who Played with Fire,FALSE,Carl Aage Hansen,sound editor,TRUE,,Sweden Denmark Germany
2010,"Sound Effects, Foley, Dialogue and ADR for Foreign Language Feature Film",The Girl Who Played with Fire,FALSE,Carl Aage Hansen,sound designer,FALSE,,Sweden Denmark Germany
2010,"Sound Effects, Foley, Dialogue and ADR for Foreign Language Feature Film",The Girl Who Played with Fire,FALSE,Niels Arild,sound effects editor,FALSE,,Sweden Denmark Germany
2010,"Sound Effects, Foley, Dialogue and ADR for Foreign Language Feature Film",The Girl Who Played with Fire,FALSE,Olle Tannergård,sound designer,FALSE,,Sweden Denmark Germany
2010,"Sound Effects, Foley, Dialogue and ADR for Foreign Language Feature Film",The Girl with the Dragon Tattoo,FALSE,Andrea King,foley artist,FALSE,,
2010,"Sound Effects, Foley, Dialogue and ADR for Foreign Language Feature Film",The Girl with the Dragon Tattoo,FALSE,Morten Holm,dialogue,TRUE,,
2010,"Sound Effects, Foley, Dialogue and ADR for Foreign Language Feature Film",The Girl with the Dragon Tattoo,FALSE,Niels Arild,foley editor,TRUE,,
2010,"Sound Effects, Foley, Dialogue and ADR for Foreign Language Feature Film",The Girl with the Dragon Tattoo,FALSE,Peter Albrechtsen,sound effects editor,FALSE,,
2010,"Sound Effects, Foley, Dialogue and ADR for Foreign Language Feature Film",The Girl with the Dragon Tattoo,FALSE,Peter Schultz,sound editor,TRUE,,
2010,"Sound Effects, Foley, Dialogue and ADR for Foreign Language Feature Film",The Girl with the Dragon Tattoo,FALSE,Peter Schultz,adr editor,FALSE,,
2009,Dialogue and ADR for Feature Film,Inglourious Basterds,TRUE,Gregg Baxter,adr editor,TRUE,Sound Editing,
2009,Dialogue and ADR for Feature Film,Inglourious Basterds,TRUE,Margit Pfeiffer,dialogue editor,TRUE,Sound Editing,
2009,Dialogue and ADR for Feature Film,Inglourious Basterds,TRUE,Nancy Nugent,dialogue,FALSE,Sound Editing,
2009,Dialogue and ADR for Feature Film,Inglourious Basterds,TRUE,Wylie Stateman,sound editor,TRUE,Sound Editing,
2009,Dialogue and ADR for Feature Film,Inglourious Basterds,TRUE,Wylie Stateman,adr editor,FALSE,Sound Editing,
2009,Dialogue and ADR for Feature Film,(500) Days of Summer,FALSE,Beth Sterner,dialogue editor,FALSE,Sound Editing,
2009,Dialogue and ADR for Feature Film,(500) Days of Summer,FALSE,Christopher T. Welch,dialogue,TRUE,Sound Editing,
2009,Dialogue and ADR for Feature Film,(500) Days of Summer,FALSE,Christopher T. Welch,adr editor,FALSE,Sound Editing,
2009,Dialogue and ADR for Feature Film,(500) Days of Summer,FALSE,Judah Getz,adr mixer,FALSE,Sound Editing,
2009,Dialogue and ADR for Feature Film,(500) Days of Summer,FALSE,Julie Feiner,dialogue editor,FALSE,Sound Editing,
2009,Dialogue and ADR for Feature Film,(500) Days of Summer,FALSE,Piero Mura,sound editor,TRUE,Sound Editing,
2009,Dialogue and ADR for Feature Film,A Serious Man,FALSE,Byron Wilson,dialogue editor,TRUE,Sound Editing,
2009,Dialogue and ADR for Feature Film,A Serious Man,FALSE,James Morioka,dialogue editor,FALSE,Sound Editing,
2009,Dialogue and ADR for Feature Film,A Serious Man,FALSE,Kenton Jakub,adr editor,TRUE,Sound Editing,
2009,Dialogue and ADR for Feature Film,A Serious Man,FALSE,Skip Lievsay,sound editor,TRUE,Sound Editing,
2009,Dialogue and ADR for Feature Film,Avatar,FALSE,Cheryl Nardi,dialogue editor,FALSE,Sound Editing,
2009,Dialogue and ADR for Feature Film,Avatar,FALSE,Christopher Boyes,sound editor,TRUE,Sound Editing,
2009,Dialogue and ADR for Feature Film,Avatar,FALSE,Gwendolyn Yates Whittle,sound editor,TRUE,Sound Editing,
2009,Dialogue and ADR for Feature Film,Avatar,FALSE,Kim Foscato,dialogue editor,FALSE,Sound Editing,
2009,Dialogue and ADR for Feature Film,Avatar,FALSE,Marshall Winn,dialogue editor,FALSE,Sound Editing,
2009,Dialogue and ADR for Feature Film,Avatar,FALSE,Petra Bach,adr editor,FALSE,Sound Editing,
2009,Dialogue and ADR for Feature Film,Avatar,FALSE,Richard Hymns,adr editor,FALSE,Sound Editing,
2009,Dialogue and ADR for Feature Film,Avatar,FALSE,Steve Slanec,adr editor,FALSE,Sound Editing,
2009,Dialogue and ADR for Feature Film,Avatar,FALSE,Stuart McCowan,adr editor,FALSE,Sound Editing,
2009,Dialogue and ADR for Feature Film,G.I. Joe: The Rise of Cobra,FALSE,Chris Hogan,dialogue editor,FALSE,Sound Editing,
2009,Dialogue and ADR for Feature Film,G.I. Joe: The Rise of Cobra,FALSE,Chris Jargo,dialogue,TRUE,Sound Editing,
2009,Dialogue and ADR for Feature Film,G.I. Joe: The Rise of Cobra,FALSE,Chris Jargo,adr editor,FALSE,Sound Editing,
2009,Dialogue and ADR for Feature Film,G.I. Joe: The Rise of Cobra,FALSE,Frederick H. Stahly,dialogue editor,FALSE,Sound Editing,
2009,Dialogue and ADR for Feature Film,G.I. Joe: The Rise of Cobra,FALSE,Karen Baker Landers,sound editor,TRUE,Sound Editing,
2009,Dialogue and ADR for Feature Film,G.I. Joe: The Rise of Cobra,FALSE,Michelle Pazer,adr editor,FALSE,Sound Editing,
2009,Dialogue and ADR for Feature Film,G.I. Joe: The Rise of Cobra,FALSE,Per Hallberg,sound editor,TRUE,Sound Editing,
2009,Dialogue and ADR for Feature Film,G.I. Joe: The Rise of Cobra,FALSE,Tom Bellfort,adr editor,TRUE,Sound Editing,
2009,Dialogue and ADR for Feature Film,Star Trek,FALSE,Alan Rankin,sound editor,TRUE,Sound Editing,
2009,Dialogue and ADR for Feature Film,Star Trek,FALSE,Daniel S. Irwin,dialogue editor,TRUE,Sound Editing,
2009,Dialogue and ADR for Feature Film,Star Trek,FALSE,Kerry Dean Williams,adr editor,TRUE,Sound Editing,
2009,Dialogue and ADR for Feature Film,Star Trek,FALSE,Laura Harris Atkinson,adr editor,FALSE,Sound Editing,
2009,Dialogue and ADR for Feature Film,Star Trek,FALSE,Mark Stoeckinger,sound editor,TRUE,Sound Editing,
2009,Dialogue and ADR for Feature Film,The Hurt Locker,FALSE,Judah Getz,adr mixer,FALSE,Sound Editing,
2009,Dialogue and ADR for Feature Film,The Hurt Locker,FALSE,Kimberly Harris,adr editor,TRUE,Sound Editing,
2009,Dialogue and ADR for Feature Film,The Hurt Locker,FALSE,Paul N. J. Ottosson,sound editor,TRUE,Sound Editing,
2009,Dialogue and ADR for Feature Film,The Hurt Locker,FALSE,Robert Troy,dialogue editor,TRUE,Sound Editing,
2009,Dialogue and ADR for Feature Film,The Stoning of Soraya M.,FALSE,Ethan Beigel,sound editor,TRUE,Sound Editing,
2009,Dialogue and ADR for Feature Film,The Stoning of Soraya M.,FALSE,Ethan Beigel,adr editor,TRUE,Sound Editing,
2009,Dialogue and ADR for Feature Film,The Stoning of Soraya M.,FALSE,Sarah Payan,dialogue editor,TRUE,Sound Editing,
2009,Feature Underscore,Avatar,TRUE,Dick Bernstein,music editor,FALSE,,
2009,Feature Underscore,Avatar,TRUE,Jim Henrikson,music editor,TRUE,,
2009,Feature Underscore,Avatar,TRUE,Michael K. Bauer,music editor,FALSE,,
2009,Feature Underscore,(500) Days of Summer,FALSE,Jen Monnar,music editor,TRUE,,
2009,Feature Underscore,2012,FALSE,Adrian Van Velsen,music editor,FALSE,,
2009,Feature Underscore,2012,FALSE,Fernand Bos,music editor,TRUE,,
2009,Feature Underscore,2012,FALSE,Ronald J. Webb,music editor,FALSE,,
2009,Feature Underscore,An Education,FALSE,Ben Barker,music editor,TRUE,,
2009,Feature Underscore,An Education,FALSE,Christopher Benstead,music editor,FALSE,,
2009,Feature Underscore,It's Complicated,FALSE,Andrew Silver,music editor,TRUE,,
2009,Feature Underscore,It's Complicated,FALSE,Ryan Rubin,music editor,FALSE,,
2009,Feature Underscore,It's Complicated,FALSE,Stephanie Lowry,music editor,FALSE,,
2009,Feature Underscore,Sherlock Holmes,FALSE,Bob Badami,music editor,TRUE,,
2009,Feature Underscore,Sherlock Holmes,FALSE,Peter Oso Snell,music editor,FALSE,,
2009,Feature Underscore,Star Trek,FALSE,Alex Levy,music editor,FALSE,,
2009,Feature Underscore,Star Trek,FALSE,Ramiro Belgardt,music editor,FALSE,,
2009,Feature Underscore,Star Trek,FALSE,Stephen M. Davis,music editor,TRUE,,
2009,Feature Underscore,The Informant!,FALSE,Missy Cohen,music editor,TRUE,,
2009,Musical for Feature Film,This Is It,TRUE,Michael Durham Prince,music editor,TRUE,,
2009,Musical for Feature Film,This Is It,TRUE,Ryan Rubin,music editor,TRUE,,
2009,Musical for Feature Film,This Is It,TRUE,Scott Stambler,music editor,TRUE,,
2009,Musical for Feature Film,Crazy Heart,FALSE,Adrian Van Velsen,music editor,FALSE,,
2009,Musical for Feature Film,Crazy Heart,FALSE,Fernand Bos,music editor,TRUE,,
2009,Musical for Feature Film,Every Little Step,FALSE,Joanie Diener,music editor,TRUE,,
2009,Musical for Feature Film,Nine,FALSE,Christopher Benstead,music editor,FALSE,,
2009,Musical for Feature Film,Nine,FALSE,Curt Sobel,music editor,TRUE,,
2009,Sound Effects and Foley for Feature Film,Avatar,TRUE,Addison Teague,sound editors,TRUE,Sound Editing,
2009,Sound Effects and Foley for Feature Film,Avatar,TRUE,Addison Teague,sound designer,FALSE,Sound Editing,
2009,Sound Effects and Foley for Feature Film,Avatar,TRUE,Christopher Boyes,sound editors,TRUE,Sound Editing,
2009,Sound Effects and Foley for Feature Film,Avatar,TRUE,Christopher Boyes,sound designer,FALSE,Sound Editing,
2009,Sound Effects and Foley for Feature Film,Avatar,TRUE,Christopher Scarabosio,sound effects editor,FALSE,Sound Editing,
2009,Sound Effects and Foley for Feature Film,Avatar,TRUE,Dennie Thorpe,foley artist,FALSE,Sound Editing,
2009,Sound Effects and Foley for Feature Film,Avatar,TRUE,James Likowski,foley editor,FALSE,Sound Editing,
2009,Sound Effects and Foley for Feature Film,Avatar,TRUE,Jana Vance,foley artist,FALSE,Sound Editing,
2009,Sound Effects and Foley for Feature Film,Avatar,TRUE,Ken Fischer,sound effects editor,FALSE,Sound Editing,
2009,Sound Effects and Foley for Feature Film,Avatar,TRUE,Luke Dunn Gielmuda,foley editor,TRUE,Sound Editing,
2009,Sound Effects and Foley for Feature Film,Avatar,TRUE,Shannon Mills,sound effects editor,FALSE,Sound Editing,
2009,Sound Effects and Foley for Feature Film,Avatar,TRUE,Tim Nielsen,sound effects editor,FALSE,Sound Editing,
2009,Sound Effects and Foley for Feature Film,2012,FALSE,Ai-Ling Lee,sound effects editor,FALSE,Sound Editing,
2009,Sound Effects and Foley for Feature Film,2012,FALSE,Angelo Palazzo,sound effects editor,FALSE,Sound Editing,
2009,Sound Effects and Foley for Feature Film,2012,FALSE,Bernard Weiser,sound effects editor,FALSE,Sound Editing,
2009,Sound Effects and Foley for Feature Film,2012,FALSE,Gary A. Hecker,foley artist,FALSE,Sound Editing,
2009,Sound Effects and Foley for Feature Film,2012,FALSE,Jamie Hardt,sound effects editor,FALSE,Sound Editing,
2009,Sound Effects and Foley for Feature Film,2012,FALSE,Lee Gilmore,sound effects editor,FALSE,Sound Editing,
2009,Sound Effects and Foley for Feature Film,2012,FALSE,Mark Pappas,foley editor,TRUE,Sound Editing,
2009,Sound Effects and Foley for Feature Film,2012,FALSE,Michael Broomberg,foley artist,FALSE,Sound Editing,
2009,Sound Effects and Foley for Feature Film,2012,FALSE,Paul N. J. Ottosson,sound editor,TRUE,Sound Editing,
2009,Sound Effects and Foley for Feature Film,2012,FALSE,Paul N. J. Ottosson,sound designer,FALSE,Sound Editing,
2009,Sound Effects and Foley for Feature Film,2012,FALSE,Thom Brennan,sound effects editor,FALSE,Sound Editing,
2009,Sound Effects and Foley for Feature Film,Inglourious Basterds,FALSE,Ann Scibelli,sound designer,FALSE,Sound Editing,
2009,Sound Effects and Foley for Feature Film,Inglourious Basterds,FALSE,Branden Spencer,sound effects,FALSE,Sound Editing,
2009,Sound Effects and Foley for Feature Film,Inglourious Basterds,FALSE,Branden Spencer,foley editor,FALSE,Sound Editing,
2009,Sound Effects and Foley for Feature Film,Inglourious Basterds,FALSE,Craig S. Jaeger,sound effects,FALSE,Sound Editing,
2009,Sound Effects and Foley for Feature Film,Inglourious Basterds,FALSE,Craig S. Jaeger,foley editor,FALSE,Sound Editing,
2009,Sound Effects and Foley for Feature Film,Inglourious Basterds,FALSE,Dror Mohar,sound effects,FALSE,Sound Editing,
2009,Sound Effects and Foley for Feature Film,Inglourious Basterds,FALSE,Dror Mohar,foley editor,FALSE,Sound Editing,
2009,Sound Effects and Foley for Feature Film,Inglourious Basterds,FALSE,Harry Cohen,sound designer,FALSE,Sound Editing,
2009,Sound Effects and Foley for Feature Film,Inglourious Basterds,FALSE,Hector C. Gika,sound effects,FALSE,Sound Editing,
2009,Sound Effects and Foley for Feature Film,Inglourious Basterds,FALSE,Hector C. Gika,foley editor,FALSE,Sound Editing,
2009,Sound Effects and Foley for Feature Film,Inglourious Basterds,FALSE,James Moriana,foley artist,FALSE,Sound Editing,
2009,Sound Effects and Foley for Feature Film,Inglourious Basterds,FALSE,Jeffrey Wilhoit,foley artist,FALSE,Sound Editing,
2009,Sound Effects and Foley for Feature Film,Inglourious Basterds,FALSE,Michael Keller,sound effects,FALSE,Sound Editing,
2009,Sound Effects and Foley for Feature Film,Inglourious Basterds,FALSE,Michael Keller,foley editor,FALSE,Sound Editing,
2009,Sound Effects and Foley for Feature Film,Inglourious Basterds,FALSE,Paul Aulicino,sound effects,FALSE,Sound Editing,
2009,Sound Effects and Foley for Feature Film,Inglourious Basterds,FALSE,Paul Aulicino,foley editor,FALSE,Sound Editing,
2009,Sound Effects and Foley for Feature Film,Inglourious Basterds,FALSE,Wylie Stateman,sound editor,TRUE,Sound Editing,
2009,Sound Effects and Foley for Feature Film,Push,FALSE,Alex Bullick,sound effects editor,FALSE,Sound Editing,
2009,Sound Effects and Foley for Feature Film,Push,FALSE,Bob Kellough,sound effects editor,FALSE,Sound Editing,
2009,Sound Effects and Foley for Feature Film,Push,FALSE,Carla Murray,sound designer,FALSE,Sound Editing,
2009,Sound Effects and Foley for Feature Film,Push,FALSE,Catherine Harper,foley artist,FALSE,Sound Editing,
2009,Sound Effects and Foley for Feature Film,Push,FALSE,Christopher Moriana,foley artist,FALSE,Sound Editing,
2009,Sound Effects and Foley for Feature Film,Push,FALSE,Paula Fairfield,sound editor,TRUE,Sound Editing,
2009,Sound Effects and Foley for Feature Film,Push,FALSE,Paula Fairfield,sound designer,FALSE,Sound Editing,
2009,Sound Effects and Foley for Feature Film,Push,FALSE,Tim Rakoczy,foley editor,FALSE,Sound Editing,
2009,Sound Effects and Foley for Feature Film,Star Trek,FALSE,Alan Rankin,sound editor,TRUE,Sound Editing,
2009,Sound Effects and Foley for Feature Film,Star Trek,FALSE,Ann Scibelli,sound designer,FALSE,Sound Editing,
2009,Sound Effects and Foley for Feature Film,Star Trek,FALSE,Ben Burtt,sound designer,FALSE,Sound Editing,
2009,Sound Effects and Foley for Feature Film,Star Trek,FALSE,Ben Wilkins,sound editor,FALSE,Sound Editing,
2009,Sound Effects and Foley for Feature Film,Star Trek,FALSE,Charlie Campagna,sound editor,FALSE,Sound Editing,
2009,Sound Effects and Foley for Feature Film,Star Trek,FALSE,David Barbee,sound editor,FALSE,Sound Editing,
2009,Sound Effects and Foley for Feature Film,Star Trek,FALSE,Geoffrey G. Rubay,sound editor,FALSE,Sound Editing,
2009,Sound Effects and Foley for Feature Film,Star Trek,FALSE,Glenn T. Morgan,sound editor,FALSE,Sound Editing,
2009,Sound Effects and Foley for Feature Film,Star Trek,FALSE,Harry Cohen,sound editor,FALSE,Sound Editing,
2009,Sound Effects and Foley for Feature Film,Star Trek,FALSE,Mark Stoeckinger,sound editor,TRUE,Sound Editing,
2009,Sound Effects and Foley for Feature Film,Star Trek,FALSE,Robin Harlan,foley artist,FALSE,Sound Editing,
2009,Sound Effects and Foley for Feature Film,Star Trek,FALSE,Sarah Monat,foley artist,FALSE,Sound Editing,
2009,Sound Effects and Foley for Feature Film,Star Trek,FALSE,Scott Martin Gershin,sound editor,FALSE,Sound Editing,
2009,Sound Effects and Foley for Feature Film,Star Trek,FALSE,Thomas W. Small,foley editor,TRUE,Sound Editing,
2009,Sound Effects and Foley for Feature Film,Star Trek,FALSE,Tim Walston,sound designer,FALSE,Sound Editing,
2009,Sound Effects and Foley for Feature Film,The Hurt Locker,FALSE,Alex Ullrich,foley artist,FALSE,Sound Editing,
2009,Sound Effects and Foley for Feature Film,The Hurt Locker,FALSE,Bernard Weiser,sound effects editor,FALSE,Sound Editing,
2009,Sound Effects and Foley for Feature Film,The Hurt Locker,FALSE,Chris M. Jacobson,sound effects editor,FALSE,Sound Editing,
2009,Sound Effects and Foley for Feature Film,The Hurt Locker,FALSE,Jamie Hardt,sound effects editor,FALSE,Sound Editing,
2009,Sound Effects and Foley for Feature Film,The Hurt Locker,FALSE,Paul N. J. Ottosson,sound editor,TRUE,Sound Editing,
2009,Sound Effects and Foley for Feature Film,The Hurt Locker,FALSE,Richard C. Franklin,foley editor,FALSE,Sound Editing,
2009,Sound Effects and Foley for Feature Film,The Hurt Locker,FALSE,Ryan Juggler,sound editor,FALSE,Sound Editing,
2009,Sound Effects and Foley for Feature Film,Transformers: Revenge of the Fallen,FALSE,Alyson Dee Moore,foley artist,FALSE,Sound Editing,
2009,Sound Effects and Foley for Feature Film,Transformers: Revenge of the Fallen,FALSE,Erik Aadahl,sound editor,TRUE,Sound Editing,
2009,Sound Effects and Foley for Feature Film,Transformers: Revenge of the Fallen,FALSE,Ethan Van der Ryn,sound editor,TRUE,Sound Editing,
2009,Sound Effects and Foley for Feature Film,Transformers: Revenge of the Fallen,FALSE,Greg ten Bosch,sound editor,FALSE,Sound Editing,
2009,Sound Effects and Foley for Feature Film,Transformers: Revenge of the Fallen,FALSE,John Marquis,sound editor,FALSE,Sound Editing,
2009,Sound Effects and Foley for Feature Film,Transformers: Revenge of the Fallen,FALSE,John Roesch,foley artist,FALSE,Sound Editing,
2009,Sound Effects and Foley for Feature Film,Transformers: Revenge of the Fallen,FALSE,Jonathan Klein,foley editor,TRUE,Sound Editing,
2009,Sound Effects and Foley for Feature Film,Transformers: Revenge of the Fallen,FALSE,P.K. Hooker,sound editor,FALSE,Sound Editing,
2009,Sound Effects and Foley for Feature Film,Transformers: Revenge of the Fallen,FALSE,Warren Hendriks,sound editor,FALSE,Sound Editing,
2009,Sound Effects and Foley for Feature Film,Watchmen,FALSE,Ai-Ling Lee,sound effects editor,FALSE,Sound Editing,
2009,Sound Effects and Foley for Feature Film,Watchmen,FALSE,Bruce Tanis,sound effects editor,FALSE,Sound Editing,
2009,Sound Effects and Foley for Feature Film,Watchmen,FALSE,Daniel Pagan,sound effects editor,FALSE,Sound Editing,
2009,Sound Effects and Foley for Feature Film,Watchmen,FALSE,David Werntz,sound effects editor,FALSE,Sound Editing,
2009,Sound Effects and Foley for Feature Film,Watchmen,FALSE,Derek Pippert,foley editor,FALSE,Sound Editing,
2009,Sound Effects and Foley for Feature Film,Watchmen,FALSE,Eric A. Norris,sound designer,TRUE,Sound Editing,
2009,Sound Effects and Foley for Feature Film,Watchmen,FALSE,Gary A. Hecker,foley artist,FALSE,Sound Editing,
2009,Sound Effects and Foley for Feature Film,Watchmen,FALSE,Jeremy Peirson,sound designer,FALSE,Sound Editing,
2009,Sound Effects and Foley for Feature Film,Watchmen,FALSE,Michael Broomberg,foley artist,FALSE,Sound Editing,
2009,Sound Effects and Foley for Feature Film,Watchmen,FALSE,Rick Hromadka,sound effects editor,FALSE,Sound Editing,
2009,Sound Effects and Foley for Feature Film,Watchmen,FALSE,Scott Hecker,sound editor,TRUE,Sound Editing,
2009,Sound Effects and Foley for Feature Film,Watchmen,FALSE,Tim Gedemer,sound effects editor,FALSE,Sound Editing,
2009,"Sound Effects, Foley, Dialogue and ADR for Animated Feature Film",Up,TRUE,Al Nelson,sound effects editor,FALSE,,
2009,"Sound Effects, Foley, Dialogue and ADR for Animated Feature Film",Up,TRUE,Dennie Thorpe,foley artist,FALSE,,
2009,"Sound Effects, Foley, Dialogue and ADR for Animated Feature Film",Up,TRUE,E.J. Holowicki,sound designer,FALSE,,
2009,"Sound Effects, Foley, Dialogue and ADR for Animated Feature Film",Up,TRUE,J.R. Grubbs,sound effects editor,FALSE,,
2009,"Sound Effects, Foley, Dialogue and ADR for Animated Feature Film",Up,TRUE,Jana Vance,foley artist,FALSE,,
2009,"Sound Effects, Foley, Dialogue and ADR for Animated Feature Film",Up,TRUE,Jonathan Null,foley editor,FALSE,,
2009,"Sound Effects, Foley, Dialogue and ADR for Animated Feature Film",Up,TRUE,Michael Silvers,sound editor,TRUE,,
2009,"Sound Effects, Foley, Dialogue and ADR for Animated Feature Film",Up,TRUE,Pascal Garneau,foley editor,TRUE,,
2009,"Sound Effects, Foley, Dialogue and ADR for Animated Feature Film",Up,TRUE,Stephen M. Davis,music editor,FALSE,,
2009,"Sound Effects, Foley, Dialogue and ADR for Animated Feature Film",Up,TRUE,Steve Slanec,adr editor,FALSE,,
2009,"Sound Effects, Foley, Dialogue and ADR for Animated Feature Film",Up,TRUE,Teresa Eckton,sound effects editor,FALSE,,
2009,"Sound Effects, Foley, Dialogue and ADR for Animated Feature Film",Up,TRUE,Tom Myers,sound editor,TRUE,,
2009,"Sound Effects, Foley, Dialogue and ADR for Animated Feature Film",Up,TRUE,Tom Myers,sound designer,FALSE,,
2009,"Sound Effects, Foley, Dialogue and ADR for Animated Feature Film",9,FALSE,Dennie Thorpe,foley artist,FALSE,,
2009,"Sound Effects, Foley, Dialogue and ADR for Animated Feature Film",9,FALSE,Jana Vance,foley artist,FALSE,,
2009,"Sound Effects, Foley, Dialogue and ADR for Animated Feature Film",9,FALSE,Jeremy Bowker,sound effects editor,FALSE,,
2009,"Sound Effects, Foley, Dialogue and ADR for Animated Feature Film",9,FALSE,Jill Purdy,dialogue editor,TRUE,,
2009,"Sound Effects, Foley, Dialogue and ADR for Animated Feature Film",9,FALSE,Luke Dunn Gielmuda,sound effects editor,FALSE,,
2009,"Sound Effects, Foley, Dialogue and ADR for Animated Feature Film",9,FALSE,Pascal Garneau,foley editor,TRUE,,
2009,"Sound Effects, Foley, Dialogue and ADR for Animated Feature Film",9,FALSE,Pascal Garneau,foley editor,FALSE,,
2009,"Sound Effects, Foley, Dialogue and ADR for Animated Feature Film",9,FALSE,Shie Rozow,music editor,FALSE,,
2009,"Sound Effects, Foley, Dialogue and ADR for Animated Feature Film",9,FALSE,Will Files,sound editor,TRUE,,
2009,"Sound Effects, Foley, Dialogue and ADR for Animated Feature Film",9,FALSE,Will Files,sound designer,FALSE,,
2009,"Sound Effects, Foley, Dialogue and ADR for Animated Feature Film",Cloudy with a Chance of Meatballs,FALSE,Andrew Dorfman,music editor,FALSE,,
2009,"Sound Effects, Foley, Dialogue and ADR for Animated Feature Film",Cloudy with a Chance of Meatballs,FALSE,Ben Wilkins,sound editor,FALSE,,
2009,"Sound Effects, Foley, Dialogue and ADR for Animated Feature Film",Cloudy with a Chance of Meatballs,FALSE,Gary A. Hecker,foley artist,FALSE,,
2009,"Sound Effects, Foley, Dialogue and ADR for Animated Feature Film",Cloudy with a Chance of Meatballs,FALSE,Geoffrey G. Rubay,sound editor,TRUE,,
2009,"Sound Effects, Foley, Dialogue and ADR for Animated Feature Film",Cloudy with a Chance of Meatballs,FALSE,Jason George,sound editor,TRUE,,
2009,"Sound Effects, Foley, Dialogue and ADR for Animated Feature Film",Cloudy with a Chance of Meatballs,FALSE,John Cannon,sound editor,FALSE,,
2009,"Sound Effects, Foley, Dialogue and ADR for Animated Feature Film",Cloudy with a Chance of Meatballs,FALSE,John Dunn,sound editor,FALSE,,
2009,"Sound Effects, Foley, Dialogue and ADR for Animated Feature Film",Cloudy with a Chance of Meatballs,FALSE,John Pospisil,sound designer,FALSE,,
2009,"Sound Effects, Foley, Dialogue and ADR for Animated Feature Film",Cloudy with a Chance of Meatballs,FALSE,Michael Broomberg,foley artist,FALSE,,
2009,"Sound Effects, Foley, Dialogue and ADR for Animated Feature Film",Cloudy with a Chance of Meatballs,FALSE,Robert Fisher,sound editor,FALSE,,
2009,"Sound Effects, Foley, Dialogue and ADR for Animated Feature Film",Coraline,FALSE,Dan O'Connell,foley artist,FALSE,,
2009,"Sound Effects, Foley, Dialogue and ADR for Animated Feature Film",Coraline,FALSE,David A. Cohen,sound,TRUE,,
2009,"Sound Effects, Foley, Dialogue and ADR for Animated Feature Film",Coraline,FALSE,David A. Cohen,dialogue,FALSE,,
2009,"Sound Effects, Foley, Dialogue and ADR for Animated Feature Film",Coraline,FALSE,David A. Cohen,adr editor,FALSE,,
2009,"Sound Effects, Foley, Dialogue and ADR for Animated Feature Film",Coraline,FALSE,Randy Thom,sound designer,FALSE,,
2009,"Sound Effects, Foley, Dialogue and ADR for Animated Feature Film",Coraline,FALSE,Ronald Eng,sound editor,TRUE,,
2009,"Sound Effects, Foley, Dialogue and ADR for Animated Feature Film",Coraline,FALSE,Ronald Eng,sound designer,FALSE,,
2009,"Sound Effects, Foley, Dialogue and ADR for Animated Feature Film",Coraline,FALSE,Ronald Eng,music editor,FALSE,,
2009,"Sound Effects, Foley, Dialogue and ADR for Animated Feature Film",Coraline,FALSE,Steve Boeddeker,sound editor,FALSE,,
2009,"Sound Effects, Foley, Dialogue and ADR for Animated Feature Film",Coraline,FALSE,Steve Tushar,sound editor,FALSE,,
2009,"Sound Effects, Foley, Dialogue and ADR for Animated Feature Film",Coraline,FALSE,Willard Overstreet,foley editor,TRUE,,
2009,"Sound Effects, Foley, Dialogue and ADR for Animated Feature Film",Fantastic Mr. Fox,FALSE,Andy Kennedy,sound effects editor,FALSE,,
2009,"Sound Effects, Foley, Dialogue and ADR for Animated Feature Film",Fantastic Mr. Fox,FALSE,David Evans,sound editor,TRUE,,
2009,"Sound Effects, Foley, Dialogue and ADR for Animated Feature Film",Fantastic Mr. Fox,FALSE,Gerald Donlan,dialogue editor,FALSE,,
2009,"Sound Effects, Foley, Dialogue and ADR for Animated Feature Film",Fantastic Mr. Fox,FALSE,Gerard McCann,music editor,FALSE,,
2009,"Sound Effects, Foley, Dialogue and ADR for Animated Feature Film",Fantastic Mr. Fox,FALSE,Harry Barnes,foley editor,TRUE,,
2009,"Sound Effects, Foley, Dialogue and ADR for Animated Feature Film",Fantastic Mr. Fox,FALSE,Jacob Ribicoff,sound editor,TRUE,,
2009,"Sound Effects, Foley, Dialogue and ADR for Animated Feature Film",Fantastic Mr. Fox,FALSE,Jay Peck,foley artist,FALSE,,
2009,"Sound Effects, Foley, Dialogue and ADR for Animated Feature Film",Fantastic Mr. Fox,FALSE,Peter Burgis,foley artist,FALSE,,
2009,"Sound Effects, Foley, Dialogue and ADR for Animated Feature Film",Fantastic Mr. Fox,FALSE,Stefan Henrix,sound effects editor,FALSE,,
2009,"Sound Effects, Foley, Dialogue and ADR for Animated Feature Film",Fantastic Mr. Fox,FALSE,Steve Browell,sound effects editor,FALSE,,
2009,"Sound Effects, Foley, Dialogue and ADR for Animated Feature Film",Fantastic Mr. Fox,FALSE,Stuart Stanley,foley editor,FALSE,,
2009,"Sound Effects, Foley, Dialogue and ADR for Animated Feature Film",Fantastic Mr. Fox,FALSE,Tony Currie,dialogue editor,TRUE,,
2009,"Sound Effects, Foley, Dialogue and ADR for Animated Feature Film",Fantastic Mr. Fox,FALSE,Tony Martinez,dialogue editor,FALSE,,
2009,"Sound Effects, Foley, Dialogue and ADR for Animated Feature Film",Monsters vs. Aliens,FALSE,Adam Milo Smalley,music editor,FALSE,,
2009,"Sound Effects, Foley, Dialogue and ADR for Animated Feature Film",Monsters vs. Aliens,FALSE,Dan O'Connell,foley artist,FALSE,,
2009,"Sound Effects, Foley, Dialogue and ADR for Animated Feature Film",Monsters vs. Aliens,FALSE,Erik Aadahl,sound editor,TRUE,,
2009,"Sound Effects, Foley, Dialogue and ADR for Animated Feature Film",Monsters vs. Aliens,FALSE,Ethan Van der Ryn,sound editor,TRUE,,
2009,"Sound Effects, Foley, Dialogue and ADR for Animated Feature Film",Monsters vs. Aliens,FALSE,John Marquis,sound editor,FALSE,,
2009,"Sound Effects, Foley, Dialogue and ADR for Animated Feature Film",Monsters vs. Aliens,FALSE,John T. Cucci,foley artist,FALSE,,
2009,"Sound Effects, Foley, Dialogue and ADR for Animated Feature Film",Monsters vs. Aliens,FALSE,Jonathan Klein,foley editor,TRUE,,
2009,"Sound Effects, Foley, Dialogue and ADR for Animated Feature Film",Monsters vs. Aliens,FALSE,P.K. Hooker,sound editor,FALSE,,
2009,"Sound Effects, Foley, Dialogue and ADR for Animated Feature Film",Monsters vs. Aliens,FALSE,Susan Dudeck,adr editor,TRUE,,
2009,"Sound Effects, Foley, Dialogue and ADR for Animated Feature Film",Monsters vs. Aliens,FALSE,Wayne Lemmer,sound editor,FALSE,,
2009,"Sound Effects, Foley, Dialogue and ADR for Animated Feature Film",The Princess and the Frog,FALSE,Alyson Dee Moore,foley artist,FALSE,,
2009,"Sound Effects, Foley, Dialogue and ADR for Animated Feature Film",The Princess and the Frog,FALSE,Arthur Farkas,sound effects editor,FALSE,,
2009,"Sound Effects, Foley, Dialogue and ADR for Animated Feature Film",The Princess and the Frog,FALSE,Bruno Coon,music editor,FALSE,,
2009,"Sound Effects, Foley, Dialogue and ADR for Animated Feature Film",The Princess and the Frog,FALSE,Christopher T. Welch,adr,FALSE,,
2009,"Sound Effects, Foley, Dialogue and ADR for Animated Feature Film",The Princess and the Frog,FALSE,Christopher T. Welch,foley editor,FALSE,,
2009,"Sound Effects, Foley, Dialogue and ADR for Animated Feature Film",The Princess and the Frog,FALSE,Earl Ghaffari,music editor,FALSE,,
2009,"Sound Effects, Foley, Dialogue and ADR for Animated Feature Film",The Princess and the Frog,FALSE,G.W. Brown,dialogue,TRUE,,
2009,"Sound Effects, Foley, Dialogue and ADR for Animated Feature Film",The Princess and the Frog,FALSE,G.W. Brown,adr editor,FALSE,,
2009,"Sound Effects, Foley, Dialogue and ADR for Animated Feature Film",The Princess and the Frog,FALSE,Greg Hedgepath,sound effects editor,FALSE,,
2009,"Sound Effects, Foley, Dialogue and ADR for Animated Feature Film",The Princess and the Frog,FALSE,Jeff Sawyer,sound effects editor,FALSE,,
2009,"Sound Effects, Foley, Dialogue and ADR for Animated Feature Film",The Princess and the Frog,FALSE,John Roesch,foley artist,FALSE,,
2009,"Sound Effects, Foley, Dialogue and ADR for Animated Feature Film",The Princess and the Frog,FALSE,Odin Benitez,sound editor,TRUE,,
2009,"Sound Effects, Foley, Dialogue and ADR for Animated Feature Film",The Princess and the Frog,FALSE,Odin Benitez,sound designer,FALSE,,
2009,"Sound Effects, Foley, Dialogue and ADR for Animated Feature Film",The Princess and the Frog,FALSE,Todd Toon,foley editor,TRUE,,
2009,"Sound Effects, Foley, Dialogue and ADR for Animated Feature Film",The Princess and the Frog,FALSE,Willard Overstreet,foley editor,FALSE,,
2009,"Sound Effects, Foley, Dialogue and ADR for Foreign Language Feature Film",District 9,TRUE,Brent Burge,sound editor,TRUE,,New Zealand United States South Africa
2009,"Sound Effects, Foley, Dialogue and ADR for Foreign Language Feature Film",District 9,TRUE,Carolyn McLaughlin,foley artist,FALSE,,New Zealand United States South Africa
2009,"Sound Effects, Foley, Dialogue and ADR for Foreign Language Feature Film",District 9,TRUE,Chris Ward,sound editor,TRUE,,New Zealand United States South Africa
2009,"Sound Effects, Foley, Dialogue and ADR for Foreign Language Feature Film",District 9,TRUE,Craig Tomlinson,foley editor,FALSE,,New Zealand United States South Africa
2009,"Sound Effects, Foley, Dialogue and ADR for Foreign Language Feature Film",District 9,TRUE,Dave Whitehead,sound designer,FALSE,,New Zealand United States South Africa
2009,"Sound Effects, Foley, Dialogue and ADR for Foreign Language Feature Film",District 9,TRUE,Hayden Collow,sound effects editor,FALSE,,New Zealand United States South Africa
2009,"Sound Effects, Foley, Dialogue and ADR for Foreign Language Feature Film",District 9,TRUE,Jason Canovas,adr editor,FALSE,,New Zealand United States South Africa
2009,"Sound Effects, Foley, Dialogue and ADR for Foreign Language Feature Film",District 9,TRUE,Justin Webster,dialogue,FALSE,,New Zealand United States South Africa
2009,"Sound Effects, Foley, Dialogue and ADR for Foreign Language Feature Film",District 9,TRUE,Justin Webster,adr editor,FALSE,,New Zealand United States South Africa
2009,"Sound Effects, Foley, Dialogue and ADR for Foreign Language Feature Film",District 9,TRUE,Mark Franken,adr editor,FALSE,,New Zealand United States South Africa
2009,"Sound Effects, Foley, Dialogue and ADR for Foreign Language Feature Film",District 9,TRUE,Melanie Graham,sound effects editor,FALSE,,New Zealand United States South Africa
2009,"Sound Effects, Foley, Dialogue and ADR for Foreign Language Feature Film",District 9,TRUE,Polly McKinnon,dialogue,FALSE,,New Zealand United States South Africa
2009,"Sound Effects, Foley, Dialogue and ADR for Foreign Language Feature Film",District 9,TRUE,Polly McKinnon,adr editor,FALSE,,New Zealand United States South Africa
2009,"Sound Effects, Foley, Dialogue and ADR for Foreign Language Feature Film",District 9,TRUE,Robyn McFarlane,foley artist,FALSE,,New Zealand United States South Africa
2009,"Sound Effects, Foley, Dialogue and ADR for Foreign Language Feature Film",An Education,FALSE,Andrea King,foley artist,FALSE,,United Kingdom United States
2009,"Sound Effects, Foley, Dialogue and ADR for Foreign Language Feature Film",An Education,FALSE,Ben Barker,sound effects editor,FALSE,,United Kingdom United States
2009,"Sound Effects, Foley, Dialogue and ADR for Foreign Language Feature Film",An Education,FALSE,Gillian Dodders,adr editor,FALSE,,United Kingdom United States
2009,"Sound Effects, Foley, Dialogue and ADR for Foreign Language Feature Film",An Education,FALSE,Glenn Freemantle,sound editor,TRUE,,United Kingdom United States
2009,"Sound Effects, Foley, Dialogue and ADR for Foreign Language Feature Film",An Education,FALSE,Hugo Adams,foley editor,FALSE,,United Kingdom United States
2009,"Sound Effects, Foley, Dialogue and ADR for Foreign Language Feature Film",An Education,FALSE,Jack Stew,foley artist,FALSE,,United Kingdom United States
2009,"Sound Effects, Foley, Dialogue and ADR for Foreign Language Feature Film",An Education,FALSE,Nina Hartstone,dialogue editor,TRUE,,United Kingdom United States
2009,"Sound Effects, Foley, Dialogue and ADR for Foreign Language Feature Film",An Education,FALSE,Niv Adiri,sound effects editor,FALSE,,United Kingdom United States
2009,"Sound Effects, Foley, Dialogue and ADR for Foreign Language Feature Film",An Education,FALSE,Tom Sayers,sound effects editor,FALSE,,United Kingdom United States
2009,"Sound Effects, Foley, Dialogue and ADR for Foreign Language Feature Film",Coco Before Chanel,FALSE,Anne Gibourg,sound designer,FALSE,,France Belgium
2009,"Sound Effects, Foley, Dialogue and ADR for Foreign Language Feature Film",Coco Before Chanel,FALSE,Claire-Anne Largeron,foley editor,TRUE,,France Belgium
2009,"Sound Effects, Foley, Dialogue and ADR for Foreign Language Feature Film",Coco Before Chanel,FALSE,Claire-Anne Largeron,adr editor,FALSE,,France Belgium
2009,"Sound Effects, Foley, Dialogue and ADR for Foreign Language Feature Film",Coco Before Chanel,FALSE,Franck Desmoulins,sound designer,FALSE,,France Belgium
2009,"Sound Effects, Foley, Dialogue and ADR for Foreign Language Feature Film",Coco Before Chanel,FALSE,Jean-Claude Laureux,sound editor,TRUE,,France Belgium
2009,"Sound Effects, Foley, Dialogue and ADR for Foreign Language Feature Film",Coco Before Chanel,FALSE,Pascal Chauvin,foley artist,FALSE,,France Belgium
2009,"Sound Effects, Foley, Dialogue and ADR for Foreign Language Feature Film",Coco Before Chanel,FALSE,Sylvain Malbrant,sound designer,FALSE,,France Belgium
2009,"Sound Effects, Foley, Dialogue and ADR for Foreign Language Feature Film",Harry Potter and the Half-Blood Prince,FALSE,Allan Jenkins,music editor,FALSE,,
2009,"Sound Effects, Foley, Dialogue and ADR for Foreign Language Feature Film",Harry Potter and the Half-Blood Prince,FALSE,Andie Derrick,foley artist,FALSE,,
2009,"Sound Effects, Foley, Dialogue and ADR for Foreign Language Feature Film",Harry Potter and the Half-Blood Prince,FALSE,Andy Kennedy,sound effects editor,FALSE,,
2009,"Sound Effects, Foley, Dialogue and ADR for Foreign Language Feature Film",Harry Potter and the Half-Blood Prince,FALSE,Bjorn Ole Schroeder,dialogue editor,TRUE,,
2009,"Sound Effects, Foley, Dialogue and ADR for Foreign Language Feature Film",Harry Potter and the Half-Blood Prince,FALSE,Daniel Laurie,adr editor,TRUE,,
2009,"Sound Effects, Foley, Dialogue and ADR for Foreign Language Feature Film",Harry Potter and the Half-Blood Prince,FALSE,Derek Trigg,foley editor,FALSE,,
2009,"Sound Effects, Foley, Dialogue and ADR for Foreign Language Feature Film",Harry Potter and the Half-Blood Prince,FALSE,Dominic Gibbs,sound effects editor,FALSE,,
2009,"Sound Effects, Foley, Dialogue and ADR for Foreign Language Feature Film",Harry Potter and the Half-Blood Prince,FALSE,James Mather,sound editor,TRUE,,
2009,"Sound Effects, Foley, Dialogue and ADR for Foreign Language Feature Film",Harry Potter and the Half-Blood Prince,FALSE,Jamie McPhee,foley editor,FALSE,,
2009,"Sound Effects, Foley, Dialogue and ADR for Foreign Language Feature Film",Harry Potter and the Half-Blood Prince,FALSE,Jed Loughran,sound effects editor,FALSE,,
2009,"Sound Effects, Foley, Dialogue and ADR for Foreign Language Feature Film",Harry Potter and the Half-Blood Prince,FALSE,Michael Fentum,sound effects editor,FALSE,,
2009,"Sound Effects, Foley, Dialogue and ADR for Foreign Language Feature Film",Harry Potter and the Half-Blood Prince,FALSE,Peter Burgis,foley artist,FALSE,,
2009,"Sound Effects, Foley, Dialogue and ADR for Foreign Language Feature Film",Red Cliff,FALSE,Andrew Nell,sound effects editor,FALSE,,China
2009,"Sound Effects, Foley, Dialogue and ADR for Foreign Language Feature Film",Red Cliff,FALSE,Blair Slater,foley editor,TRUE,,China
2009,"Sound Effects, Foley, Dialogue and ADR for Foreign Language Feature Film",Red Cliff,FALSE,Chris Goodes,sound effects editor,FALSE,,China
2009,"Sound Effects, Foley, Dialogue and ADR for Foreign Language Feature Film",Red Cliff,FALSE,Danielle Barron,foley editor,FALSE,,China
2009,"Sound Effects, Foley, Dialogue and ADR for Foreign Language Feature Film",Red Cliff,FALSE,Glenn Newnham,sound effects editor,FALSE,,China
2009,"Sound Effects, Foley, Dialogue and ADR for Foreign Language Feature Film",Red Cliff,FALSE,Huijia Mo,sound effects editor,FALSE,,China
2009,"Sound Effects, Foley, Dialogue and ADR for Foreign Language Feature Film",Red Cliff,FALSE,James Harvey,sound effects editor,FALSE,,China
2009,"Sound Effects, Foley, Dialogue and ADR for Foreign Language Feature Film",Red Cliff,FALSE,Mario Vaccaro,foley artist,FALSE,,China
2009,"Sound Effects, Foley, Dialogue and ADR for Foreign Language Feature Film",Red Cliff,FALSE,Paul Pirola,sound effects editor,FALSE,,China
2009,"Sound Effects, Foley, Dialogue and ADR for Foreign Language Feature Film",Red Cliff,FALSE,Peter Mills,sound effects editor,FALSE,,China
2009,"Sound Effects, Foley, Dialogue and ADR for Foreign Language Feature Film",Red Cliff,FALSE,Qiuxia Sun,adr editor,TRUE,,China
2009,"Sound Effects, Foley, Dialogue and ADR for Foreign Language Feature Film",Red Cliff,FALSE,Rainbow Wang,sound effects editor,FALSE,,China
2009,"Sound Effects, Foley, Dialogue and ADR for Foreign Language Feature Film",Red Cliff,FALSE,Robert Mackenzie,sound effects editor,FALSE,,China
2009,"Sound Effects, Foley, Dialogue and ADR for Foreign Language Feature Film",Red Cliff,FALSE,Sam Wang,sound designer,FALSE,,China
2009,"Sound Effects, Foley, Dialogue and ADR for Foreign Language Feature Film",Red Cliff,FALSE,Steve Burgess,sound editor,TRUE,,China
2009,"Sound Effects, Foley, Dialogue and ADR for Foreign Language Feature Film",Red Cliff,FALSE,Steve Burgess,sound designer,FALSE,,China
2009,"Sound Effects, Foley, Dialogue and ADR for Foreign Language Feature Film",Red Cliff,FALSE,Terry Tu,sound effects editor,FALSE,,China
2009,"Sound Effects, Foley, Dialogue and ADR for Foreign Language Feature Film",Red Cliff,FALSE,Wei He,dialogue editor,TRUE,,China
2009,"Sound Effects, Foley, Dialogue and ADR for Foreign Language Feature Film",Red Cliff,FALSE,Xu Miao,foley artist,FALSE,,China
2009,"Sound Effects, Foley, Dialogue and ADR for Foreign Language Feature Film",Red Cliff,FALSE,Yanchao Yang,foley artist,FALSE,,China
2009,"Sound Effects, Foley, Dialogue and ADR for Foreign Language Feature Film",The Baader Meinhof Complex,FALSE,Andreas Schneider,foley artist,FALSE,,Germany France Czech Republic
2009,"Sound Effects, Foley, Dialogue and ADR for Foreign Language Feature Film",The Baader Meinhof Complex,FALSE,Fabian Schmidt,dialogue editor,TRUE,,Germany France Czech Republic
2009,"Sound Effects, Foley, Dialogue and ADR for Foreign Language Feature Film",The Baader Meinhof Complex,FALSE,Jan Bloemeke,sound effects editor,FALSE,,Germany France Czech Republic
2009,"Sound Effects, Foley, Dialogue and ADR for Foreign Language Feature Film",The Baader Meinhof Complex,FALSE,Joo Fürst,foley artist,FALSE,,Germany France Czech Republic
2009,"Sound Effects, Foley, Dialogue and ADR for Foreign Language Feature Film",The Baader Meinhof Complex,FALSE,Jörn Poetzl,foley artist,FALSE,,Germany France Czech Republic
2009,"Sound Effects, Foley, Dialogue and ADR for Foreign Language Feature Film",The Baader Meinhof Complex,FALSE,Lisa Geffcken-Reinhard,foley editor,TRUE,,Germany France Czech Republic
2009,"Sound Effects, Foley, Dialogue and ADR for Foreign Language Feature Film",The Baader Meinhof Complex,FALSE,Nico Krebs,sound effects editor,FALSE,,Germany France Czech Republic
2009,"Sound Effects, Foley, Dialogue and ADR for Foreign Language Feature Film",The Baader Meinhof Complex,FALSE,Stefan Busch,sound editor,TRUE,,Germany France Czech Republic
2009,"Sound Effects, Foley, Dialogue and ADR for Foreign Language Feature Film",The Baader Meinhof Complex,FALSE,Stefan Busch,sound designer,FALSE,,Germany France Czech Republic
2008,Dialogue and ADR for Feature Film,The Curious Case of Benjamin Button,TRUE,Gwendolyn Yates Whittle,adr editor,TRUE,Sound Editing,
2008,Dialogue and ADR for Feature Film,The Curious Case of Benjamin Button,TRUE,Jeremy Molod,adr editor,FALSE,Sound Editing,
2008,Dialogue and ADR for Feature Film,The Curious Case of Benjamin Button,TRUE,Marilyn McCoppen,dialogue editor,FALSE,Sound Editing,
2008,Dialogue and ADR for Feature Film,The Curious Case of Benjamin Button,TRUE,Ren Klyce,sound editor,TRUE,Sound Editing,
2008,Dialogue and ADR for Feature Film,The Curious Case of Benjamin Button,TRUE,Richard Quinn,dialogue editor,TRUE,Sound Editing,
2008,Dialogue and ADR for Feature Film,The Curious Case of Benjamin Button,TRUE,Stuart McCowen,dialogue editor,FALSE,Sound Editing,
2008,Dialogue and ADR for Feature Film,Cloverfield,FALSE,Cheryl Nardi,dialogue editor,TRUE,Sound Editing,
2008,Dialogue and ADR for Feature Film,Cloverfield,FALSE,Douglas Murray,sound editor,TRUE,Sound Editing,
2008,Dialogue and ADR for Feature Film,Cloverfield,FALSE,Douglas Murray,adr editor,TRUE,Sound Editing,
2008,Dialogue and ADR for Feature Film,Cloverfield,FALSE,Gwendolyn Yates Whittle,adr editor,FALSE,Sound Editing,
2008,Dialogue and ADR for Feature Film,Cloverfield,FALSE,Sue Fox,adr editor,FALSE,Sound Editing,
2008,Dialogue and ADR for Feature Film,Cloverfield,FALSE,Will Files,sound editor,TRUE,Sound Editing,
2008,Dialogue and ADR for Feature Film,Frost/Nixon,FALSE,Anthony J. Ciccolini III,sound editor,TRUE,Sound Editing,
2008,Dialogue and ADR for Feature Film,Frost/Nixon,FALSE,David A. Arnold,dialogue editor,FALSE,Sound Editing,
2008,Dialogue and ADR for Feature Film,Frost/Nixon,FALSE,Deborah Wallach,adr editor,TRUE,Sound Editing,
2008,Dialogue and ADR for Feature Film,Frost/Nixon,FALSE,Teri E. Dorman,dialogue editor,TRUE,Sound Editing,
2008,Dialogue and ADR for Feature Film,Iron Man,FALSE,Frank E. Eulner,sound editor,TRUE,Sound Editing,
2008,Dialogue and ADR for Feature Film,Iron Man,FALSE,Gwendolyn Yates Whittle,adr editor,FALSE,Sound Editing,
2008,Dialogue and ADR for Feature Film,Iron Man,FALSE,John Nutt,adr editor,FALSE,Sound Editing,
2008,Dialogue and ADR for Feature Film,Iron Man,FALSE,Karen Spangenberg,dialogue editor,FALSE,Sound Editing,
2008,Dialogue and ADR for Feature Film,Iron Man,FALSE,Marshall Winn,dialogue editor,FALSE,Sound Editing,
2008,Dialogue and ADR for Feature Film,Iron Man,FALSE,Michael Silvers,adr editor,TRUE,Sound Editing,
2008,Dialogue and ADR for Feature Film,Milk,FALSE,Leslie Shatz,sound editor,TRUE,Sound Editing,
2008,Dialogue and ADR for Feature Film,Milk,FALSE,Robert Jackson,dialogue editor,TRUE,Sound Editing,
2008,Dialogue and ADR for Feature Film,Revolutionary Road,FALSE,Dan Korintus,dialogue editor,FALSE,Sound Editing,
2008,Dialogue and ADR for Feature Film,Revolutionary Road,FALSE,Jacob Ribicoff,sound editor,TRUE,Sound Editing,
2008,Dialogue and ADR for Feature Film,Revolutionary Road,FALSE,Nicholas Renbeck,dialogue editor,FALSE,Sound Editing,
2008,Dialogue and ADR for Feature Film,Revolutionary Road,FALSE,Tony Martinez,dialogue,TRUE,Sound Editing,
2008,Dialogue and ADR for Feature Film,Revolutionary Road,FALSE,Tony Martinez,adr editor,FALSE,Sound Editing,
2008,Dialogue and ADR for Feature Film,Revolutionary Road,FALSE,Warren Shaw,sound editor,TRUE,Sound Editing,
2008,Dialogue and ADR for Feature Film,The Dark Knight,FALSE,Hugo Weng,dialogue editor,TRUE,Sound Editing,
2008,Dialogue and ADR for Feature Film,The Dark Knight,FALSE,Linda Folk,adr editor,TRUE,Sound Editing,
2008,Dialogue and ADR for Feature Film,The Dark Knight,FALSE,Michael Magill,dialogue editor,FALSE,Sound Editing,
2008,Dialogue and ADR for Feature Film,The Dark Knight,FALSE,Richard King,sound editor,TRUE,Sound Editing,
2008,Dialogue and ADR for Feature Film,The Mummy: Tomb of the Dragon Emperor,FALSE,Becky Sullivan,sound editor,TRUE,Sound Editing,
2008,Dialogue and ADR for Feature Film,The Mummy: Tomb of the Dragon Emperor,FALSE,Becky Sullivan,adr editor,TRUE,Sound Editing,
2008,Dialogue and ADR for Feature Film,The Mummy: Tomb of the Dragon Emperor,FALSE,Daniel S. Irwin,dialogue editor,TRUE,Sound Editing,
2008,Dialogue and ADR for Feature Film,The Mummy: Tomb of the Dragon Emperor,FALSE,John C. Stuver,dialogue editor,FALSE,Sound Editing,
2008,Dialogue and ADR for Feature Film,The Mummy: Tomb of the Dragon Emperor,FALSE,Michelle Pazer,adr editor,FALSE,Sound Editing,
2008,Feature Underscore,The Dark Knight,TRUE,Alex Gibson,music editor,TRUE,,
2008,Feature Underscore,The Dark Knight,TRUE,Daniel Pinder,music editor,FALSE,,
2008,Feature Underscore,Bedtime Stories,FALSE,J.J. George,music editor,TRUE,,
2008,Feature Underscore,Bedtime Stories,FALSE,Kevin Crehan,music editor,FALSE,,
2008,Feature Underscore,Bedtime Stories,FALSE,Tom Kramer,music editor,FALSE,,
2008,Feature Underscore,Hellboy II: The Golden Army,FALSE,Shie Rozow,music editor,TRUE,,
2008,Feature Underscore,Iron Man,FALSE,David Klotz,music editor,FALSE,,
2008,Feature Underscore,Iron Man,FALSE,Shannon Erbe,music editor,FALSE,,
2008,Feature Underscore,Iron Man,FALSE,Tanya Noel Hill,music editor,FALSE,,
2008,Feature Underscore,Nick & Norah's Infinite Playlist,FALSE,Andrew Dorfman,music editor,TRUE,,
2008,Feature Underscore,Slumdog Millionaire,FALSE,Niv Adiri,music editor,TRUE,,
2008,Feature Underscore,The Curious Case of Benjamin Button,FALSE,Erik Swanson,music editor,FALSE,,
2008,Feature Underscore,The Curious Case of Benjamin Button,FALSE,Joe E. Rand,music editor,TRUE,,
2008,Feature Underscore,The Curious Case of Benjamin Button,FALSE,Marie Ebbing,music editor,FALSE,,
2008,Feature Underscore,The Curious Case of Benjamin Button,FALSE,Ren Klyce,music editor,FALSE,,
2008,Feature Underscore,The Curious Case of Benjamin Button,FALSE,Robert Wolff,music editor,FALSE,,
2008,Musical for Feature Film,Mamma Mia!,TRUE,Martin Lowe,musical director,FALSE,,
2008,Musical for Feature Film,Mamma Mia!,TRUE,Robert Houston,music editor,FALSE,,
2008,Musical for Feature Film,Mamma Mia!,TRUE,Tony Lewis,music editor,TRUE,,
2008,Musical for Feature Film,High School Musical 3: Senior Year,FALSE,Charles Martin Inouye,music editor,TRUE,,
2008,Musical for Feature Film,High School Musical 3: Senior Year,FALSE,Tanya Noel Hill,music editor,FALSE,,
2008,Musical for Feature Film,How She Move,FALSE,Kenn Michael,music editor,FALSE,,
2008,Musical for Feature Film,How She Move,FALSE,Kevin Banks,music editor,TRUE,,
2008,Musical for Feature Film,How She Move,FALSE,Yuri Gorbachow,music editor,FALSE,,
2008,Musical for Feature Film,Shine a Light,FALSE,Tass Filipos,music editor,FALSE,,
2008,Sound Effects and Foley for Feature Film,The Dark Knight,TRUE,Alyson Dee Moore,foley artist,FALSE,Sound Editing,
2008,Sound Effects and Foley for Feature Film,The Dark Knight,TRUE,Christopher Flick,foley editor,TRUE,Sound Editing,
2008,Sound Effects and Foley for Feature Film,The Dark Knight,TRUE,Hamilton Sterling,sound effects editor,FALSE,Sound Editing,
2008,Sound Effects and Foley for Feature Film,The Dark Knight,TRUE,John Roesch,foley artist,FALSE,Sound Editing,
2008,Sound Effects and Foley for Feature Film,The Dark Knight,TRUE,Michael Babcock,sound effects editor,FALSE,Sound Editing,
2008,Sound Effects and Foley for Feature Film,The Dark Knight,TRUE,Michael W. Mitchell,sound effects editor,FALSE,Sound Editing,
2008,Sound Effects and Foley for Feature Film,The Dark Knight,TRUE,Richard King,sound editor,TRUE,Sound Editing,
2008,Sound Effects and Foley for Feature Film,The Dark Knight,TRUE,Richard King,sound designer,FALSE,Sound Editing,
2008,Sound Effects and Foley for Feature Film,Cloverfield,FALSE,Andrea Gard,sound effects editor,FALSE,Sound Editing,
2008,Sound Effects and Foley for Feature Film,Cloverfield,FALSE,Andy Malcolm,foley artist,FALSE,Sound Editing,
2008,Sound Effects and Foley for Feature Film,Cloverfield,FALSE,Douglas Murray,sound editors,TRUE,Sound Editing,
2008,Sound Effects and Foley for Feature Film,Cloverfield,FALSE,Douglas Murray,sound designer,FALSE,Sound Editing,
2008,Sound Effects and Foley for Feature Film,Cloverfield,FALSE,Goro Koyama,foley artist,FALSE,Sound Editing,
2008,Sound Effects and Foley for Feature Film,Cloverfield,FALSE,Josh Gold,sound effects editor,FALSE,Sound Editing,
2008,Sound Effects and Foley for Feature Film,Cloverfield,FALSE,Kim Foscato,sound effects editor,FALSE,Sound Editing,
2008,Sound Effects and Foley for Feature Film,Cloverfield,FALSE,Luke Dunn Gielmuda,sound effects editor,FALSE,Sound Editing,
2008,Sound Effects and Foley for Feature Film,Cloverfield,FALSE,Robert Shoup,sound effects editor,FALSE,Sound Editing,
2008,Sound Effects and Foley for Feature Film,Cloverfield,FALSE,Samuel H. Hinckley,foley editor,FALSE,Sound Editing,
2008,Sound Effects and Foley for Feature Film,Cloverfield,FALSE,Steve Bissinger,sound effects editor,FALSE,Sound Editing,
2008,Sound Effects and Foley for Feature Film,Cloverfield,FALSE,Will Files,sound editors,TRUE,Sound Editing,
2008,Sound Effects and Foley for Feature Film,Cloverfield,FALSE,Will Files,sound designer,FALSE,Sound Editing,
2008,Sound Effects and Foley for Feature Film,Eagle Eye,FALSE,Albert Gasser,sound effects editor,FALSE,Sound Editing,
2008,Sound Effects and Foley for Feature Film,Eagle Eye,FALSE,Bruce Tanis,sound effects editor,FALSE,Sound Editing,
2008,Sound Effects and Foley for Feature Film,Eagle Eye,FALSE,Christopher Assells,sound effects editor,FALSE,Sound Editing,
2008,Sound Effects and Foley for Feature Film,Eagle Eye,FALSE,Craig S. Jaeger,foley editor,TRUE,Sound Editing,
2008,Sound Effects and Foley for Feature Film,Eagle Eye,FALSE,Dan Hegeman,sound effects editor,FALSE,Sound Editing,
2008,Sound Effects and Foley for Feature Film,Eagle Eye,FALSE,Dan O'Connell,foley artist,FALSE,Sound Editing,
2008,Sound Effects and Foley for Feature Film,Eagle Eye,FALSE,Dino Dimuro,sound effects editor,FALSE,Sound Editing,
2008,Sound Effects and Foley for Feature Film,Eagle Eye,FALSE,Glenn T. Morgan,foley editor,TRUE,Sound Editing,
2008,Sound Effects and Foley for Feature Film,Eagle Eye,FALSE,Hector C. Gika,sound effects editor,FALSE,Sound Editing,
2008,Sound Effects and Foley for Feature Film,Eagle Eye,FALSE,John T. Cucci,foley artist,FALSE,Sound Editing,
2008,Sound Effects and Foley for Feature Film,Eagle Eye,FALSE,Karen Baker Landers,sound editor,TRUE,Sound Editing,
2008,Sound Effects and Foley for Feature Film,Eagle Eye,FALSE,Per Hallberg,sound editor,TRUE,Sound Editing,
2008,Sound Effects and Foley for Feature Film,Eagle Eye,FALSE,Peter Staubli,sound effects editor,FALSE,Sound Editing,
2008,Sound Effects and Foley for Feature Film,Indiana Jones and the Kingdom of the Crystal Skull,FALSE,Addison Teague,sound effects editor,FALSE,Sound Editing,
2008,Sound Effects and Foley for Feature Film,Indiana Jones and the Kingdom of the Crystal Skull,FALSE,Ben Burtt,sound editor,TRUE,Sound Editing,
2008,Sound Effects and Foley for Feature Film,Indiana Jones and the Kingdom of the Crystal Skull,FALSE,Ben Burtt,sound designer,FALSE,Sound Editing,
2008,Sound Effects and Foley for Feature Film,Indiana Jones and the Kingdom of the Crystal Skull,FALSE,Christopher Scarabosio,sound designer,FALSE,Sound Editing,
2008,Sound Effects and Foley for Feature Film,Indiana Jones and the Kingdom of the Crystal Skull,FALSE,Dennie Thorpe,foley artist,FALSE,Sound Editing,
2008,Sound Effects and Foley for Feature Film,Indiana Jones and the Kingdom of the Crystal Skull,FALSE,Ellen Heuer,foley artist,FALSE,Sound Editing,
2008,Sound Effects and Foley for Feature Film,Indiana Jones and the Kingdom of the Crystal Skull,FALSE,Jana Vance,foley artist,FALSE,Sound Editing,
2008,Sound Effects and Foley for Feature Film,Indiana Jones and the Kingdom of the Crystal Skull,FALSE,Krysten Mate,sound effects editor,FALSE,Sound Editing,
2008,Sound Effects and Foley for Feature Film,Indiana Jones and the Kingdom of the Crystal Skull,FALSE,Luke Dunn Gielmuda,foley editor,TRUE,Sound Editing,
2008,Sound Effects and Foley for Feature Film,Indiana Jones and the Kingdom of the Crystal Skull,FALSE,Pascal Garneau,foley editor,FALSE,Sound Editing,
2008,Sound Effects and Foley for Feature Film,Indiana Jones and the Kingdom of the Crystal Skull,FALSE,Richard Hymns,sound editor,TRUE,Sound Editing,
2008,Sound Effects and Foley for Feature Film,Indiana Jones and the Kingdom of the Crystal Skull,FALSE,Shannon Mills,sound effects editor,FALSE,Sound Editing,
2008,Sound Effects and Foley for Feature Film,Indiana Jones and the Kingdom of the Crystal Skull,FALSE,Tim Nielsen,sound effects editor,FALSE,Sound Editing,
2008,Sound Effects and Foley for Feature Film,Iron Man,FALSE,Christopher Boyes,sound editor,TRUE,Sound Editing,
2008,Sound Effects and Foley for Feature Film,Iron Man,FALSE,Christopher Boyes,sound designer,FALSE,Sound Editing,
2008,Sound Effects and Foley for Feature Film,Iron Man,FALSE,Dennie Thorpe,foley artist,FALSE,Sound Editing,
2008,Sound Effects and Foley for Feature Film,Iron Man,FALSE,Ellen Heuer,foley artist,FALSE,Sound Editing,
2008,Sound Effects and Foley for Feature Film,Iron Man,FALSE,Frank E. Eulner,sound editor,TRUE,Sound Editing,
2008,Sound Effects and Foley for Feature Film,Iron Man,FALSE,J.R. Grubbs,sound effects editor,FALSE,Sound Editing,
2008,Sound Effects and Foley for Feature Film,Iron Man,FALSE,James Likowski,foley editor,FALSE,Sound Editing,
2008,Sound Effects and Foley for Feature Film,Iron Man,FALSE,Jana Vance,foley artist,FALSE,Sound Editing,
2008,Sound Effects and Foley for Feature Film,Iron Man,FALSE,Ken Fischer,sound effects editor,FALSE,Sound Editing,
2008,Sound Effects and Foley for Feature Film,Iron Man,FALSE,Robert Shoup,foley editor,FALSE,Sound Editing,
2008,Sound Effects and Foley for Feature Film,Iron Man,FALSE,Ronni Brown,foley artist,FALSE,Sound Editing,
2008,Sound Effects and Foley for Feature Film,Iron Man,FALSE,Shannon Mills,sound designer,FALSE,Sound Editing,
2008,Sound Effects and Foley for Feature Film,Speed Racer,FALSE,Adam Kopald,sound editor,FALSE,Sound Editing,
2008,Sound Effects and Foley for Feature Film,Speed Racer,FALSE,Bill R. Dean,sound editor,TRUE,Sound Editing,
2008,Sound Effects and Foley for Feature Film,Speed Racer,FALSE,Bryan O. Watkins,sound editor,FALSE,Sound Editing,
2008,Sound Effects and Foley for Feature Film,Speed Racer,FALSE,Christopher S. Aud,sound editor,FALSE,Sound Editing,
2008,Sound Effects and Foley for Feature Film,Speed Racer,FALSE,Dane Davis,sound editor,TRUE,Sound Editing,
2008,Sound Effects and Foley for Feature Film,Speed Racer,FALSE,Dane Davis,sound designer,FALSE,Sound Editing,
2008,Sound Effects and Foley for Feature Film,Speed Racer,FALSE,David A. Whittaker,sound editor,FALSE,Sound Editing,
2008,Sound Effects and Foley for Feature Film,Speed Racer,FALSE,David Lee Fein,foley artist,FALSE,Sound Editing,
2008,Sound Effects and Foley for Feature Film,Speed Racer,FALSE,David Werntz,sound editor,FALSE,Sound Editing,
2008,Sound Effects and Foley for Feature Film,Speed Racer,FALSE,Drew Yerys,sound editor,FALSE,Sound Editing,
2008,Sound Effects and Foley for Feature Film,Speed Racer,FALSE,John Roesch,foley artist,FALSE,Sound Editing,
2008,Sound Effects and Foley for Feature Film,Speed Racer,FALSE,Mike Chock,sound editor,FALSE,Sound Editing,
2008,Sound Effects and Foley for Feature Film,Speed Racer,FALSE,Scott Curtis,foley editor,TRUE,Sound Editing,
2008,Sound Effects and Foley for Feature Film,Speed Racer,FALSE,Tom Ozanich,sound editor,FALSE,Sound Editing,
2008,Sound Effects and Foley for Feature Film,The Curious Case of Benjamin Button,FALSE,Alyson Dee Moore,foley artist,FALSE,Sound Editing,
2008,Sound Effects and Foley for Feature Film,The Curious Case of Benjamin Button,FALSE,Coya Elliot,sound editor,FALSE,Sound Editing,
2008,Sound Effects and Foley for Feature Film,The Curious Case of Benjamin Button,FALSE,John Roesch,foley artist,FALSE,Sound Editing,
2008,Sound Effects and Foley for Feature Film,The Curious Case of Benjamin Button,FALSE,Larry Oatfield,sound editor,FALSE,Sound Editing,
2008,Sound Effects and Foley for Feature Film,The Curious Case of Benjamin Button,FALSE,Malcolm Fife,sound editor,FALSE,Sound Editing,
2008,Sound Effects and Foley for Feature Film,The Curious Case of Benjamin Button,FALSE,Ren Klyce,sound editor,TRUE,Sound Editing,
2008,Sound Effects and Foley for Feature Film,The Curious Case of Benjamin Button,FALSE,Ren Klyce,sound designer,FALSE,Sound Editing,
2008,Sound Effects and Foley for Feature Film,The Curious Case of Benjamin Button,FALSE,Thom Brennan,foley editor,TRUE,Sound Editing,
2008,Sound Effects and Foley for Feature Film,Wanted,FALSE,Ann Scibelli,sound designers,FALSE,Sound Editing,
2008,Sound Effects and Foley for Feature Film,Wanted,FALSE,Ann Scibelli,editor,FALSE,Sound Editing,
2008,Sound Effects and Foley for Feature Film,Wanted,FALSE,Branden Spencer,sound editor,FALSE,Sound Editing,
2008,Sound Effects and Foley for Feature Film,Wanted,FALSE,David Stanke,sound editor,FALSE,Sound Editing,
2008,Sound Effects and Foley for Feature Film,Wanted,FALSE,Harry Cohen,sound designers,FALSE,Sound Editing,
2008,Sound Effects and Foley for Feature Film,Wanted,FALSE,Harry Cohen,editor,FALSE,Sound Editing,
2008,Sound Effects and Foley for Feature Film,Wanted,FALSE,Hector C. Gika,sound editor,FALSE,Sound Editing,
2008,Sound Effects and Foley for Feature Film,Wanted,FALSE,James Moriana,foley artist,FALSE,Sound Editing,
2008,Sound Effects and Foley for Feature Film,Wanted,FALSE,Jeffrey Wilhoit,foley artist,FALSE,Sound Editing,
2008,Sound Effects and Foley for Feature Film,Wanted,FALSE,Jon Title,sound editor,FALSE,Sound Editing,
2008,Sound Effects and Foley for Feature Film,Wanted,FALSE,Margit Pfeiffer,sound editor,FALSE,Sound Editing,
2008,Sound Effects and Foley for Feature Film,Wanted,FALSE,Wylie Stateman,sound editor,TRUE,Sound Editing,
2008,"Sound Effects, Foley, Dialogue and ADR for Animated Feature Film",WALL-E,TRUE,Al Nelson,sound effects editor,FALSE,,
2008,"Sound Effects, Foley, Dialogue and ADR for Animated Feature Film",WALL-E,TRUE,Ben Burtt,sound designer,FALSE,,
2008,"Sound Effects, Foley, Dialogue and ADR for Animated Feature Film",WALL-E,TRUE,Bill Bernstein,music editor,FALSE,,
2008,"Sound Effects, Foley, Dialogue and ADR for Animated Feature Film",WALL-E,TRUE,Dennie Thorpe,foley artist,FALSE,,
2008,"Sound Effects, Foley, Dialogue and ADR for Animated Feature Film",WALL-E,TRUE,Dustin Cawood,sound effects editor,FALSE,,
2008,"Sound Effects, Foley, Dialogue and ADR for Animated Feature Film",WALL-E,TRUE,Jana Vance,foley artist,FALSE,,
2008,"Sound Effects, Foley, Dialogue and ADR for Animated Feature Film",WALL-E,TRUE,Juan Peralta,foley editor,FALSE,,
2008,"Sound Effects, Foley, Dialogue and ADR for Animated Feature Film",WALL-E,TRUE,Kevin Sellers,foley editor,FALSE,,
2008,"Sound Effects, Foley, Dialogue and ADR for Animated Feature Film",WALL-E,TRUE,Matthew Wood,sound editor,TRUE,,
2008,"Sound Effects, Foley, Dialogue and ADR for Animated Feature Film",WALL-E,TRUE,Steve Slanec,dialogue,FALSE,,
2008,"Sound Effects, Foley, Dialogue and ADR for Animated Feature Film",WALL-E,TRUE,Steve Slanec,adr editor,FALSE,,
2008,"Sound Effects, Foley, Dialogue and ADR for Animated Feature Film",WALL-E,TRUE,Teresa Eckton,sound effects editor,FALSE,,
2008,"Sound Effects, Foley, Dialogue and ADR for Animated Feature Film",Bolt,FALSE,Colette D. Dahanne,foley editor,FALSE,,
2008,"Sound Effects, Foley, Dialogue and ADR for Animated Feature Film",Bolt,FALSE,Dennie Thorpe,foley artist,FALSE,,
2008,"Sound Effects, Foley, Dialogue and ADR for Animated Feature Film",Bolt,FALSE,Ellen Heuer,foley artist,FALSE,,
2008,"Sound Effects, Foley, Dialogue and ADR for Animated Feature Film",Bolt,FALSE,Frank E. Eulner,sound editor,TRUE,,
2008,"Sound Effects, Foley, Dialogue and ADR for Animated Feature Film",Bolt,FALSE,J.R. Grubbs,sound effects editor,FALSE,,
2008,"Sound Effects, Foley, Dialogue and ADR for Animated Feature Film",Bolt,FALSE,James Likowski,foley editor,FALSE,,
2008,"Sound Effects, Foley, Dialogue and ADR for Animated Feature Film",Bolt,FALSE,Jana Vance,foley artist,FALSE,,
2008,"Sound Effects, Foley, Dialogue and ADR for Animated Feature Film",Bolt,FALSE,Marshall Winn,dialogue editor,FALSE,,
2008,"Sound Effects, Foley, Dialogue and ADR for Animated Feature Film",Bolt,FALSE,Michael Lyle,foley artist,FALSE,,
2008,"Sound Effects, Foley, Dialogue and ADR for Animated Feature Film",Bolt,FALSE,Randy Thom,sound editor,TRUE,,
2008,"Sound Effects, Foley, Dialogue and ADR for Animated Feature Film",Bolt,FALSE,Randy Thom,sound designer,FALSE,,
2008,"Sound Effects, Foley, Dialogue and ADR for Animated Feature Film",Bolt,FALSE,Scott Guitteau,sound effects editor,FALSE,,
2008,"Sound Effects, Foley, Dialogue and ADR for Animated Feature Film",Bolt,FALSE,Thomas A. Carlson,music editor,FALSE,,
2008,"Sound Effects, Foley, Dialogue and ADR for Animated Feature Film",Fear(s) of the Dark,FALSE,Bertrand Boudaud,foley artist,FALSE,,
2008,"Sound Effects, Foley, Dialogue and ADR for Animated Feature Film",Fear(s) of the Dark,FALSE,Emmanuel de Boissieu,sound designer,FALSE,,
2008,"Sound Effects, Foley, Dialogue and ADR for Animated Feature Film",Fear(s) of the Dark,FALSE,Emmanuel de Boissieu,sound re-recording mixer,FALSE,,
2008,"Sound Effects, Foley, Dialogue and ADR for Animated Feature Film",Fear(s) of the Dark,FALSE,Fred Demolder,sound editors,TRUE,,
2008,"Sound Effects, Foley, Dialogue and ADR for Animated Feature Film",Fear(s) of the Dark,FALSE,Fred Demolder,sound designer,FALSE,,
2008,"Sound Effects, Foley, Dialogue and ADR for Animated Feature Film",Fear(s) of the Dark,FALSE,Philippe van Leer,foley artist,FALSE,,
2008,"Sound Effects, Foley, Dialogue and ADR for Animated Feature Film",Fear(s) of the Dark,FALSE,Valène Leroy,sound editors,TRUE,,
2008,"Sound Effects, Foley, Dialogue and ADR for Animated Feature Film",Fear(s) of the Dark,FALSE,Valène Leroy,sound designer,FALSE,,
2008,"Sound Effects, Foley, Dialogue and ADR for Animated Feature Film",Horton Hears a Who!,FALSE,Andrea Gard,foley editor,FALSE,,
2008,"Sound Effects, Foley, Dialogue and ADR for Animated Feature Film",Horton Hears a Who!,FALSE,Colette D. Dahanne,sound effects editor,FALSE,,
2008,"Sound Effects, Foley, Dialogue and ADR for Animated Feature Film",Horton Hears a Who!,FALSE,Dennie Thorpe,foley artist,FALSE,,
2008,"Sound Effects, Foley, Dialogue and ADR for Animated Feature Film",Horton Hears a Who!,FALSE,Dennis Leonard,sound editor,TRUE,,
2008,"Sound Effects, Foley, Dialogue and ADR for Animated Feature Film",Horton Hears a Who!,FALSE,Ellen Heuer,foley artist,FALSE,,
2008,"Sound Effects, Foley, Dialogue and ADR for Animated Feature Film",Horton Hears a Who!,FALSE,Jana Vance,foley artist,FALSE,,
2008,"Sound Effects, Foley, Dialogue and ADR for Animated Feature Film",Horton Hears a Who!,FALSE,Jeremy Bowker,foley editor,FALSE,,
2008,"Sound Effects, Foley, Dialogue and ADR for Animated Feature Film",Horton Hears a Who!,FALSE,Jonathan Null,dialogue,TRUE,,
2008,"Sound Effects, Foley, Dialogue and ADR for Animated Feature Film",Horton Hears a Who!,FALSE,Jonathan Null,adr editor,FALSE,,
2008,"Sound Effects, Foley, Dialogue and ADR for Animated Feature Film",Horton Hears a Who!,FALSE,Kyrsten Mate,sound effects editor,FALSE,,
2008,"Sound Effects, Foley, Dialogue and ADR for Animated Feature Film",Horton Hears a Who!,FALSE,Mac Smith,sound effects editor,FALSE,,
2008,"Sound Effects, Foley, Dialogue and ADR for Animated Feature Film",Horton Hears a Who!,FALSE,Pete Horner,sound effects editor,FALSE,,
2008,"Sound Effects, Foley, Dialogue and ADR for Animated Feature Film",Horton Hears a Who!,FALSE,Randy Thom,sound editor,TRUE,,
2008,"Sound Effects, Foley, Dialogue and ADR for Animated Feature Film",Horton Hears a Who!,FALSE,Randy Thom,sound designer,FALSE,,
2008,"Sound Effects, Foley, Dialogue and ADR for Animated Feature Film",Horton Hears a Who!,FALSE,Ronni Brown,foley artist,FALSE,,
2008,"Sound Effects, Foley, Dialogue and ADR for Animated Feature Film",Horton Hears a Who!,FALSE,Steve Slanec,dialogue editor,FALSE,,
2008,"Sound Effects, Foley, Dialogue and ADR for Animated Feature Film",Horton Hears a Who!,FALSE,Sue Fox,foley editor,TRUE,,
2008,"Sound Effects, Foley, Dialogue and ADR for Animated Feature Film",Horton Hears a Who!,FALSE,Thomas A. Carlson,music editor,FALSE,,
2008,"Sound Effects, Foley, Dialogue and ADR for Animated Feature Film",Kung Fu Panda,FALSE,Adam Milo Smalley,music editor,FALSE,,
2008,"Sound Effects, Foley, Dialogue and ADR for Animated Feature Film",Kung Fu Panda,FALSE,Dan O'Connell,foley artist,FALSE,,
2008,"Sound Effects, Foley, Dialogue and ADR for Animated Feature Film",Kung Fu Panda,FALSE,Erik Aadahl,sound editors,TRUE,,
2008,"Sound Effects, Foley, Dialogue and ADR for Animated Feature Film",Kung Fu Panda,FALSE,Erik Aadahl,sound designer,FALSE,,
2008,"Sound Effects, Foley, Dialogue and ADR for Animated Feature Film",Kung Fu Panda,FALSE,Ethan Van der Ryn,sound editors,TRUE,,
2008,"Sound Effects, Foley, Dialogue and ADR for Animated Feature Film",Kung Fu Panda,FALSE,Ethan Van der Ryn,sound designer,FALSE,,
2008,"Sound Effects, Foley, Dialogue and ADR for Animated Feature Film",Kung Fu Panda,FALSE,John T. Cucci,foley artist,FALSE,,
2008,"Sound Effects, Foley, Dialogue and ADR for Animated Feature Film",Kung Fu Panda,FALSE,Jonathan Klein,foley editor,TRUE,,
2008,"Sound Effects, Foley, Dialogue and ADR for Animated Feature Film",Kung Fu Panda,FALSE,Mike Hopkins,dialogue,TRUE,,
2008,"Sound Effects, Foley, Dialogue and ADR for Animated Feature Film",Kung Fu Panda,FALSE,Mike Hopkins,adr editor,FALSE,,
2008,"Sound Effects, Foley, Dialogue and ADR for Animated Feature Film",Kung Fu Panda,FALSE,P.K. Hooker,sound effects editor,FALSE,,
2008,"Sound Effects, Foley, Dialogue and ADR for Animated Feature Film",Kung Fu Panda,FALSE,Paul Pirola,sound effects editor,FALSE,,
2008,"Sound Effects, Foley, Dialogue and ADR for Animated Feature Film",Kung Fu Panda,FALSE,Peter Oso Snell,music editor,FALSE,,
2008,"Sound Effects, Foley, Dialogue and ADR for Animated Feature Film",Kung Fu Panda,FALSE,Wayne Lemmer,adr editor,FALSE,,
2008,"Sound Effects, Foley, Dialogue and ADR for Animated Feature Film",Madagascar: Escape 2 Africa,FALSE,Dennie Thorpe,foley artist,FALSE,,
2008,"Sound Effects, Foley, Dialogue and ADR for Animated Feature Film",Madagascar: Escape 2 Africa,FALSE,Dennis Leonard,sound editor,TRUE,,
2008,"Sound Effects, Foley, Dialogue and ADR for Animated Feature Film",Madagascar: Escape 2 Africa,FALSE,Dustin Cawood,sound effects editor,FALSE,,
2008,"Sound Effects, Foley, Dialogue and ADR for Animated Feature Film",Madagascar: Escape 2 Africa,FALSE,Jana Vance,foley artist,FALSE,,
2008,"Sound Effects, Foley, Dialogue and ADR for Animated Feature Film",Madagascar: Escape 2 Africa,FALSE,Jonathan Null,dialogue,TRUE,,
2008,"Sound Effects, Foley, Dialogue and ADR for Animated Feature Film",Madagascar: Escape 2 Africa,FALSE,Jonathan Null,adr editor,FALSE,,
2008,"Sound Effects, Foley, Dialogue and ADR for Animated Feature Film",Madagascar: Escape 2 Africa,FALSE,Larry Oatfield,foley editor,FALSE,,
2008,"Sound Effects, Foley, Dialogue and ADR for Animated Feature Film",Madagascar: Escape 2 Africa,FALSE,Mac Smith,sound effects editor,FALSE,,
2008,"Sound Effects, Foley, Dialogue and ADR for Animated Feature Film",Madagascar: Escape 2 Africa,FALSE,Pete Horner,sound effects editor,FALSE,,
2008,"Sound Effects, Foley, Dialogue and ADR for Animated Feature Film",Madagascar: Escape 2 Africa,FALSE,Randy Thom,sound designer,FALSE,,
2008,"Sound Effects, Foley, Dialogue and ADR for Animated Feature Film",Madagascar: Escape 2 Africa,FALSE,Slamm Andrews,music editor,FALSE,,
2008,"Sound Effects, Foley, Dialogue and ADR for Animated Feature Film",Madagascar: Escape 2 Africa,FALSE,Sue Fox,foley editor,TRUE,,
2008,"Sound Effects, Foley, Dialogue and ADR for Animated Feature Film",Madagascar: Escape 2 Africa,FALSE,Will Files,sound editor,TRUE,,
2008,"Sound Effects, Foley, Dialogue and ADR for Animated Feature Film",Madagascar: Escape 2 Africa,FALSE,Will Files,sound designer,FALSE,,
2008,"Sound Effects, Foley, Dialogue and ADR for Animated Feature Film",The Tale of Despereaux,FALSE,Anna MacKenzie,adr editor,FALSE,,
2008,"Sound Effects, Foley, Dialogue and ADR for Animated Feature Film",The Tale of Despereaux,FALSE,Chris Jargo,dialogue,TRUE,,
2008,"Sound Effects, Foley, Dialogue and ADR for Animated Feature Film",The Tale of Despereaux,FALSE,Chris Jargo,adr editor,FALSE,,
2008,"Sound Effects, Foley, Dialogue and ADR for Animated Feature Film",The Tale of Despereaux,FALSE,Diane Marshall,foley artist,FALSE,,
2008,"Sound Effects, Foley, Dialogue and ADR for Animated Feature Film",The Tale of Despereaux,FALSE,James Moriana,foley artist,FALSE,,
2008,"Sound Effects, Foley, Dialogue and ADR for Animated Feature Film",The Tale of Despereaux,FALSE,Jeffrey Wilhoit,foley artist,FALSE,,
2008,"Sound Effects, Foley, Dialogue and ADR for Animated Feature Film",The Tale of Despereaux,FALSE,Jon Title,sound designer,FALSE,,
2008,"Sound Effects, Foley, Dialogue and ADR for Animated Feature Film",The Tale of Despereaux,FALSE,Lon Bender,sound editor,TRUE,,
2008,"Sound Effects, Foley, Dialogue and ADR for Animated Feature Film",The Tale of Despereaux,FALSE,Michael Hertlein,dialogue,FALSE,,
2008,"Sound Effects, Foley, Dialogue and ADR for Animated Feature Film",The Tale of Despereaux,FALSE,Michael Hertlein,adr editor,FALSE,,
2008,"Sound Effects, Foley, Dialogue and ADR for Animated Feature Film",The Tale of Despereaux,FALSE,Michelle Pazer,adr editor,FALSE,,
2008,"Sound Effects, Foley, Dialogue and ADR for Animated Feature Film",The Tale of Despereaux,FALSE,Nancy MacLeod,foley editor,TRUE,,
2008,"Sound Effects, Foley, Dialogue and ADR for Animated Feature Film",The Tale of Despereaux,FALSE,Paul Aulicino,sound effects editor,FALSE,,
2008,"Sound Effects, Foley, Dialogue and ADR for Animated Feature Film",The Tale of Despereaux,FALSE,Peter Myles,music editor,FALSE,,
2008,"Sound Effects, Foley, Dialogue and ADR for Animated Feature Film",Waltz with Bashir,FALSE,Adrian Baumeister,dialogue editor,TRUE,,
2008,"Sound Effects, Foley, Dialogue and ADR for Animated Feature Film",Waltz with Bashir,FALSE,Aviv Aldema,sound editor,TRUE,,
2008,"Sound Effects, Foley, Dialogue and ADR for Animated Feature Film",Waltz with Bashir,FALSE,Aviv Aldema,designer,FALSE,,
2008,"Sound Effects, Foley, Dialogue and ADR for Animated Feature Film",Waltz with Bashir,FALSE,Carsten Richter,foley artist,FALSE,,
2008,"Sound Effects, Foley, Dialogue and ADR for Animated Feature Film",Waltz with Bashir,FALSE,Nili Feller,music editor,FALSE,,
2008,"Sound Effects, Foley, Dialogue and ADR for Animated Feature Film",Waltz with Bashir,FALSE,Noemi Hampel,sound effects designer,FALSE,,
2008,"Sound Effects, Foley, Dialogue and ADR for Foreign Language Feature Film",Slumdog Millionaire,TRUE,Ben Barker,sound effects editor,FALSE,,United Kingdom
2008,"Sound Effects, Foley, Dialogue and ADR for Foreign Language Feature Film",Slumdog Millionaire,TRUE,Gillian Dodders,dialogue editor,TRUE,,United Kingdom
2008,"Sound Effects, Foley, Dialogue and ADR for Foreign Language Feature Film",Slumdog Millionaire,TRUE,Gillian Dodders,adr editor,FALSE,,United Kingdom
2008,"Sound Effects, Foley, Dialogue and ADR for Foreign Language Feature Film",Slumdog Millionaire,TRUE,Glenn Freemantle,sound editors,TRUE,,United Kingdom
2008,"Sound Effects, Foley, Dialogue and ADR for Foreign Language Feature Film",Slumdog Millionaire,TRUE,Glenn Freemantle,sound designer,FALSE,,United Kingdom
2008,"Sound Effects, Foley, Dialogue and ADR for Foreign Language Feature Film",Slumdog Millionaire,TRUE,Hugo Adams,foley editor,TRUE,,United Kingdom
2008,"Sound Effects, Foley, Dialogue and ADR for Foreign Language Feature Film",Slumdog Millionaire,TRUE,Jack Stew,foley artist,FALSE,,United Kingdom
2008,"Sound Effects, Foley, Dialogue and ADR for Foreign Language Feature Film",Slumdog Millionaire,TRUE,Lee Herrick,dialogue editor,FALSE,,United Kingdom
2008,"Sound Effects, Foley, Dialogue and ADR for Foreign Language Feature Film",Slumdog Millionaire,TRUE,Niv Adiri,sound effects editor,FALSE,,United Kingdom
2008,"Sound Effects, Foley, Dialogue and ADR for Foreign Language Feature Film",Slumdog Millionaire,TRUE,Peter Burgis,foley artist,FALSE,,United Kingdom
2008,"Sound Effects, Foley, Dialogue and ADR for Foreign Language Feature Film",Slumdog Millionaire,TRUE,Ricky Butt,foley artist,FALSE,,United Kingdom
2008,"Sound Effects, Foley, Dialogue and ADR for Foreign Language Feature Film",Slumdog Millionaire,TRUE,Tom Sayers,sound editors,TRUE,,United Kingdom
2008,"Sound Effects, Foley, Dialogue and ADR for Foreign Language Feature Film",Slumdog Millionaire,TRUE,Tom Sayers,sound designer,FALSE,,United Kingdom
2008,"Sound Effects, Foley, Dialogue and ADR for Foreign Language Feature Film",Australia,FALSE,Anne Breslin,dialogue editor,FALSE,,Australia United Kingdom United States
2008,"Sound Effects, Foley, Dialogue and ADR for Foreign Language Feature Film",Australia,FALSE,Damian Candusso,sound effects editor,FALSE,,Australia United Kingdom United States
2008,"Sound Effects, Foley, Dialogue and ADR for Foreign Language Feature Film",Australia,FALSE,Damon Mouris,sound effects editor,FALSE,,Australia United Kingdom United States
2008,"Sound Effects, Foley, Dialogue and ADR for Foreign Language Feature Film",Australia,FALSE,Derryn Pasquill,dialogue editor,FALSE,,Australia United Kingdom United States
2008,"Sound Effects, Foley, Dialogue and ADR for Foreign Language Feature Film",Australia,FALSE,Fabian Sanjurjo,sound effects editor,TRUE,,Australia United Kingdom United States
2008,"Sound Effects, Foley, Dialogue and ADR for Foreign Language Feature Film",Australia,FALSE,Jenny T. Ward,sound editor,FALSE,,Australia United Kingdom United States
2008,"Sound Effects, Foley, Dialogue and ADR for Foreign Language Feature Film",Australia,FALSE,John Simpson,foley artist,FALSE,,Australia United Kingdom United States
2008,"Sound Effects, Foley, Dialogue and ADR for Foreign Language Feature Film",Australia,FALSE,Libby Villa,dialogue editor,FALSE,,Australia United Kingdom United States
2008,"Sound Effects, Foley, Dialogue and ADR for Foreign Language Feature Film",Australia,FALSE,Mark Franken,sound effects editor,FALSE,,Australia United Kingdom United States
2008,"Sound Effects, Foley, Dialogue and ADR for Foreign Language Feature Film",Australia,FALSE,Nick Breslin,dialogue editor,TRUE,,Australia United Kingdom United States
2008,"Sound Effects, Foley, Dialogue and ADR for Foreign Language Feature Film",Australia,FALSE,Nigel Christensen,sound effects editor,FALSE,,Australia United Kingdom United States
2008,"Sound Effects, Foley, Dialogue and ADR for Foreign Language Feature Film",Australia,FALSE,Polly McKinnon,dialogue editor,FALSE,,Australia United Kingdom United States
2008,"Sound Effects, Foley, Dialogue and ADR for Foreign Language Feature Film",Australia,FALSE,Rick Lisle,foley editor,TRUE,,Australia United Kingdom United States
2008,"Sound Effects, Foley, Dialogue and ADR for Foreign Language Feature Film",Australia,FALSE,Simon Hewitt,foley artist,FALSE,,Australia United Kingdom United States
2008,"Sound Effects, Foley, Dialogue and ADR for Foreign Language Feature Film",Australia,FALSE,Sonal Joshi,dialogue editor,TRUE,,Australia United Kingdom United States
2008,"Sound Effects, Foley, Dialogue and ADR for Foreign Language Feature Film",Australia,FALSE,Wayne Pashley,sound,TRUE,,Australia United Kingdom United States
2008,"Sound Effects, Foley, Dialogue and ADR for Foreign Language Feature Film",Australia,FALSE,Wayne Pashley,adr editor,FALSE,,Australia United Kingdom United States
2008,"Sound Effects, Foley, Dialogue and ADR for Foreign Language Feature Film",Australia,FALSE,Wayne Pashley,sound designer,FALSE,,Australia United Kingdom United States
2008,"Sound Effects, Foley, Dialogue and ADR for Foreign Language Feature Film",Australia,FALSE,William Ward,sound effects editor,FALSE,,Australia United Kingdom United States
2008,"Sound Effects, Foley, Dialogue and ADR for Foreign Language Feature Film",Hellboy II: The Golden Army,FALSE,Alejandro Quevedo,sound designer,FALSE,,United States
2008,"Sound Effects, Foley, Dialogue and ADR for Foreign Language Feature Film",Hellboy II: The Golden Army,FALSE,Andie Derrick,foley artist,FALSE,,United States
2008,"Sound Effects, Foley, Dialogue and ADR for Foreign Language Feature Film",Hellboy II: The Golden Army,FALSE,Bryan Bowen,sound designer,FALSE,,United States
2008,"Sound Effects, Foley, Dialogue and ADR for Foreign Language Feature Film",Hellboy II: The Golden Army,FALSE,Christopher Barnett,sound designer,FALSE,,United States
2008,"Sound Effects, Foley, Dialogue and ADR for Foreign Language Feature Film",Hellboy II: The Golden Army,FALSE,Christopher Wilson,foley editor,FALSE,,United States
2008,"Sound Effects, Foley, Dialogue and ADR for Foreign Language Feature Film",Hellboy II: The Golden Army,FALSE,Dave McMoyler,foley editor,TRUE,,United States
2008,"Sound Effects, Foley, Dialogue and ADR for Foreign Language Feature Film",Hellboy II: The Golden Army,FALSE,David Stanke,sound effects editor,FALSE,,United States
2008,"Sound Effects, Foley, Dialogue and ADR for Foreign Language Feature Film",Hellboy II: The Golden Army,FALSE,Dominique Devoucoux,foley editor,FALSE,,United States
2008,"Sound Effects, Foley, Dialogue and ADR for Foreign Language Feature Film",Hellboy II: The Golden Army,FALSE,Harry Barnes,foley editor,FALSE,,United States
2008,"Sound Effects, Foley, Dialogue and ADR for Foreign Language Feature Film",Hellboy II: The Golden Army,FALSE,Jack Stew,foley artist,FALSE,,United States
2008,"Sound Effects, Foley, Dialogue and ADR for Foreign Language Feature Film",Hellboy II: The Golden Army,FALSE,James Moriana,foley artist,FALSE,,United States
2008,"Sound Effects, Foley, Dialogue and ADR for Foreign Language Feature Film",Hellboy II: The Golden Army,FALSE,Jeffrey Wilhoit,foley artist,FALSE,,United States
2008,"Sound Effects, Foley, Dialogue and ADR for Foreign Language Feature Film",Hellboy II: The Golden Army,FALSE,Martin Cantwell,sound designer,FALSE,,United States
2008,"Sound Effects, Foley, Dialogue and ADR for Foreign Language Feature Film",Hellboy II: The Golden Army,FALSE,Martin Hernández,sound editors,TRUE,,United States
2008,"Sound Effects, Foley, Dialogue and ADR for Foreign Language Feature Film",Hellboy II: The Golden Army,FALSE,Martin Hernández,sound designer,FALSE,,United States
2008,"Sound Effects, Foley, Dialogue and ADR for Foreign Language Feature Film",Hellboy II: The Golden Army,FALSE,Naiki Rossell,dialogue editor,FALSE,,United States
2008,"Sound Effects, Foley, Dialogue and ADR for Foreign Language Feature Film",Hellboy II: The Golden Army,FALSE,Nicolas Becker,foley artist,FALSE,,United States
2008,"Sound Effects, Foley, Dialogue and ADR for Foreign Language Feature Film",Hellboy II: The Golden Army,FALSE,Oliver Tarney,sound effects editor,FALSE,,United States
2008,"Sound Effects, Foley, Dialogue and ADR for Foreign Language Feature Film",Hellboy II: The Golden Army,FALSE,Paul Conway,adr editor,FALSE,,United States
2008,"Sound Effects, Foley, Dialogue and ADR for Foreign Language Feature Film",Hellboy II: The Golden Army,FALSE,Peter Burgis,foley artist,FALSE,,United States
2008,"Sound Effects, Foley, Dialogue and ADR for Foreign Language Feature Film",Hellboy II: The Golden Army,FALSE,Peter Zinda,sound designer,FALSE,,United States
2008,"Sound Effects, Foley, Dialogue and ADR for Foreign Language Feature Film",Hellboy II: The Golden Army,FALSE,Robert Shoup,additional adr supervisor,FALSE,,United States
2008,"Sound Effects, Foley, Dialogue and ADR for Foreign Language Feature Film",Hellboy II: The Golden Army,FALSE,Roland N. Thai,sound designer,FALSE,,United States
2008,"Sound Effects, Foley, Dialogue and ADR for Foreign Language Feature Film",Hellboy II: The Golden Army,FALSE,Sam Southwick,adr editor,FALSE,,United States
2008,"Sound Effects, Foley, Dialogue and ADR for Foreign Language Feature Film",Hellboy II: The Golden Army,FALSE,Scott Martin Gershin,sound editors,TRUE,,United States
2008,"Sound Effects, Foley, Dialogue and ADR for Foreign Language Feature Film",Hellboy II: The Golden Army,FALSE,Scott Martin Gershin,sound designer,FALSE,,United States
2008,"Sound Effects, Foley, Dialogue and ADR for Foreign Language Feature Film",Hellboy II: The Golden Army,FALSE,Sergio Diaz,lead dialogue editor,FALSE,,United States
2008,"Sound Effects, Foley, Dialogue and ADR for Foreign Language Feature Film",Hellboy II: The Golden Army,FALSE,Stephen P. Robinson,sound designer,FALSE,,United States
2008,"Sound Effects, Foley, Dialogue and ADR for Foreign Language Feature Film",Hellboy II: The Golden Army,FALSE,Tom Bellfort,dialogue,TRUE,,United States
2008,"Sound Effects, Foley, Dialogue and ADR for Foreign Language Feature Film",Hellboy II: The Golden Army,FALSE,Tom Bellfort,adr editor,FALSE,,United States
2008,"Sound Effects, Foley, Dialogue and ADR for Foreign Language Feature Film",Hellboy II: The Golden Army,FALSE,Tony Currie,adr editor,FALSE,,United States
2008,"Sound Effects, Foley, Dialogue and ADR for Foreign Language Feature Film",Hellboy II: The Golden Army,FALSE,Vanesa Lorena Tate,sound effects editor,FALSE,,United States
2008,"Sound Effects, Foley, Dialogue and ADR for Foreign Language Feature Film",In Bruges,FALSE,Andie Derrick,foley artist,FALSE,,
2008,"Sound Effects, Foley, Dialogue and ADR for Foreign Language Feature Film",In Bruges,FALSE,Arthur Graley,foley editor,FALSE,,
2008,"Sound Effects, Foley, Dialogue and ADR for Foreign Language Feature Film",In Bruges,FALSE,Dan Morgan,dialogue,TRUE,,
2008,"Sound Effects, Foley, Dialogue and ADR for Foreign Language Feature Film",In Bruges,FALSE,Dan Morgan,adr editor,FALSE,,
2008,"Sound Effects, Foley, Dialogue and ADR for Foreign Language Feature Film",In Bruges,FALSE,James Harrison,sound designer,FALSE,,
2008,"Sound Effects, Foley, Dialogue and ADR for Foreign Language Feature Film",In Bruges,FALSE,Julian Slater,sound editor,TRUE,,
2008,"Sound Effects, Foley, Dialogue and ADR for Foreign Language Feature Film",In Bruges,FALSE,Peter Burgis,foley artist,FALSE,,
2008,"Sound Effects, Foley, Dialogue and ADR for Foreign Language Feature Film",In Bruges,FALSE,Robert Brazier,foley editor,TRUE,,
2008,"Sound Effects, Foley, Dialogue and ADR for Foreign Language Feature Film",In Bruges,FALSE,Rowena Wilkinson,foley artist,FALSE,,
2008,"Sound Effects, Foley, Dialogue and ADR for Foreign Language Feature Film",In Bruges,FALSE,Sue Harding,foley artist,FALSE,,
2008,"Sound Effects, Foley, Dialogue and ADR for Foreign Language Feature Film",Quantum of Solace,FALSE,Alex Joseph,foley editor,TRUE,,
2008,"Sound Effects, Foley, Dialogue and ADR for Foreign Language Feature Film",Quantum of Solace,FALSE,Colin Ritchie,dialogue editor,FALSE,,
2008,"Sound Effects, Foley, Dialogue and ADR for Foreign Language Feature Film",Quantum of Solace,FALSE,Eddy Joseph,sound editor,TRUE,,
2008,"Sound Effects, Foley, Dialogue and ADR for Foreign Language Feature Film",Quantum of Solace,FALSE,Ian Waggott,foley artist,FALSE,,
2008,"Sound Effects, Foley, Dialogue and ADR for Foreign Language Feature Film",Quantum of Solace,FALSE,James Boyle,sound designer,FALSE,,
2008,"Sound Effects, Foley, Dialogue and ADR for Foreign Language Feature Film",Quantum of Solace,FALSE,James Harrison,sound effects editor,FALSE,,
2008,"Sound Effects, Foley, Dialogue and ADR for Foreign Language Feature Film",Quantum of Solace,FALSE,Martin Cantwell,sound designer,FALSE,,
2008,"Sound Effects, Foley, Dialogue and ADR for Foreign Language Feature Film",Quantum of Solace,FALSE,Oliver Tarney,sound effects editor,FALSE,,
2008,"Sound Effects, Foley, Dialogue and ADR for Foreign Language Feature Film",Quantum of Solace,FALSE,Peter Burgis,foley artist,FALSE,,
2008,"Sound Effects, Foley, Dialogue and ADR for Foreign Language Feature Film",Quantum of Solace,FALSE,Simon Chase,adr editor,TRUE,,
2008,"Sound Effects, Foley, Dialogue and ADR for Foreign Language Feature Film",Quantum of Solace,FALSE,Sue Harding,foley artist,FALSE,,
2008,"Sound Effects, Foley, Dialogue and ADR for Foreign Language Feature Film",Sukiyaki Western Django,FALSE,Jun Nakamura,sound,FALSE,,Japan
2008,"Sound Effects, Foley, Dialogue and ADR for Foreign Language Feature Film",The Chronicles of Narnia: Prince Caspian,FALSE,Andie Derrick,foley artist,FALSE,,United Kingdom United States
2008,"Sound Effects, Foley, Dialogue and ADR for Foreign Language Feature Film",The Chronicles of Narnia: Prince Caspian,FALSE,Bjorn Ole Schroeder,dialogue editor,TRUE,,United Kingdom United States
2008,"Sound Effects, Foley, Dialogue and ADR for Foreign Language Feature Film",The Chronicles of Narnia: Prince Caspian,FALSE,Daniel Laurie,adr editor,TRUE,,United Kingdom United States
2008,"Sound Effects, Foley, Dialogue and ADR for Foreign Language Feature Film",The Chronicles of Narnia: Prince Caspian,FALSE,Derek Trigg,foley editor,TRUE,,United Kingdom United States
2008,"Sound Effects, Foley, Dialogue and ADR for Foreign Language Feature Film",The Chronicles of Narnia: Prince Caspian,FALSE,Dominic Gibbs,sound effects editor,FALSE,,United Kingdom United States
2008,"Sound Effects, Foley, Dialogue and ADR for Foreign Language Feature Film",The Chronicles of Narnia: Prince Caspian,FALSE,James Boyle,sound designer,FALSE,,United Kingdom United States
2008,"Sound Effects, Foley, Dialogue and ADR for Foreign Language Feature Film",The Chronicles of Narnia: Prince Caspian,FALSE,James Mather,sound editor,TRUE,,United Kingdom United States
2008,"Sound Effects, Foley, Dialogue and ADR for Foreign Language Feature Film",The Chronicles of Narnia: Prince Caspian,FALSE,Jed Loughran,sound effects editor,FALSE,,United Kingdom United States
2008,"Sound Effects, Foley, Dialogue and ADR for Foreign Language Feature Film",The Chronicles of Narnia: Prince Caspian,FALSE,Joseph Stracey,sound effects editor,FALSE,,United Kingdom United States
2008,"Sound Effects, Foley, Dialogue and ADR for Foreign Language Feature Film",The Chronicles of Narnia: Prince Caspian,FALSE,Michael Fentum,sound effects editor,FALSE,,United Kingdom United States
2008,"Sound Effects, Foley, Dialogue and ADR for Foreign Language Feature Film",The Chronicles of Narnia: Prince Caspian,FALSE,Paul Ackerman,foley artist,FALSE,,United Kingdom United States
2008,"Sound Effects, Foley, Dialogue and ADR for Foreign Language Feature Film",The Chronicles of Narnia: Prince Caspian,FALSE,Peter Burgis,foley artist,FALSE,,United Kingdom United States
2008,"Sound Effects, Foley, Dialogue and ADR for Foreign Language Feature Film",The Chronicles of Narnia: Prince Caspian,FALSE,Ricky Butt,foley artist,FALSE,,United Kingdom United States
2008,"Sound Effects, Foley, Dialogue and ADR for Foreign Language Feature Film",The Chronicles of Narnia: Prince Caspian,FALSE,Sue Harding,foley artist,FALSE,,United Kingdom United States
2008,"Sound Effects, Foley, Dialogue and ADR for Foreign Language Feature Film",The Chronicles of Narnia: Prince Caspian,FALSE,Vanesa Lorena Tate,foley editor,FALSE,,United Kingdom United States
2007,Dialogue and ADR for Feature Film,The Bourne Ultimatum,TRUE,Anna MacKenzie,adr editor,TRUE,Sound Editing,
2007,Dialogue and ADR for Feature Film,The Bourne Ultimatum,TRUE,Chris Jargo,adr editor,FALSE,Sound Editing,
2007,Dialogue and ADR for Feature Film,The Bourne Ultimatum,TRUE,Frederick H. Stahly,dialogue editor,FALSE,Sound Editing,
2007,Dialogue and ADR for Feature Film,The Bourne Ultimatum,TRUE,Karen Baker Landers,sound editors,TRUE,Sound Editing,
2007,Dialogue and ADR for Feature Film,The Bourne Ultimatum,TRUE,Karen Baker Landers,sound designer,FALSE,Sound Editing,
2007,Dialogue and ADR for Feature Film,The Bourne Ultimatum,TRUE,Kimaree Long,dialogue editor,FALSE,Sound Editing,
2007,Dialogue and ADR for Feature Film,The Bourne Ultimatum,TRUE,Michelle Pazer,adr editor,FALSE,Sound Editing,
2007,Dialogue and ADR for Feature Film,The Bourne Ultimatum,TRUE,Per Hallberg,sound editors,TRUE,Sound Editing,
2007,Dialogue and ADR for Feature Film,The Bourne Ultimatum,TRUE,Per Hallberg,sound designer,FALSE,Sound Editing,
2007,Dialogue and ADR for Feature Film,American Gangster,FALSE,Anna MacKenzie,dialogue editor,FALSE,Sound Editing,
2007,Dialogue and ADR for Feature Film,American Gangster,FALSE,Chris Hogan,adr editor,FALSE,Sound Editing,
2007,Dialogue and ADR for Feature Film,American Gangster,FALSE,Chris Jargo,adr editor,TRUE,Sound Editing,
2007,Dialogue and ADR for Feature Film,American Gangster,FALSE,Frederick H. Stahly,dialogue editor,FALSE,Sound Editing,
2007,Dialogue and ADR for Feature Film,American Gangster,FALSE,Karen Baker Landers,sound editor,TRUE,Sound Editing,
2007,Dialogue and ADR for Feature Film,American Gangster,FALSE,Kimaree Long,dialogue editor,FALSE,Sound Editing,
2007,Dialogue and ADR for Feature Film,American Gangster,FALSE,Michelle Pazer,adr editor,FALSE,Sound Editing,
2007,Dialogue and ADR for Feature Film,American Gangster,FALSE,Per Hallberg,sound editor,TRUE,Sound Editing,
2007,Dialogue and ADR for Feature Film,Ghost Rider,FALSE,Bobbi Banks,adr editor,TRUE,Sound Editing,
2007,Dialogue and ADR for Feature Film,Ghost Rider,FALSE,Chris Hogan,dialogue editor,FALSE,Sound Editing,
2007,Dialogue and ADR for Feature Film,Ghost Rider,FALSE,Dane Davis,sound editor,TRUE,Sound Editing,
2007,Dialogue and ADR for Feature Film,Ghost Rider,FALSE,Dane Davis,sound designer,FALSE,Sound Editing,
2007,Dialogue and ADR for Feature Film,Ghost Rider,FALSE,David A. Cohen,dialogue editor,FALSE,Sound Editing,
2007,Dialogue and ADR for Feature Film,Ghost Rider,FALSE,Fred Stafford,adr editor,FALSE,Sound Editing,
2007,Dialogue and ADR for Feature Film,Ghost Rider,FALSE,Stephanie Flack,dialogue editor,TRUE,Sound Editing,
2007,Dialogue and ADR for Feature Film,Michael Clayton,FALSE,Dan Korintus,dialogue editor,FALSE,Sound Editing,
2007,Dialogue and ADR for Feature Film,Michael Clayton,FALSE,Kenton Jakub,adr editor,FALSE,Sound Editing,
2007,Dialogue and ADR for Feature Film,Michael Clayton,FALSE,Paul P. Soucek,sound editor,TRUE,Sound Editing,
2007,Dialogue and ADR for Feature Film,No Country for Old Men,FALSE,Byron Wilson,dialogue editor,TRUE,Sound Editing,
2007,Dialogue and ADR for Feature Film,No Country for Old Men,FALSE,Craig Berkey,sound editors,TRUE,Sound Editing,
2007,Dialogue and ADR for Feature Film,No Country for Old Men,FALSE,Craig Berkey,sound designer,FALSE,Sound Editing,
2007,Dialogue and ADR for Feature Film,No Country for Old Men,FALSE,Kenton Jakub,adr editor,TRUE,Sound Editing,
2007,Dialogue and ADR for Feature Film,No Country for Old Men,FALSE,Skip Lievsay,sound editors,TRUE,Sound Editing,
2007,Dialogue and ADR for Feature Film,No Country for Old Men,FALSE,Skip Lievsay,sound designer,FALSE,Sound Editing,
2007,Dialogue and ADR for Feature Film,Pirates of the Caribbean: At World's End,FALSE,Christopher Boyes,sound editor,TRUE,Sound Editing,
2007,Dialogue and ADR for Feature Film,Pirates of the Caribbean: At World's End,FALSE,David A. Arnold,dialogue editor,FALSE,Sound Editing,
2007,Dialogue and ADR for Feature Film,Pirates of the Caribbean: At World's End,FALSE,George Watters II,sound editor,TRUE,Sound Editing,
2007,Dialogue and ADR for Feature Film,Pirates of the Caribbean: At World's End,FALSE,Gloria D'Alessandro,dialogue editor,FALSE,Sound Editing,
2007,Dialogue and ADR for Feature Film,Pirates of the Caribbean: At World's End,FALSE,Julie Feiner,adr editor,FALSE,Sound Editing,
2007,Dialogue and ADR for Feature Film,Pirates of the Caribbean: At World's End,FALSE,Kimberly Harris,adr editor,TRUE,Sound Editing,
2007,Dialogue and ADR for Feature Film,Pirates of the Caribbean: At World's End,FALSE,Laura Graham,adr editor,FALSE,Sound Editing,
2007,Dialogue and ADR for Feature Film,Pirates of the Caribbean: At World's End,FALSE,Lucy Coldsnow-Smith,dialogue editor,FALSE,Sound Editing,
2007,Dialogue and ADR for Feature Film,Pirates of the Caribbean: At World's End,FALSE,Michele Perrone,adr editor,FALSE,Sound Editing,
2007,Dialogue and ADR for Feature Film,Pirates of the Caribbean: At World's End,FALSE,Teri E. Dorman,dialogue editor,TRUE,Sound Editing,
2007,Dialogue and ADR for Feature Film,The Bucket List,FALSE,Lon Bender,sound editor,TRUE,Sound Editing,
2007,Dialogue and ADR for Feature Film,The Bucket List,FALSE,Lon Bender,sound designer,FALSE,Sound Editing,
2007,Dialogue and ADR for Feature Film,The Bucket List,FALSE,Tim Boggs,adr editor,FALSE,Sound Editing,
2007,Dialogue and ADR for Feature Film,Transformers,FALSE,David Beadle,adr editor,FALSE,Sound Editing,
2007,Dialogue and ADR for Feature Film,Transformers,FALSE,Ethan Van der Ryn,sound editors,TRUE,Sound Editing,
2007,Dialogue and ADR for Feature Film,Transformers,FALSE,Ethan Van der Ryn,sound designer,FALSE,Sound Editing,
2007,Dialogue and ADR for Feature Film,Transformers,FALSE,Mike Hopkins,sound editors,TRUE,Sound Editing,
2007,Dialogue and ADR for Feature Film,Transformers,FALSE,Mike Hopkins,sound designer,FALSE,Sound Editing,
2007,Dialogue and ADR for Feature Film,Transformers,FALSE,Ralph Osborn,dialogue editor,FALSE,Sound Editing,
2007,Dialogue and ADR for Feature Film,Transformers,FALSE,Ulrika Akander,adr editor,FALSE,Sound Editing,
2007,Dialogue and ADR for Feature Film,Transformers,FALSE,Wayne Lemmer,dialogue editor,FALSE,Sound Editing,
2007,Feature Underscore,Into the Wild,TRUE,Richard Henderson,music editor,FALSE,,
2007,Feature Underscore,American Gangster,FALSE,Del Spiva,music editor,FALSE,,
2007,Feature Underscore,Pirates of the Caribbean: At World's End,FALSE,Barbara McDermott,music editor,FALSE,,
2007,Feature Underscore,Pirates of the Caribbean: At World's End,FALSE,Katie Greathouse,music editor,FALSE,,
2007,Feature Underscore,Pirates of the Caribbean: At World's End,FALSE,Melissa Muik,music editor,TRUE,,
2007,Feature Underscore,Spider-Man 3,FALSE,Cory Milano,music editor,FALSE,,
2007,Feature Underscore,Spider-Man 3,FALSE,Michael T. Ryan,music editor,FALSE,,
2007,Feature Underscore,Spider-Man 3,FALSE,Shie Rozow,music editor,FALSE,,
2007,Feature Underscore,Spider-Man 3,FALSE,Thomas Milano,music editor,TRUE,,
2007,Feature Underscore,The Assassination of Jesse James by the Coward Robert Ford,FALSE,Gerard McCann,music editor,FALSE,,
2007,Feature Underscore,The Assassination of Jesse James by the Coward Robert Ford,FALSE,Jonathan Karp,additional music editor,FALSE,,
2007,Feature Underscore,The Assassination of Jesse James by the Coward Robert Ford,FALSE,William B. Kaplan,music editor,FALSE,,
2007,Feature Underscore,The Golden Compass,FALSE,Andrew Dudman,additional music editor,FALSE,,
2007,Feature Underscore,The Golden Compass,FALSE,Gerard McCann,music editor,TRUE,,
2007,Feature Underscore,The Golden Compass,FALSE,Peter Clarke,music editor,FALSE,,
2007,Feature Underscore,The Golden Compass,FALSE,Robert Houston,additional music editor,FALSE,,
2007,Feature Underscore,The Golden Compass,FALSE,Sam Okell,additional music editor,FALSE,,
2007,Feature Underscore,The Golden Compass,FALSE,Stuart Morton,additional music editor,FALSE,,
2007,Feature Underscore,The Great Debaters,FALSE,Todd Kasow,music editor,FALSE,,
2007,Musical for Feature Film,Hairspray,TRUE,Lisa Jaime,music editor,FALSE,,
2007,Musical for Feature Film,Hairspray,TRUE,Sally Boldt,music editor,FALSE,,
2007,Musical for Feature Film,Hairspray,TRUE,Will Kaplan,music editor,FALSE,,
2007,Musical for Feature Film,Enchanted,FALSE,Jeremy Raub,music editor,FALSE,,
2007,Musical for Feature Film,Enchanted,FALSE,Joanie Diener,production music editor,FALSE,,
2007,Musical for Feature Film,Enchanted,FALSE,Kenneth Karman,music editor,TRUE,,
2007,Musical for Feature Film,Sweeney Todd: The Demon Barber of Fleet Street,FALSE,John Warhurst,music editor,FALSE,,
2007,Musical for Feature Film,Sweeney Todd: The Demon Barber of Fleet Street,FALSE,Michael Higham,music editor,TRUE,,
2007,Musical for Feature Film,Sweeney Todd: The Demon Barber of Fleet Street,FALSE,Sam Southwick,music editor,FALSE,,
2007,Musical for Feature Film,Walk Hard: The Dewey Cox Story,FALSE,Fernand Bos,music editor,FALSE,,
2007,Musical for Feature Film,Walk Hard: The Dewey Cox Story,FALSE,Tom Kramer,music editor,FALSE,,
2007,Sound Effects and Foley for Feature Film,The Bourne Ultimatum,TRUE,Ann Scibelli,sound editor,FALSE,Sound Editing,
2007,Sound Effects and Foley for Feature Film,The Bourne Ultimatum,TRUE,Chris Hogan Peter Staubli,sound editor,FALSE,Sound Editing,
2007,Sound Effects and Foley for Feature Film,The Bourne Ultimatum,TRUE,Christopher Assells,sound editor,FALSE,Sound Editing,
2007,Sound Effects and Foley for Feature Film,The Bourne Ultimatum,TRUE,Craig S. Jaeger,foley editor,TRUE,Sound Editing,
2007,Sound Effects and Foley for Feature Film,The Bourne Ultimatum,TRUE,Dan Hegeman,sound editor,FALSE,Sound Editing,
2007,Sound Effects and Foley for Feature Film,The Bourne Ultimatum,TRUE,Dino Dimuro,sound editor,FALSE,Sound Editing,
2007,Sound Effects and Foley for Feature Film,The Bourne Ultimatum,TRUE,Hector C. Gika,sound editor,FALSE,Sound Editing,
2007,Sound Effects and Foley for Feature Film,The Bourne Ultimatum,TRUE,Jon Title,sound editor,FALSE,Sound Editing,
2007,Sound Effects and Foley for Feature Film,The Bourne Ultimatum,TRUE,Karen Baker Landers,sound editors,TRUE,Sound Editing,
2007,Sound Effects and Foley for Feature Film,The Bourne Ultimatum,TRUE,Karen Baker Landers,sound designer,FALSE,Sound Editing,
2007,Sound Effects and Foley for Feature Film,The Bourne Ultimatum,TRUE,Kelly Oxford,foley editor,TRUE,Sound Editing,
2007,Sound Effects and Foley for Feature Film,The Bourne Ultimatum,TRUE,Per Hallberg,sound editors,TRUE,Sound Editing,
2007,Sound Effects and Foley for Feature Film,The Bourne Ultimatum,TRUE,Per Hallberg,sound designer,FALSE,Sound Editing,
2007,Sound Effects and Foley for Feature Film,3:10 to Yuma,FALSE,Alicia Stevenson,foley artist,FALSE,Sound Editing,
2007,Sound Effects and Foley for Feature Film,3:10 to Yuma,FALSE,Dawn Fintor,foley artist,FALSE,Sound Editing,
2007,Sound Effects and Foley for Feature Film,3:10 to Yuma,FALSE,Donald Sylvester,sound editor,TRUE,Sound Editing,
2007,Sound Effects and Foley for Feature Film,3:10 to Yuma,FALSE,Donald Sylvester,sound designer,FALSE,Sound Editing,
2007,Sound Effects and Foley for Feature Film,3:10 to Yuma,FALSE,Elizabeth Rainey,foley artist,FALSE,Sound Editing,
2007,Sound Effects and Foley for Feature Film,3:10 to Yuma,FALSE,John Murray,foley editor,TRUE,Sound Editing,
2007,Sound Effects and Foley for Feature Film,3:10 to Yuma,FALSE,Matthew Harrison,sound editor,FALSE,Sound Editing,
2007,Sound Effects and Foley for Feature Film,3:10 to Yuma,FALSE,Scott Curtis,sound editor,FALSE,Sound Editing,
2007,Sound Effects and Foley for Feature Film,3:10 to Yuma,FALSE,Simon Coke,sound editor,FALSE,Sound Editing,
2007,Sound Effects and Foley for Feature Film,3:10 to Yuma,FALSE,Steve Bissinger,sound editor,FALSE,Sound Editing,
2007,Sound Effects and Foley for Feature Film,3:10 to Yuma,FALSE,Ted Caplan,sound editor,FALSE,Sound Editing,
2007,Sound Effects and Foley for Feature Film,American Gangster,FALSE,Christopher Assells,sound editor,FALSE,Sound Editing,
2007,Sound Effects and Foley for Feature Film,American Gangster,FALSE,Craig S. Jaeger,foley editor,TRUE,Sound Editing,
2007,Sound Effects and Foley for Feature Film,American Gangster,FALSE,Dan Hegeman,sound editor,FALSE,Sound Editing,
2007,Sound Effects and Foley for Feature Film,American Gangster,FALSE,Dino Dimuro,sound editor,FALSE,Sound Editing,
2007,Sound Effects and Foley for Feature Film,American Gangster,FALSE,Jon Title,sound editor,FALSE,Sound Editing,
2007,Sound Effects and Foley for Feature Film,American Gangster,FALSE,Karen Baker Landers,sound editors,TRUE,Sound Editing,
2007,Sound Effects and Foley for Feature Film,American Gangster,FALSE,Karen Baker Landers,sound designer,FALSE,Sound Editing,
2007,Sound Effects and Foley for Feature Film,American Gangster,FALSE,Per Hallberg,sound editors,TRUE,Sound Editing,
2007,Sound Effects and Foley for Feature Film,American Gangster,FALSE,Per Hallberg,sound designer,FALSE,Sound Editing,
2007,Sound Effects and Foley for Feature Film,American Gangster,FALSE,Peter Staubli,sound editor,FALSE,Sound Editing,
2007,Sound Effects and Foley for Feature Film,I Am Legend,FALSE,Alyson Dee Moore,foley artist,FALSE,Sound Editing,
2007,Sound Effects and Foley for Feature Film,I Am Legend,FALSE,Christopher Flick,foley editor,FALSE,Sound Editing,
2007,Sound Effects and Foley for Feature Film,I Am Legend,FALSE,Craig Berkey,sound editor,FALSE,Sound Editing,
2007,Sound Effects and Foley for Feature Film,I Am Legend,FALSE,Greg ten Bosch,sound editor,FALSE,Sound Editing,
2007,Sound Effects and Foley for Feature Film,I Am Legend,FALSE,James Morioka,sound editor,FALSE,Sound Editing,
2007,Sound Effects and Foley for Feature Film,I Am Legend,FALSE,Jason W. Jennings,sound editor,FALSE,Sound Editing,
2007,Sound Effects and Foley for Feature Film,I Am Legend,FALSE,Jeremy Peirson,sound designer,FALSE,Sound Editing,
2007,Sound Effects and Foley for Feature Film,I Am Legend,FALSE,Joel Dougherty,assistant sound editor,FALSE,Sound Editing,
2007,Sound Effects and Foley for Feature Film,I Am Legend,FALSE,John Joseph Thomas,foley editor,TRUE,Sound Editing,
2007,Sound Effects and Foley for Feature Film,I Am Legend,FALSE,John P. Fasal,field recordist,FALSE,Sound Editing,
2007,Sound Effects and Foley for Feature Film,I Am Legend,FALSE,John Roesch,foley artist,FALSE,Sound Editing,
2007,Sound Effects and Foley for Feature Film,I Am Legend,FALSE,Johnna Chism,assistant sound editor,FALSE,Sound Editing,
2007,Sound Effects and Foley for Feature Film,I Am Legend,FALSE,Mary Jo Lang,foley mixer,FALSE,Sound Editing,
2007,Sound Effects and Foley for Feature Film,I Am Legend,FALSE,P.K. Hooker,assistant sound editor,FALSE,Sound Editing,
2007,Sound Effects and Foley for Feature Film,I Am Legend,FALSE,Ryan Juggler,foley editor,FALSE,Sound Editing,
2007,Sound Effects and Foley for Feature Film,I Am Legend,FALSE,Skip Lievsay,sound editor,TRUE,Sound Editing,
2007,Sound Effects and Foley for Feature Film,I Am Legend,FALSE,Todd Harris,assistant sound editor,FALSE,Sound Editing,
2007,Sound Effects and Foley for Feature Film,No Country for Old Men,FALSE,Catherine Harper,foley artist,FALSE,Sound Editing,
2007,Sound Effects and Foley for Feature Film,No Country for Old Men,FALSE,Christopher Moriana,foley artist,FALSE,Sound Editing,
2007,Sound Effects and Foley for Feature Film,No Country for Old Men,FALSE,Craig Berkey,sound editor,FALSE,Sound Editing,
2007,Sound Effects and Foley for Feature Film,No Country for Old Men,FALSE,Derek Vanderhorst,foley artist,FALSE,Sound Editing,
2007,Sound Effects and Foley for Feature Film,No Country for Old Men,FALSE,Skip Lievsay,sound editor,TRUE,Sound Editing,
2007,Sound Effects and Foley for Feature Film,Pirates of the Caribbean: At World's End,FALSE,Addison Teague,sound editor,FALSE,Sound Editing,
2007,Sound Effects and Foley for Feature Film,Pirates of the Caribbean: At World's End,FALSE,Christopher Boyes,sound editors,TRUE,Sound Editing,
2007,Sound Effects and Foley for Feature Film,Pirates of the Caribbean: At World's End,FALSE,Christopher Boyes,sound designer,FALSE,Sound Editing,
2007,Sound Effects and Foley for Feature Film,Pirates of the Caribbean: At World's End,FALSE,Christopher Scarabosio,sound designer,FALSE,Sound Editing,
2007,Sound Effects and Foley for Feature Film,Pirates of the Caribbean: At World's End,FALSE,David C. Hughes,sound editor,FALSE,Sound Editing,
2007,Sound Effects and Foley for Feature Film,Pirates of the Caribbean: At World's End,FALSE,George Watters II,sound editors,TRUE,Sound Editing,
2007,Sound Effects and Foley for Feature Film,Pirates of the Caribbean: At World's End,FALSE,George Watters II,sound designer,FALSE,Sound Editing,
2007,Sound Effects and Foley for Feature Film,Pirates of the Caribbean: At World's End,FALSE,J.R. Grubbs,sound editor,FALSE,Sound Editing,
2007,Sound Effects and Foley for Feature Film,Pirates of the Caribbean: At World's End,FALSE,James Likowski,foley editor,FALSE,Sound Editing,
2007,Sound Effects and Foley for Feature Film,Pirates of the Caribbean: At World's End,FALSE,Ken Fischer,sound editor,FALSE,Sound Editing,
2007,Sound Effects and Foley for Feature Film,Pirates of the Caribbean: At World's End,FALSE,Matthew Harrison,foley editor,FALSE,Sound Editing,
2007,Sound Effects and Foley for Feature Film,Pirates of the Caribbean: At World's End,FALSE,Shannon Mills,sound editor,FALSE,Sound Editing,
2007,Sound Effects and Foley for Feature Film,Pirates of the Caribbean: At World's End,FALSE,Thomas W. Small,foley editor,FALSE,Sound Editing,
2007,Sound Effects and Foley for Feature Film,Pirates of the Caribbean: At World's End,FALSE,Tim Nielsen,sound designer,FALSE,Sound Editing,
2007,Sound Effects and Foley for Feature Film,Pirates of the Caribbean: At World's End,FALSE,Victoria Martin,foley editor,TRUE,Sound Editing,
2007,Sound Effects and Foley for Feature Film,Spider-Man 3,FALSE,Bernard Weiser,sound editor,FALSE,Sound Editing,
2007,Sound Effects and Foley for Feature Film,Spider-Man 3,FALSE,Chris M. Jacobson,sound editor,FALSE,Sound Editing,
2007,Sound Effects and Foley for Feature Film,Spider-Man 3,FALSE,Christopher Flick,foley editor,FALSE,Sound Editing,
2007,Sound Effects and Foley for Feature Film,Spider-Man 3,FALSE,Gary A. Hecker,foley artist,FALSE,Sound Editing,
2007,Sound Effects and Foley for Feature Film,Spider-Man 3,FALSE,Greg ten Bosch,sound editor,FALSE,Sound Editing,
2007,Sound Effects and Foley for Feature Film,Spider-Man 3,FALSE,Joseph Bonn,sound editor,FALSE,Sound Editing,
2007,Sound Effects and Foley for Feature Film,Spider-Man 3,FALSE,Jussi Tegelman,sound editor,FALSE,Sound Editing,
2007,Sound Effects and Foley for Feature Film,Spider-Man 3,FALSE,Michael Broomberg,foley artist,FALSE,Sound Editing,
2007,Sound Effects and Foley for Feature Film,Spider-Man 3,FALSE,Paul N. J. Ottosson,sound editor,TRUE,Sound Editing,
2007,Sound Effects and Foley for Feature Film,Spider-Man 3,FALSE,Scott Curtis,foley editor,FALSE,Sound Editing,
2007,Sound Effects and Foley for Feature Film,Transformers,FALSE,Brent Burge,sound designer,FALSE,Sound Editing,
2007,Sound Effects and Foley for Feature Film,Transformers,FALSE,Christopher S. Aud,sound editor,FALSE,Sound Editing,
2007,Sound Effects and Foley for Feature Film,Transformers,FALSE,Coya Elliot,sound editor,FALSE,Sound Editing,
2007,Sound Effects and Foley for Feature Film,Transformers,FALSE,Craig Berkey,sound editor,FALSE,Sound Editing,
2007,Sound Effects and Foley for Feature Film,Transformers,FALSE,Erik Aadahl,sound designer,FALSE,Sound Editing,
2007,Sound Effects and Foley for Feature Film,Transformers,FALSE,Ethan Van der Ryn,sound editors,TRUE,Sound Editing,
2007,Sound Effects and Foley for Feature Film,Transformers,FALSE,Ethan Van der Ryn,sound designer,FALSE,Sound Editing,
2007,Sound Effects and Foley for Feature Film,Transformers,FALSE,Jeff Sawyer,sound editor,FALSE,Sound Editing,
2007,Sound Effects and Foley for Feature Film,Transformers,FALSE,Luke Dunn Gielmuda,sound editor,FALSE,Sound Editing,
2007,Sound Effects and Foley for Feature Film,Transformers,FALSE,Michael Babcock,sound editor,FALSE,Sound Editing,
2007,Sound Effects and Foley for Feature Film,Transformers,FALSE,Mike Hopkins,sound editors,TRUE,Sound Editing,
2007,Sound Effects and Foley for Feature Film,Transformers,FALSE,Mike Hopkins,sound designer,FALSE,Sound Editing,
2007,Sound Effects and Foley for Feature Film,Transformers,FALSE,P.K. Hooker,sound editor,FALSE,Sound Editing,
2007,Sound Effects and Foley for Feature Film,Transformers,FALSE,Pascal Garneau,sound editor,FALSE,Sound Editing,
2007,Sound Effects and Foley for Feature Film,Transformers,FALSE,Robert Shoup,sound editor,FALSE,Sound Editing,
2007,Sound Effects and Foley for Feature Film,Transformers,FALSE,Steve Bissinger,sound editor,FALSE,Sound Editing,
2007,Sound Effects and Foley for Feature Film,Transformers,FALSE,Warren Hendriks,sound editor,FALSE,Sound Editing,
2007,"Sound Effects, Foley, Dialogue and ADR for Animated Feature Film",Ratatouille,TRUE,Al Nelson,foley editor,FALSE,,
2007,"Sound Effects, Foley, Dialogue and ADR for Animated Feature Film",Ratatouille,TRUE,Kyrsten Mate,sound editor,FALSE,,
2007,"Sound Effects, Foley, Dialogue and ADR for Animated Feature Film",Ratatouille,TRUE,Michael Silvers,sound editors,TRUE,,
2007,"Sound Effects, Foley, Dialogue and ADR for Animated Feature Film",Ratatouille,TRUE,Michael Silvers,sound designer,FALSE,,
2007,"Sound Effects, Foley, Dialogue and ADR for Animated Feature Film",Ratatouille,TRUE,Randy Thom,sound editors,TRUE,,
2007,"Sound Effects, Foley, Dialogue and ADR for Animated Feature Film",Ratatouille,TRUE,Randy Thom,sound designer,FALSE,,
2007,"Sound Effects, Foley, Dialogue and ADR for Animated Feature Film",Ratatouille,TRUE,Stephen M. Davis,music editor,FALSE,,
2007,"Sound Effects, Foley, Dialogue and ADR for Animated Feature Film",Ratatouille,TRUE,Steve Slanec,adr editor,TRUE,,
2007,"Sound Effects, Foley, Dialogue and ADR for Animated Feature Film",Ratatouille,TRUE,Sue Fox,foley editor,TRUE,,
2007,"Sound Effects, Foley, Dialogue and ADR for Animated Feature Film",Ratatouille,TRUE,Teresa Eckton,sound editor,FALSE,,
2007,"Sound Effects, Foley, Dialogue and ADR for Animated Feature Film",Bee Movie,FALSE,J.J. George,music editor,TRUE,,
2007,"Sound Effects, Foley, Dialogue and ADR for Animated Feature Film",Bee Movie,FALSE,Kevin Crehan,music editor,FALSE,,
2007,"Sound Effects, Foley, Dialogue and ADR for Animated Feature Film",Bee Movie,FALSE,Kyrsten Mate,,FALSE,,
2007,"Sound Effects, Foley, Dialogue and ADR for Animated Feature Film",Bee Movie,FALSE,Luke Dunn Gielmuda,foley editor,TRUE,,
2007,"Sound Effects, Foley, Dialogue and ADR for Animated Feature Film",Bee Movie,FALSE,Michael Silvers,sound editor,TRUE,,
2007,"Sound Effects, Foley, Dialogue and ADR for Animated Feature Film",Bee Movie,FALSE,Robert Shoup,sound editor,FALSE,,
2007,"Sound Effects, Foley, Dialogue and ADR for Animated Feature Film",Bee Movie,FALSE,Scott Guitteau,,FALSE,,
2007,"Sound Effects, Foley, Dialogue and ADR for Animated Feature Film",Bee Movie,FALSE,Shannon Mills,,FALSE,,
2007,"Sound Effects, Foley, Dialogue and ADR for Animated Feature Film",Bee Movie,FALSE,Steve Slanec,adr editor,FALSE,,
2007,"Sound Effects, Foley, Dialogue and ADR for Animated Feature Film",Bee Movie,FALSE,Will Files,sound editor,TRUE,,
2007,"Sound Effects, Foley, Dialogue and ADR for Animated Feature Film",Meet the Robinsons,FALSE,Adam Kopald,sound effects editor,FALSE,,
2007,"Sound Effects, Foley, Dialogue and ADR for Animated Feature Film",Meet the Robinsons,FALSE,Bill Abbott,music editor,FALSE,,
2007,"Sound Effects, Foley, Dialogue and ADR for Animated Feature Film",Meet the Robinsons,FALSE,Charles W. Ritter,dialogue editor,FALSE,,
2007,"Sound Effects, Foley, Dialogue and ADR for Animated Feature Film",Meet the Robinsons,FALSE,Chris Pinkston,assistant sound editor,FALSE,,
2007,"Sound Effects, Foley, Dialogue and ADR for Animated Feature Film",Meet the Robinsons,FALSE,Chris Pinkston,dialogue mixer,FALSE,,
2007,"Sound Effects, Foley, Dialogue and ADR for Animated Feature Film",Meet the Robinsons,FALSE,Chuck Michael,sound effects editor,FALSE,,
2007,"Sound Effects, Foley, Dialogue and ADR for Animated Feature Film",Meet the Robinsons,FALSE,Dan O'Connell,foley artist,FALSE,,
2007,"Sound Effects, Foley, Dialogue and ADR for Animated Feature Film",Meet the Robinsons,FALSE,David E. Fluhr,re-recording mixer,FALSE,,
2007,"Sound Effects, Foley, Dialogue and ADR for Animated Feature Film",Meet the Robinsons,FALSE,David Kern,foley editor,TRUE,,
2007,"Sound Effects, Foley, Dialogue and ADR for Animated Feature Film",Meet the Robinsons,FALSE,Denise Okimoto,assistant music editor,FALSE,,
2007,"Sound Effects, Foley, Dialogue and ADR for Animated Feature Film",Meet the Robinsons,FALSE,Dennis S. Sands,scoring mixer,FALSE,,
2007,"Sound Effects, Foley, Dialogue and ADR for Animated Feature Film",Meet the Robinsons,FALSE,Doc Kane,adr mixer,FALSE,,
2007,"Sound Effects, Foley, Dialogue and ADR for Animated Feature Film",Meet the Robinsons,FALSE,Donald J. Malouf,sound effects editor,FALSE,,
2007,"Sound Effects, Foley, Dialogue and ADR for Animated Feature Film",Meet the Robinsons,FALSE,Earl Ghaffari,music editor,FALSE,,
2007,"Sound Effects, Foley, Dialogue and ADR for Animated Feature Film",Meet the Robinsons,FALSE,G.W. Brown,dialogue,TRUE,,
2007,"Sound Effects, Foley, Dialogue and ADR for Animated Feature Film",Meet the Robinsons,FALSE,G.W. Brown,adr editor,FALSE,,
2007,"Sound Effects, Foley, Dialogue and ADR for Animated Feature Film",Meet the Robinsons,FALSE,James Ashwill,foley mixer,FALSE,,
2007,"Sound Effects, Foley, Dialogue and ADR for Animated Feature Film",Meet the Robinsons,FALSE,John T. Cucci,foley artist,FALSE,,
2007,"Sound Effects, Foley, Dialogue and ADR for Animated Feature Film",Meet the Robinsons,FALSE,Mark A. Tracy,first assistant sound editor,FALSE,,
2007,"Sound Effects, Foley, Dialogue and ADR for Animated Feature Film",Meet the Robinsons,FALSE,Myron Nettinga,re-recording mixer,FALSE,,
2007,"Sound Effects, Foley, Dialogue and ADR for Animated Feature Film",Meet the Robinsons,FALSE,Shie Rozow,additional music editor,FALSE,,
2007,"Sound Effects, Foley, Dialogue and ADR for Animated Feature Film",Meet the Robinsons,FALSE,Todd Toon,sound editor,TRUE,,
2007,"Sound Effects, Foley, Dialogue and ADR for Animated Feature Film",Meet the Robinsons,FALSE,Todd Toon,sound designer,FALSE,,
2007,"Sound Effects, Foley, Dialogue and ADR for Animated Feature Film",Persepolis,FALSE,Eric Chevallier,foley editor,TRUE,,
2007,"Sound Effects, Foley, Dialogue and ADR for Animated Feature Film",Persepolis,FALSE,Samy Bardet,sound editor,TRUE,,
2007,"Sound Effects, Foley, Dialogue and ADR for Animated Feature Film",Persepolis,FALSE,Samy Bardet,sound designer,FALSE,,
2007,"Sound Effects, Foley, Dialogue and ADR for Animated Feature Film",Persepolis,FALSE,Thierry Lebon,sound editor,TRUE,,
2007,"Sound Effects, Foley, Dialogue and ADR for Animated Feature Film",Persepolis,FALSE,Thierry Lebon,sound designer,FALSE,,
2007,"Sound Effects, Foley, Dialogue and ADR for Animated Feature Film",Shrek the Third,FALSE,David A. Whittaker,sound editor,FALSE,,
2007,"Sound Effects, Foley, Dialogue and ADR for Animated Feature Film",Shrek the Third,FALSE,Michael Hertlein,dialogue editor,FALSE,,
2007,"Sound Effects, Foley, Dialogue and ADR for Animated Feature Film",Shrek the Third,FALSE,Mike Chock,sound editor,FALSE,,
2007,"Sound Effects, Foley, Dialogue and ADR for Animated Feature Film",Shrek the Third,FALSE,Patrick Hogan,dialogue editor,FALSE,,
2007,"Sound Effects, Foley, Dialogue and ADR for Animated Feature Film",Shrek the Third,FALSE,Richard L. Anderson,sound editors,TRUE,,
2007,"Sound Effects, Foley, Dialogue and ADR for Animated Feature Film",Shrek the Third,FALSE,Richard L. Anderson,sound designer,FALSE,,
2007,"Sound Effects, Foley, Dialogue and ADR for Animated Feature Film",Shrek the Third,FALSE,Richard Whitfield,music editor,FALSE,,
2007,"Sound Effects, Foley, Dialogue and ADR for Animated Feature Film",Shrek the Third,FALSE,Thomas Jones,sound editors,TRUE,,
2007,"Sound Effects, Foley, Dialogue and ADR for Animated Feature Film",Shrek the Third,FALSE,Thomas Jones,sound designer,FALSE,,
2007,"Sound Effects, Foley, Dialogue and ADR for Animated Feature Film",Surf's Up,FALSE,Gary A. Hecker,foley artist,FALSE,,
2007,"Sound Effects, Foley, Dialogue and ADR for Animated Feature Film",Surf's Up,FALSE,Jason King,foley editor,TRUE,,
2007,"Sound Effects, Foley, Dialogue and ADR for Animated Feature Film",Surf's Up,FALSE,Martin Lopez,sound design,FALSE,,
2007,"Sound Effects, Foley, Dialogue and ADR for Animated Feature Film",Surf's Up,FALSE,Michael Broomberg,foley artist,FALSE,,
2007,"Sound Effects, Foley, Dialogue and ADR for Animated Feature Film",Surf's Up,FALSE,Michael J. Benavente,dialogue,TRUE,,
2007,"Sound Effects, Foley, Dialogue and ADR for Animated Feature Film",Surf's Up,FALSE,Michael J. Benavente,adr editor,FALSE,,
2007,"Sound Effects, Foley, Dialogue and ADR for Animated Feature Film",Surf's Up,FALSE,Steven Ticknor,sound editor,TRUE,,
2007,"Sound Effects, Foley, Dialogue and ADR for Animated Feature Film",Surf's Up,FALSE,Ulrika Akander,dialogue,FALSE,,
2007,"Sound Effects, Foley, Dialogue and ADR for Animated Feature Film",Surf's Up,FALSE,Ulrika Akander,adr editor,FALSE,,
2007,"Sound Effects, Foley, Dialogue and ADR for Animated Feature Film",Tekkonkinkreet,FALSE,Axel Ericson,sound effects editor,FALSE,,
2007,"Sound Effects, Foley, Dialogue and ADR for Animated Feature Film",Tekkonkinkreet,FALSE,Masahiko Kubo,foley artist,FALSE,,
2007,"Sound Effects, Foley, Dialogue and ADR for Animated Feature Film",Tekkonkinkreet,FALSE,Matt Naiman,foley artist,FALSE,,
2007,"Sound Effects, Foley, Dialogue and ADR for Animated Feature Film",Tekkonkinkreet,FALSE,Michael Dillenberger,sound effects editor,FALSE,,
2007,"Sound Effects, Foley, Dialogue and ADR for Animated Feature Film",Tekkonkinkreet,FALSE,Mitch Osias,sound designer,FALSE,,
2007,"Sound Effects, Foley, Dialogue and ADR for Animated Feature Film",Tekkonkinkreet,FALSE,Tsutomu Asakura,dialogue editor,TRUE,,
2007,"Sound Effects, Foley, Dialogue and ADR for Animated Feature Film",The Simpsons Movie,FALSE,Al Nelson,sound editor,FALSE,,
2007,"Sound Effects, Foley, Dialogue and ADR for Animated Feature Film",The Simpsons Movie,FALSE,Cheryl Nardi,dialogue editor,TRUE,,
2007,"Sound Effects, Foley, Dialogue and ADR for Animated Feature Film",The Simpsons Movie,FALSE,Christopher Scarabosio,sound editors,TRUE,,
2007,"Sound Effects, Foley, Dialogue and ADR for Animated Feature Film",The Simpsons Movie,FALSE,Christopher Scarabosio,sound designer,FALSE,,
2007,"Sound Effects, Foley, Dialogue and ADR for Animated Feature Film",The Simpsons Movie,FALSE,Chuck Michael,sound editor,FALSE,,
2007,"Sound Effects, Foley, Dialogue and ADR for Animated Feature Film",The Simpsons Movie,FALSE,Daniel Pinder,music editor,FALSE,,
2007,"Sound Effects, Foley, Dialogue and ADR for Animated Feature Film",The Simpsons Movie,FALSE,Erik Foreman,sound editor,FALSE,,
2007,"Sound Effects, Foley, Dialogue and ADR for Animated Feature Film",The Simpsons Movie,FALSE,Gwendolyn Yates Whittle,sound editors,TRUE,,
2007,"Sound Effects, Foley, Dialogue and ADR for Animated Feature Film",The Simpsons Movie,FALSE,Gwendolyn Yates Whittle,sound designer,FALSE,,
2007,"Sound Effects, Foley, Dialogue and ADR for Animated Feature Film",The Simpsons Movie,FALSE,Kent Sparling,sound editor,FALSE,,
2007,"Sound Effects, Foley, Dialogue and ADR for Animated Feature Film",The Simpsons Movie,FALSE,Luke Dunn Gielmuda,sound editor,FALSE,,
2007,"Sound Effects, Foley, Dialogue and ADR for Animated Feature Film",The Simpsons Movie,FALSE,Randy Thom,sound editors,TRUE,,
2007,"Sound Effects, Foley, Dialogue and ADR for Animated Feature Film",The Simpsons Movie,FALSE,Randy Thom,sound designer,FALSE,,
2007,"Sound Effects, Foley, Dialogue and ADR for Animated Feature Film",The Simpsons Movie,FALSE,Robert Shoup,sound editor,FALSE,,
2007,"Sound Effects, Foley, Dialogue and ADR for Animated Feature Film",The Simpsons Movie,FALSE,Scott Guitteau,sound editor,FALSE,,
2007,"Sound Effects, Foley, Dialogue and ADR for Animated Feature Film",The Simpsons Movie,FALSE,Shannon Mills,sound editor,FALSE,,
2007,"Sound Effects, Foley, Dialogue and ADR for Animated Feature Film",The Simpsons Movie,FALSE,Sue Fox,foley editor,TRUE,,
2007,"Sound Effects, Foley, Dialogue and ADR for Animated Feature Film",The Simpsons Movie,FALSE,Tom Myers,sound editor,FALSE,,
2007,"Sound Effects, Foley, Dialogue and ADR for Foreign Language Feature Film",The Orphanage,TRUE,Edgar Vidal,foley editor,FALSE,,Spain
2007,"Sound Effects, Foley, Dialogue and ADR for Foreign Language Feature Film",The Orphanage,TRUE,Jordi Bosch,foley editor,FALSE,,Spain
2007,"Sound Effects, Foley, Dialogue and ADR for Foreign Language Feature Film",The Orphanage,TRUE,Jordi Ribas,assistant sound editor,FALSE,,Spain
2007,"Sound Effects, Foley, Dialogue and ADR for Foreign Language Feature Film",The Orphanage,TRUE,Kiku Vidal,foley artist,FALSE,,Spain
2007,"Sound Effects, Foley, Dialogue and ADR for Foreign Language Feature Film",The Orphanage,TRUE,Marc Orts,sound mixer,FALSE,,Spain
2007,"Sound Effects, Foley, Dialogue and ADR for Foreign Language Feature Film",The Orphanage,TRUE,Oriol Tarragó,sound editor,TRUE,,Spain
2007,"Sound Effects, Foley, Dialogue and ADR for Foreign Language Feature Film",The Orphanage,TRUE,Oriol Tarragó,sound designer,FALSE,,Spain
2007,"Sound Effects, Foley, Dialogue and ADR for Foreign Language Feature Film",The Orphanage,TRUE,Virgilio Martínez,mixing assistant,FALSE,,Spain
2007,"Sound Effects, Foley, Dialogue and ADR for Foreign Language Feature Film",The Orphanage,TRUE,Xavier Mas,dialogue editor,FALSE,,Spain
2007,"Sound Effects, Foley, Dialogue and ADR for Foreign Language Feature Film",Atonement,FALSE,Alexandros Sidiropoulos,foley recordist,FALSE,,United Kingdom
2007,"Sound Effects, Foley, Dialogue and ADR for Foreign Language Feature Film",Atonement,FALSE,Alexandros Sidiropoulos,mixer,FALSE,,United Kingdom
2007,"Sound Effects, Foley, Dialogue and ADR for Foreign Language Feature Film",Atonement,FALSE,Alistair Renn,foley recordist,FALSE,,United Kingdom
2007,"Sound Effects, Foley, Dialogue and ADR for Foreign Language Feature Film",Atonement,FALSE,Andie Derrick,foley artist,FALSE,,United Kingdom
2007,"Sound Effects, Foley, Dialogue and ADR for Foreign Language Feature Film",Atonement,FALSE,Andre Schmidt,dialogue editor,FALSE,,United Kingdom
2007,"Sound Effects, Foley, Dialogue and ADR for Foreign Language Feature Film",Atonement,FALSE,Becki Ponting,dialogue editor,TRUE,,United Kingdom
2007,"Sound Effects, Foley, Dialogue and ADR for Foreign Language Feature Film",Atonement,FALSE,Catherine Hodgson,sound editor,TRUE,,United Kingdom
2007,"Sound Effects, Foley, Dialogue and ADR for Foreign Language Feature Film",Atonement,FALSE,Danny Hambrook,production sound mixer,FALSE,,United Kingdom
2007,"Sound Effects, Foley, Dialogue and ADR for Foreign Language Feature Film",Atonement,FALSE,James Bellamy,music editor,FALSE,,United Kingdom
2007,"Sound Effects, Foley, Dialogue and ADR for Foreign Language Feature Film",Atonement,FALSE,Martin Jensen,re-recording mixer,FALSE,,United Kingdom
2007,"Sound Effects, Foley, Dialogue and ADR for Foreign Language Feature Film",Atonement,FALSE,Paul Hamblin,re-recording mixer,FALSE,,United Kingdom
2007,"Sound Effects, Foley, Dialogue and ADR for Foreign Language Feature Film",Atonement,FALSE,Peter Burgis,foley artist,FALSE,,United Kingdom
2007,"Sound Effects, Foley, Dialogue and ADR for Foreign Language Feature Film",Atonement,FALSE,Steve Haynes,adr recordist,FALSE,,United Kingdom
2007,"Sound Effects, Foley, Dialogue and ADR for Foreign Language Feature Film",Atonement,FALSE,Virginia Thorn,foley editor,FALSE,,United Kingdom
2007,"Sound Effects, Foley, Dialogue and ADR for Foreign Language Feature Film",Eastern Promises,FALSE,Andy Malcolm,foley artist,FALSE,,United Kingdom Canada
2007,"Sound Effects, Foley, Dialogue and ADR for Foreign Language Feature Film",Eastern Promises,FALSE,Caoimhe Doyle,foley artist,FALSE,,United Kingdom Canada
2007,"Sound Effects, Foley, Dialogue and ADR for Foreign Language Feature Film",Eastern Promises,FALSE,Goro Koyama,foley artist,FALSE,,United Kingdom Canada
2007,"Sound Effects, Foley, Dialogue and ADR for Foreign Language Feature Film",Eastern Promises,FALSE,Michael O'Farrell,sound editor,TRUE,,United Kingdom Canada
2007,"Sound Effects, Foley, Dialogue and ADR for Foreign Language Feature Film",Eastern Promises,FALSE,Rob Bertola,sound effects editor,FALSE,,United Kingdom Canada
2007,"Sound Effects, Foley, Dialogue and ADR for Foreign Language Feature Film",Eastern Promises,FALSE,Tony Currie,dialogue,FALSE,,United Kingdom Canada
2007,"Sound Effects, Foley, Dialogue and ADR for Foreign Language Feature Film",Eastern Promises,FALSE,Tony Currie,adr editor,FALSE,,United Kingdom Canada
2007,"Sound Effects, Foley, Dialogue and ADR for Foreign Language Feature Film",Eastern Promises,FALSE,Wayne Griffin,sound editor,TRUE,,United Kingdom Canada
2007,"Sound Effects, Foley, Dialogue and ADR for Foreign Language Feature Film",Harry Potter and the Order of the Phoenix,FALSE,Andy Kennedy,sound designer,FALSE,,United Kingdom United States
2007,"Sound Effects, Foley, Dialogue and ADR for Foreign Language Feature Film",Harry Potter and the Order of the Phoenix,FALSE,Bjorn Ole Schroeder,dialogue editor,TRUE,,United Kingdom United States
2007,"Sound Effects, Foley, Dialogue and ADR for Foreign Language Feature Film",Harry Potter and the Order of the Phoenix,FALSE,Daniel Laurie,adr editor,TRUE,,United Kingdom United States
2007,"Sound Effects, Foley, Dialogue and ADR for Foreign Language Feature Film",Harry Potter and the Order of the Phoenix,FALSE,Derek Trigg,foley editor,TRUE,,United Kingdom United States
2007,"Sound Effects, Foley, Dialogue and ADR for Foreign Language Feature Film",Harry Potter and the Order of the Phoenix,FALSE,Dominic Gibbs,sound editor,FALSE,,United Kingdom United States
2007,"Sound Effects, Foley, Dialogue and ADR for Foreign Language Feature Film",Harry Potter and the Order of the Phoenix,FALSE,Iain Eyre,sound editor,FALSE,,United Kingdom United States
2007,"Sound Effects, Foley, Dialogue and ADR for Foreign Language Feature Film",Harry Potter and the Order of the Phoenix,FALSE,James Boyle,sound editor,FALSE,,United Kingdom United States
2007,"Sound Effects, Foley, Dialogue and ADR for Foreign Language Feature Film",Harry Potter and the Order of the Phoenix,FALSE,James Mather,sound editor,TRUE,,United Kingdom United States
2007,"Sound Effects, Foley, Dialogue and ADR for Foreign Language Feature Film",Harry Potter and the Order of the Phoenix,FALSE,Jed Loughran,sound editor,FALSE,,United Kingdom United States
2007,"Sound Effects, Foley, Dialogue and ADR for Foreign Language Feature Film",Harry Potter and the Order of the Phoenix,FALSE,Jon Olive,sound editor,FALSE,,United Kingdom United States
2007,"Sound Effects, Foley, Dialogue and ADR for Foreign Language Feature Film",Harry Potter and the Order of the Phoenix,FALSE,Samir Foco,sound editor,FALSE,,United Kingdom United States
2007,"Sound Effects, Foley, Dialogue and ADR for Foreign Language Feature Film",Harry Potter and the Order of the Phoenix,FALSE,Vanesa Lorena Tate,sound editor,FALSE,,United Kingdom United States
2007,"Sound Effects, Foley, Dialogue and ADR for Foreign Language Feature Film",Redacted,FALSE,Carla Murray,sound designer,FALSE,,United States Canada
2007,"Sound Effects, Foley, Dialogue and ADR for Foreign Language Feature Film",Redacted,FALSE,Carla Murray,effects editor,FALSE,,United States Canada
2007,"Sound Effects, Foley, Dialogue and ADR for Foreign Language Feature Film",Redacted,FALSE,Jill Purdy,dialogue,TRUE,,United States Canada
2007,"Sound Effects, Foley, Dialogue and ADR for Foreign Language Feature Film",Redacted,FALSE,Jill Purdy,adr editor,FALSE,,United States Canada
2007,"Sound Effects, Foley, Dialogue and ADR for Foreign Language Feature Film",Redacted,FALSE,Keith Elliott,re-recording mixer,FALSE,,United States Canada
2007,"Sound Effects, Foley, Dialogue and ADR for Foreign Language Feature Film",Redacted,FALSE,Mark Zsifkovits,re-recording mixer,FALSE,,United States Canada
2007,"Sound Effects, Foley, Dialogue and ADR for Foreign Language Feature Film",Redacted,FALSE,Paula Fairfield,sound editor,TRUE,,United States Canada
2007,"Sound Effects, Foley, Dialogue and ADR for Foreign Language Feature Film",Redacted,FALSE,Peter Persaud,foley recordist,FALSE,,United States Canada
2007,"Sound Effects, Foley, Dialogue and ADR for Foreign Language Feature Film",Redacted,FALSE,Steve Baine,foley artist,FALSE,,United States Canada
2007,"Sound Effects, Foley, Dialogue and ADR for Foreign Language Feature Film",Redacted,FALSE,Todd Beckett,re-recording mixer,FALSE,,United States Canada
2007,"Sound Effects, Foley, Dialogue and ADR for Foreign Language Feature Film",Sharkwater,FALSE,Christopher Miller,sound effects editor,FALSE,,Canada
2007,"Sound Effects, Foley, Dialogue and ADR for Foreign Language Feature Film",Sharkwater,FALSE,Clive Turner,sound effects editor,FALSE,,Canada
2007,"Sound Effects, Foley, Dialogue and ADR for Foreign Language Feature Film",Sharkwater,FALSE,Ed Douglas,sound effects editor,FALSE,,Canada
2007,"Sound Effects, Foley, Dialogue and ADR for Foreign Language Feature Film",Sharkwater,FALSE,John Sievert,foley artist,FALSE,,Canada
2007,"Sound Effects, Foley, Dialogue and ADR for Foreign Language Feature Film",Sharkwater,FALSE,Kevin Howard,sound editor,TRUE,,Canada
2007,"Sound Effects, Foley, Dialogue and ADR for Foreign Language Feature Film",Sharkwater,FALSE,Kevin Howard,music editor,FALSE,,Canada
2007,"Sound Effects, Foley, Dialogue and ADR for Foreign Language Feature Film",Sharkwater,FALSE,Richard Calistan,adr editor,TRUE,,Canada
2007,"Sound Effects, Foley, Dialogue and ADR for Foreign Language Feature Film",Sharkwater,FALSE,Rob Hegedus,dialogue editor,TRUE,,Canada
2007,"Sound Effects, Foley, Dialogue and ADR for Foreign Language Feature Film",Sharkwater,FALSE,Stefan Fraticelli,foley artist,FALSE,,Canada
2007,"Sound Effects, Foley, Dialogue and ADR for Foreign Language Feature Film",Sharkwater,FALSE,Steve Copley,foley artist,FALSE,,Canada
2007,"Sound Effects, Foley, Dialogue and ADR for Foreign Language Feature Film",The Diving Bell and the Butterfly,FALSE,Cyrille Richard,dialogue editor,FALSE,,France
2007,"Sound Effects, Foley, Dialogue and ADR for Foreign Language Feature Film",The Diving Bell and the Butterfly,FALSE,Francis Wargnier,sound editor,FALSE,,France
2007,"Sound Effects, Foley, Dialogue and ADR for Foreign Language Feature Film",The Diving Bell and the Butterfly,FALSE,Philippe Penot,foley artist,FALSE,,France
2006,Dialogue and ADR for Feature Film,Letters from Iwo Jima,TRUE,Alan Robert Murray,sound editor,TRUE,Sound Editing,
2006,Dialogue and ADR for Feature Film,Letters from Iwo Jima,TRUE,Bub Asman,sound editor,TRUE,Sound Editing,
2006,Dialogue and ADR for Feature Film,Letters from Iwo Jima,TRUE,David A. Arnold,dialogue editor,TRUE,Sound Editing,
2006,Dialogue and ADR for Feature Film,Letters from Iwo Jima,TRUE,Gloria D'Alessandro,dialogue editor,FALSE,Sound Editing,
2006,Dialogue and ADR for Feature Film,Letters from Iwo Jima,TRUE,Juno J. Ellis,adr editor,TRUE,Sound Editing,
2006,Dialogue and ADR for Feature Film,Letters from Iwo Jima,TRUE,Karen Spangenberg,dialogue editor,FALSE,Sound Editing,
2006,Dialogue and ADR for Feature Film,Letters from Iwo Jima,TRUE,Lucy Coldsnow-Smith,dialogue editor,FALSE,Sound Editing,
2006,Dialogue and ADR for Feature Film,Letters from Iwo Jima,TRUE,Nicholas Korda,adr editor,FALSE,Sound Editing,
2006,Dialogue and ADR for Feature Film,Apocalypto,FALSE,Jessica Gallavan,adr editor,TRUE,Sound Editing,
2006,Dialogue and ADR for Feature Film,Apocalypto,FALSE,Kami Asgar,sound editor,TRUE,Sound Editing,
2006,Dialogue and ADR for Feature Film,Apocalypto,FALSE,Linda Folk,adr editor,FALSE,Sound Editing,
2006,Dialogue and ADR for Feature Film,Apocalypto,FALSE,Lisa J. Levine,adr editor,FALSE,Sound Editing,
2006,Dialogue and ADR for Feature Film,Apocalypto,FALSE,Scott G.G. Haller,dialogue editor,TRUE,Sound Editing,
2006,Dialogue and ADR for Feature Film,Apocalypto,FALSE,Sean McCormack,sound editor,TRUE,Sound Editing,
2006,Dialogue and ADR for Feature Film,Flags of Our Fathers,FALSE,Alan Robert Murray,sound editor,TRUE,Sound Editing,
2006,Dialogue and ADR for Feature Film,Flags of Our Fathers,FALSE,Bub Asman,sound editor,TRUE,Sound Editing,
2006,Dialogue and ADR for Feature Film,Flags of Our Fathers,FALSE,David A. Arnold,dialogue editor,TRUE,Sound Editing,
2006,Dialogue and ADR for Feature Film,Flags of Our Fathers,FALSE,Gloria D'Alessandro,dialogue editor,FALSE,Sound Editing,
2006,Dialogue and ADR for Feature Film,Flags of Our Fathers,FALSE,James Matheny,dialogue editor,FALSE,Sound Editing,
2006,Dialogue and ADR for Feature Film,Flags of Our Fathers,FALSE,Joe Dorn,adr editor,FALSE,Sound Editing,
2006,Dialogue and ADR for Feature Film,Flags of Our Fathers,FALSE,Juno J. Ellis,adr editor,TRUE,Sound Editing,
2006,Dialogue and ADR for Feature Film,Flags of Our Fathers,FALSE,Lucy Coldsnow-Smith,dialogue editor,FALSE,Sound Editing,
2006,Dialogue and ADR for Feature Film,Flags of Our Fathers,FALSE,Nicholas Korda,adr editor,FALSE,Sound Editing,
2006,Dialogue and ADR for Feature Film,Flags of Our Fathers,FALSE,Ulrika Akander,dialogue editor,FALSE,Sound Editing,
2006,Dialogue and ADR for Feature Film,Little Miss Sunshine,FALSE,Andrew DeCristofaro,sound editor,TRUE,Sound Editing,
2006,Dialogue and ADR for Feature Film,Little Miss Sunshine,FALSE,John C. Stuver,dialogue editor,FALSE,Sound Editing,
2006,Dialogue and ADR for Feature Film,Little Miss Sunshine,FALSE,Kerry Carmean-Williams,foley editor,FALSE,Sound Editing,
2006,Dialogue and ADR for Feature Film,Little Miss Sunshine,FALSE,Nancy Nugent,adr editor,TRUE,Sound Editing,
2006,Dialogue and ADR for Feature Film,Little Miss Sunshine,FALSE,Patrick Cusack,assistant sound editor,FALSE,Sound Editing,
2006,Dialogue and ADR for Feature Film,Little Miss Sunshine,FALSE,Stephen P. Robinson,sound editor,TRUE,Sound Editing,
2006,Dialogue and ADR for Feature Film,Little Miss Sunshine,FALSE,Steve Nelson,sound effects editor,FALSE,Sound Editing,
2006,Dialogue and ADR for Feature Film,Pirates of the Caribbean: Dead Man's Chest,FALSE,Christopher Boyes,sound editor,TRUE,Sound Editing,
2006,Dialogue and ADR for Feature Film,Pirates of the Caribbean: Dead Man's Chest,FALSE,David A. Arnold,dialogue editor,FALSE,Sound Editing,
2006,Dialogue and ADR for Feature Film,Pirates of the Caribbean: Dead Man's Chest,FALSE,George Watters II,sound editor,TRUE,Sound Editing,
2006,Dialogue and ADR for Feature Film,Pirates of the Caribbean: Dead Man's Chest,FALSE,Gloria D'Alessandro,dialogue editor,FALSE,Sound Editing,
2006,Dialogue and ADR for Feature Film,Pirates of the Caribbean: Dead Man's Chest,FALSE,Howell Gibbens,adr editor,FALSE,Sound Editing,
2006,Dialogue and ADR for Feature Film,Pirates of the Caribbean: Dead Man's Chest,FALSE,Jessica Gallavan,adr editor,TRUE,Sound Editing,
2006,Dialogue and ADR for Feature Film,Pirates of the Caribbean: Dead Man's Chest,FALSE,Julie Feiner,adr editor,FALSE,Sound Editing,
2006,Dialogue and ADR for Feature Film,Pirates of the Caribbean: Dead Man's Chest,FALSE,Lisa J. Levine,adr editor,FALSE,Sound Editing,
2006,Dialogue and ADR for Feature Film,Pirates of the Caribbean: Dead Man's Chest,FALSE,Michelle Pazer,dialogue editor,FALSE,Sound Editing,
2006,Dialogue and ADR for Feature Film,Pirates of the Caribbean: Dead Man's Chest,FALSE,Teri E. Dorman,dialogue editor,TRUE,Sound Editing,
2006,Dialogue and ADR for Feature Film,Pirates of the Caribbean: Dead Man's Chest,FALSE,Ulrika Akander,dialogue editor,FALSE,Sound Editing,
2006,Dialogue and ADR for Feature Film,The Da Vinci Code,FALSE,Anthony J. Ciccolini III,sound editor,TRUE,Sound Editing,
2006,Dialogue and ADR for Feature Film,The Da Vinci Code,FALSE,Daniel Pagan,sound editor,TRUE,Sound Editing,
2006,Dialogue and ADR for Feature Film,The Da Vinci Code,FALSE,Deborah Wallach,adr editor,TRUE,Sound Editing,
2006,Dialogue and ADR for Feature Film,The Da Vinci Code,FALSE,Gloria D'Alessandro,dialogue editor,FALSE,Sound Editing,
2006,Dialogue and ADR for Feature Film,The Da Vinci Code,FALSE,Karen Spangenberg,dialogue editor,FALSE,Sound Editing,
2006,Dialogue and ADR for Feature Film,The Da Vinci Code,FALSE,Laura Graham,adr editor,FALSE,Sound Editing,
2006,Dialogue and ADR for Feature Film,The Da Vinci Code,FALSE,Linda Folk,adr editor,FALSE,Sound Editing,
2006,Dialogue and ADR for Feature Film,The Da Vinci Code,FALSE,Teri E. Dorman,dialogue editor,FALSE,Sound Editing,
2006,Dialogue and ADR for Feature Film,The Last King of Scotland,FALSE,Christian Conrad,sound editor,TRUE,Sound Editing,
2006,Dialogue and ADR for Feature Film,The Last King of Scotland,FALSE,Dominik Schleier,dialogue editor,FALSE,Sound Editing,
2006,Dialogue and ADR for Feature Film,The Last King of Scotland,FALSE,Fabian Schmidt,adr editor,FALSE,Sound Editing,
2006,Dialogue and ADR for Feature Film,World Trade Center,FALSE,Laura Harris Atkinson,dialogue editor,FALSE,Sound Editing,
2006,Dialogue and ADR for Feature Film,World Trade Center,FALSE,Michael D. Wilhoit,sound editor,TRUE,Sound Editing,
2006,Dialogue and ADR for Feature Film,World Trade Center,FALSE,Michael Hertlein,dialogue editor,FALSE,Sound Editing,
2006,Dialogue and ADR for Feature Film,World Trade Center,FALSE,Renée Tondelli,sound editor,TRUE,Sound Editing,
2006,Dialogue and ADR for Feature Film,World Trade Center,FALSE,Wylie Stateman,sound editor,TRUE,Sound Editing,
2006,Feature Underscore,Apocalypto,TRUE,Dick Bernstein,music editor,FALSE,,
2006,Feature Underscore,Apocalypto,TRUE,Jim Henrikson,music editor,FALSE,,
2006,Feature Underscore,Babel,FALSE,Anibal Kerpel,music editor,FALSE,,
2006,Feature Underscore,Bobby,FALSE,Lee Scott,music editor,FALSE,,
2006,Feature Underscore,Bobby,FALSE,Lisa Jaime,music editor,FALSE,,
2006,Feature Underscore,Bobby,FALSE,Sally Boldt,music editor,FALSE,,
2006,Feature Underscore,Bobby,FALSE,Stephen Lotwis,music editor,FALSE,,
2006,Feature Underscore,Children of Men,FALSE,Michael Price,music editor,FALSE,,
2006,Feature Underscore,Click,FALSE,J.J. George,music editor,FALSE,,
2006,Feature Underscore,Click,FALSE,Stuart Grusin,music editor,FALSE,,
2006,Feature Underscore,Lucky Number Slevin,FALSE,Arthur Pingrey,music editor,FALSE,,
2006,Feature Underscore,Lucky Number Slevin,FALSE,Kevin Banks,music editor,FALSE,,
2006,Feature Underscore,Pirates of the Caribbean: Dead Man's Chest,FALSE,Julie Pearce,music editor,FALSE,,
2006,Feature Underscore,Pirates of the Caribbean: Dead Man's Chest,FALSE,Melissa Muik,music editor,TRUE,,
2006,Feature Underscore,The Proposition,FALSE,Gerard McCann,music editor,FALSE,,
2006,Musical for Feature Film,Dreamgirls,TRUE,Amanda Goodpaster,music editor,FALSE,,
2006,Musical for Feature Film,Dreamgirls,TRUE,Jason Ruder,music editor,FALSE,,
2006,Musical for Feature Film,Dreamgirls,TRUE,Paul Rabjohns,music editor,TRUE,,
2006,Musical for Feature Film,Dreamgirls,TRUE,Timothy Boot,music editor,FALSE,,
2006,Musical for Feature Film,A Prairie Home Companion,FALSE,Annette Kudrak,music editor,TRUE,,
2006,Musical for Feature Film,Copying Beethoven,FALSE,Andrew Glen,music editor,FALSE,,
2006,Musical for Feature Film,Take the Lead,FALSE,Angie Rubin,music editor,TRUE,,
2006,Musical for Feature Film,Take the Lead,FALSE,Jeffrey Potokar,music editor,FALSE,,
2006,Musical for Feature Film,Tenacious D in The Pick of Destiny,FALSE,Michael Baber,music editor,FALSE,,
2006,Sound Effects and Foley for Feature Film,Letters from Iwo Jima,TRUE,Alan Robert Murray,sound editor,TRUE,Sound Editing,
2006,Sound Effects and Foley for Feature Film,Letters from Iwo Jima,TRUE,Bub Asman,sound editor,TRUE,Sound Editing,
2006,Sound Effects and Foley for Feature Film,Letters from Iwo Jima,TRUE,Christopher Flick,sound editor,FALSE,Sound Editing,
2006,Sound Effects and Foley for Feature Film,Letters from Iwo Jima,TRUE,Jason King,sound editor,FALSE,Sound Editing,
2006,Sound Effects and Foley for Feature Film,Letters from Iwo Jima,TRUE,Jason W. Jennings,sound editor,FALSE,Sound Editing,
2006,Sound Effects and Foley for Feature Film,Letters from Iwo Jima,TRUE,Michael Dressel,foley editor,TRUE,Sound Editing,
2006,Sound Effects and Foley for Feature Film,Letters from Iwo Jima,TRUE,Robin Harlan,foley artist,FALSE,Sound Editing,
2006,Sound Effects and Foley for Feature Film,Letters from Iwo Jima,TRUE,Sarah Monat,foley artist,FALSE,Sound Editing,
2006,Sound Effects and Foley for Feature Film,Letters from Iwo Jima,TRUE,Shawn Sykora,sound editor,FALSE,Sound Editing,
2006,Sound Effects and Foley for Feature Film,Letters from Iwo Jima,TRUE,Steve Mann,sound editor,FALSE,Sound Editing,
2006,Sound Effects and Foley for Feature Film,Blood Diamond,FALSE,Alyson Dee Moore,foley artist,FALSE,Sound Editing,
2006,Sound Effects and Foley for Feature Film,Blood Diamond,FALSE,Christopher Assells,sound effects editor,FALSE,Sound Editing,
2006,Sound Effects and Foley for Feature Film,Blood Diamond,FALSE,Craig S. Jaeger,foley editor,FALSE,Sound Editing,
2006,Sound Effects and Foley for Feature Film,Blood Diamond,FALSE,Damien Smith,foley artist,FALSE,Sound Editing,
2006,Sound Effects and Foley for Feature Film,Blood Diamond,FALSE,David Lee Fein,foley artist,FALSE,Sound Editing,
2006,Sound Effects and Foley for Feature Film,Blood Diamond,FALSE,Harry Cohen,sound effects editor,FALSE,Sound Editing,
2006,Sound Effects and Foley for Feature Film,Blood Diamond,FALSE,John Roesch,foley artist,FALSE,Sound Editing,
2006,Sound Effects and Foley for Feature Film,Blood Diamond,FALSE,Joseph T. Sabella,foley artist,FALSE,Sound Editing,
2006,Sound Effects and Foley for Feature Film,Blood Diamond,FALSE,Karen Vassar Triest,sound effects editor,FALSE,Sound Editing,
2006,Sound Effects and Foley for Feature Film,Blood Diamond,FALSE,Lon Bender,sound editor,TRUE,Sound Editing,
2006,Sound Effects and Foley for Feature Film,Blood Diamond,FALSE,Pamela Kahn,foley artist,FALSE,Sound Editing,
2006,Sound Effects and Foley for Feature Film,Flags of Our Fathers,FALSE,Alan Robert Murray,sound editor,TRUE,Sound Editing,
2006,Sound Effects and Foley for Feature Film,Flags of Our Fathers,FALSE,Bub Asman,sound editor,TRUE,Sound Editing,
2006,Sound Effects and Foley for Feature Film,Flags of Our Fathers,FALSE,Charles Maynes,sound editor,FALSE,Sound Editing,
2006,Sound Effects and Foley for Feature Film,Flags of Our Fathers,FALSE,Dan O'Connell,foley artist,FALSE,Sound Editing,
2006,Sound Effects and Foley for Feature Film,Flags of Our Fathers,FALSE,Jason King,sound editor,FALSE,Sound Editing,
2006,Sound Effects and Foley for Feature Film,Flags of Our Fathers,FALSE,Jason W. Jennings,sound editor,FALSE,Sound Editing,
2006,Sound Effects and Foley for Feature Film,Flags of Our Fathers,FALSE,John T. Cucci,foley artist,FALSE,Sound Editing,
2006,Sound Effects and Foley for Feature Film,Flags of Our Fathers,FALSE,Michael Dressel,foley editor,TRUE,Sound Editing,
2006,Sound Effects and Foley for Feature Film,Flags of Our Fathers,FALSE,Steve Mann,sound editor,FALSE,Sound Editing,
2006,Sound Effects and Foley for Feature Film,Flags of Our Fathers,FALSE,Steven Ticknor,sound designer,FALSE,Sound Editing,
2006,Sound Effects and Foley for Feature Film,Flags of Our Fathers,FALSE,Steven Ticknor,editor,FALSE,Sound Editing,
2006,Sound Effects and Foley for Feature Film,Flags of Our Fathers,FALSE,Valerie Davidson,sound editor,FALSE,Sound Editing,
2006,Sound Effects and Foley for Feature Film,Mission: Impossible III,FALSE,Alan Rankin,sound editor,TRUE,Sound Editing,
2006,Sound Effects and Foley for Feature Film,Mission: Impossible III,FALSE,Beth Sterner,sound effects editor,FALSE,Sound Editing,
2006,Sound Effects and Foley for Feature Film,Mission: Impossible III,FALSE,Jon Title,sound designers,FALSE,Sound Editing,
2006,Sound Effects and Foley for Feature Film,Mission: Impossible III,FALSE,Jon Title,effects editor,FALSE,Sound Editing,
2006,Sound Effects and Foley for Feature Film,Mission: Impossible III,FALSE,Kenneth L. Johnson,sound effects editor,FALSE,Sound Editing,
2006,Sound Effects and Foley for Feature Film,Mission: Impossible III,FALSE,Linda Lew,foley editor,FALSE,Sound Editing,
2006,Sound Effects and Foley for Feature Film,Mission: Impossible III,FALSE,Mark P. Stoeckinger,sound editor,TRUE,Sound Editing,
2006,Sound Effects and Foley for Feature Film,Mission: Impossible III,FALSE,Michael Kamper,sound designers,FALSE,Sound Editing,
2006,Sound Effects and Foley for Feature Film,Mission: Impossible III,FALSE,Michael Kamper,effects editor,FALSE,Sound Editing,
2006,Sound Effects and Foley for Feature Film,Mission: Impossible III,FALSE,Peter Zinda,sound effects editor,FALSE,Sound Editing,
2006,Sound Effects and Foley for Feature Film,Mission: Impossible III,FALSE,Robin Harlan,foley artist,FALSE,Sound Editing,
2006,Sound Effects and Foley for Feature Film,Mission: Impossible III,FALSE,Sarah Monat,foley artist,FALSE,Sound Editing,
2006,Sound Effects and Foley for Feature Film,Mission: Impossible III,FALSE,Scott Curtis,foley editor,TRUE,Sound Editing,
2006,Sound Effects and Foley for Feature Film,Mission: Impossible III,FALSE,Scott Wolf,sound designers,FALSE,Sound Editing,
2006,Sound Effects and Foley for Feature Film,Mission: Impossible III,FALSE,Scott Wolf,effects editor,FALSE,Sound Editing,
2006,Sound Effects and Foley for Feature Film,Mission: Impossible III,FALSE,Thomas W. Small,foley editor,TRUE,Sound Editing,
2006,Sound Effects and Foley for Feature Film,Pirates of the Caribbean: Dead Man's Chest,FALSE,Addison Teague,sound effects editor,FALSE,Sound Editing,
2006,Sound Effects and Foley for Feature Film,Pirates of the Caribbean: Dead Man's Chest,FALSE,Brent Burge,sound effects editor,FALSE,Sound Editing,
2006,Sound Effects and Foley for Feature Film,Pirates of the Caribbean: Dead Man's Chest,FALSE,Christopher Boyes,sound editor,TRUE,Sound Editing,
2006,Sound Effects and Foley for Feature Film,Pirates of the Caribbean: Dead Man's Chest,FALSE,Dan O'Connell,foley artist,FALSE,Sound Editing,
2006,Sound Effects and Foley for Feature Film,Pirates of the Caribbean: Dead Man's Chest,FALSE,Dee Selby,sound effects editor,FALSE,Sound Editing,
2006,Sound Effects and Foley for Feature Film,Pirates of the Caribbean: Dead Man's Chest,FALSE,F. Hudson Miller,foley editor,FALSE,Sound Editing,
2006,Sound Effects and Foley for Feature Film,Pirates of the Caribbean: Dead Man's Chest,FALSE,George Watters II,sound editor,TRUE,Sound Editing,
2006,Sound Effects and Foley for Feature Film,Pirates of the Caribbean: Dead Man's Chest,FALSE,James Likowski,foley editor,FALSE,Sound Editing,
2006,Sound Effects and Foley for Feature Film,Pirates of the Caribbean: Dead Man's Chest,FALSE,John T. Cucci,foley artist,FALSE,Sound Editing,
2006,Sound Effects and Foley for Feature Film,Pirates of the Caribbean: Dead Man's Chest,FALSE,Ken Fischer,sound effects editor,FALSE,Sound Editing,
2006,Sound Effects and Foley for Feature Film,Pirates of the Caribbean: Dead Man's Chest,FALSE,Matthew Harrison,foley editor,FALSE,Sound Editing,
2006,Sound Effects and Foley for Feature Film,Pirates of the Caribbean: Dead Man's Chest,FALSE,Melanie Graham,sound effects editor,FALSE,Sound Editing,
2006,Sound Effects and Foley for Feature Film,Pirates of the Caribbean: Dead Man's Chest,FALSE,Shannon Mills,sound effects editor,FALSE,Sound Editing,
2006,Sound Effects and Foley for Feature Film,Pirates of the Caribbean: Dead Man's Chest,FALSE,Tim Nielsen,sound effects editor,FALSE,Sound Editing,
2006,Sound Effects and Foley for Feature Film,Pirates of the Caribbean: Dead Man's Chest,FALSE,Victoria Martin,foley editor,TRUE,Sound Editing,
2006,Sound Effects and Foley for Feature Film,Superman Returns,FALSE,Alyson Dee Moore,foley artist,FALSE,Sound Editing,
2006,Sound Effects and Foley for Feature Film,Superman Returns,FALSE,Christopher S. Aud,sound effects editor,FALSE,Sound Editing,
2006,Sound Effects and Foley for Feature Film,Superman Returns,FALSE,Craig Berkey,sound editor,TRUE,Sound Editing,
2006,Sound Effects and Foley for Feature Film,Superman Returns,FALSE,Craig Berkey,sound designer,FALSE,Sound Editing,
2006,Sound Effects and Foley for Feature Film,Superman Returns,FALSE,Craig S. Jaeger,foley editor,FALSE,Sound Editing,
2006,Sound Effects and Foley for Feature Film,Superman Returns,FALSE,Erik Aadahl,sound designer,FALSE,Sound Editing,
2006,Sound Effects and Foley for Feature Film,Superman Returns,FALSE,John Roesch,foley artist,FALSE,Sound Editing,
2006,Sound Effects and Foley for Feature Film,Superman Returns,FALSE,Pamela Kahn,foley artist,FALSE,Sound Editing,
2006,Sound Effects and Foley for Feature Film,The Prestige,FALSE,Alyson Dee Moore,foley editor,FALSE,Sound Editing,
2006,Sound Effects and Foley for Feature Film,The Prestige,FALSE,Christopher Flick,foley editor,TRUE,Sound Editing,
2006,Sound Effects and Foley for Feature Film,The Prestige,FALSE,John Roesch,foley editor,FALSE,Sound Editing,
2006,Sound Effects and Foley for Feature Film,The Prestige,FALSE,Jonathan Klein,sound editor,FALSE,Sound Editing,
2006,Sound Effects and Foley for Feature Film,The Prestige,FALSE,Michael W. Mitchell,sound editor,FALSE,Sound Editing,
2006,Sound Effects and Foley for Feature Film,The Prestige,FALSE,Paul Berolzheimer,sound editor,FALSE,Sound Editing,
2006,Sound Effects and Foley for Feature Film,The Prestige,FALSE,Richard King,sound editor,TRUE,Sound Editing,
2006,Sound Effects and Foley for Feature Film,World Trade Center,FALSE,Anne Scibelli,sound editor,TRUE,Sound Editing,
2006,Sound Effects and Foley for Feature Film,World Trade Center,FALSE,Branden Spencer,sound editor,FALSE,Sound Editing,
2006,Sound Effects and Foley for Feature Film,World Trade Center,FALSE,Charlie Campagna,sound editor,FALSE,Sound Editing,
2006,Sound Effects and Foley for Feature Film,World Trade Center,FALSE,Daniel R. Kerr,sound editor,FALSE,Sound Editing,
2006,Sound Effects and Foley for Feature Film,World Trade Center,FALSE,Hector C. Gika,sound editor,FALSE,Sound Editing,
2006,Sound Effects and Foley for Feature Film,World Trade Center,FALSE,James Moriana,foley artist,FALSE,Sound Editing,
2006,Sound Effects and Foley for Feature Film,World Trade Center,FALSE,Jeffrey Wilhoit,foley artist,FALSE,Sound Editing,
2006,Sound Effects and Foley for Feature Film,World Trade Center,FALSE,Jeremy Pitts,sound editor,FALSE,Sound Editing,
2006,Sound Effects and Foley for Feature Film,World Trade Center,FALSE,Linda Lew,sound editor,FALSE,Sound Editing,
2006,Sound Effects and Foley for Feature Film,World Trade Center,FALSE,Mark Ormandy,sound editor,FALSE,Sound Editing,
2006,Sound Effects and Foley for Feature Film,World Trade Center,FALSE,Michael D. Wilhoit,sound editor,TRUE,Sound Editing,
2006,Sound Effects and Foley for Feature Film,World Trade Center,FALSE,Renée Tondelli,sound editor,TRUE,Sound Editing,
2006,Sound Effects and Foley for Feature Film,World Trade Center,FALSE,Robin Harlan,foley artist,FALSE,Sound Editing,
2006,Sound Effects and Foley for Feature Film,World Trade Center,FALSE,Sarah Monat,foley artist,FALSE,Sound Editing,
2006,Sound Effects and Foley for Feature Film,World Trade Center,FALSE,Scott Curtis,foley editor,TRUE,Sound Editing,
2006,Sound Effects and Foley for Feature Film,World Trade Center,FALSE,Scott Wolf,sound editor,FALSE,Sound Editing,
2006,Sound Effects and Foley for Feature Film,World Trade Center,FALSE,Wylie Stateman,sound editor,TRUE,Sound Editing,
2006,"Sound Effects, Foley, Dialogue and ADR for Animated Feature Film",Cars,TRUE,Bruno Coon,music editor,FALSE,,
2006,"Sound Effects, Foley, Dialogue and ADR for Animated Feature Film",Cars,TRUE,Christopher Barrick,foley editor,FALSE,,
2006,"Sound Effects, Foley, Dialogue and ADR for Animated Feature Film",Cars,TRUE,Dee Selby,sound effects editor,FALSE,,
2006,"Sound Effects, Foley, Dialogue and ADR for Animated Feature Film",Cars,TRUE,Dennie Thorpe,foley artist,FALSE,,
2006,"Sound Effects, Foley, Dialogue and ADR for Animated Feature Film",Cars,TRUE,Ellen Heuer,foley artist,FALSE,,
2006,"Sound Effects, Foley, Dialogue and ADR for Animated Feature Film",Cars,TRUE,Jana Vance,foley artist,FALSE,,
2006,"Sound Effects, Foley, Dialogue and ADR for Animated Feature Film",Cars,TRUE,Jonathan Null,foley editor,TRUE,,
2006,"Sound Effects, Foley, Dialogue and ADR for Animated Feature Film",Cars,TRUE,Michael Silvers,sound editors,TRUE,,
2006,"Sound Effects, Foley, Dialogue and ADR for Animated Feature Film",Cars,TRUE,Michael Silvers,sound designer,FALSE,,
2006,"Sound Effects, Foley, Dialogue and ADR for Animated Feature Film",Cars,TRUE,Shannon Mills,sound effects editor,FALSE,,
2006,"Sound Effects, Foley, Dialogue and ADR for Animated Feature Film",Cars,TRUE,Steve Slanec,adr editor,FALSE,,
2006,"Sound Effects, Foley, Dialogue and ADR for Animated Feature Film",Cars,TRUE,Teresa Eckton,sound effects editor,FALSE,,
2006,"Sound Effects, Foley, Dialogue and ADR for Animated Feature Film",Cars,TRUE,Tom Myers,sound editors,TRUE,,
2006,"Sound Effects, Foley, Dialogue and ADR for Animated Feature Film",Cars,TRUE,Tom Myers,sound designer,FALSE,,
2006,"Sound Effects, Foley, Dialogue and ADR for Animated Feature Film",Flushed Away,FALSE,Catherine Harper,foley artist,FALSE,,
2006,"Sound Effects, Foley, Dialogue and ADR for Animated Feature Film",Flushed Away,FALSE,Christopher Moriana,foley artist,FALSE,,
2006,"Sound Effects, Foley, Dialogue and ADR for Animated Feature Film",Flushed Away,FALSE,David A. Whittaker,sound effects editor,FALSE,,
2006,"Sound Effects, Foley, Dialogue and ADR for Animated Feature Film",Flushed Away,FALSE,Mike Chock,sound effects editor,FALSE,,
2006,"Sound Effects, Foley, Dialogue and ADR for Animated Feature Film",Flushed Away,FALSE,Ralph Osborn,dialogue editor,FALSE,,
2006,"Sound Effects, Foley, Dialogue and ADR for Animated Feature Film",Flushed Away,FALSE,Richard L. Anderson,sound editors,TRUE,,
2006,"Sound Effects, Foley, Dialogue and ADR for Animated Feature Film",Flushed Away,FALSE,Richard L. Anderson,sound designer,FALSE,,
2006,"Sound Effects, Foley, Dialogue and ADR for Animated Feature Film",Flushed Away,FALSE,Richard Whitfield,music editor,FALSE,,
2006,"Sound Effects, Foley, Dialogue and ADR for Animated Feature Film",Flushed Away,FALSE,Steve Lee,sound effects editor,FALSE,,
2006,"Sound Effects, Foley, Dialogue and ADR for Animated Feature Film",Flushed Away,FALSE,Thom Brennan,foley editor,TRUE,,
2006,"Sound Effects, Foley, Dialogue and ADR for Animated Feature Film",Flushed Away,FALSE,Thomas Jones,sound editors,TRUE,,
2006,"Sound Effects, Foley, Dialogue and ADR for Animated Feature Film",Flushed Away,FALSE,Thomas Jones,sound designer,FALSE,,
2006,"Sound Effects, Foley, Dialogue and ADR for Animated Feature Film",Happy Feet,FALSE,Angus Robertson,sound effects editor,FALSE,,
2006,"Sound Effects, Foley, Dialogue and ADR for Animated Feature Film",Happy Feet,FALSE,Damian Candusso,sound effects editor,FALSE,,
2006,"Sound Effects, Foley, Dialogue and ADR for Animated Feature Film",Happy Feet,FALSE,Derryn Pasquill,sound effects editor,FALSE,,
2006,"Sound Effects, Foley, Dialogue and ADR for Animated Feature Film",Happy Feet,FALSE,Fabian Sanjurjo,sound effects editor,TRUE,,
2006,"Sound Effects, Foley, Dialogue and ADR for Animated Feature Film",Happy Feet,FALSE,Jason Hancock,foley artist,FALSE,,
2006,"Sound Effects, Foley, Dialogue and ADR for Animated Feature Film",Happy Feet,FALSE,Jenny T. Ward,dialogue editor,FALSE,,
2006,"Sound Effects, Foley, Dialogue and ADR for Animated Feature Film",Happy Feet,FALSE,John Simpson,foley artist,FALSE,,
2006,"Sound Effects, Foley, Dialogue and ADR for Animated Feature Film",Happy Feet,FALSE,Nick Breslin,dialogue,FALSE,,
2006,"Sound Effects, Foley, Dialogue and ADR for Animated Feature Film",Happy Feet,FALSE,Nick Breslin,sound effects editor,FALSE,,
2006,"Sound Effects, Foley, Dialogue and ADR for Animated Feature Film",Happy Feet,FALSE,Rick Lisle,sound effects editor,FALSE,,
2006,"Sound Effects, Foley, Dialogue and ADR for Animated Feature Film",Happy Feet,FALSE,Simon Leadley,music editor,FALSE,,
2006,"Sound Effects, Foley, Dialogue and ADR for Animated Feature Film",Happy Feet,FALSE,Sonal Joshi,dialogue editor,TRUE,,
2006,"Sound Effects, Foley, Dialogue and ADR for Animated Feature Film",Happy Feet,FALSE,Thomas A. Carlson,music editor,FALSE,,
2006,"Sound Effects, Foley, Dialogue and ADR for Animated Feature Film",Happy Feet,FALSE,Tim Ryan,music editor,FALSE,,
2006,"Sound Effects, Foley, Dialogue and ADR for Animated Feature Film",Happy Feet,FALSE,Wayne Pashley,sound designer,TRUE,,
2006,"Sound Effects, Foley, Dialogue and ADR for Animated Feature Film",Happy Feet,FALSE,Wayne Pashley,sound editor,FALSE,,
2006,"Sound Effects, Foley, Dialogue and ADR for Animated Feature Film",Ice Age: The Meltdown,FALSE,Al Nelson,sound effects editor,FALSE,,
2006,"Sound Effects, Foley, Dialogue and ADR for Animated Feature Film",Ice Age: The Meltdown,FALSE,Christopher Scarabosio,sound effects editor,FALSE,,
2006,"Sound Effects, Foley, Dialogue and ADR for Animated Feature Film",Ice Age: The Meltdown,FALSE,David C. Hughes,sound effects editor,FALSE,,
2006,"Sound Effects, Foley, Dialogue and ADR for Animated Feature Film",Ice Age: The Meltdown,FALSE,Dennie Thorpe,foley artist,FALSE,,
2006,"Sound Effects, Foley, Dialogue and ADR for Animated Feature Film",Ice Age: The Meltdown,FALSE,Douglas Murray,sound editors,TRUE,,
2006,"Sound Effects, Foley, Dialogue and ADR for Animated Feature Film",Ice Age: The Meltdown,FALSE,Douglas Murray,sound designer,FALSE,,
2006,"Sound Effects, Foley, Dialogue and ADR for Animated Feature Film",Ice Age: The Meltdown,FALSE,Ellen Heuer,foley artist,FALSE,,
2006,"Sound Effects, Foley, Dialogue and ADR for Animated Feature Film",Ice Age: The Meltdown,FALSE,Gwendolyn Yates Whittle,adr editor,TRUE,,
2006,"Sound Effects, Foley, Dialogue and ADR for Animated Feature Film",Ice Age: The Meltdown,FALSE,Jana Vance,foley artist,FALSE,,
2006,"Sound Effects, Foley, Dialogue and ADR for Animated Feature Film",Ice Age: The Meltdown,FALSE,Marshall Winn,adr editor,FALSE,,
2006,"Sound Effects, Foley, Dialogue and ADR for Animated Feature Film",Ice Age: The Meltdown,FALSE,Randy Thom,sound editors,TRUE,,
2006,"Sound Effects, Foley, Dialogue and ADR for Animated Feature Film",Ice Age: The Meltdown,FALSE,Randy Thom,sound designer,FALSE,,
2006,"Sound Effects, Foley, Dialogue and ADR for Animated Feature Film",Ice Age: The Meltdown,FALSE,Samuel H. Hinckley,foley editor,FALSE,,
2006,"Sound Effects, Foley, Dialogue and ADR for Animated Feature Film",Ice Age: The Meltdown,FALSE,Stuart McCowan,adr editor,FALSE,,
2006,"Sound Effects, Foley, Dialogue and ADR for Animated Feature Film",Ice Age: The Meltdown,FALSE,Sue Fox,foley editor,TRUE,,
2006,"Sound Effects, Foley, Dialogue and ADR for Animated Feature Film",Ice Age: The Meltdown,FALSE,Tom Carlson,music editor,FALSE,,
2006,"Sound Effects, Foley, Dialogue and ADR for Animated Feature Film",Ice Age: The Meltdown,FALSE,Will Files,sound effects editor,FALSE,,
2006,"Sound Effects, Foley, Dialogue and ADR for Animated Feature Film",Over the Hedge,FALSE,David A. Whittaker,sound editor,FALSE,,
2006,"Sound Effects, Foley, Dialogue and ADR for Animated Feature Film",Over the Hedge,FALSE,Mike Chock,sound editor,FALSE,,
2006,"Sound Effects, Foley, Dialogue and ADR for Animated Feature Film",Over the Hedge,FALSE,Reuben Simon,foley editor,TRUE,,
2006,"Sound Effects, Foley, Dialogue and ADR for Animated Feature Film",Over the Hedge,FALSE,Reuben Simon,sound editor,FALSE,,
2006,"Sound Effects, Foley, Dialogue and ADR for Animated Feature Film",Over the Hedge,FALSE,Richard L. Anderson,sound editors,TRUE,,
2006,"Sound Effects, Foley, Dialogue and ADR for Animated Feature Film",Over the Hedge,FALSE,Richard L. Anderson,sound designer,FALSE,,
2006,"Sound Effects, Foley, Dialogue and ADR for Animated Feature Film",Over the Hedge,FALSE,Slamm Andrews,music editor,FALSE,,
2006,"Sound Effects, Foley, Dialogue and ADR for Animated Feature Film",Over the Hedge,FALSE,Steve Lee,sound editor,FALSE,,
2006,"Sound Effects, Foley, Dialogue and ADR for Animated Feature Film",Over the Hedge,FALSE,Thomas Jones,sound editors,TRUE,,
2006,"Sound Effects, Foley, Dialogue and ADR for Animated Feature Film",Over the Hedge,FALSE,Thomas Jones,sound designer,FALSE,,
2006,"Sound Effects, Foley, Dialogue and ADR for Animated Feature Film",The Ant Bully,FALSE,Alyson Dee Moore,foley artist,FALSE,,
2006,"Sound Effects, Foley, Dialogue and ADR for Animated Feature Film",The Ant Bully,FALSE,Andrew Dorfman,music editor,FALSE,,
2006,"Sound Effects, Foley, Dialogue and ADR for Animated Feature Film",The Ant Bully,FALSE,Bernard Weiser,sound effects editor,FALSE,,
2006,"Sound Effects, Foley, Dialogue and ADR for Animated Feature Film",The Ant Bully,FALSE,Bruce Tanis,sound effects editor,FALSE,,
2006,"Sound Effects, Foley, Dialogue and ADR for Animated Feature Film",The Ant Bully,FALSE,Chuck Michael,sound effects editor,FALSE,,
2006,"Sound Effects, Foley, Dialogue and ADR for Animated Feature Film",The Ant Bully,FALSE,David Grimaldi,sound effects editor,FALSE,,
2006,"Sound Effects, Foley, Dialogue and ADR for Animated Feature Film",The Ant Bully,FALSE,Derek Vanderhorst,sound effects editor,FALSE,,
2006,"Sound Effects, Foley, Dialogue and ADR for Animated Feature Film",The Ant Bully,FALSE,Jason King,sound effects editor,FALSE,,
2006,"Sound Effects, Foley, Dialogue and ADR for Animated Feature Film",The Ant Bully,FALSE,Jeff Carson,music editor,FALSE,,
2006,"Sound Effects, Foley, Dialogue and ADR for Animated Feature Film",The Ant Bully,FALSE,Mark Menza,sound editor,TRUE,,
2006,"Sound Effects, Foley, Dialogue and ADR for Animated Feature Film",The Ant Bully,FALSE,Randall Guth,sound effects editor,FALSE,,
2006,"Sound Effects, Foley, Dialogue and ADR for Animated Feature Film",The Ant Bully,FALSE,Solange S. Schwalbe,foley editor,TRUE,,
2006,"Sound Effects, Foley, Dialogue and ADR for Animated Feature Film",The Ant Bully,FALSE,Tanya Noel Hill,music editor,FALSE,,
2006,"Sound Effects, Foley, Dialogue and ADR for Animated Feature Film",The Ant Bully,FALSE,Val Kuklowsky,sound editor,FALSE,,
2006,"Sound Effects, Foley, Dialogue and ADR for Animated Feature Film",The Ant Bully,FALSE,Willard Overstreet,foley editor,FALSE,,
2006,"Sound Effects, Foley, Dialogue and ADR for Foreign Language Feature Film",Pan's Labyrinth,TRUE,Alejandro Quevedo,sound effects editor,FALSE,,Spain Mexico
2006,"Sound Effects, Foley, Dialogue and ADR for Foreign Language Feature Film",Pan's Labyrinth,TRUE,Carlos Zamorano,foley artist,FALSE,,Spain Mexico
2006,"Sound Effects, Foley, Dialogue and ADR for Foreign Language Feature Film",Pan's Labyrinth,TRUE,Dana Blanco,sound effects editor,FALSE,,Spain Mexico
2006,"Sound Effects, Foley, Dialogue and ADR for Foreign Language Feature Film",Pan's Labyrinth,TRUE,Dana Blanco,foley artist,FALSE,,Spain Mexico
2006,"Sound Effects, Foley, Dialogue and ADR for Foreign Language Feature Film",Pan's Labyrinth,TRUE,Martin Hernández,sound editor,TRUE,,Spain Mexico
2006,"Sound Effects, Foley, Dialogue and ADR for Foreign Language Feature Film",Pan's Labyrinth,TRUE,Martin Hernández,sound designer,FALSE,,Spain Mexico
2006,"Sound Effects, Foley, Dialogue and ADR for Foreign Language Feature Film",Pan's Labyrinth,TRUE,Roland N. Thai,sound designer,FALSE,,Spain Mexico
2006,"Sound Effects, Foley, Dialogue and ADR for Foreign Language Feature Film",Pan's Labyrinth,TRUE,Roland N. Thai,sound effects editor,FALSE,,Spain Mexico
2006,"Sound Effects, Foley, Dialogue and ADR for Foreign Language Feature Film",Pan's Labyrinth,TRUE,Sergio Diaz,dialogue editor,TRUE,,Spain Mexico
2006,"Sound Effects, Foley, Dialogue and ADR for Foreign Language Feature Film",Pan's Labyrinth,TRUE,Sergio Diaz,adr,FALSE,,Spain Mexico
2006,"Sound Effects, Foley, Dialogue and ADR for Foreign Language Feature Film",Pan's Labyrinth,TRUE,Sergio Diaz,dialogue editor,FALSE,,Spain Mexico
2006,"Sound Effects, Foley, Dialogue and ADR for Foreign Language Feature Film",Babel,FALSE,Alejandro Quevedo,sound effects editor,FALSE,,United States Mexico Morocco France
2006,"Sound Effects, Foley, Dialogue and ADR for Foreign Language Feature Film",Babel,FALSE,Laura Macias,foley artist,FALSE,,United States Mexico Morocco France
2006,"Sound Effects, Foley, Dialogue and ADR for Foreign Language Feature Film",Babel,FALSE,Martin Hernández,sound editor,TRUE,,United States Mexico Morocco France
2006,"Sound Effects, Foley, Dialogue and ADR for Foreign Language Feature Film",Babel,FALSE,Martin Hernández,sound designer,FALSE,,United States Mexico Morocco France
2006,"Sound Effects, Foley, Dialogue and ADR for Foreign Language Feature Film",Babel,FALSE,Richard Burton,dialogue editor,FALSE,,United States Mexico Morocco France
2006,"Sound Effects, Foley, Dialogue and ADR for Foreign Language Feature Film",Babel,FALSE,Robert Troy,dialogue editor,FALSE,,United States Mexico Morocco France
2006,"Sound Effects, Foley, Dialogue and ADR for Foreign Language Feature Film",Babel,FALSE,Roland N. Thai,sound designer,FALSE,,United States Mexico Morocco France
2006,"Sound Effects, Foley, Dialogue and ADR for Foreign Language Feature Film",Babel,FALSE,Sergio Diaz,dialogue editor,FALSE,,United States Mexico Morocco France
2006,"Sound Effects, Foley, Dialogue and ADR for Foreign Language Feature Film",Babel,FALSE,Shawn Kennelly,foley editor,TRUE,,United States Mexico Morocco France
2006,"Sound Effects, Foley, Dialogue and ADR for Foreign Language Feature Film",Babel,FALSE,Thierry J. Couturier,dialogue editor,FALSE,,United States Mexico Morocco France
2006,"Sound Effects, Foley, Dialogue and ADR for Foreign Language Feature Film",Babel,FALSE,Vince Nicastro,foley artist,FALSE,,United States Mexico Morocco France
2006,"Sound Effects, Foley, Dialogue and ADR for Foreign Language Feature Film",Casino Royale,FALSE,Alex Joseph,foley editor,TRUE,,United Kingdom United States Czech Republic Germany
2006,"Sound Effects, Foley, Dialogue and ADR for Foreign Language Feature Film",Casino Royale,FALSE,Andie Derrick,foley artist,FALSE,,United Kingdom United States Czech Republic Germany
2006,"Sound Effects, Foley, Dialogue and ADR for Foreign Language Feature Film",Casino Royale,FALSE,Colin Ritchie,adr editor,FALSE,,United Kingdom United States Czech Republic Germany
2006,"Sound Effects, Foley, Dialogue and ADR for Foreign Language Feature Film",Casino Royale,FALSE,Eddy Joseph,sound editor,TRUE,,United Kingdom United States Czech Republic Germany
2006,"Sound Effects, Foley, Dialogue and ADR for Foreign Language Feature Film",Casino Royale,FALSE,Iain Eyre,foley editor,FALSE,,United Kingdom United States Czech Republic Germany
2006,"Sound Effects, Foley, Dialogue and ADR for Foreign Language Feature Film",Casino Royale,FALSE,Jack Whittaker,sound effects editor,FALSE,,United Kingdom United States Czech Republic Germany
2006,"Sound Effects, Foley, Dialogue and ADR for Foreign Language Feature Film",Casino Royale,FALSE,James Boyle,sound effects editor,FALSE,,United Kingdom United States Czech Republic Germany
2006,"Sound Effects, Foley, Dialogue and ADR for Foreign Language Feature Film",Casino Royale,FALSE,James Harrison,sound effects editor,FALSE,,United Kingdom United States Czech Republic Germany
2006,"Sound Effects, Foley, Dialogue and ADR for Foreign Language Feature Film",Casino Royale,FALSE,Martin Cantwell,sound designer,FALSE,,United Kingdom United States Czech Republic Germany
2006,"Sound Effects, Foley, Dialogue and ADR for Foreign Language Feature Film",Casino Royale,FALSE,Oliver Tarney,sound effects editor,FALSE,,United Kingdom United States Czech Republic Germany
2006,"Sound Effects, Foley, Dialogue and ADR for Foreign Language Feature Film",Casino Royale,FALSE,Peter Burgis,foley artist,FALSE,,United Kingdom United States Czech Republic Germany
2006,"Sound Effects, Foley, Dialogue and ADR for Foreign Language Feature Film",Casino Royale,FALSE,Simon Chase,dialogue editor,FALSE,,United Kingdom United States Czech Republic Germany
2006,"Sound Effects, Foley, Dialogue and ADR for Foreign Language Feature Film",Casino Royale,FALSE,Stuart Morton,foley editor,FALSE,,United Kingdom United States Czech Republic Germany
2006,"Sound Effects, Foley, Dialogue and ADR for Foreign Language Feature Film",Children of Men,FALSE,Bjorn Ole Schroeder,sound editor,FALSE,,United Kingdom United States Japan
2006,"Sound Effects, Foley, Dialogue and ADR for Foreign Language Feature Film",Children of Men,FALSE,David Evans,sound editor,TRUE,,United Kingdom United States Japan
2006,"Sound Effects, Foley, Dialogue and ADR for Foreign Language Feature Film",Children of Men,FALSE,Harry Barnes,foley editor,FALSE,,United Kingdom United States Japan
2006,"Sound Effects, Foley, Dialogue and ADR for Foreign Language Feature Film",Children of Men,FALSE,Iain Eyre,adr editor,FALSE,,United Kingdom United States Japan
2006,"Sound Effects, Foley, Dialogue and ADR for Foreign Language Feature Film",Children of Men,FALSE,Nick Lowe,adr editor,FALSE,,United Kingdom United States Japan
2006,"Sound Effects, Foley, Dialogue and ADR for Foreign Language Feature Film",Children of Men,FALSE,Peter Burgis,foley artist,FALSE,,United Kingdom United States Japan
2006,"Sound Effects, Foley, Dialogue and ADR for Foreign Language Feature Film",Children of Men,FALSE,Richard Beggs,sound designer,FALSE,,United Kingdom United States Japan
2006,"Sound Effects, Foley, Dialogue and ADR for Foreign Language Feature Film",Children of Men,FALSE,Sam Southwick,sound editor,FALSE,,United Kingdom United States Japan
2006,"Sound Effects, Foley, Dialogue and ADR for Foreign Language Feature Film",Children of Men,FALSE,Stuart Morton,foley editor,FALSE,,United Kingdom United States Japan
2006,"Sound Effects, Foley, Dialogue and ADR for Foreign Language Feature Film",Children of Men,FALSE,Tony Currie,dialogue editor,FALSE,,United Kingdom United States Japan
2006,"Sound Effects, Foley, Dialogue and ADR for Foreign Language Feature Film",Curse of the Golden Flower,FALSE,Andy Wright,sound effects editor,FALSE,,China
2006,"Sound Effects, Foley, Dialogue and ADR for Foreign Language Feature Film",Curse of the Golden Flower,FALSE,Glenn Newnham,sound effects editor,FALSE,,China
2006,"Sound Effects, Foley, Dialogue and ADR for Foreign Language Feature Film",Curse of the Golden Flower,FALSE,Hongrui Ji,sound effects editor,FALSE,,China
2006,"Sound Effects, Foley, Dialogue and ADR for Foreign Language Feature Film",Curse of the Golden Flower,FALSE,Jing Tao,sound editor,TRUE,,China
2006,"Sound Effects, Foley, Dialogue and ADR for Foreign Language Feature Film",Curse of the Golden Flower,FALSE,Mario Vaccaro,foley editor,TRUE,,China
2006,"Sound Effects, Foley, Dialogue and ADR for Foreign Language Feature Film",Curse of the Golden Flower,FALSE,Michael McMenomy,sound effects editor,FALSE,,China
2006,"Sound Effects, Foley, Dialogue and ADR for Foreign Language Feature Film",Curse of the Golden Flower,FALSE,Paul Pirola,sound effects editor,FALSE,,China
2006,"Sound Effects, Foley, Dialogue and ADR for Foreign Language Feature Film",Curse of the Golden Flower,FALSE,Qiuxia Sun,adr editor,TRUE,,China
2006,"Sound Effects, Foley, Dialogue and ADR for Foreign Language Feature Film",Curse of the Golden Flower,FALSE,Rainbow Wang,dialogue editor,TRUE,,China
2006,"Sound Effects, Foley, Dialogue and ADR for Foreign Language Feature Film",Curse of the Golden Flower,FALSE,Robert Mackenzie,sound effects editor,FALSE,,China
2006,"Sound Effects, Foley, Dialogue and ADR for Foreign Language Feature Film",Curse of the Golden Flower,FALSE,Roger Savage,sound editor,TRUE,,China
2006,"Sound Effects, Foley, Dialogue and ADR for Foreign Language Feature Film",Curse of the Golden Flower,FALSE,Steve Burgess,sound effects editor,FALSE,,China
2006,"Sound Effects, Foley, Dialogue and ADR for Foreign Language Feature Film",Curse of the Golden Flower,FALSE,Terry Tu,foley artist,FALSE,,China
2006,"Sound Effects, Foley, Dialogue and ADR for Foreign Language Feature Film",Curse of the Golden Flower,FALSE,Ye Shu,sound effects editor,FALSE,,China
2006,"Sound Effects, Foley, Dialogue and ADR for Foreign Language Feature Film",Lucky Number Slevin,FALSE,Carla Murray,sound designer,FALSE,,Germany Canada United Kingdom United States
2006,"Sound Effects, Foley, Dialogue and ADR for Foreign Language Feature Film",Lucky Number Slevin,FALSE,Carla Murray,sound effects editor,FALSE,,Germany Canada United Kingdom United States
2006,"Sound Effects, Foley, Dialogue and ADR for Foreign Language Feature Film",Lucky Number Slevin,FALSE,Jill Purdy,adr,TRUE,,Germany Canada United Kingdom United States
2006,"Sound Effects, Foley, Dialogue and ADR for Foreign Language Feature Film",Lucky Number Slevin,FALSE,Jill Purdy,dialogue editor,FALSE,,Germany Canada United Kingdom United States
2006,"Sound Effects, Foley, Dialogue and ADR for Foreign Language Feature Film",Lucky Number Slevin,FALSE,Lee de Lang,sound effects editor,FALSE,,Germany Canada United Kingdom United States
2006,"Sound Effects, Foley, Dialogue and ADR for Foreign Language Feature Film",Lucky Number Slevin,FALSE,Nathan Robitaille,sound effects editor,FALSE,,Germany Canada United Kingdom United States
2006,"Sound Effects, Foley, Dialogue and ADR for Foreign Language Feature Film",Lucky Number Slevin,FALSE,Paula Fairfield,sound editor,TRUE,,Germany Canada United Kingdom United States
2006,"Sound Effects, Foley, Dialogue and ADR for Foreign Language Feature Film",Lucky Number Slevin,FALSE,Paula Fairfield,sound designer,FALSE,,Germany Canada United Kingdom United States
2006,"Sound Effects, Foley, Dialogue and ADR for Foreign Language Feature Film",Lucky Number Slevin,FALSE,Steve Baine,foley artist,FALSE,,Germany Canada United Kingdom United States
2006,"Sound Effects, Foley, Dialogue and ADR for Foreign Language Feature Film",The Black Dahlia,FALSE,Carla Murray,sound designer,FALSE,,United States France Germany
2006,"Sound Effects, Foley, Dialogue and ADR for Foreign Language Feature Film",The Black Dahlia,FALSE,Carla Murray,sound effects editor,FALSE,,United States France Germany
2006,"Sound Effects, Foley, Dialogue and ADR for Foreign Language Feature Film",The Black Dahlia,FALSE,Jill Purdy,adr,TRUE,,United States France Germany
2006,"Sound Effects, Foley, Dialogue and ADR for Foreign Language Feature Film",The Black Dahlia,FALSE,Jill Purdy,dialogue editor,FALSE,,United States France Germany
2006,"Sound Effects, Foley, Dialogue and ADR for Foreign Language Feature Film",The Black Dahlia,FALSE,Lee de Lang,sound effects editor,FALSE,,United States France Germany
2006,"Sound Effects, Foley, Dialogue and ADR for Foreign Language Feature Film",The Black Dahlia,FALSE,Lisa J. Levine,adr editor,FALSE,,United States France Germany
2006,"Sound Effects, Foley, Dialogue and ADR for Foreign Language Feature Film",The Black Dahlia,FALSE,Nathan Robitaille,sound effects editor,FALSE,,United States France Germany
2006,"Sound Effects, Foley, Dialogue and ADR for Foreign Language Feature Film",The Black Dahlia,FALSE,Paula Fairfield,sound editor,TRUE,,United States France Germany
2006,"Sound Effects, Foley, Dialogue and ADR for Foreign Language Feature Film",The Black Dahlia,FALSE,Paula Fairfield,sound designer,FALSE,,United States France Germany
2006,"Sound Effects, Foley, Dialogue and ADR for Foreign Language Feature Film",The Black Dahlia,FALSE,Steve Baine,foley artist,FALSE,,United States France Germany
2006,"Sound Effects, Foley, Dialogue and ADR for Foreign Language Feature Film",United 93,FALSE,Alex Joseph,foley editor,FALSE,,United Kingdom United States France
2006,"Sound Effects, Foley, Dialogue and ADR for Foreign Language Feature Film",United 93,FALSE,Eddy Joseph,sound editor,TRUE,,United Kingdom United States France
2006,"Sound Effects, Foley, Dialogue and ADR for Foreign Language Feature Film",United 93,FALSE,Harry Barnes,foley editor,TRUE,,United Kingdom United States France
2006,"Sound Effects, Foley, Dialogue and ADR for Foreign Language Feature Film",United 93,FALSE,Jack Whittaker,sound effects editor,FALSE,,United Kingdom United States France
2006,"Sound Effects, Foley, Dialogue and ADR for Foreign Language Feature Film",United 93,FALSE,Martin Cantwell,sound effects editor,FALSE,,United Kingdom United States France
2006,"Sound Effects, Foley, Dialogue and ADR for Foreign Language Feature Film",United 93,FALSE,Oliver Tarney,sound editor,TRUE,,United Kingdom United States France
2006,"Sound Effects, Foley, Dialogue and ADR for Foreign Language Feature Film",United 93,FALSE,Paul Conway,adr editor,TRUE,,United Kingdom United States France
2006,"Sound Effects, Foley, Dialogue and ADR for Foreign Language Feature Film",United 93,FALSE,Richard Fordham,dialogue editor,TRUE,,United Kingdom United States France
2006,"Sound Effects, Foley, Dialogue and ADR for Foreign Language Feature Film",United 93,FALSE,Simon Chase,dialogue editor,FALSE,,United Kingdom United States France
2006,"Sound Effects, Foley, Dialogue and ADR for Foreign Language Feature Film",United 93,FALSE,Stuart Morton,adr editor,FALSE,,United Kingdom United States France
2006,"Sound Effects, Foley, Dialogue and ADR for Foreign Language Feature Film",United 93,FALSE,Tony Currie,dialogue editor,FALSE,,United Kingdom United States France
2005,Dialogue and ADR for Feature Film,Memoirs of a Geisha,TRUE,Julie Feiner,dialogue editor,FALSE,Sound Editing,
2005,Dialogue and ADR for Feature Film,Memoirs of a Geisha,TRUE,Laura Harris Atkinson,dialogue editor,FALSE,Sound Editing,
2005,Dialogue and ADR for Feature Film,Memoirs of a Geisha,TRUE,Linda Folk,adr editor,FALSE,Sound Editing,
2005,Dialogue and ADR for Feature Film,Memoirs of a Geisha,TRUE,Michael Hertlein,dialogue editor,FALSE,Sound Editing,
2005,Dialogue and ADR for Feature Film,Memoirs of a Geisha,TRUE,Michelle Pazer,dialogue editor,FALSE,Sound Editing,
2005,Dialogue and ADR for Feature Film,Memoirs of a Geisha,TRUE,Renée Tondelli,adr,TRUE,Sound Editing,
2005,Dialogue and ADR for Feature Film,Memoirs of a Geisha,TRUE,Renée Tondelli,dialogue editor,FALSE,Sound Editing,
2005,Dialogue and ADR for Feature Film,Memoirs of a Geisha,TRUE,Wylie Stateman,sound editor,TRUE,Sound Editing,
2005,Dialogue and ADR for Feature Film,Cinderella Man,FALSE,Anthony J. Ciccolini III,sound editor,TRUE,Sound Editing,
2005,Dialogue and ADR for Feature Film,Cinderella Man,FALSE,Dan Korintus,dialogue editor,FALSE,Sound Editing,
2005,Dialogue and ADR for Feature Film,Cinderella Man,FALSE,Deborah Wallach,adr editor,TRUE,Sound Editing,
2005,Dialogue and ADR for Feature Film,Cinderella Man,FALSE,Kenna Doeringer,adr editor,FALSE,Sound Editing,
2005,Dialogue and ADR for Feature Film,Cinderella Man,FALSE,Stan Bochner,dialogue editor,FALSE,Sound Editing,
2005,Dialogue and ADR for Feature Film,Crash,FALSE,Karen Vassar Triest,dialogue editor,FALSE,Sound Editing,
2005,Dialogue and ADR for Feature Film,Crash,FALSE,Sandy Gendler,sound editor,TRUE,Sound Editing,
2005,Dialogue and ADR for Feature Film,Crash,FALSE,Zack Davis,dialogue editor,FALSE,Sound Editing,
2005,Dialogue and ADR for Feature Film,"Good Night, and Good Luck.",FALSE,Aaron Glascock,sound editor,TRUE,Sound Editing,
2005,Dialogue and ADR for Feature Film,"Good Night, and Good Luck.",FALSE,Curt Schulkey,sound editor,TRUE,Sound Editing,
2005,Dialogue and ADR for Feature Film,"Good Night, and Good Luck.",FALSE,Curt Schulkey,dialogue,TRUE,Sound Editing,
2005,Dialogue and ADR for Feature Film,"Good Night, and Good Luck.",FALSE,Curt Schulkey,adr editor,FALSE,Sound Editing,
2005,Dialogue and ADR for Feature Film,"Good Night, and Good Luck.",FALSE,Susan Dudeck,dialogue,FALSE,Sound Editing,
2005,Dialogue and ADR for Feature Film,Mr. & Mrs. Smith,FALSE,Cameron Frankley,sound editor,TRUE,Sound Editing,
2005,Dialogue and ADR for Feature Film,Mr. & Mrs. Smith,FALSE,David V. Butler,dialogue editor,FALSE,Sound Editing,
2005,Dialogue and ADR for Feature Film,Mr. & Mrs. Smith,FALSE,Kimberly Harris,adr editor,TRUE,Sound Editing,
2005,Dialogue and ADR for Feature Film,Mr. & Mrs. Smith,FALSE,Laura Graham,adr editor,FALSE,Sound Editing,
2005,Dialogue and ADR for Feature Film,Mr. & Mrs. Smith,FALSE,Michele Perrone,adr editor,FALSE,Sound Editing,
2005,Dialogue and ADR for Feature Film,Mr. & Mrs. Smith,FALSE,Ulrika Akander,dialogue editor,TRUE,Sound Editing,
2005,Dialogue and ADR for Feature Film,Munich,FALSE,Barbara McBane,adr editor,FALSE,Sound Editing,
2005,Dialogue and ADR for Feature Film,Munich,FALSE,Bruce Lacey,adr editor,FALSE,Sound Editing,
2005,Dialogue and ADR for Feature Film,Munich,FALSE,Ewa Sztompke,dialogue editor,TRUE,Sound Editing,
2005,Dialogue and ADR for Feature Film,Munich,FALSE,Gwendolyn Yates Whittle,adr editor,TRUE,Sound Editing,
2005,Dialogue and ADR for Feature Film,Munich,FALSE,John Nutt,adr editor,FALSE,Sound Editing,
2005,Dialogue and ADR for Feature Film,Munich,FALSE,Marilyn McCoppen,dialogue editor,FALSE,Sound Editing,
2005,Dialogue and ADR for Feature Film,Munich,FALSE,Richard Hymns,sound editor,TRUE,Sound Editing,
2005,Dialogue and ADR for Feature Film,Munich,FALSE,Richard Quinn,dialogue editor,FALSE,Sound Editing,
2005,Dialogue and ADR for Feature Film,"The Chronicles of Narnia: The Lion, the Witch and the Wardrobe",FALSE,David Bach,dialogue editor,TRUE,Sound Editing,
2005,Dialogue and ADR for Feature Film,"The Chronicles of Narnia: The Lion, the Witch and the Wardrobe",FALSE,David V. Butler,dialogue editor,FALSE,Sound Editing,
2005,Dialogue and ADR for Feature Film,"The Chronicles of Narnia: The Lion, the Witch and the Wardrobe",FALSE,George Watters II,sound editor,TRUE,Sound Editing,
2005,Dialogue and ADR for Feature Film,"The Chronicles of Narnia: The Lion, the Witch and the Wardrobe",FALSE,Kimberly Harris,adr editor,TRUE,Sound Editing,
2005,Dialogue and ADR for Feature Film,"The Chronicles of Narnia: The Lion, the Witch and the Wardrobe",FALSE,Laura Graham,adr editor,FALSE,Sound Editing,
2005,Dialogue and ADR for Feature Film,"The Chronicles of Narnia: The Lion, the Witch and the Wardrobe",FALSE,Michele Perrone,adr editor,FALSE,Sound Editing,
2005,Dialogue and ADR for Feature Film,"The Chronicles of Narnia: The Lion, the Witch and the Wardrobe",FALSE,Richard Beggs,sound designer,FALSE,Sound Editing,
2005,Dialogue and ADR for Feature Film,"The Chronicles of Narnia: The Lion, the Witch and the Wardrobe",FALSE,Richard Beggs,sound editor,TRUE,Sound Editing,
2005,Dialogue and ADR for Feature Film,War of the Worlds,FALSE,Hugo Weng,dialogue editor,FALSE,Sound Editing,
2005,Dialogue and ADR for Feature Film,War of the Worlds,FALSE,Laura Graham,adr editor,FALSE,Sound Editing,
2005,Dialogue and ADR for Feature Film,War of the Worlds,FALSE,Linda Folk,adr editor,FALSE,Sound Editing,
2005,Dialogue and ADR for Feature Film,War of the Worlds,FALSE,Michael Magill,dialogue editor,FALSE,Sound Editing,
2005,Dialogue and ADR for Feature Film,War of the Worlds,FALSE,R.J. Kizer,adr editor,TRUE,Sound Editing,
2005,Dialogue and ADR for Feature Film,War of the Worlds,FALSE,Richard King,sound editor,TRUE,Sound Editing,
2005,Feature Underscore,Casanova,TRUE,Jamie Lowry,music editor,FALSE,,
2005,Feature Underscore,Casanova,TRUE,Roy Prendergast,music editor,FALSE,,
2005,Feature Underscore,Batman Begins,FALSE,Gareth Cousins,music editor,FALSE,,
2005,Feature Underscore,Batman Begins,FALSE,Richard Robson,music editor,FALSE,,
2005,Feature Underscore,Batman Begins,FALSE,Simon Changer,music editor,FALSE,,
2005,Feature Underscore,Batman Begins,FALSE,Steven Price,music editor,TRUE,,
2005,Feature Underscore,Charlie and the Chocolate Factory,FALSE,Bill Abbott,music editor,FALSE,,
2005,Feature Underscore,Charlie and the Chocolate Factory,FALSE,Michael Higham,music editor,FALSE,,
2005,Feature Underscore,Charlie and the Chocolate Factory,FALSE,Shie Rozow,music editor,FALSE,,
2005,Feature Underscore,King Kong,FALSE,Jim Weidman,music editor,TRUE,,
2005,Feature Underscore,King Kong,FALSE,Peter Myles,music editor,FALSE,,
2005,Feature Underscore,Kingdom of Heaven,FALSE,Marc Streitenfeld,music editor,FALSE,,
2005,Feature Underscore,Memoirs of a Geisha,FALSE,Kenneth Karman,music editor,FALSE,,
2005,Feature Underscore,Memoirs of a Geisha,FALSE,Kenneth Wannberg,music editor,FALSE,,
2005,Feature Underscore,Memoirs of a Geisha,FALSE,Ramiro Belgardt,music editor,FALSE,,
2005,Feature Underscore,The Constant Gardener,FALSE,Tony Lewis,music editor,FALSE,,
2005,Feature Underscore,The Great Raid,FALSE,Johnny Caruso,music editor,FALSE,,
2005,Musical for Feature Film,Walk the Line,TRUE,Bunny Andrews,scoring editor,FALSE,,
2005,Musical for Feature Film,Walk the Line,TRUE,Frank Wolf,scoring editor,FALSE,,
2005,Musical for Feature Film,Walk the Line,TRUE,Mark Jan Wlodarkiewicz,music editor,TRUE,,
2005,Musical for Feature Film,Walk the Line,TRUE,Terry Delsing,music editor,FALSE,,
2005,Musical for Feature Film,Hustle & Flow,FALSE,Marvin R. Morris,music editor,FALSE,,
2005,Musical for Feature Film,Hustle & Flow,FALSE,Shie Rozow,music editor,FALSE,,
2005,Musical for Feature Film,Rent,FALSE,Curtis Roush,music editor,FALSE,,
2005,Musical for Feature Film,Rent,FALSE,Erich Stratmann,music editor,FALSE,,
2005,Musical for Feature Film,Rent,FALSE,Lisa Jaime,music editor,TRUE,,
2005,Musical for Feature Film,Rent,FALSE,Sally Boldt,music editor,FALSE,,
2005,Musical for Feature Film,The Chorus,FALSE,,,FALSE,,
2005,Musical for Feature Film,The Producers,FALSE,Dan Lieberstein,music editor,TRUE,,
2005,Musical for Feature Film,The Producers,FALSE,Frank Wolf,vocal editor,FALSE,,
2005,Musical for Feature Film,The Producers,FALSE,John M. Davis,music editor,FALSE,,
2005,Musical for Feature Film,The Producers,FALSE,Missy Cohen,music editor,FALSE,,
2005,Sound Effects and Foley for Feature Film,War of the Worlds,TRUE,Aaron Glascock,sound editor,FALSE,Sound Editing,
2005,Sound Effects and Foley for Feature Film,War of the Worlds,TRUE,Christopher Flick,foley editor,TRUE,Sound Editing,
2005,Sound Effects and Foley for Feature Film,War of the Worlds,TRUE,Gary A. Hecker,foley artist,FALSE,Sound Editing,
2005,Sound Effects and Foley for Feature Film,War of the Worlds,TRUE,Hamilton Sterling,sound editor,FALSE,Sound Editing,
2005,Sound Effects and Foley for Feature Film,War of the Worlds,TRUE,Jonathan Klein,sound editor,FALSE,Sound Editing,
2005,Sound Effects and Foley for Feature Film,War of the Worlds,TRUE,Mark Pappas,sound editor,FALSE,Sound Editing,
2005,Sound Effects and Foley for Feature Film,War of the Worlds,TRUE,Michael Babcock,sound editor,FALSE,Sound Editing,
2005,Sound Effects and Foley for Feature Film,War of the Worlds,TRUE,Michael Broomberg,foley artist,FALSE,Sound Editing,
2005,Sound Effects and Foley for Feature Film,War of the Worlds,TRUE,Michael W. Mitchell,sound editor,FALSE,Sound Editing,
2005,Sound Effects and Foley for Feature Film,War of the Worlds,TRUE,Piero Mura,sound editor,FALSE,Sound Editing,
2005,Sound Effects and Foley for Feature Film,War of the Worlds,TRUE,Richard King,sound editor,TRUE,Sound Editing,
2005,Sound Effects and Foley for Feature Film,Memoirs of a Geisha,FALSE,Ann Scibelli,sound editor,FALSE,Sound Editing,
2005,Sound Effects and Foley for Feature Film,Memoirs of a Geisha,FALSE,Branden Spencer,sound editor,FALSE,Sound Editing,
2005,Sound Effects and Foley for Feature Film,Memoirs of a Geisha,FALSE,Dino Dimuro,sound editor,FALSE,Sound Editing,
2005,Sound Effects and Foley for Feature Film,Memoirs of a Geisha,FALSE,Gary A. Hecker,foley artist,FALSE,Sound Editing,
2005,Sound Effects and Foley for Feature Film,Memoirs of a Geisha,FALSE,Harry Cohen,sound editor,TRUE,Sound Editing,
2005,Sound Effects and Foley for Feature Film,Memoirs of a Geisha,FALSE,Hector C. Gika,sound editor,FALSE,Sound Editing,
2005,Sound Effects and Foley for Feature Film,Memoirs of a Geisha,FALSE,Michael Broomberg,foley artist,FALSE,Sound Editing,
2005,Sound Effects and Foley for Feature Film,Memoirs of a Geisha,FALSE,Wylie Stateman,sound editor,TRUE,Sound Editing,
2005,Sound Effects and Foley for Feature Film,Sin City,FALSE,Carla Murray,sound editor,FALSE,Sound Editing,
2005,Sound Effects and Foley for Feature Film,Sin City,FALSE,Craig Henighan,sound designer,FALSE,Sound Editing,
2005,Sound Effects and Foley for Feature Film,Sin City,FALSE,Edward M. Steidele,foley artist,FALSE,Sound Editing,
2005,Sound Effects and Foley for Feature Film,Sin City,FALSE,Jerry Trent,foley artist,FALSE,Sound Editing,
2005,Sound Effects and Foley for Feature Film,Sin City,FALSE,Paula Fairfield,sound editor,FALSE,Sound Editing,
2005,Sound Effects and Foley for Feature Film,Sin City,FALSE,Tim Rakoczy,sound editor,TRUE,Sound Editing,
2005,Sound Effects and Foley for Feature Film,Sin City,FALSE,William Jacobs,sound designer,FALSE,Sound Editing,
2005,Sound Effects and Foley for Feature Film,Star Wars: Episode III – Revenge of the Sith,FALSE,Ben Burtt,sound editor,TRUE,Sound Editing,
2005,Sound Effects and Foley for Feature Film,Star Wars: Episode III – Revenge of the Sith,FALSE,Dennie Thorpe,foley artist,FALSE,Sound Editing,
2005,Sound Effects and Foley for Feature Film,Star Wars: Episode III – Revenge of the Sith,FALSE,Ellen Heuer,foley artist,FALSE,Sound Editing,
2005,Sound Effects and Foley for Feature Film,Star Wars: Episode III – Revenge of the Sith,FALSE,Jana Vance,foley artist,FALSE,Sound Editing,
2005,Sound Effects and Foley for Feature Film,Star Wars: Episode III – Revenge of the Sith,FALSE,Kevin Sellers,foley editor,FALSE,Sound Editing,
2005,Sound Effects and Foley for Feature Film,Star Wars: Episode III – Revenge of the Sith,FALSE,Matthew Woods,sound editor,TRUE,Sound Editing,
2005,Sound Effects and Foley for Feature Film,Star Wars: Episode III – Revenge of the Sith,FALSE,Steve Slanec,sound editor,FALSE,Sound Editing,
2005,Sound Effects and Foley for Feature Film,Star Wars: Episode III – Revenge of the Sith,FALSE,Teresa Eckton,sound editor,FALSE,Sound Editing,
2005,Sound Effects and Foley for Feature Film,"The Chronicles of Narnia: The Lion, the Witch and the Wardrobe",FALSE,Chuck Michael,sound editor,FALSE,Sound Editing,
2005,Sound Effects and Foley for Feature Film,"The Chronicles of Narnia: The Lion, the Witch and the Wardrobe",FALSE,Dan O'Connell,foley artist,FALSE,Sound Editing,
2005,Sound Effects and Foley for Feature Film,"The Chronicles of Narnia: The Lion, the Witch and the Wardrobe",FALSE,F. Hudson Miller,sound editor,FALSE,Sound Editing,
2005,Sound Effects and Foley for Feature Film,"The Chronicles of Narnia: The Lion, the Witch and the Wardrobe",FALSE,Gary Wright,sound editor,FALSE,Sound Editing,
2005,Sound Effects and Foley for Feature Film,"The Chronicles of Narnia: The Lion, the Witch and the Wardrobe",FALSE,George Watters II,sound editor,TRUE,Sound Editing,
2005,Sound Effects and Foley for Feature Film,"The Chronicles of Narnia: The Lion, the Witch and the Wardrobe",FALSE,Heather Gross,sound editor,FALSE,Sound Editing,
2005,Sound Effects and Foley for Feature Film,"The Chronicles of Narnia: The Lion, the Witch and the Wardrobe",FALSE,James Likowski,foley editor,FALSE,Sound Editing,
2005,Sound Effects and Foley for Feature Film,"The Chronicles of Narnia: The Lion, the Witch and the Wardrobe",FALSE,John Morris,sound editor,FALSE,Sound Editing,
2005,Sound Effects and Foley for Feature Film,"The Chronicles of Narnia: The Lion, the Witch and the Wardrobe",FALSE,John T. Cucci,foley artist,FALSE,Sound Editing,
2005,Sound Effects and Foley for Feature Film,"The Chronicles of Narnia: The Lion, the Witch and the Wardrobe",FALSE,Matthew Harrison,foley editor,FALSE,Sound Editing,
2005,Sound Effects and Foley for Feature Film,"The Chronicles of Narnia: The Lion, the Witch and the Wardrobe",FALSE,R.J. Palmer,sound editor,FALSE,Sound Editing,
2005,Sound Effects and Foley for Feature Film,"The Chronicles of Narnia: The Lion, the Witch and the Wardrobe",FALSE,Richard Beggs,sound editor,TRUE,Sound Editing,
2005,Sound Effects and Foley for Feature Film,"The Chronicles of Narnia: The Lion, the Witch and the Wardrobe",FALSE,Suhail Kafity,sound editor,FALSE,Sound Editing,
2005,Sound Effects and Foley for Feature Film,"The Chronicles of Narnia: The Lion, the Witch and the Wardrobe",FALSE,Todd Toon,sound editor,FALSE,Sound Editing,
2005,Sound Effects and Foley for Feature Film,"The Chronicles of Narnia: The Lion, the Witch and the Wardrobe",FALSE,Victoria Martin,foley editor,TRUE,Sound Editing,
2005,Sound Effects and Foley for Feature Film,The Island,FALSE,Bruce Tanis,sound editor,FALSE,Sound Editing,
2005,Sound Effects and Foley for Feature Film,The Island,FALSE,Chris Hogan,sound editor,FALSE,Sound Editing,
2005,Sound Effects and Foley for Feature Film,The Island,FALSE,Christopher Assells,sound editor,FALSE,Sound Editing,
2005,Sound Effects and Foley for Feature Film,The Island,FALSE,Craig S. Jaeger,foley editor,TRUE,Sound Editing,
2005,Sound Effects and Foley for Feature Film,The Island,FALSE,Dan Hegeman,sound editor,FALSE,Sound Editing,
2005,Sound Effects and Foley for Feature Film,The Island,FALSE,Dan O'Connell,foley artist,FALSE,Sound Editing,
2005,Sound Effects and Foley for Feature Film,The Island,FALSE,Dave McMoyler,foley editor,FALSE,Sound Editing,
2005,Sound Effects and Foley for Feature Film,The Island,FALSE,David Werntz,sound editor,FALSE,Sound Editing,
2005,Sound Effects and Foley for Feature Film,The Island,FALSE,Dino Dimuro,sound editor,FALSE,Sound Editing,
2005,Sound Effects and Foley for Feature Film,The Island,FALSE,John T. Cucci,foley artist,FALSE,Sound Editing,
2005,Sound Effects and Foley for Feature Film,The Island,FALSE,Karen Baker Landers,sound editor,TRUE,Sound Editing,
2005,Sound Effects and Foley for Feature Film,The Island,FALSE,Karen Vassar Triest,sound editor,FALSE,Sound Editing,
2005,Sound Effects and Foley for Feature Film,The Island,FALSE,Lou Kleinman,foley editor,FALSE,Sound Editing,
2005,Sound Effects and Foley for Feature Film,The Island,FALSE,Michael Payne,sound editor,FALSE,Sound Editing,
2005,Sound Effects and Foley for Feature Film,The Island,FALSE,Per Hallberg,sound editor,TRUE,Sound Editing,
2005,Sound Effects and Foley for Feature Film,The Island,FALSE,Peter Staubli,sound editor,FALSE,Sound Editing,
2005,Sound Effects and Foley for Feature Film,The Legend of Zorro,FALSE,Alan Robert Murray,sound editor,TRUE,Sound Editing,
2005,Sound Effects and Foley for Feature Film,The Legend of Zorro,FALSE,Bub Asman,sound editor,TRUE,Sound Editing,
2005,Sound Effects and Foley for Feature Film,The Legend of Zorro,FALSE,David Grimaldi Jason W. Jennings,sound editor,FALSE,Sound Editing,
2005,Sound Effects and Foley for Feature Film,The Legend of Zorro,FALSE,Jason King,sound editor,FALSE,Sound Editing,
2005,Sound Effects and Foley for Feature Film,The Legend of Zorro,FALSE,Linda Lew,foley editor,FALSE,Sound Editing,
2005,Sound Effects and Foley for Feature Film,The Legend of Zorro,FALSE,Michael Broomberg,foley artist,FALSE,Sound Editing,
2005,Sound Effects and Foley for Feature Film,The Legend of Zorro,FALSE,Michael Dressel,foley editor,TRUE,Sound Editing,
2005,Sound Effects and Foley for Feature Film,The Legend of Zorro,FALSE,Pamela Kahn,foley artist,FALSE,Sound Editing,
2005,Sound Effects and Foley for Feature Film,The Legend of Zorro,FALSE,Shawn Sykora,foley editor,FALSE,Sound Editing,
2005,Sound Effects and Foley for Feature Film,The Legend of Zorro,FALSE,Vincent Guisetti,foley artist,FALSE,Sound Editing,
2005,"Sound Effects, Foley, Dialogue and ADR for Animated Feature Film",Wallace & Gromit: The Curse of the Were-Rabbit,TRUE,Andie Derrick,foley artist,FALSE,,
2005,"Sound Effects, Foley, Dialogue and ADR for Animated Feature Film",Wallace & Gromit: The Curse of the Were-Rabbit,TRUE,Danny Hambrook,sound designer,FALSE,,
2005,"Sound Effects, Foley, Dialogue and ADR for Animated Feature Film",Wallace & Gromit: The Curse of the Were-Rabbit,TRUE,Derek Trigg,foley artist,FALSE,,
2005,"Sound Effects, Foley, Dialogue and ADR for Animated Feature Film",Wallace & Gromit: The Curse of the Were-Rabbit,TRUE,Graham Headicar,sound editor,FALSE,,
2005,"Sound Effects, Foley, Dialogue and ADR for Animated Feature Film",Wallace & Gromit: The Curse of the Were-Rabbit,TRUE,James Mather,sound editor,TRUE,,
2005,"Sound Effects, Foley, Dialogue and ADR for Animated Feature Film",Wallace & Gromit: The Curse of the Were-Rabbit,TRUE,Joseph Stracey,sound designer,FALSE,,
2005,"Sound Effects, Foley, Dialogue and ADR for Animated Feature Film",Wallace & Gromit: The Curse of the Were-Rabbit,TRUE,Joseph Stracey,sound editor,FALSE,,
2005,"Sound Effects, Foley, Dialogue and ADR for Animated Feature Film",Wallace & Gromit: The Curse of the Were-Rabbit,TRUE,Michael Connell,music editor,FALSE,,
2005,"Sound Effects, Foley, Dialogue and ADR for Animated Feature Film",Wallace & Gromit: The Curse of the Were-Rabbit,TRUE,Peter Burgis,foley artist,FALSE,,
2005,"Sound Effects, Foley, Dialogue and ADR for Animated Feature Film",Wallace & Gromit: The Curse of the Were-Rabbit,TRUE,Simon Changer,music editor,FALSE,,
2005,"Sound Effects, Foley, Dialogue and ADR for Animated Feature Film",Wallace & Gromit: The Curse of the Were-Rabbit,TRUE,Tim Owens,dialogue,FALSE,,
2005,"Sound Effects, Foley, Dialogue and ADR for Animated Feature Film",Wallace & Gromit: The Curse of the Were-Rabbit,TRUE,Tim Owens,adr editor,FALSE,,
2005,"Sound Effects, Foley, Dialogue and ADR for Animated Feature Film",Chicken Little,FALSE,Adam Kopald,sound editor,FALSE,,
2005,"Sound Effects, Foley, Dialogue and ADR for Animated Feature Film",Chicken Little,FALSE,Christopher Flick,foley editor,TRUE,,
2005,"Sound Effects, Foley, Dialogue and ADR for Animated Feature Film",Chicken Little,FALSE,Dan O'Connell,foley artist,FALSE,,
2005,"Sound Effects, Foley, Dialogue and ADR for Animated Feature Film",Chicken Little,FALSE,Earl Ghaffari,music editor,FALSE,,
2005,"Sound Effects, Foley, Dialogue and ADR for Animated Feature Film",Chicken Little,FALSE,F. Scott Taylor,dialogue,FALSE,,
2005,"Sound Effects, Foley, Dialogue and ADR for Animated Feature Film",Chicken Little,FALSE,F. Scott Taylor,adr editor,FALSE,,
2005,"Sound Effects, Foley, Dialogue and ADR for Animated Feature Film",Chicken Little,FALSE,James Harrison,music editor,FALSE,,
2005,"Sound Effects, Foley, Dialogue and ADR for Animated Feature Film",Chicken Little,FALSE,Jeff Sawyer,sound editor,FALSE,,
2005,"Sound Effects, Foley, Dialogue and ADR for Animated Feature Film",Chicken Little,FALSE,John T. Cucci,foley artist,FALSE,,
2005,"Sound Effects, Foley, Dialogue and ADR for Animated Feature Film",Chicken Little,FALSE,Linda Folk,dialogue,FALSE,,
2005,"Sound Effects, Foley, Dialogue and ADR for Animated Feature Film",Chicken Little,FALSE,Linda Folk,adr editor,FALSE,,
2005,"Sound Effects, Foley, Dialogue and ADR for Animated Feature Film",Chicken Little,FALSE,Mark Pappas,foley artist,FALSE,,
2005,"Sound Effects, Foley, Dialogue and ADR for Animated Feature Film",Chicken Little,FALSE,Robert L. Sephton,sound editor,TRUE,,
2005,"Sound Effects, Foley, Dialogue and ADR for Animated Feature Film",Chicken Little,FALSE,Thomas Whiting,dialogue,TRUE,,
2005,"Sound Effects, Foley, Dialogue and ADR for Animated Feature Film",Chicken Little,FALSE,Thomas Whiting,adr editor,FALSE,,
2005,"Sound Effects, Foley, Dialogue and ADR for Animated Feature Film",Corpse Bride,FALSE,Colin Ritchie,dialogue editor,FALSE,,
2005,"Sound Effects, Foley, Dialogue and ADR for Animated Feature Film",Corpse Bride,FALSE,Eddy Joseph,sound editor,TRUE,,
2005,"Sound Effects, Foley, Dialogue and ADR for Animated Feature Film",Corpse Bride,FALSE,Harry Barnes,foley editor,TRUE,,
2005,"Sound Effects, Foley, Dialogue and ADR for Animated Feature Film",Corpse Bride,FALSE,Ian Waggott,foley artist,FALSE,,
2005,"Sound Effects, Foley, Dialogue and ADR for Animated Feature Film",Corpse Bride,FALSE,Martin Cantwell,sound designer,FALSE,,
2005,"Sound Effects, Foley, Dialogue and ADR for Animated Feature Film",Corpse Bride,FALSE,Michael Higham,music editor,FALSE,,
2005,"Sound Effects, Foley, Dialogue and ADR for Animated Feature Film",Corpse Bride,FALSE,Paul Hanks,foley artist,FALSE,,
2005,"Sound Effects, Foley, Dialogue and ADR for Animated Feature Film",Corpse Bride,FALSE,Shie Rozow,music editor,FALSE,,
2005,"Sound Effects, Foley, Dialogue and ADR for Animated Feature Film",Corpse Bride,FALSE,Simon Chase,foley editor,FALSE,,
2005,"Sound Effects, Foley, Dialogue and ADR for Animated Feature Film",Corpse Bride,FALSE,Steve Boeddeker,sound designer,FALSE,,
2005,"Sound Effects, Foley, Dialogue and ADR for Animated Feature Film",Corpse Bride,FALSE,Tony Currie,dialogue editor,TRUE,,
2005,"Sound Effects, Foley, Dialogue and ADR for Animated Feature Film",Howl's Moving Castle,FALSE,Akihiko Okase,foley artist,FALSE,,
2005,"Sound Effects, Foley, Dialogue and ADR for Animated Feature Film",Howl's Moving Castle,FALSE,Masaya Kitada,foley artist,FALSE,,
2005,"Sound Effects, Foley, Dialogue and ADR for Animated Feature Film",Howl's Moving Castle,FALSE,Mizuki Ito,foley artist,FALSE,,
2005,"Sound Effects, Foley, Dialogue and ADR for Animated Feature Film",Howl's Moving Castle,FALSE,Petra Bach,adr editor,TRUE,,
2005,"Sound Effects, Foley, Dialogue and ADR for Animated Feature Film",Howl's Moving Castle,FALSE,Tôru Noguchi,sound editor,FALSE,,
2005,"Sound Effects, Foley, Dialogue and ADR for Animated Feature Film",Howl's Moving Castle,FALSE,Yukio Hokari,foley artist,FALSE,,
2005,"Sound Effects, Foley, Dialogue and ADR for Animated Feature Film",Madagascar,FALSE,Dan O'Connell,foley artist,FALSE,,
2005,"Sound Effects, Foley, Dialogue and ADR for Animated Feature Film",Madagascar,FALSE,David A. Whittaker,sound editor,FALSE,,
2005,"Sound Effects, Foley, Dialogue and ADR for Animated Feature Film",Madagascar,FALSE,John T. Cucci,foley artist,FALSE,,
2005,"Sound Effects, Foley, Dialogue and ADR for Animated Feature Film",Madagascar,FALSE,Mark Binder,sound editor,FALSE,,
2005,"Sound Effects, Foley, Dialogue and ADR for Animated Feature Film",Madagascar,FALSE,Melissa Muik,music editor,FALSE,,
2005,"Sound Effects, Foley, Dialogue and ADR for Animated Feature Film",Madagascar,FALSE,Reuben Simon,foley editor,TRUE,,
2005,"Sound Effects, Foley, Dialogue and ADR for Animated Feature Film",Madagascar,FALSE,Richard L. Anderson,sound editor,TRUE,,
2005,"Sound Effects, Foley, Dialogue and ADR for Animated Feature Film",Madagascar,FALSE,Thomas Jones,dialogue,TRUE,,
2005,"Sound Effects, Foley, Dialogue and ADR for Animated Feature Film",Madagascar,FALSE,Thomas Jones,adr editor,FALSE,,
2005,"Sound Effects, Foley, Dialogue and ADR for Animated Feature Film",Madagascar,FALSE,Wade Wilson,sound editor,FALSE,,
2005,"Sound Effects, Foley, Dialogue and ADR for Animated Feature Film",Robots,FALSE,Frank Kern,foley editor,FALSE,,
2005,"Sound Effects, Foley, Dialogue and ADR for Animated Feature Film",Robots,FALSE,Jay Peck,foley artist,FALSE,,
2005,"Sound Effects, Foley, Dialogue and ADR for Animated Feature Film",Robots,FALSE,Joshua Winget,music editor,FALSE,,
2005,"Sound Effects, Foley, Dialogue and ADR for Animated Feature Film",Robots,FALSE,Marissa Littlefield,dialogue editor,FALSE,,
2005,"Sound Effects, Foley, Dialogue and ADR for Animated Feature Film",Robots,FALSE,Marko A. Costanzo,foley artist,FALSE,,
2005,"Sound Effects, Foley, Dialogue and ADR for Animated Feature Film",Robots,FALSE,Nicholas Renbeck,dialogue,TRUE,,
2005,"Sound Effects, Foley, Dialogue and ADR for Animated Feature Film",Robots,FALSE,Nicholas Renbeck,adr editor,FALSE,,
2005,"Sound Effects, Foley, Dialogue and ADR for Animated Feature Film",Robots,FALSE,Paul Urmson,sound effects design,FALSE,,
2005,"Sound Effects, Foley, Dialogue and ADR for Animated Feature Film",Robots,FALSE,Sean Garnhart,sound editor,TRUE,,
2005,"Sound Effects, Foley, Dialogue and ADR for Animated Feature Film",Robots,FALSE,Sean Garnhart,sound designer,FALSE,,
2005,"Sound Effects, Foley, Dialogue and ADR for Animated Feature Film",Robots,FALSE,Steven Visscher,foley editor,TRUE,,
2005,"Sound Effects, Foley, Dialogue and ADR for Animated Feature Film",Robots,FALSE,Tom Carlson,music editor,FALSE,,
2005,"Sound Effects, Foley, Dialogue and ADR for Animated Feature Film",Robots,FALSE,Wyatt Sprague,sound effects editor,FALSE,,
2005,"Sound Effects, Foley, Dialogue and ADR for Foreign Language Feature Film",Harry Potter and the Goblet of Fire,TRUE,Alex Joseph,foley editor,TRUE,,United Kingdom United States
2005,"Sound Effects, Foley, Dialogue and ADR for Foreign Language Feature Film",Harry Potter and the Goblet of Fire,TRUE,Andie Derrick,foley artist,FALSE,,United Kingdom United States
2005,"Sound Effects, Foley, Dialogue and ADR for Foreign Language Feature Film",Harry Potter and the Goblet of Fire,TRUE,Andy Kennedy,,FALSE,,United Kingdom United States
2005,"Sound Effects, Foley, Dialogue and ADR for Foreign Language Feature Film",Harry Potter and the Goblet of Fire,TRUE,Bjorn Ole Schroeder,dialogue editor,TRUE,,United Kingdom United States
2005,"Sound Effects, Foley, Dialogue and ADR for Foreign Language Feature Film",Harry Potter and the Goblet of Fire,TRUE,Daniel Laurie,adr editor,TRUE,,United Kingdom United States
2005,"Sound Effects, Foley, Dialogue and ADR for Foreign Language Feature Film",Harry Potter and the Goblet of Fire,TRUE,Dennis Leonard,sound editor,TRUE,,United Kingdom United States
2005,"Sound Effects, Foley, Dialogue and ADR for Foreign Language Feature Film",Harry Potter and the Goblet of Fire,TRUE,Douglas Murray,sound editor,FALSE,,United Kingdom United States
2005,"Sound Effects, Foley, Dialogue and ADR for Foreign Language Feature Film",Harry Potter and the Goblet of Fire,TRUE,Jon Olive,sound editor,FALSE,,United Kingdom United States
2005,"Sound Effects, Foley, Dialogue and ADR for Foreign Language Feature Film",Harry Potter and the Goblet of Fire,TRUE,Peter Burgis,foley artist,FALSE,,United Kingdom United States
2005,"Sound Effects, Foley, Dialogue and ADR for Foreign Language Feature Film",Harry Potter and the Goblet of Fire,TRUE,Randy Thom,sound editor,TRUE,,United Kingdom United States
2005,"Sound Effects, Foley, Dialogue and ADR for Foreign Language Feature Film",Harry Potter and the Goblet of Fire,TRUE,Sam Auguste,,FALSE,,United Kingdom United States
2005,"Sound Effects, Foley, Dialogue and ADR for Foreign Language Feature Film",Batman Begins,FALSE,Andie Derrick,foley artist,FALSE,,United States United Kingdom
2005,"Sound Effects, Foley, Dialogue and ADR for Foreign Language Feature Film",Batman Begins,FALSE,David Evans,sound editor,TRUE,,United States United Kingdom
2005,"Sound Effects, Foley, Dialogue and ADR for Foreign Language Feature Film",Batman Begins,FALSE,Derek Trigg,foley editor,FALSE,,United States United Kingdom
2005,"Sound Effects, Foley, Dialogue and ADR for Foreign Language Feature Film",Batman Begins,FALSE,Glen Gathard,assistant foley editor,FALSE,,United States United Kingdom
2005,"Sound Effects, Foley, Dialogue and ADR for Foreign Language Feature Film",Batman Begins,FALSE,Howard Halsall,adr editor,FALSE,,United States United Kingdom
2005,"Sound Effects, Foley, Dialogue and ADR for Foreign Language Feature Film",Batman Begins,FALSE,Iain Eyre,dialogue editor,FALSE,,United States United Kingdom
2005,"Sound Effects, Foley, Dialogue and ADR for Foreign Language Feature Film",Batman Begins,FALSE,Jed Loughran,sound editor,FALSE,,United States United Kingdom
2005,"Sound Effects, Foley, Dialogue and ADR for Foreign Language Feature Film",Batman Begins,FALSE,Justine Angus,sound editor,FALSE,,United States United Kingdom
2005,"Sound Effects, Foley, Dialogue and ADR for Foreign Language Feature Film",Batman Begins,FALSE,Nigel Holand,sound editor,FALSE,,United States United Kingdom
2005,"Sound Effects, Foley, Dialogue and ADR for Foreign Language Feature Film",Batman Begins,FALSE,Peter Burgis,foley artist,FALSE,,United States United Kingdom
2005,"Sound Effects, Foley, Dialogue and ADR for Foreign Language Feature Film",Batman Begins,FALSE,Rodney Berling,sound editor,FALSE,,United States United Kingdom
2005,"Sound Effects, Foley, Dialogue and ADR for Foreign Language Feature Film",Batman Begins,FALSE,Rodney Glenn,sound editor,FALSE,,United States United Kingdom
2005,"Sound Effects, Foley, Dialogue and ADR for Foreign Language Feature Film",Batman Begins,FALSE,Stefan Henrix,sound editor,TRUE,,United States United Kingdom
2005,"Sound Effects, Foley, Dialogue and ADR for Foreign Language Feature Film",Charlie and the Chocolate Factory,FALSE,Alex Joseph,foley editor,TRUE,,
2005,"Sound Effects, Foley, Dialogue and ADR for Foreign Language Feature Film",Charlie and the Chocolate Factory,FALSE,Andie Derrick,foley artist,FALSE,,
2005,"Sound Effects, Foley, Dialogue and ADR for Foreign Language Feature Film",Charlie and the Chocolate Factory,FALSE,Colin Ritchie,dialogue editor,TRUE,,
2005,"Sound Effects, Foley, Dialogue and ADR for Foreign Language Feature Film",Charlie and the Chocolate Factory,FALSE,Eddy Joseph,sound editor,TRUE,,
2005,"Sound Effects, Foley, Dialogue and ADR for Foreign Language Feature Film",Charlie and the Chocolate Factory,FALSE,John Warhurst,sound editor,FALSE,,
2005,"Sound Effects, Foley, Dialogue and ADR for Foreign Language Feature Film",Charlie and the Chocolate Factory,FALSE,Martin Cantwell,sound editor,FALSE,,
2005,"Sound Effects, Foley, Dialogue and ADR for Foreign Language Feature Film",Charlie and the Chocolate Factory,FALSE,Peter Burgis,foley artist,FALSE,,
2005,"Sound Effects, Foley, Dialogue and ADR for Foreign Language Feature Film",Charlie and the Chocolate Factory,FALSE,Simon Chase,foley editor,FALSE,,
2005,"Sound Effects, Foley, Dialogue and ADR for Foreign Language Feature Film",Charlie and the Chocolate Factory,FALSE,Steve Boeddeker,sound designer,FALSE,,
2005,"Sound Effects, Foley, Dialogue and ADR for Foreign Language Feature Film",Charlie and the Chocolate Factory,FALSE,Tony Currie,dialogue,FALSE,,
2005,"Sound Effects, Foley, Dialogue and ADR for Foreign Language Feature Film",Charlie and the Chocolate Factory,FALSE,Tony Currie,adr editor,FALSE,,
2005,"Sound Effects, Foley, Dialogue and ADR for Foreign Language Feature Film",Downfall,FALSE,Carsten Richter,foley artist,FALSE,,Germany Italy Austria
2005,"Sound Effects, Foley, Dialogue and ADR for Foreign Language Feature Film",Downfall,FALSE,Fabian Schmidt,dialogue,FALSE,,Germany Italy Austria
2005,"Sound Effects, Foley, Dialogue and ADR for Foreign Language Feature Film",Downfall,FALSE,Fabian Schmidt,adr editor,FALSE,,Germany Italy Austria
2005,"Sound Effects, Foley, Dialogue and ADR for Foreign Language Feature Film",Downfall,FALSE,Jörn Poetzl,foley artist,FALSE,,Germany Italy Austria
2005,"Sound Effects, Foley, Dialogue and ADR for Foreign Language Feature Film",Downfall,FALSE,Lisa Geffcken-Reinhard,sound editor,FALSE,,Germany Italy Austria
2005,"Sound Effects, Foley, Dialogue and ADR for Foreign Language Feature Film",Downfall,FALSE,Nico Krebs,sound designer,FALSE,,Germany Italy Austria
2005,"Sound Effects, Foley, Dialogue and ADR for Foreign Language Feature Film",Downfall,FALSE,Nina Roll,dialogue editor,TRUE,,Germany Italy Austria
2005,"Sound Effects, Foley, Dialogue and ADR for Foreign Language Feature Film",Downfall,FALSE,Stefan Busch,sound designer,FALSE,,Germany Italy Austria
2005,"Sound Effects, Foley, Dialogue and ADR for Foreign Language Feature Film",King Kong,FALSE,Brent Burge,sound designer,FALSE,,New Zealand United States
2005,"Sound Effects, Foley, Dialogue and ADR for Foreign Language Feature Film",King Kong,FALSE,Carolyn McLaughlin,foley artist,FALSE,,New Zealand United States
2005,"Sound Effects, Foley, Dialogue and ADR for Foreign Language Feature Film",King Kong,FALSE,Chris Ward,adr editor,FALSE,,New Zealand United States
2005,"Sound Effects, Foley, Dialogue and ADR for Foreign Language Feature Film",King Kong,FALSE,Craig Tomlinson,foley editor,FALSE,,New Zealand United States
2005,"Sound Effects, Foley, Dialogue and ADR for Foreign Language Feature Film",King Kong,FALSE,Dave Whitehead,sound designer,FALSE,,New Zealand United States
2005,"Sound Effects, Foley, Dialogue and ADR for Foreign Language Feature Film",King Kong,FALSE,David Farmer,sound designer,FALSE,,New Zealand United States
2005,"Sound Effects, Foley, Dialogue and ADR for Foreign Language Feature Film",King Kong,FALSE,Ethan Van der Ryn,sound editors,TRUE,,New Zealand United States
2005,"Sound Effects, Foley, Dialogue and ADR for Foreign Language Feature Film",King Kong,FALSE,Ethan Van der Ryn,sound designer,FALSE,,New Zealand United States
2005,"Sound Effects, Foley, Dialogue and ADR for Foreign Language Feature Film",King Kong,FALSE,Hayden Collow,sound effects editor,FALSE,,New Zealand United States
2005,"Sound Effects, Foley, Dialogue and ADR for Foreign Language Feature Film",King Kong,FALSE,Jason Canovas,dialogue editor,FALSE,,New Zealand United States
2005,"Sound Effects, Foley, Dialogue and ADR for Foreign Language Feature Film",King Kong,FALSE,Jenny T. Ward,adr editor,FALSE,,New Zealand United States
2005,"Sound Effects, Foley, Dialogue and ADR for Foreign Language Feature Film",King Kong,FALSE,John Simpson,foley editor,TRUE,,New Zealand United States
2005,"Sound Effects, Foley, Dialogue and ADR for Foreign Language Feature Film",King Kong,FALSE,Justin Webster,sound effects editor,FALSE,,New Zealand United States
2005,"Sound Effects, Foley, Dialogue and ADR for Foreign Language Feature Film",King Kong,FALSE,Katy Wood,sound effects editor,FALSE,,New Zealand United States
2005,"Sound Effects, Foley, Dialogue and ADR for Foreign Language Feature Film",King Kong,FALSE,Martin Kwok,dialogue editor,FALSE,,New Zealand United States
2005,"Sound Effects, Foley, Dialogue and ADR for Foreign Language Feature Film",King Kong,FALSE,Matthew Lambourn,sound effects editor,FALSE,,New Zealand United States
2005,"Sound Effects, Foley, Dialogue and ADR for Foreign Language Feature Film",King Kong,FALSE,Melanie Graham,sound effects editor,FALSE,,New Zealand United States
2005,"Sound Effects, Foley, Dialogue and ADR for Foreign Language Feature Film",King Kong,FALSE,Mike Hopkins,sound editor,TRUE,,New Zealand United States
2005,"Sound Effects, Foley, Dialogue and ADR for Foreign Language Feature Film",King Kong,FALSE,Peter Mills,foley editor,FALSE,,New Zealand United States
2005,"Sound Effects, Foley, Dialogue and ADR for Foreign Language Feature Film",King Kong,FALSE,Polly McKinnon,adr editor,FALSE,,New Zealand United States
2005,"Sound Effects, Foley, Dialogue and ADR for Foreign Language Feature Film",King Kong,FALSE,Ray Beentjes,dialogue editor,FALSE,,New Zealand United States
2005,"Sound Effects, Foley, Dialogue and ADR for Foreign Language Feature Film",King Kong,FALSE,Robyn McFarlane,foley artist,FALSE,,New Zealand United States
2005,"Sound Effects, Foley, Dialogue and ADR for Foreign Language Feature Film",Kingdom of Heaven,FALSE,Alex Joseph,foley editor,TRUE,,United Kingdom Germany United States
2005,"Sound Effects, Foley, Dialogue and ADR for Foreign Language Feature Film",Kingdom of Heaven,FALSE,Andie Derrick,foley artist,FALSE,,United Kingdom Germany United States
2005,"Sound Effects, Foley, Dialogue and ADR for Foreign Language Feature Film",Kingdom of Heaven,FALSE,Bryan Bowen,sound editor,FALSE,,United Kingdom Germany United States
2005,"Sound Effects, Foley, Dialogue and ADR for Foreign Language Feature Film",Kingdom of Heaven,FALSE,Colin Ritchie,dialogue editor,TRUE,,United Kingdom Germany United States
2005,"Sound Effects, Foley, Dialogue and ADR for Foreign Language Feature Film",Kingdom of Heaven,FALSE,Glen Gathard,sound editor,FALSE,,United Kingdom Germany United States
2005,"Sound Effects, Foley, Dialogue and ADR for Foreign Language Feature Film",Kingdom of Heaven,FALSE,Harry Barnes,foley editor,FALSE,,United Kingdom Germany United States
2005,"Sound Effects, Foley, Dialogue and ADR for Foreign Language Feature Film",Kingdom of Heaven,FALSE,James Harrison,sound editor,FALSE,,United Kingdom Germany United States
2005,"Sound Effects, Foley, Dialogue and ADR for Foreign Language Feature Film",Kingdom of Heaven,FALSE,Martin Cantwell,sound editor,FALSE,,United Kingdom Germany United States
2005,"Sound Effects, Foley, Dialogue and ADR for Foreign Language Feature Film",Kingdom of Heaven,FALSE,Oliver Tarney,sound editor,FALSE,,United Kingdom Germany United States
2005,"Sound Effects, Foley, Dialogue and ADR for Foreign Language Feature Film",Kingdom of Heaven,FALSE,Paul Conway,adr editor,TRUE,,United Kingdom Germany United States
2005,"Sound Effects, Foley, Dialogue and ADR for Foreign Language Feature Film",Kingdom of Heaven,FALSE,Per Hallberg,sound editor,TRUE,,United Kingdom Germany United States
2005,"Sound Effects, Foley, Dialogue and ADR for Foreign Language Feature Film",Kingdom of Heaven,FALSE,Peter Burgis,foley artist,FALSE,,United Kingdom Germany United States
2005,"Sound Effects, Foley, Dialogue and ADR for Foreign Language Feature Film",Kingdom of Heaven,FALSE,Peter Staubli,sound editor,FALSE,,United Kingdom Germany United States
2005,"Sound Effects, Foley, Dialogue and ADR for Foreign Language Feature Film",Kingdom of Heaven,FALSE,Simon Chase,dialogue editor,FALSE,,United Kingdom Germany United States
2005,"Sound Effects, Foley, Dialogue and ADR for Foreign Language Feature Film",Kingdom of Heaven,FALSE,Sue Lenny,sound editor,FALSE,,United Kingdom Germany United States
2005,"Sound Effects, Foley, Dialogue and ADR for Foreign Language Feature Film",Kingdom of Heaven,FALSE,Tony Currie,adr editor,FALSE,,United Kingdom Germany United States
2005,"Sound Effects, Foley, Dialogue and ADR for Foreign Language Feature Film",Kung Fu Hustle,FALSE,Andrew Neil,sound editor,FALSE,,
2005,"Sound Effects, Foley, Dialogue and ADR for Foreign Language Feature Film",Kung Fu Hustle,FALSE,Chris Goodes,sound editor,FALSE,,
2005,"Sound Effects, Foley, Dialogue and ADR for Foreign Language Feature Film",Kung Fu Hustle,FALSE,Jo Mion,sound editor,FALSE,,
2005,"Sound Effects, Foley, Dialogue and ADR for Foreign Language Feature Film",Kung Fu Hustle,FALSE,Mario Vaccaro,foley artist,FALSE,,
2005,"Sound Effects, Foley, Dialogue and ADR for Foreign Language Feature Film",Kung Fu Hustle,FALSE,Paul Pirola,sound designer,FALSE,,
2005,"Sound Effects, Foley, Dialogue and ADR for Foreign Language Feature Film",Kung Fu Hustle,FALSE,Steve Burgess,sound editor,TRUE,,
2005,"Sound Effects, Foley, Dialogue and ADR for Foreign Language Feature Film",Kung Fu Hustle,FALSE,Steven Ticknor,sound designer,FALSE,,
2005,"Sound Effects, Foley, Dialogue and ADR for Foreign Language Feature Film",Kung Fu Hustle,FALSE,Vic Kaspar,sound editor,FALSE,,
2005,"Sound Effects, Foley, Dialogue and ADR for Foreign Language Feature Film",The Constant Gardener,FALSE,Jennie Evans,sound editor,FALSE,,United Kingdom Germany
2005,"Sound Effects, Foley, Dialogue and ADR for Foreign Language Feature Film",The Constant Gardener,FALSE,Joakim Sundström,sound editor,TRUE,,United Kingdom Germany
2005,"Sound Effects, Foley, Dialogue and ADR for Foreign Language Feature Film",The Constant Gardener,FALSE,Nick Adams,sound editor,FALSE,,United Kingdom Germany
2005,"Sound Effects, Foley, Dialogue and ADR for Foreign Language Feature Film",The Constant Gardener,FALSE,Nicolas Becker,foley artist,FALSE,,United Kingdom Germany
2005,"Sound Effects, Foley, Dialogue and ADR for Foreign Language Feature Film",The Constant Gardener,FALSE,Paul Wrightson,adr editor,FALSE,,United Kingdom Germany
2025,Feature Dialogue / ADR,Bugonia,FALSE,Johnnie Burn,Sound Editor,TRUE,Sound Editing,
2025,Feature Dialogue / ADR,Bugonia,FALSE,Neil Leachman,Dialogue Editor,FALSE,Sound Editing,
2025,Feature Dialogue / ADR,F1,FALSE,Al Nelson,Sound Editor,TRUE,Sound Editing,
2025,Feature Dialogue / ADR,F1,FALSE,Gwendolyn Yates Whittle,Sound Editor,TRUE,Sound Editing,
2025,Feature Dialogue / ADR,F1,FALSE,Chris Gridley,Dialogue Editor,TRUE,Sound Editing,
2025,Feature Dialogue / ADR,F1,FALSE,Ryan Cota,Dialogue Editor,FALSE,Sound Editing,
2025,Feature Dialogue / ADR,Frankenstein,FALSE,Nelson Ferreira,Sound Editor,TRUE,Sound Editing,
2025,Feature Dialogue / ADR,Frankenstein,FALSE,Stephen Barden,Dialogue Editor,FALSE,Sound Editing,
2025,Feature Dialogue / ADR,Frankenstein,FALSE,Dustin Harris,Dialogue Editor,FALSE,Sound Editing,
2025,Feature Dialogue / ADR,Frankenstein,FALSE,Danielle McBride,Dialogue Editor,FALSE,Sound Editing,
2025,Feature Dialogue / ADR,Frankenstein,FALSE,Jill Purdy,Dialogue Editor,FALSE,Sound Editing,
2025,Feature Dialogue / ADR,One Battle After Another,FALSE,Christopher Scarabosio,Sound Editor,TRUE,Sound Editing,
2025,Feature Dialogue / ADR,One Battle After Another,FALSE,Richard Quinn,Dialogue Editor,FALSE,Sound Editing,
2025,Feature Dialogue / ADR,Sinners,FALSE,Benjamin A. Burtt,Sound Editor,TRUE,Sound Editing,
2025,Feature Dialogue / ADR,Sinners,FALSE,David V. Butler,Dialogue Editor,TRUE,Sound Editing,
2025,Feature Dialogue / ADR,Sinners,FALSE,Jason W. Freeman,Dialogue Editor,FALSE,Sound Editing,
2025,Feature Dialogue / ADR,Sinners,FALSE,David V. Butler,Adr Editor,FALSE,Sound Editing,
2025,Feature Effects / Foley,Anemone,FALSE,Steve Fanagan,Sound Editor,TRUE,Sound Editing,
2025,Feature Effects / Foley,Anemone,FALSE,Steve Fanagan,Sound Designer,FALSE,Sound Editing,
2025,Feature Effects / Foley,Anemone,FALSE,James Tebbitt,Foley Editor,FALSE,Sound Editing,
2025,Feature Effects / Foley,Anemone,FALSE,Caoimhe Doyle,Foley Artist,FALSE,Sound Editing,
2025,Feature Effects / Foley,F1,FALSE,Al Nelson,Sound Editor,TRUE,Sound Editing,
2025,Feature Effects / Foley,F1,FALSE,Gwendolyn Yates Whittle,Sound Editor,TRUE,Sound Editing,
2025,Feature Effects / Foley,F1,FALSE,Thom Brennan,Foley,TRUE,Sound Editing,
2025,Feature Effects / Foley,F1,FALSE,Benjamin A. Burtt,Sound Effects Editor,FALSE,Sound Editing,
2025,Feature Effects / Foley,F1,FALSE,Kim B. Christensen,Sound Effects Editor,FALSE,Sound Editing,
2025,Feature Effects / Foley,F1,FALSE,Luke Dunn Gielmuda,Sound Effects Editor,FALSE,Sound Editing,
2025,Feature Effects / Foley,F1,FALSE,Scott Guitteau,Sound Effects Editor,FALSE,Sound Editing,
2025,Feature Effects / Foley,F1,FALSE,Sean England,Foley Artist,FALSE,Sound Editing,
2025,Feature Effects / Foley,F1,FALSE,Heikki Kossi,Foley Artist,FALSE,Sound Editing,
2025,Feature Effects / Foley,F1,FALSE,Shelley Roden,Foley Artist,FALSE,Sound Editing,
2025,Feature Effects / Foley,Frankenstein,FALSE,Nathan Robitaille,Sound Editor And Sound Designer,TRUE,Sound Editing,
2025,Feature Effects / Foley,Frankenstein,FALSE,Paul Germann,Sound Effects Editor,FALSE,Sound Editing,
2025,Feature Effects / Foley,Frankenstein,FALSE,Scott Hitchon,Sound Effects Editor,FALSE,Sound Editing,
2025,Feature Effects / Foley,Frankenstein,FALSE,Craig MacLellan,Sound Effects Editor,FALSE,Sound Editing,
2025,Feature Effects / Foley,Frankenstein,FALSE,Dashen Naidoo,Sound Effects Editor,FALSE,Sound Editing,
2025,Feature Effects / Foley,Frankenstein,FALSE,Chelsea Body,Foley Editor,FALSE,Sound Editing,
2025,Feature Effects / Foley,Frankenstein,FALSE,Goro Koyama,Foley Artist,FALSE,Sound Editing,
2025,Feature Effects / Foley,Frankenstein,FALSE,Sandra Fox,Foley Artist,FALSE,Sound Editing,
2025,Feature Effects / Foley,One Battle After Another,FALSE,Christopher Scarabosio,Sound Editor And Sound Designer,TRUE,Sound Editing,
2025,Feature Effects / Foley,One Battle After Another,FALSE,Justin Doyle,Sound Effects Editor,FALSE,Sound Editing,
2025,Feature Effects / Foley,One Battle After Another,FALSE,Jeremy Molod,Sound Effects Editor,FALSE,Sound Editing,
2025,Feature Effects / Foley,One Battle After Another,FALSE,Steve Hammond,Foley Artist,FALSE,Sound Editing,
2025,Feature Effects / Foley,One Battle After Another,FALSE,Goro Koyama,Foley Artist,FALSE,Sound Editing,
2025,Feature Effects / Foley,Sinners,FALSE,Benny Burtt,Sound Editor,TRUE,Sound Editing,
2025,Feature Effects / Foley,Sinners,FALSE,Willard Overstreet,Foley Editor,TRUE,Sound Editing,
2025,Feature Effects / Foley,Sinners,FALSE,Steve Boeddeker,Sound Designer,FALSE,Sound Editing,
2025,Feature Effects / Foley,Sinners,FALSE,David Hughes,Sound Effects Editor,FALSE,Sound Editing,
2025,Feature Effects / Foley,Sinners,FALSE,Alyson Dee Moore,Foley Artist,FALSE,Sound Editing,
2025,Feature Effects / Foley,Sinners,FALSE,Katie Rose,Foley Artist,FALSE,Sound Editing,
2025,Feature Music,Kpop Demon Hunters,FALSE,Oren Yaacoby,Music Editor,FALSE,,
2025,Feature Music,Mission: Impossible - The Final Reckoning,FALSE,Cécile Tournesac,Music Editor,TRUE,,
2025,Feature Music,Mission: Impossible - The Final Reckoning,FALSE,Timeri Duplat,Music Editor,FALSE,,
2025,Feature Music,One Battle After Another,FALSE,Graeme Stewart,Music Editor,FALSE,,
2025,Feature Music,Sinners,FALSE,Felipe Pacheco,Music Editor,FALSE,,
2025,Feature Music,Wicked: For Good,FALSE,Catherine Wilson,Music Editor,TRUE,,
2025,Feature Music,Wicked: For Good,FALSE,Jack Dolman,Music Editor,TRUE,,
2025,Feature Music,Wicked: For Good,FALSE,Robin Baynton,Vocal Editor,TRUE,,
2025,Documentary Music,"The Beatles Anthology : ""Episode 9""",FALSE,Tim Chaproniere,Music Editor,TRUE,,
2025,Documentary Music,"The Beatles Anthology : ""Episode 9""",FALSE,Emile de la Rey,Music Editor,TRUE,,
2025,Documentary Music,"The Beatles Anthology : ""Episode 9""",FALSE,Alexis Feodoroff,Music Editor,TRUE,,
2025,Documentary Music,"The Beatles Anthology : ""Episode 9""",FALSE,Tyrone Frost,Music Editor,FALSE,,
2025,Documentary Music,"The Beatles Anthology : ""Episode 9""",FALSE,Claudia Holmstead-Morris,Music Editor,FALSE,,
2025,Documentary Music,"The Beatles Anthology : ""Episode 9""",FALSE,Hunter Jackson,Music Editor,FALSE,,
2025,Documentary Music,Becoming Led Zeppelin,FALSE,Nick Bergh,Music Editor,FALSE,,
2025,Documentary Music,Becoming Led Zeppelin,FALSE,Dan Gitlin,Music Editor,FALSE,,
2025,Documentary Music,Becoming Led Zeppelin,FALSE,Bernard MacMahon,Music Editor,FALSE,,
2025,Documentary Music,"Billy Joel: And So It Goes : ""Part 1""",FALSE,Shari Johanson,Music Editor,TRUE,,
2025,Documentary Music,"Billy Joel: And So It Goes : ""Part 1""",FALSE,Debora Lilavois,Music Editor,FALSE,,
2025,Documentary Music,"It's Never Over, Jeff Buckley",FALSE,Michael Brake,Music Editor,FALSE,,
2025,Documentary Music,Stans,FALSE,Julie Glaze Houlihan,Music Editor,FALSE,,
2025,Feature Documentary,Becoming Led Zeppelin,FALSE,Nick Bergh,Sound Editor,TRUE,,
2025,Feature Documentary,Becoming Led Zeppelin,FALSE,Bernard MacMahon,Sound Designer,FALSE,,
2025,Feature Documentary,Becoming Led Zeppelin,FALSE,Dan Gitlin,Sound Designer,FALSE,,
2025,Feature Documentary,Becoming Led Zeppelin,FALSE,Nick Bergh,Sound Effects Editor,FALSE,,
2025,Feature Documentary,Becoming Led Zeppelin,FALSE,Dan Gitlin,Sound Effects Editor,FALSE,,
2025,Feature Documentary,Becoming Led Zeppelin,FALSE,Dan Gitlin,Dialogue Editor,FALSE,,
2025,Feature Documentary,Becoming Led Zeppelin,FALSE,Nick Bergh,Dialogue Editor,FALSE,,
2025,Feature Documentary,Deaf President Now!,FALSE,Eilam Hoffman,Sound Editor,TRUE,,
2025,Feature Documentary,Deaf President Now!,FALSE,Nina Hartstone,Sound Editor,TRUE,,
2025,Feature Documentary,Deaf President Now!,FALSE,Jacob Bloomfeld-Misrach,Sound Editor,TRUE,,
2025,Feature Documentary,Deaf President Now!,FALSE,Adam Méndez,Foley,TRUE,,
2025,Feature Documentary,Deaf President Now!,FALSE,Samir Foco,Sound Designer,FALSE,,
2025,Feature Documentary,Deaf President Now!,FALSE,Eilam Hoffman,Sound Designer,FALSE,,
2025,Feature Documentary,Deaf President Now!,FALSE,Nina Hartstone,Sound Designer,FALSE,,
2025,Feature Documentary,Deaf President Now!,FALSE,Michael Harte,Sound Designer,FALSE,,
2025,Feature Documentary,Deaf President Now!,FALSE,Tom Sayers,Sound Designer,FALSE,,
2025,Feature Documentary,Deaf President Now!,FALSE,Adam Armitage,Sound Editor,FALSE,,
2025,Feature Documentary,Deaf President Now!,FALSE,Greg Francis,Dialogue Editor,FALSE,,
2025,Feature Documentary,Deaf President Now!,FALSE,Rob Davidson,Foley Editor,FALSE,,
2025,Feature Documentary,Deaf President Now!,FALSE,Oli Ferris,Foley Artist,FALSE,,
2025,Feature Documentary,I Was Born This Way,FALSE,Leslie Gaston-Bird,Sound Editor,TRUE,,
2025,Feature Documentary,I Was Born This Way,FALSE,Lauren Cooper,Sound Editor,FALSE,,
2025,Feature Documentary,I Was Born This Way,FALSE,Lora Cornes,Sound Editor,FALSE,,
2025,Feature Documentary,"It's Never Over, Jeff Buckley",FALSE,Lewis Goldstein,Sound Editor,TRUE,,
2025,Feature Documentary,"It's Never Over, Jeff Buckley",FALSE,Alexis Soto,Sound Effects Editor,FALSE,,
2025,Feature Documentary,Viktor,FALSE,Peter Albrechtsen,Sound Editor,TRUE,,
2025,Feature Documentary,Viktor,FALSE,Heikki Kossi,Sound Designer,FALSE,,
2025,Feature Documentary,Viktor,FALSE,Peter Albrechtsen,Sound Designer,FALSE,,
2025,Feature Documentary,Viktor,FALSE,Nicolas Becker,Sound Designer,FALSE,,
2025,Feature Documentary,Viktor,FALSE,Mikkel Nielsen,Sound Effects Editor,FALSE,,
2025,Feature Documentary,Viktor,FALSE,Kristoffer Salting,Dialogue Editor,FALSE,,
2025,Feature Animation,Bad Guys 2,FALSE,Ken McGill,Sound Editor,TRUE,Sound Editing,
2025,Feature Animation,Bad Guys 2,FALSE,Julian Slater,Sound Editor,TRUE,Sound Editing,
2025,Feature Animation,Bad Guys 2,FALSE,Paul Pirola,Foley Editor,TRUE,Sound Editing,
2025,Feature Animation,Bad Guys 2,FALSE,Cathryn Wang,Sound Effects Editor,FALSE,Sound Editing,
2025,Feature Animation,Elio,FALSE,Jeremy Bowker,Sound Editor,TRUE,Sound Editing,
2025,Feature Animation,Elio,FALSE,Cheryl Nardi,Dialogue Editor,TRUE,Sound Editing,
2025,Feature Animation,Elio,FALSE,Jordan Myers,Foley Editor,TRUE,Sound Editing,
2025,Feature Animation,Elio,FALSE,Jeremy Bowker,Sound Designer,FALSE,Sound Editing,
2025,Feature Animation,Elio,FALSE,Steve Bissinger,Sound Effects Editor,FALSE,Sound Editing,
2025,Feature Animation,Elio,FALSE,Jessey Drake,Sound Effects Editor,FALSE,Sound Editing,
2025,Feature Animation,Elio,FALSE,Richard Gould,Sound Effects Editor,FALSE,Sound Editing,
2025,Feature Animation,Elio,FALSE,Joel Raabe,Sound Effects Editor,FALSE,Sound Editing,
2025,Feature Animation,Elio,FALSE,Ronni Brown,Foley Artist,FALSE,Sound Editing,
2025,Feature Animation,Elio,FALSE,Jana Vance,Foley Artist,FALSE,Sound Editing,
2025,Feature Animation,Kpop Demon Hunters,FALSE,Michael Babcock,Sound Editor,TRUE,Sound Editing,
2025,Feature Animation,Kpop Demon Hunters,FALSE,Branden Spencer,Dialogue Editor,TRUE,Sound Editing,
2025,Feature Animation,Kpop Demon Hunters,FALSE,Michael Babcock,Sound Designer,FALSE,Sound Editing,
2025,Feature Animation,Kpop Demon Hunters,FALSE,Chris Diebold,Sound Designer,FALSE,Sound Editing,
2025,Feature Animation,Kpop Demon Hunters,FALSE,Jeff Sawyer,Sound Designer,FALSE,Sound Editing,
2025,Feature Animation,Kpop Demon Hunters,FALSE,Trevor Gates,Sound Designer,FALSE,Sound Editing,
2025,Feature Animation,Kpop Demon Hunters,FALSE,Katie Halliday,Sound Designer,FALSE,Sound Editing,
2025,Feature Animation,Kpop Demon Hunters,FALSE,Goeun Lee Everett,Sound Effects Editor,FALSE,Sound Editing,
2025,Feature Animation,Kpop Demon Hunters,FALSE,Russell Topal,Sound Effects Editor,FALSE,Sound Editing,
2025,Feature Animation,Kpop Demon Hunters,FALSE,Ian Herzon,Foley Editor,FALSE,Sound Editing,
2025,Feature Animation,Kpop Demon Hunters,FALSE,Beso Kacharava,Foley Editor,FALSE,Sound Editing,
2025,Feature Animation,Zootopia 2,FALSE,Jeremy Bowker,Sound Editor,TRUE,Sound Editing,
2025,Feature Animation,Zootopia 2,FALSE,Brad Semenoff,Dialogue Editor,TRUE,Sound Editing,
2025,Feature Animation,Zootopia 2,FALSE,Stephen M. Davis,Music Editor,TRUE,Sound Editing,
2025,Feature Animation,Zootopia 2,FALSE,Earl Ghaffari,Music Editor,TRUE,Sound Editing,
2025,Feature Animation,Zootopia 2,FALSE,Jeremy Bowker,Sound Designer,FALSE,Sound Editing,
2025,Feature Animation,Zootopia 2,FALSE,Luke Dunn Gielmuda,Sound Effects Editor,FALSE,Sound Editing,
2025,Feature Animation,Zootopia 2,FALSE,Joel Raabe,Sound Effects Editor,FALSE,Sound Editing,
2025,Feature Animation,Zootopia 2,FALSE,Kimberly Patrick,Sound Effects Editor,FALSE,Sound Editing,
2025,Feature Animation,Zootopia 2,FALSE,Cameron Barker,Sound Effects Editor,FALSE,Sound Editing,
2025,Feature Animation,Zootopia 2,FALSE,Jacob Riehle,Dialogue Editor,FALSE,Sound Editing,
2025,Feature Animation,Zootopia 2,FALSE,Angela Ang,Dialogue Editor,FALSE,Sound Editing,
2025,Feature Animation,Zootopia 2,FALSE,Kendall Demarest,Senior Music Editor,FALSE,Sound Editing,
2025,Feature Animation,Zootopia 2,FALSE,Jordan Myers,Foley Editor,FALSE,Sound Editing,
2025,Feature Animation,Zootopia 2,FALSE,Ronni Brown,Foley Artist,FALSE,Sound Editing,
2025,Feature Animation,Zootopia 2,FALSE,Sean England,Foley Artist,FALSE,Sound Editing,
2025,Feature International,Belén,FALSE,Leandro de Loredo,Sound Editor,TRUE,,
2025,Feature International,Belén,FALSE,Tomás Ramos,Sound Effects Editor,FALSE,,
2025,Feature International,Belén,FALSE,Lucía Biscayart,Dialogue Editor,FALSE,,
2025,Feature International,Belén,FALSE,Gabriel Santamaria,Foley Artist,FALSE,,
2025,Feature International,Belén,FALSE,Florencia Velardita,Foley Artist,FALSE,,
2025,Feature International,Dongji Rescue,FALSE,Kang Fu,Sound Editor,TRUE,,
2025,Feature International,Dongji Rescue,FALSE,Steve Miller,Sound Effects Editor,FALSE,,
2025,Feature International,Dongji Rescue,FALSE,Fei Yu,Music Editor,FALSE,,
2025,Feature International,Dongji Rescue,FALSE,Tie Zheng Wang,Foley Editor,FALSE,,
2025,Feature International,Sirât,FALSE,Laia Casanovas,Sound Editor,TRUE,,
2025,Feature International,Sirât,FALSE,Oriol Donat i Martos,Sound Effects Editor,FALSE,,
2025,Feature International,Sirât,FALSE,Claudi Dosta Ivanow,Sound Effects Editor,FALSE,,
2025,Feature International,Sirât,FALSE,Irene Rausell,Dialogue Editor,FALSE,,
2025,Feature International,Sirât,FALSE,Miguel Barbosa,Foley Artist,FALSE,,
2025,Feature International,Sound of Falling,FALSE,Billie Mind,Sound Editor,TRUE,,
2025,Feature International,Sound of Falling,FALSE,Jürgen Scholz,Sound Designer,FALSE,,
2025,Feature International,Sound of Falling,FALSE,Billie Mind,Sound Designer,FALSE,,
2025,Feature International,Sound of Falling,FALSE,Sebastian Heyser,Dialogue Editor,FALSE,,
2025,Feature International,Sound of Falling,FALSE,Thomas Köhler,Foley Editor,FALSE,,
2025,Feature International,Sound of Falling,FALSE,Maximiliane Pongratz,Foley Artist,FALSE,,